RepeatId,GenerationId,Generations,Time,SubcloneSelect,SubcloneAlive,SubcloneTotal,CellSelectCount,CellAliveCount,CellNecroCount,CellTumorCount,CellLostCount,CellTotalCount,MeanDriversPerCell,ClonalDiversity,TreeBalance,TreeDepth,NodeCount,LeafCount,Branching
0,0,3068,00:00:00.1240000,1,1,4,1008,1008,0,1008,6072,7080,1,1,0,0,1,1,0
0,1,3410,00:00:00.1440000,1,1,4,2005,2005,0,2005,11029,13034,1,1,0,0,1,1,0
0,2,3741,00:00:00.1760000,1,3,6,4005,4009,0,4009,20204,24213,1,1,0,0,1,1,0
0,3,4109,00:00:00.1880000,2,5,13,7984,7989,12,8001,41888,49889,1.0035070140280562,1.0070386339491628,0,1,2,1,1
0,4,4478,00:00:00.2020000,4,7,19,15557,15569,478,16047,83218,99265,1.0119560326541106,1.024249766002411,0.006341511383652687,1,4,3,1
0,5,4835,00:00:00.2300000,4,17,39,29212,29308,2743,32051,159669,191720,1.0233808024099684,1.048060086857043,0.012361641973257065,1,4,3,1
0,6,5225,00:00:00.2540000,4,27,73,53285,53556,10451,64007,309005,373012,1.0474805292296143,1.1003319407566594,0.024965250864624977,1,4,3,1
0,7,5657,00:00:00.2910000,9,47,143,94933,95223,32891,128114,603616,731730,1.1114680880199719,1.2547982468798793,0.04817769676446915,1,9,8,1
0,8,6123,00:00:00.3580000,9,90,280,166067,167756,88311,256067,1146424,1402491,1.2285282446241577,1.595681322939237,0.09770004451274872,1,9,8,1
0,9,6615,00:00:00.4830000,16,165,530,287543,290959,221542,512501,2115495,2627996,1.4238357393502885,2.2932630227748714,0.16068235039710999,2,16,14,1.0714285
0,10,7122,00:00:00.7920000,22,317,989,495000,502711,522035,1024746,3781252,4805998,1.6462121212121212,2.8152989510935895,0.2316669374704361,2,22,19,1.1052631
0,11,7657,00:00:01.1950000,28,527,1744,842979,860339,1190264,2050603,6684603,8735206,1.846078016178339,2.6473631259520003,0.28225961327552795,2,28,24,1.125
0,12,8248,00:00:01.9520000,33,942,3218,1407946,1453259,2646418,4099677,11946328,16046005,2.0187542704052572,2.5413880765459966,0.3103146255016327,2,33,29,1.1034483
0,13,8910,00:00:03.5320000,40,1730,5924,2325284,2448765,5747837,8196602,21522612,29719214,2.222045565186876,3.213745010257289,0.34012874960899353,2,40,35,1.1142857
0,14,9640,00:00:07.4400000,54,3028,10975,3830788,4137542,12257265,16394807,38583600,54978407,2.517724290668134,5.486297129960792,0.3768448531627655,4,54,44,1.2045455
0,15,10434,00:00:19.6270000,70,5337,20318,6365089,7025791,25765456,32791247,68481087,101272334,2.914011257344556,8.523354898287142,0.4184316396713257,5,71,57,1.2280701
0,16,11260,00:00:46.7830000,67,9301,36895,10904256,12316998,53245222,65562220,118319696,183881916,3.772261674707564,12.168751100954543,0.42179179191589355,5,68,53,1.264151
0,17,12035,00:01:32.4420000,38,15922,65173,20211950,22409899,108755194,131165093,193247498,324412591,5.059797298133035,4.073878230165686,0.2745726406574249,5,39,25,1.52
0,18,12823,00:02:53.7450000,22,26730,115702,35819485,38776088,223450696,262226784,315883446,578110230,5.683266328368484,1.880290493696666,0.11225292086601257,5,23,15,1.4666667
0,19,13720,00:05:37.7850000,24,46235,212265,59040616,64416918,459878920,524295838,536517058,1060812896,5.947101771431382,1.466800438060593,0.10075116902589798,3,25,19,1.2631578
0,20,14795,00:11:39.1750000,38,81798,401534,92078504,106193442,942916770,1049110212,958242377,2007352589,6.1643801901907525,1.6859430586867372,0.09056883305311203,4,39,34,1.117647
9,0,2883,00:00:00.0910000,1,2,4,1004,1005,0,1005,6164,7169,1,1,0,0,1,1,0
9,1,3212,00:00:00.1180000,1,1,4,2009,2009,0,2009,10820,12829,1,1,0,0,1,1,0
9,2,3586,00:00:00.1560000,2,2,8,4006,4006,0,4006,21598,25604,1.002496255616575,1.0050049472780178,0,1,2,1,1
9,3,3921,00:00:00.1680000,3,4,12,7996,7997,13,8010,40992,49002,1.0028764382191095,1.0057736459379532,0,1,3,2,1
9,4,4267,00:00:00.1930000,3,11,23,15533,15560,486,16046,80125,96171,1.0057297366896285,1.0115417491498513,0,1,3,2,1
9,5,4626,00:00:00.2100000,5,20,42,29182,29312,2701,32013,155919,187932,1.013432938112535,1.0273476506962393,0.010460250079631805,1,5,4,1
9,6,5037,00:00:00.2390000,11,36,86,53307,53498,10592,64090,314991,379081,1.0335040426210442,1.070238574680792,0.025928668677806854,1,11,10,1
9,7,5488,00:00:00.2880000,15,67,169,94877,95294,32788,128082,621017,749099,1.0836346005881299,1.1806536669011949,0.06025516986846924,2,15,13,1.0769231
9,8,5968,00:00:00.3730000,16,100,306,165484,166969,89083,256052,1180362,1436414,1.1967380532256895,1.4687378514780203,0.12901373207569122,2,16,14,1.0714285
9,9,6460,00:00:00.4980000,22,180,555,289105,292010,220650,512660,2145249,2657909,1.4621677245291502,2.431590200970234,0.20680345594882965,2,22,20,1.05
9,10,6926,00:00:00.7920000,23,308,967,503139,510855,513625,1024480,3669556,4694036,1.8717511463035066,4.500353075457728,0.2740556597709656,2,23,21,1.0476191
9,11,7377,00:00:01.1380000,23,530,1671,873938,893708,1157364,2051072,6108525,8159597,2.287031803171392,3.859566478095379,0.2699979245662689,2,23,21,1.0476191
9,12,7841,00:00:01.7250000,27,969,2911,1495292,1537173,2559926,4097099,10227144,14324243,2.622699111611645,2.2680126716182047,0.22352595627307892,3,27,24,1.0833334
9,13,8355,00:00:02.8230000,27,1666,5255,2501924,2604100,5589785,8193885,17660371,25854256,2.8452926627667345,1.6057311014244924,0.1702125370502472,3,27,23,1.1304348
9,14,8948,00:00:05.3930000,38,2864,9659,4148894,4358118,12034232,16392350,31560482,47952832,3.0159071309124794,1.4890669078303185,0.1216774433851242,3,38,34,1.0882353
9,15,9640,00:00:14.3440000,47,5042,18308,6774447,7272210,25525428,32797638,57724390,90522028,3.2223917317531603,1.8589335674478364,0.09560652822256088,4,48,43,1.0930233
9,16,10434,00:00:37.3410000,59,8972,34714,10955465,12221863,53357017,65578880,105911731,171490611,3.5332114154898946,3.810781868620999,0.12392165511846542,4,60,49,1.2040817
9,17,11319,00:01:25.7820000,86,15761,64958,17949137,20743157,110381443,131124600,191941474,323066074,4.016551213576452,13.552604147842077,0.29034262895584106,4,87,68,1.2647059
9,18,12295,00:03:04.5330000,101,27870,121724,29535358,35327436,226889446,262216882,343891208,606108090,4.587966192927135,19.73222736500799,0.5850152373313904,3,101,73,1.369863
9,19,13380,00:06:27.3670000,104,48733,228192,48235141,60069699,464469392,524539091,614404772,1138943863,5.1554466275946,15.376744154696214,0.3577849864959717,5,105,75,1.3866667
9,20,14579,00:13:21.9130000,116,85091,427372,80119586,102129426,946651793,1048781219,1085111274,2133892493,5.81145743813504,16.18675321662539,0.5431291460990906,5,117,80,1.45
10,0,2914,00:00:00.0520000,4,4,5,1004,1004,0,1004,5362,6366,1.093625498007968,1.208313222451058,0.043145954608917236,1,4,3,1
10,1,3284,00:00:00.1790000,4,4,6,2003,2003,0,2003,10756,12759,1.1982026959560659,1.489078839960817,0.08495104312896729,1,4,3,1
10,2,3544,00:00:00.2700000,3,4,9,4019,4020,0,4020,18234,22254,1.2741975615824832,1.7126320110853543,0.15992653369903564,1,3,2,1
10,3,3796,00:00:00.2860000,3,5,12,8021,8025,0,8025,32567,40592,1.375015584091759,2.031705680438111,0.24366188049316406,1,3,2,1
10,4,4043,00:00:00.3050000,4,6,17,15616,15623,383,16006,60109,76115,1.4919313524590163,2.3117673652659914,0.20848442614078522,1,4,3,1
10,5,4292,00:00:00.3180000,4,14,37,29616,29657,2370,32027,112568,144595,1.61632225823879,2.39806967454982,0.2676151692867279,1,4,3,1
10,6,4543,00:00:00.3800000,4,27,69,54584,54790,9217,64007,208895,272902,1.7236736039865161,2.2355213908328273,0.317435085773468,1,4,3,1
10,7,4809,00:00:00.4010000,6,47,118,98460,98880,29122,128002,389696,517698,1.8144017875279301,2.030430017914067,0.36347049474716187,2,6,4,1.25
10,8,5102,00:00:00.4320000,7,85,205,174237,175284,80793,256077,731341,987418,1.8826081716282994,1.844432505391779,0.39287322759628296,2,7,5,1.2
10,9,5441,00:00:00.4970000,8,143,374,301162,303917,208266,512183,1401635,1913818,1.9393615396364747,1.7185909512516349,0.4153992235660553,2,8,6,1.1666666
10,10,5835,00:00:00.6270000,10,283,736,512702,519748,505285,1025033,2701995,3727028,1.990717804884709,1.6607329830180457,0.4198994040489197,2,10,8,1.125
10,11,6299,00:00:00.9710000,18,518,1428,862808,877858,1172003,2049861,5232586,7282447,2.052596869755496,1.7340532309717578,0.4064605236053467,2,18,15,1.1333333
10,12,6845,00:00:01.6520000,24,983,2900,1432022,1473639,2625637,4099276,10107735,14207011,2.15207238436281,2.0523046035975736,0.37253817915916443,2,24,21,1.0952381
10,13,7469,00:00:03.0390000,37,1718,5538,2364994,2478317,5720292,8198609,19135130,27333739,2.3423721159546282,3.1579057166204216,0.33796823024749756,3,37,33,1.0909091
10,14,8162,00:00:08.3250000,54,3049,10480,3908736,4193251,12202768,16396019,35340351,51736370,2.644764701427776,6.5601502891410375,0.3324597477912903,3,55,47,1.1489362
10,15,8922,00:00:22.4360000,68,5367,19515,6431147,7107465,25676583,32784048,63986008,96770056,2.999604114165016,12.374132847089141,0.40463778376579285,3,69,56,1.2142857
10,16,9759,00:00:51.7720000,86,9126,36240,10612170,12039921,53536899,65576820,114735570,180312390,3.4105938747683084,19.269592677343706,0.38701027631759644,4,87,65,1.323077
10,17,10678,00:01:50.8710000,99,16345,67687,17537494,20464212,110694381,131158593,204076285,335234878,3.897222202898544,25.869046316755146,0.384860634803772,5,100,71,1.3943661
10,18,11687,00:03:48.7520000,105,28122,125106,29148921,34903504,227407732,262311236,361175914,623487150,4.475757953441913,32.75917211181056,0.5356881618499756,4,106,74,1.418919
10,19,12789,00:07:43.7880000,107,48940,232628,49409964,59849009,464569495,524418504,635682237,1160100741,5.156290459956619,25.052979428446026,0.49444466829299927,4,108,72,1.4861112
10,20,13994,00:15:36.4100000,89,84301,431682,81095493,101714564,947116904,1048831468,1108972975,2157804443,5.757600696748955,11.351371687362564,0.5121214389801025,4,90,63,1.4126984
11,0,2459,00:00:00.0480000,1,1,2,1001,1001,0,1001,5246,6247,1,1,0,0,1,1,0
11,1,2878,00:00:00.0730000,1,1,4,2004,2004,0,2004,11355,13359,1,1,0,0,1,1,0
11,2,3202,00:00:00.1100000,1,2,8,4000,4003,0,4003,20691,24694,1,1,0,0,1,1,0
11,3,3518,00:00:00.1550000,1,3,13,7997,8000,6,8006,38255,46261,1,1,0,0,1,1,0
11,4,3887,00:00:00.1810000,1,9,25,15517,15546,460,16006,78916,94922,1,1,0,0,1,1,0
11,5,4263,00:00:00.1930000,2,20,48,29164,29285,2735,32020,158224,190244,1.0011315320257852,1.0022656298930774,0,1,2,1,1
11,6,4673,00:00:00.2160000,4,35,87,53160,53380,10704,64084,316587,380671,1.0039503386004516,1.0079423853759646,0,1,4,3,1
11,7,5144,00:00:00.2630000,7,50,146,94525,94980,33025,128005,635872,763877,1.0146522084104734,1.0299182808632135,0.013879033736884594,1,7,6,1
11,8,5679,00:00:00.3570000,10,106,307,163843,165295,90867,256162,1262178,1518340,1.041844936921321,1.0889258409872267,0.03766458109021187,1,10,9,1
11,9,6283,00:00:00.5290000,16,176,587,279246,283247,228874,512121,2456219,2968340,1.125813798586193,1.3050811837694396,0.10619087517261505,1,16,15,1
11,10,6920,00:00:00.8530000,26,309,1096,477953,486847,537531,1024378,4549030,5573408,1.315051898408421,2.0808547600222376,0.24451148509979248,1,26,25,1
11,11,7566,00:00:01.3680000,37,540,1969,815677,836067,1212732,2048799,8044580,10093379,1.5874886750515216,4.745916429416916,0.4282529950141907,2,37,34,1.0588236
11,12,8232,00:00:02.2460000,46,949,3513,1374562,1423874,2674522,4098396,13956923,18055319,1.8292263280957861,9.594282214204561,0.5694907307624817,2,46,40,1.125
11,13,8960,00:00:04.2340000,56,1708,6458,2262422,2398401,5800344,8198745,24503694,32702439,2.02305405446022,12.003732524119858,0.6173850297927856,2,56,47,1.1702127
11,14,9763,00:00:10.9680000,79,3071,11890,3704901,4034009,12363441,16397450,43267806,59665256,2.2753290843668967,16.31026628823245,0.574357807636261,3,79,63,1.2380953
11,15,10631,00:00:29.3030000,101,5507,21770,6069528,6839712,25943202,32782914,75937374,108720288,2.649744757747225,21.85880931923277,0.5433859825134277,3,101,81,1.2345679
11,16,11566,00:01:05.6590000,112,9471,39551,9838517,11618250,53930289,65548539,132550137,198098676,3.0629277766151137,21.702665927881853,0.5432915091514587,3,113,85,1.3176471
11,17,12582,00:02:16.8300000,114,16474,72486,15887246,19747903,111372628,131120531,231227285,362347816,3.54059759633608,24.448418307208215,0.519527792930603,4,115,85,1.3411765
11,18,13684,00:04:34.7640000,117,28575,132474,26001801,33690920,228560058,262250978,402627009,664877987,4.095669757644865,19.709138385608203,0.5655713677406311,4,118,88,1.3295455
11,19,14885,00:09:06.8680000,115,49469,244363,43092988,57552967,466743367,524296334,701534833,1225831167,4.722764571349752,12.084539243056417,0.4775550365447998,4,116,91,1.2637362
11,20,16198,00:18:03.5330000,109,85542,452463,70755021,98614688,950065445,1048680133,1223435471,2272115604,5.41772342912597,12.753161137218315,0.5700436234474182,4,110,81,1.345679
12,0,2348,00:00:00.0870000,1,1,2,1011,1011,0,1011,4023,5034,1,1,0,0,1,1,0
12,1,2705,00:00:00.1150000,3,4,5,2000,2001,0,2001,9167,11168,1.0045,1.0090506230427374,0,1,3,2,1
12,2,3057,00:00:00.1530000,5,7,10,3999,4003,0,4003,19396,23399,1.0092523130782696,1.018740044026367,0,1,5,4,1
12,3,3409,00:00:00.1610000,5,6,12,8008,8015,9,8024,39843,47867,1.0214785214785216,1.0442339580509492,0.01622737944126129,1,5,4,1
12,4,3745,00:00:00.1690000,7,12,21,15530,15551,455,16006,77558,93564,1.0512556342562782,1.1099252367331596,0.03712114319205284,1,7,6,1
12,5,4091,00:00:00.1810000,7,19,38,29290,29365,2652,32017,151356,183373,1.099351314441789,1.2282287461341692,0.0740966796875,1,7,6,1
12,6,4458,00:00:00.1970000,9,30,59,53662,53792,10296,64088,292910,356998,1.1804256270731617,1.4674078487771918,0.12309186160564423,1,9,8,1
12,7,4839,00:00:00.2230000,9,63,120,95940,96443,31626,128069,551193,679262,1.3060767146132999,1.960355614708841,0.20602482557296753,1,9,8,1
12,8,5227,00:00:00.2710000,12,99,233,169388,170458,85665,256123,1001924,1258047,1.4726899190025267,2.881055761884511,0.30858075618743896,2,12,9,1.2222222
12,9,5638,00:00:00.3690000,14,170,435,293982,296546,215480,512026,1812275,2324301,1.6682517977291127,4.116351895439126,0.41353461146354675,2,14,10,1.3
12,10,6080,00:00:00.5280000,16,304,819,504458,512196,512987,1025183,3264479,4289662,1.8397884462135599,4.675870208548185,0.500755250453949,2,16,12,1.25
12,11,6567,00:00:00.9120000,22,521,1576,853086,871674,1177412,2049086,5914401,7963487,2.005475415139857,4.869501962134061,0.560031533241272,2,22,17,1.2352941
12,12,7112,00:00:01.5730000,34,911,2962,1438570,1478877,2618229,4097106,10762911,14860017,2.19716245994286,5.635695852960863,0.5737047791481018,3,34,26,1.2692307
12,13,7717,00:00:02.9170000,46,1669,5558,2417478,2503724,5695475,8199199,19504062,27703261,2.464904334186288,7.276090332095712,0.5522615909576416,3,46,34,1.3235294
12,14,8376,00:00:07.6480000,53,2878,10241,4031507,4255821,12138945,16394766,34905981,51300747,2.80840316040627,7.97788969512311,0.540420651435852,3,53,41,1.2682927
12,15,9094,00:00:20.3220000,57,5139,18933,6668806,7235995,25550037,32786032,61972072,94758104,3.187483636501047,8.632208496457402,0.5683431625366211,3,58,45,1.2666667
12,16,9887,00:00:46.8600000,71,9001,34897,11059660,12242095,53314621,65556716,110060783,175617499,3.57224968941179,10.502400744517827,0.5228917002677917,4,72,53,1.3396226
12,17,10779,00:01:41.8740000,73,15805,65498,17861560,20613336,110554410,131167746,196873007,328040753,3.940801027457848,10.410587691892005,0.5272790789604187,4,74,54,1.3518518
12,18,11783,00:03:35.6230000,86,27679,122938,29066938,34912501,227365660,262278161,353236369,615514530,4.454418728247193,14.484559587085068,0.5588204860687256,3,87,66,1.3030303
12,19,12873,00:07:22.9020000,82,48435,229601,48566872,60465468,464088736,524554204,624498845,1149053049,5.292172532750308,12.812905079997451,0.552381157875061,5,83,59,1.3898305
12,20,14034,00:14:48.3520000,74,84212,424831,84074534,103809565,944917960,1048727525,1079057102,2127784627,6.035731390435063,7.88480611523238,0.479561448097229,5,75,51,1.4509804
13,0,2661,00:00:00.0500000,1,1,1,1010,1010,0,1010,5430,6440,1,1,0,0,1,1,0
13,1,3022,00:00:00.0910000,1,1,3,2014,2014,0,2014,10462,12476,1,1,0,0,1,1,0
13,2,3356,00:00:00.1340000,2,4,7,3997,4001,0,4001,20142,24143,1.0015011258443833,1.0030067928491357,0,1,2,1,1
13,3,3740,00:00:00.1420000,2,4,11,7991,7997,9,8006,42530,50536,1.0047553497684896,1.009555980980181,0,1,2,1,1
13,4,4087,00:00:00.1490000,2,10,18,15536,15556,485,16041,81650,97691,1.008496395468589,1.0171371640849711,0,1,2,1,1
13,5,4472,00:00:00.1600000,4,13,33,29286,29330,2720,32050,162993,195043,1.0229802636071843,1.0471465024991629,0.009373638778924942,1,4,3,1
13,6,4862,00:00:00.1870000,6,24,64,53520,53625,10399,64024,312816,376840,1.0551382660687594,1.1176171988480137,0.02554396726191044,1,6,5,1
13,7,5298,00:00:00.2200000,8,46,136,95421,95727,32414,128141,607393,735534,1.1290072415925216,1.30006087876101,0.055364225059747696,1,8,7,1
13,8,5763,00:00:00.2730000,8,83,252,166829,168030,88443,256473,1148212,1404685,1.2546379826049427,1.6739386264376304,0.104859858751297,1,8,7,1
13,9,6247,00:00:00.3780000,13,166,498,288850,291232,220868,512100,2101746,2613846,1.45205816167561,2.333943621483727,0.16822229325771332,2,13,10,1.2
13,10,6744,00:00:00.6410000,15,304,916,497407,503920,521249,1025169,3735734,4760903,1.6797672730781834,2.7104029670613525,0.23944734036922455,2,15,12,1.1666666
13,11,7268,00:00:00.9980000,21,511,1647,849801,863380,1186880,2050260,6579836,8630096,1.8949306955393086,2.614848529500474,0.2756569981575012,2,21,18,1.1111112
13,12,7842,00:00:01.7050000,22,902,3065,1419941,1462297,2635801,4098098,11692171,15790269,2.1034810601285545,2.7277025713258802,0.29633307456970215,2,22,18,1.1666666
13,13,8472,00:00:03.1320000,32,1649,5742,2371098,2478497,5716347,8194844,20790987,28985831,2.355335376268716,3.7324915115860846,0.3064690828323364,3,32,27,1.1481482
13,14,9164,00:00:07.7360000,42,2985,10683,3928798,4192603,12196945,16389548,36970448,53359996,2.648063097161015,5.215388659318316,0.32070040702819824,3,42,34,1.2058823
13,15,9931,00:00:22.1950000,59,5294,19768,6460096,7074160,25716457,32790617,65889320,98679937,2.9451049953437223,5.647116507178551,0.3462049961090088,4,60,49,1.2040817
13,16,10789,00:00:52.6810000,76,9219,36615,10512750,11920250,53621436,65541686,117915365,183457051,3.3017191505552783,7.766008956283069,0.3982977867126465,4,77,63,1.2063493
13,17,11727,00:01:53.6950000,86,16151,68128,17217100,20374611,110714241,131088852,208967162,340056014,3.8613181662417015,17.414051120263125,0.4167788028717041,5,87,68,1.2647059
13,18,12732,00:03:51.9030000,98,28189,125846,29283418,35046577,227141830,262188407,365246233,627434640,4.534096156398136,18.341843521523593,0.5125303268432617,4,99,73,1.3424658
13,19,13826,00:07:46.3380000,102,48779,233077,49746366,59909376,464405390,524314766,637793432,1162108198,5.160156402178202,14.425957842809174,0.48653095960617065,4,103,72,1.4166666
13,20,15029,00:15:38.0780000,91,84474,433326,81879738,101997677,946743886,1048741563,1110193787,2158935350,5.790016145386298,15.609780868451988,0.5168663263320923,5,92,67,1.358209
14,0,2671,00:00:00.0490000,2,2,3,1002,1002,0,1002,6015,7017,1.001996007984032,1.0039999291840536,0,1,2,1,1
14,1,2976,00:00:00.1240000,2,2,4,2002,2002,0,2002,10569,12571,1.0014985014985014,1.0030015319118513,0,1,2,1,1
14,2,3338,00:00:00.2190000,2,3,7,4000,4001,0,4001,20839,24840,1.005,1.0100499877952673,0,1,2,1,1
14,3,3697,00:00:00.2340000,2,4,11,8030,8041,7,8048,41446,49494,1.0100871731008718,1.0203778451382857,0,1,2,1,1
14,4,4050,00:00:00.2540000,4,10,25,15535,15547,480,16027,82124,98151,1.0279369166398455,1.057780782282029,0.017256295308470726,1,4,3,1
14,5,4420,00:00:00.3230000,4,14,40,29228,29271,2739,32010,160994,193004,1.0500889557958122,1.10642584407514,0.03207443282008171,1,4,3,1
14,6,4794,00:00:00.3530000,5,33,88,53609,53734,10334,64068,304372,368440,1.0996847544255628,1.2253687327995857,0.05631241947412491,1,5,4,1
14,7,5207,00:00:00.3880000,6,53,155,95484,95767,32323,128090,584048,712138,1.1891730551715471,1.4762112616788883,0.09438374638557434,1,6,5,1
14,8,5641,00:00:00.4460000,6,94,275,167826,168819,87226,256045,1088002,1344047,1.3349421424570687,1.981233747485829,0.16827942430973053,1,6,5,1
14,9,6093,00:00:00.5540000,8,163,518,291681,294434,218201,512635,1976975,2489610,1.5245559361082828,2.640082961639222,0.23964570462703705,2,8,6,1.1666666
14,10,6571,00:00:00.8280000,9,325,970,497353,505853,518289,1024142,3548160,4572302,1.7148986735779215,2.7768770795326043,0.32384297251701355,2,9,7,1.1428572
14,11,7090,00:00:01.2180000,15,578,1749,840880,863382,1186367,2049749,6367580,8417329,1.8723920178860243,2.4834650192871113,0.336005300283432,2,15,13,1.0769231
14,12,7677,00:00:02.0090000,29,982,3199,1404715,1452181,2645041,4097222,11598710,15695932,2.0143075285734118,2.4181194796249303,0.33906927704811096,2,29,25,1.12
14,13,8346,00:00:03.7210000,41,1725,5960,2313997,2439722,5756051,8195773,21285069,29480842,2.1874864142001913,2.9942751378096992,0.33399510383605957,2,41,37,1.081081
14,14,9086,00:00:09.8070000,59,3081,11109,3804235,4123201,12263770,16386971,38571332,54958303,2.4727055505246125,5.579829764730896,0.36569035053253174,3,59,49,1.1836735
14,15,9888,00:00:25.8740000,81,5414,20371,6276114,7008500,25778165,32786665,68754785,101541450,2.874975661691295,13.144060013324063,0.42650535702705383,4,82,62,1.3064516
14,16,10749,00:00:57.9820000,92,9381,37495,10358560,11970120,53592987,65563107,120886738,186449845,3.3654032993002887,21.872146813656524,0.46583572030067444,4,93,70,1.3142858
14,17,11664,00:01:59.3250000,102,16369,68495,17584536,20614994,110525251,131140245,209690238,340830483,4.017778973525375,19.329943595221636,0.4956751763820648,5,103,76,1.3421053
14,18,12641,00:03:56.8350000,91,28146,125027,30000284,35430642,226891291,262321933,361752127,624074060,4.665353801317347,9.137580081674404,0.46937641501426697,4,92,68,1.3382353
14,19,13719,00:07:51.1950000,86,48341,231543,50555042,60147764,464288081,524435845,630601146,1155036991,5.1835036355028645,7.864667267476153,0.41301819682121277,4,87,62,1.3870968
14,20,14923,00:15:48.5890000,90,83963,430398,81333472,101598203,947159039,1048757242,1103574764,2152332006,5.707101708383973,12.03946501199386,0.4101881682872772,4,91,63,1.4285715
15,0,3330,00:00:00.0580000,2,2,4,1002,1002,0,1002,6357,7359,1.060878243512974,1.1291067092141693,0,1,2,1,1
15,1,3674,00:00:00.0770000,2,4,7,2012,2014,0,2014,11418,13432,1.1491053677932406,1.3400261696815305,0,1,2,1,1
15,2,3955,00:00:00.1020000,3,4,7,4001,4004,0,4004,19519,23523,1.2616845788552862,1.6325198790037576,0.016873400658369064,1,3,2,1
15,3,4231,00:00:00.1190000,3,7,14,8024,8034,1,8035,35436,43471,1.3715104685942174,1.8871247862333624,0.033411819487810135,1,3,2,1
15,4,4485,00:00:00.1250000,4,8,17,15608,15623,405,16028,64304,80332,1.498526396719631,2.0292333422353566,0.04201226681470871,2,4,2,1.5
15,5,4732,00:00:00.1320000,4,20,32,29571,29640,2373,32013,116960,148973,1.6161441953265023,1.9350831000390991,0.04214716702699661,2,4,2,1.5
15,6,4987,00:00:00.1430000,5,35,54,54662,54900,9218,64118,214718,278836,1.7303611283890088,1.7202508001167403,0.06247835233807564,2,5,2,2
15,7,5251,00:00:00.1600000,7,55,107,98660,99232,28924,128156,393913,522069,1.8273869856071356,1.5070777492175658,0.06857364624738693,2,7,4,1.5
15,8,5546,00:00:00.1910000,12,96,198,174237,175149,81175,256324,740370,996694,1.911310456447253,1.3900656321861018,0.08440282195806503,2,12,9,1.2222222
15,9,5878,00:00:00.2540000,13,150,371,302263,304767,207558,512325,1397334,1909659,1.9880501417639604,1.334377364316795,0.10619620978832245,2,13,10,1.2
15,10,6258,00:00:00.3730000,16,267,738,517177,522810,501864,1024674,2649323,3673997,2.075152220613059,1.396924129472699,0.14070865511894226,3,16,12,1.25
15,11,6699,00:00:00.7080000,20,489,1410,873951,889275,1161388,2050663,5048931,7099594,2.1969572664829036,1.6760355346996763,0.1929749697446823,3,20,16,1.1875
15,12,7198,00:00:01.2790000,29,918,2680,1472616,1507197,2590279,4097476,9487631,13585107,2.3926386783791567,2.504701060589352,0.26768574118614197,3,29,23,1.2173913
15,13,7752,00:00:02.3950000,38,1606,5075,2475047,2558139,5634074,8192213,17486302,25678515,2.684051252360056,4.741591741158841,0.35192739963531494,3,38,29,1.2758621
15,14,8360,00:00:06.3310000,42,2821,9489,4151328,4357379,12032983,16390362,31697946,48088308,3.0440379560468362,8.34022385865047,0.4183727204799652,4,43,30,1.4
15,15,9028,00:00:17.5920000,51,5047,17859,6964337,7390188,25390353,32780541,56902962,89683503,3.423922621780078,8.381342763555352,0.4226430058479309,4,52,37,1.3783784
15,16,9775,00:00:41.6370000,55,8889,33416,11505249,12477766,53064821,65542587,102219884,167762471,3.768597011677018,5.913808508056634,0.39603540301322937,4,56,38,1.4473684
15,17,10627,00:01:32.5680000,66,15724,63176,18729297,20932326,110155090,131087416,185163944,316251360,4.101110415409612,5.473083400055754,0.36321741342544556,5,67,45,1.4666667
15,18,11598,00:03:20.7310000,75,27488,120016,30001814,35304285,226849344,262153629,336439512,598593141,4.547467729784605,8.079863078295688,0.5264981389045715,4,76,54,1.3888888
15,19,12682,00:07:05.8450000,83,48507,226724,49051729,60215798,464322892,524538690,606587357,1131126047,5.192867574555833,12.998648869557268,0.5881329774856567,4,84,58,1.4310344
15,20,13870,00:14:45.5590000,79,84216,424666,80766004,102414586,946455060,1048869646,1072554034,2121423680,5.835465414384003,15.033496200844892,0.5975739359855652,4,80,54,1.462963
16,0,2515,00:00:00.0440000,1,1,1,1007,1007,0,1007,5145,6152,1,1,0,0,1,1,0
16,1,2921,00:00:00.0780000,1,2,4,2004,2006,0,2006,11020,13026,1,1,0,0,1,1,0
16,2,3288,00:00:00.1160000,1,1,4,4003,4003,0,4003,21900,25903,1,1,0,0,1,1,0
16,3,3659,00:00:00.1630000,2,4,9,7995,7997,10,8007,43803,51810,1.0013758599124454,1.0027554939484433,0,1,2,1,1
16,4,4036,00:00:00.1870000,1,9,19,15490,15511,499,16010,86957,102967,1,1,0,0,1,1,0
16,5,4419,00:00:00.1970000,2,10,39,29221,29236,2791,32027,168540,200567,1.0019506519284076,1.0039089727906965,0,1,2,1,1
16,6,4829,00:00:00.2160000,2,32,91,53270,53426,10578,64004,326103,390107,1.004036042800826,1.008104716681119,0,1,2,1,1
16,7,5297,00:00:00.2530000,4,46,156,94447,95060,33039,128099,644186,772285,1.0129596493271358,1.026332477989949,0.008615179918706417,1,4,3,1
16,8,5828,00:00:00.3380000,12,106,307,163884,165323,90739,256062,1264807,1520869,1.0565827048400087,1.1102260030594986,0.04339407756924629,2,12,10,1.1
16,9,6412,00:00:00.4890000,20,227,629,281781,285057,227011,512068,2415650,2927718,1.2025047820825392,1.4289312326962293,0.13366901874542236,2,20,18,1.0555556
16,10,6977,00:00:00.8250000,24,372,1139,488980,498537,525878,1024415,4259258,5283673,1.6031248721829114,2.72855671042257,0.24758470058441162,2,24,22,1.0454545
16,11,7479,00:00:01.2510000,27,634,1940,856329,879113,1171534,2050647,6968090,9018737,2.1673924391209454,4.940170204898725,0.34203246235847473,3,27,23,1.1304348
16,12,7957,00:00:01.8860000,27,962,3172,1483309,1530829,2566260,4097089,11203193,15300282,2.6043420487572044,3.776997763646967,0.3697279393672943,3,27,22,1.1818181
16,13,8471,00:00:03.0750000,30,1662,5386,2513900,2609356,5589455,8198811,18631790,26830601,2.8704725724969173,2.838402186669668,0.31445759534835815,3,30,25,1.16
16,14,9059,00:00:07.0130000,33,2837,9715,4167547,4374284,12020825,16395109,32412585,48807694,3.05069672879514,2.7168107923439475,0.32004091143608093,3,33,26,1.2307693
16,15,9745,00:00:18.3000000,41,4932,18059,6849768,7302701,25481971,32784672,58342129,91126801,3.263807474939297,3.5487051371632266,0.36876481771469116,3,42,36,1.1388888
16,16,10527,00:00:43.3420000,54,8842,34094,11214724,12298491,53261740,65560231,105766731,171326962,3.620442732250923,6.998558915667594,0.5691158175468445,4,55,47,1.1489362
16,17,11390,00:01:34.7450000,65,15620,63879,18543840,20983153,110118119,131101272,189623816,320725088,4.165962173961812,10.308893278095619,0.5549142956733704,4,66,52,1.25
16,18,12334,00:03:18.1840000,71,27543,119546,31037784,35861061,226333972,262195033,336594655,598789688,4.762440578876379,5.909262316065465,0.4945047199726105,4,72,54,1.3148148
16,19,13381,00:06:50.4020000,71,47912,224408,51717003,61065871,463337721,524403592,597701330,1122104922,5.366241562760317,5.936342665842982,0.41429442167282104,6,72,54,1.3148148
16,20,14532,00:14:03.4380000,71,83492,419108,86357596,104020482,944641323,1048661805,1047945313,2096607118,6.035530400823108,9.60221848003201,0.3693207800388336,5,72,54,1.3148148
17,0,2571,00:00:00.0490000,2,2,2,1001,1001,0,1001,4781,5782,1.004995004995005,1.0100398740161542,0,1,2,1,1
17,1,2928,00:00:00.0830000,3,4,6,2012,2013,0,2013,9810,11823,1.0044731610337971,1.0089963755312252,0,1,3,2,1
17,2,3274,00:00:00.1200000,4,4,7,4008,4008,0,4008,19605,23613,1.0134730538922156,1.027433028379704,0,1,4,3,1
17,3,3618,00:00:00.1270000,4,5,11,7992,7993,9,8002,39347,47349,1.0193943943943944,1.0397998900842131,0.018593113869428635,1,4,3,1
17,4,3961,00:00:00.1340000,4,6,20,15579,15582,460,16042,77871,93913,1.0379998716220553,1.0799053838697334,0.033948637545108795,1,4,3,1
17,5,4322,00:00:00.1450000,4,13,36,29367,29406,2660,32066,154490,186556,1.0663670105901182,1.144949350904149,0.05991122126579285,1,4,3,1
17,6,4698,00:00:00.1600000,6,24,65,53592,53683,10414,64097,299064,363161,1.1240110464248396,1.2938472815176356,0.08671917766332626,1,6,5,1
17,7,5101,00:00:00.1870000,7,48,135,95556,95876,32170,128046,573149,701195,1.2342396081878688,1.6515638432770683,0.1530747413635254,1,7,6,1
17,8,5519,00:00:00.2580000,7,92,267,168379,169393,86890,256283,1059174,1315457,1.3872929522090047,2.3440555193618935,0.2575685679912567,1,7,6,1
17,9,5959,00:00:00.3540000,8,153,467,291813,294952,217616,512568,1925454,2438022,1.5702487551959645,3.382479624113231,0.3512163460254669,1,8,7,1
17,10,6424,00:00:00.5450000,12,311,874,501803,508556,516713,1025269,3453853,4479122,1.7508344908260811,3.9880203775867455,0.4111061096191406,2,12,10,1.1
17,11,6935,00:00:00.9340000,16,572,1666,847690,864127,1184428,2048555,6229983,8278538,1.8877160282650498,3.788738373568395,0.45984235405921936,2,16,12,1.25
17,12,7523,00:00:01.6380000,20,943,3141,1403088,1451148,2645206,4096354,11470863,15567217,1.9947380349628818,3.6072688882211246,0.4854198694229126,2,20,15,1.2666667
17,13,8201,00:00:03.1330000,33,1722,5912,2290476,2431621,5764112,8195733,21285180,29480913,2.1340179945129307,4.173121456700511,0.4763830006122589,3,33,25,1.28
17,14,8959,00:00:06.3200000,60,3096,11133,3766531,4096536,12300387,16396923,39000255,55397178,2.4194543998177633,7.14260588355934,0.4674804210662842,3,60,51,1.1568627
17,15,9767,00:00:12.4710000,92,5389,20542,6308814,7004731,25764952,32769683,69390755,102160438,2.894461938487963,15.650836279716433,0.48275282979011536,3,93,78,1.1794872
17,16,10617,00:00:25.8730000,92,9400,37567,10506270,12049441,53538150,65587591,120835116,186422707,3.447118054266643,19.03433244623021,0.5101479291915894,4,93,71,1.2957747
17,17,11521,00:01:09.6760000,84,15957,68242,17687346,20640525,110477811,131118336,208638036,339756372,4.027939748563747,13.217741530426338,0.48910483717918396,4,85,61,1.3770492
17,18,12502,00:02:47.2910000,76,27804,125242,30081819,35351897,226840813,262192710,361292326,623485036,4.633074150203483,7.771942964757248,0.445851594209671,4,77,51,1.4901961
17,19,13567,00:06:08.7300000,76,48035,230930,51620956,61011541,463531198,524542739,626528104,1151070843,5.396806114942931,6.954721105865394,0.3843245208263397,4,77,57,1.3333334
17,20,14680,00:12:43.3880000,62,83660,422607,91661976,107624194,941396501,1049020695,1060960293,2109980988,6.557016848513062,6.556193678664531,0.2417188137769699,4,63,47,1.3191489
18,0,2790,00:00:00.0440000,1,1,1,1010,1010,0,1010,5149,6159,1,1,0,0,1,1,0
18,1,3133,00:00:00.0600000,2,2,2,2002,2002,0,2002,10079,12081,1.001998001998002,1.0040039986189238,0,1,2,1,1
18,2,3486,00:00:00.0850000,2,4,4,4004,4007,0,4007,19920,23927,1.001998001998002,1.0040039986189238,0,1,2,1,1
18,3,3845,00:00:00.1060000,3,6,11,8004,8008,12,8020,40984,49004,1.0038730634682658,1.0077827587922925,0,1,3,2,1
18,4,4201,00:00:00.1340000,4,11,21,15515,15542,473,16015,81070,97085,1.007218820496294,1.0145761397615671,0,1,4,3,1
18,5,4579,00:00:00.1580000,5,16,37,29174,29274,2757,32031,161043,193074,1.0175498731747445,1.0359535293152817,0.014855466783046722,1,5,4,1
18,6,4967,00:00:00.2090000,7,34,77,53437,53661,10387,64048,310421,374469,1.0390927634410614,1.082547189486094,0.03162777051329613,1,7,6,1
18,7,5419,00:00:00.3650000,10,64,156,94796,95260,32991,128251,618487,746738,1.0928414701042237,1.2123592046394842,0.07296205312013626,1,10,9,1
18,8,5893,00:00:00.4320000,13,113,283,165592,167428,88835,256263,1169857,1426120,1.2073107396492584,1.5555689192910935,0.14980629086494446,2,13,11,1.0909091
18,9,6393,00:00:00.5690000,21,175,519,286821,290896,221301,512197,2152750,2664947,1.412142067700761,2.4779607001835493,0.2550376057624817,2,21,17,1.1764706
18,10,6890,00:00:00.7540000,28,307,920,495969,504740,519467,1024207,3782250,4806457,1.71935745984124,4.821212567220538,0.36782968044281006,2,28,23,1.173913
18,11,7382,00:00:01.1300000,30,530,1595,855241,877503,1170810,2048313,6443696,8492009,2.133784512201824,8.35682627594815,0.43107691407203674,2,30,25,1.16
18,12,7864,00:00:01.6890000,33,970,2829,1491288,1534116,2563996,4098112,10709623,14807735,2.668449018566501,8.072649523466993,0.4225671589374542,3,33,25,1.28
18,13,8345,00:00:02.6030000,32,1648,5002,2593163,2675379,5519680,8195059,17639602,25834661,3.2002257474751876,3.9362090331493675,0.35394203662872314,3,32,24,1.2916666
18,14,8858,00:00:04.3700000,29,2777,8969,4420778,4590102,11810360,16400462,29644155,46044617,3.6061761074634373,2.0726528587034942,0.2714482545852661,3,29,21,1.3333334
18,15,9438,00:00:08.0620000,25,4913,16681,7350672,7716421,25068142,32784563,51573842,84358405,3.8575720696012556,1.4674275266303332,0.1841897964477539,3,26,21,1.1904762
18,16,10122,00:00:16.6540000,28,8718,31535,11960519,12807325,52760279,65567604,93172404,158740008,4.010997098035629,1.3440542584496302,0.11520525068044662,4,29,22,1.2727273
18,17,10936,00:00:43.8650000,38,15368,60575,18996303,21225733,109916567,131142300,172543465,303685765,4.213115046648814,1.6771514344724427,0.1014224961400032,3,39,33,1.1515151
18,18,11881,00:02:08.2000000,63,27252,116083,30010669,35679030,226606006,262285036,319881465,582166501,4.635946069712741,3.9252280296457185,0.16764004528522491,3,64,53,1.1886792
18,19,12936,00:05:17.5310000,80,48273,221203,48388720,60949608,463424405,524374013,582877762,1107251775,5.315781715242726,12.548373602548018,0.46921253204345703,3,80,64,1.234375
18,20,14094,00:11:54.0550000,94,84442,416597,80325168,103487200,945429707,1048916907,1036020293,2084937200,5.957874871796098,10.183722783716771,0.4468193054199219,4,94,69,1.3478261
1,0,2792,00:00:00.0840000,1,2,4,1010,1011,0,1011,4767,5778,1,1,0,0,1,1,0
1,1,3157,00:00:00.1040000,1,1,5,2006,2006,0,2006,10111,12117,1,1,0,0,1,1,0
1,2,3511,00:00:00.1360000,1,1,6,4006,4006,0,4006,20406,24412,1,1,0,0,1,1,0
1,3,3848,00:00:00.1460000,1,5,12,7983,7996,8,8004,39707,47711,1,1,0,0,1,1,0
1,4,4192,00:00:00.1580000,3,14,26,15524,15569,466,16035,77942,93977,1.005668642102551,1.0114149137991364,0,1,3,2,1
1,5,4567,00:00:00.1920000,5,24,52,29215,29322,2749,32071,157718,189789,1.0132466198870442,1.0269650427993242,0.011157484725117683,1,5,4,1
1,6,4981,00:00:00.2180000,6,29,73,53143,53450,10615,64065,317327,381392,1.0321773328566322,1.067232919483842,0.026621831580996513,1,6,5,1
1,7,5428,00:00:00.2600000,9,65,152,94706,95479,32628,128107,619643,747750,1.0723607796760501,1.160104300388904,0.05363950505852699,1,9,8,1
1,8,5912,00:00:00.3380000,15,94,297,165273,166793,89326,256119,1183502,1439621,1.1710563733943233,1.4399281748747905,0.11506759375333786,1,15,14,1
1,9,6427,00:00:00.4770000,24,185,553,286109,289182,223001,512183,2197849,2710032,1.3431279687112254,2.1712210984134415,0.21347351372241974,2,24,22,1.0454545
1,10,6956,00:00:00.7920000,28,313,998,492471,499547,524489,1024036,3933028,4957064,1.5773152124693637,3.8618922098140365,0.347528874874115,2,28,25,1.08
1,11,7509,00:00:01.2430000,31,572,1821,835742,854806,1194072,2048878,6932359,8981237,1.8072563063720621,5.697589764412146,0.467058002948761,2,31,27,1.1111112
1,12,8107,00:00:02.0300000,37,955,3275,1404393,1452790,2645685,4098475,12253793,16352268,2.0188351835988927,6.452410287483111,0.5239585041999817,2,37,30,1.2
1,13,8765,00:00:03.5640000,50,1663,5874,2342218,2454411,5740042,8194453,21760835,29955288,2.261233155923146,7.661731745341657,0.4748540222644806,3,50,38,1.2894737
1,14,9479,00:00:07.0760000,63,2960,10801,3890388,4164314,12219784,16384098,38428785,54812883,2.5890687509831922,8.299092730512855,0.4159315824508667,4,63,48,1.2916666
1,15,10250,00:00:18.5670000,69,5246,19959,6423416,7088506,25690412,32778918,67455513,100234431,3.0027882360413836,7.660884028553884,0.36479076743125916,4,70,54,1.2777778
1,16,11076,00:00:44.9750000,74,9173,36408,10803860,12164405,53425396,65589801,117457582,183047383,3.555145475783655,10.712882307021173,0.3397429287433624,5,75,54,1.3703704
1,17,11941,00:01:35.5170000,68,15861,66468,18623972,21088828,109998212,131087040,201392264,332479304,4.281351851259227,8.57381665963123,0.3606772720813751,4,69,49,1.3877552
1,18,12861,00:03:12.4510000,54,27636,121707,32035972,36348279,225881989,262230268,344572381,606802649,4.941734653782317,4.580333550903683,0.2695598602294922,5,55,38,1.4210526
1,19,13876,00:06:27.7000000,54,47754,224690,53841750,61849811,462702053,524551864,597363768,1121915632,5.4987150677680425,4.04206173289332,0.18016736209392548,5,55,40,1.35
1,20,15002,00:13:08.1030000,63,83365,418293,88377098,104810817,943957429,1048768246,1037517600,2086285846,6.092991229469879,4.3614376640794665,0.21638545393943787,6,64,48,1.3125
19,0,3476,00:00:00.0530000,1,3,3,1010,1012,0,1012,4844,5856,1,1,0,0,1,1,0
19,1,3790,00:00:00.0840000,2,2,3,2004,2004,0,2004,9394,11398,1.0159680638722555,1.0324458603063769,0,1,2,1,1
19,2,4178,00:00:00.1290000,2,2,4,4016,4016,0,4016,20723,24739,1.0206673306772909,1.0421881435104563,0,1,2,1,1
19,3,4513,00:00:00.1920000,2,6,10,7999,8008,6,8014,39796,47810,1.0297537192149018,1.0612747345761024,0,1,2,1,1
19,4,4817,00:00:00.2480000,2,11,20,15537,15584,432,16016,73565,89581,1.045761730063719,1.0956924530327896,0,1,2,1,1
19,5,5191,00:00:00.2830000,2,21,45,29238,29354,2692,32046,152165,184211,1.0867022368151036,1.188170434504136,0,1,2,1,1
19,6,5553,00:00:00.3860000,6,30,80,53538,53773,10293,64066,291447,355513,1.1709813590347042,1.3908401550837268,0.021942248567938805,2,6,4,1.25
19,7,5934,00:00:00.4380000,9,59,145,96044,96625,31535,128160,548841,677001,1.3216130107034276,1.7854864929435297,0.03507758304476738,2,9,7,1.1428572
19,8,6318,00:00:00.5160000,13,101,260,169540,170779,85402,256181,996075,1252256,1.527958004010853,2.2544031004422127,0.057402487844228745,2,13,11,1.0909091
19,9,6710,00:00:00.6630000,16,174,468,296667,299467,212993,512460,1768909,2281369,1.7801171009920214,2.4968871840101294,0.07604306936264038,2,16,14,1.0714285
19,10,7114,00:00:00.8220000,19,280,823,513940,520823,504033,1024856,3094840,4119696,2.050943689924894,2.6653305807843832,0.09278475493192673,2,19,17,1.0588236
19,11,7544,00:00:01.1310000,23,518,1508,883323,897213,1151771,2048984,5428667,7477651,2.3178157933168273,3.1222946269343974,0.11724118888378143,2,23,21,1.0476191
19,12,8012,00:00:01.6620000,24,918,2751,1493572,1530648,2568649,4099297,9584702,13683999,2.5623304400457427,3.6010135593791035,0.148703470826149,3,24,20,1.15
19,13,8538,00:00:02.6790000,28,1631,5134,2498992,2588723,5611996,8200719,17196616,25397335,2.775617929149033,3.5956925031434683,0.1821933537721634,3,28,23,1.173913
19,14,9142,00:00:04.8570000,42,2884,9615,4138310,4336707,12055788,16392495,31349081,47741576,2.952686966418659,3.4241875010102536,0.20474708080291748,3,42,37,1.1081082
19,15,9848,00:00:09.9660000,63,5203,18364,6805069,7227255,25563497,32790752,58049523,90840275,3.1584047127222368,4.040457577351878,0.22300739586353302,4,64,54,1.1666666
19,16,10658,00:00:21.5030000,77,8969,34624,11044110,12129619,53426478,65556097,107217769,172773866,3.4667585708581314,7.18308405166408,0.25222310423851013,4,78,64,1.203125
19,17,11563,00:00:57.8960000,85,15809,65110,17727605,20561791,110516711,131078502,195175899,326254401,3.929800274769209,17.420326112649,0.3032343089580536,5,86,66,1.2878788
19,18,12559,00:02:33.7410000,99,28208,122721,29137093,35087132,227165237,262252369,350185329,612437698,4.510735370889608,19.038967622650862,0.4848063290119171,5,100,72,1.375
19,19,13652,00:05:59.5910000,100,48670,229394,48570860,60088521,464504065,524592586,622508049,1147100635,5.207444751853272,16.146877429323432,0.4499169588088989,6,101,68,1.4705882
19,20,14823,00:12:53.8760000,75,84920,426292,83736382,104236660,944523465,1048760125,1081024324,2129784449,6.1395946507457175,17.920416800668754,0.4822509288787842,5,76,55,1.3636364
20,0,3527,00:00:00.0530000,2,2,2,1005,1005,0,1005,5472,6477,1.0019900497512437,1.0039879607300113,0,1,2,1,1
20,1,3842,00:00:00.0760000,1,1,2,2006,2006,0,2006,10134,12140,1,1,0,0,1,1,0
20,2,4157,00:00:00.1130000,1,5,6,4004,4009,0,4009,19116,23125,1,1,0,0,1,1,0
20,3,4490,00:00:00.1310000,2,6,8,7983,7997,6,8003,38011,46014,1.001753726669172,1.0035136462224157,0,1,2,1,1
20,4,4845,00:00:00.1610000,3,10,19,15537,15567,472,16039,77691,93730,1.004054836841089,1.0081509076532684,0,1,3,2,1
20,5,5224,00:00:00.2360000,4,17,36,29147,29242,2774,32016,158632,190648,1.0072391669811644,1.0146158129005942,0.004299056716263294,1,4,3,1
20,6,5629,00:00:00.2830000,7,29,69,53312,53534,10535,64069,314855,378924,1.0225840336134453,1.0466132231491638,0.01968715526163578,1,7,6,1
20,7,6085,00:00:00.3310000,11,69,154,94574,95053,33045,128098,624900,752998,1.0602173959016221,1.1314218318458034,0.05089337378740311,1,11,10,1
20,8,6579,00:00:00.4060000,13,103,287,164883,166566,89575,256141,1200474,1456615,1.1489419770382634,1.3540780468464115,0.11624528467655182,2,13,11,1.0909091
20,9,7101,00:00:00.5440000,20,178,535,285607,289282,222969,512251,2227697,2739948,1.3495467548064297,2.088225839006129,0.22847679257392883,2,20,18,1.0555556
20,10,7615,00:00:00.7800000,24,328,1000,494631,504054,520534,1024588,3911017,4935605,1.6904642046293095,4.33620126806785,0.37967678904533386,2,24,21,1.0952381
20,11,8111,00:00:01.1530000,28,555,1747,856506,876919,1173474,2050393,6592751,8643144,2.093018612829332,6.1917477647314225,0.46086129546165466,3,28,23,1.173913
20,12,8614,00:00:01.7750000,31,917,3076,1472699,1512259,2584045,4096304,11058003,15154307,2.4820231425430452,3.8456360089315327,0.28356271982192993,3,31,26,1.1538461
20,13,9147,00:00:02.8560000,32,1614,5355,2511667,2589186,5606762,8195948,18752848,26948796,2.8121932565105165,2.4791682871991685,0.19754919409751892,3,32,25,1.24
20,14,9737,00:00:04.9940000,28,2798,9681,4208144,4384035,12011072,16395107,32557785,48952892,3.1032764087920945,2.2789174532240497,0.14190159738063812,3,28,20,1.35
20,15,10404,00:00:09.6750000,27,5026,18071,6964893,7383806,25414801,32798607,57758841,90557448,3.3948125261938698,2.93692966885727,0.10221967846155167,4,28,22,1.2272727
20,16,11161,00:00:19.8740000,34,8734,33704,11420897,12405502,53141953,65547455,103710186,169257641,3.703264113142777,4.001010871788123,0.17863047122955322,4,35,27,1.2592592
20,17,12029,00:00:52.7590000,50,15521,63735,18517027,20780303,110374109,131154412,188245017,319399429,4.0108519040340544,4.6110983181883425,0.21514983475208282,3,51,44,1.1363636
20,18,13022,00:02:26.4890000,71,27511,120649,29504838,34914005,227309997,262224002,343040493,605264495,4.41521414216882,7.558757649092357,0.2872156798839569,4,72,58,1.2241379
20,19,14138,00:05:55.3720000,98,48637,229012,47565525,59374597,465072382,524446979,621161914,1145608893,5.015087629117938,20.549450976198454,0.3672280013561249,5,99,75,1.3066666
20,20,15358,00:13:09.8690000,100,84772,429752,77870812,101645059,947008661,1048653720,1100900922,2149554642,5.760090995326978,22.67790019164128,0.6035777926445007,5,101,69,1.4492754
21,0,2139,00:00:00.0480000,2,2,3,1005,1005,0,1005,4755,5760,1.0059701492537314,1.0120115200402822,0,1,2,1,1
21,1,2506,00:00:00.0960000,1,2,3,2001,2003,0,2003,9933,11936,1,1,0,0,1,1,0
21,2,2883,00:00:00.1290000,2,3,7,4005,4006,0,4006,20826,24832,1.0019975031210986,1.0040030412223586,0,1,2,1,1
21,3,3214,00:00:00.1380000,2,4,12,7999,8003,8,8011,39907,47918,1.008126015751969,1.0163840876305585,0,1,2,1,1
21,4,3548,00:00:00.1710000,2,6,17,15574,15587,468,16055,77301,93356,1.0148966225760883,1.030236879059948,0,1,2,1,1
21,5,3927,00:00:00.2070000,2,23,43,29213,29324,2713,32037,157341,189378,1.0323143805839865,1.0667125021217758,0,1,2,1,1
21,6,4318,00:00:00.2610000,4,30,79,53450,53709,10368,64077,306752,370829,1.0692609915809168,1.148768982725423,0.01748652011156082,1,4,3,1
21,7,4737,00:00:00.3260000,5,50,138,95084,95920,32228,128148,589952,718100,1.1373732699507804,1.314707778063507,0.030550647526979446,1,5,4,1
21,8,5195,00:00:00.4120000,8,102,273,165974,168014,88164,256178,1123946,1380124,1.2708617012303132,1.688234891068616,0.06265899538993835,1,8,7,1
21,9,5669,00:00:00.5440000,17,162,513,288998,292583,219559,512142,2054942,2567084,1.4745880594329372,2.2152673508830123,0.1102551817893982,2,17,13,1.2307693
21,10,6154,00:00:00.7990000,22,275,882,497498,505764,518339,1024103,3646291,4670394,1.7000389951316388,2.31817591741121,0.1643221229314804,2,22,18,1.1666666
21,11,6673,00:00:01.1690000,27,531,1664,844673,864134,1185884,2050018,6464253,8514271,1.9141809907502667,2.136173557298166,0.21204157173633575,2,27,23,1.1304348
21,12,7238,00:00:01.9190000,35,950,3074,1426172,1467265,2629702,4096967,11490658,15587625,2.1370921599919224,2.354389073738144,0.26104599237442017,3,35,30,1.1333333
21,13,7858,00:00:03.3700000,39,1704,5594,2386060,2492425,5704456,8196881,20440972,28637853,2.4020012070107204,3.6334962069563734,0.3139112591743469,3,39,33,1.1515151
21,14,8535,00:00:07.7630000,45,2943,10374,3950112,4224052,12175334,16399386,36263327,52662713,2.7217314344504664,7.078673392052578,0.3784453272819519,3,45,36,1.2222222
21,15,9278,00:00:21.6220000,57,5306,19399,6542860,7146530,25622428,32768958,64271264,97040222,3.069108310433052,10.973447866205587,0.4487471878528595,3,58,46,1.2391304
21,16,10100,00:00:50.4080000,70,9415,36139,10776167,12110873,53459253,65570126,114115421,179685547,3.472426884253,11.374037337203537,0.5121497511863708,5,71,53,1.3207548
21,17,11000,00:01:48.1630000,86,16041,67029,17869819,20657233,110425264,131082497,201559709,332642206,3.9912262681563813,10.060802903724909,0.49796268343925476,5,87,68,1.2647059
21,18,11968,00:03:41.0040000,78,27934,123452,30034882,35746010,226414485,262160495,352038056,614198551,4.791160757681685,11.806817284495285,0.414625346660614,6,79,53,1.4716982
21,19,12980,00:07:14.1010000,63,48476,226514,53301028,62690772,461806482,524497254,602633230,1127130484,5.7762495312473146,6.090847152020964,0.33340248465538025,5,64,44,1.4318181
21,20,14035,00:13:53.4460000,49,83475,414098,96172249,109798962,939115326,1048914288,1014590059,2063504347,6.777765662940876,4.949615443508219,0.20360107719898224,5,50,34,1.4411764
22,0,2654,00:00:00.0600000,1,1,2,1003,1003,0,1003,4978,5981,1,1,0,0,1,1,0
22,1,2990,00:00:00.1540000,1,1,4,2002,2002,0,2002,9730,11732,1,1,0,0,1,1,0
22,2,3328,00:00:00.1970000,1,1,6,4002,4002,0,4002,19450,23452,1,1,0,0,1,1,0
22,3,3693,00:00:00.2280000,1,3,8,7994,7998,10,8008,40626,48634,1,1,0,0,1,1,0
22,4,4037,00:00:00.2670000,1,5,14,15546,15552,469,16021,79069,95090,1,1,0,0,1,1,0
22,5,4417,00:00:00.2870000,1,15,35,29222,29264,2752,32016,159371,191387,1,1,0,0,1,1,0
22,6,4842,00:00:00.3080000,1,29,79,52906,53202,10802,64004,324036,388040,1,1,0,0,1,1,0
22,7,5298,00:00:00.3420000,6,65,168,94359,95068,32989,128057,633778,761835,1.0107038014391845,1.0217321636723078,0.009874474257230759,1,6,5,1
22,8,5831,00:00:00.4450000,13,98,318,163724,165254,90863,256117,1257189,1513306,1.0416921160000978,1.0886743684502975,0.03883212432265282,1,13,12,1
22,9,6437,00:00:00.5980000,21,199,597,280490,283980,228272,512252,2453766,2966018,1.133295304645442,1.3186332800847076,0.11409159004688263,2,21,19,1.0526316
22,10,7070,00:00:00.9030000,28,323,1084,476772,487607,536837,1024444,4531999,5556443,1.342708883910968,2.1293841969331755,0.26352763175964355,2,28,25,1.08
22,11,7685,00:00:01.3900000,39,586,1954,821843,845983,1202272,2048255,7851999,9900254,1.7135426109366387,5.36563376700257,0.44811365008354187,3,39,33,1.1515151
22,12,8278,00:00:02.1790000,43,996,3399,1411152,1466571,2630533,4097104,13101646,17198750,2.166308803020511,8.901134001505175,0.41668403148651123,3,43,35,1.2
22,13,8866,00:00:03.6240000,40,1720,5992,2412634,2539049,5660663,8199712,21567086,29766798,2.6359298592326894,5.077837205199566,0.3236721456050873,3,40,31,1.2580645
22,14,9476,00:00:07.8760000,40,3016,10573,4117421,4360296,12025307,16385603,35811365,52196968,3.0838007578044606,3.527304566953663,0.20157837867736816,4,40,29,1.3448275
22,15,10135,00:00:19.1420000,41,5200,18965,6981252,7438103,25334662,32772765,60663019,93435784,3.4959147728802797,2.982523415407749,0.12500730156898499,4,41,30,1.3333334
22,16,10871,00:00:42.8740000,40,8921,34441,11633387,12546844,53008419,65555263,105321244,170876507,3.8372957935638174,2.45816083350559,0.0908953920006752,4,41,34,1.1764706
22,17,11711,00:01:32.4210000,48,15647,63979,18980466,21060180,110066879,131127059,187110671,318237730,4.1636335483017115,2.683497947834227,0.11865335702896118,4,49,42,1.1428572
22,18,12667,00:03:16.6470000,61,27375,120136,30559096,35537188,226677982,262215170,336095511,598310681,4.618510050166406,5.490854771467896,0.15682682394981384,4,62,48,1.2708334
22,19,13735,00:06:51.8270000,74,47979,225731,49713617,60606037,463923316,524529353,602302129,1126831482,5.246578859872537,14.95334195141162,0.23487715423107147,5,75,57,1.2982457
22,20,14902,00:14:07.2050000,80,84150,421557,81168786,103392625,945217448,1048610073,1059314119,2107924192,5.942790877764268,16.088124840330565,0.4293621778488159,4,81,57,1.4035088
23,0,3240,00:00:00.0630000,1,1,2,1003,1003,0,1003,4751,5754,1,1,0,0,1,1,0
23,1,3560,00:00:00.0810000,1,1,2,2003,2003,0,2003,9322,11325,1,1,0,0,1,1,0
23,2,3947,00:00:00.1130000,2,4,6,4005,4007,0,4007,20319,24326,1.0014981273408239,1.00300069481642,0,1,2,1,1
23,3,4298,00:00:00.1460000,2,8,13,7984,7993,8,8001,40581,48582,1.004258517034068,1.0085532954158343,0,1,2,1,1
23,4,4625,00:00:00.1710000,2,12,22,15526,15562,442,16004,76638,92642,1.008630684013912,1.0174103412251954,0,1,2,1,1
23,5,4983,00:00:00.2280000,4,18,43,29227,29321,2690,32011,151912,183923,1.0190577206008142,1.0389337664221456,0.007797487545758486,1,4,3,1
23,6,5378,00:00:00.2640000,7,26,75,53254,53476,10648,64124,305123,369247,1.038945431329102,1.081732624429429,0.02170216105878353,1,7,6,1
23,7,5829,00:00:00.3160000,12,42,134,94968,95229,32841,128070,612124,740194,1.0939684946508297,1.2121426824533532,0.05182255804538727,1,12,11,1
23,8,6310,00:00:00.3850000,13,94,272,165732,167092,89227,256319,1173532,1429851,1.1934810416817512,1.4977083581012494,0.10460003465414047,1,13,12,1
23,9,6819,00:00:00.5480000,18,170,506,286661,289435,223149,512584,2175792,2688376,1.3789667935296395,2.2075623634488775,0.1995602697134018,2,18,15,1.1333333
23,10,7339,00:00:00.7850000,19,287,914,491719,500678,523442,1024120,3883289,4907409,1.6154205959094523,3.222141877542058,0.31356126070022583,2,19,16,1.125
23,11,7877,00:00:01.1550000,26,557,1708,839815,860834,1187872,2048706,6799958,8848664,1.8692593011556116,3.6813316015964,0.3927834630012512,2,26,23,1.0869565
23,12,8452,00:00:01.8930000,33,981,3185,1414386,1465346,2632884,4098230,11914632,16012862,2.1213105898955447,3.985127068545096,0.39503592252731323,3,33,28,1.1428572
23,13,9072,00:00:03.4020000,40,1776,5898,2371179,2494182,5705019,8199201,20863050,29062251,2.4066036347319204,4.791313491756858,0.3663522005081177,3,40,33,1.1818181
23,14,9745,00:00:08.9970000,50,3049,10689,3941912,4227241,12160499,16387740,36588240,52975980,2.7283988074822574,4.885459966120646,0.31649231910705566,3,50,41,1.195122
23,15,10486,00:00:22.7400000,60,5241,19409,6483408,7152810,25616289,32769099,64520188,97289287,3.070209217127782,4.9204806093217215,0.2779516875743866,4,61,49,1.2244898
23,16,11308,00:00:51.1050000,76,9278,36119,10672574,12106470,53452283,65558753,114367040,179925793,3.461892042163399,7.475733082098153,0.36797624826431274,4,77,64,1.1875
23,17,12217,00:01:48.6900000,90,16109,66969,17376205,20510451,110631077,131141528,202762797,333904325,3.8967427582720164,12.215608212336594,0.3827337622642517,4,91,73,1.2328767
23,18,13219,00:03:44.7260000,113,28253,124793,28963488,35012052,227150180,262162232,358710514,620872746,4.505781831249054,16.801263471486532,0.40067318081855774,5,114,82,1.3780488
23,19,14291,00:07:30.2790000,95,48528,230214,49955379,61293722,463072772,524366494,625258923,1149625417,5.524090729048417,12.704782349854677,0.3850267827510834,6,96,71,1.3380282
23,20,15386,00:14:24.6080000,64,83755,419898,91478439,107705357,941232633,1048937990,1052653922,2101591912,6.556561639623081,3.3066023811450282,0.28917744755744934,5,65,46,1.3913044
24,0,3144,00:00:00.0660000,1,1,1,1001,1001,0,1001,5096,6097,1,1,0,0,1,1,0
24,1,3483,00:00:00.0880000,3,3,3,2013,2013,0,2013,10055,12068,1.005464480874317,1.0110028317420117,0,1,3,2,1
24,2,3799,00:00:00.1310000,4,5,5,4006,4010,0,4010,19150,23160,1.0109835247129306,1.0222836742106247,0,1,4,3,1
24,3,4139,00:00:00.1640000,6,7,10,7997,7998,8,8006,38443,46449,1.0255095660872828,1.0528047508020124,0.020031120628118515,1,6,5,1
24,4,4477,00:00:00.1880000,6,8,18,15605,15609,442,16051,75709,91760,1.056328099967959,1.1215828465045545,0.04427211731672287,1,6,5,1
24,5,4828,00:00:00.2450000,6,17,40,29325,29366,2646,32012,150130,182142,1.1020630861040068,1.234433578590696,0.07962826639413834,1,6,5,1
24,6,5202,00:00:00.2790000,6,38,84,53643,53855,10250,64105,293632,357737,1.1850381224018045,1.4772911889201301,0.14244519174098969,1,6,5,1
24,7,5583,00:00:00.3310000,7,60,145,96020,96577,31512,128089,551318,679407,1.314340762341179,1.9739833437807122,0.2203049510717392,1,7,6,1
24,8,5982,00:00:00.3930000,9,89,264,168892,170296,86085,256381,1016262,1272643,1.4869206356725009,2.826779386921999,0.30966201424598694,2,9,7,1.1428572
24,9,6393,00:00:00.5150000,15,174,505,295103,297292,215535,512827,1826400,2339227,1.6756827277255737,3.6855106239400452,0.35839733481407166,2,15,12,1.1666666
24,10,6834,00:00:00.7490000,16,281,859,505133,511662,512695,1024357,3279345,4303702,1.8404083676972203,3.858821726807912,0.4266023337841034,2,16,13,1.1538461
24,11,7323,00:00:01.0710000,19,534,1572,854583,871409,1177712,2049121,5938765,7987886,1.9953310561993394,3.8189052699588255,0.44972145557403564,2,19,15,1.2
24,12,7875,00:00:01.7240000,23,955,2977,1429177,1474663,2624543,4099206,10854795,14954001,2.161682562761645,4.253105672260823,0.431527316570282,2,23,18,1.2222222
24,13,8492,00:00:03.0670000,29,1659,5562,2361595,2487100,5711604,8198704,19777692,27976396,2.390265053914833,5.4164426008856275,0.4198818802833557,3,29,23,1.2173913
24,14,9173,00:00:08.0400000,49,2937,10475,3951722,4211127,12176371,16387498,35696679,52084177,2.681571983049415,5.873823410013561,0.40576374530792236,3,49,40,1.2
24,15,9930,00:00:21.1850000,68,5230,19455,6519152,7100713,25683712,32784425,64237745,97022170,2.9914602390004097,5.6097342582282,0.38748452067375183,3,69,56,1.2142857
24,16,10772,00:00:49.7420000,85,9302,36411,10632606,12002186,53533831,65536017,115284449,180820466,3.373048996642968,8.204361209508376,0.37376970052719116,4,86,64,1.328125
24,17,11691,00:01:47.6920000,85,16136,67345,17288719,20522054,110572908,131094962,204524786,335619748,3.9408370857320314,17.49784704046929,0.40909335017204285,5,86,62,1.3709677
24,18,12682,00:03:41.4300000,97,28002,124072,29440092,35235809,227077721,262313530,358734347,621047877,4.579405560281537,13.045466190796049,0.4809114933013916,4,98,72,1.3472222
24,19,13769,00:07:28.6980000,94,48923,231146,48921265,60038137,464501000,524539137,629754496,1154293633,5.169298790617945,9.486954589089144,0.48856624960899353,4,95,69,1.3623189
24,20,14970,00:15:07.6300000,93,84830,431155,80260767,101957248,946891460,1048848708,1101372065,2150220773,5.779587790383314,10.708363102213413,0.41613441705703735,4,94,69,1.3478261
25,0,2975,00:00:00.0500000,1,2,3,1001,1002,0,1002,4672,5674,1,1,0,0,1,1,0
25,1,3353,00:00:00.1460000,1,1,4,2013,2013,0,2013,10402,12415,1,1,0,0,1,1,0
25,2,3693,00:00:00.1880000,1,1,6,4002,4002,0,4002,20269,24271,1,1,0,0,1,1,0
25,3,4057,00:00:00.2190000,1,2,7,8011,8015,6,8021,40963,48984,1,1,0,0,1,1,0
25,4,4425,00:00:00.2590000,1,8,15,15497,15523,482,16005,82374,98379,1,1,0,0,1,1,0
25,5,4803,00:00:00.2820000,2,19,44,29199,29285,2730,32015,162349,194364,1.002157608137265,1.0043245677963666,0,1,2,1,1
25,6,5211,00:00:00.3190000,4,40,90,53273,53511,10507,64018,318347,382365,1.0070392131098305,1.0142087046181,0.00492217717692256,1,4,3,1
25,7,5673,00:00:00.3700000,7,70,165,94127,94888,33173,128061,633038,761099,1.0215241110414652,1.044347421619441,0.018141912296414375,1,7,6,1
25,8,6200,00:00:00.4870000,13,123,316,163734,165764,90439,256203,1249519,1505722,1.0628458353182602,1.137628382478153,0.05035025626420975,1,13,12,1
25,9,6782,00:00:00.6770000,24,185,567,280495,285107,227445,512552,2399976,2912528,1.175832011265798,1.45608822174527,0.13145984709262848,2,24,22,1.0454545
25,10,7389,00:00:00.9500000,34,358,1089,479404,490573,534479,1025052,4394649,5419701,1.4014401214841763,2.5339134589913845,0.28263112902641296,2,34,30,1.1
25,11,7993,00:00:01.4350000,46,599,1923,820213,845439,1204531,2049970,7667831,9717801,1.7178025707956348,5.825024851219546,0.4420844316482544,2,46,41,1.097561
25,12,8601,00:00:02.2520000,53,1049,3463,1395591,1455567,2645059,4100626,13064632,17165258,2.0525469138164403,10.161623012853767,0.4861546456813812,3,53,46,1.1304348
25,13,9233,00:00:03.8250000,58,1780,6074,2348826,2484880,5709737,8194617,22185157,30379774,2.400259108167229,9.537913514392338,0.44932085275650024,3,58,50,1.14
25,14,9905,00:00:08.9070000,66,3088,10833,3953526,4237716,12149615,16387331,37884503,54271834,2.770816481287843,6.619000360160206,0.37620270252227783,3,66,55,1.1818181
25,15,10635,00:00:22.1080000,67,5430,19693,6589761,7204366,25577317,32781683,65397613,98179296,3.155598207582946,6.2964073803117175,0.3221174478530884,4,67,53,1.245283
25,16,11434,00:00:49.5020000,70,9216,35960,11009058,12252828,53310030,65562858,113813408,179376266,3.612441954615917,9.500533774983062,0.32493138313293457,5,71,53,1.3207548
25,17,12300,00:01:43.2470000,72,15927,65835,18564954,21029380,110112695,131142075,197932881,329074956,4.214372090552985,13.043855627675075,0.3634320795536041,4,73,56,1.2857143
25,18,13218,00:03:24.9180000,61,27455,120041,31981084,36592705,225678375,262271080,340664085,602935165,5.04778502817478,5.724210328673143,0.23967967927455902,5,62,46,1.326087
25,19,14200,00:06:41.5760000,47,47559,221368,54918435,62766451,461797788,524564239,583773416,1108337655,5.705814522937517,2.196860329367663,0.13843612372875214,5,48,36,1.3055556
25,20,15307,00:13:27.4470000,52,82423,412439,89707813,105014363,943804754,1048819117,1017290075,2066109192,6.081963072714748,1.8717336777803,0.11745043098926544,5,53,41,1.2682927
26,0,2054,00:00:00.0390000,2,3,4,1004,1005,0,1005,4380,5385,1.00199203187251,1.0039920301638496,0,1,2,1,1
26,1,2410,00:00:00.1360000,2,2,4,2010,2010,0,2010,9464,11474,1.0019900497512437,1.0039879607300113,0,1,2,1,1
26,2,2702,00:00:00.1780000,2,2,4,4034,4034,0,4034,17775,21809,1.0037183936539416,1.00746440405968,0,1,2,1,1
26,3,3037,00:00:00.2100000,1,5,12,7983,7996,7,8003,37160,45163,1,1,0,0,1,1,0
26,4,3391,00:00:00.2510000,1,7,19,15528,15555,475,16030,76773,92803,1,1,0,0,1,1,0
26,5,3763,00:00:00.2710000,3,20,44,29229,29301,2760,32061,155821,187882,1.0028054329604161,1.0056303518212804,0,1,3,2,1
26,6,4174,00:00:00.3110000,5,34,93,53165,53420,10629,64049,314950,378999,1.0109470516317125,1.0222220901592856,0.009615822695195675,1,5,4,1
26,7,4640,00:00:00.3590000,8,62,168,94252,94978,33058,128036,631068,759104,1.0291346602724611,1.060698256671942,0.02478359267115593,1,8,7,1
26,8,5162,00:00:00.4720000,15,111,303,164241,165508,90618,256126,1241813,1497939,1.08620868114539,1.1912417352878255,0.06760384142398834,2,15,13,1.0769231
26,9,5726,00:00:00.6540000,19,197,575,282276,286168,226011,512179,2354025,2866204,1.2193066360583258,1.5786407994977585,0.15555217862129211,2,19,17,1.0588236
26,10,6299,00:00:00.8850000,28,333,1041,485182,494787,529977,1024764,4236278,5261042,1.4980007502339328,2.9233748354126696,0.27117225527763367,2,28,25,1.08
26,11,6850,00:00:01.3170000,32,567,1806,836815,861925,1186570,2048495,7210201,9258696,1.9226674952050333,6.295904134674681,0.3527216911315918,3,32,27,1.1481482
26,12,7384,00:00:01.9970000,38,1009,3225,1446193,1498693,2598261,4096954,11943084,16040038,2.388922502045024,5.807106572672242,0.3291800618171692,4,38,30,1.2333333
26,13,7924,00:00:03.2070000,40,1665,5605,2481115,2587560,5604940,8192500,19724268,27916768,2.8339206364880307,3.896547112930387,0.24693997204303741,4,40,31,1.2580645
26,14,8495,00:00:06.4570000,41,2922,9995,4246595,4449381,11939231,16388612,33065401,49454013,3.3088417897162317,3.8841141237533985,0.17408837378025055,5,41,31,1.2903225
26,15,9102,00:00:16.0330000,35,5023,17883,7271214,7683623,25090382,32774005,55925935,88699940,3.886255170044507,4.951983698876752,0.12669329345226288,5,36,26,1.3461539
26,16,9745,00:00:35.2860000,28,8731,32228,12585867,13342102,52228827,65570929,94853521,160424450,4.576665238874684,4.718637359823503,0.08450772613286972,6,29,21,1.3333334
26,17,10434,00:01:12.5870000,24,15064,58652,21684394,23026763,108056840,131083603,161853003,292936606,5.234101907574637,3.3256118635207255,0.06408756971359253,5,25,19,1.2631578
26,18,11202,00:02:27.6360000,26,26535,108686,36585635,39055648,223253049,262308697,281194748,543503445,5.738847911208866,2.4474448126463546,0.05781209096312523,5,26,20,1.25
26,19,12079,00:05:05.4980000,29,46498,204334,59914000,65428924,458963134,524392058,496826473,1021218531,6.148508361985512,2.439554724921515,0.06949225068092346,5,30,23,1.2608696
26,20,13101,00:10:52.8040000,46,82531,390074,97561505,109811430,939103047,1048914477,897454323,1946368800,6.649778393639991,4.000868573772404,0.1613195389509201,3,46,37,1.2162162
27,0,3180,00:00:00.0530000,2,2,2,1002,1002,0,1002,5708,6710,1.0069860279441119,1.0140696432491885,0,1,2,1,1
27,1,3478,00:00:00.0750000,3,3,3,2004,2004,0,2004,9977,11981,1.0159680638722555,1.0325286790392916,0,1,3,2,1
27,2,3851,00:00:00.1500000,3,3,6,4001,4001,0,4001,20626,24627,1.0457385653586604,1.0963671893364964,0.029233228415250778,1,3,2,1
27,3,4141,00:00:00.1760000,3,5,11,7996,7998,3,8001,37017,45018,1.082791395697849,1.1820143178887046,0.057276394218206406,1,3,2,1
27,4,4463,00:00:00.2030000,4,10,20,15567,15590,418,16008,73084,89092,1.1548146720626968,1.3669558524983663,0.06907795369625092,1,4,3,1
27,5,4772,00:00:00.2520000,5,19,41,29421,29473,2584,32057,138767,170824,1.2664763264335,1.6911921637739704,0.11818151921033859,2,5,3,1.3333334
27,6,5086,00:00:00.2670000,6,32,69,54089,54251,9851,64102,259463,323565,1.4032982676699515,2.0966297775007057,0.14231209456920624,2,6,4,1.25
27,7,5402,00:00:00.3050000,6,53,120,97519,97968,30114,128082,472619,600701,1.5737138403798234,2.4512061101412757,0.1881285309791565,2,6,4,1.25
27,8,5725,00:00:00.3540000,6,98,225,173048,174435,82085,256520,848170,1104690,1.844465119504415,2.6682988175204794,0.22393395006656647,2,6,4,1.25
27,9,6044,00:00:00.4650000,8,197,431,305694,308949,203907,512856,1474472,1987328,2.26822247083685,2.946836128084104,0.18743491172790527,2,8,6,1.1666666
27,10,6351,00:00:00.6140000,9,325,755,542081,548796,476479,1025275,2480520,3505795,2.823670263300134,2.751659601108467,0.1443149596452713,2,9,7,1.1428572
27,11,6655,00:00:00.8800000,10,510,1305,955130,968095,1080554,2048649,4126190,6174839,3.324020813920618,1.9366433187851213,0.09708797186613083,2,10,8,1.125
27,12,6982,00:00:01.2200000,9,915,2354,1650558,1678250,2420308,4098558,7032597,11131155,3.678920098536374,1.3874624316715798,0.06552496552467346,3,9,6,1.3333334
27,13,7356,00:00:01.8740000,10,1516,4211,2802786,2856393,5348134,8204527,12456175,20660702,3.876781530948135,1.1569826366796658,0.04464690387248993,3,10,7,1.2857143
27,14,7800,00:00:03.3190000,9,2660,7906,4641632,4770538,11631904,16402442,22883784,39286226,3.9744663084018725,1.0741475734801365,0.028652194887399673,3,10,7,1.2857143
27,15,8340,00:00:09.4000000,13,4726,15133,7557904,7874171,24909090,32783261,43331862,76115123,4.02704215348594,1.0875738600696303,0.03347807377576828,2,13,11,1.0909091
27,16,9001,00:00:26.8760000,30,8730,29971,12201070,12944806,52636807,65581613,83579980,149161593,4.106209619320273,1.237673598003994,0.0891406238079071,2,30,27,1.074074
27,17,9798,00:01:08.9530000,44,15397,58893,19216258,21383906,109751163,131135069,161325904,292460973,4.280721928275526,1.766806575919328,0.21396103501319885,2,44,38,1.1315789
27,18,10726,00:02:43.4110000,65,27211,113507,30139991,35956366,226229780,262186146,305998410,568184556,4.723113553683543,4.634470839923844,0.4282437562942505,3,65,53,1.2075472
27,19,11765,00:06:04.5720000,83,48699,218279,49050338,61393120,463087202,524480322,565092356,1089572678,5.416457252547373,16.012903828374814,0.5859079957008362,4,83,62,1.3225807
27,20,12904,00:13:01.6970000,91,84404,411262,82591771,104292317,944588541,1048880858,1010292689,2059173547,6.066046095560779,14.09114513027395,0.49226146936416626,4,91,67,1.3432835
28,0,2928,00:00:00.0500000,2,2,3,1003,1003,0,1003,4613,5616,1.0069790628115654,1.0140555009031136,0,1,2,1,1
28,1,3308,00:00:00.2200000,2,2,3,2004,2004,0,2004,10118,12122,1.0419161676646707,1.0873328935069093,0,1,2,1,1
28,2,3631,00:00:00.2610000,2,2,3,4013,4013,0,4013,19662,23675,1.074757039621231,1.1605463214216265,0,1,2,1,1
28,3,3933,00:00:00.2920000,2,6,8,8005,8012,4,8016,37089,45105,1.1486570893191754,1.3388965557529313,0,1,2,1,1
28,4,4228,00:00:00.3330000,3,10,18,15543,15559,448,16007,70355,86362,1.2255034420639517,1.5381104044292406,0.010954824276268482,1,3,2,1
28,5,4524,00:00:00.3540000,3,14,32,29443,29515,2524,32039,132713,164752,1.325782019495296,1.7877493911883284,0.018091898411512375,1,3,2,1
28,6,4814,00:00:00.3670000,3,36,72,54219,54494,9603,64097,243943,308040,1.4635091019753224,1.9985314961895153,0.02235642448067665,1,3,2,1
28,7,5124,00:00:00.3950000,5,58,120,97664,98163,30118,128281,453567,581848,1.6079722313237221,1.947562571239853,0.04532217979431152,2,5,2,2
28,8,5452,00:00:00.4430000,6,81,216,172265,173287,83180,256467,836986,1093453,1.7380779612805852,1.7044053766929899,0.06474712491035461,2,6,3,1.6666666
28,9,5810,00:00:00.5790000,8,177,416,299725,302157,210417,512574,1544218,2056792,1.8553040286929685,1.4664741890799537,0.0956869050860405,2,8,5,1.4
28,10,6218,00:00:00.7110000,9,308,800,510386,517142,507573,1024715,2890274,3914989,1.954673521609135,1.3335252864725886,0.1378772258758545,2,9,6,1.3333334
28,11,6685,00:00:01.0310000,12,545,1493,859865,877612,1170411,2048023,5431621,7479644,2.053154855704093,1.3599915576854358,0.22233235836029053,2,12,9,1.2222222
28,12,7226,00:00:01.6630000,19,1027,2966,1437274,1479435,2619604,4099039,10253883,14352922,2.1931608030201617,1.6689972708097272,0.33730244636535645,2,19,16,1.125
28,13,7837,00:00:03.0170000,27,1739,5566,2386058,2491724,5702894,8194618,19086875,27281493,2.4020610563531983,2.6823277028128194,0.46742141246795654,2,27,24,1.0833334
28,14,8519,00:00:08.0200000,40,2976,10394,3934698,4203497,12183726,16387223,35038399,51425622,2.6694117312179992,5.137081563611874,0.572578489780426,3,40,33,1.1818181
28,15,9284,00:00:21.7850000,56,5335,19475,6420453,7068701,25722010,32790711,63901174,96691885,2.9363527775999607,7.495755956305061,0.5232705473899841,3,57,47,1.1914893
28,16,10148,00:00:51.7170000,72,9380,36672,10225472,11878721,53691826,65570547,116327332,181897879,3.23671875488975,10.395852710041412,0.5437497496604919,4,73,57,1.2631578
28,17,11106,00:01:52.9130000,100,16224,68311,16450323,20166346,110961892,131128238,209391981,340520219,3.720238198362427,23.282849639764866,0.5451246500015259,4,101,78,1.2820513
28,18,12143,00:03:53.9300000,112,28497,126767,27321555,34575106,227576306,262151412,370648717,632800129,4.388298433233394,34.58217262291251,0.5988267660140991,5,113,78,1.4358975
28,19,13267,00:07:53.7210000,107,49208,235345,47392339,59447945,465052680,524500625,650494983,1174995608,5.121373414382439,26.93562067129986,0.6120143532752991,4,108,69,1.5507246
28,20,14465,00:15:34.2420000,81,84102,432771,83244321,103160124,945806092,1048966216,1120492177,2169458393,6.021156494267038,14.63482935785407,0.5527085065841675,4,82,58,1.3965517
2,0,2379,00:00:00.0720000,1,1,1,1001,1001,0,1001,4036,5037,1,1,0,0,1,1,0
2,1,2720,00:00:00.0910000,1,2,2,2000,2002,0,2002,9043,11045,1,1,0,0,1,1,0
2,2,3073,00:00:00.1240000,2,4,4,4010,4012,0,4012,19394,23406,1.001995012468828,1.0039980143919136,0,1,2,1,1
2,3,3396,00:00:00.1340000,2,4,5,7986,7993,10,8003,37979,45982,1.0037565740045078,1.0075413885665452,0,1,2,1,1
2,4,3749,00:00:00.1460000,2,13,22,15504,15533,471,16004,77388,93392,1.0086429308565532,1.0174352006318501,0,1,2,1,1
2,5,4106,00:00:00.1630000,2,22,48,29281,29386,2677,32063,152837,184900,1.0149243536764454,1.0302939624281782,0,1,2,1,1
2,6,4509,00:00:00.1870000,5,31,77,53354,53623,10453,64076,307586,371662,1.037466731641489,1.0782557467836686,0.017939403653144836,1,5,4,1
2,7,4958,00:00:00.2420000,9,64,162,94999,95440,32728,128168,611392,739560,1.0887483026137117,1.1976001554643123,0.04237838834524155,1,9,8,1
2,8,5440,00:00:00.3140000,14,71,275,166003,167126,89241,256367,1173877,1430244,1.1907857086920115,1.473389795550467,0.08436890691518784,2,14,12,1.0833334
2,9,5944,00:00:00.4900000,18,176,533,287168,290147,222398,512545,2166300,2678845,1.3828351348339647,2.132867148558215,0.15656857192516327,2,18,15,1.1333333
2,10,6458,00:00:00.7370000,22,327,981,494489,502805,521982,1024787,3852420,4877207,1.6517131826997162,3.106736730007198,0.2306940257549286,2,22,19,1.1052631
2,11,6977,00:00:01.1190000,25,544,1717,845490,867969,1182220,2050189,6664528,8714717,1.9652674780304913,3.7816773869602573,0.2840438783168793,3,25,20,1.2
2,12,7513,00:00:01.7710000,33,958,3045,1443969,1493558,2606988,4100546,11422910,15523456,2.323900997874608,4.844696014150646,0.2915787696838379,4,33,26,1.2307693
2,13,8070,00:00:03.0210000,38,1736,5522,2455115,2566238,5628607,8194845,19455859,27650704,2.7428116401879343,7.0287923917465935,0.30091872811317444,4,38,28,1.3214285
2,14,8654,00:00:05.4810000,43,2944,9912,4219306,4428207,11966894,16395101,33085737,49480838,3.2576938008288567,9.723064810979718,0.3170943856239319,5,43,31,1.3548387
2,15,9266,00:00:12.9470000,41,5013,17887,7266018,7669835,25115642,32785477,56131878,88917355,3.866009552962847,9.347465413076293,0.3247368633747101,5,42,29,1.4137931
2,16,9916,00:00:30.7380000,36,8768,32239,12540112,13248466,52327063,65575529,95505009,161080538,4.473533091251498,5.263445976935686,0.30866146087646484,5,37,25,1.44
2,17,10629,00:01:06.8390000,39,14952,58768,21367396,22620839,108563264,131184103,164925637,296109740,5.007055375395298,3.670958735610208,0.35362666845321655,4,40,27,1.4444444
2,18,11437,00:02:21.6240000,38,26719,110575,35425839,38148630,224120336,262268966,291079941,553348907,5.436298093038813,3.4533166597178213,0.28581318259239197,6,39,26,1.4615384
2,19,12364,00:05:01.6490000,39,46538,208473,56999128,63752329,460721955,524474284,519403744,1043878028,5.815031222933796,3.2058359838226713,0.27557510137557983,5,40,31,1.2580645
2,20,13435,00:10:56.6450000,50,82477,396899,90866686,107477114,941294378,1048771492,938680346,1987451838,6.380553869874818,3.9266397140315292,0.23047080636024475,5,51,43,1.1627907
29,0,2396,00:00:00.0610000,2,3,4,1002,1003,0,1003,5609,6612,1.0069860279441119,1.0140696432491885,0,1,2,1,1
29,1,2702,00:00:00.0880000,2,2,4,2002,2002,0,2002,9829,11831,1.0159840159840159,1.0324787038363863,0,1,2,1,1
29,2,2999,00:00:00.1230000,3,3,5,4014,4014,0,4014,18478,22492,1.0373692077727952,1.0776273879916272,0.007028079126030207,1,3,2,1
29,3,3326,00:00:00.1700000,2,3,8,7987,7994,8,8002,37489,45491,1.073118818079379,1.156798066761529,0,1,2,1,1
29,4,3643,00:00:00.2160000,3,6,18,15582,15587,419,16006,72672,88678,1.1341291233474522,1.3030170275006832,0.008683335036039352,1,3,2,1
29,5,3962,00:00:00.2490000,3,10,36,29444,29473,2579,32052,139921,171973,1.2243241407417471,1.5355364169759513,0.014398390427231789,1,3,2,1
29,6,4277,00:00:00.2990000,3,22,67,54005,54171,9865,64036,260625,324661,1.3444681048051106,1.8276545563902178,0.016204802319407463,1,3,2,1
29,7,4609,00:00:00.3370000,6,52,134,97382,97687,30590,128277,484821,613098,1.4946191287917685,2.0260318378387456,0.01784650795161724,2,6,4,1.25
29,8,4954,00:00:00.4220000,7,107,252,171603,172675,83717,256392,887026,1143418,1.6609499833918988,1.9222965083042687,0.020288925617933273,2,7,5,1.2
29,9,5326,00:00:00.5270000,8,175,445,297277,300511,211668,512179,1621308,2133487,1.8178062884111452,1.6816131221847965,0.022971728816628456,2,8,6,1.1666666
29,10,5734,00:00:00.6510000,15,284,801,511481,518227,506275,1024502,2963190,3987692,1.9743450880873386,1.5799385584688557,0.030194487422704697,3,15,12,1.1666666
29,11,6189,00:00:00.9160000,19,517,1485,869045,885220,1165158,2050378,5438199,7488577,2.1493582035452707,1.7507308025678319,0.043514277786016464,3,19,16,1.125
29,12,6696,00:00:01.5330000,24,917,2804,1466833,1505318,2593561,4098879,9945322,14044201,2.3983664125363964,2.5072002819839754,0.07886625081300735,4,24,20,1.15
29,13,7236,00:00:02.5440000,26,1580,5085,2503175,2596972,5602402,8199374,17723124,25922498,2.899340637390514,4.8802702299582394,0.1355856955051422,4,26,22,1.1363636
29,14,7747,00:00:04.3040000,26,2861,9219,4541869,4709206,11689575,16398781,29576469,45975250,4.098800956170246,5.135454115457797,0.24529597163200378,4,26,21,1.1904762
29,15,8210,00:00:07.0880000,21,4951,16008,8333047,8579368,24218182,32797550,46963207,79760757,5.261582347969476,1.8485737751015534,0.14786039292812347,4,21,16,1.25
29,16,8698,00:00:12.9420000,12,8562,28514,14407021,14818219,50796928,65615147,76618899,142234046,5.795736398246383,1.2007226369513384,0.0706089660525322,4,12,7,1.5714285
29,17,9268,00:00:32.9220000,8,14811,52732,23700494,24589695,106538122,131127817,131894509,263022326,5.965358401390283,1.0589166191988761,0.023524025455117226,4,9,5,1.6
29,18,9964,00:01:27.5100000,13,26275,100795,38119936,40221311,222062383,262283694,239425712,501709406,6.021476741199145,1.0640509475621445,0.023593924939632416,2,13,11,1.0909091
29,19,10822,00:03:41.1300000,25,46568,195487,59702633,65505851,458929719,524435570,450884733,975320303,6.08834638834103,1.1893799816240112,0.07213595509529114,2,25,23,1.0434783
29,20,11868,00:09:01.8150000,50,83050,382008,89820898,107642443,941232577,1048875020,861265104,1910140124,6.28988535607827,1.742134260072768,0.20683568716049194,2,50,42,1.1666666
30,0,3706,00:00:00.0530000,1,1,1,1001,1001,0,1001,4912,5913,1,1,0,0,1,1,0
30,1,4085,00:00:00.1280000,1,1,2,2001,2001,0,2001,10230,12231,1,1,0,0,1,1,0
30,2,4393,00:00:00.1520000,1,3,4,4009,4017,0,4017,18871,22888,1,1,0,0,1,1,0
30,3,4795,00:00:00.2950000,1,8,14,7996,8010,9,8019,42387,50406,1,1,0,0,1,1,0
30,4,5131,00:00:00.3150000,1,6,20,15521,15549,483,16032,80581,96613,1,1,0,0,1,1,0
30,5,5518,00:00:00.3490000,2,11,37,29146,29234,2789,32023,163328,195351,1.0028134220819322,1.0056426277176216,0,1,2,1,1
30,6,5931,00:00:00.3760000,5,30,79,53225,53357,10713,64070,322569,386639,1.007665570690465,1.0154936136409547,0.00727170892059803,1,5,4,1
30,7,6398,00:00:00.4290000,8,59,147,94869,95235,32975,128210,639049,767259,1.0243177434146034,1.0503351503245115,0.0215586069971323,1,8,7,1
30,8,6926,00:00:00.4870000,11,93,288,164024,165606,90435,256041,1255536,1511577,1.0637162854216455,1.1398054075733794,0.05352148413658142,1,11,10,1
30,9,7508,00:00:00.6240000,20,181,571,281911,285731,226573,512304,2401587,2913891,1.1856543377165134,1.4797448125785848,0.1366984248161316,2,20,18,1.0555556
30,10,8104,00:00:00.8880000,31,326,1026,482696,492124,532149,1024273,4358634,5382907,1.4424068150554386,2.644155239506282,0.2715212404727936,3,31,26,1.1538461
30,11,8676,00:00:01.3150000,34,592,1844,830077,856154,1193944,2050098,7448074,9498172,1.8505680798287387,6.409884470193794,0.4051285684108734,3,34,27,1.2222222
30,12,9224,00:00:02.0140000,41,999,3220,1442834,1493636,2606497,4100133,12299624,16399757,2.3722673571595903,9.786397412987226,0.38994351029396057,3,41,31,1.2903225
30,13,9758,00:00:03.1720000,42,1641,5541,2508822,2602858,5589146,8192004,19991458,28183462,2.9311182698493554,6.17295513436576,0.2960607409477234,4,42,29,1.4137931
30,14,10309,00:00:05.2150000,35,2897,9766,4310838,4498285,11889354,16387639,32858391,49246030,3.4174014425965438,3.3046392171890817,0.20240269601345062,4,35,23,1.4782609
30,15,10914,00:00:09.1950000,31,5007,17597,7275671,7631476,25137325,32768801,55691795,88460596,3.7608711279000935,2.124877270644127,0.13049334287643433,4,32,23,1.3478261
30,16,11610,00:00:19.1630000,30,8785,32562,12016762,12773489,52818984,65592473,97978794,163571267,4.00301728535524,1.8300743865430924,0.09869987517595291,4,31,22,1.3636364
30,17,12423,00:00:55.5530000,34,15396,61618,19340151,21260658,109847577,131108235,177223549,308331784,4.248076036221227,2.2780163910811577,0.09713982790708542,4,35,29,1.1724138
30,18,13368,00:02:25.8090000,57,27296,117450,30818746,35581705,226576557,262158262,324586016,586744278,4.601912777372577,4.482222666070066,0.1320795863866806,5,58,46,1.2391304
30,19,14446,00:05:45.4780000,79,48052,223428,48633740,60200547,464176895,524377442,593377082,1117754524,5.152831470497643,9.871037033602514,0.2664714753627777,5,80,62,1.2741935
30,20,15609,00:12:30.3570000,81,84604,419515,82675946,104946636,943690946,1048637582,1048407265,2097044847,6.242951281138047,17.386369429453065,0.3047155439853668,5,82,58,1.3965517
31,0,2723,00:00:00.0480000,1,1,1,1007,1007,0,1007,5096,6103,1,1,0,0,1,1,0
31,1,3116,00:00:00.0680000,1,2,4,2007,2008,0,2008,10742,12750,1,1,0,0,1,1,0
31,2,3436,00:00:00.0920000,2,2,6,4012,4012,0,4012,19967,23979,1.003988035892323,1.0080078627852767,0,1,2,1,1
31,3,3786,00:00:00.0990000,2,6,13,8007,8014,9,8023,40060,48083,1.0053703009866366,1.0107983152603877,0,1,2,1,1
31,4,4142,00:00:00.1080000,2,10,22,15507,15531,471,16002,80293,96295,1.0047720384342556,1.009589677570322,0,1,2,1,1
31,5,4512,00:00:00.1190000,3,15,35,29163,29212,2835,32047,159814,191861,1.0121043788361965,1.0245551598293938,0.008691655471920967,1,3,2,1
31,6,4928,00:00:00.1480000,3,25,70,53188,53416,10683,64099,320790,384889,1.0288222907422726,1.0596580770392752,0.023541294038295746,1,3,2,1
31,7,5380,00:00:00.1780000,8,39,138,94836,95271,32869,128140,628673,756813,1.0770593445527015,1.170015398469928,0.04061282426118851,1,8,7,1
31,8,5866,00:00:00.2410000,12,101,295,165664,166612,89475,256087,1195896,1451983,1.1716969287231989,1.4308178141325498,0.08696785569190979,1,12,11,1
31,9,6379,00:00:00.3640000,17,171,547,286424,289552,222931,512483,2206340,2718823,1.3406627936206463,2.0692325167860086,0.1656709760427475,2,17,15,1.0666667
31,10,6911,00:00:00.6450000,19,334,1006,488368,498657,525754,1024411,3955105,4979516,1.570659830291911,3.16419926145496,0.26726236939430237,2,19,17,1.0588236
31,11,7466,00:00:01.0910000,28,578,1818,833261,854994,1193891,2048885,6964432,9013317,1.8033485306524606,3.7612653282590984,0.3407801687717438,2,28,25,1.08
31,12,8068,00:00:01.8500000,37,975,3320,1401029,1449703,2650752,4100455,12326543,16426998,2.013269532607819,3.8126625602718733,0.3589593172073364,3,37,33,1.0909091
31,13,8728,00:00:03.5910000,45,1718,6056,2340559,2454467,5744345,8198812,21872515,30071327,2.2673425450928604,4.847942921362073,0.3482288718223572,3,45,40,1.1
31,14,9434,00:00:09.7260000,48,3004,10966,3906194,4188690,12201947,16390637,38342746,54733383,2.6641393131011926,7.7172312114564985,0.3504471778869629,3,48,41,1.1463414
31,15,10175,00:00:24.1010000,53,5294,19846,6611630,7202763,25581018,32783781,66219006,99002787,3.1757103770174675,7.08544821976513,0.3363087773323059,4,54,44,1.2045455
31,16,10963,00:00:51.7750000,56,9111,35995,11194310,12315975,53244840,65560815,113960397,179521212,3.672316114168716,3.876036218217384,0.2913886308670044,4,57,45,1.2444445
31,17,11831,00:01:45.7670000,55,15656,65721,18544328,20865621,110304783,131170404,198409723,329580127,4.090433689481765,3.253305374132388,0.35656994581222534,5,56,42,1.3095238
31,18,12805,00:03:34.0720000,64,27436,122069,30263906,35239320,226937713,262177033,350184467,612361500,4.529047539336132,5.572915945018791,0.2220035344362259,4,65,48,1.3333334
31,19,13902,00:07:20.5450000,85,48169,228968,48698591,59690866,464690826,524381692,623646816,1148028508,5.057514210216062,12.950476340984906,0.35972800850868225,5,86,65,1.3076923
31,20,15115,00:15:06.9090000,108,84396,429675,79754329,101888656,946866322,1048754978,1100389667,2149144645,5.783935151658037,26.570075104156356,0.39122360944747925,5,109,77,1.4025974
32,0,3852,00:00:00.0670000,1,1,2,1002,1002,0,1002,5404,6406,1,1,0,0,1,1,0
32,1,4179,00:00:00.0980000,1,1,3,2013,2013,0,2013,10112,12125,1,1,0,0,1,1,0
32,2,4521,00:00:00.1290000,2,4,7,3999,4001,0,4001,20045,24046,1.0012503125781445,1.0025037799258882,0,1,2,1,1
32,3,4854,00:00:00.1370000,3,4,12,7996,7999,9,8008,38889,46897,1.008504252126063,1.0171788970753781,0,1,3,2,1
32,4,5197,00:00:00.1560000,4,8,19,15545,15556,469,16025,77485,93510,1.0249597941460276,1.0514741690486542,0.015858817845582962,1,4,3,1
32,5,5551,00:00:00.1670000,4,20,39,29214,29329,2720,32049,152686,184735,1.0502841103580476,1.1069126986705837,0.03316301107406616,1,4,3,1
32,6,5946,00:00:00.1850000,7,31,76,53285,53493,10529,64022,305046,369068,1.1018673172562634,1.2315731574568372,0.05278804898262024,1,7,6,1
32,7,6360,00:00:00.2170000,10,63,156,95522,95993,32271,128264,585811,714075,1.1964573606080275,1.5039158398555164,0.09016916900873184,1,10,9,1
32,8,6793,00:00:00.2720000,13,100,284,167494,168756,87268,256024,1090039,1346063,1.3441496411811766,2.0373292569453962,0.1500762403011322,2,13,11,1.0909091
32,9,7242,00:00:00.3760000,18,190,530,290851,294083,218216,512299,1974683,2486982,1.540108165349268,2.8192084142990894,0.2236725240945816,2,18,14,1.2142857
32,10,7711,00:00:00.6270000,21,324,937,498639,507379,516974,1024353,3517795,4542148,1.7498430728442822,3.1228253391012784,0.30117031931877136,2,21,17,1.1764706
32,11,8220,00:00:00.9860000,28,576,1705,846033,866478,1183986,2050464,6284573,8335037,1.936507204801704,3.0438990617655315,0.35318711400032043,2,28,23,1.173913
32,12,8784,00:00:01.6670000,35,982,3147,1420283,1468792,2628554,4097346,11310183,15407529,2.1263818548838507,3.369583218288613,0.3865254819393158,2,35,30,1.1333333
32,13,9409,00:00:03.2520000,42,1785,5859,2354884,2485773,5711885,8197658,20338346,28536004,2.3683226010283307,4.838683529455343,0.41176837682724,3,42,34,1.2058823
32,14,10095,00:00:09.0580000,49,3035,10582,3867121,4208751,12190957,16399708,36373789,52773497,2.6726076065372664,7.511001447385626,0.46238481998443604,3,49,37,1.2972972
32,15,10849,00:00:23.0410000,64,5295,19448,6381763,7111476,25663456,32774932,64799969,97574901,3.010905450421772,9.429186333811153,0.5334156155586243,4,65,49,1.3061224
32,16,11686,00:00:52.4550000,78,9260,36286,10476893,12042145,53541520,65583665,115544319,181127984,3.4135002619574335,12.98569003477108,0.5462473630905151,4,79,55,1.4181818
32,17,12601,00:01:51.0180000,89,16053,67328,17435327,20518889,110609031,131127920,204445977,335573897,3.9352668292369852,17.854506476456017,0.49741441011428833,4,90,64,1.390625
32,18,13601,00:03:46.1080000,93,28069,124771,29124009,34990287,227227288,262217575,360123831,622341406,4.498587059219766,18.64362093497572,0.536587119102478,4,94,64,1.453125
32,19,14713,00:07:41.2760000,98,48372,232510,48128869,59310234,465071854,524382088,637326620,1161708708,5.006712125315058,17.148079146024138,0.5987421870231628,4,99,75,1.3066666
32,20,15939,00:15:37.6770000,98,84664,433600,78902015,102069847,946733473,1048803320,1119662014,2168465334,5.863315176424836,18.863290073916552,0.5894998908042908,4,99,71,1.3802817
33,0,2067,00:00:00.0530000,1,1,2,1001,1001,0,1001,4658,5659,1,1,0,0,1,1,0
33,1,2389,00:00:00.3820000,1,1,2,2005,2005,0,2005,9365,11370,1,1,0,0,1,1,0
33,2,2751,00:00:00.4180000,1,1,4,4005,4005,0,4005,19768,23773,1,1,0,0,1,1,0
33,3,3100,00:00:00.5180000,1,4,9,7992,8005,11,8016,39875,47891,1,1,0,0,1,1,0
33,4,3477,00:00:00.5440000,2,5,14,15521,15526,477,16003,82003,98006,1.0011597190902648,1.002322145095429,0,1,2,1,1
33,5,3848,00:00:00.5650000,2,15,33,29233,29267,2762,32029,160533,192562,1.002599801594089,1.0052130689312015,0,1,2,1,1
33,6,4259,00:00:00.6080000,3,32,79,53296,53517,10575,64092,318834,382926,1.0095129090363255,1.0192342104896241,0.0053223674185574055,1,3,2,1
33,7,4725,00:00:00.6650000,7,58,159,94514,94988,33161,128149,636123,764272,1.0266838775207905,1.055209589883244,0.017131375148892403,1,7,6,1
33,8,5250,00:00:00.7410000,10,101,303,163658,165457,90730,256187,1250650,1506837,1.0746006916863216,1.1619349379439652,0.045836612582206726,2,10,8,1.125
33,9,5821,00:00:00.8850000,19,195,577,282122,286080,226207,512287,2375655,2887942,1.207988033545771,1.5145781297439027,0.10549326986074448,2,19,17,1.0588236
33,10,6405,00:00:01.1330000,27,351,1090,483464,494534,529859,1024393,4292193,5316586,1.5001882249764202,2.6366129727039183,0.1923273801803589,2,27,25,1.04
33,11,6953,00:00:01.5960000,34,590,1878,835346,863780,1185428,2049208,7250488,9299696,1.9472793309598657,4.954525751311026,0.2576866149902344,3,34,30,1.1
33,12,7479,00:00:02.2690000,41,1021,3248,1447888,1503146,2597829,4100975,11913240,16014215,2.416048064491176,5.340950567920852,0.26644957065582275,3,41,34,1.1764706
33,13,8018,00:00:03.5490000,42,1683,5585,2474081,2585772,5610732,8196504,19693328,27889832,2.8045072089394,4.238734145466958,0.2421906441450119,4,42,34,1.2058823
33,14,8605,00:00:07.2210000,39,3023,10004,4155011,4394013,11991958,16385971,33419886,49805857,3.1405813366077733,4.121177060933535,0.2155935913324356,4,39,31,1.2258065
33,15,9261,00:00:18.0890000,42,5219,18204,6989729,7440532,25347252,32787784,58176944,90964728,3.48807528875583,5.356198671205101,0.20245906710624695,4,43,32,1.3125
33,16,9994,00:00:41.1850000,44,8977,33722,11656134,12587694,52967747,65555441,102627859,168183300,3.873051133420395,6.689956104502878,0.19180554151535034,4,45,34,1.2941177
33,17,10817,00:01:29.2240000,54,15743,62778,19290331,21299414,109823807,131123221,182713882,313837103,4.306371311098809,6.567705236297633,0.2714098393917084,5,55,39,1.3846154
33,18,11741,00:03:07.2250000,66,27463,117813,31789921,36100940,226192698,262293638,326732598,589026236,4.810338754852521,5.462505622510534,0.266426682472229,5,67,49,1.3469387
33,19,12772,00:06:31.2980000,75,48036,221875,52861777,61657559,462860108,524517667,583895659,1108413326,5.479855472887338,6.90609302055317,0.2834118902683258,6,76,57,1.3157895
33,20,13885,00:13:21.6250000,68,84272,413679,89301864,106068596,942841790,1048910386,1018430264,2067340650,6.290147717409348,5.747828007218857,0.34084218740463257,5,69,49,1.3877552
34,0,2095,00:00:00.0390000,1,1,1,1002,1002,0,1002,4614,5616,1,1,0,0,1,1,0
34,1,2454,00:00:00.3410000,1,1,2,2005,2005,0,2005,9935,11940,1,1,0,0,1,1,0
34,2,2824,00:00:00.3930000,1,3,5,4000,4002,0,4002,20681,24683,1,1,0,0,1,1,0
34,3,3193,00:00:00.4580000,1,4,10,8013,8018,7,8025,41737,49762,1,1,0,0,1,1,0
34,4,3538,00:00:00.4830000,2,7,19,15524,15537,471,16008,80455,96463,1.0035429013140944,1.0071109038098562,0,1,2,1,1
34,5,3895,00:00:00.5060000,3,14,34,29294,29343,2669,32012,155158,187170,1.0069980200723698,1.014112763853571,0.0039479974657297134,1,3,2,1
34,6,4309,00:00:00.5530000,3,33,77,53199,53456,10585,64041,314564,378605,1.0174627342619222,1.0356754157087582,0.015425708144903183,1,3,2,1
34,7,4763,00:00:00.6030000,6,54,146,94435,95076,33018,128094,623311,751405,1.0438926245565734,1.0929147481706665,0.028328755870461464,1,6,5,1
34,8,5270,00:00:00.6720000,12,101,293,165109,166224,90018,256242,1215805,1472047,1.1276066113900514,1.289834210335464,0.07464528828859329,2,12,10,1.1
34,9,5810,00:00:00.8000000,15,196,593,284571,287449,224609,512058,2279909,2791967,1.294805162859181,1.8105290261253901,0.16773244738578796,2,15,13,1.0769231
34,10,6351,00:00:01.0690000,17,355,1078,490338,499521,525444,1024965,4053417,5078382,1.6110784805583087,3.246211946387342,0.31304222345352173,2,17,15,1.0666667
34,11,6871,00:00:01.4610000,21,555,1801,848686,870345,1179667,2050012,6864389,8914401,2.0216876441934946,4.674091042612714,0.43162381649017334,3,21,17,1.1764706
34,12,7388,00:00:02.0980000,24,957,3088,1457816,1505543,2593535,4099078,11451374,15550452,2.41280312467417,3.3470177233415908,0.43381693959236145,3,24,19,1.2105263
34,13,7936,00:00:03.3270000,27,1647,5521,2468571,2568441,5632669,8201110,19371042,27572152,2.7229753569980364,2.1306433157946207,0.355062335729599,3,27,21,1.2380953
34,14,8547,00:00:06.7310000,30,2934,10055,4111126,4330955,12063728,16394683,33678812,50073495,2.961871516465319,1.7239045080568962,0.22759465873241425,3,30,24,1.2083334
34,15,9247,00:00:18.5950000,30,5166,18692,6699687,7254509,25518216,32772725,60120320,92893045,3.2019489865720594,1.9643080874339525,0.14668141305446625,3,31,26,1.1538461
34,16,10044,00:00:44.7100000,48,9039,34750,11022067,12203641,53335919,65539560,108466067,174005627,3.5384267760303034,3.5620703042565287,0.16330255568027496,3,49,39,1.2307693
34,17,10935,00:01:39.1830000,60,16000,65391,17872533,20684993,110481653,131166646,195112358,326279004,3.9843423984725614,7.399585241332042,0.2099715769290924,4,61,47,1.2765957
34,18,11921,00:03:28.9680000,82,27701,122239,29543169,35192978,227087209,262280187,348671734,610951921,4.538444538566597,13.08237032220525,0.2831113338470459,4,83,62,1.3225807
34,19,13011,00:07:14.5960000,80,48236,228511,48515024,60027620,464421085,524448705,620310344,1144759049,5.16885637323399,16.506579182175376,0.31301969289779663,4,81,60,1.3333334
34,20,14202,00:14:50.4340000,84,84142,425996,81660845,102688099,946212370,1048900469,1087498470,2136398939,5.902796229943494,14.544620670555327,0.45269110798835754,5,85,59,1.4237288
35,0,2284,00:00:00.0490000,2,2,3,1005,1005,0,1005,3997,5002,1.0029850746268656,1.005987941192254,0,1,2,1,1
35,1,2660,00:00:00.0920000,2,3,4,2007,2009,0,2009,9327,11336,1.018435475834579,1.0375502108209835,0,1,2,1,1
35,2,2988,00:00:00.1180000,4,6,7,4017,4021,0,4021,19017,23038,1.0268857356235996,1.0554906544871672,0.010668493807315826,1,4,3,1
35,3,3304,00:00:00.1360000,5,7,10,7994,7998,5,8003,37022,45025,1.046534901175882,1.0985475418561925,0.02740745060145855,1,5,4,1
35,4,3630,00:00:00.1520000,5,10,18,15558,15567,439,16006,73484,89490,1.0866435274456872,1.1929287981652859,0.05524401739239693,1,5,4,1
35,5,3978,00:00:00.1740000,5,7,30,29353,29355,2680,32035,147919,179954,1.1503083160153988,1.3619238114496213,0.09706245362758636,1,5,4,1
35,6,4321,00:00:00.1890000,5,24,60,53809,53874,10192,64066,280161,344227,1.2614060844840083,1.7185107764320366,0.17157576978206635,1,5,4,1
35,7,4675,00:00:00.2110000,5,34,101,96726,96979,31151,128130,518963,647093,1.3970700742303,2.2313529366682188,0.2579991817474365,1,5,4,1
35,8,5045,00:00:00.2500000,6,78,213,170342,171087,84918,256005,950587,1206592,1.5607072829953859,2.7902189903275048,0.3701280355453491,2,6,4,1.25
35,9,5443,00:00:00.3310000,6,167,426,295522,298119,214114,512233,1735589,2247822,1.715960233079094,2.8601191530529926,0.4651409983634949,2,6,4,1.25
35,10,5879,00:00:00.5360000,9,282,789,505691,512804,512413,1025217,3173555,4198772,1.8519510926633063,2.569575044144403,0.4643521308898926,2,9,7,1.1428572
35,11,6373,00:00:00.8810000,14,543,1542,850472,869532,1180481,2050013,5865949,7915962,1.9597976182637407,2.362439935875496,0.49105727672576904,2,14,10,1.3
35,12,6939,00:00:01.5870000,25,1005,3017,1414344,1462759,2633847,4096606,10912044,15008650,2.0784943408392866,2.4932787916213957,0.47313955426216125,3,25,20,1.2
35,13,7584,00:00:03.1200000,37,1684,5634,2332205,2460048,5732693,8192741,20237524,28430265,2.2603201691103485,3.329826617852461,0.48031336069107056,3,37,32,1.125
35,14,8300,00:00:08.6460000,58,3004,10608,3864613,4160986,12231521,16392507,36963162,53355669,2.569720693896129,5.748213720410197,0.42866796255111694,3,58,49,1.1632653
35,15,9077,00:00:23.3370000,76,5308,19846,6411644,7065433,25727085,32792518,66232263,99024781,2.9659614601184967,8.092462431322737,0.393108993768692,4,77,64,1.1875
35,16,9918,00:00:53.1780000,77,9164,36645,10566167,12042466,53502412,65544878,117181180,182726058,3.436571369731332,8.308799103586743,0.3496733605861664,5,78,61,1.2622951
35,17,10823,00:01:50.9660000,69,16181,67529,17613573,20669553,110477133,131146686,205056790,336203476,4.040172598711233,7.7244713382322825,0.28805628418922424,5,70,50,1.38
35,18,11793,00:03:42.0460000,66,27594,123812,30266062,35554389,226631796,262186185,355964690,618150875,4.707399859287937,10.638652443008283,0.43162399530410767,4,67,48,1.375
35,19,12852,00:07:23.0940000,71,48215,229527,51769903,60834345,463731155,524565500,619950685,1144516185,5.318803958353949,8.571113817936297,0.3990844190120697,4,72,51,1.3921568
35,20,14024,00:14:52.6200000,76,83234,425975,83810710,102619340,946458999,1049078339,1079234025,2128312364,5.812320442101015,4.732169375237075,0.3770102560520172,4,77,57,1.3333334
36,0,2029,00:00:00.0400000,1,1,2,1002,1002,0,1002,5239,6241,1,1,0,0,1,1,0
36,1,2321,00:00:00.0850000,1,1,2,2001,2001,0,2001,9196,11197,1,1,0,0,1,1,0
36,2,2701,00:00:00.1300000,1,3,4,4005,4008,0,4008,20358,24366,1,1,0,0,1,1,0
36,3,3043,00:00:00.1620000,2,5,12,7991,8002,8,8010,39663,47673,1.0013765486171944,1.0027569284707314,0,1,2,1,1
36,4,3391,00:00:00.1710000,4,10,23,15515,15541,483,16024,78858,94882,1.0069610054785691,1.01404865081141,0,1,4,3,1
36,5,3766,00:00:00.2070000,5,19,41,29242,29307,2739,32046,158167,190213,1.01398673141372,1.0284941507852912,0.010117664933204651,1,5,4,1
36,6,4175,00:00:00.2270000,6,27,81,53425,53590,10463,64053,315056,379109,1.0319138979878335,1.0666265132603119,0.025425005704164505,1,6,5,1
36,7,4619,00:00:00.2610000,9,49,151,95065,95419,32759,128178,615427,743605,1.0708462630831537,1.1563721239385143,0.05135354772210121,1,9,8,1
36,8,5114,00:00:00.3270000,10,109,297,165443,166811,89640,256451,1192016,1448467,1.1670847361326862,1.4245602483222852,0.11595508456230164,1,10,9,1
36,9,5629,00:00:00.4490000,16,189,542,285514,289243,222989,512232,2206505,2718737,1.3408659470288673,2.1283047964141057,0.21003907918930054,2,16,14,1.0714285
36,10,6156,00:00:00.7380000,20,321,988,490166,500206,524003,1024209,3933741,4957950,1.5788977611666253,3.64986222941913,0.3351520597934723,2,20,17,1.117647
36,11,6708,00:00:01.1540000,28,546,1789,836455,856794,1191865,2048659,6926312,8974971,1.8260659569253577,5.187483491736751,0.417696475982666,2,28,24,1.125
36,12,7300,00:00:01.8980000,32,996,3276,1403889,1456223,2643524,4099747,12192207,16291954,2.0514000750771606,5.878230579228366,0.4669160842895508,2,32,27,1.1481482
36,13,7945,00:00:03.6390000,37,1788,6070,2332242,2466668,5725774,8192442,21508243,29700685,2.3044611150986904,7.279919652961584,0.45750996470451355,2,37,31,1.1612903
36,14,8646,00:00:09.3070000,51,3032,10902,3888350,4183668,12210765,16394433,37889382,54283815,2.628207851659444,8.465695363508928,0.44750306010246277,3,51,41,1.2195122
36,15,9412,00:00:23.9650000,71,5183,19828,6481210,7085542,25696613,32782155,66758180,99540335,2.984946483758434,8.398166358908206,0.4333593249320984,4,72,57,1.245614
36,16,10252,00:00:54.0630000,78,9094,36511,10655029,12045449,53518956,65564405,117659721,183224126,3.4260605954240013,12.508751177702374,0.44882214069366455,4,79,63,1.2380953
36,17,11155,00:01:51.7010000,83,16117,67204,17841540,20687501,110410765,131098266,205317564,336415830,4.030229677482998,21.328550880461737,0.4754883348941803,4,84,62,1.3387097
36,18,12130,00:03:42.4770000,81,27876,123657,30121705,35381406,226897448,262278854,357097056,619375910,4.61226497636837,10.82694778787916,0.49319857358932495,4,82,54,1.5
36,19,13221,00:07:31.3480000,86,48186,231051,49380495,59665166,464784457,524449623,629282593,1153732216,5.0716073016279,8.108716066793106,0.4573419690132141,5,87,55,1.5636364
36,20,14445,00:15:24.3110000,94,84625,432051,79506075,101482168,947625955,1049108123,1111102942,2160211065,5.72946898711828,16.340339283369307,0.5401765704154968,4,95,67,1.4029851
37,0,2804,00:00:00.0680000,2,2,3,1002,1002,0,1002,4489,5491,1.0089820359281436,1.0181254535455997,0,1,2,1,1
37,1,3216,00:00:00.1100000,2,2,3,2010,2010,0,2010,10477,12487,1.0139303482587065,1.028248593445717,0,1,2,1,1
37,2,3642,00:00:00.1650000,2,2,5,4003,4003,0,4003,22961,26964,1.024481638770922,1.0501605029571137,0,1,2,1,1
37,3,3990,00:00:00.1840000,2,6,10,7981,7993,8,8001,42821,50822,1.037463976945245,1.0777265295559046,0,1,2,1,1
37,4,4343,00:00:00.1940000,3,9,20,15516,15538,465,16003,82308,98311,1.0566511987625677,1.119827567922481,0.007677197456359863,1,3,2,1
37,5,4671,00:00:00.2290000,4,19,43,29327,29396,2639,32035,151372,183407,1.11821870631159,1.2652208915065917,0.021541349589824677,1,4,3,1
37,6,5031,00:00:00.2450000,5,28,68,53651,53859,10194,64053,289787,353840,1.2046560175951986,1.492714314990735,0.03972934931516647,1,5,4,1
37,7,5407,00:00:00.2710000,8,49,129,96082,96531,31561,128092,544647,672739,1.341822609854083,1.8581436139724747,0.050309039652347565,1,8,7,1
37,8,5796,00:00:00.3170000,10,96,241,169295,170405,85873,256278,998543,1254821,1.5120647390649458,2.1246189417641603,0.07414346933364868,1,10,9,1
37,9,6202,00:00:00.4010000,12,173,445,294130,297357,215000,512357,1799983,2312340,1.6844184544249141,1.964679597106413,0.09997556358575821,2,12,10,1.1
37,10,6642,00:00:00.6200000,14,314,829,503121,511543,512520,1024063,3245883,4269946,1.8252547597893947,1.6287505615155222,0.11750419437885284,2,14,12,1.0833334
37,11,7139,00:00:00.9560000,20,579,1605,848046,868405,1180058,2048463,5950382,7998845,1.9337406225605687,1.4288159204756339,0.12889932096004486,2,20,18,1.0555556
37,12,7716,00:00:01.6650000,30,1009,3054,1409824,1457230,2641048,4098278,11094301,15192579,2.035996691785641,1.4315133472617307,0.1279473751783371,2,30,28,1.0357143
37,13,8381,00:00:03.2870000,45,1787,5894,2316340,2440981,5754722,8195703,20726128,28921831,2.1876926530647487,1.815232156183342,0.129388689994812,2,45,43,1.0232558
37,14,9124,00:00:08.5560000,68,3135,11002,3811903,4117593,12278822,16396415,38091229,54487644,2.463980326886597,3.54507062062713,0.1771857887506485,3,68,61,1.0983607
37,15,9931,00:00:23.9010000,90,5460,20264,6271660,6986016,25790625,32776641,68483433,101260074,2.844555348982566,10.313022914020554,0.26933014392852783,3,91,79,1.1392405
37,16,10807,00:00:55.5410000,102,9399,37426,10276202,11882750,53694961,65577711,121557777,187135488,3.288138555470202,21.453174842390634,0.34205836057662964,5,103,83,1.2289157
37,17,11746,00:01:56.8900000,104,16345,68784,17200001,20409233,110723999,131133232,212708342,343841574,3.921187853419311,23.60956171346916,0.5613946318626404,4,104,76,1.3552631
37,18,12727,00:03:50.3930000,83,28136,124866,30238411,35694201,226487374,262181575,365049394,627230969,4.813754697626142,10.583521761745548,0.4084371328353882,5,84,59,1.4067796
37,19,13744,00:07:22.0610000,58,48497,227891,54578557,62375172,462255978,524631150,617219841,1141850991,5.691948506443657,3.6939076103556396,0.26700329780578613,3,59,42,1.3809524
37,20,14840,00:14:14.2680000,40,82744,418595,92840307,106213048,942449156,1048662204,1045880669,2094542873,6.289662043017588,3.0995002589551914,0.14658135175704956,4,41,31,1.2903225
38,0,3176,00:00:00.0710000,1,2,2,1006,1007,0,1007,6084,7091,1,1,0,0,1,1,0
38,1,3510,00:00:00.0980000,2,3,3,2002,2003,0,2003,10809,12812,1.0014985014985014,1.0030015319118513,0,1,2,1,1
38,2,3846,00:00:00.1510000,2,6,9,3993,4002,0,4002,20647,24649,1.0042574505384423,1.008551131324284,0,1,2,1,1
38,3,4226,00:00:00.1720000,3,4,13,7987,7989,12,8001,43159,51160,1.0085138349818454,1.0171970881125718,0,1,3,2,1
38,4,4565,00:00:00.1940000,3,9,22,15521,15551,473,16024,81476,97500,1.0155273500418787,1.0316062935522723,0.00795011781156063,1,3,2,1
38,5,4945,00:00:00.2070000,5,12,42,29222,29236,2776,32012,162638,194650,1.03233864896311,1.0673559414139109,0.020970968529582024,1,5,4,1
38,6,5352,00:00:00.2250000,5,21,65,53552,53615,10407,64022,318517,382539,1.068307439498058,1.148722621325685,0.042622409760951996,1,5,4,1
38,7,5773,00:00:00.2550000,6,44,134,95386,95639,32489,128128,603255,731383,1.1470656071121548,1.35290028891038,0.08243534713983536,1,6,5,1
38,8,6232,00:00:00.3100000,8,101,254,167041,167963,88335,256298,1137779,1394077,1.2904137307607115,1.816450785041139,0.15107214450836182,2,8,6,1.1666666
38,9,6701,00:00:00.4200000,10,197,504,289299,292454,220243,512697,2062069,2574766,1.4889301380232909,2.5752056914542836,0.23556804656982422,2,10,7,1.2857143
38,10,7184,00:00:00.6900000,15,325,935,497940,506197,518531,1024728,3649021,4673749,1.7233060208057196,3.1354536963402757,0.3036055266857147,2,15,12,1.1666666
38,11,7693,00:00:01.0590000,20,595,1711,847845,868309,1180485,2048794,6413539,8462333,1.9608442580896273,3.211179337693152,0.36975154280662537,2,20,16,1.1875
38,12,8242,00:00:01.7270000,25,1000,3054,1428860,1480077,2617630,4097707,11295319,15393026,2.2160981481740687,3.6158365568303887,0.36287716031074524,2,25,21,1.1428572
38,13,8835,00:00:03.0120000,36,1736,5632,2409888,2518164,5677774,8195938,19855719,28051657,2.5378880678272187,4.533253446769704,0.3454698622226715,3,36,29,1.2068965
38,14,9473,00:00:05.4760000,37,2939,10075,4034292,4304153,12092336,16396489,34755574,51152063,2.918843256759798,4.7524256851798405,0.35338568687438965,3,37,30,1.2
38,15,10159,00:00:10.1950000,50,5171,18506,6840210,7366265,25428714,32794979,60607561,93402540,3.392659143505828,4.744925840496476,0.34902337193489075,4,51,38,1.3157895
38,16,10896,00:00:21.7160000,51,8871,33826,11614147,12641076,52953943,65595019,105258270,170853289,3.9512159610171973,4.384136578626866,0.30615636706352234,4,52,40,1.275
38,17,11696,00:00:58.3560000,49,15413,62330,19706729,21594624,109547030,131141654,183062584,314204238,4.483610242978426,3.824615883798089,0.24005438387393951,4,50,38,1.2894737
38,18,12594,00:02:22.9300000,40,27116,116483,32372722,36422016,225849095,262271111,323118442,585389553,4.9059667271723395,3.234741514001578,0.2596452534198761,3,41,31,1.2903225
38,19,13627,00:05:30.4880000,55,47676,220243,52014877,61049350,463362251,524411601,581085018,1105496619,5.280265067242205,4.174241108310268,0.23119835555553436,3,56,48,1.1458334
38,20,14800,00:12:11.9560000,86,83852,417286,81365898,102554128,946523734,1049077862,1040513254,2089591116,5.7707963476295685,9.439540785124509,0.26364490389823914,4,87,72,1.1944444
3,0,2112,00:00:00.0650000,1,1,2,1001,1001,0,1001,4254,5255,1,1,0,0,1,1,0
3,1,2460,00:00:00.0850000,1,1,3,2005,2005,0,2005,9123,11128,1,1,0,0,1,1,0
3,2,2871,00:00:00.1180000,1,1,3,4011,4011,0,4011,20701,24712,1,1,0,0,1,1,0
3,3,3189,00:00:00.1270000,1,3,9,8002,8005,11,8016,39593,47609,1,1,0,0,1,1,0
3,4,3542,00:00:00.1380000,1,8,20,15528,15545,456,16001,78743,94744,1,1,0,0,1,1,0
3,5,3933,00:00:00.1560000,2,22,45,29165,29258,2794,32052,162066,194118,1.0012000685753473,1.0024030402383513,0,1,2,1,1
3,6,4340,00:00:00.1830000,4,30,79,53310,53553,10562,64115,318942,383057,1.0040517726505347,1.0081471613976405,0,1,4,3,1
3,7,4806,00:00:00.2390000,7,58,155,94370,95106,33021,128127,635179,763306,1.0149305923492635,1.0304982127133284,0.014330114237964153,1,7,6,1
3,8,5339,00:00:00.3260000,14,117,312,163703,165612,90779,256391,1259312,1515703,1.0487956848683286,1.1048838070986366,0.04399901255965233,1,14,13,1
3,9,5927,00:00:00.4820000,23,165,559,280590,284789,227707,512496,2421274,2933770,1.1382408496382623,1.343083910869417,0.11715056747198105,1,23,22,1
3,10,6547,00:00:00.8350000,35,327,1054,479529,488508,535561,1024069,4456890,5480959,1.3591920405230966,2.247320525539772,0.27376019954681396,3,35,30,1.1333333
3,11,7158,00:00:01.3320000,45,579,1962,826586,847643,1201434,2049077,7752420,9801497,1.7469555496947686,5.802183511307893,0.46053221821784973,3,45,37,1.1891892
3,12,7724,00:00:02.1080000,48,994,3376,1446097,1492017,2607554,4099571,12748798,16848369,2.377429038301027,12.671433933317344,0.563788652420044,4,48,37,1.2702702
3,13,8236,00:00:03.2670000,43,1639,5585,2552928,2651271,5545018,8196289,20098130,28294419,3.1540489978565787,5.515703038295414,0.3387879729270935,4,43,32,1.3125
3,14,8741,00:00:05.3110000,34,2880,9612,4449558,4637354,11756032,16393386,31884116,48277502,3.7684075586833568,2.8817590795509407,0.2042437642812729,4,34,23,1.4347826
3,15,9289,00:00:11.2600000,28,5008,16987,7583083,7908469,24869936,32778405,52568648,85347053,4.163571465589919,2.456957641394023,0.12775376439094543,4,28,19,1.4210526
3,16,9917,00:00:27.4280000,24,8744,31190,12667837,13277701,52271062,65548763,90720602,156269365,4.448769272923231,2.4716097107470367,0.08600563555955887,4,25,19,1.2631578
3,17,10653,00:01:03.7360000,25,15029,58298,20683906,22123001,108950342,131073343,162474637,293547980,4.690634882985835,2.1523305890103868,0.11794392764568329,4,26,20,1.25
3,18,11526,00:02:24.2370000,37,26996,111918,32943868,36653603,225618896,262272499,298842225,561114724,4.917411094532069,1.8157124777636162,0.11174124479293823,3,38,33,1.1212121
3,19,12562,00:05:27.9740000,64,47879,216672,50914345,60782773,463784447,524567220,557833763,1082400983,5.185618198564668,2.179077873732029,0.10949917882680893,4,65,58,1.1034483
3,20,13751,00:12:16.3180000,97,84698,414372,75841513,101952867,946735163,1048688030,1024167895,2072855925,5.678602746229496,5.779095619367682,0.2803967297077179,4,97,78,1.2307693
39,0,2453,00:00:00.0410000,1,1,1,1001,1001,0,1001,4901,5902,1,1,0,0,1,1,0
39,1,2835,00:00:00.1340000,1,1,1,2003,2003,0,2003,10379,12382,1,1,0,0,1,1,0
39,2,3179,00:00:00.1710000,1,2,5,4005,4007,0,4007,20439,24446,1,1,0,0,1,1,0
39,3,3527,00:00:00.5310000,2,3,12,8008,8009,8,8017,40723,48740,1.0047452547452547,1.0095355225175062,0,1,2,1,1
39,4,3871,00:00:00.5440000,2,7,22,15530,15559,470,16029,79519,95548,1.012234385061172,1.02476804843384,0,1,2,1,1
39,5,4232,00:00:00.6650000,5,13,43,29281,29325,2709,32034,156116,188150,1.0306683514907278,1.06352738060846,0.013592638075351715,1,5,4,1
39,6,4628,00:00:00.6940000,7,26,77,53484,53575,10520,64095,308262,372357,1.0685438635853712,1.1484244279726734,0.029202427715063095,1,7,6,1
39,7,5054,00:00:00.7240000,8,48,152,95510,95752,32303,128055,596008,724063,1.141786200397864,1.3329234363393554,0.05559121072292328,1,8,7,1
39,8,5512,00:00:00.7780000,8,92,284,166668,167756,88271,256027,1129244,1385271,1.2697998416012672,1.7164316223602387,0.10699714720249176,1,8,7,1
39,9,5987,00:00:00.8680000,9,184,517,288597,292440,219685,512125,2062649,2574774,1.4629327401185737,2.295017662631623,0.17804545164108276,2,9,7,1.1428572
39,10,6478,00:00:01.0570000,16,312,945,496080,504532,520109,1024641,3674348,4698989,1.6781144170295115,2.487022538302638,0.2184148132801056,2,16,13,1.1538461
39,11,7004,00:00:01.4350000,21,557,1691,840508,862936,1186837,2049773,6529163,8578936,1.8822093305477163,2.2337131192210364,0.2819339632987976,2,21,16,1.25
39,12,7576,00:00:02.1470000,30,971,3114,1414170,1467259,2630602,4097861,11611938,15709799,2.131129920730888,2.369223418929757,0.3461129069328308,3,30,22,1.3181819
39,13,8175,00:00:03.4260000,39,1641,5569,2417033,2533174,5666247,8199421,20234722,28434143,2.6246592413094896,3.7546778311031703,0.4476745128631592,3,39,29,1.3103448
39,14,8764,00:00:05.6730000,39,2991,10030,4214138,4441278,11947159,16388437,33951127,50339564,3.3087039389787427,3.6398246087266215,0.34571170806884766,3,39,28,1.3571428
39,15,9370,00:00:09.7100000,36,5062,17793,7258956,7669180,25105435,32774615,56783007,89557622,3.830954892136004,2.3361405929962062,0.23943588137626648,3,37,26,1.3846154
39,16,10046,00:00:20.0950000,34,8833,32723,12178178,12931732,52615079,65546811,97831617,163378428,4.171476143639878,2.30554071878083,0.16968224942684174,5,35,24,1.4166666
39,17,10823,00:00:54.6750000,34,15329,60908,20109489,21734951,109348957,131083908,173488928,304572836,4.535729674682435,3.422869505703327,0.2072799652814865,5,35,25,1.36
39,18,11689,00:02:15.2020000,35,27208,114385,33997377,37553853,224720869,262274722,308242223,570516945,5.33168579446585,6.187087840150596,0.16623573005199432,5,36,28,1.25
39,19,12570,00:04:49.1220000,28,47065,209732,61093176,67206937,457339623,524546560,524249507,1048796067,6.646009744197944,3.890112042919348,0.09015756100416183,6,29,21,1.3333334
39,20,13501,00:09:48.6640000,24,82015,387618,107167870,116080614,932690338,1048770952,889138930,1937909882,7.4377937249289365,2.477326237670999,0.07694260776042938,5,24,18,1.2777778
40,0,2399,00:00:00.0400000,1,1,1,1005,1005,0,1005,3619,4624,1,1,0,0,1,1,0
40,1,2779,00:00:00.2390000,1,1,2,2003,2003,0,2003,8957,10960,1,1,0,0,1,1,0
40,2,3097,00:00:00.2710000,1,2,3,3998,4002,0,4002,18030,22032,1,1,0,0,1,1,0
40,3,3425,00:00:00.3900000,1,2,6,7998,7999,10,8009,37115,45124,1,1,0,0,1,1,0
40,4,3774,00:00:00.4110000,1,7,13,15555,15569,449,16018,75321,91339,1,1,0,0,1,1,0
40,5,4158,00:00:00.4260000,1,12,33,29181,29255,2772,32027,156587,188614,1,1,0,0,1,1,0
40,6,4578,00:00:00.4520000,2,22,72,53119,53412,10710,64122,318509,382631,1.001317795892242,1.0026390713678017,0,1,2,1,1
40,7,5050,00:00:00.5030000,6,48,156,94405,94946,33214,128160,639638,767798,1.0097240612255707,1.0197149035631785,0.00858303066343069,1,6,5,1
40,8,5579,00:00:00.6180000,12,101,318,163824,165314,90862,256176,1257970,1514146,1.0338961324348082,1.0712310673060716,0.031109677627682686,1,12,11,1
40,9,6183,00:00:00.7920000,20,188,616,279842,283949,228304,512253,2451275,2963528,1.104501826030403,1.24535665520916,0.09205970913171768,1,20,19,1
40,10,6826,00:00:01.0920000,33,339,1137,478692,487344,537690,1025034,4559018,5584052,1.3123574239803464,1.9680407926994683,0.24695491790771484,3,33,29,1.1034483
40,11,7455,00:00:01.6530000,40,616,2014,819388,844812,1205499,2050311,7956969,10007280,1.7158769715934332,5.0958963092637415,0.4675808250904083,3,40,34,1.1470588
40,12,8031,00:00:02.4290000,47,981,3354,1431239,1485064,2614324,4099388,13045714,17145102,2.3178756308345427,12.8997354162064,0.5121616125106812,3,47,38,1.2105263
40,13,8565,00:00:03.7510000,48,1684,5730,2518265,2615031,5582367,8197398,20717228,28914626,2.9774555100436215,6.690647883053357,0.41606998443603516,4,48,38,1.2368422
40,14,9104,00:00:07.0260000,39,2950,9897,4344251,4537414,11859461,16396875,33304274,49701149,3.4939000992345974,2.820557860556665,0.29540103673934937,4,39,28,1.3571428
40,15,9697,00:00:16.5780000,32,4988,17585,7281854,7673844,25095619,32769463,55698153,88467616,3.807607787796899,1.7783941200885385,0.22240017354488373,4,32,22,1.4090909
40,16,10387,00:00:37.7160000,33,8814,32675,12045815,12780517,52760339,65540856,97638944,163179800,4.015755596445737,1.5812398132559684,0.14662247896194458,3,34,28,1.1785715
40,17,11203,00:01:24.3930000,39,15309,61494,19406952,21210053,109870982,131081035,177167220,308248255,4.224943412030905,1.9720200146385702,0.1280563920736313,4,40,34,1.1470588
40,18,12149,00:03:05.3670000,57,27175,116659,30811789,35710596,226613142,262323738,324614080,586937818,4.653100603798111,4.334976928168318,0.14874830842018127,4,58,46,1.2391304
40,19,13198,00:06:34.9860000,69,48060,221170,50645730,61304791,463196775,524501566,586058290,1110559856,5.418615389688331,9.17727759375032,0.31174930930137634,3,70,52,1.3269231
40,20,14326,00:13:36.4380000,71,84240,414201,86658784,105264091,943752314,1049016405,1026857913,2075874318,6.197252756281464,7.779832506237905,0.2660354673862457,4,72,53,1.3396226
41,0,2865,00:00:00.0670000,1,1,2,1009,1009,0,1009,4894,5903,1,1,0,0,1,1,0
41,1,3243,00:00:00.2410000,1,1,3,2006,2006,0,2006,10285,12291,1,1,0,0,1,1,0
41,2,3577,00:00:00.3960000,1,2,4,4000,4001,0,4001,20110,24111,1,1,0,0,1,1,0
41,3,3902,00:00:00.4060000,2,6,9,7982,7994,10,8004,39109,47113,1.0017539463793534,1.003514004959961,0,1,2,1,1
41,4,4256,00:00:00.4190000,5,9,16,15513,15524,486,16010,79333,95343,1.0087023786501643,1.0176121282321604,0.007046719081699848,1,5,4,1
41,5,4632,00:00:00.4430000,5,21,40,29222,29287,2750,32037,159281,191318,1.015467798234207,1.0316025968677436,0.013114160858094692,1,5,4,1
41,6,5036,00:00:00.4750000,7,37,81,53246,53511,10597,64108,315938,380046,1.0409232618412652,1.0867116155112697,0.0356198213994503,1,7,6,1
41,7,5484,00:00:00.5190000,10,64,147,94758,95463,32592,128055,619090,747145,1.0953903628189705,1.2191794840416628,0.07400055974721909,1,10,9,1
41,8,5967,00:00:00.5990000,13,112,291,165233,167238,88849,256087,1182096,1438183,1.204747235721678,1.5601278556514226,0.14697375893592834,1,13,12,1
41,9,6471,00:00:00.7300000,16,184,531,284219,290121,221973,512094,2176929,2689023,1.387514557436343,2.4713800570624045,0.26562780141830444,1,16,15,1
41,10,6985,00:00:00.9700000,25,346,994,489091,501838,523039,1024877,3864477,4889354,1.6148181013349254,4.50148863277936,0.3816593587398529,2,25,22,1.0909091
41,11,7524,00:00:01.4000000,38,602,1826,835431,859124,1190677,2049801,6788439,8838240,1.8366017061851907,6.678990586593505,0.4652831256389618,2,38,31,1.1935484
41,12,8113,00:00:02.1630000,48,1035,3303,1408531,1459151,2640542,4099693,12029604,16129297,2.066264072285239,7.991187071926288,0.5113508105278015,2,48,40,1.175
41,13,8738,00:00:03.7520000,49,1713,5950,2364757,2497039,5701924,8198963,21039810,29238773,2.4745409359185744,10.17622594422809,0.5591541528701782,3,49,39,1.2307693
41,14,9363,00:00:08.6790000,50,2970,10510,4108312,4368723,12028083,16396806,35584281,51981087,3.134895791750967,5.423363218638161,0.5515809655189514,3,50,38,1.2894737
41,15,9999,00:00:20.0680000,42,5171,18580,7083647,7558389,25238097,32796486,59551378,92347864,3.6909600379578484,2.4145005835674573,0.45976242423057556,4,43,31,1.3548387
41,16,10700,00:00:42.9910000,39,8910,33657,11885091,12750117,52808219,65558336,102117997,167676333,4.005783632620061,1.9104264287733284,0.34262460470199585,4,40,28,1.3928572
41,17,11512,00:01:30.8770000,45,15523,62623,19457555,21291658,109805638,131097296,181244281,312341577,4.285436376769846,2.4594152608416944,0.22357280552387238,3,46,38,1.1842105
41,18,12452,00:03:12.8840000,57,27582,118286,31269958,35706653,226543900,262250553,327858275,590108828,4.654680860140586,5.174887033737505,0.3088824450969696,4,58,46,1.2391304
41,19,13520,00:06:48.1310000,77,48624,224104,49804753,60398388,464039086,524437474,594271405,1118708879,5.175916463233941,11.986104227826498,0.4114610552787781,4,78,60,1.2833333
41,20,14706,00:14:13.8230000,88,85429,422906,78570634,102496944,946257456,1048754400,1059268534,2108022934,5.8068105699643455,17.99499365584488,0.46743014454841614,4,89,67,1.3134328
42,0,2508,00:00:00.0490000,1,1,2,1001,1001,0,1001,4881,5882,1,1,0,0,1,1,0
42,1,2864,00:00:00.0720000,1,1,3,2003,2003,0,2003,10082,12085,1,1,0,0,1,1,0
42,2,3218,00:00:00.1340000,1,2,6,4015,4016,0,4016,20687,24703,1,1,0,0,1,1,0
42,3,3566,00:00:00.1620000,1,3,13,7993,7995,9,8004,40202,48206,1,1,0,0,1,1,0
42,4,3918,00:00:00.2020000,1,6,26,15522,15534,486,16020,80153,96173,1,1,0,0,1,1,0
42,5,4290,00:00:00.2930000,1,20,54,29215,29316,2750,32066,158420,190486,1,1,0,0,1,1,0
42,6,4707,00:00:00.3460000,3,28,97,53165,53431,10697,64128,319990,384118,1.0032352111351452,1.0064966411128564,0,1,3,2,1
42,7,5174,00:00:00.3990000,7,50,167,94442,95025,33138,128163,636416,764579,1.013976832341543,1.0285123403850098,0.013197534717619419,1,7,6,1
42,8,5704,00:00:00.4740000,11,107,329,163894,165483,90693,256176,1255615,1511791,1.0460785629736293,1.0985734988558291,0.04177776351571083,1,11,10,1
42,9,6293,00:00:00.6190000,18,188,588,280075,284641,227764,512405,2418718,2931123,1.1332321699544765,1.3270904849712952,0.11124183982610703,1,18,17,1
42,10,6921,00:00:00.9590000,32,330,1102,478163,488826,535951,1024777,4479710,5504487,1.3458862354469083,2.1832715152693885,0.25924381613731384,2,32,26,1.1923077
42,11,7542,00:00:01.4560000,42,604,1952,815739,842649,1205591,2048240,7836783,9885023,1.6796536637331303,5.322391856754977,0.45358094573020935,3,42,33,1.2424242
42,12,8154,00:00:02.2930000,49,1040,3389,1396636,1457271,2642739,4100010,13258182,17358192,2.070795826543208,12.709891850865853,0.5287246704101562,3,49,39,1.2307693
42,13,8772,00:00:03.8830000,51,1813,6043,2372811,2505956,5692331,8198287,22169017,30367304,2.5118300614756084,15.776612198159388,0.5248814821243286,3,51,38,1.3157895
42,14,9409,00:00:08.2870000,45,3029,10608,4034605,4311828,12083064,16394892,37038968,53433860,2.9792849609813103,9.944539360832405,0.4523656964302063,3,45,31,1.4193548
42,15,10088,00:00:20.4420000,43,5201,19016,6880096,7376572,25409911,32786483,62637983,95424466,3.4145004662725635,4.624086756885841,0.2913976311683655,4,43,29,1.4482758
42,16,10841,00:00:45.4070000,35,8897,34670,11399637,12442561,53121948,65564509,108334254,173898763,3.747302743061029,2.472293011251437,0.2311735451221466,4,36,26,1.3461539
42,17,11707,00:01:37.7130000,47,15614,64722,18446078,20745377,110344962,131090339,192700553,323790892,3.9903930797647065,1.9956071277065492,0.21860383450984955,4,48,38,1.2368422
42,18,12714,00:03:30.6920000,76,27844,122720,28952399,34645143,227606282,262251425,349729771,611981196,4.293656183724188,2.8203241332981843,0.2033061981201172,4,77,66,1.1515151
42,19,13856,00:07:29.4100000,106,49207,232353,45021442,58692800,465645522,524338322,634285161,1158623483,4.872920196558787,9.051526409276123,0.2925718128681183,4,107,86,1.2325581
42,20,15110,00:15:35.5370000,118,85946,436461,73656515,100607317,948428234,1049035551,1129010768,2178046319,5.663332768323345,21.451087956530092,0.340991735458374,5,119,90,1.3111111
43,0,3020,00:00:00.0520000,1,1,3,1002,1002,0,1002,5245,6247,1,1,0,0,1,1,0
43,1,3381,00:00:00.1220000,1,1,5,2005,2005,0,2005,10717,12722,1,1,0,0,1,1,0
43,2,3738,00:00:00.1620000,1,2,7,4009,4010,0,4010,21140,25150,1,1,0,0,1,1,0
43,3,4075,00:00:00.1860000,2,3,10,7991,7998,7,8005,40455,48460,1.0018771117507195,1.0037613053987342,0,1,2,1,1
43,4,4418,00:00:00.2130000,2,6,19,15550,15555,466,16021,79128,95149,1.0059807073954985,1.0120329934777812,0,1,2,1,1
43,5,4789,00:00:00.2460000,4,16,38,29247,29306,2740,32046,157780,189826,1.012069613977502,1.024497884579605,0.007956602610647678,1,4,3,1
43,6,5205,00:00:00.3060000,6,25,71,53358,53498,10628,64126,318703,382829,1.0248884890738033,1.0513974725082285,0.017568331211805344,1,6,5,1
43,7,5662,00:00:00.3650000,8,57,148,94536,95015,33105,128120,630795,758915,1.055894050943556,1.12005627809779,0.03351866081357002,1,8,7,1
43,8,6170,00:00:00.4490000,10,103,279,165013,166373,90004,256377,1223430,1479807,1.1286747104773562,1.3040923043211707,0.07387567311525345,1,10,9,1
43,9,6708,00:00:00.6060000,16,184,535,284419,288158,224401,512559,2283441,2796000,1.2807969931685295,1.8176161240298727,0.15040810406208038,1,16,15,1
43,10,7263,00:00:00.9140000,19,341,1000,484823,495615,528606,1024221,4106134,5130355,1.5059619696260285,2.854082088115238,0.2613368034362793,2,19,17,1.0588236
43,11,7840,00:00:01.4460000,28,563,1841,825992,850874,1198979,2049853,7235293,9285146,1.737185105909016,3.5563983543928956,0.35402384400367737,2,28,25,1.08
43,12,8459,00:00:02.3720000,39,1009,3367,1379757,1439920,2657212,4097132,12745068,16842200,1.9265174954720288,3.4393737415381014,0.4111347794532776,2,39,34,1.117647
43,13,9152,00:00:04.5600000,58,1771,6265,2286857,2424163,5775158,8199321,22780803,30980124,2.128314100969147,3.8836260327339893,0.4121307134628296,3,58,49,1.1632653
43,14,9905,00:00:11.5760000,76,3083,11459,3799009,4115760,12272055,16387815,40354175,56741990,2.4872212727055922,6.927360981025454,0.40125298500061035,3,76,60,1.25
43,15,10685,00:00:27.7970000,82,5434,20647,6419977,7107850,25670793,32778643,69660557,102439200,3.0545796347868537,15.229628012749906,0.415331095457077,3,82,62,1.3064516
43,16,11496,00:00:58.0810000,77,9222,36989,10879742,12219890,53356833,65576723,118766369,184343092,3.593274362572201,11.811223582637004,0.3965754508972168,5,78,55,1.4
43,17,12384,00:01:56.9810000,70,15918,67594,17990469,20667914,110480916,131148830,205151960,336300790,4.00411629068703,8.732675979951626,0.35479259490966797,5,71,53,1.3207548
43,18,13374,00:03:55.5340000,78,27668,124666,29969386,35215268,227004415,262219683,359251673,621471356,4.579081433299968,12.019786350118498,0.44008669257164,5,79,60,1.3
43,19,14430,00:07:44.1230000,78,48206,229442,52260599,61475962,462813461,524289423,621932453,1146221876,5.501783245921081,6.185131728219517,0.3404049277305603,4,79,63,1.2380953
43,20,15551,00:15:04.6090000,63,83239,421586,89319783,105265512,943331617,1048597129,1060012632,2108609761,6.190559609845895,4.513398216598076,0.28782376646995544,5,64,46,1.3695652
44,0,2491,00:00:00.1050000,2,2,2,1001,1001,0,1001,5086,6087,1.006993006993007,1.0140837855956992,0,1,2,1,1
44,1,2825,00:00:00.1330000,3,5,7,2005,2009,0,2009,9637,11646,1.0214463840399002,1.0439484446982588,0,1,3,2,1
44,2,3195,00:00:00.2070000,5,5,8,4009,4009,0,4009,20515,24524,1.0546270890496383,1.1173274958196167,0.03856280818581581,1,5,4,1
44,3,3493,00:00:00.2470000,4,6,10,8000,8008,5,8013,37494,45507,1.085,1.1896562543373528,0.06963866204023361,1,4,3,1
44,4,3832,00:00:00.2970000,5,8,15,15585,15591,426,16017,75586,91603,1.1446262431825474,1.3472617517567487,0.09240729361772537,1,5,4,1
44,5,4151,00:00:00.3460000,5,16,29,29476,29523,2537,32060,142711,174771,1.2376848961867282,1.647784215618674,0.16879111528396606,1,5,4,1
44,6,4468,00:00:00.3890000,6,27,72,54061,54170,9869,64039,263822,327861,1.3534895765894082,2.1014038527228243,0.21734903752803802,1,6,5,1
44,7,4796,00:00:00.4480000,6,52,135,97297,97732,30551,128283,485134,613417,1.5011459757238148,2.7444790146253224,0.30829954147338867,1,6,5,1
44,8,5141,00:00:00.4820000,7,99,254,171370,172416,83758,256174,886995,1143169,1.6569644628581432,3.1802221666978534,0.40518978238105774,2,7,5,1.2
44,9,5518,00:00:00.5520000,9,161,468,298050,300705,212138,512843,1630428,2143271,1.7952994464016105,3.1035542609729725,0.4878907799720764,2,9,6,1.3333334
44,10,5935,00:00:00.6770000,12,303,862,508495,515179,509909,1025088,3006411,4031499,1.9046165645679898,2.822495416872997,0.5399045944213867,2,12,8,1.375
44,11,6412,00:00:01.0070000,19,561,1628,858821,874580,1175247,2049827,5602200,7652027,2.004532958555974,2.7557125695057967,0.5551940202713013,3,19,14,1.2857143
44,12,6962,00:00:01.7030000,24,984,3057,1428707,1473932,2622102,4096034,10500249,14596283,2.166275520453109,3.1548696681826836,0.534529447555542,3,24,19,1.2105263
44,13,7562,00:00:03.0150000,36,1657,5534,2417637,2522839,5671607,8194446,19148073,27342519,2.571271865875646,5.121555820429763,0.47782963514328003,4,36,28,1.25
44,14,8166,00:00:06.9230000,39,2953,9938,4174419,4403891,11981547,16385438,33210974,49596412,3.2179316450983957,5.286477694480129,0.4571509063243866,4,39,31,1.2258065
44,15,8787,00:00:17.5250000,35,5106,17947,7167446,7612710,25168410,32781120,56610558,89391678,3.7559045439616847,3.042863585199205,0.3634054362773895,5,36,27,1.2962962
44,16,9475,00:00:39.1840000,33,8811,32889,12000682,12852318,52702829,65555147,98379491,163934638,4.090226622120309,2.7026780000016632,0.3123430609703064,5,34,24,1.375
44,17,10267,00:01:24.4040000,35,15444,61131,19736424,21552461,109570292,131122753,175528101,306650854,4.423668948336335,3.7199177322262975,0.20098066329956055,4,36,28,1.25
44,18,11172,00:02:59.9080000,42,27022,115669,32239862,36369557,225837901,262207458,316618554,578826012,4.880398278379728,5.9476662513645655,0.2399015575647354,4,43,33,1.2727273
44,19,12194,00:06:20.5260000,56,47891,218697,52205158,61662738,462894051,524556789,571689190,1096245979,5.42165073037419,5.3589550280194285,0.20806677639484406,5,57,44,1.2727273
44,20,13332,00:13:19.3600000,73,83746,412952,83896955,104042995,944814806,1048857801,1016444753,2065302554,5.987005738170116,4.183476936330217,0.18481366336345673,5,74,60,1.2166667
45,0,2789,00:00:00.0630000,2,2,2,1005,1005,0,1005,5049,6054,1.0019900497512437,1.0039879607300113,0,1,2,1,1
45,1,3138,00:00:00.2400000,2,2,2,2005,2005,0,2005,10288,12293,1.0054862842892769,1.0110328148592946,0,1,2,1,1
45,2,3436,00:00:00.3930000,2,2,2,4016,4016,0,4016,18789,22805,1.0104581673306774,1.021135040651817,0,1,2,1,1
45,3,3767,00:00:00.4060000,2,7,10,8011,8019,6,8025,37997,46022,1.0162276869304705,1.0329817118183837,0,1,2,1,1
45,4,4122,00:00:00.4190000,4,8,14,15519,15545,469,16014,77743,93757,1.037695727817514,1.0784185659810117,0.009360677562654018,1,4,3,1
45,5,4490,00:00:00.4450000,7,13,40,29262,29288,2733,32021,155947,187968,1.0728248240038274,1.1577441130911634,0.02271237224340439,1,7,6,1
45,6,4869,00:00:00.4760000,7,25,76,53613,53716,10354,64070,301762,365832,1.1311249137336095,1.3018802072296736,0.041927602142095566,1,7,6,1
45,7,5274,00:00:00.5190000,7,61,145,95533,96130,31959,128089,575844,703933,1.238891273172621,1.604966463326847,0.07570230215787888,1,7,6,1
45,8,5689,00:00:00.5980000,13,95,277,168586,169404,86721,256125,1059580,1315705,1.4153191842739017,2.1230532495267673,0.11330562829971313,2,13,11,1.0909091
45,9,6118,00:00:00.7410000,14,170,484,292892,295694,216656,512350,1905902,2418252,1.62085342037338,2.444421123788958,0.15844206511974335,2,14,12,1.0833334
45,10,6564,00:00:00.9110000,17,325,888,505181,512310,513292,1025602,3371582,4397184,1.8401404645067807,2.368764057812384,0.18869487941265106,2,17,15,1.0666667
45,11,7045,00:00:01.2490000,21,516,1558,858383,876580,1173911,2050491,5985443,8035934,2.0517636066883895,2.423082361466037,0.20793557167053223,2,21,18,1.1111112
45,12,7575,00:00:01.8710000,26,978,2944,1444146,1489990,2607878,4097868,10707631,14805499,2.2841492480677164,3.0731139030165027,0.21224994957447052,3,26,21,1.1904762
45,13,8155,00:00:03.1140000,37,1655,5405,2422722,2525933,5666209,8192142,19086487,27278629,2.5524674312612015,4.745654048788707,0.23674944043159485,3,37,27,1.3333334
45,14,8801,00:00:07.2140000,45,2897,10055,4020023,4270107,12128910,16399017,34194329,50593346,2.815171704241493,6.384983119619771,0.26620376110076904,3,45,34,1.2941177
45,15,9529,00:00:19.6110000,56,5163,18844,6572753,7174654,25613959,32788613,61670701,94459314,3.077404095361563,7.519565404186429,0.28737807273864746,3,57,45,1.2444445
45,16,10355,00:00:47.1640000,71,9212,35485,10589396,12057151,53516413,65573564,111802784,177376348,3.4014221396574458,11.430150675882754,0.31807205080986023,4,72,55,1.290909
45,17,11280,00:01:44.6050000,96,16120,66776,17100593,20337812,110736415,131074227,201737354,332811581,3.797421118671148,19.86823614565592,0.3769475817680359,4,97,71,1.3521127
45,18,12316,00:03:43.4680000,115,27988,125283,27474452,34422092,227848650,262270742,363059877,625330619,4.288168477391287,28.544828441994273,0.5788560509681702,4,116,90,1.2777778
45,19,13460,00:07:45.0260000,112,49076,234217,44471547,58837904,465558082,524395986,647934034,1172330020,4.961632704164755,30.103892751835748,0.5828338265419006,4,113,86,1.3023256
45,20,14701,00:15:45.9970000,112,85365,437622,76363607,101019157,948043170,1049062327,1136762338,2185824665,5.7282734955146895,12.374418204115557,0.5620856881141663,4,113,80,1.4
46,0,2012,00:00:00.0370000,1,3,4,1007,1009,0,1009,3789,4798,1,1,0,0,1,1,0
46,1,2410,00:00:00.2640000,2,4,6,2007,2011,0,2011,9595,11606,1.0024912805181863,1.004995003700408,0,1,2,1,1
46,2,2736,00:00:00.2950000,5,5,10,4007,4007,0,4007,19208,23215,1.0087347142500624,1.0176775710854018,0,1,5,4,1
46,3,3097,00:00:00.4150000,5,5,14,8012,8012,5,8017,40434,48451,1.0208437343984025,1.0427951371585318,0.012745731510221958,1,5,4,1
46,4,3435,00:00:00.4360000,6,9,27,15548,15561,457,16018,77911,93929,1.0264985850270132,1.0549120912232428,0.01953529566526413,1,6,5,1
46,5,3817,00:00:00.4530000,7,16,43,29226,29292,2735,32027,159213,191240,1.0411619790597413,1.0870835968974262,0.03210544213652611,1,7,6,1
46,6,4226,00:00:00.5000000,9,28,79,53402,53561,10524,64085,317446,381531,1.0802029886521105,1.1796011307235281,0.06139332428574562,1,9,8,1
46,7,4651,00:00:00.5590000,10,62,161,95147,95798,32215,128013,605102,733115,1.1643772268174508,1.4176060526190941,0.12232118099927902,1,10,9,1
46,8,5094,00:00:00.6250000,16,99,269,167343,168293,87732,256025,1120388,1376413,1.3130396849584387,2.013427493021934,0.20389673113822937,1,16,15,1
46,9,5555,00:00:00.7560000,16,189,493,289599,293043,219185,512228,2027500,2539728,1.50094440933843,3.2085087364113907,0.32725638151168823,1,16,15,1
46,10,6039,00:00:00.9410000,21,324,914,497107,505906,519581,1025487,3618685,4644172,1.705632791330639,4.808208636851766,0.45109301805496216,2,21,17,1.1764706
46,11,6558,00:00:01.3400000,27,542,1693,840927,863343,1186813,2050156,6439401,8489557,1.875128281051744,5.340665218645425,0.5386102795600891,2,27,21,1.2380953
46,12,7143,00:00:02.0830000,37,972,3105,1399046,1455059,2642435,4097494,11652647,15750141,2.0256489064691223,5.570218839242858,0.5686391592025757,2,37,29,1.2413793
46,13,7803,00:00:03.6370000,53,1722,5823,2315588,2447855,5748435,8196290,21201785,29398075,2.2315243471636577,7.2802154924531495,0.5549497008323669,3,53,42,1.2380953
46,14,8523,00:00:09.4460000,75,3067,10837,3865256,4157965,12226085,16384050,38014813,54398863,2.5810021380213883,13.859748772598609,0.529425323009491,4,75,61,1.2131147
46,15,9279,00:00:23.5690000,81,5317,19922,6511537,7177540,25593244,32770784,66424457,99195241,3.1643750162212085,24.04381340404436,0.5160956978797913,4,82,63,1.2857143
46,16,10043,00:00:49.6710000,78,9135,35858,11406663,12597251,52989402,65586653,112561340,178147993,3.9790015712746136,15.176821312477708,0.3988822102546692,5,79,57,1.3684211
46,17,10828,00:01:36.9620000,53,15601,64277,19758147,21840257,109278547,131118804,188838684,319957488,4.647142872254165,7.072693594825918,0.27890655398368835,5,54,37,1.4324324
46,18,11702,00:03:11.2340000,49,27015,117862,33326723,36794293,225369268,262163561,325197145,587360706,5.031798415943866,5.726133176208296,0.30621257424354553,5,50,38,1.2894737
46,19,12717,00:06:31.4790000,62,47171,220710,54029543,61482872,462838845,524321717,578739042,1103060759,5.384801459453396,7.999907718950129,0.4211358428001404,4,63,47,1.3191489
46,20,13864,00:13:34.0380000,83,83738,415566,85318415,103871085,944912877,1048783962,1027124934,2075908896,5.95519036540939,14.984161526532741,0.3962409496307373,5,84,65,1.2769231
47,0,2140,00:00:00.0490000,2,2,2,1001,1001,0,1001,5645,6646,1.010989010989011,1.0222194777165,0,1,2,1,1
47,1,2467,00:00:00.0880000,3,3,4,2004,2004,0,2004,10147,12151,1.0399201596806387,1.0831514861108948,0.00865162443369627,1,3,2,1
47,2,2777,00:00:00.1480000,3,5,8,4001,4003,0,4003,19167,23170,1.0744813796550863,1.1607184270470519,0.023300014436244965,1,3,2,1
47,3,3103,00:00:00.1770000,4,8,17,7998,8009,2,8011,38161,46172,1.1179044761190298,1.266184841182774,0.036399874836206436,1,4,3,1
47,4,3411,00:00:00.2000000,4,7,20,15585,15604,420,16024,72608,88632,1.1958293230670516,1.4700044922083253,0.05047404021024704,1,4,3,1
47,5,3710,00:00:00.2590000,6,23,41,29419,29471,2537,32008,136062,168070,1.307930249158707,1.7773613297648951,0.07087428122758865,2,6,4,1.25
47,6,4006,00:00:00.2930000,6,28,68,54293,54490,9595,64085,249145,313230,1.4467058368482124,2.1165487577180047,0.1003144383430481,2,6,4,1.25
47,7,4311,00:00:00.3440000,9,46,109,97503,97994,30025,128019,455715,583734,1.6198475944329918,2.3438283554836037,0.11409587413072586,3,9,6,1.3333334
47,8,4629,00:00:00.3790000,12,79,192,173547,174413,82043,256456,825442,1081898,1.811405555843662,2.3875610776718386,0.13706544041633606,3,12,9,1.2222222
47,9,4963,00:00:00.4450000,12,158,390,302334,305460,206814,512274,1482067,1994341,2.0161907029973474,2.4140589423994547,0.14482009410858154,3,12,9,1.2222222
47,10,5325,00:00:00.6000000,17,289,735,523657,529624,495065,1024689,2671930,3696619,2.2766982967858733,2.7157983500629523,0.1340409517288208,3,17,14,1.1428572
47,11,5711,00:00:00.8780000,19,517,1391,903008,917277,1131564,2048841,4766423,6815264,2.598130913568872,3.3156620028163752,0.11608881503343582,3,19,16,1.125
47,12,6122,00:00:01.3580000,24,881,2492,1555663,1583042,2513610,4096652,8414730,12511382,2.9805992686076612,3.661878383986644,0.102389395236969,4,24,19,1.2105263
47,13,6568,00:00:02.1850000,25,1625,4634,2656219,2718247,5475243,8193490,14859369,23052859,3.348199451927721,3.0109697004887948,0.08346948772668839,4,25,20,1.2
47,14,7066,00:00:03.8900000,23,2770,8603,4466093,4618969,11769056,16388025,26519249,42907274,3.6473951617218896,2.1614093279918056,0.0703241229057312,4,24,19,1.2105263
47,15,7642,00:00:07.5000000,28,4824,16183,7414337,7735107,25057545,32792652,48302070,81094722,3.8697485695619176,1.7172818629731186,0.09052503854036331,4,28,22,1.2272727
47,16,8321,00:00:17.1590000,35,8599,30968,12093275,12849952,52708555,65558507,89590513,155149020,4.052554580955118,1.6722696495030107,0.08533605933189392,4,35,29,1.1724138
47,17,9122,00:00:52.3940000,38,15468,59860,19178315,21422685,109732780,131155465,167647947,298803412,4.320720824535419,2.2771057360261753,0.10512084513902664,4,39,34,1.117647
47,18,10034,00:02:17.5450000,60,27677,115028,31087537,36358027,225815167,262173194,309728503,571901697,4.884007247019923,5.287427766891388,0.17694403231143951,5,61,45,1.3333334
47,19,11035,00:05:17.5360000,63,47937,216881,51939481,62416717,461888288,524305005,557990901,1082295906,5.639659587665114,5.218531716636341,0.3162047863006592,5,64,46,1.3695652
47,20,12131,00:11:30.1330000,71,83389,407476,88601162,106515166,942366915,1048882081,986396541,2035278622,6.32584798379958,5.412235654108773,0.2790606915950775,5,72,50,1.42
48,0,2880,00:00:00.0570000,1,1,4,1001,1001,0,1001,6182,7183,1,1,0,0,1,1,0
48,1,3262,00:00:00.0870000,1,1,4,2009,2009,0,2009,11755,13764,1,1,0,0,1,1,0
48,2,3595,00:00:00.1260000,1,1,6,4004,4004,0,4004,21268,25272,1,1,0,0,1,1,0
48,3,3966,00:00:00.1510000,1,4,11,7991,8001,9,8010,43006,51016,1,1,0,0,1,1,0
48,4,4331,00:00:00.1790000,3,11,27,15490,15525,478,16003,84388,100391,1.003421562298257,1.0068716749221736,0,1,3,2,1
48,5,4723,00:00:00.2180000,4,18,46,29170,29283,2745,32028,167420,199448,1.009496057593418,1.0192276844714638,0.006313655991107225,1,4,3,1
48,6,5130,00:00:00.2680000,7,39,89,53139,53443,10593,64036,325287,389323,1.0244829597847156,1.0506441446238215,0.019879376515746117,1,7,6,1
48,7,5579,00:00:00.3310000,12,68,170,94485,95228,32786,128014,630090,758104,1.0647616023707467,1.1422002006899123,0.051875509321689606,1,12,11,1
48,8,6072,00:00:00.4150000,17,119,309,164624,166663,89454,256117,1205353,1461470,1.1567025464087861,1.387305875121991,0.12190456688404083,2,17,15,1.0666667
48,9,6591,00:00:00.5530000,24,209,596,283945,289401,222757,512158,2227984,2740142,1.3527232386553734,2.1332939991171775,0.24271972477436066,2,24,20,1.15
48,10,7108,00:00:00.8410000,35,308,1004,492251,502347,521875,1024222,3923216,4947438,1.6712693321090257,4.44653906593114,0.3740624487400055,2,35,31,1.0967742
48,11,7614,00:00:01.2210000,38,555,1785,850667,873042,1177007,2050049,6659675,8709724,2.0485336800416616,8.33670503431019,0.4745453894138336,2,38,33,1.1212121
48,12,8128,00:00:01.8330000,38,956,3055,1452798,1502686,2594241,4096927,11225538,15322465,2.4052986031093107,7.004252809788822,0.49695348739624023,3,38,32,1.15625
48,13,8681,00:00:02.9740000,37,1577,5351,2449452,2559045,5641025,8200070,19220781,27420851,2.6887683449195983,4.3160094122652115,0.3563847243785858,3,37,30,1.2
48,14,9303,00:00:05.2500000,45,2910,9941,4091109,4307689,12092814,16400503,33791751,50192254,2.896748534443839,3.2419145139371826,0.32199519872665405,3,45,34,1.2941177
48,15,10023,00:00:10.1350000,52,5123,18630,6666119,7176606,25600374,32776980,60998444,93775424,3.086694071918008,3.248067200873552,0.31188899278640747,4,53,39,1.3333334
48,16,10853,00:00:24.0400000,59,8996,35303,10671849,12038186,53534972,65573158,111373613,176946771,3.391817294266439,5.107993111252044,0.5222854018211365,4,60,46,1.2826087
48,17,11765,00:01:09.5390000,78,15914,66188,17614776,20602292,110500479,131102771,199928081,331030852,3.97487966920499,13.005735974180077,0.4003343880176544,4,79,62,1.2580645
48,18,12737,00:02:48.1040000,73,27826,122902,29558641,35621924,226695792,262317716,351081844,613399560,4.723197389216913,9.241002557080117,0.38245388865470886,5,74,53,1.3773584
48,19,13784,00:06:06.3070000,72,48267,227547,51463938,61294161,463176555,524470716,611989471,1136460187,5.446137507005391,7.226428407977401,0.3526473939418793,5,73,51,1.4117647
48,20,14919,00:12:42.5240000,67,83759,421349,88517048,104866818,944268579,1049135397,1055702371,2104837768,6.149159278334722,6.874971749550398,0.3942658603191376,5,68,45,1.4888889
4,0,3346,00:00:00.0970000,1,1,1,1006,1006,0,1006,5316,6322,1,1,0,0,1,1,0
4,1,3700,00:00:00.1180000,1,1,1,2002,2002,0,2002,10458,12460,1,1,0,0,1,1,0
4,2,4015,00:00:00.1500000,1,4,5,4009,4016,0,4016,19362,23378,1,1,0,0,1,1,0
4,3,4341,00:00:00.1610000,3,6,10,8000,8004,8,8012,38080,46092,1.004875,1.0098095829231002,0,1,3,2,1
4,4,4697,00:00:00.1880000,4,11,22,15509,15542,480,16022,78625,94647,1.011025855954607,1.0223582448634094,0.004611235111951828,1,4,3,1
4,5,5059,00:00:00.2040000,6,14,36,29209,29305,2737,32042,155481,187523,1.0286213153480093,1.05931565854511,0.016972118988633156,1,6,5,1
4,6,5448,00:00:00.2270000,9,31,70,53485,53614,10405,64019,305258,369277,1.071309713003646,1.1568080882008276,0.04712775722146034,1,9,8,1
4,7,5877,00:00:00.2660000,10,50,131,95223,95623,32498,128121,596081,724202,1.1452380202262058,1.3548583216542072,0.09777282923460007,1,10,9,1
4,8,6332,00:00:00.3310000,11,89,252,166637,167851,88208,256059,1125778,1381837,1.2789356505457972,1.8331188382805075,0.18744294345378876,1,11,10,1
4,9,6805,00:00:00.4460000,15,184,504,289057,292361,219980,512341,2056661,2569002,1.476262467264242,2.8693241971780052,0.3096448481082916,2,15,12,1.1666666
4,10,7294,00:00:00.7340000,16,308,901,496025,505414,519777,1025191,3663270,4688461,1.690997429565042,4.109624378398975,0.4413527548313141,2,16,13,1.1538461
4,11,7816,00:00:01.1120000,23,550,1681,842986,862415,1185729,2048144,6499093,8547237,1.8877774957116726,4.563297092334782,0.4921936094760895,2,23,19,1.1578947
4,12,8396,00:00:01.8440000,30,969,3066,1415717,1461722,2638185,4099907,11661502,15761409,2.079929110125823,4.944950010615183,0.5325624346733093,2,30,26,1.1153846
4,13,9035,00:00:03.3290000,39,1726,5741,2353697,2468895,5724856,8193751,20898934,29092685,2.321364644642025,6.623340894847602,0.5622923970222473,3,39,32,1.1875
4,14,9734,00:00:06.7180000,49,2951,10632,3898356,4188321,12207725,16396046,37237173,53633219,2.640976606549017,9.598518376915356,0.5388256311416626,3,49,38,1.2631578
4,15,10492,00:00:18.0020000,65,5248,19701,6485356,7118814,25670270,32789084,65800946,98590030,3.025776534086949,11.379153304777622,0.528295636177063,3,66,48,1.3541666
4,16,11318,00:00:44.3960000,79,9084,36245,10787244,12124712,53461585,65586297,115865190,181451487,3.4896449918069896,14.568610328070415,0.5440853238105774,4,80,54,1.462963
4,17,12210,00:01:36.7720000,84,15852,66842,18043872,20736728,110358225,131094953,202517754,333612707,4.058600116427339,15.01361537404373,0.5244240164756775,4,85,60,1.4
4,18,13181,00:03:20.0270000,90,27700,122952,30448997,35446506,226818649,262265155,353672508,615937663,4.633409665349568,10.354532681971278,0.4479597508907318,5,91,64,1.40625
4,19,14258,00:06:50.5040000,90,48457,228986,50621686,60252632,464246103,524498735,622226410,1146725145,5.207451585077589,9.820584066978082,0.5769943594932556,4,91,65,1.3846154
4,20,15445,00:13:56.1970000,87,83923,427257,83345674,102680582,946077082,1048757664,1087770869,2136528533,5.875294607372184,14.476850747177707,0.48022758960723877,4,88,64,1.359375
49,0,3212,00:00:00.0640000,1,1,2,1006,1006,0,1006,5211,6217,1,1,0,0,1,1,0
49,1,3603,00:00:00.1290000,2,2,4,2004,2004,0,2004,11134,13138,1.001996007984032,1.0039999291840536,0,1,2,1,1
49,2,3919,00:00:00.1620000,3,4,7,4007,4008,0,4008,19871,23879,1.0034938857000248,1.0070182876558955,0,1,3,2,1
49,3,4276,00:00:00.2060000,3,5,14,8006,8008,9,8017,40388,48405,1.0073694728953284,1.0148677694867427,0,1,3,2,1
49,4,4641,00:00:00.2270000,2,10,33,15522,15552,479,16031,81849,97880,1.0132714856332947,1.0268951604643999,0,1,2,1,1
49,5,5003,00:00:00.2560000,3,18,51,29258,29352,2650,32002,157788,189790,1.0305899241233167,1.0632198152770722,0.01310526393353939,1,3,2,1
49,6,5396,00:00:00.2780000,5,42,93,53234,53555,10472,64027,308134,372161,1.0653717548934891,1.1404279745653967,0.022223319858312607,1,5,4,1
49,7,5816,00:00:00.3150000,12,72,158,95289,95942,32114,128056,592000,720056,1.1446127045094396,1.3370156237720288,0.0464814156293869,2,12,10,1.1
49,8,6271,00:00:00.3830000,14,109,281,166435,168067,88073,256140,1122979,1379119,1.279881034638147,1.7343537833112859,0.08812164515256882,2,14,12,1.0833334
49,9,6736,00:00:00.4900000,19,179,506,289052,293312,219187,512499,2037110,2549609,1.4932157535668322,2.399675725143469,0.13990633189678192,2,19,17,1.0588236
49,10,7213,00:00:00.7460000,24,310,944,498071,507093,517156,1024249,3600877,4625126,1.7485157738555346,2.8453445183688966,0.17804205417633057,2,24,22,1.0454545
49,11,7711,00:00:01.1030000,29,512,1657,853369,872408,1176651,2049059,6301897,8350956,2.027212143867424,3.01204248327285,0.19981007277965546,2,29,25,1.12
49,12,8240,00:00:01.7260000,30,911,2966,1445245,1492594,2605395,4097989,11005192,15103181,2.3078668322671936,3.280763027590791,0.19938039779663086,2,30,25,1.16
49,13,8814,00:00:02.9090000,35,1613,5433,2438374,2534746,5659648,8194394,19294402,27488796,2.586762736151222,3.235804809426891,0.20024371147155762,3,35,27,1.2592592
49,14,9456,00:00:06.2410000,40,2908,10118,4064047,4270414,12117228,16387642,34315619,50703261,2.820735833025553,2.6619893418559855,0.19501890242099762,3,40,32,1.21875
49,15,10192,00:00:17.8890000,48,5103,18972,6611943,7133487,25652544,32786031,62107019,94893050,3.0308290618960267,2.479426550653891,0.20062318444252014,4,49,38,1.2631578
49,16,11037,00:00:45.4110000,59,9151,35805,10525607,11948242,53596144,65544386,113396117,178940503,3.305856754864589,3.4689037122077875,0.2071373462677002,4,60,48,1.2291666
49,17,11975,00:01:43.1110000,79,16108,67222,16906045,20361711,110752877,131114588,204485402,335599990,3.8265746364687896,8.92172497266765,0.22920574247837067,5,80,66,1.1969697
49,18,12974,00:03:35.9790000,87,28136,124636,28715911,35300074,226971534,262271608,359743165,622014773,4.649502779138715,12.837529719061532,0.3360620141029358,5,88,67,1.2985075
49,19,14029,00:07:13.7930000,65,48297,229118,50676157,61266777,463134385,524401162,622440120,1146841282,5.480992491202519,4.555635614748344,0.26468712091445923,5,66,48,1.3541666
49,20,15168,00:14:24.1360000,51,83885,423497,87154379,104341073,944627284,1048968357,1067865644,2116834001,6.077070413180272,3.086202612061145,0.30505770444869995,4,52,40,1.275
5,0,2634,00:00:00.0820000,3,3,4,1001,1001,0,1001,5305,6306,1.011988011988012,1.0243198487945755,0,1,3,2,1
5,1,2946,00:00:00.1170000,3,4,5,2001,2002,0,2002,9726,11728,1.0299850074962518,1.0618909413465312,0.005889322143048048,1,3,2,1
5,2,3335,00:00:00.1530000,3,4,6,4005,4007,0,4007,20912,24919,1.0689138576779027,1.148063333741253,0.025818753987550735,1,3,2,1
5,3,3682,00:00:00.1630000,3,6,10,7998,8010,5,8015,40983,48998,1.1122780695173793,1.2516587968742663,0.04218697547912598,1,3,2,1
5,4,3989,00:00:00.1740000,4,8,17,15606,15612,440,16052,75700,91752,1.1874919902601564,1.4511429375959655,0.061261288821697235,1,4,3,1
5,5,4285,00:00:00.1880000,4,18,36,29394,29492,2552,32044,138660,170704,1.2924746546914336,1.7551020065901781,0.10559062659740448,1,4,3,1
5,6,4592,00:00:00.2060000,8,26,64,54306,54402,9730,64132,256631,320763,1.4245387250027621,2.104711748308085,0.10325683653354645,2,8,6,1.1666666
5,7,4907,00:00:00.2320000,9,47,117,97405,97740,30347,128087,470397,598484,1.578317334839074,2.2753500182124977,0.12967462837696075,2,9,7,1.1428572
5,8,5240,00:00:00.2760000,10,96,235,171975,172991,83056,256047,859682,1115729,1.72331443523768,2.1473265765307876,0.15331631898880005,2,10,8,1.125
5,9,5601,00:00:00.3630000,11,166,438,299263,302038,211051,513089,1573036,2086125,1.8596619027410672,1.917990603801269,0.1702263057231903,2,11,9,1.1111112
5,10,6004,00:00:00.5410000,14,294,800,512852,519246,506242,1025488,2901883,3927371,1.9877313532949077,1.8240674011220088,0.17757689952850342,2,14,12,1.0833334
5,11,6461,00:00:00.9250000,16,536,1505,866792,884234,1166547,2050781,5387031,7437812,2.126736287367673,1.9385866771501676,0.16860102117061615,2,16,13,1.1538461
5,12,6977,00:00:01.5600000,22,923,2821,1455090,1498016,2601885,4099901,9978475,14078376,2.313903607337003,2.377465638414598,0.1512574851512909,3,22,18,1.1666666
5,13,7553,00:00:02.7860000,32,1659,5369,2433557,2532014,5667235,8199249,18303751,26503000,2.557859133770033,2.8637058206959987,0.14590732753276825,3,32,28,1.1071428
5,14,8197,00:00:05.8620000,38,2875,10071,4026388,4272759,12121969,16394728,33368849,49763577,2.8206325371524055,2.7156176817048485,0.16698017716407776,3,38,34,1.0882353
5,15,8924,00:00:16.1930000,46,5054,18658,6559896,7179357,25608032,32787389,60804537,93591926,3.084123437322787,2.8039484756361155,0.1589726209640503,3,47,41,1.1219512
5,16,9745,00:00:41.7530000,72,9039,35121,10723132,12086416,53464307,65550723,110617656,176168379,3.4293551548185737,4.693034372528644,0.16723206639289856,4,73,61,1.1803279
5,17,10660,00:01:35.4180000,89,15737,65781,17324756,20452463,110658884,131111347,199563457,330674804,3.867354495497657,11.39116460990354,0.21192975342273712,4,90,70,1.2714286
5,18,11677,00:03:26.3880000,111,27838,123637,28378794,34672417,227566208,262238625,357917384,620156009,4.373270583661871,23.98881003419418,0.3783477544784546,5,112,84,1.3214285
5,19,12806,00:07:13.9150000,121,48839,231700,46552197,59131534,465251748,524383282,639128253,1163511535,5.00614533831776,37.03018543321362,0.40293487906455994,5,122,88,1.375
5,20,14012,00:14:34.9720000,107,84928,430883,80800251,103350445,945761388,1049111833,1112344414,2161456247,6.059171412722468,7.750888895750976,0.4053122401237488,5,108,75,1.4266666
6,0,2377,00:00:00.0700000,1,1,1,1004,1004,0,1004,4820,5824,1,1,0,0,1,1,0
6,1,2777,00:00:00.0930000,1,1,1,2010,2010,0,2010,10637,12647,1,1,0,0,1,1,0
6,2,3137,00:00:00.1280000,1,2,3,4001,4004,0,4004,21075,25079,1,1,0,0,1,1,0
6,3,3481,00:00:00.1370000,1,3,5,7996,8001,4,8005,40606,48611,1,1,0,0,1,1,0
6,4,3826,00:00:00.1480000,1,7,16,15504,15541,466,16007,79047,95054,1,1,0,0,1,1,0
6,5,4191,00:00:00.1630000,3,22,40,29194,29299,2721,32020,156464,188484,1.0043159553332877,1.0086785218470915,0,1,3,2,1
6,6,4602,00:00:00.2020000,5,32,78,53270,53558,10558,64116,314580,378696,1.0165196170452413,1.0337874666419604,0.014538758434355259,1,5,4,1
6,7,5066,00:00:00.2440000,10,58,144,94544,95061,33161,128222,630047,758269,1.046729565070232,1.0999013553210157,0.037996456027030945,1,10,9,1
6,8,5576,00:00:00.3230000,14,97,288,164773,166178,89945,256123,1226476,1482599,1.1130767783556772,1.267597737485437,0.08904572576284409,1,14,13,1
6,9,6128,00:00:00.4630000,21,187,569,283243,287106,225376,512482,2316094,2828576,1.255695639433278,1.759976741416367,0.18697498738765717,2,21,18,1.1111112
6,10,6692,00:00:00.7560000,28,336,1043,484758,495010,529345,1024355,4166437,5190792,1.489165728053998,3.2344835427242162,0.3305765390396118,2,28,25,1.08
6,11,7265,00:00:01.2300000,38,594,1854,828973,851929,1196637,2048566,7267838,9316404,1.7759082623921407,6.530811982459251,0.4826304316520691,2,38,31,1.1935484
6,12,7862,00:00:02.0360000,47,997,3320,1401800,1455762,2640538,4096300,12572157,16668457,2.054877300613497,9.657905534963772,0.5489402413368225,2,47,40,1.15
6,13,8499,00:00:03.6010000,52,1763,5996,2338757,2478958,5721114,8200072,21759853,29959925,2.350090667820556,11.277788828247651,0.5682566165924072,3,52,41,1.2439024
6,14,9187,00:00:07.2530000,70,3049,10812,3912344,4205603,12192969,16398572,37842180,54240752,2.6805776792633775,10.117127197242894,0.5257649421691895,3,70,52,1.3269231
6,15,9942,00:00:18.7020000,78,5253,19752,6484229,7106762,25673519,32780281,66314145,99094426,3.016735065957726,9.01318690165952,0.5977957248687744,4,78,57,1.3508772
6,16,10780,00:00:45.0110000,84,9100,36329,10672185,12033718,53515690,65549408,117119857,182669265,3.4190569222703693,12.947809838125922,0.5618223547935486,4,85,62,1.3548387
6,17,11691,00:01:37.3590000,91,16032,66955,17822898,20575123,110518960,131094083,205597341,336691424,3.9802656672332413,21.26518694051464,0.5738186836242676,5,92,63,1.4444444
6,18,12679,00:03:20.1840000,92,27539,123564,30051901,35170421,226997256,262167677,359355232,621522909,4.555546386233603,12.059574515248185,0.5020391345024109,4,93,65,1.4153847
6,19,13780,00:06:49.1660000,89,47785,230607,49042506,59510074,464879006,524389080,633835983,1158225063,5.034703304109296,8.30927527356887,0.43854185938835144,5,90,64,1.390625
6,20,15011,00:13:57.5870000,94,84429,432656,78537119,101059381,947873104,1048932485,1118713739,2167646224,5.6648741596951115,13.257956154866276,0.4537554383277893,4,95,73,1.2876712
7,0,2432,00:00:00.1040000,1,2,3,1000,1001,0,1001,5089,6090,1,1,0,0,1,1,0
7,1,2772,00:00:00.1280000,2,2,4,2004,2004,0,2004,9915,11919,1.001996007984032,1.0039999291840536,0,1,2,1,1
7,2,3094,00:00:00.1610000,2,2,5,4016,4016,0,4016,19280,23296,1.0034860557768925,1.0069963786935936,0,1,2,1,1
7,3,3451,00:00:00.1730000,5,9,12,7983,7995,13,8008,40065,48073,1.0083928347738946,1.0169759428752063,0,1,5,4,1
7,4,3799,00:00:00.2000000,4,8,20,15539,15570,473,16043,79271,95314,1.0096531308321,1.0195566283315034,0.006611178629100323,1,4,3,1
7,5,4164,00:00:00.2160000,6,14,36,29256,29294,2716,32010,156592,188602,1.0305236532677058,1.063666005688266,0.026101823896169662,1,6,5,1
7,6,4563,00:00:00.2390000,6,26,72,53376,53492,10524,64016,310509,374525,1.0699940047961631,1.1543221213572015,0.05931279435753822,1,6,5,1
7,7,4991,00:00:00.2760000,8,46,132,95063,95420,32648,128068,601026,729094,1.1509946035786793,1.371471270274566,0.11572383344173431,2,8,6,1.1666666
7,8,5443,00:00:00.3400000,11,86,246,166997,167863,88216,256079,1128772,1384851,1.296574189955508,1.9045181162406322,0.20198863744735718,2,11,8,1.25
7,9,5909,00:00:00.4520000,12,166,466,289895,292678,220000,512678,2047263,2559941,1.506814536297625,3.069577057149322,0.33271774649620056,2,12,8,1.375
7,10,6387,00:00:00.7240000,13,308,884,499385,506907,518497,1025404,3617010,4642414,1.754994643411396,4.826413273284412,0.4498612880706787,2,13,9,1.3333334
7,11,6884,00:00:01.0920000,15,582,1716,851364,872088,1176591,2048679,6314478,8363157,2.0166591493180355,5.99995880325682,0.5519329309463501,2,15,9,1.5555556
7,12,7417,00:00:01.7800000,20,973,3079,1444183,1490864,2606631,4097495,11052762,15150257,2.291192321194752,6.14969235928281,0.46557730436325073,3,20,13,1.4615384
7,13,7993,00:00:03.0560000,27,1700,5570,2427314,2535408,5663255,8198663,19365209,27563872,2.5776677430278903,4.960975204894553,0.4452945291996002,3,27,19,1.3684211
7,14,8629,00:00:06.0620000,39,2924,10071,4047302,4292419,12104276,16396695,34241538,50638233,2.871398279644069,3.844822121031343,0.3803918659687042,4,39,29,1.3103448
7,15,9338,00:00:16.2840000,54,5187,18752,6723001,7258363,25526915,32785278,60990958,93776236,3.2177069436699473,4.162825721203898,0.3254285752773285,4,55,43,1.255814
7,16,10116,00:00:39.9720000,59,9035,34689,11200910,12389894,53166837,65556731,108104515,173661246,3.7236055820464586,6.857936794111352,0.2595771253108978,4,60,50,1.18
7,17,10952,00:01:27.0840000,59,15591,63816,18954685,21277608,109814763,131092371,189288570,320380941,4.339232807087008,7.601253911898648,0.2901512086391449,4,60,50,1.18
7,18,11873,00:03:01.9870000,57,27137,118784,31593464,36092084,226172390,262264474,332827528,595092002,4.817552010124626,5.111317866971304,0.2602551579475403,4,58,45,1.2666667
7,19,12927,00:06:22.6530000,63,48047,224203,50927303,60476330,464049140,524525470,596008762,1120534232,5.195117558061145,5.4688748232647315,0.24232538044452667,5,64,51,1.2352941
7,20,14125,00:13:28.5110000,96,84252,423345,81219211,101741579,947270771,1049012350,1066434413,2115446763,5.694700789447462,13.065397146328328,0.35949596762657166,4,97,75,1.28
8,0,2793,00:00:00.0800000,1,1,4,1006,1006,0,1006,2394,3400,2,1,0,0,1,1,0
8,1,2980,00:00:00.0950000,1,1,4,2011,2011,0,2011,5184,7195,2,1,0,0,1,1,0
8,2,3139,00:00:00.1200000,1,1,4,4008,4008,0,4008,9751,13759,2,1,0,0,1,1,0
8,3,3315,00:00:00.1230000,1,3,6,7998,8000,5,8005,19891,27896,2,1,0,0,1,1,0
8,4,3488,00:00:00.1270000,1,4,12,15657,15662,344,16006,39377,55383,2,1,0,0,1,1,0
8,5,3678,00:00:00.1320000,1,6,20,29872,29904,2125,32029,79824,111853,2,1,0,0,1,1,0
8,6,3888,00:00:00.1380000,3,19,38,55273,55327,8691,64018,161074,225092,2.002749986430988,1.0055188741152048,0,1,3,2,1
8,7,4126,00:00:00.1640000,3,32,78,99813,100002,28153,128155,322657,450812,2.004768917876429,1.0095948644859247,0.004195204004645348,1,3,2,1
8,8,4401,00:00:00.1870000,3,75,173,176256,176844,79687,256531,644629,901160,2.0082607116920843,1.0166925553630055,0.008135897107422352,1,3,2,1
8,9,4722,00:00:00.2330000,3,126,338,303770,305675,206949,512624,1281056,1793680,2.0147381242387334,1.0300250615287918,0.014457832090556622,1,3,2,1
8,10,5107,00:00:00.3380000,5,289,713,516332,521583,503915,1025498,2554980,3580478,2.0299284181495625,1.062244402325021,0.022233877331018448,1,5,4,1
8,11,5567,00:00:00.6150000,7,529,1386,862243,878512,1170403,2048915,5063910,7112825,2.063284944035498,1.1377834579306916,0.04302164912223816,1,7,6,1
8,12,6112,00:00:01.2390000,15,928,2768,1427852,1473944,2624749,4098693,9928935,14027628,2.150133207083087,1.3630495087099888,0.08865590393543243,1,15,14,1
8,13,6735,00:00:02.5790000,31,1714,5455,2363210,2482203,5713968,8196171,18938388,27134559,2.3610402799581927,2.105063520880612,0.20228324830532074,2,31,26,1.1538461
8,14,7411,00:00:05.8410000,42,2979,10320,3928260,4244654,12148719,16393373,34711416,51104789,2.771679318578709,4.562161212000284,0.3694181442260742,3,42,36,1.1388888
8,15,8105,00:00:16.0340000,51,5231,18860,6754698,7412214,25388531,32800745,60777249,93577994,3.5051771374530736,8.672722057290697,0.4172910749912262,3,51,41,1.2195122
8,16,8795,00:00:36.8390000,41,9186,33926,11927683,13048786,52493321,65542107,102468635,168010742,4.371313439500362,4.872625425978551,0.32206636667251587,3,41,31,1.2903225
8,17,9518,00:01:16.2070000,30,15523,61191,20863803,22562164,108554837,131117001,172759647,303876648,5.0080244239269325,3.0810551008583413,0.18929041922092438,3,30,22,1.3181819
8,18,10328,00:02:35.6740000,30,26819,112606,35314018,38150238,224159558,262309796,299196027,561505823,5.442711928164051,2.867352443314027,0.12280195206403732,4,31,24,1.25
8,19,11257,00:05:22.5040000,30,46928,210559,57146115,63608741,460843867,524452608,528087249,1052539857,5.800388215366872,2.5598974504822167,0.10994438827037811,5,31,25,1.2
8,20,12344,00:11:27.8020000,44,82132,399902,89905297,105993538,942910350,1048903888,953940026,2002843914,6.16336861664558,2.8480951508398213,0.1442047357559204,4,45,36,1.2222222
