RepeatId,GenerationId,Generations,Time,SubcloneSelect,SubcloneAlive,SubcloneTotal,CellSelectCount,CellAliveCount,CellNecroCount,CellTumorCount,CellLostCount,CellTotalCount,MeanDriversPerCell,ClonalDiversity,TreeBalance,TreeDepth,NodeCount,LeafCount,Branching
0,0,858,00:00:00.0860000,1,1,1,1003,1003,0,1003,49,1052,1,1,0,0,1,1,0
0,1,932,00:00:00.1060000,1,1,1,2003,2003,0,2003,114,2117,1,1,0,0,1,1,0
0,2,1008,00:00:00.1360000,1,1,1,4012,4012,0,4012,240,4252,1,1,0,0,1,1,0
0,3,1083,00:00:00.1380000,1,1,1,8012,8012,0,8012,466,8478,1,1,0,0,1,1,0
0,4,1160,00:00:00.1390000,1,1,1,16082,16082,1,16083,942,17025,1,1,0,0,1,1,0
0,5,1239,00:00:00.1420000,1,6,6,32077,32084,73,32157,1799,33956,1,1,0,0,1,1,0
0,6,1327,00:00:00.1450000,1,18,18,63949,63985,411,64396,3468,67864,1,1,0,0,1,1,0
0,7,1427,00:00:00.1490000,1,27,27,126845,126937,1654,128591,6945,135536,1,1,0,0,1,1,0
0,8,1542,00:00:00.1550000,1,58,58,251557,251783,5492,257275,13709,270984,1,1,0,0,1,1,0
0,9,1678,00:00:00.1680000,1,111,112,495959,496466,16826,513292,27290,540582,1,1,0,0,1,1,0
0,10,1842,00:00:00.1940000,1,196,197,976647,977820,48718,1026538,54527,1081065,1,1,0,0,1,1,0
0,11,2040,00:00:00.2500000,1,416,422,1913347,1916034,134908,2050942,108867,2159809,1,1,0,0,1,1,0
0,12,2282,00:00:00.3900000,1,830,847,3729774,3736026,363524,4099550,218217,4317767,1,1,0,0,1,1,0
0,13,2580,00:00:00.7350000,1,1642,1682,7230893,7245672,953154,8198826,436774,8635600,1,1,0,0,1,1,0
0,14,2948,00:00:01.4830000,1,3306,3415,13905922,13941099,2443967,16385066,873173,17258239,1,1,0,0,1,1,0
0,15,3405,00:00:03.4150000,1,6595,6840,26540773,26626029,6156634,32782663,1745921,34528584,1,1,0,0,1,1,0
0,16,3974,00:00:10.4130000,1,13054,13642,50109555,50318553,15254329,65572882,3491473,69064355,1,1,0,0,1,1,0
0,17,4684,00:00:32.6520000,1,26010,27475,93480389,94012576,37140322,131152898,6975615,138128513,1,1,0,0,1,1,0
0,18,5571,00:01:29.6320000,1,51574,55127,171879508,173302072,88897050,262199122,13925601,276124723,1,1,0,0,1,1,0
0,19,6683,00:03:52.5780000,1,101634,110196,311150909,315221633,209316075,524537708,27795859,552333567,1,1,0,0,1,1,0
0,20,8076,00:09:51.9310000,2,199977,220442,553297519,565288042,483523939,1048811981,55322955,1104134936,1.0014312408294026,1.0028666699453392,0,1,2,1,1
9,0,680,00:00:00.0320000,1,1,1,1014,1014,0,1014,104,1118,1,1,0,0,1,1,0
9,1,759,00:00:00.0430000,1,2,2,2020,2021,0,2021,226,2247,1,1,0,0,1,1,0
9,2,835,00:00:00.0620000,1,3,3,4016,4018,0,4018,437,4455,1,1,0,0,1,1,0
9,3,913,00:00:00.0650000,1,5,5,8043,8053,0,8053,953,9006,1,1,0,0,1,1,0
9,4,994,00:00:00.0660000,2,9,9,16034,16046,20,16066,1970,18036,1.0014344517899463,1.0028730059939732,0,1,2,1,1
9,5,1080,00:00:00.0680000,2,10,11,31985,32009,205,32214,4017,36231,1.001750820697202,1.00350778444452,0,1,2,1,1
9,6,1174,00:00:00.0700000,2,17,20,62973,63032,1013,64045,8188,72233,1.001635621615613,1.003276572498021,0,1,2,1,1
9,7,1281,00:00:00.0730000,2,26,29,124561,124708,3761,128469,16310,144779,1.0017340901245173,1.0034741698344556,0,1,2,1,1
9,8,1405,00:00:00.0770000,2,53,57,244288,244676,12356,257032,32499,289531,1.0020754191773644,1.0041594822993718,0,1,2,1,1
9,9,1550,00:00:00.0870000,2,110,115,474375,475293,36822,512115,64314,576429,1.0023483530961792,1.004707756346668,0,1,2,1,1
9,10,1725,00:00:00.1070000,2,223,230,917362,919594,104692,1024286,128358,1152644,1.0027437369326395,1.0055024977107747,0,1,2,1,1
9,11,1937,00:00:00.1560000,3,447,464,1762930,1766801,284369,2051170,255960,2307130,1.0043007946997329,1.008645272942486,0.0033087756019085646,1,3,2,1
9,12,2196,00:00:00.2890000,3,880,918,3347752,3357831,747063,4104894,511781,4616675,1.0054944332794067,1.0110602566993092,0.00430676294490695,1,3,2,1
9,13,2514,00:00:00.6040000,3,1760,1853,6279663,6305859,1900470,8206329,1021616,9227945,1.0075093201657477,1.0151520210474214,0.005859368946403265,1,3,2,1
9,14,2906,00:00:01.2860000,3,3485,3727,11619258,11691337,4700233,16391570,2034605,18426175,1.0109071508697027,1.0220961825359378,0.008475874550640583,1,3,2,1
9,15,3393,00:00:02.9470000,4,6856,7413,21244180,21424735,11351881,32776616,4046681,36823297,1.0187136900553468,1.0382934626569342,0.013021334074437618,1,4,3,1
9,16,3998,00:00:08.1880000,5,13397,14717,38300211,38815902,26724087,65539989,8005949,73545938,1.0346458143533466,1.072356577198726,0.02275623381137848,1,5,4,1
9,17,4751,00:00:29.6930000,8,26441,29507,68368012,69879034,61197970,131077004,15669699,146746703,1.07329499357097,1.1611121703346992,0.04295123741030693,1,8,7,1
9,18,5685,00:01:26.8890000,14,51967,58739,122796937,127324395,134830310,262154705,29769915,291924620,1.1729804302854883,1.4367631015246443,0.0954308956861496,1,14,13,1
9,19,6834,00:03:46.2020000,23,101520,115756,231121535,245879429,278520681,524400110,52614735,577014845,1.399693732563692,2.383914178504342,0.20850907266139984,1,23,22,1
9,20,8231,00:09:20.0740000,34,199287,226338,486731047,532555433,516042064,1048597497,81036045,1129633542,1.7268886445207594,3.855571694732765,0.36285310983657837,1,34,33,1
10,0,1041,00:00:00.0980000,1,1,1,1010,1010,0,1010,87,1097,1,1,0,0,1,1,0
10,1,1114,00:00:00.1180000,1,1,1,2004,2004,0,2004,159,2163,1,1,0,0,1,1,0
10,2,1188,00:00:00.1610000,1,2,2,4003,4005,0,4005,297,4302,1,1,0,0,1,1,0
10,3,1262,00:00:00.1640000,1,2,2,8018,8024,0,8024,595,8619,1,1,0,0,1,1,0
10,4,1339,00:00:00.1680000,1,3,3,16028,16039,6,16045,1230,17275,1,1,0,0,1,1,0
10,5,1421,00:00:00.1720000,1,5,5,31881,31897,132,32029,2524,34553,1,1,0,0,1,1,0
10,6,1511,00:00:00.1770000,1,12,12,63689,63721,625,64346,5027,69373,1,1,0,0,1,1,0
10,7,1613,00:00:00.1850000,1,26,26,126292,126389,2380,128769,10014,138783,1,1,0,0,1,1,0
10,8,1730,00:00:00.1980000,1,51,51,247937,248172,7850,256022,19875,275897,1,1,0,0,1,1,0
10,9,1871,00:00:00.2230000,1,97,98,489523,490117,24121,514238,39953,554191,1,1,0,0,1,1,0
10,10,2038,00:00:00.2740000,1,205,207,954941,956346,69268,1025614,79885,1105499,1,1,0,0,1,1,0
10,11,2241,00:00:00.4060000,1,401,414,1858039,1861358,190673,2052031,159737,2211768,1,1,0,0,1,1,0
10,12,2488,00:00:00.6840000,1,843,871,3582478,3590379,507077,4097456,319082,4416538,1,1,0,0,1,1,0
10,13,2793,00:00:01.0540000,1,1652,1717,6865714,6884909,1313591,8198500,637569,8836069,1,1,0,0,1,1,0
10,14,3170,00:00:01.8200000,1,3223,3376,13025633,13072346,3330955,16403301,1275166,17678467,1,1,0,0,1,1,0
10,15,3637,00:00:03.9430000,2,6608,6980,24426778,24519329,8259342,32778671,2546687,35325358,1.0010081558853157,1.0020183386582182,0,1,2,1,1
10,16,4219,00:00:11.2480000,2,13341,14256,45204699,45449143,20105052,65554195,5089097,70643292,1.0013522045573182,1.002708158427221,0,1,2,1,1
10,17,4945,00:00:34.2040000,2,26370,28462,82420831,83104043,47979510,131083553,10156546,141240099,1.0019421303820633,1.003891859494099,0,1,2,1,1
10,18,5853,00:01:32.6500000,3,51818,56831,147998135,149880660,112346247,262226907,20248118,282475025,1.0044013527602897,1.0088497265327876,0.0038965176790952682,1,3,2,1
10,19,6989,00:03:56.6760000,4,102027,113513,260712252,266763566,257643393,524406959,40215837,564622796,1.0094949431068547,1.0192238480911826,0.008269227109849453,1,4,3,1
10,20,8411,00:10:01.5190000,9,199904,226574,450496774,471490755,577140937,1048631692,79155759,1127787451,1.0270108549101398,1.0560885830086406,0.021586807444691658,1,9,8,1
11,0,732,00:00:00.0870000,1,1,1,1002,1002,0,1002,152,1154,1,1,0,0,1,1,0
11,1,809,00:00:00.1090000,1,1,1,2017,2017,0,2017,297,2314,1,1,0,0,1,1,0
11,2,890,00:00:00.1510000,1,1,1,4020,4020,0,4020,597,4617,1,1,0,0,1,1,0
11,3,973,00:00:00.1550000,1,3,3,8045,8048,0,8048,1212,9260,1,1,0,0,1,1,0
11,4,1057,00:00:00.1590000,1,8,8,16087,16098,25,16123,2449,18572,1,1,0,0,1,1,0
11,5,1143,00:00:00.1650000,1,10,10,31766,31793,221,32014,4655,36669,1,1,0,0,1,1,0
11,6,1238,00:00:00.1700000,1,12,12,62989,63067,1091,64158,9184,73342,1,1,0,0,1,1,0
11,7,1346,00:00:00.1780000,1,24,25,123952,124154,4104,128258,18156,146414,1,1,0,0,1,1,0
11,8,1472,00:00:00.1920000,1,53,54,242643,243174,13750,256924,36595,293519,1,1,0,0,1,1,0
11,9,1620,00:00:00.2180000,1,107,109,471025,472218,41255,513473,72952,586425,1,1,0,0,1,1,0
11,10,1797,00:00:00.2770000,1,224,229,905997,908828,116346,1025174,145244,1170418,1,1,0,0,1,1,0
11,11,2012,00:00:00.4470000,1,441,460,1730303,1737294,315237,2052531,290153,2342684,1,1,0,0,1,1,0
11,12,2274,00:00:00.7210000,3,902,947,3270340,3279765,820300,4100065,578296,4678361,1.0025462184360037,1.0051086163257945,0.002518146764487028,1,3,2,1
11,13,2597,00:00:01.1510000,3,1768,1870,6099267,6124577,2078037,8202614,1155684,9358298,1.0034889438353822,1.007008358355791,0.0034471028484404087,1,3,2,1
11,14,2995,00:00:02.0630000,3,3489,3736,11213210,11285025,5110911,16395936,2303307,18699243,1.005227227528959,1.0105226153615294,0.005113216582685709,1,3,2,1
11,15,3489,00:00:04.6570000,4,6936,7526,20307826,20506228,12270250,32776478,4585726,37362204,1.0097372805932059,1.0197198442860955,0.008241875097155571,1,4,3,1
11,16,4104,00:00:13.8790000,5,13520,14952,36203837,36828668,28751852,65580520,9100407,74680927,1.0193929444550311,1.0397776037363409,0.014948508702218533,1,5,4,1
11,17,4868,00:00:40.7920000,12,26452,29807,63972296,65670273,65454738,131125011,17859077,148984088,1.053731352709304,1.1127329727962811,0.0370965376496315,2,12,10,1.1
11,18,5815,00:01:47.6380000,19,51493,58902,112915001,118712720,143455251,262167971,34041406,296209377,1.1473939853217554,1.3541267980062655,0.09713929891586304,2,19,17,1.0588236
11,19,6976,00:04:30.4760000,35,101235,116712,210576313,230965306,293409553,524374859,59827763,584202622,1.3992132486430229,2.4317871596269636,0.24096161127090454,2,35,33,1.030303
11,20,8377,00:10:54.1260000,47,198002,226931,450804439,520017806,528818123,1048835929,89442055,1138277984,1.774347667858701,4.6674554604722625,0.4374895393848419,2,47,45,1.0222223
12,0,1042,00:00:00.0370000,2,2,2,1006,1006,0,1006,197,1203,1.0129224652087476,1.0261787974097327,0,1,2,1,1
12,1,1127,00:00:00.0460000,2,2,2,2004,2004,0,2004,369,2373,1.0129740518962076,1.0262845811499113,0,1,2,1,1
12,2,1215,00:00:00.0650000,2,2,2,4028,4028,0,4028,798,4826,1.0141509433962264,1.028702166211444,0,1,2,1,1
12,3,1298,00:00:00.0660000,2,3,3,8030,8031,0,8031,1525,9556,1.013574097135741,1.0275166216246567,0,1,2,1,1
12,4,1383,00:00:00.0670000,2,6,6,16056,16060,32,16092,3049,19141,1.0159441953163926,1.032396532357618,0,1,2,1,1
12,5,1471,00:00:00.0690000,2,6,6,31772,31778,282,32060,5899,37959,1.0168072516681355,1.0341791542125005,0,1,2,1,1
12,6,1570,00:00:00.0700000,2,11,11,62787,62807,1380,64187,11795,75982,1.019096309745648,1.0389214158922866,0,1,2,1,1
12,7,1681,00:00:00.0730000,2,27,27,123491,123558,5112,128670,23191,151861,1.0224064911612991,1.0458160880089429,0,1,2,1,1
12,8,1809,00:00:00.0780000,2,60,61,239587,239820,16619,256439,45825,302264,1.0266708961671542,1.0547622811235107,0,1,2,1,1
12,9,1962,00:00:00.0880000,2,116,121,462310,462929,49921,512850,91566,604416,1.0323419350652159,1.0667712515015,0,1,2,1,1
12,10,2145,00:00:00.1100000,2,225,241,885723,887358,139540,1026898,181840,1208738,1.0408491142264569,1.085023388484664,0,1,2,1,1
12,11,2366,00:00:00.1630000,2,447,479,1677046,1681230,371611,2052841,360060,2412901,1.0546425083152162,1.1152168320405684,0,1,2,1,1
12,12,2635,00:00:00.2990000,2,895,954,3146406,3157422,947903,4105325,708583,4813908,1.077072062537384,1.1658598360246641,0,1,2,1,1
12,13,2964,00:00:00.6020000,2,1834,1973,5847640,5877519,2325972,8203491,1380526,9584017,1.1153983487355583,1.2565389305855315,0,1,2,1,1
12,14,3367,00:00:01.3440000,2,3534,3845,10829781,10914986,5481906,16396892,2640316,19037208,1.18428211983234,1.429887835609574,0,1,2,1,1
12,15,3860,00:00:03.2160000,3,6972,7593,20250151,20478726,12304391,32783117,4871822,37654939,1.3069866491365916,1.742716341235229,0.010766208171844482,1,3,2,1
12,16,4459,00:00:10.7000000,4,13460,14792,39096450,39730110,25827239,65557349,8418990,73976339,1.5008794404607069,2.011716194549133,0.018101872876286507,1,4,3,1
12,17,5183,00:00:32.6020000,5,26285,28847,79791376,81463117,49639229,131102346,13193382,144295728,1.7294727941525911,1.6738049559295594,0.02719373069703579,1,5,4,1
12,18,6063,00:01:25.4900000,5,51809,56399,170352381,174523069,87801519,262324588,18734555,281059143,1.8994852499302608,1.2390454402367166,0.03390516713261604,1,5,4,1
12,19,7146,00:03:31.9540000,6,102372,110241,362978166,371847376,152680339,524527715,25446740,549974455,1.9751185034088248,1.069779467452506,0.03773205354809761,1,6,5,1
12,20,8496,00:08:38.0440000,7,203186,217080,743082387,760623889,288296821,1048920710,35847963,1084768673,1.9959723914166734,1.0289652791846886,0.040371499955654144,1,7,6,1
13,0,1004,00:00:00.0230000,1,1,1,1004,1004,0,1004,138,1142,1,1,0,0,1,1,0
13,1,1081,00:00:00.0330000,2,2,2,2003,2003,0,2003,262,2265,1.0014977533699452,1.0029999774673872,0,1,2,1,1
13,2,1160,00:00:00.0550000,1,2,2,4019,4023,0,4023,530,4553,1,1,0,0,1,1,0
13,3,1240,00:00:00.0560000,1,2,2,8066,8070,0,8070,1056,9126,1,1,0,0,1,1,0
13,4,1320,00:00:00.0570000,1,3,3,15984,15992,21,16013,2160,18173,1,1,0,0,1,1,0
13,5,1407,00:00:00.0580000,1,6,6,31995,32012,220,32232,4357,36589,1,1,0,0,1,1,0
13,6,1503,00:00:00.0600000,1,14,14,63235,63280,1102,64382,8926,73308,1,1,0,0,1,1,0
13,7,1610,00:00:00.0630000,1,31,34,124267,124393,4086,128479,17770,146249,1,1,0,0,1,1,0
13,8,1734,00:00:00.0690000,1,55,59,242597,242905,13481,256386,35689,292075,1,1,0,0,1,1,0
13,9,1882,00:00:00.0810000,1,121,128,471673,472466,40593,513059,71472,584531,1,1,0,0,1,1,0
13,10,2059,00:00:00.1080000,1,226,236,909622,911640,114922,1026562,142795,1169357,1,1,0,0,1,1,0
13,11,2273,00:00:00.1690000,1,445,464,1731167,1736263,311807,2048070,285953,2334023,1,1,0,0,1,1,0
13,12,2536,00:00:00.3270000,1,883,931,3275502,3288539,815064,4103603,572291,4675894,1,1,0,0,1,1,0
13,13,2858,00:00:00.7100000,2,1755,1873,6112681,6139061,2060887,8199948,1142097,9342045,1.0013478537486251,1.00269931295794,0,1,2,1,1
13,14,3256,00:00:01.5410000,2,3504,3771,11248458,11321679,5078560,16400239,2279060,18679299,1.002088552937656,1.0041858174580307,0,1,2,1,1
13,15,3749,00:00:03.6080000,2,6929,7573,20352083,20567551,12201150,32768701,4539651,37308352,1.0035085843547316,1.007041875459804,0,1,2,1,1
13,16,4363,00:00:08.9770000,3,13519,14998,36237269,36896697,28640191,65536888,9025114,74562002,1.0079095640457894,1.015961493358166,0.005007996689528227,1,3,2,1
13,17,5128,00:00:23.5820000,7,26427,29767,63622773,65573604,65559292,131132896,17828354,148961250,1.0251897697071455,1.052086869616198,0.01895962655544281,1,7,6,1
13,18,6078,00:01:14.7100000,21,51770,59271,110747806,116962159,145201270,262163429,34505542,296668971,1.0831250778909336,1.187332224780554,0.060469336807727814,1,21,20,1
13,19,7250,00:03:46.9100000,38,101424,117532,196637072,219793867,304755913,524549780,62941090,587490870,1.2615175535160532,1.7943155251246996,0.19027847051620483,1,38,37,1
13,20,8669,00:10:03.8760000,70,198809,229960,395335563,474406491,574583566,1048990057,99751628,1148741685,1.6350303880958972,5.230699241513043,0.4489884078502655,1,70,69,1
14,0,812,00:00:00.0330000,1,1,1,1002,1002,0,1002,74,1076,1,1,0,0,1,1,0
14,1,886,00:00:00.0410000,1,1,1,2008,2008,0,2008,140,2148,1,1,0,0,1,1,0
14,2,959,00:00:00.0600000,1,3,3,4016,4018,0,4018,304,4322,1,1,0,0,1,1,0
14,3,1034,00:00:00.0610000,1,3,3,8040,8042,0,8042,623,8665,1,1,0,0,1,1,0
14,4,1111,00:00:00.0620000,1,6,6,15985,15996,7,16003,1260,17263,1,1,0,0,1,1,0
14,5,1193,00:00:00.0630000,1,8,8,32012,32032,123,32155,2530,34685,1,1,0,0,1,1,0
14,6,1283,00:00:00.0650000,1,14,15,63590,63642,625,64267,5102,69369,1,1,0,0,1,1,0
14,7,1385,00:00:00.0670000,1,34,35,126266,126415,2405,128820,10163,138983,1,1,0,0,1,1,0
14,8,1503,00:00:00.0720000,1,66,67,248628,249007,7972,256979,20218,277197,1,1,0,0,1,1,0
14,9,1643,00:00:00.0820000,1,119,121,488327,489175,24538,513713,40686,554399,1,1,0,0,1,1,0
14,10,1810,00:00:00.1020000,1,236,240,952342,954397,70252,1024649,81172,1105821,1,1,0,0,1,1,0
14,11,2014,00:00:00.1480000,1,443,451,1853843,1858812,193905,2052717,162696,2215413,1,1,0,0,1,1,0
14,12,2262,00:00:00.2650000,1,894,919,3573624,3585119,515169,4100288,324921,4425209,1,1,0,0,1,1,0
14,13,2567,00:00:00.5210000,1,1764,1833,6837478,6864804,1333877,8198681,649395,8848076,1,1,0,0,1,1,0
14,14,2944,00:00:01.1900000,1,3407,3571,12952074,13018723,3372896,16391619,1296414,17688033,1,1,0,0,1,1,0
14,15,3412,00:00:02.7790000,2,6757,7149,24277488,24418841,8363479,32782320,2590197,35372517,1.001150366133432,1.0023033859900177,0,1,2,1,1
14,16,3995,00:00:07.9990000,3,13321,14216,44929173,45246595,20341556,65588151,5174979,70763130,1.0029382913413518,1.0058979880443775,0.002898914273828268,1,3,2,1
14,17,4722,00:00:28.0470000,3,26129,28275,81797512,82695449,48473594,131169043,10319389,141488432,1.0046379772529022,1.0093298496303533,0.004587419331073761,1,3,2,1
14,18,5630,00:01:21.2900000,3,51426,56399,146347699,149113393,113121948,262235341,20515702,282751043,1.0082027391493187,1.0165743380582224,0.008126536384224892,1,3,2,1
14,19,6766,00:03:33.8800000,8,101303,112830,258360332,266059024,258296883,524355907,40554389,564910296,1.0238442757536013,1.0492861687752542,0.019412126392126083,1,8,7,1
14,20,8187,00:09:07.2630000,13,199170,225398,448077988,474945857,573751295,1048697152,78919696,1127616848,1.0641727685136813,1.140760608004048,0.05070393159985542,1,13,12,1
15,0,777,00:00:00.0340000,1,1,1,1009,1009,0,1009,127,1136,1,1,0,0,1,1,0
15,1,854,00:00:00.0430000,1,2,2,2009,2010,0,2010,253,2263,1,1,0,0,1,1,0
15,2,931,00:00:00.0600000,1,2,2,4032,4033,0,4033,489,4522,1,1,0,0,1,1,0
15,3,1010,00:00:00.0610000,1,3,3,8008,8017,0,8017,1008,9025,1,1,0,0,1,1,0
15,4,1090,00:00:00.0630000,2,2,3,16003,16003,19,16022,2022,18044,1.001312253952384,1.0026279557426527,0,1,2,1,1
15,5,1176,00:00:00.0650000,2,4,5,32038,32040,197,32237,3995,36232,1.0011548785816842,1.0023124668222576,0,1,2,1,1
15,6,1269,00:00:00.0660000,2,12,14,63082,63098,967,64065,7947,72012,1.0010938144003043,1.0021900024638732,0,1,2,1,1
15,7,1375,00:00:00.0680000,2,23,25,124318,124369,3711,128080,16069,144149,1.001335285316688,1.0026740922882869,0,1,2,1,1
15,8,1499,00:00:00.0720000,2,44,48,244683,244835,12159,256994,31997,288991,1.0014099876166305,1.0028239912363826,0,1,2,1,1
15,9,1644,00:00:00.0800000,2,94,100,475349,475782,36356,512138,63409,575547,1.0014052832760771,1.0028145471767846,0,1,2,1,1
15,10,1819,00:00:00.0980000,2,199,208,920804,921899,104042,1025941,127023,1152964,1.001457421992085,1.0029190342257628,0,1,2,1,1
15,11,2031,00:00:00.1450000,2,437,460,1767716,1770573,283369,2053942,254193,2308135,1.0015296574789163,1.0030639474637337,0,1,2,1,1
15,12,2289,00:00:00.2630000,2,834,887,3349463,3356682,743531,4100213,508259,4608472,1.0016405614870205,1.0032864993084556,0,1,2,1,1
15,13,2607,00:00:00.5260000,2,1698,1804,6285236,6303799,1893120,8196919,1015997,9212916,1.0017619067923622,1.003530035260523,0,1,2,1,1
15,14,3000,00:00:01.2190000,2,3360,3598,11642145,11692201,4698517,16390718,2030514,18421232,1.0019419101892306,1.003891380733345,0,1,2,1,1
15,15,3487,00:00:02.8610000,2,6597,7160,21245694,21389681,11379683,32769364,4052904,36822268,1.0021903261903329,1.004390178276461,0,1,2,1,1
15,16,4094,00:00:08.1990000,3,13288,14605,38199728,38599585,26977613,65577198,8087919,73665117,1.0038296345984452,1.00769537539949,0.003556956769898534,1,3,2,1
15,17,4850,00:00:30.9220000,3,26407,29488,67277224,68664322,62453997,131118319,16084019,147202338,1.005898920561883,1.0118853070097003,0.005898025818169117,1,3,2,1
15,18,5794,00:01:30.8590000,8,51581,58548,116376458,121138401,141130872,262269273,31749745,294019018,1.0184548579404265,1.0378673426993543,0.015764901414513588,1,8,7,1
15,19,6968,00:04:00.1630000,23,101471,117093,199112801,216062471,308284792,524347263,61140766,585488029,1.077966765180507,1.1751824205947967,0.06605800241231918,1,23,22,1
15,20,8414,00:10:07.4630000,52,199143,231889,349839144,417789011,630911232,1048700243,108886258,1157586501,1.2966563941741178,1.9848631882931917,0.23656043410301208,1,52,51,1
16,0,809,00:00:00.0570000,1,1,1,1006,1006,0,1006,156,1162,1,1,0,0,1,1,0
16,1,888,00:00:00.0770000,1,1,1,2020,2020,0,2020,330,2350,1,1,0,0,1,1,0
16,2,967,00:00:00.1190000,1,3,3,4011,4013,0,4013,605,4618,1,1,0,0,1,1,0
16,3,1047,00:00:00.1230000,1,5,5,8052,8056,0,8056,1213,9269,1,1,0,0,1,1,0
16,4,1128,00:00:00.1270000,1,9,9,15989,16000,25,16025,2441,18466,1,1,0,0,1,1,0
16,5,1216,00:00:00.1320000,1,13,14,31827,31852,244,32096,4970,37066,1,1,0,0,1,1,0
16,6,1312,00:00:00.1390000,1,19,20,63083,63153,1174,64327,9862,74189,1,1,0,0,1,1,0
16,7,1422,00:00:00.1480000,1,36,37,123746,123911,4555,128466,20025,148491,1,1,0,0,1,1,0
16,8,1549,00:00:00.1640000,1,64,66,240807,241206,15082,256288,40458,296746,1,1,0,0,1,1,0
16,9,1699,00:00:00.1920000,1,119,124,466161,467116,44977,512093,80744,592837,1,1,0,0,1,1,0
16,10,1879,00:00:00.2490000,1,230,241,894644,896934,127379,1024313,161685,1185998,1,1,0,0,1,1,0
16,11,2097,00:00:00.3810000,1,472,492,1701469,1707238,343693,2050931,323550,2374481,1,1,0,0,1,1,0
16,12,2363,00:00:00.6650000,1,913,961,3192549,3207492,891432,4098924,645922,4744846,1,1,0,0,1,1,0
16,13,2690,00:00:01.1380000,2,1780,1924,5917068,5949761,2242659,8192420,1289728,9482148,1.0012866169528558,1.0025765625486571,0,1,2,1,1
16,14,3095,00:00:02.0900000,3,3505,3806,10817212,10900540,5501575,16402115,2578107,18980222,1.0030041012416138,1.006030351875605,0.0027878812979906797,1,3,2,1
16,15,3596,00:00:04.8570000,4,6948,7640,19441960,19678839,13106542,32785381,5129392,37914773,1.006415556867723,1.012939269378881,0.005917451810091734,1,4,3,1
16,16,4219,00:00:14.5570000,8,13640,15247,34435262,35080923,30480870,65561793,10170500,75732293,1.0178591932885541,1.0366245597866437,0.015822798013687134,1,8,7,1
16,17,4994,00:00:42.5240000,13,26822,30507,60125366,62213559,68932755,131146314,19953436,151099750,1.0494450711534962,1.1062778598521104,0.04290061444044113,1,13,12,1
16,18,5952,00:01:52.8660000,22,52142,60185,104460554,112503020,149669922,262172942,37851657,300024599,1.1462158242047997,1.3668044173725966,0.11874182522296906,1,22,21,1
16,19,7121,00:04:40.5930000,45,102111,118564,193494428,222895746,301664967,524560713,65409385,589970098,1.4236061670985172,2.8547519573421782,0.3205365538597107,1,45,44,1
16,20,8523,00:11:09.8330000,68,198884,228979,418881743,512746863,536152681,1048899544,95589724,1144489268,1.801345089895694,10.165353498264901,0.5828820466995239,1,68,67,1
17,0,779,00:00:00.0170000,1,1,1,1003,1003,0,1003,149,1152,1,1,0,0,1,1,0
17,1,857,00:00:00.0260000,1,1,1,2018,2018,0,2018,290,2308,1,1,0,0,1,1,0
17,2,938,00:00:00.0420000,1,2,2,4011,4012,0,4012,554,4566,1,1,0,0,1,1,0
17,3,1019,00:00:00.0430000,1,3,3,8024,8026,0,8026,1147,9173,1,1,0,0,1,1,0
17,4,1099,00:00:00.0440000,1,5,5,16028,16037,25,16062,2305,18367,1,1,0,0,1,1,0
17,5,1186,00:00:00.0460000,1,11,11,31827,31856,230,32086,4605,36691,1,1,0,0,1,1,0
17,6,1282,00:00:00.0480000,1,16,16,63230,63299,1113,64412,9215,73627,1,1,0,0,1,1,0
17,7,1390,00:00:00.0500000,1,32,32,123935,124092,4128,128220,18195,146415,1,1,0,0,1,1,0
17,8,1516,00:00:00.0560000,1,73,73,242665,243076,13770,256846,36631,293477,1,1,0,0,1,1,0
17,9,1664,00:00:00.0670000,1,132,135,471179,472179,41070,513249,72734,585983,1,1,0,0,1,1,0
17,10,1841,00:00:00.0890000,1,243,251,906609,909147,116217,1025364,144992,1170356,1,1,0,0,1,1,0
17,11,2056,00:00:00.1410000,1,471,493,1731554,1737817,314757,2052574,289667,2342241,1,1,0,0,1,1,0
17,12,2318,00:00:00.2640000,1,900,939,3265274,3281668,820268,4101936,578010,4679946,1,1,0,0,1,1,0
17,13,2640,00:00:00.5780000,3,1787,1899,6091691,6122429,2075224,8197653,1153750,9351403,1.0020491847009312,1.0041089302610762,0.002002378460019827,1,3,2,1
17,14,3039,00:00:01.2880000,3,3568,3845,11205430,11290007,5117136,16407143,2304306,18711449,1.0031770311357975,1.0063793870887816,0.003172034164890647,1,3,2,1
17,15,3533,00:00:02.9980000,4,6901,7543,20292873,20512872,12284015,32796887,4588116,37385003,1.0068837960992512,1.0138936705480046,0.006636593956500292,1,4,3,1
17,16,4147,00:00:07.2490000,5,13540,15061,36104692,36775541,28764410,65539951,9104492,74644443,1.0143276668860657,1.0292150521047858,0.012894436717033386,1,5,4,1
17,17,4912,00:00:18.7080000,8,26654,30021,63281751,65466094,65636828,131102922,17923005,149025927,1.036174188669337,1.07609001369188,0.029443388804793358,1,8,7,1
17,18,5861,00:00:56.4220000,21,52119,59657,111155669,117658737,144503087,262161824,34398810,296560634,1.115383597754245,1.2742284610679324,0.08735174685716629,1,21,20,1
17,19,7027,00:03:02.9770000,38,101593,117493,202031738,225300940,299056652,524357592,61472134,585829726,1.3326233970228976,2.1656895471424242,0.23754772543907166,1,38,37,1
17,20,8437,00:08:22.9040000,60,198727,228626,419078511,497057017,551845560,1048902577,94549860,1143452437,1.7050905957809896,6.354685302810489,0.4756978750228882,1,60,59,1
18,0,895,00:00:00.0430000,1,1,1,1015,1015,0,1015,124,1139,1,1,0,0,1,1,0
18,1,973,00:00:00.0520000,1,1,1,2018,2018,0,2018,237,2255,1,1,0,0,1,1,0
18,2,1054,00:00:00.0700000,1,1,1,4001,4001,0,4001,460,4461,1,1,0,0,1,1,0
18,3,1132,00:00:00.0710000,1,2,2,8007,8008,0,8008,890,8898,1,1,0,0,1,1,0
18,4,1211,00:00:00.0720000,1,4,4,16109,16112,13,16125,1730,17855,1,1,0,0,1,1,0
18,5,1295,00:00:00.0730000,1,9,9,31969,31983,170,32153,3474,35627,1,1,0,0,1,1,0
18,6,1386,00:00:00.0740000,1,10,10,63477,63511,804,64315,6697,71012,1,1,0,0,1,1,0
18,7,1490,00:00:00.0770000,1,24,24,125339,125424,3055,128479,13233,141712,1,1,0,0,1,1,0
18,8,1610,00:00:00.0810000,1,55,56,246003,246207,9989,256196,26025,282221,1,1,0,0,1,1,0
18,9,1754,00:00:00.0910000,1,115,117,482677,483145,30826,513971,52382,566353,1,1,0,0,1,1,0
18,10,1925,00:00:00.1110000,1,216,223,936066,937220,87868,1025088,104484,1129572,1,1,0,0,1,1,0
18,11,2132,00:00:00.1580000,1,444,456,1807862,1810798,238447,2049245,207538,2256783,1,1,0,0,1,1,0
18,12,2385,00:00:00.2770000,1,872,901,3461974,3469270,629642,4098912,414063,4512975,1,1,0,0,1,1,0
18,13,2697,00:00:00.5290000,1,1697,1774,6568678,6586718,1620159,8206877,828018,9034895,1,1,0,0,1,1,0
18,14,3081,00:00:01.1970000,1,3383,3578,12289108,12335153,4053219,16388372,1651895,18040267,1,1,0,0,1,1,0
18,15,3559,00:00:02.7990000,1,6705,7180,22727775,22850373,9943493,32793866,3301713,36095579,1,1,0,0,1,1,0
18,16,4153,00:00:08.9600000,1,13446,14573,41358203,41703084,23846383,65549467,6589033,72138500,1,1,0,0,1,1,0
18,17,4895,00:00:30.9480000,1,26204,28860,74040917,75097655,56066330,131163985,13145086,144309071,1,1,0,0,1,1,0
18,18,5821,00:01:27.8110000,4,51375,57429,130258094,133395207,128879845,262275052,26117897,288392949,1.003928876772909,1.0078990369739378,0.0038979193195700645,1,4,3,1
18,19,6979,00:03:50.2870000,5,101200,114958,222986169,235139739,289383508,524523247,51491464,576014711,1.010996798640009,1.02232856855284,0.01077799778431654,1,5,4,1
18,20,8423,00:09:47.5000000,24,198790,229592,374995362,420168120,628755389,1048923509,98942103,1147865612,1.0634211977267067,1.1396241488808498,0.057889822870492935,1,24,23,1
1,0,664,00:00:00.0310000,1,1,1,1007,1007,0,1007,99,1106,1,1,0,0,1,1,0
1,1,742,00:00:00.0470000,1,1,1,2020,2020,0,2020,222,2242,1,1,0,0,1,1,0
1,2,820,00:00:00.0640000,1,1,1,4030,4030,0,4030,459,4489,1,1,0,0,1,1,0
1,3,897,00:00:00.0650000,1,2,2,8043,8044,0,8044,905,8949,1,1,0,0,1,1,0
1,4,976,00:00:00.0660000,1,3,3,16086,16090,17,16107,1758,17865,1,1,0,0,1,1,0
1,5,1059,00:00:00.0670000,1,6,6,31857,31871,166,32037,3429,35466,1,1,0,0,1,1,0
1,6,1152,00:00:00.0690000,1,14,14,63259,63299,844,64143,6926,71069,1,1,0,0,1,1,0
1,7,1257,00:00:00.0710000,1,25,25,125024,125121,3237,128358,13865,142223,1,1,0,0,1,1,0
1,8,1379,00:00:00.0790000,1,41,44,246052,246275,10797,257072,27913,284985,1,1,0,0,1,1,0
1,9,1522,00:00:00.0910000,1,105,109,479036,479615,32434,512049,55489,567538,1,1,0,0,1,1,0
1,10,1695,00:00:00.1100000,1,205,210,932941,934372,92897,1027269,111176,1138445,1,1,0,0,1,1,0
1,11,1903,00:00:00.1550000,1,454,469,1795855,1799414,251787,2051201,221031,2272232,1,1,0,0,1,1,0
1,12,2158,00:00:00.2810000,1,856,898,3429433,3438109,665524,4103633,442394,4546027,1,1,0,0,1,1,0
1,13,2471,00:00:00.5360000,1,1742,1834,6480829,6502853,1704073,8206926,883682,9090608,1,1,0,0,1,1,0
1,14,2858,00:00:01.2030000,1,3412,3626,12089680,12147293,4260777,16408070,1766627,18174697,1,1,0,0,1,1,0
1,15,3338,00:00:02.7960000,2,6829,7321,22276585,22407986,10398392,32806378,3526395,36332773,1.0012600674654575,1.0025231400586967,0,1,2,1,1
1,16,3935,00:00:07.2680000,2,13388,14538,40336218,40723369,24812694,65536063,7028799,72564862,1.0020547538690912,1.0041179457572291,0,1,2,1,1
1,17,4681,00:00:24.4470000,4,26421,29177,72007161,73075665,58029620,131105285,14000445,145105730,1.006302942564282,1.0127081455109017,0.005428117699921131,1,4,3,1
1,18,5612,00:01:19.1450000,6,52112,58476,126046485,129632149,132549124,262181273,27723259,289904532,1.0158752146083248,1.0324355705401398,0.013232987374067307,1,6,5,1
1,19,6774,00:03:36.6810000,12,101887,116223,216598300,229950957,294413950,524364907,54081083,578445990,1.048560067184276,1.1040384189855035,0.03850167617201805,1,12,11,1
1,20,8217,00:09:15.3100000,37,199443,230846,375310963,423896610,625066219,1048962829,100744277,1149707106,1.1834859137861102,1.4823988778286996,0.14018630981445312,2,37,35,1.0285715
19,0,863,00:00:00.0340000,1,1,1,1003,1003,0,1003,314,1317,1,1,0,0,1,1,0
19,1,958,00:00:00.0430000,1,1,1,2010,2010,0,2010,711,2721,1,1,0,0,1,1,0
19,2,1055,00:00:00.0610000,1,3,3,4026,4030,0,4030,1487,5517,1,1,0,0,1,1,0
19,3,1149,00:00:00.0620000,1,5,5,7995,8007,0,8007,2958,10965,1,1,0,0,1,1,0
19,4,1248,00:00:00.0640000,2,6,6,15952,15963,64,16027,5919,21946,1.0013791374122367,1.0027620685245495,0,1,2,1,1
19,5,1351,00:00:00.0670000,2,10,11,31576,31610,545,32155,11766,43921,1.001520141879909,1.003044935498974,0,1,2,1,1
19,6,1465,00:00:00.0690000,2,14,15,61438,61515,2584,64099,23694,87793,1.0013997851492562,1.0028034294876342,0,1,2,1,1
19,7,1595,00:00:00.0720000,2,24,25,118535,118737,9447,128184,47446,175630,1.001796937613363,1.0036003798398325,0,1,2,1,1
19,8,1746,00:00:00.0770000,2,66,69,226054,226612,30331,256943,95290,352233,1.0024684367452026,1.0049490000792596,0,1,2,1,1
19,9,1923,00:00:00.0900000,2,132,140,423707,425257,87689,512946,189903,702849,1.003353732650157,1.0067299240639873,0,1,2,1,1
19,10,2136,00:00:00.1190000,2,254,273,783604,788374,238435,1026809,379257,1406066,1.005051020668603,1.0101530564882513,0,1,2,1,1
19,11,2393,00:00:00.1880000,5,503,541,1427482,1436864,614430,2051294,754395,2805689,1.0118922690443732,1.024144524345157,0.008560514077544212,1,5,4,1
19,12,2706,00:00:00.3690000,7,1001,1112,2558853,2584211,1515708,4099919,1494803,5594722,1.023962689533162,1.0494762065721723,0.018169082701206207,1,7,6,1
19,13,3088,00:00:00.8040000,11,1928,2195,4533314,4610462,3587816,8198278,2932399,11130677,1.0540953042299739,1.1166408609315968,0.040391843765974045,1,11,10,1
19,14,3552,00:00:01.7430000,16,3861,4439,7987551,8263422,8124973,16388395,5608686,21997081,1.1354509035372669,1.330954563312902,0.10145335644483566,1,16,15,1
19,15,4104,00:00:04.1130000,38,7331,8520,14783939,15591868,17204011,32795879,10008549,42804428,1.3549107582221491,2.300045428983582,0.24806112051010132,1,38,37,1
19,16,4737,00:00:12.5380000,57,13904,16093,30423701,32881466,32675259,65556725,15547442,81104167,1.6950202080936834,6.734768577271404,0.4834441542625427,1,57,56,1
19,17,5469,00:00:36.1290000,71,26455,30149,68769689,75062050,56033799,131095849,21021564,152117413,1.9237226883489322,11.175912265746904,0.643994927406311,1,71,70,1
19,18,6352,00:01:31.2510000,78,51818,57751,152817359,166633892,95667590,262301482,27063429,289364911,1.989572329934062,10.976990283158507,0.6923388838768005,1,78,77,1
19,19,7443,00:03:42.4960000,74,101950,111895,316733840,346649904,177640222,524290126,35985307,560275433,2,10.365454122320521,0.7028303146362305,1,75,74,1
19,20,8806,00:09:01.4170000,69,201884,219769,630209183,690571172,358365665,1048936837,51133958,1100070795,2,9.671000874972483,0.7022988796234131,1,70,69,1
20,0,2326,00:00:00.0330000,2,2,3,1002,1002,0,1002,2923,3925,1.0029940119760479,1.00600592951527,0,1,2,1,1
20,1,2552,00:00:00.0440000,2,2,3,2002,2002,0,2002,5196,7198,1.006993006993007,1.0140837855956992,0,1,2,1,1
20,2,2830,00:00:00.0640000,2,3,4,4005,4008,0,4008,11182,15190,1.0112359550561798,1.0227243327390347,0,1,2,1,1
20,3,3110,00:00:00.0680000,3,6,8,7990,8002,0,8002,23313,31315,1.0235294117647058,1.048237499433004,0.0072864629328250885,1,3,2,1
20,4,3380,00:00:00.0820000,5,11,16,15650,15671,350,16021,45472,61493,1.0586581469648562,1.1215407259004104,0.04946824535727501,2,5,3,1.3333334
20,5,3632,00:00:00.0870000,7,17,24,30050,30095,2013,32108,82838,114946,1.167720465890183,1.3777499804267894,0.11795973032712936,2,7,5,1.2
20,6,3846,00:00:00.0940000,9,34,44,57224,57348,6746,64094,131878,195972,1.4216412693974556,2.2794961900248025,0.22127802670001984,2,9,7,1.1428572
20,7,4019,00:00:00.1010000,10,48,59,110916,111261,16846,128107,183630,311737,1.735646795773378,3.9242377531306274,0.3209764063358307,2,10,8,1.125
20,8,4176,00:00:00.1100000,10,81,96,219436,220396,36201,256597,237201,493798,1.9920067810204343,4.348042597237142,0.383699893951416,2,10,8,1.125
20,9,4337,00:00:00.1250000,11,152,172,438490,440321,72803,513124,298055,811179,2.1642523204634085,3.845604088079299,0.389482706785202,2,11,9,1.1111112
20,10,4517,00:00:00.1510000,12,240,270,878181,881430,146021,1027451,376828,1404279,2.27259642374408,3.4820947108759164,0.3720690608024597,2,12,10,1.1
20,11,4726,00:00:00.2030000,10,437,483,1734281,1744292,303890,2048182,494432,2542614,2.349173519170192,3.2747720517965995,0.39075130224227905,2,10,8,1.125
20,12,4979,00:00:00.3120000,9,855,918,3411288,3433985,669569,4103554,694388,4797942,2.423690992962189,3.063573268288032,0.3895096480846405,2,9,7,1.1428572
20,13,5285,00:00:00.5940000,8,1739,1840,6648666,6691874,1501949,8193823,1040832,9234655,2.50796039385946,2.7398062737761837,0.35788753628730774,2,9,7,1.1428572
20,14,5660,00:00:01.2490000,8,3441,3639,12965282,13051462,3338373,16389835,1633057,18022892,2.6074542767369038,2.289392939042048,0.31215113401412964,2,9,7,1.1428572
20,15,6120,00:00:02.8050000,8,6686,7069,25435146,25617330,7183006,32800336,2600314,35400650,2.7173201207494544,1.8200332230095009,0.2515047788619995,2,9,7,1.1428572
20,16,6685,00:00:07.3400000,6,13294,14010,50246059,50720870,14849104,65569974,4102257,69672231,2.824127062383141,1.4434605563754581,0.21015538275241852,2,7,5,1.2
20,17,7383,00:00:25.0780000,5,26342,27736,100275177,101310188,29847794,131157982,6379462,137537444,2.908470368494089,1.206283894697075,0.1451675295829773,2,6,4,1.25
20,18,8249,00:01:14.3270000,4,52412,55064,200092670,202321079,59992075,262313154,9926932,272240086,2.9618411409073606,1.0801660426155575,0.0868239626288414,2,5,3,1.3333334
20,19,9328,00:03:15.3380000,4,103075,108369,395065258,399427189,124887679,524314868,15915298,540230166,2.9869716663367045,1.026501018191283,0.03680796921253204,2,5,3,1.3333334
20,20,10680,00:08:18.1400000,2,204735,215849,763643275,774327375,274422977,1048750352,26968833,1075719185,2.9982530089065476,1.0035001284163052,0,1,2,1,1
21,0,1001,00:00:00.0870000,1,1,1,1008,1008,0,1008,400,1408,1,1,0,0,1,1,0
21,1,1096,00:00:00.1020000,1,1,1,2011,2011,0,2011,761,2772,1,1,0,0,1,1,0
21,2,1190,00:00:00.1330000,1,2,2,4026,4027,0,4027,1511,5538,1,1,0,0,1,1,0
21,3,1283,00:00:00.1350000,2,3,3,8001,8002,0,8002,2950,10952,1.0014998125234347,1.0030041623807457,0,1,2,1,1
21,4,1382,00:00:00.1400000,2,5,5,15990,15999,66,16065,5888,21953,1.0021263289555973,1.004261714754675,0,1,2,1,1
21,5,1486,00:00:00.1430000,2,9,9,31559,31592,554,32146,11841,43987,1.0027884280237016,1.0055923993431888,0,1,2,1,1
21,6,1599,00:00:00.1470000,2,17,17,61563,61629,2568,64197,23520,87717,1.003703523220116,1.007434500870989,0,1,2,1,1
21,7,1728,00:00:00.1530000,2,32,33,119072,119256,9374,128630,46858,175488,1.004652647137866,1.0093485303008682,0,1,2,1,1
21,8,1876,00:00:00.1630000,2,59,63,226504,227007,29589,256596,92745,349341,1.0069182001200863,1.0139320971684478,0,1,2,1,1
21,9,2053,00:00:00.2060000,2,130,137,425530,426987,86520,513507,185716,699223,1.0109792494066223,1.022199497820607,0,1,2,1,1
21,10,2263,00:00:00.2500000,3,268,291,788408,791449,233656,1025105,368830,1393935,1.0199287678460898,1.0407067457121775,0.0072476970963180065,1,3,2,1
21,11,2518,00:00:00.3670000,3,481,534,1442191,1451636,601083,2052719,730199,2782918,1.0369562700086188,1.0768050003900007,0.011588008143007755,1,3,2,1
21,12,2825,00:00:00.6280000,4,986,1107,2606191,2634448,1462596,4097044,1419918,5516962,1.0778074208682327,1.168480398709649,0.018269088119268417,1,4,3,1
21,13,3195,00:00:01.1640000,7,1907,2169,4749148,4826669,3366420,8193089,2673094,10866183,1.1791439222361568,1.4252763219475697,0.03523484990000725,1,7,6,1
21,14,3630,00:00:02.5120000,13,3719,4201,9081422,9282433,7122258,16404691,4637922,21042613,1.3983029309727044,2.0092952137770026,0.06903856247663498,1,13,12,1
21,15,4127,00:00:06.2990000,16,7120,8011,19007525,19543905,13239907,32783812,6974283,39758095,1.6984005019064818,1.9428463276638688,0.10639968514442444,1,16,15,1
21,16,4703,00:00:16.8190000,17,13456,14933,42922318,44192672,21411164,65603836,9045129,74648965,1.9081907225979733,1.3489622458577064,0.11918945610523224,1,17,16,1
21,17,5396,00:00:41.3170000,17,26578,28785,96264224,98862207,32324328,131186535,10844156,142030691,1.9827324531281736,1.1395403064739253,0.10942792892456055,1,17,16,1
21,18,6253,00:01:39.4660000,15,51912,55157,204608154,209694129,52496368,262190497,13151036,275341533,1.9979898406199392,1.0812369990164428,0.092770516872406,1,15,14,1
21,19,7325,00:03:59.6150000,14,103475,108752,415453507,424322437,99979375,524301812,17248016,541549828,2,1.0609654918837887,0.07687990367412567,1,15,14,1
21,20,8669,00:09:42.5550000,10,205492,215201,814645102,832435761,216226227,1048661988,25191705,1073853693,2,1.0411834393006723,0.060781944543123245,1,11,10,1
22,0,697,00:00:00.0870000,1,1,1,1008,1008,0,1008,59,1067,1,1,0,0,1,1,0
22,1,772,00:00:00.0950000,1,1,1,2006,2006,0,2006,114,2120,1,1,0,0,1,1,0
22,2,845,00:00:00.1130000,1,1,1,4020,4020,0,4020,211,4231,1,1,0,0,1,1,0
22,3,916,00:00:00.1130000,1,1,1,8008,8008,0,8008,411,8419,1,1,0,0,1,1,0
22,4,990,00:00:00.1150000,1,4,4,16022,16025,1,16026,799,16825,1,1,0,0,1,1,0
22,5,1070,00:00:00.1160000,1,7,7,31992,32000,79,32079,1603,33682,1,1,0,0,1,1,0
22,6,1157,00:00:00.1180000,1,16,16,63652,63677,410,64087,3226,67313,1,1,0,0,1,1,0
22,7,1256,00:00:00.1200000,1,34,34,126397,126469,1575,128044,6459,134503,1,1,0,0,1,1,0
22,8,1372,00:00:00.1250000,1,58,58,251913,252103,5304,257407,13030,270437,1,1,0,0,1,1,0
22,9,1507,00:00:00.1340000,1,114,115,495552,496002,16111,512113,25950,538063,1,1,0,0,1,1,0
22,10,1671,00:00:00.1520000,1,217,220,977522,978599,46504,1025103,51879,1076982,1,1,0,0,1,1,0
22,11,1869,00:00:00.1930000,1,419,424,1918892,1921406,129059,2050465,103757,2154222,1,1,0,0,1,1,0
22,12,2111,00:00:00.3160000,1,831,853,3746211,3752146,347799,4099945,207869,4307814,1,1,0,0,1,1,0
22,13,2408,00:00:00.5360000,1,1667,1721,7270539,7284355,911290,8195645,415381,8611026,1,1,0,0,1,1,0
22,14,2775,00:00:01.1170000,1,3293,3400,14019402,14052850,2337893,16390743,829391,17220134,1,1,0,0,1,1,0
22,15,3231,00:00:02.5160000,1,6596,6838,26808628,26889780,5905481,32795261,1659209,34454470,1,1,0,0,1,1,0
22,16,3798,00:00:06.1040000,1,13141,13725,50692051,50892546,14647896,65540442,3315907,68856349,1,1,0,0,1,1,0
22,17,4506,00:00:14.9440000,1,26044,27433,94818966,95331032,35753231,131084263,6625617,137709880,1,1,0,0,1,1,0
22,18,5392,00:00:38.5740000,1,51413,54824,174982643,176353543,85887560,262241103,13238164,275479267,1,1,0,0,1,1,0
22,19,6501,00:02:29.5370000,1,101540,109691,317890507,321821096,202743890,524564986,26413209,550978195,1,1,0,0,1,1,0
22,20,7890,00:07:28.0050000,3,200057,219536,568254708,578958783,469701133,1048659916,52562672,1101222588,1.0028704997548388,1.005761541621376,0.00281778397038579,1,3,2,1
23,0,1033,00:00:00.0360000,1,1,1,1010,1010,0,1010,1078,2088,1,1,0,0,1,1,0
23,1,1186,00:00:00.0450000,1,3,3,2005,2007,0,2007,2228,4235,1,1,0,0,1,1,0
23,2,1330,00:00:00.0620000,1,4,4,4009,4016,0,4016,4385,8401,1,1,0,0,1,1,0
23,3,1474,00:00:00.0640000,2,5,5,8039,8045,0,8045,8655,16700,1.0017415101380769,1.003489122892795,0,1,2,1,1
23,4,1621,00:00:00.0670000,2,6,6,15857,15880,189,16069,17373,33442,1.0037207542410291,1.0074692080793801,0,1,2,1,1
23,5,1777,00:00:00.0700000,3,12,12,30794,30824,1298,32122,34470,66592,1.0074040397480029,1.0149380988856824,0.003463812405243516,1,3,2,1
23,6,1950,00:00:00.0820000,3,19,21,58318,58444,5691,64135,69157,133292,1.0151925649027744,1.0309367048634719,0.011729959398508072,1,3,2,1
23,7,2141,00:00:00.0890000,4,50,55,108600,108984,19184,128168,135551,263719,1.0346224677716391,1.0722430834174268,0.02360113337635994,1,4,3,1
23,8,2361,00:00:00.1030000,7,95,107,198826,199683,56538,256221,264346,520567,1.0824389164394999,1.18312892580893,0.045325230807065964,1,7,6,1
23,9,2605,00:00:00.1300000,9,171,204,364008,366616,145523,512139,488871,1001010,1.191212830487242,1.4923530020488704,0.10387761145830154,1,9,8,1
23,10,2867,00:00:00.1820000,11,337,387,679980,689772,335662,1025434,834836,1860270,1.4010309126739022,2.363747365918801,0.21228636801242828,1,11,10,1
23,11,3139,00:00:00.2980000,16,627,708,1337070,1361612,691290,2052902,1277780,3330682,1.667670353833382,3.6993519098360426,0.3322520852088928,1,16,15,1
23,12,3427,00:00:00.4770000,20,1111,1246,2720076,2776148,1325060,4101208,1790658,5891866,1.8660713891817728,3.8405273656149097,0.42910999059677124,1,20,19,1
23,13,3756,00:00:00.8970000,23,1992,2215,5535769,5655197,2537113,8192310,2456901,10649211,1.9615560186850283,3.6966658341770517,0.4866078495979309,1,23,22,1
23,14,4151,00:00:01.7130000,25,3596,3967,11015469,11263379,5142192,16405571,3491920,19897491,1.9924095832869213,3.8877096939075786,0.5230165719985962,1,25,24,1
23,15,4632,00:00:03.5930000,24,6849,7493,21234458,21788062,11010620,32798682,5278599,38077281,2.001306273039792,4.238257754980004,0.565685510635376,2,25,23,1.0434783
23,16,5225,00:00:08.0500000,24,13161,14476,40263410,41435715,24151074,65586789,8480507,74067296,2.0021874699634234,4.645965685179782,0.5976912379264832,2,25,23,1.0434783
23,17,5957,00:00:19.0500000,30,25842,28522,76224922,78443931,52648220,131092151,14136397,145228548,2.005972862786268,5.133357912443546,0.6011266708374023,2,31,27,1.1111112
23,18,6864,00:00:59.6320000,31,51622,57251,144006978,149192888,113122892,262315780,23943002,286258782,2.0121136699361886,5.6183737733165815,0.6116587519645691,2,32,28,1.1071428
23,19,7987,00:03:03.7720000,33,101478,113133,273087184,285633453,238938585,524572038,40556657,565128695,2.0250381467919785,5.866690317812272,0.6065705418586731,2,34,29,1.137931
23,20,9381,00:08:27.5860000,35,199932,223767,520052330,551597255,497417914,1049015169,68198871,1117214040,2.0492168932307253,5.4687788858495185,0.5856541991233826,2,36,31,1.1290323
24,0,1450,00:00:00.1170000,1,1,1,1001,1001,0,1001,220,1221,1,1,0,0,1,1,0
24,1,1535,00:00:00.1370000,1,1,1,2006,2006,0,2006,419,2425,1,1,0,0,1,1,0
24,2,1619,00:00:00.1790000,1,1,1,4016,4016,0,4016,804,4820,1,1,0,0,1,1,0
24,3,1702,00:00:00.1830000,1,3,3,8016,8019,0,8019,1559,9578,1,1,0,0,1,1,0
24,4,1787,00:00:00.1870000,1,7,7,16016,16033,32,16065,3044,19109,1,1,0,0,1,1,0
24,5,1875,00:00:00.1930000,1,10,10,31797,31840,281,32121,5913,38034,1,1,0,0,1,1,0
24,6,1974,00:00:00.1990000,1,19,19,62851,62974,1415,64389,11956,76345,1,1,0,0,1,1,0
24,7,2085,00:00:00.2100000,2,31,32,122718,122913,5249,128162,23701,151863,1.0011734219918837,1.002349627217475,0,1,2,1,1
24,8,2214,00:00:00.2270000,2,57,59,238600,239086,16982,256068,46957,303025,1.0014626990779547,1.0029296749149075,0,1,2,1,1
24,9,2369,00:00:00.2560000,2,110,113,461506,462674,51346,514020,94353,608373,1.0018114607394053,1.0036294520815439,0,1,2,1,1
24,10,2552,00:00:00.3180000,2,220,229,879093,881922,143216,1025138,187550,1212688,1.0024434274871943,1.0048988062267656,0,1,2,1,1
24,11,2775,00:00:00.5040000,2,452,477,1662256,1669594,384171,2053765,374406,2428171,1.0032756687297264,1.0065728449421314,0,1,2,1,1
24,12,3046,00:00:00.7870000,2,896,949,3092075,3111633,987141,4098774,744944,4843718,1.0047110758956364,1.0094665699663927,0,1,2,1,1
24,13,3380,00:00:01.1790000,4,1808,1936,5693324,5734705,2462336,8197041,1484324,9681365,1.009734910572453,1.0196974787505342,0.006262464914470911,1,4,3,1
24,14,3792,00:00:02.1600000,6,3575,3897,10334046,10433236,5960359,16393595,2949491,19343086,1.0195235244743444,1.0400200977042646,0.012933695688843727,1,6,5,1
24,15,4302,00:00:04.8370000,9,6939,7726,18542785,18784714,14006643,32791357,5822014,38613371,1.0429545507861953,1.0908885860229534,0.02857046201825142,1,9,8,1
24,16,4932,00:00:14.4070000,11,13537,15298,32977132,33763225,31792362,65555587,11283942,76839529,1.09881562775077,1.225382923147174,0.06202636659145355,1,11,10,1
24,17,5706,00:00:41.3670000,20,26429,30154,60222588,62561432,68607927,131169359,20880993,152050352,1.2516523866426996,1.7113699220896241,0.1396569460630417,1,20,19,1
24,18,6638,00:01:46.3130000,27,51676,59146,119343044,127478522,134803174,262281696,34525536,296807232,1.5530122057218516,3.11264824003559,0.27823495864868164,1,27,26,1
24,19,7751,00:04:18.3660000,35,101138,114311,269869858,293156932,231317323,524474255,48364294,572838549,1.8546818444614885,3.0973045628238114,0.3923196494579315,1,35,34,1
24,20,9107,00:10:17.0280000,38,200020,221090,628310893,682638413,366213205,1048851618,60752132,1109603750,1.9752370790108202,2.430342924748004,0.42065104842185974,1,38,37,1
25,0,1048,00:00:00.0370000,1,1,1,1003,1003,0,1003,412,1415,1,1,0,0,1,1,0
25,1,1149,00:00:00.0460000,1,2,2,2005,2006,0,2006,854,2860,1,1,0,0,1,1,0
25,2,1250,00:00:00.0640000,1,3,3,4009,4013,0,4013,1777,5790,1,1,0,0,1,1,0
25,3,1355,00:00:00.0660000,2,5,5,8028,8035,0,8035,3765,11800,1.0016193323368212,1.0032439224900762,0,1,2,1,1
25,4,1458,00:00:00.0680000,2,5,6,15982,15998,86,16084,7433,23517,1.0030033788011512,1.0060247575613963,0,1,2,1,1
25,5,1569,00:00:00.0700000,2,10,11,31293,31340,671,32011,14763,46774,1.0040903716486116,1.0082141985762545,0,1,2,1,1
25,6,1690,00:00:00.0720000,3,20,21,60970,61051,3063,64114,29273,93387,1.0059209447269148,1.0119241644640316,0.004171300213783979,1,3,2,1
25,7,1828,00:00:00.0860000,4,38,40,116848,116970,11191,128161,58736,186897,1.009319800082158,1.0188525428865713,0.00647579925134778,1,4,3,1
25,8,1987,00:00:00.0930000,4,71,75,221238,221653,35077,256730,116982,373712,1.0140934197560998,1.0286779864400348,0.009931525215506554,1,4,3,1
25,9,2176,00:00:00.1080000,4,143,154,411452,412721,100929,513650,233842,747492,1.02216783488718,1.0455666053018957,0.016426390036940575,1,4,3,1
25,10,2401,00:00:00.1410000,5,254,289,754345,757207,269201,1026408,463630,1490038,1.0393772080414134,1.082793329649573,0.02771550416946411,1,5,4,1
25,11,2669,00:00:00.2330000,5,532,599,1365349,1375554,672719,2048273,903984,2952257,1.0744534913783947,1.1638656758787977,0.05329431593418121,1,5,4,1
25,12,2992,00:00:00.4060000,6,1055,1198,2461703,2496673,1602417,4099090,1726747,5825837,1.1539889255527576,1.3772386051907224,0.10193808376789093,1,6,5,1
25,13,3371,00:00:00.8330000,12,2001,2289,4544613,4646150,3547835,8193985,3112935,11306920,1.3247394222566367,2.0088885581370843,0.16666363179683685,1,12,11,1
25,14,3807,00:00:01.7090000,19,3779,4319,8905817,9200150,7201049,16401199,5093180,21494379,1.5940281503650928,3.4073391448677515,0.2787629961967468,1,19,18,1
25,15,4305,00:00:03.6400000,28,7024,7994,18712961,19409128,13395203,32804331,7459588,40263919,1.8419433995507177,3.8196594447564616,0.380473792552948,2,28,26,1.0384616
25,16,4893,00:00:08.7590000,30,13474,15117,39562059,41289672,24316836,65606508,10307763,75914271,1.9620069319445683,3.435992474400657,0.4450334906578064,2,30,28,1.0357143
25,17,5611,00:00:25.4820000,33,26202,28985,80422071,84237793,46942817,131180610,14560952,145741562,1.9965540181127641,3.3979622144361206,0.47059884667396545,2,33,31,1.032258
25,18,6502,00:01:15.2370000,33,51600,56599,155779206,164283041,98039445,262322486,22009907,284332393,2.0039290545620063,3.412863642358866,0.490690141916275,2,34,32,1.03125
25,19,7612,00:03:21.3020000,37,101389,111427,295189961,312601041,211905057,524506098,35491318,559997416,2.006397344928678,3.3404081971172146,0.5003781914710999,2,38,36,1.0277778
25,20,8997,00:08:35.1530000,43,200398,221441,556198584,591645184,457398999,1049044183,59511479,1108555662,2.0102623418401224,3.2234575883826433,0.5108533501625061,2,44,41,1.0487804
26,0,1030,00:00:00.0380000,1,1,1,1011,1011,0,1011,174,1185,1,1,0,0,1,1,0
26,1,1109,00:00:00.0470000,1,1,1,2005,2005,0,2005,370,2375,1,1,0,0,1,1,0
26,2,1195,00:00:00.0640000,1,2,2,4014,4015,0,4015,812,4827,1,1,0,0,1,1,0
26,3,1279,00:00:00.0740000,1,3,3,8023,8027,0,8027,1571,9598,1,1,0,0,1,1,0
26,4,1364,00:00:00.0750000,1,4,4,16055,16068,36,16104,3067,19171,1,1,0,0,1,1,0
26,5,1453,00:00:00.0770000,1,10,10,31839,31869,305,32174,6141,38315,1,1,0,0,1,1,0
26,6,1552,00:00:00.0790000,1,14,14,62709,62773,1447,64220,12296,76516,1,1,0,0,1,1,0
26,7,1664,00:00:00.0810000,1,33,33,122810,122988,5368,128356,24390,152746,1,1,0,0,1,1,0
26,8,1795,00:00:00.0860000,1,58,59,237990,238406,17680,256086,48977,305063,1,1,0,0,1,1,0
26,9,1950,00:00:00.0970000,1,125,133,459938,461017,52953,513970,98045,612015,1,1,0,0,1,1,0
26,10,2135,00:00:00.1200000,1,227,241,875206,877902,149164,1027066,196542,1223608,1,1,0,0,1,1,0
26,11,2359,00:00:00.1740000,1,469,495,1645767,1652776,398088,2050864,392334,2443198,1,1,0,0,1,1,0
26,12,2633,00:00:00.3110000,1,919,976,3056056,3075279,1024549,4099828,784174,4884002,1,1,0,0,1,1,0
26,13,2970,00:00:00.6240000,3,1795,1948,5610897,5651246,2550741,8201987,1564979,9766966,1.0027179254939094,1.0054543268155929,0.002685756888240576,1,3,2,1
26,14,3386,00:00:01.3980000,4,3578,3943,10123730,10236113,6168258,16404371,3117684,19522055,1.0060724653857818,1.0122426598101057,0.005778112914413214,1,4,3,1
26,15,3900,00:00:03.2550000,5,7071,7863,17932035,18292213,14479805,32772018,6178498,38950516,1.013745065744072,1.0280051499027614,0.012422850355505943,1,5,4,1
26,16,4539,00:00:08.6740000,12,13845,15669,31534727,32519217,33077393,65596610,12131852,77728462,1.0462297961228584,1.0988433884747537,0.03948206081986427,1,12,11,1
26,17,5325,00:00:27.1050000,26,27128,31151,55525007,58774462,72333851,131108313,23018793,154127106,1.1455157493271455,1.3642105177505592,0.11346947401762009,1,26,25,1
26,18,6278,00:01:23.3940000,46,52215,60405,104745674,115763193,146506180,262269373,39858692,302128065,1.4206432047971738,2.788283731402239,0.3097066283226013,2,46,44,1.0227273
26,19,7409,00:03:36.3980000,67,101779,116717,231649236,265023624,259433576,524457200,58043752,582500952,1.7942763256080845,8.520551704337663,0.5547310709953308,2,67,65,1.0153847
26,20,8773,00:08:49.7350000,72,200394,224593,550021533,634952998,413771092,1048724090,73606789,1122330879,1.9697824994062552,8.64893584715425,0.6597212553024292,2,72,70,1.0142857
27,0,768,00:00:00.0530000,2,2,2,1009,1009,0,1009,79,1088,1.001982160555005,1.0039721626862226,0,1,2,1,1
27,1,841,00:00:00.0750000,2,2,2,2022,2022,0,2022,141,2163,1.003461918892186,1.006947763484338,0,1,2,1,1
27,2,917,00:00:00.1170000,2,2,2,4021,4021,0,4021,290,4311,1.0039791096742103,1.0079898388213004,0,1,2,1,1
27,3,991,00:00:00.1200000,2,4,4,8019,8023,0,8023,572,8595,1.0046140416510787,1.0092706876205535,0,1,2,1,1
27,4,1068,00:00:00.1240000,2,4,4,16099,16110,4,16114,1179,17293,1.0056525250015529,1.0113689924608966,0,1,2,1,1
27,5,1149,00:00:00.1290000,2,9,9,31933,31958,114,32072,2335,34407,1.0053236463846178,1.010703976144181,0,1,2,1,1
27,6,1239,00:00:00.1340000,2,14,14,63553,63609,587,64196,4720,68916,1.0057275030289679,1.0115206641973868,0,1,2,1,1
27,7,1341,00:00:00.1420000,2,28,28,126188,126320,2236,128556,9389,137945,1.0065061654040004,1.0130969423116507,0,1,2,1,1
27,8,1458,00:00:00.1540000,2,55,55,249052,249364,7279,256643,18495,275138,1.0067937619452965,1.0136797755767992,0,1,2,1,1
27,9,1597,00:00:00.1800000,2,122,124,490488,491216,22407,513623,37031,550654,1.0074395296113259,1.0149897893292654,0,1,2,1,1
27,10,1763,00:00:00.2320000,2,232,240,960487,962203,64309,1026512,73716,1100228,1.008238528996228,1.0166128372404406,0,1,2,1,1
27,11,1965,00:00:00.3560000,2,464,477,1872870,1876738,176828,2053566,146912,2200478,1.0092093952062877,1.0185883854767825,0,1,2,1,1
27,12,2211,00:00:00.6290000,2,849,882,3622250,3631298,470122,4101420,292601,4394021,1.0105923114086548,1.0214089044162038,0,1,2,1,1
27,13,2514,00:00:01.0100000,2,1699,1767,6958686,6979413,1217574,8196987,582785,8779772,1.0126528197996,1.0256257109045583,0,1,2,1,1
27,14,2888,00:00:01.8030000,2,3344,3493,13247924,13297273,3086998,16384271,1161328,17545599,1.0156299205822739,1.0317482394371873,0,1,2,1,1
27,15,3353,00:00:03.9870000,2,6677,7000,24992960,25112415,7684623,32797038,2316846,35113884,1.020368175678271,1.0415653236240898,0,1,2,1,1
27,16,3931,00:00:11.4350000,2,13250,14030,46572728,46873247,18722062,65595309,4609220,70204529,1.0283070813459756,1.0582138945156028,0,1,2,1,1
27,17,4651,00:00:33.8080000,3,25949,27834,85815805,86489180,44628309,131117489,9127598,140245087,1.0437810494232385,1.0915188282707322,0.00882581528276205,1,3,2,1
27,18,5551,00:01:30.6080000,3,51178,55580,156264542,158167414,104109815,262277229,17963794,280241023,1.0716706097023598,1.1538809099017324,0.013653661124408245,1,3,2,1
27,19,6674,00:03:49.9990000,4,100688,110886,282813337,288370481,235965784,524336265,34790309,559126574,1.1300461618611712,1.2943379903677579,0.020014746114611626,1,4,3,1
27,20,8075,00:09:35.2890000,5,199345,222094,516350397,534794590,513997268,1048791858,65082307,1113874165,1.2526344799150024,1.6172882569539397,0.03087216429412365,1,5,4,1
28,0,684,00:00:00.0810000,1,1,1,1008,1008,0,1008,130,1138,1,1,0,0,1,1,0
28,1,767,00:00:00.0940000,1,1,1,2007,2007,0,2007,269,2276,1,1,0,0,1,1,0
28,2,847,00:00:00.1200000,1,1,1,4017,4017,0,4017,521,4538,1,1,0,0,1,1,0
28,3,927,00:00:00.1220000,1,1,1,8012,8012,0,8012,1043,9055,1,1,0,0,1,1,0
28,4,1006,00:00:00.1250000,1,5,5,16036,16046,15,16061,1991,18052,1,1,0,0,1,1,0
28,5,1091,00:00:00.1270000,1,5,5,31985,31998,191,32189,3957,36146,1,1,0,0,1,1,0
28,6,1183,00:00:00.1300000,1,9,10,63112,63138,916,64054,7728,71782,1,1,0,0,1,1,0
28,7,1290,00:00:00.1340000,1,24,25,124602,124673,3588,128261,15571,143832,1,1,0,0,1,1,0
28,8,1413,00:00:00.1410000,1,47,49,244003,244210,11975,256185,31368,287553,1,1,0,0,1,1,0
28,9,1559,00:00:00.1530000,1,105,108,477336,477869,36174,514043,62680,576723,1,1,0,0,1,1,0
28,10,1732,00:00:00.2010000,1,209,213,920633,921977,102259,1024236,124693,1148929,1,1,0,0,1,1,0
28,11,1944,00:00:00.2650000,1,438,451,1768489,1771852,279226,2051078,249830,2300908,1,1,0,0,1,1,0
28,12,2202,00:00:00.4170000,1,860,900,3361813,3370095,733360,4103455,499576,4603031,1,1,0,0,1,1,0
28,13,2519,00:00:00.8110000,1,1727,1825,6313718,6334959,1866725,8201684,997284,9198968,1,1,0,0,1,1,0
28,14,2911,00:00:01.6580000,1,3390,3644,11709354,11765276,4638833,16404109,1992853,18396962,1,1,0,0,1,1,0
28,15,3397,00:00:03.9030000,1,6822,7389,21391358,21546144,11251187,32797331,3977592,36774923,1,1,0,0,1,1,0
28,16,4002,00:00:11.4020000,1,13402,14686,38424001,38887439,26681491,65568930,7933223,73502153,1,1,0,0,1,1,0
28,17,4757,00:00:36.4360000,1,26443,29427,67712787,69258663,61892948,131151611,15791216,146942827,1,1,0,0,1,1,0
28,18,5699,00:01:41.4870000,7,51848,58813,117135685,122041055,140172542,262213597,31226348,293439945,1.008792589551169,1.0178059342039565,0.008693951182067394,1,7,6,1
28,19,6873,00:04:22.3510000,20,101853,117376,197777844,216176946,308125646,524302592,60597878,584900470,1.0432950113461648,1.0924111391535898,0.04172831028699875,1,20,19,1
28,20,8325,00:11:01.4700000,64,199077,232182,337760776,406039325,642681967,1048721292,110787530,1159508822,1.2102483563692428,1.6001820463556795,0.19627994298934937,1,64,63,1
2,0,727,00:00:00.0840000,2,2,2,1001,1001,0,1001,196,1197,1.001998001998002,1.0040039986189238,0,1,2,1,1
2,1,808,00:00:00.1050000,1,3,3,2000,2003,0,2003,387,2390,1,1,0,0,1,1,0
2,2,895,00:00:00.1400000,2,3,3,4014,4016,0,4016,840,4856,1.0012456402590932,1.0024943387951555,0,1,2,1,1
2,3,979,00:00:00.1420000,2,3,3,8007,8008,0,8008,1647,9655,1.001373797926814,1.0027514297860267,0,1,2,1,1
2,4,1064,00:00:00.1450000,2,4,4,16021,16027,35,16062,3254,19316,1.001123525372948,1.0022496198700455,0,1,2,1,1
2,5,1155,00:00:00.1470000,2,8,8,31883,31905,319,32224,6544,38768,1.0012232224069253,1.0024494054606428,0,1,2,1,1
2,6,1256,00:00:00.1510000,2,17,17,62562,62619,1560,64179,13183,77362,1.0012627473546243,1.0025286376765448,0,1,2,1,1
2,7,1370,00:00:00.1560000,2,31,32,122201,122328,5832,128160,26471,154631,1.001325684732531,1.0026548485345197,0,1,2,1,1
2,8,1502,00:00:00.1630000,2,55,60,237000,237329,18830,256159,52685,308844,1.0015696202531645,1.0031441849021294,0,1,2,1,1
2,9,1659,00:00:00.1880000,2,112,119,456019,456861,56044,512905,105227,618132,1.0018244853832845,1.0036556539429267,0,1,2,1,1
2,10,1846,00:00:00.2180000,2,218,235,865253,867434,156708,1024142,210199,1234341,1.002304528270922,1.0046197299151278,0,1,2,1,1
2,11,2074,00:00:00.2880000,2,434,469,1628235,1633946,419517,2053463,421023,2474486,1.0030634398597253,1.0061456496274108,0,1,2,1,1
2,12,2350,00:00:00.4550000,3,890,971,3015126,3026433,1070807,4097240,838059,4935299,1.005494961072937,1.0110615042081719,0.004353872034698725,1,3,2,1
2,13,2690,00:00:00.8890000,3,1786,1965,5505844,5539224,2653863,8193087,1669930,9863017,1.008101391902858,1.0163585389284462,0.006386945489794016,1,3,2,1
2,14,3110,00:00:01.8310000,3,3500,3910,9890798,9996199,6391582,16387781,3324544,19712325,1.0130473799990658,1.026498347125324,0.010107873938977718,1,3,2,1
2,15,3631,00:00:04.1760000,5,6975,7878,17515032,17834335,14972569,32806904,6593417,39400321,1.0268322090419246,1.0554966909152457,0.01793796941637993,1,5,4,1
2,16,4274,00:00:10.0580000,10,13786,15710,30535549,31601494,33936329,65537823,12890328,78428151,1.063825543139899,1.1389780814524086,0.041023049503564835,1,10,9,1
2,17,5067,00:00:24.4460000,24,26841,31162,53601758,57180593,73928977,131109570,24378952,155488522,1.1769446069287504,1.459143639828504,0.11842727661132812,1,24,23,1
2,18,6026,00:01:07.4290000,50,51921,60689,99793153,112273979,149886894,262160873,42207370,304368243,1.4562906334866481,3.0122903874402702,0.3167640268802643,2,50,48,1.0208334
2,19,7168,00:03:20.0680000,82,101232,117214,213036826,251325666,273227599,524553265,62932300,587485565,1.8098200824678077,9.256602293750854,0.5843605995178223,2,82,80,1.0125
2,20,8546,00:08:46.2290000,100,199743,226659,481233667,580884045,467879424,1048763469,84133154,1132896623,1.9751882155825977,14.915884764851844,0.7353754639625549,2,100,97,1.0206186
29,0,614,00:00:00.0330000,1,1,1,1015,1015,0,1015,69,1084,1,1,0,0,1,1,0
29,1,686,00:00:00.0410000,1,2,2,2001,2002,0,2002,143,2145,1,1,0,0,1,1,0
29,2,761,00:00:00.0590000,1,3,3,4015,4018,0,4018,267,4285,1,1,0,0,1,1,0
29,3,836,00:00:00.0610000,1,3,3,8044,8051,0,8051,543,8594,1,1,0,0,1,1,0
29,4,911,00:00:00.0620000,1,5,5,16025,16042,4,16046,1059,17105,1,1,0,0,1,1,0
29,5,991,00:00:00.0630000,1,8,8,31975,32009,109,32118,2142,34260,1,1,0,0,1,1,0
29,6,1081,00:00:00.0650000,1,14,14,63786,63864,554,64418,4373,68791,1,1,0,0,1,1,0
29,7,1181,00:00:00.0670000,1,23,23,125847,126020,2071,128091,8656,136747,1,1,0,0,1,1,0
29,8,1299,00:00:00.0720000,1,57,57,249343,249730,7050,256780,17614,274394,1,1,0,0,1,1,0
29,9,1437,00:00:00.0800000,1,90,94,490108,490968,21368,512336,35121,547457,1,1,0,0,1,1,0
29,10,1603,00:00:00.0970000,1,195,202,962125,964077,61555,1025632,70173,1095805,1,1,0,0,1,1,0
29,11,1804,00:00:00.1390000,1,437,446,1874640,1879208,169724,2048932,140267,2189199,1,1,0,0,1,1,0
29,12,2050,00:00:00.2590000,1,860,888,3631170,3641825,454657,4096482,281096,4377578,1,1,0,0,1,1,0
29,13,2353,00:00:00.5080000,1,1727,1786,6997053,7022173,1185365,8207538,562952,8770490,1,1,0,0,1,1,0
29,14,2726,00:00:01.1640000,2,3398,3545,13335121,13380930,3012018,16392948,1124132,17517080,1.0010828548162405,1.0021680201947385,0,1,2,1,1
29,15,3190,00:00:02.7610000,2,6796,7134,25171492,25284708,7517772,32802480,2247229,35049709,1.0014187081163086,1.0028415646906557,0,1,2,1,1
29,16,3767,00:00:09.0370000,2,13306,14082,46904193,47194567,18397586,65592153,4487537,70079690,1.0019516165644295,1.0039107676297896,0,1,2,1,1
29,17,4487,00:00:30.0140000,3,26197,28072,86296710,86962315,44205751,131168066,8955738,140123804,1.0042413783793147,1.0085265878928242,0.003818620229139924,1,3,2,1
29,18,5387,00:01:23.7850000,3,51682,56152,156150842,158076376,104211243,262287619,17843637,280131256,1.0069116438065702,1.0139400259869191,0.006192528177052736,1,3,2,1
29,19,6513,00:03:37.7080000,5,101785,112243,278325213,283642871,240730702,524373573,35421112,559794685,1.015526347589645,1.0316889233003728,0.012425283901393414,1,5,4,1
29,20,7924,00:09:14.3090000,9,199664,223821,488679639,505031767,543825966,1048857733,69774183,1118631916,1.0381611561270716,1.0804157150440696,0.028630562126636505,1,9,8,1
30,0,903,00:00:00.0350000,1,1,1,1002,1002,0,1002,650,1652,1,1,0,0,1,1,0
30,1,1016,00:00:00.0440000,1,1,1,2008,2008,0,2008,1300,3308,1,1,0,0,1,1,0
30,2,1129,00:00:00.0620000,1,3,3,4002,4006,0,4006,2585,6591,1,1,0,0,1,1,0
30,3,1243,00:00:00.0640000,2,6,6,8028,8033,0,8033,5105,13138,1.001121076233184,1.0022447213300036,0,1,2,1,1
30,4,1358,00:00:00.0670000,2,8,8,15907,15930,120,16050,10037,26087,1.0018230967498585,1.0036527823303834,0,1,2,1,1
30,5,1481,00:00:00.0700000,3,11,13,31139,31169,867,32036,19983,52019,1.004688654099361,1.0094309938836836,0,1,3,2,1
30,6,1616,00:00:00.0820000,3,14,19,60203,60288,3876,64164,39804,103968,1.0066275766988355,1.0133628543249045,0.0045774513855576515,1,3,2,1
30,7,1768,00:00:00.0870000,3,38,45,114402,114726,13768,128494,78879,207373,1.011171133371794,1.022646299897366,0.009607654064893723,1,3,2,1
30,8,1943,00:00:00.0950000,5,72,86,213361,213912,42339,256251,156005,412256,1.0232376113722752,1.0478706741505408,0.01613546535372734,1,5,4,1
30,9,2149,00:00:00.1120000,7,144,164,393799,394803,118516,513319,307264,820583,1.0475674138329452,1.1011953911257673,0.029999183490872383,1,7,6,1
30,10,2392,00:00:00.1510000,7,303,338,715970,719716,305626,1025342,595300,1620642,1.0999888263474726,1.2277490031831382,0.06129300221800804,1,7,6,1
30,11,2673,00:00:00.2570000,7,578,655,1312962,1326835,722552,2049387,1097979,3147366,1.220913476551492,1.5884622169160796,0.13164077699184418,1,7,6,1
30,12,2989,00:00:00.4150000,13,1054,1202,2519169,2548127,1552497,4100624,1850934,5951558,1.4523420223097379,2.538892356597293,0.20799750089645386,1,13,12,1
30,13,3336,00:00:00.7970000,13,1917,2171,5152699,5240162,2966318,8206480,2752506,10958986,1.7239964919355857,3.0907391462624605,0.32369956374168396,1,13,12,1
30,14,3726,00:00:01.5070000,14,3494,3904,11016437,11226265,5163824,16390089,3688391,20078480,1.906409395342614,2.4668176182980646,0.38500073552131653,1,14,13,1
30,15,4189,00:00:03.0840000,16,6808,7433,23404793,23821545,8956667,32778212,4775183,37553395,1.9787948989764619,2.1253224564532647,0.3901301324367523,1,16,15,1
30,16,4757,00:00:06.8910000,14,13284,14290,47580319,48521246,17053072,65574318,6450832,72025150,1.9968223626243446,2.010489471055662,0.4071730077266693,1,14,13,1
30,17,5462,00:00:16.6910000,13,26263,28131,93000737,94846132,36226298,131072430,9520861,140593291,2.0010796366054606,1.9845179666030708,0.41757097840309143,2,14,12,1.0833334
30,18,6343,00:00:59.5870000,13,51757,55602,176967213,180445057,81765344,262210401,15427138,277637539,2.0015388217703354,1.9984424490503423,0.42125460505485535,2,14,12,1.0833334
30,19,7445,00:03:02.0110000,12,102374,110650,329686339,337224004,187267570,524491574,26823634,551315208,2.0023598612012856,2.045446625093891,0.4423665404319763,2,13,11,1.0909091
30,20,8824,00:08:12.1720000,12,201749,219914,606514836,623142631,425785430,1048928061,48639084,1097567145,2.003916349376819,2.159857975683062,0.4591159224510193,2,13,11,1.0909091
31,0,780,00:00:00.0190000,1,1,1,1005,1005,0,1005,89,1094,1,1,0,0,1,1,0
31,1,856,00:00:00.0290000,1,2,2,2026,2028,0,2028,164,2192,1,1,0,0,1,1,0
31,2,932,00:00:00.0490000,1,2,2,4006,4008,0,4008,332,4340,1,1,0,0,1,1,0
31,3,1008,00:00:00.0500000,1,3,3,7998,8002,0,8002,709,8711,1,1,0,0,1,1,0
31,4,1086,00:00:00.0510000,1,4,4,16073,16079,9,16088,1401,17489,1,1,0,0,1,1,0
31,5,1168,00:00:00.0520000,1,8,8,32001,32016,145,32161,2845,35006,1,1,0,0,1,1,0
31,6,1258,00:00:00.0540000,1,19,19,63362,63400,701,64101,5687,69788,1,1,0,0,1,1,0
31,7,1361,00:00:00.0570000,1,31,31,125861,125961,2689,128650,11385,140035,1,1,0,0,1,1,0
31,8,1480,00:00:00.0620000,1,56,56,247304,247591,8972,256563,22844,279407,1,1,0,0,1,1,0
31,9,1622,00:00:00.0710000,1,123,123,485742,486443,27670,514113,46217,560330,1,1,0,0,1,1,0
31,10,1791,00:00:00.0930000,1,250,255,945002,946691,78912,1025603,92252,1117855,1,1,0,0,1,1,0
31,11,1996,00:00:00.1430000,1,452,465,1828950,1832953,216162,2049115,184373,2233488,1,1,0,0,1,1,0
31,12,2247,00:00:00.2730000,1,862,885,3516230,3525911,574770,4100681,369636,4470317,1,1,0,0,1,1,0
31,13,2556,00:00:00.5490000,1,1720,1795,6697845,6721205,1484473,8205678,740079,8945757,1,1,0,0,1,1,0
31,14,2937,00:00:01.2640000,1,3460,3652,12613753,12672678,3734997,16407675,1478217,17885892,1,1,0,0,1,1,0
31,15,3409,00:00:03.4070000,1,6820,7254,23430621,23584617,9188597,32773214,2949011,35722225,1,1,0,0,1,1,0
31,16,3998,00:00:11.7460000,1,13443,14481,42949666,43375685,22200862,65576547,5892516,71469063,1,1,0,0,1,1,0
31,17,4732,00:00:35.1930000,3,26501,28865,77575201,78641852,52483737,131125589,11744796,142870385,1.0026089007490937,1.0052347477187433,0.0025570697616785765,1,3,2,1
31,18,5650,00:01:33.6880000,6,51714,57299,137912699,140783651,121527509,262311160,23344644,285655804,1.0097546637093948,1.0197769268007137,0.009463666006922722,1,6,5,1
31,19,6797,00:03:58.5800000,11,101518,114276,240958923,249929090,274612271,524541361,45995263,570536624,1.0293266707537534,1.0612016236400215,0.026841910555958748,1,11,10,1
31,20,8228,00:10:00.8370000,19,198640,227582,415795014,448372146,600529321,1048901467,88426404,1137327871,1.0927035815778205,1.2134209803913145,0.07992086559534073,1,19,18,1
32,0,854,00:00:00.0330000,1,1,1,1003,1003,0,1003,264,1267,1,1,0,0,1,1,0
32,1,938,00:00:00.0420000,1,1,1,2010,2010,0,2010,495,2505,1,1,0,0,1,1,0
32,2,1025,00:00:00.0600000,1,4,4,4011,4015,0,4015,999,5014,1,1,0,0,1,1,0
32,3,1115,00:00:00.0610000,1,3,4,8061,8064,0,8064,2145,10209,1,1,0,0,1,1,0
32,4,1206,00:00:00.0620000,1,4,5,15939,15948,53,16001,4479,20480,1,1,0,0,1,1,0
32,5,1304,00:00:00.0640000,1,6,7,31700,31715,439,32154,9117,41271,1,1,0,0,1,1,0
32,6,1409,00:00:00.0660000,1,20,21,62178,62233,2012,64245,17891,82136,1,1,0,0,1,1,0
32,7,1529,00:00:00.0690000,1,33,34,120423,120576,7531,128107,35811,163918,1,1,0,0,1,1,0
32,8,1669,00:00:00.0740000,1,67,68,232446,232900,24164,257064,71363,328427,1,1,0,0,1,1,0
32,9,1835,00:00:00.0870000,1,135,140,440892,442077,71482,513559,142961,656520,1,1,0,0,1,1,0
32,10,2033,00:00:00.1130000,1,245,262,824739,828024,196504,1024528,285070,1309598,1,1,0,0,1,1,0
32,11,2274,00:00:00.1750000,1,488,530,1522825,1532066,517289,2049355,570313,2619668,1,1,0,0,1,1,0
32,12,2568,00:00:00.3200000,3,967,1058,2777453,2797957,1302440,4100397,1137030,5237427,1.0027701638875617,1.0055594567303323,0.0026570868212729692,1,3,2,1
32,13,2929,00:00:00.7190000,4,1913,2137,4968291,5031234,3169996,8201230,2264405,10465635,1.0063200806877053,1.0127449815734058,0.0058425189927220345,1,4,3,1
32,14,3373,00:00:01.5880000,11,3623,4117,8793804,8943396,7454644,16398040,4479279,20877319,1.0236980492173808,1.0490339974146516,0.021268205717206,1,11,10,1
32,15,3919,00:00:03.7160000,15,7145,8195,15339593,15884297,16901641,32785938,8713914,41499852,1.0686230071423668,1.1518691353560082,0.059314578771591187,1,15,14,1
32,16,4582,00:00:09.8420000,34,13938,16161,27514600,29295456,36294079,65589535,16101729,81691264,1.2284424269297027,1.6622120241655984,0.17701409757137299,1,34,33,1
32,17,5360,00:00:30.2920000,58,26626,30944,55384555,61025702,70127268,131152970,26000696,157153666,1.5826099532622406,4.690477263324548,0.42054662108421326,1,58,57,1
32,18,6264,00:01:25.4980000,74,51943,59312,129184772,144398479,117872665,262271144,35187685,297458829,1.890436389824646,9.417628838696286,0.6119858622550964,1,74,73,1
32,19,7355,00:03:35.9590000,73,102105,113820,298643367,334343675,190118465,524462140,43809088,568271228,1.985430116718447,8.040382282774264,0.6601612567901611,1,73,72,1
32,20,8711,00:08:49.9210000,61,202915,221920,629335672,706916329,342097796,1049014125,56387973,1105402098,2.001151650911026,7.210908998540011,0.6673482656478882,2,62,60,1.0166667
33,0,666,00:00:00.0310000,2,2,2,1004,1004,0,1004,73,1077,1.002988047808765,1.0059939373000626,0,1,2,1,1
33,1,739,00:00:00.0400000,2,2,2,2017,2017,0,2017,143,2160,1.0044620723847297,1.008963944962845,0,1,2,1,1
33,2,809,00:00:00.0570000,2,2,2,4016,4016,0,4016,281,4297,1.0052290836653386,1.010512794493448,0,1,2,1,1
33,3,882,00:00:00.0570000,2,3,3,8052,8054,0,8054,566,8620,1.0040983606557377,1.008230303403679,0,1,2,1,1
33,4,960,00:00:00.0580000,2,6,6,16028,16035,7,16042,1215,17257,1.003930621412528,1.0078921553705422,0,1,2,1,1
33,5,1041,00:00:00.0600000,2,8,8,32048,32062,107,32169,2325,34494,1.0038067898152772,1.0076425216878666,0,1,2,1,1
33,6,1130,00:00:00.0610000,2,15,16,63449,63485,568,64053,4667,68720,1.0042553862157009,1.0085470440339481,0,1,2,1,1
33,7,1232,00:00:00.0630000,2,22,23,125854,125928,2208,128136,9348,137484,1.0044813831900457,1.0090029141825325,0,1,2,1,1
33,8,1350,00:00:00.0680000,2,52,53,249407,249598,7425,257023,18736,275759,1.004618956164021,1.0092805527745454,0,1,2,1,1
33,9,1489,00:00:00.0760000,2,115,118,490314,490783,22857,513640,37672,551312,1.0048275186921034,1.0097016058985606,0,1,2,1,1
33,10,1655,00:00:00.0940000,2,206,210,957725,958858,65430,1024288,75042,1099330,1.005215484611971,1.0104853310276305,0,1,2,1,1
33,11,1858,00:00:00.1340000,2,407,414,1870208,1872890,181521,2054411,150810,2205221,1.005738933851208,1.0115436936697713,0,1,2,1,1
33,12,2104,00:00:00.2390000,2,824,844,3608348,3614725,483241,4097966,301356,4399322,1.0064935532825547,1.0130714627023074,0,1,2,1,1
33,13,2408,00:00:00.5110000,2,1673,1732,6930579,6945834,1255191,8201025,603037,8804062,1.0076244712021896,1.01536514498766,0,1,2,1,1
33,14,2783,00:00:01.1250000,2,3314,3460,13180182,13217389,3181114,16398503,1203746,17602249,1.0093086726723501,1.0187906650724439,0,1,2,1,1
33,15,3248,00:00:02.5830000,2,6570,6916,24779662,24872534,7898575,32771109,2401020,35172129,1.0118821233316257,1.0240464174086135,0,1,2,1,1
33,16,3828,00:00:06.3240000,2,12895,13750,46074205,46315678,19261875,65577553,4790690,70368243,1.0161228609370472,1.0327653709899438,0,1,2,1,1
33,17,4551,00:00:17.5860000,2,25777,27786,84476953,85134302,46022655,131156957,9534473,140691430,1.0235820413645838,1.0482748831963156,0,1,2,1,1
33,18,5454,00:01:03.3270000,3,50938,55728,152837496,154596711,107670093,262266804,18899130,281165934,1.0387929412295527,1.08068359362786,0.007267261855304241,1,3,2,1
33,19,6583,00:03:10.6590000,3,100631,111624,272663371,278324900,246078812,524403712,37146687,561550399,1.0690077436180454,1.1478077305529983,0.013628004118800163,1,3,2,1
33,20,7994,00:08:32.9030000,7,198522,223498,484725490,502549728,546126865,1048676593,71633409,1120310002,1.141353859892947,1.3252299455698566,0.027863893657922745,1,7,6,1
34,0,926,00:00:00.0210000,1,1,1,1005,1005,0,1005,258,1263,1,1,0,0,1,1,0
34,1,1019,00:00:00.0290000,1,1,1,2004,2004,0,2004,567,2571,1,1,0,0,1,1,0
34,2,1108,00:00:00.0490000,1,1,1,4020,4020,0,4020,1125,5145,1,1,0,0,1,1,0
34,3,1200,00:00:00.0500000,1,2,2,8028,8029,0,8029,2318,10347,1,1,0,0,1,1,0
34,4,1292,00:00:00.0520000,1,6,6,16061,16072,53,16125,4531,20656,1,1,0,0,1,1,0
34,5,1387,00:00:00.0530000,1,10,10,31583,31612,418,32030,8900,40930,1,1,0,0,1,1,0
34,6,1494,00:00:00.0550000,1,15,16,61963,62042,2011,64053,17805,81858,1,1,0,0,1,1,0
34,7,1615,00:00:00.0580000,1,28,29,120450,120651,7516,128167,35731,163898,1,1,0,0,1,1,0
34,8,1755,00:00:00.0640000,1,58,62,231664,232217,24212,256429,71440,327869,1,1,0,0,1,1,0
34,9,1921,00:00:00.0760000,2,127,139,439474,440496,71618,512114,143391,655505,1.001067184861903,1.0021366007326022,0,1,2,1,1
34,10,2120,00:00:00.1050000,2,267,292,825480,828520,198196,1026716,287633,1314349,1.0013737461840384,1.0027513102273278,0,1,2,1,1
34,11,2360,00:00:00.1740000,2,540,586,1521746,1530511,518991,2049502,573386,2622888,1.0017880776423924,1.003582553902049,0,1,2,1,1
34,12,2654,00:00:00.3380000,5,977,1083,2774492,2791648,1308874,4100522,1145299,5245821,1.0060663357472286,1.0122333888876447,0.00582169508561492,1,5,4,1
34,13,3015,00:00:00.7280000,6,1939,2169,4965989,5016155,3180348,8196503,2279969,10476472,1.0117855677892158,1.0239630325095215,0.011485666036605835,1,6,5,1
34,14,3460,00:00:01.6170000,8,3797,4298,8752408,8918246,7482835,16401081,4514113,20915194,1.0265554348014856,1.055170708968336,0.025142192840576172,1,8,7,1
34,15,4007,00:00:03.9440000,15,7295,8385,15244342,15824630,16972451,32797081,8787535,41584616,1.0730316205186161,1.1628290152505578,0.06224677339196205,1,15,14,1
34,16,4671,00:00:12.8060000,30,13994,16279,26969872,29075818,36483505,65559323,16272325,81831648,1.222855525602791,1.641079757422165,0.17610858380794525,1,30,29,1
34,17,5453,00:00:39.2410000,61,27013,31521,53105275,59955805,71165849,131121654,26561234,157682888,1.566845930088866,4.563458001192573,0.41682252287864685,1,61,60,1
34,18,6363,00:01:39.0500000,93,52200,59955,122109683,140030043,122226928,262256971,36658504,298915475,1.8827439589700679,11.154610386095364,0.6207488179206848,1,93,92,1
34,19,7459,00:03:54.4930000,96,102202,114594,279106640,322505338,201821493,524326831,46537204,570864035,1.9839265558139354,9.861605908306439,0.6774137616157532,1,96,95,1
34,20,8819,00:09:20.1610000,96,201665,222052,593682158,683379938,365470635,1048850573,60627003,1109477576,1.9988414170937574,9.133295453844012,0.6746580600738525,1,96,95,1
35,0,971,00:00:00.0340000,2,2,2,1009,1009,0,1009,820,1829,1.0029732408325074,1.005964197314839,0,1,2,1,1
35,1,1093,00:00:00.0430000,2,2,2,2001,2001,0,2001,1599,3600,1.00199900049975,1.0040060333360505,0,1,2,1,1
35,2,1219,00:00:00.0610000,2,2,2,4022,4022,0,4022,3303,7325,1.0027349577324713,1.0054848780365704,0,1,2,1,1
35,3,1342,00:00:00.0620000,2,2,2,8012,8012,0,8012,6503,14515,1.0038691962056914,1.0077682918037336,0,1,2,1,1
35,4,1471,00:00:00.0640000,2,6,6,15852,15857,151,16008,13080,29088,1.0070653545293968,1.014230539970746,0,1,2,1,1
35,5,1612,00:00:00.0660000,2,11,11,30946,30976,1081,32057,26536,58593,1.0112777095585859,1.0228097795235274,0,1,2,1,1
35,6,1764,00:00:00.0690000,2,22,22,59239,59411,4716,64127,52702,116829,1.0172690288492379,1.0351340996850105,0,1,2,1,1
35,7,1933,00:00:00.0740000,2,35,39,111197,111841,16324,128165,103241,231406,1.0304144895995395,1.0626753639511135,0,1,2,1,1
35,8,2127,00:00:00.0840000,6,80,89,205992,207070,49096,256166,201804,457970,1.0629781739096664,1.1305796937588484,0.015231303870677948,2,6,4,1.25
35,9,2351,00:00:00.1130000,10,154,177,377913,380105,132633,512738,387659,900397,1.127815132054203,1.2840000094100574,0.03611290082335472,2,10,8,1.125
35,10,2606,00:00:00.1540000,12,278,320,693242,700299,325764,1026063,713373,1739436,1.2574512219398133,1.6487807472218332,0.0781392753124237,2,12,10,1.1
35,11,2888,00:00:00.2440000,19,534,620,1310871,1323211,728382,2051593,1218665,3270258,1.4832794378699354,2.415051886330191,0.1541920155286789,2,19,17,1.0588236
35,12,3195,00:00:00.3990000,20,1011,1171,2577290,2613572,1489724,4103296,1893147,5996443,1.7454531698023894,2.8851615965841235,0.26188069581985474,2,20,18,1.0555556
35,13,3537,00:00:00.7900000,21,1894,2160,5228927,5324859,2878455,8203314,2739534,10942848,1.9435394680400013,2.7253868283522658,0.3642027974128723,2,21,19,1.0526316
35,14,3936,00:00:01.5320000,22,3588,4045,10583632,10813336,5579929,16393265,3895850,20289115,2.046578055624005,2.877073073211573,0.41763561964035034,2,22,20,1.05
35,15,4418,00:00:03.2670000,24,6867,7653,20965502,21466108,11321236,32787344,5706122,38493466,2.0907993998903533,3.607793989170938,0.466948002576828,2,24,22,1.0454545
35,16,5008,00:00:07.4630000,24,13451,14853,40678465,41790348,23750032,65540380,8740283,74280663,2.11642196921639,4.941958155381022,0.517620325088501,2,25,23,1.0434783
35,17,5735,00:00:21.3500000,25,26222,28917,78977242,81342215,49839972,131182187,13776754,144958941,2.1319394896063857,6.1197726568738,0.546546995639801,2,26,24,1.0416666
35,18,6630,00:01:09.3990000,24,51641,56832,154328378,159807989,102507357,262315346,21811720,284127066,2.1375547535398836,5.553378654402656,0.565398097038269,2,25,23,1.0434783
35,19,7737,00:03:15.9420000,24,101697,111882,304479020,316464744,208114865,524579609,34452884,559032493,2.12992655782983,4.215460754171517,0.5579319596290588,2,25,23,1.0434783
35,20,9112,00:08:28.4840000,22,201411,221245,597007915,623938076,424839553,1048777629,54859309,1103636938,2.1114546596924098,3.220246442423384,0.5424647927284241,2,23,21,1.0476191
36,0,768,00:00:00.0320000,1,1,1,1001,1001,0,1001,123,1124,1,1,0,0,1,1,0
36,1,848,00:00:00.0410000,1,1,1,2015,2015,0,2015,242,2257,1,1,0,0,1,1,0
36,2,925,00:00:00.0590000,1,1,1,4026,4026,0,4026,456,4482,1,1,0,0,1,1,0
36,3,1000,00:00:00.0600000,1,2,2,8028,8029,0,8029,881,8910,1,1,0,0,1,1,0
36,4,1081,00:00:00.0610000,1,5,5,16080,16086,17,16103,1800,17903,1,1,0,0,1,1,0
36,5,1166,00:00:00.0620000,1,9,9,32009,32024,187,32211,3664,35875,1,1,0,0,1,1,0
36,6,1259,00:00:00.0640000,1,22,22,63379,63435,891,64326,7290,71616,1,1,0,0,1,1,0
36,7,1363,00:00:00.0670000,1,37,37,124739,124865,3270,128135,14229,142364,1,1,0,0,1,1,0
36,8,1486,00:00:00.0720000,1,64,64,245795,246099,11111,257210,28819,286029,1,1,0,0,1,1,0
36,9,1630,00:00:00.0820000,1,124,127,479330,480117,33676,513793,57722,571515,1,1,0,0,1,1,0
36,10,1803,00:00:00.1040000,1,232,238,928489,930459,95671,1026130,115105,1141235,1,1,0,0,1,1,0
36,11,2012,00:00:00.1530000,1,456,467,1786165,1791047,260243,2051290,229566,2280856,1,1,0,0,1,1,0
36,12,2268,00:00:00.2740000,1,887,919,3408156,3420176,685697,4105873,458912,4564785,1,1,0,0,1,1,0
36,13,2582,00:00:00.5510000,1,1787,1874,6426089,6456374,1750659,8207033,915476,9122509,1,1,0,0,1,1,0
36,14,2970,00:00:01.2460000,1,3448,3650,11958240,12037952,4365065,16403017,1827730,18230747,1,1,0,0,1,1,0
36,15,3452,00:00:02.9170000,2,6845,7325,21965945,22163716,10638816,32802532,3648820,36451352,1.0011016143398337,1.0022054139754544,0,1,2,1,1
36,16,4052,00:00:09.1860000,2,13434,14592,39662078,40248691,25350763,65599454,7275366,72874820,1.001968051194897,1.0039440382472127,0,1,2,1,1
36,17,4799,00:00:31.5750000,6,26548,29330,70621600,72119183,58971676,131090859,14443127,145533986,1.0100960895816578,1.020475437624115,0.009404182434082031,1,6,5,1
36,18,5732,00:01:29.0930000,13,51696,58154,123950133,128264774,133911027,262175801,28440344,290616145,1.0327674678654843,1.0687289564357207,0.029318861663341522,1,13,12,1
36,19,6894,00:03:49.8980000,23,101773,116120,215508789,230424795,294014728,524439523,54666743,579106266,1.1013643253315297,1.2365510177959809,0.08622029423713684,1,23,22,1
36,20,8328,00:09:39.3990000,43,198857,229172,387862563,442262332,606591600,1048853932,97769904,1146623836,1.3145415171198154,2.0846792476219473,0.24990379810333252,1,43,42,1
37,0,1287,00:00:00.0240000,1,1,1,1008,1008,0,1008,1250,2258,1,1,0,0,1,1,0
37,1,1453,00:00:00.0330000,1,2,2,2001,2002,0,2002,2607,4609,1,1,0,0,1,1,0
37,2,1599,00:00:00.0510000,2,3,3,4015,4017,0,4017,4837,8854,1.001494396014944,1.0029932818310823,0,1,2,1,1
37,3,1758,00:00:00.0530000,2,3,3,8000,8005,0,8005,9890,17895,1.0025,1.0050124950389954,0,1,2,1,1
37,4,1918,00:00:00.0550000,3,8,8,15834,15841,215,16056,19910,35966,1.004357711254263,1.008760544448135,0,1,3,2,1
37,5,2089,00:00:00.0670000,3,10,13,30530,30559,1459,32018,40262,72280,1.0083524402227317,1.016867166093451,0.005600119475275278,1,3,2,1
37,6,2275,00:00:00.0710000,3,24,28,57754,57896,6143,64039,79812,143851,1.0186653738269211,1.0381310124875018,0.01203310675919056,1,3,2,1
37,7,2483,00:00:00.0780000,4,52,59,107383,107871,20535,128406,155669,284075,1.043787191641135,1.0919925736826248,0.02014376036822796,1,4,3,1
37,8,2713,00:00:00.0930000,7,107,123,196333,197614,58804,256418,295721,552139,1.1116827023475422,1.2533200658557824,0.0427764393389225,1,7,6,1
37,9,2960,00:00:00.1210000,11,191,228,361391,365504,146780,512284,525116,1037400,1.2671344886840015,1.7043974672037805,0.08878792077302933,1,11,10,1
37,10,3212,00:00:00.1700000,16,320,381,693981,704819,321889,1026708,837714,1864422,1.5256224594045082,2.436241956407386,0.16717277467250824,1,16,15,1
37,11,3467,00:00:00.2730000,23,567,667,1396223,1417407,631337,2048744,1196826,3245570,1.7747122057149896,2.315252484636144,0.24420632421970367,1,23,22,1
37,12,3745,00:00:00.4170000,24,1016,1153,2856018,2906936,1193279,4100215,1615331,5715546,1.9218943998252112,1.941976430453081,0.3079611361026764,1,24,23,1
37,13,4068,00:00:00.7760000,27,1823,2033,5787613,5881961,2317426,8199387,2193225,10392612,1.982005880489936,1.9115746658130826,0.35328152775764465,2,27,25,1.04
37,14,4458,00:00:01.4810000,28,3513,3853,11377840,11572343,4819140,16391483,3143738,19535221,1.9985155354619155,2.1209259585903,0.3958926498889923,2,28,26,1.0384616
37,15,4937,00:00:03.1880000,26,6936,7554,21835416,22288419,10522052,32810471,4827171,37637642,2.002525575880945,2.529570578638242,0.44840431213378906,2,27,25,1.04
37,16,5525,00:00:07.2720000,26,13521,14783,41600154,42589104,22955343,65544447,7769930,73314377,2.0034871505523753,3.071441013261574,0.49436575174331665,2,27,25,1.04
37,17,6250,00:00:17.2270000,28,26074,28646,80268781,82382374,48733250,131115624,12664574,143780198,2.0058785245536495,3.282116036217768,0.5123559832572937,2,29,26,1.0769231
37,18,7143,00:00:53.0800000,24,51605,56601,157093721,162433032,99844357,262277389,20342513,282619902,2.007658880268041,2.767870964651715,0.5124093890190125,2,25,22,1.0909091
37,19,8246,00:02:50.9850000,23,101457,111095,311980125,324008964,200341266,524350230,32108897,556459127,2.0092058556614782,2.2057257007603526,0.4589286148548126,2,24,21,1.0952381
37,20,9618,00:07:49.3660000,24,200878,219891,615366430,641731063,407034047,1048765110,51011767,1099776877,2.011439439424734,1.9208157250156015,0.3882614076137543,2,25,22,1.0909091
38,0,761,00:00:00.0180000,1,1,1,1008,1008,0,1008,197,1205,1,1,0,0,1,1,0
38,1,846,00:00:00.0340000,1,1,1,2012,2012,0,2012,395,2407,1,1,0,0,1,1,0
38,2,929,00:00:00.0520000,1,2,2,4030,4032,0,4032,801,4833,1,1,0,0,1,1,0
38,3,1013,00:00:00.0540000,1,3,3,8004,8009,0,8009,1624,9633,1,1,0,0,1,1,0
38,4,1098,00:00:00.0550000,1,5,5,15972,15986,34,16020,3176,19196,1,1,0,0,1,1,0
38,5,1190,00:00:00.0560000,1,8,8,31844,31876,316,32192,6426,38618,1,1,0,0,1,1,0
38,6,1289,00:00:00.0580000,1,16,16,62485,62575,1496,64071,12764,76835,1,1,0,0,1,1,0
38,7,1403,00:00:00.0610000,2,28,29,122885,123009,5627,128636,25537,154173,1.0010985881108354,1.0021995601031732,0,1,2,1,1
38,8,1533,00:00:00.0660000,2,56,58,237596,237909,18135,256044,50619,306663,1.001161635717773,1.002325968626237,0,1,2,1,1
38,9,1689,00:00:00.0760000,2,109,115,458348,459126,54540,513666,101650,615316,1.0014421356698404,1.0028884282427568,0,1,2,1,1
38,10,1875,00:00:00.0970000,2,218,232,872679,874620,152301,1026921,202442,1229363,1.0017429089046488,1.0034918741623768,0,1,2,1,1
38,11,2100,00:00:00.1490000,2,452,484,1640385,1645478,406218,2051696,403685,2455381,1.0021830241071457,1.0043755712747682,0,1,2,1,1
38,12,2375,00:00:00.2890000,3,868,943,3048840,3059239,1043031,4102270,805343,4907613,1.0040008659030977,1.0080398439318425,0.0032104607671499252,1,3,2,1
38,13,2712,00:00:00.5990000,3,1675,1836,5574463,5605173,2586858,8192031,1603311,9795342,1.005871058790775,1.0118242074316528,0.004739688243716955,1,3,2,1
38,14,3130,00:00:01.3200000,4,3440,3816,10060855,10144310,6258355,16402665,3198218,19600883,1.01079043480897,1.0218751541363966,0.008538175374269485,1,4,3,1
38,15,3647,00:00:03.2150000,5,6890,7735,17825042,18099959,14697489,32797448,6348700,39146148,1.0206806244832412,1.0424736653871134,0.015414793975651264,1,5,4,1
38,16,4288,00:00:09.8510000,8,13643,15564,31153184,32066406,33507383,65573789,12471467,78045256,1.0494124131902536,1.105657401629465,0.03656090795993805,1,8,7,1
38,17,5079,00:00:34.7630000,18,26906,31008,54160988,57526223,73571624,131097847,23828203,154926050,1.1342706119024268,1.3264275629140763,0.09264221787452698,1,18,17,1
38,18,6042,00:01:35.5970000,47,52229,60804,98719546,110508353,151712486,262220839,42269629,304490468,1.3747486642614828,2.417008853069758,0.2554897367954254,1,47,46,1
38,19,7191,00:03:58.9910000,76,101597,117701,204255543,242810414,281635678,524446092,64844155,589290247,1.7428452602630227,7.799773812560078,0.5268681645393372,1,76,75,1
38,20,8573,00:09:31.4520000,92,198676,226166,460900372,566737829,481978729,1048716558,87491274,1136207832,1.9502309796356598,13.052506890829255,0.7025178670883179,1,92,91,1
3,0,875,00:00:00.0530000,1,1,1,1007,1007,0,1007,74,1081,1,1,0,0,1,1,0
3,1,951,00:00:00.0730000,1,1,1,2009,2009,0,2009,147,2156,1,1,0,0,1,1,0
3,2,1027,00:00:00.1120000,1,1,1,4017,4017,0,4017,320,4337,1,1,0,0,1,1,0
3,3,1102,00:00:00.1160000,1,2,2,8007,8008,0,8008,601,8609,1,1,0,0,1,1,0
3,4,1180,00:00:00.1200000,1,3,3,16125,16127,10,16137,1242,17379,1,1,0,0,1,1,0
3,5,1260,00:00:00.1230000,1,4,4,32056,32062,116,32178,2381,34559,1,1,0,0,1,1,0
3,6,1350,00:00:00.1280000,1,8,8,63790,63807,600,64407,4814,69221,1,1,0,0,1,1,0
3,7,1451,00:00:00.1340000,1,19,19,125792,125839,2245,128084,9488,137572,1,1,0,0,1,1,0
3,8,1569,00:00:00.1450000,1,59,59,248617,248782,7552,256334,19078,275412,1,1,0,0,1,1,0
3,9,1709,00:00:00.1690000,1,112,112,490294,490699,23067,513766,38118,551884,1,1,0,0,1,1,0
3,10,1876,00:00:00.2200000,1,234,237,957375,958408,66359,1024767,76205,1100972,1,1,0,0,1,1,0
3,11,2079,00:00:00.4040000,1,458,468,1866411,1868983,183280,2052263,152700,2204963,1,1,0,0,1,1,0
3,12,2326,00:00:00.6420000,1,887,918,3610194,3616570,487030,4103600,304568,4408168,1,1,0,0,1,1,0
3,13,2630,00:00:01,1,1710,1770,6926530,6941876,1265922,8207798,609224,8817022,1,1,0,0,1,1,0
3,14,3005,00:00:01.8050000,1,3385,3538,13152463,13190504,3206554,16397058,1215831,17612889,1,1,0,0,1,1,0
3,15,3471,00:00:04.0080000,1,6697,7054,24721918,24817903,7977469,32795372,2430497,35225869,1,1,0,0,1,1,0
3,16,4051,00:00:11.8160000,1,13312,14192,45868551,46120844,19461366,65582210,4855785,70437995,1,1,0,0,1,1,0
3,17,4775,00:00:35.5820000,1,26323,28352,83896703,84599201,46582378,131181579,9693708,140875287,1,1,0,0,1,1,0
3,18,5679,00:01:35.8380000,2,51645,56483,150928654,152853338,109318373,262171711,19317833,281489544,1.001236915556141,1.002476891087717,0,1,2,1,1
3,19,6812,00:04:07.0400000,3,101744,112974,266706106,272746714,251701891,524448605,38419967,562868572,1.0039185717030414,1.007875037261152,0.003634991589933634,1,3,2,1
3,20,8230,00:10:24.8130000,7,199477,225220,461993682,482275121,566363828,1048638949,75818404,1124457353,1.0154993266769392,1.0316697332054774,0.013562128879129887,1,7,6,1
39,0,719,00:00:00.0650000,1,2,2,1007,1008,0,1008,88,1096,1,1,0,0,1,1,0
39,1,795,00:00:00.0730000,2,2,2,2002,2002,0,2002,166,2168,1.0034965034965035,1.0070175063247973,0,1,2,1,1
39,2,874,00:00:00.1210000,2,3,3,4008,4009,0,4009,349,4358,1.0024950099800398,1.0050024313577444,0,1,2,1,1
39,3,949,00:00:00.1220000,2,4,4,8045,8049,0,8049,677,8726,1.002983219390926,1.0059842236944314,0,1,2,1,1
39,4,1026,00:00:00.1230000,2,6,6,16009,16016,8,16024,1388,17412,1.003685426947342,1.0073979933126413,0,1,2,1,1
39,5,1107,00:00:00.1240000,2,8,8,31989,31999,134,32133,2770,34903,1.0035012035387165,1.0070268693512423,0,1,2,1,1
39,6,1197,00:00:00.1250000,2,11,11,63721,63737,686,64423,5519,69942,1.0033740838969885,1.0067709681472363,0,1,2,1,1
39,7,1298,00:00:00.1280000,2,28,28,125426,125503,2573,128076,10929,139005,1.003476153269657,1.006976452243305,0,1,2,1,1
39,8,1417,00:00:00.1320000,2,68,68,247761,247956,8524,256480,21755,278235,1.0037859065793244,1.0076004818310629,0,1,2,1,1
39,9,1558,00:00:00.1420000,2,144,144,487045,487597,26072,513669,43538,557207,1.0042070034596393,1.0084494268621376,0,1,2,1,1
39,10,1726,00:00:00.1640000,2,249,254,951056,952417,74727,1027144,86893,1114037,1.0045412678117798,1.0091238005585035,0,1,2,1,1
39,11,1930,00:00:00.2110000,2,470,480,1843260,1846508,205277,2051785,173669,2225454,1.0052515651617244,1.0105583283498605,0,1,2,1,1
39,12,2179,00:00:00.3390000,2,939,971,3547036,3554872,545260,4100132,347312,4447444,1.0063478352066344,1.0127762535701366,0,1,2,1,1
39,13,2486,00:00:00.6080000,2,1797,1866,6778192,6797378,1409202,8206580,694289,8900869,1.007897386205643,1.0159194751968592,0,1,2,1,1
39,14,2865,00:00:01.2920000,2,3567,3726,12806853,12854714,3553532,16408246,1385765,17794011,1.0103396985973057,1.0208931253874667,0,1,2,1,1
39,15,3335,00:00:02.8740000,2,6948,7348,23919336,24042424,8762047,32804471,2761363,35565834,1.0144150322567482,1.029245459392816,0,1,2,1,1
39,16,3920,00:00:06.9470000,2,13402,14363,44110743,44440998,21160549,65601547,5493506,71095053,1.0216668306856678,1.0442716314013996,0,1,2,1,1
39,17,4649,00:00:17.0760000,2,26174,28418,80225423,81164961,49968824,131133785,10878201,142011986,1.0358000730017964,1.074156437409761,0,1,2,1,1
39,18,5559,00:00:50.3830000,2,51587,56794,144189637,147104536,115108642,262213178,21348788,283561966,1.0660352241541464,1.1407048097371424,0,1,2,1,1
39,19,6694,00:02:47.3430000,6,101491,113146,259252406,267638762,256721308,524360070,41002352,565362422,1.141673443138653,1.3243137293328116,0.0208977609872818,1,6,5,1
39,20,8104,00:08:00.1870000,10,199332,224801,477280794,505515822,543411067,1048926889,74651946,1123578835,1.312810137924804,1.7884077444838757,0.047660328447818756,1,10,9,1
40,0,651,00:00:00.0290000,1,1,1,1005,1005,0,1005,143,1148,1,1,0,0,1,1,0
40,1,734,00:00:00.0420000,1,1,1,2017,2017,0,2017,279,2296,1,1,0,0,1,1,0
40,2,812,00:00:00.0680000,1,1,1,4021,4021,0,4021,579,4600,1,1,0,0,1,1,0
40,3,894,00:00:00.0710000,1,4,4,8012,8016,0,8016,1152,9168,1,1,0,0,1,1,0
40,4,977,00:00:00.0730000,1,5,5,15993,16001,23,16024,2349,18373,1,1,0,0,1,1,0
40,5,1064,00:00:00.0750000,1,8,8,31778,31795,235,32030,4698,36728,1,1,0,0,1,1,0
40,6,1160,00:00:00.0790000,1,14,14,63105,63142,1153,64295,9501,73796,1,1,0,0,1,1,0
40,7,1268,00:00:00.0830000,1,26,26,123967,124066,4378,128444,19161,147605,1,1,0,0,1,1,0
40,8,1395,00:00:00.0900000,1,52,52,242427,242699,14468,257167,38545,295712,1,1,0,0,1,1,0
40,9,1544,00:00:00.1040000,1,107,108,468317,468962,43491,512453,77255,589708,1,1,0,0,1,1,0
40,10,1723,00:00:00.1320000,1,199,211,901931,903498,122612,1026110,154265,1180375,1,1,0,0,1,1,0
40,11,1939,00:00:00.1970000,1,435,463,1714469,1718450,329601,2048051,307258,2355309,1,1,0,0,1,1,0
40,12,2204,00:00:00.3620000,1,856,906,3234578,3244981,859730,4104711,614893,4719604,1,1,0,0,1,1,0
40,13,2529,00:00:00.7490000,2,1742,1857,6015303,6036470,2169112,8205582,1227870,9433452,1.0011562177333377,1.0023150954228721,0,1,2,1,1
40,14,2930,00:00:01.6150000,2,3430,3702,11013835,11073859,5320511,16394370,2448720,18843090,1.0016713524399086,1.0033483347101113,0,1,2,1,1
40,15,3428,00:00:03.8010000,2,6704,7374,19838806,20021587,12749314,32770901,4884778,37655679,1.0027301542239992,1.0054751691800834,0,1,2,1,1
40,16,4048,00:00:09.8640000,3,13299,14831,35144463,35729577,29822274,65551851,9725449,75277300,1.006023253221994,1.0121295618118356,0.003979593515396118,1,3,2,1
40,17,4820,00:00:31.6580000,6,26470,30032,61073196,63101642,67997240,131098882,19237202,150336084,1.017049754527338,1.0348616743181829,0.012586597353219986,1,6,5,1
40,18,5780,00:01:32.3840000,17,52140,60183,104670191,111965515,150274360,262239875,37345426,299585301,1.062475829436482,1.1367220772291462,0.04951940476894379,1,17,16,1
40,19,6961,00:04:07.9140000,47,101638,118569,182672176,209455578,314848391,524303969,68303545,592607514,1.2364640524126673,1.6990771955796529,0.1914769411087036,1,47,46,1
40,20,8389,00:10:22.8880000,87,198142,230825,357636204,455445215,593585863,1049031078,108273865,1157304943,1.6250706542003226,6.045169858752731,0.5065663456916809,1,87,86,1
41,0,1496,00:00:00.0430000,1,1,1,1009,1009,0,1009,1321,2330,1,1,0,0,1,1,0
41,1,1652,00:00:00.0530000,1,1,1,2004,2004,0,2004,2663,4667,1,1,0,0,1,1,0
41,2,1811,00:00:00.0730000,1,1,2,4003,4003,0,4003,5334,9337,1,1,0,0,1,1,0
41,3,1980,00:00:00.0750000,1,1,2,8005,8005,0,8005,10975,18980,1,1,0,0,1,1,0
41,4,2155,00:00:00.0770000,1,5,6,15795,15802,235,16037,22455,38492,1,1,0,0,1,1,0
41,5,2335,00:00:00.0800000,1,11,13,30499,30547,1531,32078,44317,76395,1,1,0,0,1,1,0
41,6,2534,00:00:00.0850000,1,28,31,57413,57649,6582,64231,88707,152938,1,1,0,0,1,1,0
41,7,2756,00:00:00.0930000,4,49,54,105701,106228,22000,128228,175790,304018,1.0070387224340356,1.0142078842665334,0.006248976103961468,1,4,3,1
41,8,3013,00:00:00.1190000,9,83,98,190237,191775,64244,256019,346618,602637,1.032054752755773,1.0670602186506146,0.026622191071510315,1,9,8,1
41,9,3297,00:00:00.1480000,18,178,212,344157,347775,164424,512199,649369,1161568,1.1317160481989326,1.3205901609531485,0.09965038299560547,1,18,17,1
41,10,3584,00:00:00.2040000,27,321,388,652275,660139,365032,1025171,1075046,2100217,1.3889034532980722,2.4928062585350963,0.27579694986343384,1,27,26,1
41,11,3857,00:00:00.2990000,32,600,704,1335469,1354099,698637,2052736,1519938,3572674,1.7106162703889045,5.605903254350738,0.48558107018470764,1,32,31,1
41,12,4134,00:00:00.4950000,33,1103,1247,2829959,2875135,1224176,4099311,1935033,6034344,1.9059276123788367,5.983938035245697,0.6126393675804138,1,33,32,1
41,13,4451,00:00:00.8670000,32,2000,2214,5928610,6034338,2170879,8205217,2415735,10620952,1.979092738432786,5.272685138191079,0.6644083261489868,1,32,31,1
41,14,4831,00:00:01.5960000,32,3526,3854,11972953,12190294,4195258,16385552,3141309,19526861,1.997956727968447,5.055172704436656,0.67875736951828,2,32,30,1.0333333
41,15,5299,00:00:03.3670000,30,6761,7322,23431662,23898783,8901480,32800263,4419718,37219981,2.00147322029483,5.099439972061828,0.6847442984580994,2,31,29,1.0344827
41,16,5877,00:00:10.7660000,31,13208,14253,45032806,45926148,19639078,65565226,6738052,72303278,2.004221455798246,5.397601910556185,0.690845787525177,2,32,28,1.1071428
41,17,6594,00:00:32.3420000,33,25986,28101,85970716,87612135,43510547,131122682,10907055,142029737,2.00849671881295,5.995730229015504,0.6894902586936951,2,34,29,1.137931
41,18,7485,00:01:26.2790000,32,51573,56057,163453667,167028403,95291987,262320390,18290052,280610442,2.012569580344747,6.771259772493765,0.6953316926956177,2,33,28,1.1428572
41,19,8592,00:03:37.1490000,26,101756,111248,310336716,319275560,205156795,524432355,31092448,555524803,2.0190462252619827,7.203013449828837,0.7375704646110535,2,27,22,1.1818181
41,20,9971,00:09:03.2780000,27,200776,220374,595177448,613678718,435052155,1048730873,52929917,1101660790,2.0307658061667686,6.78024981692422,0.7155483365058899,2,28,23,1.173913
42,0,693,00:00:00.0410000,1,1,1,1012,1012,0,1012,72,1084,1,1,0,0,1,1,0
42,1,770,00:00:00.0490000,1,1,1,2013,2013,0,2013,152,2165,1,1,0,0,1,1,0
42,2,844,00:00:00.0660000,1,1,1,4012,4012,0,4012,285,4297,1,1,0,0,1,1,0
42,3,919,00:00:00.0680000,1,2,2,8050,8051,0,8051,559,8610,1,1,0,0,1,1,0
42,4,995,00:00:00.0690000,1,6,6,15997,16003,1,16004,1116,17120,1,1,0,0,1,1,0
42,5,1077,00:00:00.0700000,1,9,9,32025,32038,98,32136,2155,34291,1,1,0,0,1,1,0
42,6,1166,00:00:00.0720000,1,22,22,63882,63928,516,64444,4291,68735,1,1,0,0,1,1,0
42,7,1267,00:00:00.0750000,1,40,40,126615,126734,2038,128772,8564,137336,1,1,0,0,1,1,0
42,8,1383,00:00:00.0800000,1,65,65,249074,249348,6822,256170,17106,273276,1,1,0,0,1,1,0
42,9,1522,00:00:00.0890000,1,121,123,492542,493176,20856,514032,34220,548252,1,1,0,0,1,1,0
42,10,1687,00:00:00.1090000,1,218,221,963763,965235,59865,1025100,68166,1093266,1,1,0,0,1,1,0
42,11,1888,00:00:00.1530000,1,437,447,1881638,1885160,165696,2050856,136463,2187319,1,1,0,0,1,1,0
42,12,2133,00:00:00.2680000,1,837,861,3649031,3657228,441089,4098317,271971,4370288,1,1,0,0,1,1,0
42,13,2434,00:00:00.5050000,1,1669,1721,7022770,7042023,1150463,8192486,544073,8736559,1,1,0,0,1,1,0
42,14,2807,00:00:01.1290000,1,3287,3425,13415780,13462067,2932574,16394641,1087764,17482405,1,1,0,0,1,1,0
42,15,3270,00:00:02.6500000,1,6732,7071,25354264,25468935,7334782,32803717,2175990,34979707,1,1,0,0,1,1,0
42,16,3845,00:00:07.1030000,1,13244,14056,47292398,47582556,17959152,65541708,4342394,69884102,1,1,0,0,1,1,0
42,17,4564,00:00:22.0800000,1,26125,28030,87078860,87852174,43265649,131117823,8673628,139791451,1,1,0,0,1,1,0
42,18,5462,00:01:10.7680000,1,51544,55974,157705596,159918413,102250957,262169370,17297136,279466506,1,1,0,0,1,1,0
42,19,6587,00:03:17.7950000,4,101612,111841,281400655,287286734,237183033,524469767,34429587,558899354,1.00379577652369,1.0076300510999667,0.0037948975805193186,1,4,3,1
42,20,7996,00:08:38.3810000,9,199677,223412,492713676,510446075,538461537,1048907612,68130822,1117038434,1.0141947409635124,1.0289747455797988,0.01369315292686224,1,9,8,1
43,0,790,00:00:00.0690000,1,1,1,1006,1006,0,1006,159,1165,1,1,0,0,1,1,0
43,1,871,00:00:00.0780000,1,1,1,2012,2012,0,2012,319,2331,1,1,0,0,1,1,0
43,2,952,00:00:00.0960000,1,1,1,4018,4018,0,4018,639,4657,1,1,0,0,1,1,0
43,3,1035,00:00:00.0970000,1,3,3,8010,8012,0,8012,1395,9407,1,1,0,0,1,1,0
43,4,1118,00:00:00.0990000,1,6,6,16009,16022,28,16050,2748,18798,1,1,0,0,1,1,0
43,5,1205,00:00:00.1000000,1,7,7,31749,31777,265,32042,5461,37503,1,1,0,0,1,1,0
43,6,1302,00:00:00.1010000,1,9,11,62906,62968,1285,64253,10876,75129,1,1,0,0,1,1,0
43,7,1413,00:00:00.1040000,1,20,22,123245,123368,4881,128249,21782,150031,1,1,0,0,1,1,0
43,8,1541,00:00:00.1070000,1,42,46,240355,240663,16009,256672,43531,300203,1,1,0,0,1,1,0
43,9,1692,00:00:00.1160000,1,103,110,463421,464209,47879,512088,86916,599004,1,1,0,0,1,1,0
43,10,1874,00:00:00.1370000,1,218,231,890397,892452,134966,1027418,173680,1201098,1,1,0,0,1,1,0
43,11,2094,00:00:00.1860000,1,424,463,1684419,1689491,362886,2052377,346986,2399363,1,1,0,0,1,1,0
43,12,2362,00:00:00.3210000,1,840,909,3144837,3158093,938161,4096254,692845,4789099,1,1,0,0,1,1,0
43,13,2693,00:00:00.6100000,2,1737,1887,5822884,5852459,2353852,8206311,1384450,9590761,1.0011875558572008,1.0023779465054667,0,1,2,1,1
43,14,3101,00:00:01.3160000,3,3452,3756,10586723,10662270,5735577,16397847,2759857,19157704,1.0029799589542487,1.0059816850701069,0.00276739988476038,1,3,2,1
43,15,3607,00:00:03.1310000,5,6911,7676,18968392,19161907,13624926,32786833,5496002,38282835,1.00789813917806,1.0159655012310893,0.007241838611662388,1,5,4,1
43,16,4236,00:00:09.0780000,7,13549,15250,33405739,34028726,31543307,65572033,10894202,76466235,1.0188446063115084,1.0386851561148296,0.016455119475722313,1,7,6,1
43,17,5017,00:00:32.7350000,10,26633,30546,57799171,60224514,70885610,131110124,21311361,152421485,1.0499473080677921,1.1072069795980157,0.04016660526394844,1,10,9,1
43,18,5981,00:01:32.9890000,31,52120,60499,101334782,109745889,152429367,262175256,40048159,302223415,1.1735463841033378,1.453916641159642,0.1263069063425064,1,31,30,1
43,19,7148,00:03:58.9680000,56,101957,118712,192533345,224206281,300116250,524322531,67184121,591506652,1.4954341337600507,3.4750124199486367,0.34973129630088806,1,56,55,1
43,20,8542,00:09:38.7850000,76,199517,229110,432881883,533570525,515074280,1048644805,94040355,1142685160,1.8550953263156085,8.737286640864076,0.5896424055099487,1,76,75,1
44,0,790,00:00:00.0950000,2,2,2,1001,1001,0,1001,299,1300,1.004995004995005,1.0100398740161542,0,1,2,1,1
44,1,878,00:00:00.1100000,2,2,2,2011,2011,0,2011,558,2569,1.008453505718548,1.0170498785456918,0,1,2,1,1
44,2,963,00:00:00.1360000,2,2,2,4002,4002,0,4002,1045,5047,1.0099950024987505,1.0201897256301442,0,1,2,1,1
44,3,1052,00:00:00.1390000,2,2,2,8001,8001,0,8001,2101,10102,1.0087489063867017,1.017650839885576,0,1,2,1,1
44,4,1140,00:00:00.1410000,2,4,4,15982,15986,45,16031,4080,20111,1.009322988361907,1.018819807954066,0,1,2,1,1
44,5,1236,00:00:00.1440000,2,8,9,31767,31782,397,32179,8215,40394,1.0101677841785501,1.0205422787076637,0,1,2,1,1
44,6,1339,00:00:00.1470000,2,15,16,62339,62375,1826,64201,16087,80288,1.0129774298593177,1.0262915528294356,0,1,2,1,1
44,7,1456,00:00:00.1530000,2,30,31,121417,121522,6785,128307,31886,160193,1.015854452012486,1.0322114247062353,0,1,2,1,1
44,8,1593,00:00:00.1610000,2,64,67,234214,234478,21965,256443,63569,320012,1.0201866668943786,1.0411876362972374,0,1,2,1,1
44,9,1755,00:00:00.1790000,2,131,137,447140,447823,65165,512988,127021,640009,1.0268886702151452,1.0552211315723705,0,1,2,1,1
44,10,1948,00:00:00.2160000,2,260,271,843813,845752,179278,1025030,252103,1277133,1.0373423969528794,1.0774652614640503,0,1,2,1,1
44,11,2182,00:00:00.3220000,2,471,502,1577064,1582449,470365,2052814,498693,2551507,1.0556356622178935,1.117419221396364,0,1,2,1,1
44,12,2465,00:00:00.5030000,2,965,1032,2909845,2926009,1171742,4097751,973718,5071469,1.0897308963192198,1.1952551698156881,0,1,2,1,1
44,13,2810,00:00:00.9570000,3,1877,2055,5365967,5410846,2794882,8205728,1867508,10073236,1.1565639520332496,1.3595001672122056,0.009222074411809444,1,3,2,1
44,14,3227,00:00:01.9430000,4,3524,3931,9982194,10109831,6295325,16405156,3438532,19843688,1.284076426484999,1.6910394002939406,0.018741607666015625,1,4,3,1
44,15,3726,00:00:04.3360000,7,6924,7715,19349753,19678038,13125033,32803071,5867203,38670274,1.4973151853669657,2.039295745849142,0.035428788512945175,1,7,6,1
44,16,4317,00:00:10.9740000,9,13372,14803,40015008,40876567,24675020,65551587,8928196,74479783,1.7438758977631592,1.6825369885932233,0.05340633913874626,1,9,8,1
44,17,5026,00:00:30.2840000,10,26274,28720,86779184,88856161,42295938,131152099,12209384,143361483,1.9133142459601833,1.2453351008068054,0.06546583771705627,1,10,9,1
44,18,5893,00:01:22.2040000,10,51987,55956,186099565,190733535,71445649,262179184,15989725,278168909,1.9807691221631818,1.0890002733287445,0.06957214325666428,1,10,9,1
44,19,6973,00:03:34.1730000,11,103326,110031,382361269,391554332,132991128,524545460,21843083,546388543,1.9972598479894679,1.0554637687807067,0.07048201560974121,1,11,10,1
44,20,8324,00:09:02.9670000,10,204724,217371,749352370,768017533,280706114,1048723647,32841377,1081565024,2,1.049855319243501,0.07079242914915085,1,11,10,1
45,0,872,00:00:00.0350000,1,1,1,1002,1002,0,1002,136,1138,1,1,0,0,1,1,0
45,1,951,00:00:00.0480000,1,1,1,2007,2007,0,2007,279,2286,1,1,0,0,1,1,0
45,2,1031,00:00:00.0740000,1,1,1,4029,4029,0,4029,571,4600,1,1,0,0,1,1,0
45,3,1111,00:00:00.0760000,1,2,2,8006,8007,0,8007,1194,9201,1,1,0,0,1,1,0
45,4,1195,00:00:00.0780000,1,4,4,16062,16065,26,16091,2469,18560,1,1,0,0,1,1,0
45,5,1282,00:00:00.0810000,1,8,8,31912,31923,244,32167,4902,37069,1,1,0,0,1,1,0
45,6,1377,00:00:00.0850000,1,20,21,63125,63177,1144,64321,9647,73968,1,1,0,0,1,1,0
45,7,1485,00:00:00.0900000,1,33,34,123711,123826,4360,128186,19230,147416,1,1,0,0,1,1,0
45,8,1611,00:00:00.0970000,1,48,49,242085,242354,14294,256648,38345,294993,1,1,0,0,1,1,0
45,9,1760,00:00:00.1100000,1,105,108,469796,470488,42936,513424,76479,589903,1,1,0,0,1,1,0
45,10,1938,00:00:00.1390000,1,210,220,902531,904349,121635,1025984,152892,1178876,1,1,0,0,1,1,0
45,11,2154,00:00:00.2060000,1,420,445,1715876,1720557,328875,2049432,305858,2355290,1,1,0,0,1,1,0
45,12,2419,00:00:00.3830000,1,856,902,3234066,3246278,858435,4104713,612810,4717523,1,1,0,0,1,1,0
45,13,2743,00:00:00.7620000,1,1770,1873,6000020,6032637,2160617,8193254,1222078,9415332,1,1,0,0,1,1,0
45,14,3145,00:00:01.6770000,1,3505,3782,10992083,11085318,5314353,16399671,2442465,18842136,1,1,0,0,1,1,0
45,15,3643,00:00:03.8870000,4,6860,7494,19861324,20065493,12726621,32792114,4868452,37660566,1.004041774858514,1.0081273877472006,0.004017797764390707,1,4,3,1
45,16,4262,00:00:09.8450000,5,13411,14901,35184601,35842766,29729508,65572274,9674293,75246567,1.0088853927887373,1.017988252040058,0.008573628030717373,1,5,4,1
45,17,5033,00:00:32.6820000,10,26602,30042,61405740,63480633,67667297,131147930,19079831,150227761,1.0282885117905916,1.0589306706673376,0.02581169269979,1,10,9,1
45,18,5989,00:01:41.0940000,21,52099,59824,106164997,113545842,148629077,262174919,36696608,298871527,1.0949209935926434,1.2193025733237077,0.08124594390392303,1,21,20,1
45,19,7162,00:04:24.6020000,54,101843,118065,193153462,217882845,306446309,524329154,65505491,589834645,1.3241680855816087,2.1507947434504855,0.25891000032424927,1,54,53,1
45,20,8574,00:10:54.4860000,77,199031,229572,402967044,490052574,558668078,1048720652,99424797,1148145449,1.7183518387176098,8.400588783453589,0.5522403717041016,2,77,75,1.0133333
46,0,1227,00:00:00.0720000,1,1,1,1004,1004,0,1004,245,1249,1,1,0,0,1,1,0
46,1,1310,00:00:00.0850000,1,1,1,2002,2002,0,2002,488,2490,1,1,0,0,1,1,0
46,2,1400,00:00:00.1120000,1,2,2,4008,4009,0,4009,989,4998,1,1,0,0,1,1,0
46,3,1486,00:00:00.1140000,1,2,2,8030,8032,0,8032,1921,9953,1,1,0,0,1,1,0
46,4,1574,00:00:00.1170000,1,3,3,16009,16018,42,16060,3869,19929,1,1,0,0,1,1,0
46,5,1667,00:00:00.1190000,1,6,6,31816,31837,359,32196,7644,39840,1,1,0,0,1,1,0
46,6,1770,00:00:00.1220000,1,13,14,62586,62645,1751,64396,15250,79646,1,1,0,0,1,1,0
46,7,1885,00:00:00.1270000,1,24,26,121561,121746,6424,128170,29959,158129,1,1,0,0,1,1,0
46,8,2021,00:00:00.1350000,1,55,57,235482,236002,21098,257100,60136,317236,1,1,0,0,1,1,0
46,9,2181,00:00:00.1500000,1,120,123,450071,451339,62318,513657,119871,633528,1,1,0,0,1,1,0
46,10,2372,00:00:00.1850000,2,235,246,850225,852565,172678,1025243,238734,1263977,1.0011691022964508,1.0023409044802036,0,1,2,1,1
46,11,2604,00:00:00.2660000,3,469,504,1586796,1591291,458255,2049546,477294,2526840,1.0029720266499285,1.0059661254312748,0.0029577382374554873,1,3,2,1
46,12,2887,00:00:00.5000000,3,991,1071,2918828,2931903,1164843,4096746,951569,5048315,1.0045706701456887,1.0091937436017626,0.004497172776609659,1,3,2,1
46,13,3235,00:00:00.9570000,3,1876,2058,5288546,5329167,2867428,8196595,1896664,10093259,1.0079006592738344,1.0159582212691594,0.007875413633883,1,3,2,1
46,14,3664,00:00:01.9610000,4,3673,4088,9430422,9553791,6833374,16387165,3764244,20151409,1.0170254310994777,1.034807479353853,0.01438169926404953,1,4,3,1
46,15,4195,00:00:04.5150000,7,7095,8045,16604993,16993650,15796836,32790486,7411713,40202199,1.0438663840448472,1.093054641641624,0.03172102943062782,1,7,6,1
46,16,4847,00:00:11.8640000,14,13854,15915,29218200,30546024,35021436,65567460,14178343,79745803,1.127330533708442,1.3045490663682302,0.08185403048992157,1,14,13,1
46,17,5634,00:00:37.2550000,29,27110,31338,53825693,58677584,72438685,131116269,25037169,156153438,1.3600399719888419,2.2275756773131454,0.20424459874629974,1,29,28,1
46,18,6561,00:01:41.4680000,50,52258,60165,114673355,129773183,132442038,262215221,37760001,299975222,1.731335452773663,4.0877787838126745,0.38043296337127686,1,50,49,1
46,19,7663,00:04:03.2220000,57,102010,114987,269026199,309198774,215202548,524401322,48945968,573347290,1.9456274368281878,2.9592508831434503,0.45519229769706726,1,57,56,1
46,20,9018,00:09:42.7240000,53,202027,222568,603936623,694653193,354241619,1048894812,61035105,1109929917,1.9956928543477317,2.259042024458423,0.43840062618255615,2,53,51,1.0196079
47,0,885,00:00:00.0910000,1,1,2,1009,1009,0,1009,183,1192,1,1,0,0,1,1,0
47,1,964,00:00:00.1040000,1,1,2,2004,2004,0,2004,314,2318,1,1,0,0,1,1,0
47,2,1045,00:00:00.1790000,1,1,2,4033,4033,0,4033,625,4658,1,1,0,0,1,1,0
47,3,1127,00:00:00.1810000,1,1,2,8050,8050,0,8050,1241,9291,1,1,0,0,1,1,0
47,4,1207,00:00:00.1820000,1,4,5,16112,16117,21,16138,2330,18468,1,1,0,0,1,1,0
47,5,1294,00:00:00.1850000,1,6,7,31958,31969,231,32200,4664,36864,1,1,0,0,1,1,0
47,6,1389,00:00:00.1880000,1,13,14,63147,63180,1087,64267,9127,73394,1,1,0,0,1,1,0
47,7,1496,00:00:00.1930000,1,29,31,123836,123936,4117,128053,18135,146188,1,1,0,0,1,1,0
47,8,1622,00:00:00.2030000,1,62,65,243300,243595,13677,257272,36399,293671,1,1,0,0,1,1,0
47,9,1770,00:00:00.2230000,1,122,128,471316,472112,41285,513397,72859,586256,1,1,0,0,1,1,0
47,10,1947,00:00:00.2670000,1,234,246,906293,908279,116838,1025117,145576,1170693,1,1,0,0,1,1,0
47,11,2162,00:00:00.3620000,1,432,454,1730768,1735805,315694,2051499,290701,2342200,1,1,0,0,1,1,0
47,12,2424,00:00:00.5630000,1,883,930,3262499,3275326,822515,4097841,580228,4678069,1,1,0,0,1,1,0
47,13,2747,00:00:01.1030000,1,1741,1852,6079002,6113069,2083398,8196467,1159970,9356437,1,1,0,0,1,1,0
47,14,3146,00:00:01.8350000,1,3485,3729,11169794,11264431,5133299,16397730,2316540,18714270,1,1,0,0,1,1,0
47,15,3641,00:00:03.7190000,3,6907,7503,20240380,20467082,12338837,32805919,4620056,37425975,1.0027800367384407,1.0055792813855604,0.0027708099223673344,1,3,2,1
47,16,4256,00:00:09.8580000,5,13546,14978,36020085,36666744,28932390,65599134,9184450,74783584,1.0078261891941676,1.0158209868339174,0.007580416742712259,1,5,4,1
47,17,5022,00:00:29.9850000,9,26444,29714,62910622,64990183,66143249,131133432,18146030,149279462,1.0217768789505848,1.0449328028069207,0.020106662064790726,1,9,8,1
47,18,5975,00:01:27.7680000,23,52027,59571,108947415,115658123,146610732,262268855,35206546,297475401,1.0742651856402468,1.166226297848067,0.06599613279104233,1,23,22,1
47,19,7150,00:03:50.5140000,47,101877,118044,191599311,215808037,308693409,524501446,64581121,589082567,1.2430047882583461,1.735024352155127,0.2112986445426941,1,47,46,1
47,20,8575,00:09:40.3610000,82,199304,231009,376443125,460031398,588856396,1048887794,103824559,1152712353,1.6107684394554955,5.997445545475895,0.5206449031829834,1,82,81,1
48,0,660,00:00:00.0400000,1,1,1,1012,1012,0,1012,80,1092,1,1,0,0,1,1,0
48,1,733,00:00:00.0490000,1,2,2,2000,2001,0,2001,164,2165,1,1,0,0,1,1,0
48,2,810,00:00:00.0680000,1,2,2,4037,4039,0,4039,323,4362,1,1,0,0,1,1,0
48,3,883,00:00:00.0690000,1,4,4,8024,8035,0,8035,594,8629,1,1,0,0,1,1,0
48,4,959,00:00:00.0710000,2,4,4,16044,16050,4,16054,1193,17247,1.0013089005235603,1.0026212625653739,0,1,2,1,1
48,5,1040,00:00:00.0730000,2,6,6,32107,32116,109,32225,2313,34538,1.0011835425296665,1.0023699405918975,0,1,2,1,1
48,6,1129,00:00:00.0740000,2,9,9,63548,63569,553,64122,4553,68675,1.001195946371247,1.0023947951117904,0,1,2,1,1
48,7,1230,00:00:00.0760000,2,25,25,125994,126074,2165,128239,9153,137392,1.0012064066542852,1.0024157067834467,0,1,2,1,1
48,8,1347,00:00:00.0800000,2,51,53,248747,248943,7200,256143,18227,274370,1.0011859439510828,1.0023747202212516,0,1,2,1,1
48,9,1486,00:00:00.0890000,2,112,115,491644,492155,21914,514069,36271,550340,1.0012305652057178,1.0024641041529239,0,1,2,1,1
48,10,1651,00:00:00.1080000,2,204,209,961455,962699,62908,1025607,72091,1097698,1.0014145227805773,1.0028330767175728,0,1,2,1,1
48,11,1852,00:00:00.1500000,2,412,422,1873384,1876322,173695,2050017,143961,2193978,1.001629671225974,1.0032646126118137,0,1,2,1,1
48,12,2098,00:00:00.2770000,2,859,883,3624846,3631931,464580,4096511,288192,4384703,1.0018660103077484,1.003738929652758,0,1,2,1,1
48,13,2401,00:00:00.5200000,2,1685,1749,6974499,6991314,1208911,8200225,576716,8776941,1.0021779342143429,1.0043653944005408,0,1,2,1,1
48,14,2775,00:00:01.1500000,2,3300,3452,13282941,13323388,3072712,16396100,1152373,17548473,1.0025820336023477,1.0051773605194037,0,1,2,1,1
48,15,3239,00:00:02.8260000,2,6636,7023,25015127,25114853,7658311,32773164,2303379,35076543,1.003220771175777,1.0064623399653454,0,1,2,1,1
48,16,3817,00:00:08.9870000,2,13081,13933,46566398,46822998,18723124,65546122,4601098,70147220,1.0042447990072154,1.0085257649676231,0,1,2,1,1
48,17,4539,00:00:30.0450000,2,26068,28004,85516626,86212031,44963716,131175747,9187796,140363543,1.005963916303246,1.0119989747557279,0,1,2,1,1
48,18,5440,00:01:23.3190000,3,51404,56087,154638086,156439607,105798108,262237715,18298107,280535822,1.010452062889604,1.0211483044475738,0.005810847505927086,1,3,2,1
48,19,6568,00:03:36.4740000,5,101465,112202,275238231,280301498,244058883,524360381,36325109,560685490,1.020252244681808,1.0415030694235419,0.011792914010584354,1,5,4,1
48,20,7981,00:09:05.6790000,7,199685,224391,480930959,498195918,550540674,1048736592,71553069,1120289661,1.041556750768461,1.087528892653554,0.024187123402953148,1,7,6,1
4,0,998,00:00:00.0950000,1,1,1,1002,1002,0,1002,734,1736,1,1,0,0,1,1,0
4,1,1123,00:00:00.1170000,1,1,2,2014,2014,0,2014,1529,3543,1,1,0,0,1,1,0
4,2,1248,00:00:00.1590000,1,1,2,4005,4005,0,4005,3105,7110,1,1,0,0,1,1,0
4,3,1370,00:00:00.1640000,1,1,2,8028,8028,0,8028,6175,14203,1,1,0,0,1,1,0
4,4,1498,00:00:00.1700000,1,3,4,15912,15917,143,16060,12450,28510,1,1,0,0,1,1,0
4,5,1630,00:00:00.1760000,1,9,11,31014,31050,1006,32056,24594,56650,1,1,0,0,1,1,0
4,6,1778,00:00:00.1850000,1,15,17,59582,59696,4519,64215,49273,113488,1,1,0,0,1,1,0
4,7,1945,00:00:00.1980000,3,33,36,111982,112168,15968,128136,98465,226601,1.002178921612402,1.0043697030977827,0,1,3,2,1
4,8,2140,00:00:00.2430000,3,76,82,206606,207307,49080,256387,197133,453520,1.0037511011296865,1.0075374792434535,0.0025802701711654663,1,3,2,1
4,9,2368,00:00:00.2970000,5,154,172,374509,376466,135817,512283,391873,904156,1.0101920114069354,1.0206658591527429,0.008968587964773178,1,5,4,1
4,10,2640,00:00:00.4100000,8,286,332,668018,673918,350246,1024164,774762,1798926,1.0289108976105434,1.0602244300430532,0.025289028882980347,1,8,7,1
4,11,2961,00:00:00.6580000,14,584,679,1180689,1203034,845364,2048398,1494517,3542915,1.0852442937979434,1.193257745868781,0.06755904853343964,1,14,13,1
4,12,3329,00:00:01.0250000,29,1173,1356,2162288,2216828,1885937,4102765,2709851,6812616,1.266036254190006,1.8258239649287191,0.2007358968257904,1,29,28,1
4,13,3721,00:00:01.6060000,43,2126,2466,4278878,4436754,3755297,8192051,4267324,12459375,1.5917908853676128,4.874166220815149,0.4312930107116699,1,43,42,1
4,14,4141,00:00:02.8090000,50,3831,4415,9224108,9654986,6729360,16384346,5870595,22254941,1.8652194878897774,10.631347714962654,0.6282715797424316,1,50,49,1
4,15,4622,00:00:05.6720000,52,7118,8051,19945294,20970302,11798511,32768813,7615450,40384263,1.973247223129426,10.720130111654202,0.7128770351409912,1,52,51,1
4,16,5204,00:00:14.5810000,57,13666,15186,41240273,43261255,22289702,65550957,10127602,75678559,1.9980445085802414,10.156385147813124,0.7256244421005249,2,57,55,1.0181818
4,17,5922,00:00:38.5840000,58,26512,29202,81387642,85456649,45639546,131096195,14372251,145468446,2.0030694340548654,9.122640335332374,0.7192957997322083,2,59,56,1.0357143
4,18,6813,00:01:36.5130000,61,51882,56951,157748697,165544032,96716723,262260755,21754260,284015015,2.0069989674780007,7.691585086350817,0.6958299875259399,2,62,58,1.0517242
4,19,7920,00:03:57.0560000,58,102335,112386,301945320,318559008,205860759,524419767,34502016,558921783,2.0105518045452735,6.268979802229526,0.6676533222198486,2,59,55,1.0545454
4,20,9300,00:09:42.4480000,54,201507,222055,575669918,611583559,437358246,1048941805,56499860,1105441665,2.016264356894883,5.304781992999386,0.6326369047164917,2,55,51,1.0588236
49,0,1220,00:00:00.0220000,1,2,2,1000,1001,0,1001,153,1154,1,1,0,0,1,1,0
49,1,1295,00:00:00.0300000,2,2,2,2014,2014,0,2014,280,2294,1.0014895729890765,1.00298359705053,0,1,2,1,1
49,2,1376,00:00:00.0480000,2,2,2,4009,4009,0,4009,570,4579,1.0027438263906212,1.0055027376017056,0,1,2,1,1
49,3,1454,00:00:00.0500000,2,4,4,8027,8030,0,8030,1086,9116,1.0033636476890495,1.0067499660033665,0,1,2,1,1
49,4,1536,00:00:00.0510000,2,6,6,16048,16057,24,16081,2201,18282,1.0037387836490528,1.0075054776043546,0,1,2,1,1
49,5,1622,00:00:00.0520000,2,8,8,31899,31933,214,32147,4395,36542,1.0036051286874197,1.0072362478645962,0,1,2,1,1
49,6,1716,00:00:00.0540000,2,13,13,63043,63120,1063,64183,8821,73004,1.004314515489428,1.008666313010499,0,1,2,1,1
49,7,1824,00:00:00.0560000,2,26,26,124156,124336,4118,128454,17904,146358,1.004687651019685,1.0094192804293958,0,1,2,1,1
49,8,1949,00:00:00.0600000,2,54,55,243096,243529,13354,256883,35470,292353,1.0052530687465033,1.0105613397401116,0,1,2,1,1
49,9,2097,00:00:00.0710000,2,111,116,471851,472891,40475,513366,71177,584543,1.0061057410072247,1.0122859957734935,0,1,2,1,1
49,10,2274,00:00:00.0910000,2,215,225,909333,911830,114459,1026289,142035,1168324,1.007743038028973,1.015606016906476,0,1,2,1,1
49,11,2488,00:00:00.1380000,2,427,456,1738129,1744112,308424,2052536,282570,2335106,1.0097800566010924,1.0197513599080756,0,1,2,1,1
49,12,2749,00:00:00.2680000,3,852,904,3284630,3295907,803471,4099378,563043,4662421,1.0143644794086397,1.0291715213951491,0.005477201659232378,1,3,2,1
49,13,3070,00:00:00.5590000,3,1748,1864,6139529,6168882,2027021,8195903,1119329,9315232,1.0205087393511783,1.0419174624642848,0.0075036645866930485,1,3,2,1
49,14,3467,00:00:01.2240000,3,3398,3647,11337154,11416590,4982524,16399114,2222938,18622052,1.0316493892558927,1.0654397696761937,0.011205876246094704,1,3,2,1
49,15,3958,00:00:02.8770000,4,6783,7388,20705945,20911625,11884319,32795944,4379417,37175361,1.055002995516505,1.1165894816107607,0.01643567532300949,1,4,3,1
49,16,4566,00:00:07.1010000,7,13369,14760,37612221,38111016,27459927,65570943,8505722,74076665,1.1068564656152584,1.2393660681142202,0.028803639113903046,1,7,6,1
49,17,5317,00:00:20.6200000,8,26090,29146,68816042,70390692,60723964,131114656,15965799,147080455,1.2191670802572458,1.541784666346249,0.05401025339961052,1,8,7,1
49,18,6236,00:01:11.6870000,12,51250,57654,132666013,137305904,124850767,262156671,27705179,289861850,1.4454330590307256,2.137702008412134,0.096295565366745,1,12,11,1
49,19,7351,00:03:20.4170000,17,101127,113073,283756405,296311024,228230791,524541815,41891288,566433103,1.7411570075396183,1.9450523503771826,0.14155513048171997,1,17,16,1
49,20,8708,00:08:26.7960000,16,200644,220574,651009144,682838084,365975362,1048813446,54748944,1103562390,1.9303015872846172,1.373391028316117,0.16296227276325226,1,16,15,1
5,0,1191,00:00:00.0230000,1,1,1,1003,1003,0,1003,435,1438,1,1,0,0,1,1,0
5,1,1294,00:00:00.0320000,1,1,1,2014,2014,0,2014,885,2899,1,1,0,0,1,1,0
5,2,1389,00:00:00.0520000,1,1,1,4026,4026,0,4026,1700,5726,1,1,0,0,1,1,0
5,3,1490,00:00:00.0530000,1,2,2,8032,8033,0,8033,3534,11567,1,1,0,0,1,1,0
5,4,1592,00:00:00.0540000,1,2,2,15936,15937,87,16024,7124,23148,1,1,0,0,1,1,0
5,5,1701,00:00:00.0560000,1,8,8,31490,31501,644,32145,14143,46288,1,1,0,0,1,1,0
5,6,1822,00:00:00.0580000,1,21,21,60986,61040,2981,64021,28363,92384,1,1,0,0,1,1,0
5,7,1959,00:00:00.0620000,1,41,42,117144,117311,10911,128222,56972,185194,1,1,0,0,1,1,0
5,8,2117,00:00:00.0690000,1,62,66,221485,221948,34256,256204,113419,369623,1,1,0,0,1,1,0
5,9,2304,00:00:00.0830000,1,133,145,412896,414333,98950,513283,226807,740090,1,1,0,0,1,1,0
5,10,2527,00:00:00.1150000,1,255,286,754017,758573,266035,1024608,452664,1477272,1,1,0,0,1,1,0
5,11,2798,00:00:00.2050000,3,536,603,1360415,1372124,678546,2050670,902481,2953151,1.003090233494926,1.0062042796898978,0.0027778882067650557,1,3,2,1
5,12,3127,00:00:00.3830000,5,1065,1208,2405241,2443510,1657148,4100658,1786988,5887646,1.0108567083298514,1.0220341729866727,0.009915473870933056,1,5,4,1
5,13,3528,00:00:00.8820000,14,2049,2354,4225650,4327406,3876911,8204317,3496610,11700927,1.047946469773881,1.1028337159062558,0.04120286554098129,1,14,13,1
5,14,4008,00:00:01.9130000,29,3906,4570,7526996,7846599,8553485,16400084,6538726,22938810,1.1759824237982854,1.4644732941839793,0.13902625441551208,1,29,28,1
5,15,4557,00:00:04.9210000,48,7476,8751,14690987,15774209,17024109,32798318,10807989,43606307,1.4982036264820056,3.540418775494237,0.36090949177742004,1,48,47,1
5,16,5166,00:00:14.9360000,69,13951,16108,33551864,36328658,29238489,65567147,14866072,80433219,1.8432155065959972,8.579467235886536,0.5685693025588989,1,69,68,1
5,17,5877,00:00:38.6010000,75,26640,29898,78436694,84719731,46437205,131156936,18333644,149490580,1.9743955297249014,7.381227091673193,0.6278460025787354,1,75,74,1
5,18,6749,00:01:33.1420000,69,52164,57069,168855433,182589391,79738450,262327841,22792810,285120651,1.9976346156418905,6.309078106391284,0.6221479773521423,1,69,68,1
5,19,7836,00:03:43.4360000,66,103068,111388,340624384,366865414,157665770,524531184,30623690,555154874,2,5.675600322445152,0.5998514294624329,1,67,66,1
5,20,9197,00:09:01.8230000,57,203353,219336,655249627,707876612,341023704,1048900316,45385621,1094285937,2,5.086740445079599,0.5848135352134705,1,58,57,1
6,0,967,00:00:00.0180000,1,1,1,1001,1001,0,1001,297,1298,1,1,0,0,1,1,0
6,1,1062,00:00:00.0350000,1,1,1,2015,2015,0,2015,621,2636,1,1,0,0,1,1,0
6,2,1153,00:00:00.0530000,1,2,2,4010,4012,0,4012,1304,5316,1,1,0,0,1,1,0
6,3,1244,00:00:00.0550000,2,3,3,8005,8006,0,8006,2518,10524,1.0012492192379763,1.0025015091895262,0,1,2,1,1
6,4,1338,00:00:00.0570000,2,5,5,15995,16000,53,16053,4918,20971,1.0017505470459518,1.0035071862249307,0,1,2,1,1
6,5,1437,00:00:00.0580000,2,9,9,31645,31661,459,32120,9804,41924,1.0020540369726656,1.004116509374943,0,1,2,1,1
6,6,1544,00:00:00.0600000,2,14,16,62082,62116,2134,64250,19220,83470,1.0023517283592667,1.0047144632657,0,1,2,1,1
6,7,1667,00:00:00.0630000,2,33,35,120045,120189,8029,128218,38699,166917,1.0031154983547836,1.0062503622006054,0,1,2,1,1
6,8,1811,00:00:00.0690000,2,66,70,230685,231114,25974,257088,77636,334724,1.0041441792921082,1.0083227310505758,0,1,2,1,1
6,9,1979,00:00:00.0830000,2,128,139,435809,437078,75521,512599,154377,666976,1.0057662875250397,1.01159904023847,0,1,2,1,1
6,10,2181,00:00:00.1100000,3,252,271,814982,817702,207091,1024793,307932,1332725,1.0098358000544798,1.0198861260518648,0.005126771051436663,1,3,2,1
6,11,2425,00:00:00.1850000,3,509,547,1503523,1511835,539369,2051204,611193,2662397,1.016035005783084,1.0326418624788025,0.00846951361745596,1,3,2,1
6,12,2722,00:00:00.3480000,3,1027,1117,2729153,2756665,1346576,4103241,1209142,5312383,1.0295795069019582,1.0611119996409812,0.015555181540548801,1,3,2,1
6,13,3084,00:00:00.7620000,8,1981,2192,4912351,4977386,3217857,8195243,2363678,10558921,1.0666798850489307,1.1442614527657744,0.02816278673708439,1,8,7,1
6,14,3525,00:00:01.6520000,14,3856,4335,8894765,9057081,7334838,16391919,4494542,20886461,1.1597631865484923,1.3882693997944069,0.06940151005983353,1,14,13,1
6,15,4052,00:00:03.8300000,18,7293,8300,16694474,17228938,15565430,32794368,7963322,40757690,1.3653455029490598,2.1036492231998047,0.15429414808750153,1,18,17,1
6,16,4666,00:00:10.9760000,22,13980,15875,34399512,36061727,29506442,65568169,12345214,77913383,1.674460556300915,2.859874313780474,0.2745540738105774,1,22,21,1
6,17,5385,00:00:33.0960000,30,26650,29828,77545494,81341924,49744323,131086247,16628996,147715243,1.9046799547114885,2.291992294921868,0.35190460085868835,2,30,28,1.0357143
6,18,6258,00:01:25.3640000,31,52028,57107,172004304,180277837,82006699,262284536,21130490,283415026,1.9849291271223073,1.9869893722573004,0.3807964026927948,2,31,29,1.0344827
6,19,7341,00:03:30.6860000,32,102691,111054,357463728,373516102,150843109,524359211,28006548,552365759,2.000881918850239,1.945203102435038,0.3861335813999176,2,32,30,1.0333333
6,20,8698,00:08:37.3610000,28,204318,219393,699009273,731558055,317358221,1048916276,40998442,1089914718,2.003654219047821,1.9536657570811236,0.39744052290916443,2,29,27,1.037037
7,0,1501,00:00:00.0510000,1,1,1,1003,1003,0,1003,1528,2531,1,1,0,0,1,1,0
7,1,1676,00:00:00.0660000,1,1,1,2003,2003,0,2003,3082,5085,1,1,0,0,1,1,0
7,2,1855,00:00:00.0940000,1,1,1,4004,4004,0,4004,6316,10320,1,1,0,0,1,1,0
7,3,2034,00:00:00.0980000,1,2,2,8022,8025,0,8025,12603,20628,1,1,0,0,1,1,0
7,4,2213,00:00:00.1030000,1,3,3,15758,15774,248,16022,24926,40948,1,1,0,0,1,1,0
7,5,2399,00:00:00.1090000,2,11,12,30364,30411,1610,32021,48691,80712,1.001416150704782,1.002836304426294,0,1,2,1,1
7,6,2614,00:00:00.1190000,3,35,37,57042,57193,6916,64109,98449,162558,1.006977314960906,1.0140767986638928,0.004992031492292881,1,3,2,1
7,7,2850,00:00:00.1490000,5,61,68,104646,105218,22982,128200,194177,322377,1.0249698985149933,1.051615412873903,0.019885201007127762,1,5,4,1
7,8,3109,00:00:00.1770000,9,120,133,190096,191928,64368,256296,367154,623450,1.0898914232808685,1.2036411190813487,0.062143489718437195,1,9,8,1
7,9,3376,00:00:00.2250000,17,214,239,351660,356217,156396,512613,635504,1148117,1.2805806745151567,1.8545814649557057,0.17229381203651428,1,17,16,1
7,10,3631,00:00:00.3080000,22,384,431,688166,700832,325812,1026644,955024,1981668,1.5846786967098054,3.798238482951405,0.34393250942230225,1,22,21,1
7,11,3879,00:00:00.4580000,28,628,703,1420244,1446155,604307,2050462,1273950,3324412,1.831790875370711,4.8108643533691575,0.47117483615875244,1,28,27,1
7,12,4149,00:00:00.7050000,30,1100,1209,2955552,3010015,1094855,4104870,1621047,5725917,1.9511671592988382,4.25361920490535,0.538212239742279,1,30,29,1
7,13,4465,00:00:01.1430000,29,1952,2149,5981374,6101547,2094310,8195857,2106035,10301892,1.989932915079378,3.964858691447818,0.5714378952980042,1,29,28,1
7,14,4850,00:00:02.0850000,28,3628,3973,11742380,11992541,4398422,16390963,2937040,19328003,1.9985959405163178,3.9248507759103712,0.5895291566848755,1,28,27,1
7,15,5324,00:00:04.3600000,27,6970,7588,22459476,22957668,9817200,32774868,4467139,37242007,2,4.015221489566798,0.6001549959182739,1,28,27,1
7,16,5912,00:00:11.3100000,28,13583,14821,42336017,43306861,22292271,65599132,7330741,72929873,2,4.256693161839271,0.6066572070121765,1,29,28,1
7,17,6640,00:00:34.7860000,25,26613,29138,78606718,80886702,50210607,131097309,12627839,143725148,2.0012221983367886,4.675944668181831,0.6429011225700378,2,26,24,1.0416666
7,18,7546,00:01:36.0490000,28,52306,57670,146081495,150726884,111534554,262261438,22346156,284607594,2.003862679526931,5.35589092223301,0.6472152471542358,2,29,27,1.037037
7,19,8672,00:04:07.5960000,32,101884,113336,270912635,281354958,243080735,524435693,39791109,564226802,2.010139194873654,5.888727178275368,0.6457304954528809,2,33,28,1.1428572
7,20,10073,00:10:19.7460000,32,200154,224525,500261354,529392538,519247578,1048640116,70317925,1118958041,2.0225456711973,5.549365761695102,0.6381183862686157,2,33,27,1.1851852
8,0,3981,00:00:00.0600000,3,3,3,1001,1001,0,1001,8226,9227,1.2487512487512487,1.674564751743065,0.23426556587219238,1,3,2,1
8,1,4184,00:00:00.0810000,3,3,3,2019,2019,0,2019,10026,12045,1.566617137196632,2.2731807175503467,0.30369725823402405,1,3,2,1
8,2,4294,00:00:00.0820000,3,3,3,4017,4017,0,4017,11262,15279,1.7485685835200397,1.8582384147734132,0.309137761592865,1,3,2,1
8,3,4392,00:00:00.1020000,3,3,3,8044,8044,0,8044,12903,20947,1.8639980109398309,1.4257893822793477,0.2272176295518875,1,3,2,1
8,4,4482,00:00:00.1030000,3,5,5,16035,16041,18,16059,15002,31061,1.931587153102588,1.2077849819400535,0.16384416818618774,1,3,2,1
8,5,4573,00:00:00.1040000,3,7,7,31813,31824,285,32109,18070,50179,1.964888567566718,1.1040474385840635,0.10508982092142105,1,3,2,1
8,6,4670,00:00:00.1060000,3,14,14,62977,63016,1195,64211,22898,87109,1.9840576718484526,1.0481664779002033,0.06328697502613068,1,3,2,1
8,7,4777,00:00:00.1080000,3,22,22,124029,124129,4007,128136,31353,159489,1.9935498955889348,1.0213030259054345,0.038089558482170105,1,3,2,1
8,8,4901,00:00:00.1120000,3,55,56,243762,244042,12478,256520,47505,304025,1.9975590945266284,1.0093334775005027,0.022574828937649727,1,3,2,1
8,9,5047,00:00:00.1230000,2,114,118,476929,477929,36357,514286,78557,592843,2,1.002119995502637,0.01199181005358696,1,3,2,1
8,10,5221,00:00:00.1430000,1,222,230,923160,925174,101704,1026878,139714,1166592,2,1,0,0,1,1,0
8,11,5431,00:00:00.1920000,1,460,477,1772501,1776388,274081,2050469,261068,2311537,2,1,0,0,1,1,0
8,12,5688,00:00:00.3060000,1,855,899,3371717,3380460,717334,4097794,503525,4601319,2,1,0,0,1,1,0
8,13,6005,00:00:00.6070000,1,1729,1821,6353760,6375903,1831489,8207392,989251,9196643,2,1,0,0,1,1,0
8,14,6395,00:00:01.2920000,1,3417,3651,11784080,11842675,4546531,16389206,1955835,18345041,2,1,0,0,1,1,0
8,15,6880,00:00:03.1140000,1,6823,7365,21559326,21722772,11045878,32768650,3887229,36655879,2,1,0,0,1,1,0
8,16,7484,00:00:09.6510000,2,13451,14700,38876844,39321074,26251901,65572975,7737310,73310285,2.0012649432140117,1.0025330595931923,0,1,2,1,1
8,17,8236,00:00:31.1750000,5,26378,29343,68922439,70140420,60938440,131078860,15365340,146444200,2.0063312617245015,1.012773222758709,0.006260626018047333,1,5,4,1
8,18,9176,00:01:28.1930000,10,51549,58325,119994619,124021856,138278061,262299917,30350591,292650508,2.0198197637512396,1.0407886648428994,0.018562862649559975,1,10,9,1
8,19,10346,00:03:47.1580000,18,101809,116928,205095851,220652682,303842256,524494938,58702395,583197333,2.0668944005113006,1.147920316687481,0.05990789830684662,1,18,17,1
8,20,11791,00:09:14.1780000,41,198259,230676,352683661,418062384,630647774,1048710158,106388174,1155098332,2.2416562472963553,1.725136557651185,0.1979585438966751,1,41,40,1
