RepeatId,GenerationId,Generations,Time,SubcloneSelect,SubcloneAlive,SubcloneTotal,CellSelectCount,CellAliveCount,CellNecroCount,CellTumorCount,CellLostCount,CellTotalCount,MeanDriversPerCell,ClonalDiversity,TreeBalance,TreeDepth,NodeCount,LeafCount,Branching
0,0,2697,00:00:00.0360000,1,1,3,1001,1001,0,1001,4256,5257,1,1,0,0,1,1,0
0,1,2946,00:00:00.0460000,1,2,4,2001,2003,0,2003,7787,9790,1,1,0,0,1,1,0
0,2,3203,00:00:00.0660000,1,4,6,3996,4001,0,4001,15136,19137,1,1,0,0,1,1,0
0,3,3490,00:00:00.0690000,1,5,12,8028,8035,11,8046,31840,39886,1,1,0,0,1,1,0
0,4,3766,00:00:00.0740000,2,5,16,15564,15580,435,16015,63153,79168,1.0012207658699563,1.0024445059659568,0,1,2,1,1
0,5,4037,00:00:00.0800000,2,12,32,29499,29538,2497,32035,120964,152999,1.0022712634326587,1.0045527867579502,0,1,2,1,1
0,6,4338,00:00:00.0880000,3,27,70,54097,54202,9823,64025,237077,301102,1.0078008022626024,1.0157426168653416,0.004980415105819702,1,3,2,1
0,7,4679,00:00:00.1150000,4,46,128,96688,96933,31077,128010,468859,596869,1.0177167797451596,1.0362274381544436,0.013502620160579681,1,4,3,1
0,8,5067,00:00:00.1490000,4,91,246,168979,169951,86236,256187,922322,1178509,1.0402357689417028,1.0847118106328695,0.03241138532757759,1,4,3,1
0,9,5514,00:00:00.2190000,4,166,468,289702,293124,219163,512287,1804839,2317126,1.1037376338444334,1.237259781019458,0.08299122750759125,1,4,3,1
0,10,5997,00:00:00.3590000,14,290,867,499617,506412,518180,1024592,3389502,4414094,1.2849963071712933,1.8052334491546205,0.1296546459197998,3,14,11,1.1818181
0,11,6480,00:00:00.6260000,16,471,1542,863612,882496,1167882,2050378,6001603,8051981,1.6037340842878516,3.2878314861095657,0.24745044112205505,3,16,13,1.1538461
0,12,6939,00:00:01.0490000,21,853,2738,1515377,1555616,2543673,4099289,10056611,14155900,2.0452382476439857,5.262888588480695,0.3231504261493683,3,21,17,1.1764706
0,13,7383,00:00:01.7310000,25,1569,4817,2673876,2746351,5446624,8192975,16442394,24635369,2.5955721207714944,6.1224080158727086,0.2928581237792969,4,25,20,1.2
0,14,7833,00:00:02.9290000,22,2712,8509,4679743,4821972,11580722,16402694,26949755,43352449,3.1478711544629694,3.8787012715429325,0.2435636967420578,4,22,17,1.2352941
0,15,8317,00:00:05.5250000,23,4797,15506,8029040,8289754,24480297,32770051,45218652,77988703,3.5736901298287216,2.3952371317033836,0.1749946027994156,4,23,18,1.2222222
0,16,8869,00:00:16.0090000,25,8372,28745,13440130,14013202,51531215,65544417,78752770,144297187,3.8909630338397023,2.0233153350422923,0.14460475742816925,5,26,20,1.25
0,17,9507,00:00:42.7050000,31,14809,54333,22353509,23704438,107479667,131184105,140917207,272101312,4.229342560937525,2.595684198297746,0.14433015882968903,4,32,26,1.1923077
0,18,10209,00:01:39.5400000,38,26380,102227,38074411,41168896,221160790,262329686,249056809,511386495,4.809584447675369,5.441491520043545,0.1481296569108963,5,39,32,1.1875
0,19,10945,00:03:29.9840000,33,46667,190616,67380030,73104024,451197552,524301576,429661449,953963025,5.5075123890565205,5.598887021099683,0.22757184505462646,4,33,27,1.1851852
0,20,11750,00:07:13.0430000,29,81705,358122,115699819,125722560,923220298,1048942858,745762293,1794705151,5.944945212057765,3.572029394430914,0.18370236456394196,4,30,23,1.2608696
9,0,3333,00:00:00.0480000,1,1,2,1001,1001,0,1001,4734,5735,1,1,0,0,1,1,0
9,1,3630,00:00:00.0590000,1,1,2,2005,2005,0,2005,9022,11027,1,1,0,0,1,1,0
9,2,3907,00:00:00.0790000,1,4,5,4000,4005,0,4005,16931,20936,1,1,0,0,1,1,0
9,3,4201,00:00:00.0830000,1,5,9,7987,8004,8,8012,33926,41938,1,1,0,0,1,1,0
9,4,4479,00:00:00.0890000,2,10,23,15533,15556,450,16006,65701,81707,1.0012875812785682,1.0025784747794588,0,1,2,1,1
9,5,4791,00:00:00.0970000,3,18,36,29291,29370,2648,32018,132620,164638,1.003960260830972,1.007959436593734,0,1,3,2,1
9,6,5116,00:00:00.1180000,6,29,65,53933,54052,9952,64004,257170,321174,1.0103276287245286,1.0209552215867326,0.008676417171955109,1,6,5,1
9,7,5488,00:00:00.1380000,7,65,143,95789,96324,31710,128034,509474,637508,1.0217665911534728,1.0448822760234373,0.019513670355081558,1,7,6,1
9,8,5908,00:00:00.1800000,12,102,272,167692,168660,87396,256056,999818,1255874,1.0596748801373947,1.1300132162339431,0.04783695936203003,1,12,11,1
9,9,6375,00:00:00.2610000,14,175,508,289699,292947,219779,512726,1918975,2431701,1.1579881187025154,1.3969195160135053,0.11125406622886658,1,14,13,1
9,10,6851,00:00:00.4180000,19,313,886,500376,509117,515006,1024123,3477484,4501607,1.3824344093241883,2.28385368184162,0.21667033433914185,2,19,17,1.0588236
9,11,7304,00:00:00.6800000,23,559,1632,871924,894123,1156281,2050404,5925341,7975745,1.6734486033186378,3.1929130706530215,0.31291094422340393,2,23,20,1.1
9,12,7751,00:00:01.1390000,28,953,2836,1507489,1555040,2544246,4099286,9886816,13986102,1.931160360042428,2.8412948544329444,0.32784003019332886,2,28,24,1.125
9,13,8215,00:00:01.8690000,31,1594,4936,2593463,2697776,5495660,8193436,16577662,24771098,2.2011029268587983,3.0991701043744166,0.29026973247528076,3,31,26,1.1538461
9,14,8698,00:00:03.2060000,36,2818,8890,4512575,4706321,11680923,16387244,27853524,44240768,2.5346175963834394,4.535409154197247,0.24906373023986816,3,36,30,1.1666666
9,15,9208,00:00:05.7170000,39,4901,16039,7805737,8172750,24622673,32795423,47063940,79859363,2.858819737329095,4.595733941842521,0.23823700845241547,3,39,30,1.2666667
9,16,9770,00:00:11.0700000,36,8402,29298,13170662,13949112,51593577,65542689,81175807,146718496,3.1314123010673267,4.233221130901075,0.2186380922794342,4,37,28,1.2857143
9,17,10405,00:00:24.0620000,43,14874,54730,22294279,23800958,107353790,131154748,143010437,274165185,3.451140492141504,4.580299320593634,0.19610749185085297,4,44,34,1.2647059
9,18,11107,00:01:07.7740000,46,26375,102917,37612872,40855235,221451332,262306567,251225833,513532400,3.879733804959111,3.7010742402944885,0.1502682864665985,5,47,38,1.2105263
9,19,11886,00:03:01.6900000,43,46405,193895,63486859,70168410,454213699,524382109,442728087,967110196,4.3609032697617,3.4381895106741767,0.16793237626552582,4,44,36,1.1944444
9,20,12760,00:07:02.9390000,47,82609,368356,107810125,120549578,928712540,1049262118,785538173,1834800291,4.898313947785517,4.029989373958238,0.1829690933227539,4,48,40,1.175
10,0,2899,00:00:00.0520000,1,1,1,1005,1005,0,1005,4277,5282,1,1,0,0,1,1,0
10,1,3196,00:00:00.0620000,2,2,2,2010,2010,0,2010,8590,10600,1.0019900497512437,1.0039879607300113,0,1,2,1,1
10,2,3465,00:00:00.0820000,2,2,5,4004,4004,0,4004,16463,20467,1.0044955044955044,1.0090314204302682,0,1,2,1,1
10,3,3792,00:00:00.0860000,2,2,7,8012,8012,6,8018,35258,43276,1.0044932601098353,1.0090268495703196,0,1,2,1,1
10,4,4083,00:00:00.0900000,2,11,19,15580,15608,439,16047,68094,84141,1.004428754813864,1.0088967145355847,0,1,2,1,1
10,5,4407,00:00:00.0970000,4,18,42,29371,29451,2613,32064,136975,169039,1.008341561404106,1.0168637254931179,0.00721422303467989,1,4,3,1
10,6,4760,00:00:00.1170000,6,26,67,53710,53852,10231,64083,273460,337543,1.0191770619996277,1.039384581823239,0.016692109405994415,1,6,5,1
10,7,5142,00:00:00.1370000,7,64,146,95880,96397,31748,128145,532319,660464,1.0503337505214851,1.1078524618576506,0.040742162615060806,1,7,6,1
10,8,5546,00:00:00.1760000,8,106,252,168265,170090,86285,256375,1003757,1260132,1.1541794193682584,1.376117575319023,0.09191091358661652,1,8,7,1
10,9,5932,00:00:00.2390000,12,168,456,297553,301472,210756,512228,1760189,2272417,1.3929820905855428,2.1811451913988384,0.1610383838415146,1,12,11,1
10,10,6282,00:00:00.3390000,14,286,783,527687,536657,488231,1024888,2905034,3929922,1.662608705539458,2.4685584817678357,0.21561278402805328,2,14,12,1.0833334
10,11,6629,00:00:00.5200000,16,509,1378,921108,939092,1110959,2050051,4786712,6836763,1.8530845460032916,1.8385299551070773,0.22104573249816895,2,16,14,1.0714285
10,12,7008,00:00:00.8600000,16,904,2461,1570749,1610828,2491632,4102460,8162320,12264780,1.9606321570155385,1.4592407271893846,0.2133774608373642,2,16,13,1.1538461
10,13,7448,00:00:01.5160000,22,1594,4542,2629953,2712405,5487844,8200249,14542361,22742610,2.033434818036672,1.3579800384029566,0.17764031887054443,2,22,19,1.1052631
10,14,7964,00:00:02.8560000,31,2808,8699,4375289,4556402,11835744,16392146,26636532,43028678,2.1445287385587557,1.5515106925156932,0.16059510409832,3,31,26,1.1538461
10,15,8553,00:00:05.7820000,37,4963,16394,7262428,7735705,25056152,32791857,48853249,81645106,2.389371571050343,2.637431758868111,0.16412992775440216,3,38,31,1.1935484
10,16,9188,00:00:11.8600000,46,8733,30574,12373403,13404943,52174528,65579471,87301478,152880949,2.790591561593848,6.666960785037086,0.2534506320953369,3,47,37,1.2432432
10,17,9869,00:00:26.4110000,53,15326,57025,21250081,23176362,107947972,131124334,153526566,284650900,3.206942411184221,9.544381296855217,0.32046228647232056,4,54,40,1.325
10,18,10611,00:01:16.0520000,58,26666,106259,36336516,39960022,222384391,262344413,268261109,530605522,3.6578749597237117,8.706477361374647,0.33261924982070923,4,59,40,1.45
10,19,11414,00:03:15.4720000,52,47433,198790,62251320,69488719,454988466,524477185,465356161,989833346,4.198793921157013,6.62493508176992,0.2819128930568695,5,53,38,1.3684211
10,20,12286,00:07:17.6680000,51,83169,372934,109222570,121283869,927328535,1048612404,806932361,1855544765,4.744663845576972,7.0975307326388775,0.26595279574394226,5,52,37,1.3783784
11,0,2243,00:00:00.0610000,1,1,1,1001,1001,0,1001,4974,5975,1,1,0,0,1,1,0
11,1,2581,00:00:00.0710000,2,3,3,2006,2007,0,2007,9731,11738,1.0029910269192424,1.0059999334082403,0,1,2,1,1
11,2,2955,00:00:00.0920000,2,3,6,4019,4020,0,4020,20279,24299,1.0042299079372978,1.0084955892733298,0,1,2,1,1
11,3,3286,00:00:00.0960000,2,5,12,7989,8002,6,8008,39181,47189,1.006008261359369,1.0120887281585287,0,1,2,1,1
11,4,3646,00:00:00.1020000,3,11,23,15498,15539,473,16012,79786,95798,1.0294876758291391,1.061115039752515,0.024749668315052986,1,3,2,1
11,5,3990,00:00:00.1190000,5,13,40,29275,29338,2673,32011,152981,184992,1.0944833475661828,1.2134639418418216,0.06631062179803848,1,5,4,1
11,6,4337,00:00:00.1300000,6,33,76,53808,53948,10101,64049,285629,349678,1.2167707404103478,1.5773848584342751,0.1400032937526703,1,6,5,1
11,7,4660,00:00:00.1470000,7,63,141,97370,97801,30233,128034,502693,630727,1.413792749306768,2.3810320763337596,0.26679179072380066,2,7,5,1.2
11,8,4965,00:00:00.1760000,8,102,245,174024,175291,80981,256272,856195,1112467,1.6272583091987312,3.230615130613958,0.4006059765815735,2,8,5,1.4
11,9,5276,00:00:00.2250000,12,171,427,306657,309181,203709,512890,1469168,1982058,1.8177051233136696,3.317601277486366,0.5140138268470764,2,12,8,1.375
11,10,5603,00:00:00.3160000,16,290,736,534185,539149,486321,1025470,2545991,3571461,1.9677246646760953,3.179865356604489,0.5935104489326477,2,16,12,1.25
11,11,5967,00:00:00.5030000,19,536,1365,915891,927884,1123349,2051233,4526481,6577714,2.124385980427802,3.403934793092296,0.652612566947937,3,19,14,1.2857143
11,12,6365,00:00:00.8490000,22,930,2492,1565127,1595835,2503164,4098999,8064830,12163829,2.342823936971249,4.1453447958215195,0.6701724529266357,3,22,16,1.3125
11,13,6791,00:00:01.4780000,30,1551,4463,2697378,2764301,5428331,8192632,14207489,22400121,2.6582625794382544,4.603059065354872,0.4537956416606903,3,30,22,1.3181819
11,14,7238,00:00:02.6000000,36,2742,8147,4704818,4834461,11559206,16393667,24644261,41037928,3.0637878022061638,4.703735084914086,0.3394900858402252,3,37,28,1.2857143
11,15,7702,00:00:04.7070000,35,4801,14993,8220564,8500408,24284934,32785342,42114291,74899633,3.4716997519878197,4.1352862844276865,0.2695388197898865,3,36,27,1.2962962
11,16,8199,00:00:08.7650000,32,8499,27617,14188066,14741083,50798022,65539105,72262761,137801866,3.780165316400417,2.3852755472289675,0.3047412633895874,3,33,25,1.28
11,17,8761,00:00:17.3640000,29,14787,51636,23745262,24928214,106244632,131172846,126651997,257824843,3.9478745696720465,1.5733663553822532,0.16320212185382843,3,30,23,1.2608696
11,18,9424,00:00:47.5210000,32,25987,98170,38568229,41383151,220888989,262272140,229049342,491321482,4.045716229282916,1.3719481756475922,0.09632860869169235,3,33,28,1.1428572
11,19,10219,00:02:23.0270000,49,46420,189614,60978058,68591200,455745778,524336978,424927230,949264208,4.2088304124083455,1.659287667694264,0.11007339507341385,3,49,40,1.2
11,20,11144,00:06:13.9420000,81,82655,366215,97577158,116701469,932040669,1048742138,787559353,1836301491,4.691640475940076,4.423373875079081,0.1992865800857544,4,82,68,1.1911764
12,0,2901,00:00:00.1380000,1,1,2,1003,1003,0,1003,5453,6456,1,1,0,0,1,1,0
12,1,3182,00:00:00.1690000,2,3,4,2002,2003,0,2003,9474,11477,1.005994005994006,1.0120598953507576,0,1,2,1,1
12,2,3487,00:00:00.2230000,2,5,8,4002,4008,0,4008,18494,22502,1.011744127936032,1.023764055322747,0,1,2,1,1
12,3,3777,00:00:00.2380000,5,5,10,8022,8022,3,8025,35203,43228,1.036773871852406,1.0768838009001076,0.019536690786480904,1,5,4,1
12,4,4059,00:00:00.2750000,5,9,17,15586,15600,412,16012,67038,83050,1.1037469523931733,1.2318747397917975,0.033179692924022675,1,5,4,1
12,5,4321,00:00:00.2940000,5,19,35,29651,29712,2330,32042,121124,153166,1.2176655087518127,1.5350014339384006,0.05464481562376022,1,5,4,1
12,6,4567,00:00:00.3190000,6,39,73,54970,55152,8965,64117,214801,278918,1.393996725486629,1.9934056172467076,0.0746738389134407,1,6,5,1
12,7,4801,00:00:00.3550000,7,55,116,100242,100706,27679,128385,372456,500841,1.5901518325651922,2.0893746217563405,0.08718615025281906,2,7,5,1.2
12,8,5033,00:00:00.4070000,8,88,200,179817,180923,75455,256378,642477,898855,1.7594554463704766,1.7335394829307553,0.095537930727005,2,8,6,1.1666666
12,9,5276,00:00:00.4960000,7,158,357,318059,320933,192331,513264,1122196,1635460,1.8798964971907728,1.4267895711039398,0.10580506920814514,2,7,5,1.2
12,10,5546,00:00:00.7110000,9,287,650,552529,558530,466948,1025478,2012566,3038044,1.970110166163224,1.2800314958694463,0.0940263494849205,2,9,7,1.1428572
12,11,5856,00:00:00.9140000,11,527,1228,944258,958048,1090053,2048101,3697443,5745544,2.047032696572335,1.2782177749429768,0.07632817327976227,2,11,9,1.1111112
12,12,6215,00:00:01.2800000,15,861,2265,1604090,1633496,2466369,4099865,6890677,10990542,2.1613207488357884,1.4865364231797402,0.0626801997423172,3,15,12,1.1666666
12,13,6621,00:00:02.0010000,18,1478,4212,2725824,2797105,5401420,8198525,12757616,20956141,2.3666333556385153,2.233248055003607,0.0864529237151146,3,18,14,1.2142857
12,14,7063,00:00:03.4090000,21,2669,7947,4666965,4833620,11554351,16387971,23084950,39472921,2.6760153547326797,3.8992117357323157,0.13322100043296814,3,22,18,1.1666666
12,15,7542,00:00:07.0690000,25,4741,14889,8030327,8352039,24443565,32795604,41147242,73942846,2.999642853896236,4.463963335079998,0.35163170099258423,2,25,20,1.2
12,16,8077,00:00:18.8140000,28,8359,28009,13581905,14220185,51317425,65537610,73635622,139173232,3.26870575224904,4.250410599119942,0.34956011176109314,3,28,22,1.2272727
12,17,8693,00:00:45.3560000,32,14946,53269,22662444,23994049,107081727,131075776,133687637,264763413,3.5316840496108894,5.009556007937779,0.3622586131095886,4,32,24,1.2916666
12,18,9398,00:01:42.7960000,37,26176,100778,37407439,40560702,221810368,262371070,242382155,504753225,3.8571858661588676,7.159740047174325,0.3951832354068756,4,37,29,1.2413793
12,19,10188,00:03:42.5810000,48,46761,192070,62897954,69986369,454347397,524333766,436410112,960743878,4.438662519928709,10.68480184137459,0.38822445273399353,5,49,38,1.2631578
12,20,11034,00:07:34.0830000,53,83238,363731,112012788,124530013,924504194,1049034207,767403369,1816437576,5.4296740029361645,5.225839252326051,0.2248082011938095,5,54,39,1.3589743
13,0,3087,00:00:00.0390000,1,1,2,1006,1006,0,1006,5415,6421,1,1,0,0,1,1,0
13,1,3446,00:00:00.0510000,1,1,3,2008,2008,0,2008,10444,12452,1,1,0,0,1,1,0
13,2,3781,00:00:00.0720000,1,2,4,4005,4006,0,4006,20173,24179,1,1,0,0,1,1,0
13,3,4201,00:00:00.0780000,2,2,9,7997,7997,9,8006,44630,52636,1.0016256096036014,1.0032564800205892,0,1,2,1,1
13,4,4609,00:00:00.0840000,2,10,21,15519,15537,511,16048,91075,107123,1.0061859655905665,1.0124484234811229,0,1,2,1,1
13,5,5025,00:00:00.0940000,2,18,46,29096,29179,2826,32005,179240,211245,1.0150192466318395,1.0304894209961435,0,1,2,1,1
13,6,5485,00:00:00.1110000,3,30,89,53026,53240,10873,64113,356192,420305,1.039433485459963,1.082301065652625,0.01868157833814621,1,3,2,1
13,7,5989,00:00:00.1500000,7,58,171,94203,94648,33378,128026,698954,826980,1.0975234334363024,1.217076165211189,0.031596794724464417,1,7,6,1
13,8,6515,00:00:00.2060000,12,92,314,165405,166211,89895,256106,1309750,1565856,1.2361174087844986,1.6097448159542485,0.09199872612953186,2,12,10,1.1
13,9,7016,00:00:00.3020000,12,180,581,287916,291343,221027,512370,2291463,2803833,1.478615290570861,2.550302796387064,0.22034357488155365,2,12,10,1.1
13,10,7480,00:00:00.4680000,18,317,967,503420,512272,512529,1024801,3806408,4831209,1.7412697151483851,3.638811557790299,0.34402239322662354,2,18,15,1.1333333
13,11,7928,00:00:00.7350000,22,526,1634,872947,894161,1153906,2048067,6230656,8278723,1.9543145231039227,3.785565789916271,0.4016699194908142,2,22,18,1.1666666
13,12,8365,00:00:01.1840000,29,928,2853,1531959,1572376,2527317,4099693,10095264,14194957,2.1670540791235275,3.595362751603064,0.35075002908706665,2,29,25,1.12
13,13,8774,00:00:01.8340000,30,1585,4799,2759800,2836991,5358674,8195665,15962618,24158283,2.484996738894123,3.354696747170832,0.23145850002765656,2,30,26,1.1153846
13,14,9160,00:00:02.8840000,20,2757,8227,4935990,5105952,11290794,16396746,24957441,41354187,2.7756204935585362,1.8492582786490268,0.13658107817173004,2,20,17,1.117647
13,15,9571,00:00:05.1640000,17,4811,14656,8592777,8850966,23967522,32818488,40483991,73302479,2.9319812442473485,1.260146908596843,0.08147163689136505,3,18,13,1.3076923
13,16,10049,00:00:13.6710000,15,8396,27212,14302193,14837932,50767281,65605213,69594753,135199966,2.9952627544601027,1.094445584159366,0.03333079442381859,3,16,12,1.25
13,17,10626,00:00:36.1070000,19,14658,51557,23188833,24445614,106669846,131115460,125623763,256739223,3.0404529628550088,1.1051809358552143,0.023072335869073868,2,19,17,1.0588236
13,18,11325,00:01:29.8300000,35,26050,99130,37231252,40347010,222030326,262377336,233517360,495894696,3.1479695069077986,1.3745069667236967,0.03619030490517616,2,36,34,1.0294118
13,19,12143,00:03:32.9610000,58,46862,191545,59667244,68272183,456099590,524371773,434624863,958996636,3.44017665706162,2.992839200284851,0.11724189668893814,3,59,55,1.0545454
13,20,13046,00:07:59.7610000,86,83719,368108,100658556,119084665,929666456,1048751121,788146292,1836897413,3.887839330816548,7.435496975297382,0.5154706239700317,2,86,73,1.1643835
14,0,4390,00:00:00.0670000,2,2,2,1008,1008,0,1008,4785,5793,1.9732142857142858,1.0550042420928698,0,1,2,1,1
14,1,4618,00:00:00.0790000,2,3,3,2001,2002,0,2002,7975,9977,1.985007496251874,1.0304342905289907,0,1,2,1,1
14,2,4865,00:00:00.1000000,2,3,4,4002,4004,0,4004,15147,19151,1.9952523738130934,1.0095403362721347,0,1,2,1,1
14,3,5115,00:00:00.1040000,2,4,6,8007,8014,6,8020,29383,37403,1.997252404146372,1.0055102889485898,0,1,2,1,1
14,4,5367,00:00:00.1080000,3,7,11,15604,15613,417,16030,58141,74171,1.9982055883106895,1.0110974342045982,0,2,3,1,2
14,5,5635,00:00:00.1140000,3,13,20,29571,29641,2470,32111,115702,147813,2.0027391701329003,1.0163250310895726,0,2,3,1,2
14,6,5909,00:00:00.1220000,4,29,48,54371,54580,9518,64098,220959,285057,2.0127641573633004,1.032545994084646,0.008892405778169632,2,4,2,1.5
14,7,6226,00:00:00.1480000,5,43,98,96928,97587,30505,128092,436218,564310,2.0365735391218225,1.0762566802596423,0.01573975570499897,1,5,4,1
14,8,6584,00:00:00.1760000,11,88,193,170666,171634,84475,256109,854179,1110288,2.0994749979492107,1.2200357619372202,0.0396408773958683,2,11,9,1.1111112
14,9,6967,00:00:00.2300000,11,171,405,296832,299736,213012,512748,1610487,2123235,2.233552986200949,1.589607025684038,0.0869801715016365,2,11,9,1.1111112
14,10,7361,00:00:00.3340000,16,306,770,518068,524061,500137,1024198,2902139,3926337,2.478979593412448,2.3923837398285523,0.15814024209976196,2,16,13,1.1538461
14,11,7755,00:00:00.5540000,18,516,1404,901670,916006,1133786,2049792,5035853,7085645,2.756359865582752,2.936603331743263,0.23289336264133453,2,18,15,1.1333333
14,12,8166,00:00:00.9090000,21,868,2504,1551446,1582751,2514300,4097051,8679922,12776973,3.0002462219116874,2.9762778275354043,0.2830609679222107,2,21,18,1.1111112
14,13,8618,00:00:01.5750000,24,1545,4662,2631450,2710095,5491932,8202027,15212086,23414113,3.217304907940489,3.462639053177792,0.3230316638946533,3,24,18,1.2777778
14,14,9122,00:00:02.9060000,29,2787,8716,4426312,4610151,11783259,16393410,27013066,43406476,3.4616323928362935,5.151024177265993,0.3465212285518646,3,29,21,1.3333334
14,15,9674,00:00:05.5900000,41,4838,16112,7563334,7933692,24845118,32778810,47814173,80592983,3.7971250509365313,7.782405521787424,0.36259761452674866,3,41,31,1.2903225
14,16,10266,00:00:11.4950000,45,8492,29736,13013295,13770356,51791656,65562012,83668707,149230719,4.1895444620290245,8.334271044989359,0.3498384654521942,4,46,34,1.3235294
14,17,10906,00:00:30.1560000,53,14996,55462,22428609,23804496,107384426,131188922,145943169,277132091,4.5853293443209076,5.50189161848948,0.30513954162597656,4,54,40,1.325
14,18,11614,00:01:20.8200000,52,26410,103642,37590356,40460865,221748209,262209074,255186653,517395727,4.912367336983986,3.81771284550628,0.2758922576904297,4,53,40,1.3
14,19,12421,00:03:13.1820000,49,46466,195464,61866174,68665410,455682063,524347473,453637181,977984654,5.253036578599478,4.711592164383124,0.338446706533432,4,50,37,1.3243244
14,20,13328,00:07:13.0290000,63,82701,371749,104331566,118439956,930749495,1049189451,809090642,1858280093,5.739088043593633,7.671448009944315,0.34321776032447815,4,64,45,1.4
15,0,2709,00:00:00.0370000,1,1,1,1006,1006,0,1006,4558,5564,1,1,0,0,1,1,0
15,1,3072,00:00:00.0490000,1,1,2,2010,2010,0,2010,10101,12111,1,1,0,0,1,1,0
15,2,3394,00:00:00.0690000,2,2,3,4005,4005,0,4005,19314,23319,1.0014981273408239,1.00300069481642,0,1,2,1,1
15,3,3732,00:00:00.0740000,2,5,10,7987,7997,10,8007,39025,47032,1.0022536622010767,1.004517460977853,0,1,2,1,1
15,4,4055,00:00:00.0790000,3,8,17,15535,15555,473,16028,75797,91825,1.0101705825555198,1.0205676061229136,0.0029936418868601322,1,3,2,1
15,5,4395,00:00:00.0950000,3,13,32,29293,29374,2631,32005,147701,179706,1.0256375243232172,1.0527684988204884,0.015117594040930271,1,3,2,1
15,6,4757,00:00:00.1070000,5,30,67,53542,53757,10247,64004,286626,350630,1.0595980725411827,1.1275887413012238,0.02472662553191185,1,5,4,1
15,7,5155,00:00:00.1270000,7,45,126,95634,95992,32084,128076,556847,684923,1.145826798000711,1.3438850246715537,0.0552201010286808,1,7,6,1
15,8,5558,00:00:00.1610000,8,99,247,168960,170074,86077,256151,1025817,1281968,1.3151574337121212,1.8740069021256711,0.11976636201143265,1,8,7,1
15,9,5951,00:00:00.2240000,9,171,447,296818,299717,212960,512677,1798939,2311616,1.535196652494121,2.613338859608758,0.2260129302740097,2,9,7,1.1428572
15,10,6335,00:00:00.3310000,12,279,802,519720,525455,499414,1024869,3058616,4083485,1.7473312552913107,2.911057066959931,0.3052227795124054,2,12,9,1.2222222
15,11,6730,00:00:00.5380000,11,508,1445,895610,912333,1135672,2048005,5200949,7248954,1.8916805305880908,2.74877087016496,0.41089221835136414,2,11,8,1.25
15,12,7154,00:00:00.9070000,15,890,2609,1538478,1571235,2528909,4100144,8962243,13062387,1.9870241888411795,2.4362046734912814,0.48721492290496826,2,15,12,1.1666666
15,13,7617,00:00:01.5950000,17,1517,4732,2611298,2689262,5504137,8193399,15648713,23842112,2.079480013387978,2.1605516184334155,0.446405291557312,2,17,14,1.1428572
15,14,8116,00:00:02.8950000,24,2779,8725,4495277,4658006,11735378,16393384,27302537,43695921,2.2922227039624032,2.5716531522042114,0.2763642370700836,3,24,20,1.15
15,15,8628,00:00:05.3280000,25,4843,15831,7856763,8208563,24586138,32794701,46561529,79356230,2.623035084550724,3.070814950762667,0.19992060959339142,3,26,22,1.1363636
15,16,9170,00:00:10.6000000,27,8377,28826,13515073,14209035,51358367,65567402,79440278,145007680,2.8776853813516214,2.162558091130993,0.17334917187690735,3,28,21,1.2857143
15,17,9790,00:00:28.6900000,30,14967,54159,22454546,23864807,107316360,131181167,139946914,271128081,3.0216107687058114,1.7561914456761016,0.14148755371570587,3,31,25,1.2
15,18,10520,00:01:20.7540000,40,26443,102882,36338441,39631632,222723368,262355000,252878048,515233048,3.1664945394878115,1.9758901894105145,0.15055908262729645,3,41,36,1.1111112
15,19,11370,00:03:19.5520000,66,47053,197254,58819651,66791511,457658035,524449546,461822923,986272469,3.4818806218350393,3.91960556783202,0.31790077686309814,3,67,58,1.137931
15,20,12329,00:07:37.2600000,84,83362,377651,94700640,114545962,934489101,1049035063,837510690,1886545753,3.950041171844245,9.910264122020246,0.39852771162986755,4,85,71,1.1830986
16,0,2188,00:00:00.0320000,1,2,3,1002,1003,0,1003,4849,5852,1,1,0,0,1,1,0
16,1,2537,00:00:00.0430000,2,3,5,2001,2002,0,2002,9980,11982,1.0024987506246876,1.0050099791186529,0,1,2,1,1
16,2,2910,00:00:00.0650000,4,5,7,4002,4003,0,4003,20852,24855,1.0147426286856571,1.0300435842073006,0,1,4,3,1
16,3,3327,00:00:00.0800000,3,6,12,8019,8029,5,8034,44982,53016,1.0584860955231326,1.125158107115467,0.04185379296541214,1,3,2,1
16,4,3672,00:00:00.0860000,3,8,17,15535,15566,456,16022,83945,99967,1.1173479240424846,1.2658359632356428,0.060968298465013504,1,3,2,1
16,5,3976,00:00:00.0920000,5,16,28,29463,29515,2513,32028,147741,179769,1.2595458710925567,1.6518974337855798,0.060975082218647,1,5,4,1
16,6,4260,00:00:00.1000000,5,23,55,54529,54689,9429,64118,255945,320063,1.4574446624731794,2.0936389771671013,0.0925876572728157,1,5,4,1
16,7,4519,00:00:00.1120000,6,44,107,99572,99949,28375,128324,429778,558102,1.645904471136464,2.026296596443335,0.11979169398546219,2,6,4,1.25
16,8,4779,00:00:00.1320000,6,78,183,176909,177897,78199,256096,732768,988864,1.794764539961223,1.6821674749542646,0.14711825549602509,2,6,4,1.25
16,9,5062,00:00:00.1670000,9,145,341,311525,313243,199920,513163,1291116,1804279,1.9018281036834925,1.4325447712140413,0.16109997034072876,2,9,7,1.1428572
16,10,5377,00:00:00.2430000,11,257,662,536143,540268,483892,1024160,2329479,3353639,1.977604855421035,1.3176069462200701,0.21059538424015045,2,11,8,1.25
16,11,5744,00:00:00.4250000,13,473,1272,912586,922376,1128656,2051032,4328321,6379353,2.041758256208182,1.3364331278163148,0.22428593039512634,2,13,10,1.2
16,12,6171,00:00:00.8040000,17,834,2449,1533384,1558855,2541844,4100699,8134009,12234708,2.1287903095375977,1.549347073572471,0.23798662424087524,2,17,14,1.1428572
16,13,6661,00:00:01.5310000,23,1556,4716,2572835,2641832,5555594,8197426,15223411,23420837,2.29238291612171,2.2812965230635744,0.2661548852920532,3,23,19,1.1578947
16,14,7206,00:00:02.9620000,31,2765,8898,4319617,4500875,11886771,16387646,27974487,44362133,2.5498130968555777,4.336272308160731,0.3192756474018097,3,32,26,1.1923077
16,15,7802,00:00:05.8830000,46,4922,16748,7266124,7699804,25076764,32776568,50442079,83218647,2.831537144150031,7.086068999823385,0.37655240297317505,4,47,35,1.3142858
16,16,8462,00:00:11.8700000,62,8591,31305,12130371,13117373,52421960,65539333,90450138,155989471,3.1366804856999013,9.923657989410206,0.40439578890800476,4,63,48,1.2916666
16,17,9180,00:00:24.2830000,74,15068,58241,20679330,22799580,108358452,131158032,160169590,291327622,3.640374905763388,18.886497024286935,0.48272836208343506,4,75,60,1.2333333
16,18,9912,00:01:03.1550000,65,26693,107081,36621324,40720177,221489744,262209921,272984121,535194042,4.356700702574271,14.443285307513667,0.5341442823410034,5,66,49,1.3265306
16,19,10670,00:02:41.1190000,48,46706,197191,65297421,71602772,452824461,524427233,459108517,983535750,4.826052471505728,5.5566916475298544,0.5581362247467041,5,49,34,1.4117647
16,20,11521,00:06:15.9520000,42,81739,368439,110536406,121291094,927874173,1049165267,793438063,1842603330,5.045424274062249,3.3393753800875197,0.5793372392654419,5,43,29,1.4482758
17,0,2181,00:00:00.0310000,1,1,2,1002,1002,0,1002,3927,4929,1,1,0,0,1,1,0
17,1,2383,00:00:00.0410000,1,1,4,2004,2004,0,2004,6632,8636,1,1,0,0,1,1,0
17,2,2613,00:00:00.0600000,1,4,7,4010,4013,0,4013,13116,17129,1,1,0,0,1,1,0
17,3,2849,00:00:00.0640000,2,5,12,8007,8012,5,8017,26874,34891,1.0018733608092918,1.003753767030965,0,1,2,1,1
17,4,3078,00:00:00.0680000,2,6,15,15608,15626,388,16014,52510,68524,1.0024987186058432,1.0050099792796625,0,1,2,1,1
17,5,3326,00:00:00.0730000,2,17,34,29529,29611,2413,32024,105593,137617,1.0064004876562023,1.0128828567729378,0,1,2,1,1
17,6,3593,00:00:00.0820000,4,33,68,54406,54614,9517,64131,208874,273005,1.0166525750836304,1.034012027346856,0.013298399746418,1,4,3,1
17,7,3891,00:00:00.1060000,5,46,113,97604,98083,30148,128231,410640,538871,1.0386254661694192,1.0812574105727972,0.029379624873399734,1,5,4,1
17,8,4231,00:00:00.1350000,8,90,227,171943,172759,83370,256129,806993,1063122,1.0978812746084459,1.2234397072758074,0.0629563182592392,1,8,7,1
17,9,4600,00:00:00.1950000,10,170,446,298691,301276,211525,512801,1534535,2047336,1.2188482411589234,1.5886719266964173,0.12746530771255493,2,10,8,1.125
17,10,4984,00:00:00.3120000,12,303,816,519016,525821,498588,1024409,2793678,3818087,1.4372832436764955,2.54170925978384,0.22311194241046906,2,12,10,1.1
17,11,5369,00:00:00.5200000,15,512,1435,905719,921052,1129185,2050237,4877870,6928107,1.7024121167823574,3.5898714405325634,0.30957746505737305,2,15,12,1.1666666
17,12,5763,00:00:00.8850000,16,912,2594,1566273,1602545,2493492,4096037,8370368,12466405,1.9583508111293497,3.5368828744984167,0.3452396094799042,3,16,12,1.25
17,13,6181,00:00:01.5310000,18,1516,4616,2700600,2782732,5418307,8201039,14402327,22603366,2.2338713619195736,3.5109321129699476,0.32725638151168823,3,18,14,1.2142857
17,14,6626,00:00:02.6870000,26,2662,8373,4687866,4824962,11572093,16397055,24810355,41207410,2.5860536542640085,3.589142478848133,0.24770838022232056,4,26,21,1.1904762
17,15,7105,00:00:05.4010000,23,4697,15214,8059197,8362363,24449753,32812116,42874259,75686375,2.9714773072304848,3.234090270227264,0.21821336448192596,4,23,18,1.2222222
17,16,7632,00:00:16.5470000,23,8260,28067,13788601,14384911,51220647,65605558,74850641,140456199,3.3913814026528146,3.580724465558889,0.17953674495220184,4,24,19,1.2105263
17,17,8210,00:00:40.5810000,26,14810,52242,23814520,24924578,106272914,131197492,130788892,261986384,3.9545693131753232,4.185735014658916,0.2016289085149765,5,27,20,1.3
17,18,8835,00:01:29.6320000,26,26205,97735,41214463,43317783,218996167,262313950,227043051,489357001,4.54655587772671,2.409704888251169,0.14520077407360077,4,27,21,1.2380953
17,19,9538,00:03:10.3350000,26,46634,185173,69300474,73704760,450929339,524634099,400290035,924924134,4.9430065514414805,1.6507806493463224,0.06096189096570015,5,27,20,1.3
17,20,10358,00:06:55.2420000,34,82494,354638,113357434,123623729,925136088,1048759817,722619907,1771379724,5.273458977555896,1.985440090314964,0.06124202534556389,4,34,27,1.2222222
18,0,2715,00:00:00.1660000,1,1,1,1001,1001,0,1001,3269,4270,1,1,0,0,1,1,0
18,1,2980,00:00:00.1920000,1,1,1,2014,2014,0,2014,7127,9141,1,1,0,0,1,1,0
18,2,3231,00:00:00.2410000,1,2,3,4010,4012,0,4012,14357,18369,1,1,0,0,1,1,0
18,3,3475,00:00:00.2530000,1,7,11,8016,8035,6,8041,28480,36521,1,1,0,0,1,1,0
18,4,3723,00:00:00.2680000,3,9,19,15583,15596,406,16002,56315,72317,1.006994802027851,1.0141124663917784,0,1,3,2,1
18,5,3971,00:00:00.3060000,3,13,31,29577,29642,2402,32044,108796,140840,1.0152145247996753,1.0310098417979718,0.012946007773280144,1,3,2,1
18,6,4251,00:00:00.3300000,3,22,58,54293,54475,9613,64088,217041,281129,1.0421785497209586,1.0887864796014022,0.03694494813680649,1,3,2,1
18,7,4542,00:00:00.3660000,4,44,110,98109,98491,29556,128047,413447,541494,1.1204068943725856,1.2766200600857955,0.06106528267264366,1,4,3,1
18,8,4833,00:00:00.4310000,5,93,221,175513,176368,79724,256092,750968,1007060,1.290616649478956,1.7689029384871027,0.1003856286406517,1,5,4,1
18,9,5113,00:00:00.5420000,5,156,381,312905,315259,197864,513123,1301301,1814424,1.5296879244499129,2.237509214749219,0.14374737441539764,1,5,4,1
18,10,5384,00:00:00.7100000,5,259,661,555903,561250,465055,1026305,2192924,3219229,1.7403809657440237,1.8720867120292706,0.16036877036094666,1,5,4,1
18,11,5670,00:00:00.8690000,4,464,1153,966634,980083,1071421,2051504,3745807,5797311,1.878331405681985,1.4197906413801835,0.17927800118923187,1,4,3,1
18,12,5995,00:00:01.1900000,7,846,2164,1648310,1674661,2423159,4097820,6642395,10740215,1.9572774538770012,1.2019912461660496,0.21931473910808563,2,7,5,1.2
18,13,6380,00:00:01.8410000,9,1484,4088,2760360,2826154,5379317,8205471,12227577,20433048,1.9994406526684925,1.118786580593473,0.15846413373947144,2,9,7,1.1428572
18,14,6841,00:00:03.2940000,20,2673,7946,4570313,4709035,11684477,16393512,23049803,39443315,2.0526095258683594,1.1646942093204975,0.10344366729259491,3,20,17,1.117647
18,15,7391,00:00:07.7120000,35,4710,15347,7555860,7873886,24910296,32784182,43839916,76624098,2.1943344635819084,1.4976034109319787,0.07948999106884003,3,36,30,1.1666666
18,16,8006,00:00:22.3080000,46,8502,29420,12839859,13595418,51975143,65570561,81079492,146650053,2.606651755287967,3.395863783841504,0.1404595673084259,3,47,39,1.1794872
18,17,8629,00:00:50.8770000,47,15152,54528,22955872,24428388,106679010,131107398,141368969,272476367,3.2901448483420714,4.598830244076812,0.1845729500055313,4,48,39,1.2051282
18,18,9269,00:01:45.2450000,41,26834,100795,40315023,42792080,219399122,262191202,239817374,502008576,3.7699060719871103,1.9723358578342192,0.1345904916524887,4,42,34,1.2058823
18,19,9997,00:03:39.2090000,33,46410,188961,67334710,72094220,452462288,524556508,419251633,943808141,4.015625997349658,1.48973815207337,0.10783012956380844,3,33,26,1.2307693
18,20,10859,00:07:50.6660000,32,82182,362275,108348169,119986396,929229081,1049215477,758208094,1807423571,4.243998881051695,1.8449284107049966,0.0741296038031578,4,33,25,1.28
1,0,2152,00:00:00.0630000,1,1,3,1002,1002,0,1002,4179,5181,1,1,0,0,1,1,0
1,1,2512,00:00:00.0820000,1,1,3,2006,2006,0,2006,9198,11204,1,1,0,0,1,1,0
1,2,2803,00:00:00.1140000,1,2,4,4000,4002,0,4002,17638,21640,1,1,0,0,1,1,0
1,3,3124,00:00:00.1230000,1,4,8,8001,8008,9,8017,36064,44081,1,1,0,0,1,1,0
1,4,3421,00:00:00.1320000,1,6,16,15547,15570,441,16011,69188,85199,1,1,0,0,1,1,0
1,5,3735,00:00:00.1440000,2,16,34,29333,29389,2631,32020,135680,167700,1.0013295605631882,1.0026626177081654,0,1,2,1,1
1,6,4084,00:00:00.1640000,4,32,72,53768,53933,10114,64047,269820,333867,1.004240440410653,1.0085288195934028,0,1,4,3,1
1,7,4472,00:00:00.2110000,9,55,128,95648,96148,31913,128061,533398,661459,1.0178675978588156,1.036648085868161,0.015624835155904293,1,9,8,1
1,8,4912,00:00:00.2720000,12,113,268,166627,168475,87690,256165,1046264,1302429,1.0618147119014325,1.1310187537188459,0.05208579823374748,2,12,10,1.1
1,9,5376,00:00:00.3860000,22,166,499,290429,293763,218934,512697,1958449,2471146,1.219767998374818,1.5767963562075478,0.15417160093784332,2,22,20,1.05
1,10,5810,00:00:00.5990000,29,307,885,512294,518478,506186,1024664,3373050,4397714,1.5457413126056523,3.3415071626057418,0.3002910017967224,2,29,26,1.0769231
1,11,6211,00:00:00.8800000,34,545,1536,903530,916042,1134238,2050280,5541505,7591785,1.9164432835655707,7.33480492357416,0.4044634699821472,2,34,30,1.1
1,12,6609,00:00:01.3490000,32,937,2695,1564116,1599855,2502329,4102184,9072730,13174914,2.2094672006424076,7.539464068990598,0.4461173415184021,2,32,27,1.1481482
1,13,7039,00:00:02.1680000,32,1606,4787,2666881,2746350,5456393,8202743,15294171,23496914,2.4388786001325142,5.688938448224497,0.46437889337539673,3,32,25,1.24
1,14,7525,00:00:03.8540000,37,2750,8656,4497173,4652931,11735677,16388608,26681523,43070131,2.6371131375199486,4.787969142998685,0.4486652910709381,4,37,28,1.2857143
1,15,8080,00:00:07.7420000,41,4838,16194,7510420,7877849,24926361,32804210,47639251,80443461,2.8429074539107,4.977963865423692,0.4246947467327118,4,42,33,1.2424242
1,16,8702,00:00:20.5600000,51,8706,30317,12598495,13419847,52118814,65538661,85358104,150896765,3.110142203493354,6.337154568638639,0.4021863639354706,4,52,40,1.275
1,17,9389,00:00:51.3300000,54,15355,56994,21103863,23086265,108034077,131120342,152161537,283281879,3.5440828060720446,7.7056778719736245,0.4286438524723053,4,55,43,1.255814
1,18,10134,00:01:56.1720000,60,26720,106502,35981286,39905820,222469535,262375355,267374809,529750164,4.160630111997665,5.592014346490112,0.4075876772403717,4,61,44,1.3636364
1,19,10939,00:04:05.0410000,55,47041,198323,61980118,69616637,455058540,524675177,464962824,989638001,4.853881094579394,4.411740684458804,0.3216089606285095,5,56,39,1.4102564
1,20,11784,00:08:10.5860000,39,82675,369219,112642902,124855441,924390285,1049245726,795495282,1844741008,5.605832269839781,3.5486775877564796,0.4061574339866638,4,40,27,1.4444444
19,0,3017,00:00:00.1470000,1,2,2,1002,1003,0,1003,5237,6240,1,1,0,0,1,1,0
19,1,3368,00:00:00.1790000,2,2,3,2005,2005,0,2005,10438,12443,1.001496259351621,1.0029969883239997,0,1,2,1,1
19,2,3845,00:00:00.2410000,3,4,6,3999,4003,0,4003,23914,27917,1.0147536884221056,1.0299966767936308,0,1,3,2,1
19,3,4283,00:00:00.2840000,3,6,11,7998,8002,10,8012,48920,56932,1.0381345336334085,1.0794140015642248,0.014337550848722458,1,3,2,1
19,4,4690,00:00:00.3070000,6,7,18,15517,15518,486,16004,94792,110796,1.0993104337178579,1.2215014201731065,0.035255756229162216,1,6,5,1
19,5,5066,00:00:00.3350000,6,20,38,29185,29254,2748,32002,174586,206588,1.2165495973959226,1.5380547376113958,0.07033440470695496,1,6,5,1
19,6,5423,00:00:00.3740000,7,33,73,53839,54007,10011,64018,310618,374636,1.3856126599676815,2.044589724038667,0.12760597467422485,2,7,5,1.2
19,7,5754,00:00:00.4270000,8,56,138,97270,97710,30367,128077,532971,661048,1.5719954765086872,2.544592106354537,0.2198304384946823,2,8,6,1.1666666
19,8,6073,00:00:00.5120000,9,106,247,172764,174137,81867,256004,904305,1160309,1.7532356277928272,2.7741480896722037,0.3235378563404083,2,9,7,1.1428572
19,9,6392,00:00:00.6460000,12,167,431,305383,308127,204393,512520,1532203,2044723,1.8940183310793333,2.763727441030309,0.36259526014328003,2,12,10,1.1
19,10,6726,00:00:00.8290000,12,284,751,530881,537711,487380,1025091,2631904,3656995,1.9850004049871817,2.5232412434900358,0.42835959792137146,2,12,10,1.1
19,11,7090,00:00:01.0620000,13,521,1379,911922,927132,1124103,2051235,4609679,6660914,2.039133829428394,2.124065387503053,0.4703250825405121,2,13,10,1.2
19,12,7502,00:00:01.5370000,17,838,2506,1541471,1572928,2524234,4097162,8277191,12374353,2.076530145555771,1.7666281065938585,0.41045141220092773,3,17,13,1.2307693
19,13,7982,00:00:02.4300000,20,1541,4731,2565651,2647587,5546122,8193709,15225537,23419246,2.1160313698160818,1.5785416530383194,0.34695255756378174,3,20,16,1.1875
19,14,8545,00:00:04.4850000,32,2805,9042,4229989,4430829,11963889,16394718,28424636,44819354,2.203631262398082,1.6954884009830558,0.36258962750434875,3,33,28,1.1428572
19,15,9193,00:00:11.8340000,49,4966,17250,6985718,7473620,25323314,32796934,52889397,85686331,2.4059131788600685,2.6378557189072156,0.33298560976982117,3,50,43,1.1395348
19,16,9900,00:00:31.5950000,68,8775,32432,11654662,12852294,52724309,65576603,95698674,161275277,2.765726796710192,6.760676635530108,0.4687590003013611,4,69,56,1.2142857
19,17,10649,00:01:11.1740000,83,15577,60043,19851133,22338314,108798978,131137292,168435350,299572642,3.1805308543346116,15.133439950884405,0.3975115716457367,4,84,66,1.2575758
19,18,11448,00:02:28.7330000,91,27248,111367,34278812,38811243,223540115,262351358,292725853,555077211,3.5973070186913128,18.483197220478548,0.41485145688056946,4,92,71,1.2816901
19,19,12305,00:04:58.9360000,87,47102,206106,58443563,66966077,457485522,524451599,503034524,1027486123,3.989799235888476,16.947199674223167,0.4165472984313965,5,88,64,1.359375
19,20,13251,00:10:01.8300000,83,82751,385146,99504222,115852107,933065345,1048917452,873481376,1922398828,4.432498783820449,15.759465336499623,0.5042149424552917,5,84,58,1.4310344
20,0,1832,00:00:00.0270000,1,2,2,1003,1004,0,1004,3293,4297,1,1,0,0,1,1,0
20,1,2084,00:00:00.0370000,1,3,4,2007,2010,0,2010,6905,8915,1,1,0,0,1,1,0
20,2,2320,00:00:00.0550000,1,1,6,4007,4007,0,4007,14045,18052,1,1,0,0,1,1,0
20,3,2548,00:00:00.0580000,2,4,11,8016,8022,7,8029,27388,35417,1.001122754491018,1.0022480666589044,0,1,2,1,1
20,4,2769,00:00:00.0620000,3,7,18,15611,15622,385,16007,52140,68147,1.0031388123758889,1.0063021217615402,0,1,3,2,1
20,5,3011,00:00:00.0760000,3,12,28,29618,29668,2393,32061,103768,135829,1.005908569113377,1.0119039000460257,0.005507837049663067,1,3,2,1
20,6,3281,00:00:00.0830000,3,24,51,54491,54598,9427,64025,207550,271575,1.0114697840010276,1.0232512116264523,0.00869023147970438,1,3,2,1
20,7,3585,00:00:00.0960000,3,43,99,97553,97919,30297,128216,414327,542543,1.0310907916722192,1.0643773145908597,0.018250364810228348,1,3,2,1
20,8,3921,00:00:00.1240000,4,106,224,171164,172419,83602,256021,807516,1063537,1.0877988362038746,1.1924583983566852,0.027064191177487373,1,4,3,1
20,9,4275,00:00:00.1760000,7,157,391,299991,302950,209223,512173,1504226,2016399,1.235873742878953,1.5839582366701093,0.05036477372050285,1,7,6,1
20,10,4628,00:00:00.2690000,10,269,700,529503,535494,490551,1026045,2660392,3686437,1.4789982304160694,2.1195424915814853,0.07802820950746536,1,10,9,1
20,11,4978,00:00:00.4400000,12,478,1279,926372,938632,1112144,2050776,4557541,6608317,1.7218957395085344,1.8695565546024289,0.09695369005203247,2,12,10,1.1
20,12,5349,00:00:00.7350000,13,846,2343,1595231,1621702,2476285,4097987,7853752,11951739,1.8891727906491285,1.4446415811006832,0.10668690502643585,2,13,11,1.0909091
20,13,5772,00:00:01.3510000,12,1524,4409,2683371,2749134,5450874,8200008,13979700,22179708,1.9828279429121056,1.2667287090266535,0.11537814885377884,2,12,10,1.1
20,14,6272,00:00:02.5840000,16,2709,8322,4420343,4586727,11804441,16391168,25716913,42108081,2.0550043288495936,1.2912727268899993,0.12381695210933685,3,16,13,1.1538461
20,15,6866,00:00:05.4130000,30,4831,15969,7250227,7658157,25129032,32787189,48163204,80950393,2.18482304071307,1.6478543898686662,0.13904760777950287,3,30,26,1.1153846
20,16,7546,00:00:11.4930000,59,8667,30843,11919488,12967201,52582987,65550188,89400714,154950902,2.473603312491275,3.370126959610778,0.18601085245609283,3,60,53,1.1132076
20,17,8282,00:00:24.4300000,79,15527,58409,20009681,22508086,108573081,131081167,160870209,291951376,2.9271883444818534,11.580023819452421,0.34036386013031006,4,80,67,1.1791044
20,18,9062,00:01:18.0120000,87,27022,109139,34317586,39228537,223117903,262346440,281838529,544184969,3.3998615462054937,11.554513844798326,0.36588844656944275,4,88,71,1.2253522
20,19,9904,00:03:21.2600000,78,47033,203119,58237312,67391023,457181415,524572438,488624939,1013197377,3.8019926125711296,5.588258826107888,0.2950396239757538,5,79,61,1.2786885
20,20,10849,00:07:41.9580000,69,82372,381863,98183390,115619750,933458612,1049078362,858953022,1908031384,4.242040206597063,5.953982792809092,0.3376768231391907,5,70,54,1.2777778
21,0,1918,00:00:00.0280000,2,2,2,1002,1002,0,1002,4242,5244,1.001996007984032,1.0039999291840536,0,1,2,1,1
21,1,2231,00:00:00.0390000,2,2,2,2006,2006,0,2006,8667,10673,1.0114656031904288,1.023194067933821,0,1,2,1,1
21,2,2547,00:00:00.0580000,2,2,4,4009,4009,0,4009,17988,21997,1.0152157645298079,1.0308943260287649,0,1,2,1,1
21,3,2855,00:00:00.0620000,2,5,10,7992,8005,3,8008,35766,43774,1.0265265265265264,1.0544582437117143,0,1,2,1,1
21,4,3149,00:00:00.0670000,3,9,20,15545,15574,442,16016,69152,85168,1.0405918301704729,1.0848157152097004,0.018561530858278275,1,3,2,1
21,5,3471,00:00:00.0830000,4,17,31,29299,29368,2649,32017,138073,170090,1.0709580531758762,1.1532955742460045,0.028031621128320694,1,4,3,1
21,6,3821,00:00:00.0940000,7,26,68,53825,53984,10120,64104,272518,336622,1.1461031119368323,1.344970583793629,0.058676667511463165,1,7,6,1
21,7,4173,00:00:00.1120000,9,51,129,96541,96968,31042,128010,510693,638703,1.2675547176847142,1.7320117824346197,0.12902216613292694,2,9,7,1.1428572
21,8,4529,00:00:00.1420000,9,93,226,170425,172163,84050,256213,926122,1182335,1.4568402523104005,2.5437441954895235,0.24855807423591614,2,9,7,1.1428572
21,9,4869,00:00:00.1930000,14,176,406,303343,306039,206619,512658,1594313,2106971,1.6988227847683974,3.9399007970888476,0.3268745541572571,2,14,12,1.0833334
21,10,5201,00:00:00.2810000,14,286,715,532190,539733,485772,1025505,2683895,3709400,1.939196527555948,5.106077477588178,0.4208882749080658,2,14,12,1.0833334
21,11,5541,00:00:00.4540000,17,530,1300,927656,942710,1106032,2048742,4527073,6575815,2.1589123554421037,5.144510324674477,0.42411378026008606,2,17,15,1.0666667
21,12,5907,00:00:00.7630000,21,909,2390,1597924,1629738,2470200,4099938,7780976,11880914,2.3611210545683026,4.229737481188729,0.4176848530769348,2,21,16,1.25
21,13,6316,00:00:01.3760000,21,1561,4445,2697491,2779969,5415147,8195116,13702327,21897443,2.5442190539282614,3.078746382115484,0.42829370498657227,3,21,14,1.4285715
21,14,6788,00:00:02.5490000,25,2809,8346,4503457,4690012,11710805,16400817,24771777,41172594,2.714841509533676,2.2760567043024293,0.43559741973876953,3,25,18,1.3333334
21,15,7339,00:00:05.1640000,35,4775,15683,7447724,7849468,24924817,32774285,45607811,78382096,2.8765831010923604,1.9469701856101396,0.35648471117019653,4,36,28,1.25
21,16,7984,00:00:11.2180000,56,8456,29992,12254166,13178036,52390581,65568617,84773472,150342089,3.094970722609764,2.280630007091985,0.33179688453674316,4,57,47,1.1914893
21,17,8687,00:00:25.7140000,78,15346,56921,21195133,23220725,107959688,131180413,152930797,284111210,3.7232375470349726,5.0680471248538606,0.3844243288040161,4,79,62,1.2580645
21,18,9355,00:01:09.2800000,59,26906,103457,39094295,42831377,219359663,262191040,255427890,517618930,4.627344782659465,2.3630878122453693,0.21707595884799957,4,60,47,1.2553191
21,19,10054,00:02:44.4210000,40,46745,190312,68914976,74100009,450436659,524536668,427523753,952060421,5.014556342586552,1.5061758752636016,0.10913655906915665,4,41,33,1.2121212
21,20,10875,00:06:14.9010000,28,81771,360261,113094936,122946328,926135975,1049082303,750589473,1799671776,5.188044175558842,1.6495146325001806,0.23497609794139862,2,29,24,1.1666666
22,0,3254,00:00:00.0720000,1,1,1,1005,1005,0,1005,5637,6642,1,1,0,0,1,1,0
22,1,3630,00:00:00.0910000,1,3,3,2006,2009,0,2009,10780,12789,1,1,0,0,1,1,0
22,2,4009,00:00:00.1260000,3,5,7,4006,4009,0,4009,21962,25971,1.0147279081377933,1.0300041593650404,0,1,3,2,1
22,3,4408,00:00:00.1530000,3,7,12,7999,8009,5,8014,44788,52802,1.0542567820977622,1.1152705547750847,0.03166992589831352,1,3,2,1
22,4,4730,00:00:00.1650000,3,9,22,15571,15589,420,16009,80267,96276,1.1426369533106415,1.3305024500873122,0.06891421973705292,1,3,2,1
22,5,5041,00:00:00.1800000,4,21,45,29449,29517,2518,32035,145637,177672,1.3330164012360353,1.8395363337369244,0.07398539781570435,1,4,3,1
22,6,5291,00:00:00.1970000,4,34,70,54849,55052,9086,64138,240800,304938,1.5358712100494083,2.0713192594766983,0.08342093229293823,1,4,3,1
22,7,5519,00:00:00.2210000,5,52,108,99975,100454,27559,128013,394662,522675,1.7086171542885722,1.7839988317435878,0.07799933850765228,2,5,3,1.3333334
22,8,5754,00:00:00.2580000,6,90,189,179616,180711,75950,256661,668082,924743,1.8401534384464635,1.4378703909574488,0.06712476164102554,2,6,4,1.25
22,9,6012,00:00:00.3280000,7,163,348,315279,318041,195292,513333,1177353,1690686,1.928203273925634,1.235298194431881,0.052547045052051544,2,7,5,1.2
22,10,6305,00:00:00.5150000,9,263,643,543865,549975,475850,1025825,2143765,3169590,1.986452520386493,1.1497089390678332,0.040773406624794006,2,9,7,1.1428572
22,11,6649,00:00:00.7680000,14,489,1225,921566,935489,1115200,2050689,4017453,6068142,2.036248082069,1.155144703349839,0.029843514785170555,2,14,12,1.0833334
22,12,7055,00:00:01.3550000,17,881,2379,1544089,1579173,2521949,4101122,7635378,11736500,2.1061214735679097,1.2764360454492956,0.028026536107063293,2,17,15,1.0666667
22,13,7528,00:00:02.2660000,26,1628,4580,2583030,2661152,5531097,8192249,14481201,22673450,2.2452275041327434,1.6969121820281912,0.040039658546447754,2,26,24,1.0416666
22,14,8063,00:00:03.8150000,33,2832,8763,4322310,4528047,11868028,16396075,26998040,43394115,2.486210845589511,2.7457036865364035,0.24159923195838928,2,33,31,1.032258
22,15,8649,00:00:09.1660000,50,4957,16479,7332130,7752077,25034449,32786526,49095264,81881790,2.779024239886636,3.7927131404790386,0.35640501976013184,2,50,46,1.0652174
22,16,9296,00:00:23.9650000,60,8698,30817,12328817,13217587,52364505,65582092,88335661,153917753,3.055692934691139,4.5935545439076995,0.42191702127456665,2,60,55,1.0727273
22,17,10012,00:00:56.6930000,64,15236,57720,20623892,22659436,108482211,131141647,157972020,289113667,3.389286415968431,8.509155992719187,0.4486438035964966,3,64,55,1.1454545
22,18,10795,00:02:03.4190000,70,27112,108109,34851084,38957762,223278040,262235802,279699071,541934873,3.772095582450176,12.166327983752138,0.4674014449119568,3,70,56,1.2321428
22,19,11658,00:04:19.3610000,82,47200,202982,57980625,66419084,457900705,524319789,491575782,1015895571,4.127098647177398,11.715704311036363,0.49863407015800476,4,83,64,1.28125
22,20,12615,00:08:58.1850000,86,83053,382326,98312996,115886496,933182698,1049069194,865932146,1915001340,4.747008533846329,16.756007967969754,0.5219390988349915,4,87,62,1.3870968
23,0,3943,00:00:00.0850000,1,1,2,1007,1007,0,1007,4297,5304,1,1,0,0,1,1,0
23,1,4232,00:00:00.1030000,1,1,2,2007,2007,0,2007,8304,10311,1,1,0,0,1,1,0
23,2,4534,00:00:00.1360000,1,1,3,4009,4009,0,4009,16972,20981,1,1,0,0,1,1,0
23,3,4865,00:00:00.1430000,1,3,8,7987,7993,10,8003,36240,44243,1,1,0,0,1,1,0
23,4,5209,00:00:00.1530000,3,7,16,15561,15571,462,16033,74750,90783,1.0034702139965297,1.0069705988355875,0,1,3,2,1
23,5,5559,00:00:00.1830000,3,15,35,29257,29292,2714,32006,148510,180516,1.0035547048569573,1.007140796462646,0,1,3,2,1
23,6,5959,00:00:00.2080000,6,26,65,53468,53563,10468,64031,301646,365677,1.012493454028578,1.025422251826737,0.01108569372445345,1,6,5,1
23,7,6409,00:00:00.2520000,7,41,119,94833,95153,32913,128066,607129,735195,1.030031740006116,1.0626630876035401,0.02732503041625023,1,7,6,1
23,8,6911,00:00:00.3460000,12,99,275,165484,166506,89920,256426,1191880,1448306,1.1019736046989437,1.2371428880925863,0.08272849023342133,1,12,11,1
23,9,7413,00:00:00.5640000,14,192,534,288458,291870,220904,512774,2175731,2688505,1.2967468400945719,1.9354671352675732,0.2236814796924591,2,14,12,1.0833334
23,10,7856,00:00:00.8250000,21,309,910,511087,517718,507919,1025637,3619778,4645415,1.6031438874399075,3.821423355629002,0.3859916031360626,2,21,16,1.25
23,11,8270,00:00:01.2070000,25,541,1556,892191,907622,1141321,2048943,5860349,7909292,1.8472266588656465,4.233828851629004,0.48473024368286133,2,25,19,1.2631578
23,12,8701,00:00:01.8640000,28,923,2755,1529872,1564686,2537531,4102217,9687856,13790073,2.0043095108610394,3.626832451739788,0.5470330715179443,2,28,20,1.35
23,13,9178,00:00:02.6160000,29,1618,4937,2575664,2661886,5534772,8196658,16586177,24782835,2.132201638101864,3.835532063036452,0.5557736754417419,2,29,21,1.3333334
23,14,9709,00:00:04.2300000,39,2830,9060,4363407,4545493,11844775,16390268,28997036,45387304,2.3421459423794295,5.812749424032983,0.508164644241333,3,39,30,1.2666667
23,15,10274,00:00:09.2260000,40,4858,16444,7443754,7909811,24894552,32804363,50260014,83064377,2.671896465143797,8.918220923797852,0.49488961696624756,4,41,32,1.25
23,16,10861,00:00:22.2960000,42,8687,30187,12900102,13868121,51696481,65564602,85788935,151353537,3.0910576521022857,7.346580811405918,0.43530264496803284,4,43,31,1.3548387
23,17,11461,00:00:48.3340000,40,15164,55019,23137665,24865379,106318121,131183500,143755237,274938737,3.842886047490099,4.9226367522712895,0.3330872356891632,5,41,28,1.4285715
23,18,12061,00:01:35.5030000,27,26467,99900,41861572,44586945,217722200,262309145,235976960,498286105,4.614001858315307,1.8804017516995122,0.25255778431892395,5,28,18,1.5
23,19,12723,00:03:09.9670000,20,46467,184965,71750292,75977713,448317264,524294977,399176861,923471838,4.982965616362927,1.3420923804814433,0.09283741563558578,5,21,14,1.4285715
23,20,13510,00:06:38.6140000,24,81775,352009,117581060,126037009,923201120,1049238129,708994118,1758232247,5.204891714703031,1.506201462499248,0.06142759323120117,4,25,20,1.2
24,0,2640,00:00:00.0370000,3,3,5,1004,1004,0,1004,4054,5058,1.0338645418326693,1.0706171596999479,0.02754903957247734,1,3,2,1
24,1,2941,00:00:00.0580000,3,4,6,1999,2001,0,2001,8243,10244,1.0370185092546274,1.0772835409497463,0.019656773656606674,1,3,2,1
24,2,3274,00:00:00.0780000,3,5,10,4004,4006,0,4006,17763,21769,1.0704295704295703,1.151451965309713,0.023073799908161163,1,3,2,1
24,3,3584,00:00:00.0830000,5,8,15,7994,8005,2,8007,35661,43668,1.1573680260195147,1.3653014107690713,0.0274508036673069,1,5,4,1
24,4,3855,00:00:00.0890000,7,14,24,15601,15628,417,16045,66065,82110,1.2548554579834625,1.6148818120509345,0.030337106436491013,2,7,5,1.2
24,5,4112,00:00:00.0950000,8,23,43,29551,29624,2401,32025,120284,152309,1.3728131027714798,1.9109049605219948,0.03983014076948166,2,8,6,1.1666666
24,6,4376,00:00:00.1060000,8,37,76,54577,54866,9310,64176,222380,286556,1.5325320189823552,2.2101129487445426,0.049767617136240005,2,8,6,1.1666666
24,7,4636,00:00:00.1210000,11,61,120,98881,99345,28730,128075,398445,526520,1.7277333360301776,2.373249303571464,0.06386838853359222,2,11,9,1.1111112
24,8,4906,00:00:00.1450000,14,101,216,176817,177738,78818,256556,712995,969551,1.9372232307979436,2.514604445267406,0.08349525928497314,3,14,11,1.1818181
24,9,5188,00:00:00.1860000,14,156,384,311084,313557,199278,512835,1268968,1781803,2.179411348703244,2.8421230437715748,0.12071017175912857,3,14,11,1.1818181
24,10,5485,00:00:00.2650000,15,284,695,544824,550851,475347,1026198,2245471,3271669,2.433448232823811,3.4501100055084115,0.17808926105499268,3,15,11,1.2727273
24,11,5798,00:00:00.4040000,17,491,1241,948327,960274,1087824,2048098,3942143,5990241,2.6998904386356184,4.308408658377063,0.23611806333065033,3,17,13,1.2307693
24,12,6133,00:00:00.6900000,17,882,2265,1644920,1673658,2427222,4100880,6912885,11013765,2.959305011793887,5.066109667979628,0.3057278096675873,3,17,13,1.2307693
24,13,6497,00:00:01.2050000,19,1607,4194,2832807,2893144,5307287,8200431,12177550,20377981,3.207933685563471,5.070657452263573,0.3435693383216858,4,19,13,1.3846154
24,14,6902,00:00:02.1640000,22,2761,7764,4839736,4964673,11444250,16408923,21668147,38077070,3.4406438698309163,3.986637763019037,0.34241703152656555,4,23,17,1.2941177
24,15,7361,00:00:04.1850000,23,4793,14481,8169050,8437139,24330950,32768089,39007788,71775877,3.65631829894541,3.032766678602389,0.28796425461769104,3,24,19,1.2105263
24,16,7890,00:00:08.8550000,22,8442,27526,13665323,14295170,51275942,65571112,71145340,136716452,3.8788389414578783,2.932092798652233,0.4642806947231293,3,22,17,1.2352941
24,17,8484,00:00:30.5990000,26,14959,52129,23248376,24573527,106542827,131116354,128765265,259881619,4.151250779839418,4.339673569884408,0.4256837069988251,3,27,22,1.1818181
24,18,9119,00:01:18.9320000,24,26465,97730,40513379,43328247,219078146,262406393,226373130,488779523,4.462736322240611,4.9339011976180025,0.33676260709762573,3,25,18,1.3333334
24,19,9798,00:02:55.0050000,28,46621,183017,71262470,75819458,448814592,524634050,393402737,918036787,4.745354630565008,2.4048360582590393,0.2969682216644287,4,29,22,1.2727273
24,20,10568,00:06:20.1930000,29,81986,348282,120027853,128283999,921120850,1049404849,696314288,1745719137,4.93552827275849,1.5103217329577776,0.12598560750484467,3,30,24,1.2083334
25,0,2831,00:00:00.0370000,1,1,1,1002,1002,0,1002,4088,5090,1,1,0,0,1,1,0
25,1,3100,00:00:00.0470000,1,1,1,2001,2001,0,2001,8041,10042,1,1,0,0,1,1,0
25,2,3358,00:00:00.0660000,1,1,1,4027,4027,0,4027,15227,19254,1,1,0,0,1,1,0
25,3,3616,00:00:00.0690000,1,3,4,7989,7995,6,8001,30139,38140,1,1,0,0,1,1,0
25,4,3874,00:00:00.0720000,3,6,15,15580,15584,426,16010,59384,75394,1.0046213093709884,1.0092959409284101,0,1,3,2,1
25,5,4166,00:00:00.0880000,3,13,36,29436,29461,2541,32002,121459,153461,1.0081193096888164,1.0164023733273235,0.003998253960162401,1,3,2,1
25,6,4474,00:00:00.0970000,3,21,59,54095,54178,9854,64032,239878,303910,1.0164155652093538,1.0335134220649578,0.01575099304318428,1,3,2,1
25,7,4822,00:00:00.1120000,3,46,115,96574,96934,31131,128065,475634,603699,1.0389028102801996,1.081641137520571,0.036739230155944824,1,3,2,1
25,8,5212,00:00:00.1430000,5,77,213,169026,169900,86378,256278,932411,1188689,1.0990853478163123,1.218291985795452,0.05950272083282471,2,5,3,1.3333334
25,9,5633,00:00:00.2040000,6,157,430,293723,296208,216527,512735,1764020,2276755,1.2431304324142134,1.6168387668538435,0.10897368937730789,2,6,4,1.25
25,10,6059,00:00:00.3270000,7,289,821,509689,517869,507806,1025675,3160165,4185840,1.488998193015741,2.3778577998457306,0.17658834159374237,2,7,5,1.2
25,11,6485,00:00:00.5520000,14,512,1505,883646,900286,1149841,2050127,5470948,7521075,1.775052453131684,2.5866875952593302,0.24175746738910675,2,14,11,1.1818181
25,12,6929,00:00:00.9650000,20,906,2704,1518108,1552744,2546113,4098857,9412877,13511734,2.01609569279656,2.2941404355056987,0.27407464385032654,2,20,17,1.117647
25,13,7420,00:00:01.7490000,25,1631,5049,2564942,2640889,5556536,8197425,16511080,24708505,2.2231485156389503,2.4273870744234953,0.29802408814430237,2,25,22,1.0909091
25,14,7969,00:00:03.2780000,31,2790,9103,4291098,4483764,11900271,16384035,29354647,45738682,2.4646677843293254,3.6125991064466283,0.38720619678497314,3,31,26,1.1538461
25,15,8570,00:00:06.3950000,42,5000,16840,7253199,7717080,25086923,32804003,51997914,84801917,2.783880877940892,7.761456294609976,0.47422462701797485,3,42,35,1.1714286
25,16,9204,00:00:19.0160000,56,8701,30937,12528708,13442134,52135310,65577444,90366554,155943998,3.2095419575585926,11.804787828532193,0.5559528470039368,4,57,44,1.2727273
25,17,9870,00:00:49.9490000,55,15214,57175,21644940,23490766,107664537,131155303,155087438,286242741,3.6697174951743916,6.924099179696399,0.5037568211555481,3,56,44,1.25
25,18,10587,00:01:50.8690000,56,26462,105517,37193144,40391786,221782940,262174726,265736595,527911321,4.0903828673370555,5.044141987490228,0.44488877058029175,4,57,43,1.3023256
25,19,11394,00:03:57.0250000,49,46742,197979,62045841,68615282,455873546,524488828,464228842,988717670,4.462279590988218,4.624438294694339,0.2612152695655823,4,50,38,1.2894737
25,20,12321,00:08:25.7700000,59,82121,376466,101464673,115879513,933272170,1049151683,828087385,1877239068,4.8137534134663795,3.754791593343146,0.3152294456958771,3,60,51,1.1568627
26,0,1475,00:00:00.0430000,1,1,3,1002,1002,0,1002,2548,3550,1,1,0,0,1,1,0
26,1,1631,00:00:00.0520000,1,1,3,2008,2008,0,2008,4782,6790,1,1,0,0,1,1,0
26,2,1809,00:00:00.0710000,1,1,3,4013,4013,0,4013,9791,13804,1,1,0,0,1,1,0
26,3,1989,00:00:00.0730000,1,3,7,8000,8003,5,8008,20402,28410,1,1,0,0,1,1,0
26,4,2175,00:00:00.0760000,1,6,12,15689,15706,350,16056,41196,57252,1,1,0,0,1,1,0
26,5,2374,00:00:00.0800000,2,8,20,29791,29813,2203,32016,83345,115361,1.0011077170957672,1.0022178393431516,0,1,2,1,1
26,6,2597,00:00:00.0870000,2,25,54,55171,55294,8853,64147,169023,233170,1.001232531583622,1.0024680477501333,0,1,2,1,1
26,7,2850,00:00:00.0980000,2,51,104,99152,99515,28668,128183,340886,469069,1.0020574471518477,1.0041233321889402,0,1,2,1,1
26,8,3145,00:00:00.1200000,2,74,187,173965,175257,81242,256499,687102,943601,1.003661656080246,1.0073500792822785,0,1,2,1,1
26,9,3492,00:00:00.1670000,4,165,374,299666,302829,209761,512590,1373602,1886192,1.0101412906369092,1.020543446592422,0.00790844764560461,1,4,3,1
26,10,3905,00:00:00.2870000,10,283,734,508943,515980,509606,1025586,2736712,3762298,1.0342494149639547,1.0718764326660764,0.02754097804427147,1,10,9,1
26,11,4384,00:00:00.5440000,18,537,1486,855692,875265,1173723,2048988,5343378,7392366,1.111562337850535,1.253134955445453,0.07599083334207535,2,18,16,1.0625
26,12,4890,00:00:01.0320000,31,922,2801,1475803,1519619,2577125,4096744,9819545,13916289,1.393591150038318,2.18347786082829,0.19355152547359467,2,31,29,1.0344827
26,13,5348,00:00:01.7540000,34,1691,4947,2657869,2751708,5443257,8194965,16375195,24570160,1.9166904012199246,3.8587419044255493,0.31590306758880615,3,34,29,1.137931
26,14,5775,00:00:02.9080000,29,2865,8573,4754047,4927986,11461588,16389574,26323200,42712774,2.402251807775565,3.090407664164128,0.3317629396915436,3,29,24,1.1666666
26,15,6222,00:00:05.1410000,24,4894,15342,8279642,8578360,24212788,32791148,43182667,75973815,2.7643672274719124,2.279116262707807,0.28148993849754333,4,24,18,1.2777778
26,16,6724,00:00:13.2140000,19,8562,28059,14073214,14636493,50971203,65607696,73688986,139296682,3.0760236432132704,2.0747326538383626,0.22605140507221222,3,19,13,1.3846154
26,17,7293,00:00:36.0850000,18,14791,51999,23774107,24917238,106233038,131150276,128783121,259933397,3.468604183534633,2.674738339637829,0.16668716073036194,3,19,13,1.3846154
26,18,7925,00:01:24.0230000,19,25994,97028,40733350,43106668,219198467,262305135,226080330,488385465,4.042998943126455,3.704171644162768,0.13216246664524078,3,20,14,1.3571428
26,19,8623,00:03:02.8550000,22,46487,183824,69483825,74327988,449977124,524305112,397843164,922148276,4.591381289098578,2.483481415036908,0.11190558224916458,4,23,16,1.375
26,20,9427,00:06:38.9770000,28,82614,352567,114692249,124915655,924199287,1049114942,713984178,1763099120,4.909408638416359,1.7348990462771807,0.15239886939525604,3,28,23,1.173913
27,0,3073,00:00:00.0420000,1,1,1,1001,1001,0,1001,3820,4821,1,1,0,0,1,1,0
27,1,3412,00:00:00.0530000,1,1,1,2001,2001,0,2001,8675,10676,1,1,0,0,1,1,0
27,2,3693,00:00:00.0730000,3,3,3,4006,4006,0,4006,16943,20949,1.0032451323015477,1.0065165942474685,0,1,3,2,1
27,3,3993,00:00:00.0870000,3,3,5,8014,8014,6,8020,34241,42261,1.0106064387322187,1.021466341088108,0,1,3,2,1
27,4,4303,00:00:00.0920000,3,5,10,15584,15587,441,16028,68975,85003,1.0316991786447638,1.0656401693073343,0.01584615372121334,1,3,2,1
27,5,4622,00:00:00.0990000,4,14,34,29359,29420,2605,32025,136825,168850,1.0827344255594538,1.1777764815808038,0.03673466667532921,2,4,2,1.5
27,6,4920,00:00:00.1090000,5,29,70,54220,54365,9665,64030,251026,315056,1.197805237919587,1.4671623844369721,0.04986635223031044,2,5,3,1.3333334
27,7,5211,00:00:00.1240000,5,47,125,98179,98639,29410,128049,447099,575148,1.3855814379857199,1.9602917788462666,0.07505912333726883,2,5,3,1.3333334
27,8,5491,00:00:00.1460000,7,86,204,176416,177429,79170,256599,772139,1028738,1.615528070016325,2.1723073657404237,0.07780926674604416,2,7,5,1.2
27,9,5765,00:00:00.1830000,10,139,350,312971,314945,197995,512940,1312376,1825316,1.820673480929543,1.888618548342633,0.06244618445634842,2,10,8,1.125
27,10,6055,00:00:00.2510000,12,245,638,547076,551077,473604,1024681,2266561,3291242,1.9850240186007062,1.6439824736359774,0.058546874672174454,3,12,9,1.2222222
27,11,6382,00:00:00.3910000,13,437,1177,937787,947978,1103365,2051343,4044902,6096245,2.1286048964210424,1.6112792144004848,0.05754321813583374,3,13,9,1.3333334
27,12,6753,00:00:00.7000000,16,841,2266,1598224,1620485,2480818,4101303,7345493,11446796,2.307006402106338,1.8843766816286618,0.06268659234046936,3,16,11,1.3636364
27,13,7171,00:00:01.2950000,19,1427,4195,2719617,2772331,5428966,8201297,13388070,21589367,2.6177675018210285,2.8233410500088327,0.1005830317735672,3,19,13,1.3846154
27,14,7621,00:00:02.3860000,19,2645,7926,4690872,4822192,11585197,16407389,23901831,40309220,3.0999178830716336,4.487466368892936,0.4179500639438629,4,19,11,1.6363636
27,15,8096,00:00:04.6020000,21,4816,14823,8133886,8398295,24401028,32799323,41813455,74612778,3.5661168597642012,4.113174190933474,0.4854884743690491,3,21,13,1.5384616
27,16,8620,00:00:12.9480000,24,8379,27647,13818056,14355715,51198800,65554515,73627505,139182020,3.855902885326272,3.2608747662017317,0.4708259403705597,3,24,16,1.4375
27,17,9226,00:00:37.9430000,27,15015,52835,22858472,24126191,106964528,131090719,132744126,263834845,4.025646071180961,2.902767781176115,0.3586374521255493,3,27,18,1.4444444
27,18,9930,00:01:34.2270000,38,26385,100828,37331289,40358425,221788802,262147227,241255246,503402473,4.219900657595831,3.1314594698294154,0.3213181793689728,4,39,29,1.3103448
27,19,10743,00:03:36.2010000,50,46650,192759,60822985,68459479,456092869,524552348,441151466,965703814,4.557586412439311,4.790346216219671,0.3269595205783844,4,51,43,1.1627907
27,20,11662,00:07:57.1360000,66,82952,370019,98576862,116767005,931843001,1048610006,801528579,1850138585,4.983324180069761,6.112469332788447,0.47689807415008545,3,67,56,1.1785715
28,0,1540,00:00:00.0260000,1,1,1,1007,1007,0,1007,2819,3826,1,1,0,0,1,1,0
28,1,1755,00:00:00.0350000,1,1,1,2001,2001,0,2001,5892,7893,1,1,0,0,1,1,0
28,2,1967,00:00:00.0550000,1,3,4,3999,4002,0,4002,11903,15905,1,1,0,0,1,1,0
28,3,2198,00:00:00.0580000,1,3,7,8016,8023,6,8029,25062,33091,1,1,0,0,1,1,0
28,4,2438,00:00:00.0610000,1,6,13,15621,15630,419,16049,52845,68894,1,1,0,0,1,1,0
28,5,2681,00:00:00.0660000,1,11,30,29666,29680,2378,32058,104425,136483,1,1,0,0,1,1,0
28,6,2939,00:00:00.0720000,1,17,51,54673,54741,9328,64069,203339,267408,1,1,0,0,1,1,0
28,7,3236,00:00:00.0850000,1,52,109,97871,98289,29970,128259,404378,532637,1,1,0,0,1,1,0
28,8,3584,00:00:00.1130000,2,89,217,170914,171940,84336,256276,812215,1068491,1.0030366149057421,1.0060916782438922,0,1,2,1,1
28,9,3987,00:00:00.1750000,5,158,438,293634,296715,215868,512583,1610063,2122646,1.013339735861651,1.0271568636243673,0.011507030576467514,1,5,4,1
28,10,4461,00:00:00.3240000,14,309,866,497043,504503,520377,1024880,3176676,4201556,1.0556450850328845,1.1206716249326958,0.04677291959524155,1,14,13,1
28,11,4993,00:00:00.6290000,25,524,1603,841856,861590,1188238,2049828,6063807,8113635,1.192264472783944,1.5184306226878235,0.1548273265361786,2,25,23,1.0434783
28,12,5534,00:00:01.1600000,36,950,2972,1448270,1497522,2598776,4096298,10850841,14947139,1.502929011855524,3.4114685633672774,0.36282700300216675,2,36,32,1.09375
28,13,6053,00:00:02.0190000,45,1651,5331,2522963,2632998,5565867,8198865,18313149,26512014,1.879157561961868,9.140901161249964,0.5547639727592468,2,45,35,1.2571429
28,14,6580,00:00:03.5720000,54,2774,9335,4364105,4570169,11827053,16397222,30616771,47013993,2.2052159606608916,11.008287652795751,0.6137644052505493,3,54,40,1.325
28,15,7146,00:00:06.6730000,55,4888,16896,7433504,7849000,24935691,32784691,51955056,84739747,2.512358640016875,9.320486446475515,0.6135345101356506,3,55,38,1.4210526
28,16,7769,00:00:20.1570000,59,8517,30932,12602653,13414730,52138320,65553050,89736280,155289330,2.822873009357633,7.748014919549124,0.5529515743255615,3,59,42,1.3809524
28,17,8459,00:00:52.0200000,55,15229,57787,21179629,23013826,108184193,131198019,156866548,288064567,3.1722625075255095,8.100458298529672,0.456034392118454,3,56,42,1.3095238
28,18,9215,00:01:56.0800000,56,26643,107196,35702159,39537412,222769048,262306460,273975743,536282203,3.5435514698144726,8.36886050356602,0.4712609350681305,3,57,40,1.4
28,19,10049,00:04:06.4810000,61,47094,200831,60183031,67728217,456816416,524544633,478846718,1003391351,3.922449053787271,7.858445885732203,0.4423424005508423,4,62,45,1.3555555
28,20,10969,00:08:31.6340000,61,82428,377462,103869399,118306153,930450879,1048757032,838885885,1887642917,4.533517874691852,9.658873131401341,0.3031901717185974,4,62,45,1.3555555
2,0,4199,00:00:00.0850000,3,3,4,1001,1001,0,1001,4464,5465,1.0159840159840159,1.0325382847369589,0,1,3,2,1
2,1,4534,00:00:00.1080000,2,3,5,2001,2002,0,2002,9212,11214,1.0204897551224388,1.0418184298056579,0,1,2,1,1
2,2,4878,00:00:00.1300000,2,3,7,4007,4009,0,4009,18849,22858,1.0531569752932368,1.111929758445756,0,1,2,1,1
2,3,5209,00:00:00.1360000,2,6,11,7998,8004,3,8007,37883,45890,1.0948987246811703,1.2074172176616496,0,1,2,1,1
2,4,5512,00:00:00.1420000,2,8,21,15585,15603,416,16019,71399,87418,1.1483477702919473,1.338117482095818,0,1,2,1,1
2,5,5829,00:00:00.1500000,2,10,29,29384,29438,2608,32046,138482,170528,1.2317928124149198,1.5531080736558174,0,1,2,1,1
2,6,6154,00:00:00.1600000,2,28,63,53883,54089,10019,64108,263323,327431,1.3475678785516767,1.8299228106296572,0,1,2,1,1
2,7,6481,00:00:00.1770000,6,51,125,97028,97389,30625,128014,484729,612743,1.4955992084759038,2.028055992185514,0.014330155216157436,2,6,4,1.25
2,8,6832,00:00:00.2080000,9,91,232,171567,172284,84197,256481,894739,1151220,1.6588679641189739,1.9770384181484337,0.02175571210682392,2,9,7,1.1428572
2,9,7199,00:00:00.2630000,10,143,403,299094,301481,211266,512747,1618959,2131706,1.8376062375039286,1.8173274041998861,0.030070921406149864,2,10,8,1.125
2,10,7588,00:00:00.3680000,13,296,766,518701,524149,501494,1025643,2899099,3924742,2.058160674454069,1.9508367758450795,0.04793921858072281,2,13,11,1.0909091
2,11,7986,00:00:00.5730000,18,512,1398,902536,914008,1135166,2049174,5054699,7103873,2.343966334860881,2.7617265592379243,0.09302348643541336,3,18,14,1.2142857
2,12,8392,00:00:00.9350000,19,905,2544,1564281,1591875,2504828,4096703,8652457,12749160,2.6563980512452687,3.8819624943171167,0.14685788750648499,3,19,15,1.2
2,13,8819,00:00:01.5860000,20,1602,4660,2693812,2759825,5439350,8199175,14821573,23020748,2.933141214011965,3.8810869340217637,0.37801164388656616,4,20,15,1.2666667
2,14,9285,00:00:02.8010000,23,2780,8491,4588635,4733304,11657093,16390397,25725707,42116104,3.192436312759677,3.9581318987713052,0.3535376489162445,3,23,18,1.2222222
2,15,9800,00:00:05.2450000,27,4842,15614,7805562,8122166,24668192,32790358,45151215,77941573,3.5157189194064435,4.31084967853785,0.28528061509132385,4,27,19,1.3684211
2,16,10363,00:00:10.0850000,33,8525,29182,13325096,14024290,51566611,65590901,79290460,144881361,3.939225128284254,3.7994210984753853,0.2154538780450821,4,33,25,1.28
2,17,10976,00:00:22.3160000,38,15136,54315,22836672,24257884,106827245,131085129,138881539,269966668,4.473052859891319,4.200000710021444,0.16897664964199066,5,39,29,1.3103448
2,18,11639,00:01:05.8480000,41,26671,101101,39364399,42112946,220160193,262273139,240853075,503126214,5.105711635531384,5.224031507880027,0.13342773914337158,5,42,33,1.2424242
2,19,12368,00:02:42.6730000,35,46906,189332,67299250,72834163,451827780,524661943,420145164,944807107,5.713171201759306,4.401351398528315,0.1280634105205536,6,36,26,1.3461539
2,20,13183,00:06:11.0590000,37,82452,358235,114958698,125172075,923738684,1048910759,740055060,1788965819,6.289843079120468,4.053056851386811,0.13157062232494354,5,38,30,1.2333333
29,0,3544,00:00:00.2010000,1,1,2,1001,1001,0,1001,6051,7052,1,1,0,0,1,1,0
29,1,3843,00:00:00.2320000,2,3,6,2004,2006,0,2006,10361,12367,1.003493013972056,1.0070104236261184,0,1,2,1,1
29,2,4173,00:00:00.2910000,3,5,10,4000,4003,0,4003,19802,23805,1.0135,1.0274128661238997,0,1,3,2,1
29,3,4528,00:00:00.3310000,3,5,16,8004,8010,10,8020,39975,47995,1.030359820089955,1.0630380207168848,0.027107898145914078,1,3,2,1
29,4,4837,00:00:00.3490000,3,9,22,15570,15579,437,16016,74715,90731,1.0636480411046885,1.1378471779029884,0.06192946434020996,1,3,2,1
29,5,5148,00:00:00.3710000,3,18,43,29496,29536,2499,32035,139757,171792,1.136832112828858,1.3219843736397014,0.11465997248888016,1,3,2,1
29,6,5455,00:00:00.4000000,3,26,69,54346,54513,9637,64150,256451,320601,1.2928274390019505,1.771168173669317,0.17475084960460663,1,3,2,1
29,7,5731,00:00:00.4360000,3,39,107,98704,99180,29042,128222,442372,570594,1.4937388555681634,2.157165943270021,0.20120470225811005,1,3,2,1
29,8,5996,00:00:00.4870000,4,74,188,177238,178223,78492,256715,750858,1007573,1.6871099877001545,1.9061950599389297,0.1309690773487091,1,4,3,1
29,9,6267,00:00:00.5710000,4,127,318,312576,315230,197315,512545,1285425,1797970,1.8276387182637182,1.4877640050472187,0.11329323053359985,1,4,3,1
29,10,6563,00:00:00.7420000,6,219,576,543680,548839,475883,1024722,2259994,3284716,1.9189927898763979,1.2333400391510854,0.08537103980779648,2,6,4,1.25
29,11,6903,00:00:01.0200000,8,467,1187,927190,937597,1113823,2051420,4112689,6164109,1.9733625254802145,1.1096381028170665,0.05829142406582832,2,8,6,1.1666666
29,12,7305,00:00:01.4250000,10,893,2355,1555222,1580880,2519123,4100003,7695617,11795620,2.0032181900718995,1.0711445788896137,0.03541254252195358,2,10,8,1.125
29,13,7790,00:00:02.3340000,15,1624,4642,2566838,2634565,5563258,8197823,14725423,22923246,2.0410088209696133,1.112178039082314,0.02534770593047142,2,15,13,1.0769231
29,14,8368,00:00:04.5420000,23,2838,8992,4191707,4398254,12002693,16400947,28275686,44676633,2.1443476368935137,1.3534339932370423,0.028020089492201805,3,24,20,1.15
29,15,9016,00:00:12.8350000,38,4967,17134,6926589,7521163,25272366,32793529,52699352,85492881,2.478657965702888,2.6035844558345898,0.08612455427646637,4,39,32,1.1875
29,16,9671,00:00:30.8410000,55,8765,31620,12166382,13405890,52140067,65545957,92204645,157750602,3.2167138924291545,7.42418557879444,0.20491835474967957,5,56,45,1.2222222
29,17,10314,00:01:02.7370000,50,15296,56984,22123369,24071577,107134783,131206360,154564422,285770782,4.092147493449121,5.333473177650384,0.2102108746767044,5,51,40,1.25
29,18,10979,00:02:01.4020000,35,26403,103214,38991035,42023113,220182607,262205720,256875297,519081017,4.754628185684222,3.30854266168103,0.18715034425258636,5,36,25,1.4
29,19,11714,00:03:57.7480000,29,46550,192129,67316004,72489915,452114112,524604027,437668846,962272873,5.2974081616609325,3.7970027880191632,0.15081052482128143,5,30,20,1.45
29,20,12539,00:07:57.5120000,30,82247,361553,113512537,123980178,924936637,1048916815,761598399,1810515214,5.742954058017398,3.356929880462271,0.22008784115314484,4,31,23,1.3043479
30,0,2137,00:00:00.0880000,1,1,3,1004,1004,0,1004,3530,4534,1,1,0,0,1,1,0
30,1,2339,00:00:00.1030000,1,2,4,2002,2003,0,2003,6554,8557,1,1,0,0,1,1,0
30,2,2552,00:00:00.1320000,1,2,6,4000,4001,0,4001,12839,16840,1,1,0,0,1,1,0
30,3,2751,00:00:00.1380000,1,4,9,7996,8001,4,8005,24182,32187,1,1,0,0,1,1,0
30,4,2956,00:00:00.1440000,1,10,17,15678,15706,369,16075,47369,63444,1,1,0,0,1,1,0
30,5,3173,00:00:00.1530000,1,17,32,29662,29815,2278,32093,93403,125496,1,1,0,0,1,1,0
30,6,3417,00:00:00.1650000,4,21,48,54705,54922,9104,64026,187762,251788,1.0050269628004753,1.0101208685380925,0.0034847354982048273,1,4,3,1
30,7,3687,00:00:00.1980000,8,48,96,98581,98902,29161,128063,370776,498839,1.0160274292206408,1.0327829287083223,0.014150251634418964,1,8,7,1
30,8,3996,00:00:00.2330000,9,80,193,173698,174394,81965,256359,731720,988079,1.0383251390344161,1.0808076699693954,0.03031051531434059,1,9,8,1
30,9,4345,00:00:00.3020000,9,147,388,300113,302592,209730,512322,1421701,1934023,1.1041940868939366,1.239606871383475,0.07067802548408508,1,9,8,1
30,10,4721,00:00:00.4730000,14,277,724,522454,527121,498591,1025712,2656938,3682650,1.2734824501295807,1.7599022783706542,0.1397213190793991,2,14,11,1.1818181
30,11,5099,00:00:00.6820000,13,488,1308,912971,925522,1124318,2049840,4701930,6751770,1.541988737867906,2.626374423556347,0.22902514040470123,2,13,10,1.2
30,12,5476,00:00:01.0700000,15,851,2351,1598313,1623517,2477883,4101400,8042893,12144293,1.8023678716246443,2.3459268519582466,0.2683996260166168,2,15,12,1.1666666
30,13,5882,00:00:01.7870000,16,1551,4350,2739132,2793256,5410844,8204100,13916843,22120943,1.9728340948884537,1.8055164763239047,0.2719653844833374,2,16,13,1.1538461
30,14,6347,00:00:03.3450000,20,2755,8233,4599400,4711806,11688642,16400448,24821840,41222288,2.0966710875331565,1.6681608995881936,0.2441595196723938,3,20,16,1.1875
30,15,6891,00:00:07.3890000,25,4794,15590,7619351,7909583,24883929,32793512,45387976,78181488,2.246643316471442,1.9847207319855293,0.24397863447666168,3,25,20,1.2
30,16,7509,00:00:21.9040000,32,8524,29615,12694783,13483629,52071724,65555353,82854306,148409659,2.5451683577419164,3.534174899538453,0.2513027787208557,4,33,26,1.2307693
30,17,8163,00:00:52.8950000,36,15167,55521,22097175,23929679,107203572,131133251,146260741,277393992,3.171774355771722,6.3347164636001585,0.3126600384712219,4,37,28,1.2857143
30,18,8791,00:01:47.6300000,29,26612,100959,41273954,44283060,217875821,262158881,242444136,504603017,4.22488833999282,3.7022513562874666,0.25921452045440674,4,30,23,1.2608696
30,19,9427,00:03:27.2770000,22,46886,184708,74740809,78685082,445671568,524356650,398819258,923175908,4.932109083807214,2.006652490954618,0.1309804618358612,4,23,17,1.2941177
30,20,10153,00:06:55.9880000,18,81762,346211,125737082,132397582,916581560,1048979142,684542761,1733521903,5.257770925525375,2.0028406754272714,0.09806166589260101,4,19,13,1.3846154
31,0,1762,00:00:00.0270000,1,1,2,1006,1006,0,1006,2467,3473,1,1,0,0,1,1,0
31,1,1982,00:00:00.0360000,1,1,3,2010,2010,0,2010,5704,7714,1,1,0,0,1,1,0
31,2,2189,00:00:00.0550000,1,1,3,4012,4012,0,4012,11755,15767,1,1,0,0,1,1,0
31,3,2417,00:00:00.0570000,1,3,5,8016,8018,9,8027,25099,33126,1,1,0,0,1,1,0
31,4,2630,00:00:00.0600000,1,7,12,15599,15621,382,16003,49175,65178,1,1,0,0,1,1,0
31,5,2862,00:00:00.0640000,2,15,27,29675,29713,2294,32007,97887,129894,1.001112047177759,1.0022265609845584,0,1,2,1,1
31,6,3125,00:00:00.0720000,3,25,55,54542,54652,9386,64038,199156,263194,1.003923581826849,1.0078850979667544,0,1,3,2,1
31,7,3413,00:00:00.0940000,3,45,106,98028,98432,29653,128085,394563,522648,1.007936507936508,1.0160230386887057,0.00618494488298893,1,3,2,1
31,8,3748,00:00:00.1190000,7,77,197,171652,172611,83623,256234,787119,1043353,1.0239670962179293,1.0494820105985037,0.017709432169795036,1,7,6,1
31,9,4133,00:00:00.1730000,8,151,411,295724,298639,213816,512455,1548483,2060938,1.0637452489483437,1.1292634945651785,0.041686784476041794,2,8,6,1.1666666
31,10,4567,00:00:00.3010000,13,304,827,506997,513632,511426,1025058,2976964,4002022,1.1997289924792454,1.4350956067997438,0.10162496566772461,2,13,11,1.0909091
31,11,5009,00:00:00.5360000,17,558,1527,883074,898344,1150790,2049134,5365075,7414209,1.5635507330076528,2.6115232347650625,0.20652706921100616,2,17,15,1.0666667
31,12,5420,00:00:00.9250000,19,890,2677,1566746,1602196,2499442,4101638,8992800,13094438,2.1011159434905213,3.8365532727259937,0.27952632308006287,3,19,16,1.125
31,13,5821,00:00:01.5340000,20,1562,4650,2747807,2819020,5373920,8192940,14772230,22965170,2.5425755884601795,2.3854456113352107,0.1704888492822647,3,20,17,1.117647
31,14,6256,00:00:02.6610000,21,2800,8389,4699191,4840288,11557765,16398053,24953518,41351571,2.81990602212168,1.642117312098893,0.13411450386047363,3,21,18,1.1111112
31,15,6755,00:00:05.0200000,24,4954,15499,7866851,8162392,24628720,32791112,43823141,76614253,3.0113350310054177,1.523683355587711,0.08644074201583862,4,24,20,1.15
31,16,7332,00:00:10.0100000,26,8575,29090,13036769,13810044,51796761,65606805,78877187,144483992,3.266825392089098,2.055120723591764,0.06731909513473511,4,27,23,1.1304348
31,17,7973,00:00:23.8380000,36,15218,54764,22147700,23829054,107371774,131200828,141257604,272458432,3.692807244093066,4.459606434073461,0.09271705150604248,4,37,31,1.1612903
31,18,8663,00:01:11.1850000,38,26397,101694,37756224,41274266,221028927,262303193,247527984,509831177,4.175688119659424,6.951097433358299,0.354420930147171,3,38,31,1.1935484
31,19,9429,00:02:55.4670000,46,47160,192631,64202284,70690952,453975654,524666606,435978969,960645575,4.600402798754013,6.518236824521483,0.38233137130737305,4,46,35,1.2857143
31,20,10303,00:06:43.3000000,50,82290,366533,105729293,119838708,929453812,1049292520,779181235,1828473755,4.972981773367198,6.577339755563471,0.4028902053833008,4,50,36,1.3611112
32,0,5682,00:00:00.0890000,2,2,4,1002,1002,0,1002,8674,9676,1.0159680638722555,1.0324458603063769,0,1,2,1,1
32,1,6190,00:00:00.1080000,3,3,5,2002,2002,0,2002,15976,17978,1.0484515484515484,1.1020536872643691,0.018379101529717445,1,3,2,1
32,2,6701,00:00:00.1500000,3,4,7,4008,4009,0,4009,30532,34541,1.2330339321357286,1.573541194603094,0.08466333150863647,1,3,2,1
32,3,7018,00:00:00.1560000,3,4,9,8014,8019,0,8019,48388,56407,1.4470925879710506,2.046050493090665,0.11652127653360367,1,3,2,1
32,4,7262,00:00:00.1610000,3,11,17,15638,15666,395,16061,75473,91534,1.6400434838214606,1.9492205404092773,0.13412512838840485,1,3,2,1
32,5,7484,00:00:00.1670000,4,12,24,29764,29807,2259,32066,122697,154763,1.7825561080499932,1.5958032137743698,0.1329515129327774,2,4,2,1.5
32,6,7705,00:00:00.1740000,4,23,40,55272,55369,8808,64177,207554,271731,1.8800296714430453,1.328307332176723,0.12260067462921143,2,4,2,1.5
32,7,7933,00:00:00.1960000,4,49,93,100123,100485,27775,128260,362324,490584,1.9362384267351158,1.1912062731101698,0.11048652976751328,2,4,2,1.5
32,8,8193,00:00:00.2220000,5,74,174,177284,178172,78455,256627,665944,922571,1.9763656054691907,1.1126839709583536,0.09568814188241959,2,5,3,1.3333334
32,9,8490,00:00:00.2700000,6,157,346,306598,309076,202953,512029,1254462,1766491,2.002759313498457,1.089065804346415,0.07770098000764847,2,6,4,1.25
32,10,8840,00:00:00.4000000,8,270,658,523797,530348,493839,1024187,2409093,3433280,2.0344847335895393,1.1145277256625805,0.05910823494195938,2,8,6,1.1666666
32,11,9249,00:00:00.6270000,15,508,1317,888658,903154,1147787,2050941,4635660,6686601,2.103582030432405,1.260735978642857,0.043221402913331985,2,15,13,1.0769231
32,12,9713,00:00:01.1030000,19,897,2581,1497272,1535772,2564606,4100378,8763759,12864137,2.2640061391650947,1.7822389915620716,0.049831707030534744,2,20,18,1.0555556
32,13,10205,00:00:01.9900000,27,1544,4688,2576662,2658428,5538090,8196518,15857816,24054334,2.541803309863692,3.1276773105141022,0.2570299804210663,2,27,24,1.0833334
32,14,10719,00:00:03.9280000,30,2718,8679,4426004,4606151,11792867,16399018,27863686,44262704,2.8071567490675564,3.140577792188582,0.3366680443286896,2,30,26,1.1153846
32,15,11279,00:00:10.2630000,33,4758,16141,7465168,7853012,24932270,32785282,48990343,81775625,2.994410038729202,2.3789026665240356,0.3459935486316681,2,33,29,1.1034483
32,16,11911,00:00:26.7790000,40,8393,30161,12474208,13327669,52247905,65575574,87328688,152904262,3.200650895030771,2.6023742289787215,0.314248651266098,2,40,36,1.0833334
32,17,12604,00:01:01.8820000,49,15127,56977,21184508,23052613,108052889,131105502,154673975,285779477,3.5539946927254578,4.541824938545415,0.29508236050605774,3,49,42,1.1428572
32,18,13348,00:02:12.3100000,56,26572,106515,36009075,39865389,222470223,262335612,269718773,532054385,3.893388069535249,4.878975879470689,0.3274257779121399,3,57,47,1.1914893
32,19,14176,00:04:37.0850000,68,46675,199828,60308280,67679933,456608926,524288859,473277420,997566279,4.1664609403551225,4.92567927389049,0.3388884365558624,3,69,58,1.1724138
32,20,15115,00:09:43.5490000,72,82319,378410,98606321,115959997,933111563,1049071560,841254351,1890325911,4.596722039756457,9.250065243881476,0.45534297823905945,4,73,56,1.2857143
33,0,1441,00:00:00.0470000,1,1,1,1002,1002,0,1002,2152,3154,1,1,0,0,1,1,0
33,1,1630,00:00:00.0620000,1,1,1,2002,2002,0,2002,4745,6747,1,1,0,0,1,1,0
33,2,1817,00:00:00.0900000,1,2,3,4005,4006,0,4006,10149,14155,1,1,0,0,1,1,0
33,3,1993,00:00:00.0950000,1,3,5,7987,7997,5,8002,20296,28298,1,1,0,0,1,1,0
33,4,2169,00:00:00.1000000,1,6,10,15723,15740,339,16079,39954,56033,1,1,0,0,1,1,0
33,5,2364,00:00:00.1060000,1,11,22,29824,29892,2133,32025,81255,113280,1,1,0,0,1,1,0
33,6,2568,00:00:00.1140000,3,14,38,55463,55534,8523,64057,159330,223387,1.0023799650217262,1.0047740846131965,0,1,3,2,1
33,7,2805,00:00:00.1430000,4,34,73,99901,100065,28172,128237,319950,448187,1.004734687340467,1.0095293267415544,0.004195223096758127,1,4,3,1
33,8,3080,00:00:00.1680000,5,74,153,175786,176249,79863,256112,641742,897854,1.0095172539337605,1.0192852930409733,0.008830107748508453,1,5,4,1
33,9,3408,00:00:00.2230000,5,140,325,303331,305190,207580,512770,1291321,1804091,1.0174199142191203,1.0356902407065507,0.01739361323416233,1,5,4,1
33,10,3794,00:00:00.3730000,8,275,679,517285,521870,503727,1025597,2566103,3591700,1.0442889316334323,1.0943387229069375,0.03806838393211365,1,8,7,1
33,11,4245,00:00:00.6320000,11,479,1312,867256,883486,1165045,2048531,5021074,7069605,1.1124396948536535,1.2651471953056501,0.08684542030096054,1,11,10,1
33,12,4752,00:00:01.1840000,25,867,2597,1472142,1507556,2591532,4099088,9523175,13622263,1.294982413381318,1.9320749881912962,0.1872916966676712,2,25,23,1.0434783
33,13,5284,00:00:02.2120000,34,1621,4992,2520065,2604140,5592297,8196437,17186952,25383389,1.5972806256981467,3.8949756032220835,0.3389756381511688,2,34,31,1.0645162
33,14,5835,00:00:04.2840000,39,2879,9182,4301398,4504955,11896263,16401218,30055725,46456943,1.8992181146687659,4.921940350041099,0.4158210754394531,2,39,36,1.0555556
33,15,6424,00:00:10.9020000,48,4993,17120,7325019,7755247,25047539,32802786,52259974,85062760,2.201790329827131,4.9769877300757,0.39805567264556885,3,48,39,1.2051282
33,16,7055,00:00:27.4510000,52,8632,31129,12531576,13433276,52118786,65552062,90467257,156019319,2.5994064912505817,5.34748062000482,0.3592565357685089,3,52,41,1.2439024
33,17,7716,00:01:00.4230000,47,15164,56834,21866891,23668324,107407330,131075654,154615811,285691465,3.1263414629907835,5.389680517375238,0.39296019077301025,3,48,36,1.3055556
33,18,8396,00:02:01.3690000,36,26392,103750,38917972,41904638,220412728,262317366,259201523,521518889,3.635395981064995,3.8892276507413017,0.45059099793434143,4,37,26,1.3846154
33,19,9133,00:04:00.3840000,26,46419,192281,66834818,72057253,452336783,524394036,440572984,964967020,3.9507468547307183,2.147838392529925,0.5482658743858337,3,27,19,1.3684211
33,20,9987,00:08:14.4630000,28,81188,363766,109712360,120592267,928060078,1048652345,776243182,1824895527,4.151178682146661,1.9150749106270257,0.3192538917064667,3,29,24,1.1666666
34,0,1209,00:00:00.0700000,1,1,2,1002,1002,0,1002,2470,3472,1,1,0,0,1,1,0
34,1,1442,00:00:00.0960000,1,1,2,2010,2010,0,2010,5794,7804,1,1,0,0,1,1,0
34,2,1648,00:00:00.1420000,1,4,5,3995,4004,0,4004,11789,15793,1,1,0,0,1,1,0
34,3,1863,00:00:00.1530000,3,5,7,8002,8009,7,8016,24430,32446,1.0031242189452636,1.0062729294282295,0,1,3,2,1
34,4,2082,00:00:00.1860000,3,9,15,15643,15653,373,16026,49016,65042,1.0037716550533784,1.0075787454091139,0,1,3,2,1
34,5,2311,00:00:00.2020000,3,21,35,29650,29710,2302,32012,97685,129697,1.0048566610455312,1.0097724864944588,0,1,3,2,1
34,6,2562,00:00:00.2260000,4,27,59,54662,54871,9263,64134,194414,258548,1.0090922395814277,1.0184028785521153,0.007478827144950628,1,4,3,1
34,7,2842,00:00:00.2660000,8,50,116,98539,98832,29439,128271,384258,512529,1.0185002892255859,1.03797492091677,0.016051216050982475,1,8,7,1
34,8,3169,00:00:00.3440000,8,100,231,172205,173165,83175,256340,766978,1023318,1.035962951133823,1.0757317841856882,0.03383167088031769,1,8,7,1
34,9,3548,00:00:00.5620000,9,170,446,296555,299624,212918,512542,1515851,2028393,1.0800222555681072,1.1760734621367497,0.07531866431236267,2,9,7,1.1428572
34,10,3970,00:00:00.8210000,13,297,842,507972,515821,508506,1024327,2904016,3928343,1.2039010024174561,1.5416988544514696,0.15698891878128052,2,13,11,1.0909091
34,11,4399,00:00:01.1020000,18,541,1508,885872,902465,1145681,2048146,5222391,7270537,1.457876532952842,2.739988473904958,0.2774052917957306,2,18,15,1.1333333
34,12,4813,00:00:01.5810000,20,910,2639,1554588,1590673,2506007,4096680,8882365,12979045,1.743656840268933,3.3741968427705356,0.3552228808403015,2,20,17,1.117647
34,13,5236,00:00:02.3580000,20,1546,4617,2696235,2768483,5427643,8196126,14991160,23187286,1.9422765448857389,2.3235331535699464,0.3638986647129059,3,20,16,1.1875
34,14,5705,00:00:03.9790000,23,2738,8348,4578949,4711399,11687957,16399356,25980701,42380057,2.0667043900248725,1.8729774398082755,0.29754528403282166,3,23,18,1.2222222
34,15,6245,00:00:08.9630000,23,4740,15662,7590901,7928210,24849679,32777889,46387805,79165694,2.2169928181121055,2.0260542984806165,0.23225735127925873,3,23,18,1.2222222
34,16,6855,00:00:23.6020000,29,8455,29667,12736219,13560926,51992640,65553566,83360983,148914549,2.580575600969173,3.5195034835627266,0.19710883498191833,3,30,25,1.16
34,17,7506,00:00:54.6720000,36,15041,55502,22101353,23777871,107333058,131110929,146573019,277683948,3.183374565349008,4.663778316393161,0.171405628323555,4,37,29,1.2413793
34,18,8199,00:01:56.0280000,38,26633,103557,37932592,41056786,221175851,262232637,253349320,515581957,3.6711547420751,2.3501830128375087,0.13905388116836548,4,39,30,1.2666667
34,19,8989,00:04:05.0480000,42,46250,194907,62781906,69030269,455347776,524378045,447889583,972267628,3.956014508383992,1.8315575075218338,0.1820058971643448,3,42,33,1.2424242
34,20,9915,00:08:46.9640000,62,82141,372259,101196638,115841610,933344003,1049185613,811437746,1860623359,4.244047534464534,2.726263063739522,0.21165680885314941,4,63,51,1.2156863
35,0,3161,00:00:00.0420000,1,1,2,1001,1001,0,1001,6189,7190,1,1,0,0,1,1,0
35,1,3535,00:00:00.0530000,1,1,2,2002,2002,0,2002,11481,13483,1,1,0,0,1,1,0
35,2,3978,00:00:00.0760000,1,3,5,4003,4006,0,4006,24243,28249,1,1,0,0,1,1,0
35,3,4396,00:00:00.0810000,1,4,8,7995,8005,8,8013,48061,56074,1,1,0,0,1,1,0
35,4,4818,00:00:00.0880000,1,8,20,15475,15516,501,16017,95248,111265,1,1,0,0,1,1,0
35,5,5285,00:00:00.0990000,6,19,45,29093,29135,2903,32038,194574,226612,1.0169112845014265,1.0346281816778402,0.0152990547940135,1,6,5,1
35,6,5763,00:00:00.1280000,7,29,91,53044,53202,10837,64039,377800,441839,1.0663222984691954,1.1459912594643644,0.0627947598695755,1,7,6,1
35,7,6226,00:00:00.1560000,9,48,162,94869,95514,32683,128197,688519,816716,1.2093623839188776,1.5746263383361085,0.16403070092201233,1,9,8,1
35,8,6627,00:00:00.1980000,13,103,285,169879,171243,85135,256378,1150991,1407369,1.4722478940893224,2.9218793688071756,0.28606513142585754,1,13,12,1
35,9,6975,00:00:00.2610000,14,185,477,302333,305718,207354,513072,1833638,2346710,1.7230007971342858,3.8445060298527998,0.4065113961696625,2,14,12,1.0833334
35,10,7313,00:00:00.3590000,16,320,830,530401,537210,487471,1024681,2943342,3968023,1.88711371207822,3.0401008224028105,0.4216162860393524,2,16,13,1.1538461
35,11,7676,00:00:00.5700000,18,534,1460,911497,926565,1121534,2048099,4913132,6961231,1.9853548612886274,2.3516072895046185,0.4080539643764496,2,18,14,1.2142857
35,12,8093,00:00:00.9620000,19,932,2668,1531663,1570485,2530944,4101429,8627343,12728772,2.0593537873540066,2.072807004375504,0.3832175135612488,2,19,14,1.2857143
35,13,8574,00:00:01.7180000,27,1551,4814,2566802,2650697,5551219,8201916,15594832,23796748,2.1725828482290415,2.2266706501304907,0.35519781708717346,2,27,22,1.1818181
35,14,9121,00:00:03.2530000,34,2787,8997,4270810,4491752,11897447,16389199,28395020,44784219,2.379220803547805,3.2157434584995874,0.32628339529037476,3,35,29,1.1724138
35,15,9722,00:00:08.0060000,54,4980,16891,7238352,7696412,25091402,32787814,51042743,83830557,2.720266850796977,6.610372782716066,0.3936071991920471,3,55,41,1.3170732
35,16,10365,00:00:23.7110000,62,8753,31295,12320299,13344559,52221772,65566331,89965156,155531487,3.148903447878984,12.905221637902185,0.43739262223243713,4,63,48,1.2916666
35,17,11041,00:00:55.4790000,66,15273,57586,21476825,23394654,107737311,131131965,155606495,286738460,3.6487365334494273,17.87119555529746,0.42788416147232056,4,67,49,1.3469387
35,18,11756,00:01:56.3950000,58,26676,105714,37209510,40577079,221621155,262198234,265895833,528094067,4.077946498086107,12.96651230200601,0.40561673045158386,5,59,39,1.4871795
35,19,12551,00:04:00.9650000,45,46659,197014,62558671,69354666,455137826,524492492,461379878,985872370,4.46927071069013,10.143952914565686,0.40490034222602844,4,46,33,1.3636364
35,20,13431,00:08:13.7450000,50,82463,370828,108648655,121136413,927573554,1048709967,805943794,1854653761,5.122159514998137,6.525647661117497,0.28068283200263977,5,51,39,1.2820513
36,0,4567,00:00:00.2010000,1,1,2,1008,1008,0,1008,7081,8089,1,1,0,0,1,1,0
36,1,4931,00:00:00.2330000,1,1,2,2007,2007,0,2007,12503,14510,1,1,0,0,1,1,0
36,2,5412,00:00:00.2910000,1,3,7,4014,4016,0,4016,26526,30542,1,1,0,0,1,1,0
36,3,5886,00:00:00.3120000,1,2,12,8013,8014,8,8022,54010,62032,1,1,0,0,1,1,0
36,4,6360,00:00:00.3360000,1,5,21,15482,15493,529,16022,107325,123347,1,1,0,0,1,1,0
36,5,6888,00:00:00.3750000,1,13,43,28922,28989,3022,32011,219834,251845,1,1,0,0,1,1,0
36,6,7463,00:00:00.4330000,4,21,87,52551,52694,11361,64055,441495,505550,1.0045099046640407,1.009073007489033,0.0038740860763937235,1,4,3,1
36,7,8074,00:00:00.5520000,7,49,159,92861,93411,34625,128036,854453,982489,1.0262112189185988,1.0543507749564156,0.021497899666428566,1,7,6,1
36,8,8718,00:00:00.7180000,11,107,335,161647,163621,92440,256061,1600166,1856227,1.1614258229351613,1.4107286335448408,0.12513215839862823,1,11,10,1
36,9,9241,00:00:00.8980000,22,207,603,288081,292532,220014,512546,2618498,3131044,1.4984500886903336,3.2925518605259425,0.319477915763855,2,22,19,1.1052631
36,10,9657,00:00:01.1150000,27,312,949,512844,521553,502978,1024531,3976824,5001355,1.795974994345259,6.077316757810044,0.4863336384296417,2,27,21,1.2380953
36,11,10064,00:00:01.4120000,28,575,1598,890002,907238,1140895,2048133,6184101,8232234,1.986831490266314,6.627672656793153,0.5711984634399414,2,28,22,1.2272727
36,12,10500,00:00:01.9690000,30,962,2795,1524797,1561079,2536673,4097752,10056057,14153809,2.155176066059941,7.403976287889122,0.5907686352729797,2,30,24,1.2083334
36,13,10971,00:00:02.9650000,28,1638,5034,2594462,2685855,5516645,8202500,16857022,25059522,2.388437757037875,8.08250664759434,0.5352704524993896,3,28,21,1.2857143
36,14,11473,00:00:05.1040000,28,2774,8958,4432712,4633515,11757390,16390905,28593266,44984171,2.6784652375340423,5.530930466776758,0.46002843976020813,3,29,21,1.3333334
36,15,12018,00:00:12.3650000,31,4879,16292,7543137,7953304,24844733,32798037,49147991,81946028,2.937783444739238,3.785700155980485,0.41233229637145996,4,32,20,1.55
36,16,12626,00:00:28.5700000,34,8597,30177,12625142,13535826,52036923,65572749,86049446,151622195,3.202089291352129,3.990337677804859,0.36425378918647766,4,35,24,1.4166666
36,17,13295,00:01:01.2230000,40,15065,56216,21452898,23394642,107705012,131099654,151081196,282180850,3.633351027912406,6.328069492226867,0.37282904982566833,4,41,31,1.2903225
36,18,14003,00:02:04.0060000,47,26819,104271,37564182,41019950,221220305,262240255,260139109,522379364,4.207662421612162,5.6583111839371965,0.3704761862754822,4,48,38,1.2368422
36,19,14769,00:04:07.8210000,38,46494,194231,64543858,70824131,453743422,524567553,448474796,973042349,4.6892915356872535,3.0170261923725374,0.47247427701950073,4,39,28,1.3571428
36,20,15643,00:08:22.9960000,41,81755,367814,106876027,119447156,929573327,1049020483,791825967,1840846450,5.013051682768859,2.483124025620027,0.374722957611084,4,42,30,1.3666667
37,0,10699,00:00:00.1160000,2,2,5,1002,1002,0,1002,12507,13509,1.0528942115768463,1.1113492751860985,0,1,2,1,1
37,1,11262,00:00:00.1310000,2,2,7,2003,2003,0,2003,20468,22471,1.1218172740888668,1.2721928970530254,0,1,2,1,1
37,2,11759,00:00:00.1550000,2,4,11,4013,4018,0,4018,34203,38221,1.277348616994767,1.6690388107672693,0,1,2,1,1
37,3,12168,00:00:00.1620000,5,7,18,8010,8016,0,8016,57692,65708,1.447191011235955,1.9978305892076362,0.01692040264606476,2,5,3,1.3333334
37,4,12534,00:00:00.1790000,6,14,34,15504,15523,494,16017,98715,114732,1.618421052631579,2.005542553843976,0.024029338732361794,2,6,4,1.25
37,5,12898,00:00:00.1910000,6,17,52,29267,29360,2692,32052,175936,207988,1.777462671267981,1.7505716092025534,0.03229986131191254,2,6,4,1.25
37,6,13233,00:00:00.2030000,6,33,83,53766,54037,10074,64111,305037,369148,1.9069858274746123,1.5461668060707878,0.05081537365913391,2,6,4,1.25
37,7,13582,00:00:00.2230000,9,56,150,96386,96937,31132,128069,541673,669742,2.014971053887494,1.5075646576096173,0.07432258129119873,2,9,7,1.1428572
37,8,13960,00:00:00.2570000,11,97,251,169279,170783,85345,256128,982367,1238495,2.1318946827426912,1.6396916576795486,0.08336005359888077,2,11,9,1.1111112
37,9,14373,00:00:00.3240000,18,175,456,294032,296867,215235,512102,1797071,2309173,2.276129809000381,2.0186338976243077,0.1031225398182869,3,18,14,1.2142857
37,10,14818,00:00:00.4720000,24,290,848,504404,511092,513123,1024215,3259939,4284154,2.45318236968779,2.645793130673269,0.14053967595100403,3,24,19,1.2105263
37,11,15300,00:00:00.7230000,30,523,1561,857900,875607,1172552,2048159,5877814,7925973,2.6405082177409955,3.2614834603135066,0.19823448359966278,3,30,23,1.2608696
37,12,15824,00:00:01.2330000,37,959,2972,1445699,1497008,2603142,4100150,10534305,14634455,2.825112281325504,3.779268950855209,0.25810083746910095,3,38,30,1.2333333
37,13,16384,00:00:02.1700000,59,1663,5439,2458181,2561243,5633633,8194876,18610629,26805505,3.0605268692582035,5.6273905976259915,0.2958536148071289,4,60,49,1.2040817
37,14,16964,00:00:04.0360000,66,2936,9856,4212026,4458861,11937307,16396168,32128273,48524441,3.4001701319032693,9.41125169817111,0.3069213628768921,4,67,54,1.2222222
37,15,17557,00:00:10.1960000,68,5076,17627,7221986,7748458,25021452,32769910,54444847,87214757,3.7554298775987656,7.118029349419847,0.3149808645248413,4,69,51,1.3333334
37,16,18199,00:00:27.1840000,71,8884,31976,12200611,13268639,52310761,65579400,93374468,158953868,4.043295126776847,5.988392215734938,0.4323461949825287,3,72,54,1.3148148
37,17,18909,00:01:01.3960000,76,15185,58591,20520895,22722002,108384854,131106856,162428562,293535418,4.3772075243306885,7.716138783630675,0.4131868779659271,4,77,60,1.2666667
37,18,19683,00:02:07.8800000,81,26516,108840,35174321,39210577,223030079,262240656,282503111,544743767,4.789218106015465,5.963401523549756,0.41090449690818787,3,82,67,1.2089552
37,19,20528,00:04:20.8260000,72,46630,202998,59250374,67384204,457253483,524637687,490008568,1014646255,5.171099882002433,4.821472615153891,0.41777652502059937,4,73,55,1.3090909
37,20,21464,00:08:52.8310000,72,82543,380637,100107301,116365424,932682990,1049048414,856723558,1905771972,5.652160065727873,5.167063349732563,0.48830997943878174,4,73,54,1.3333334
38,0,1494,00:00:00.0250000,1,1,1,1001,1001,0,1001,3017,4018,1,1,0,0,1,1,0
38,1,1715,00:00:00.0350000,1,1,2,2013,2013,0,2013,6333,8346,1,1,0,0,1,1,0
38,2,1917,00:00:00.0550000,1,1,3,4017,4017,0,4017,12025,16042,1,1,0,0,1,1,0
38,3,2134,00:00:00.0580000,2,5,9,7993,8002,9,8011,24717,32728,1.0022519704741648,1.0045141081815516,0,1,2,1,1
38,4,2342,00:00:00.0620000,3,8,14,15647,15660,362,16022,47944,63966,1.0034511407937623,1.0069321958268718,0,1,3,2,1
38,5,2571,00:00:00.0770000,3,15,29,29614,29689,2330,32019,96782,128801,1.0114135206321335,1.0231555603494649,0.008864752016961575,1,3,2,1
38,6,2820,00:00:00.0840000,4,19,47,54714,54821,9244,64065,193178,257243,1.0301568154402896,1.0626671751651506,0.0229585412889719,1,4,3,1
38,7,3096,00:00:00.0960000,5,50,100,98606,98894,29430,128324,381048,509372,1.0680688801898464,1.1481356004787147,0.04022255912423134,1,5,4,1
38,8,3394,00:00:00.1200000,6,86,198,174162,174989,81215,256204,729666,985870,1.1658570755962838,1.4021638383971105,0.07290402799844742,1,6,5,1
38,9,3700,00:00:00.1630000,8,175,402,307897,309813,202910,512723,1331712,1844435,1.3381552921918693,1.911601802473997,0.10352104902267456,2,8,6,1.1666666
38,10,4006,00:00:00.2430000,8,288,703,544849,549093,477191,1026284,2333669,3359953,1.5747610805929717,2.2311344392294044,0.13257400691509247,2,8,6,1.1666666
38,11,4317,00:00:00.3930000,8,477,1230,953183,962955,1089003,2051958,4020179,6072137,1.7778286016431262,1.7671801546800998,0.13787585496902466,2,8,6,1.1666666
38,12,4657,00:00:00.6850000,9,826,2230,1639250,1659870,2440773,4100643,7046440,11147083,1.9118401708098216,1.3684682428849393,0.13316325843334198,2,9,6,1.3333334
38,13,5049,00:00:01.2570000,9,1507,4216,2757194,2808285,5385949,8194234,12725774,20920008,1.9885379846322022,1.1998851946726274,0.13313913345336914,2,9,6,1.3333334
38,14,5516,00:00:02.4310000,13,2634,8037,4559970,4692037,11694120,16386157,23681440,40067597,2.0508080097018184,1.1961152331540124,0.12407944351434708,3,13,9,1.3333334
38,15,6070,00:00:06.8090000,23,4885,15690,7520537,7852261,24931369,32783630,44621344,77404974,2.177365126984948,1.4729219967119798,0.1614455133676529,3,23,19,1.1578947
38,16,6699,00:00:21.1600000,35,8523,29748,12538157,13417935,52182450,65600385,82749947,148350332,2.47662140456528,2.6229431981808737,0.28888440132141113,3,36,30,1.1666666
38,17,7376,00:00:51.7830000,44,14976,55997,21251043,23248555,107828627,131077182,148550799,279627981,2.878851169799054,3.3129258498387815,0.2728041410446167,3,45,38,1.1578947
38,18,8118,00:01:54.5140000,60,26737,105336,35914372,39702196,222457926,262160122,263342699,525502821,3.2188303891266705,3.204197392460254,0.2980108857154846,3,61,51,1.1764706
38,19,8954,00:04:06.4610000,66,46780,198564,59083381,67520318,457129641,524649959,468810270,993460229,3.58964552147075,5.32734840327711,0.3102460503578186,4,67,54,1.2222222
38,20,9897,00:08:40.4930000,70,82094,376844,96663070,115259810,933513544,1048773354,838495833,1887269187,4.050026695820855,9.32672406375347,0.4048514664173126,3,71,58,1.2068965
3,0,2119,00:00:00.0630000,1,1,1,1004,1004,0,1004,3060,4064,1,1,0,0,1,1,0
3,1,2334,00:00:00.0790000,1,1,2,2005,2005,0,2005,6161,8166,1,1,0,0,1,1,0
3,2,2544,00:00:00.1100000,1,1,2,4004,4004,0,4004,12172,16176,1,1,0,0,1,1,0
3,3,2753,00:00:00.1150000,1,3,5,8002,8004,7,8011,24276,32287,1,1,0,0,1,1,0
3,4,2952,00:00:00.1210000,1,10,13,15629,15648,357,16005,46837,62842,1,1,0,0,1,1,0
3,5,3165,00:00:00.1280000,1,15,25,29767,29826,2227,32053,91730,123783,1,1,0,0,1,1,0
3,6,3400,00:00:00.1390000,2,25,52,54927,55033,8984,64017,182027,246044,1.0013836546689243,1.0027711534962853,0,1,2,1,1
3,7,3672,00:00:00.1600000,2,43,111,98653,99056,29262,128318,366554,494872,1.0025442713348809,1.0051015143907136,0,1,2,1,1
3,8,3981,00:00:00.1970000,2,89,222,172758,173958,82362,256320,729086,985406,1.0058000208383981,1.0116672930279804,0,1,2,1,1
3,9,4345,00:00:00.2720000,6,134,398,297402,300450,211551,512001,1450138,1962139,1.0178916079918763,1.036590404503008,0.011373041197657585,1,6,5,1
3,10,4772,00:00:00.4360000,14,290,795,507537,512636,511837,1024473,2859052,3883525,1.0600507943263249,1.1304170006986225,0.0422292985022068,1,14,13,1
3,11,5262,00:00:00.7960000,19,509,1502,853936,871566,1176709,2048275,5522951,7571226,1.1610553952521032,1.4064440737571087,0.11030823737382889,1,19,18,1
3,12,5792,00:00:01.4330000,30,972,2892,1451518,1497993,2599049,4097042,10220384,14317426,1.4018916747846049,2.5005026998054323,0.2623494267463684,2,30,27,1.074074
3,13,6328,00:00:02.5440000,37,1610,5239,2490183,2602615,5597098,8199713,17939274,26138987,1.7354298860766457,5.548385769156174,0.44917431473731995,2,37,31,1.1612903
3,14,6874,00:00:04.7350000,47,2853,9421,4303938,4527813,11869739,16397552,30684046,47081598,2.0719917433754853,9.054609623116667,0.505538284778595,3,47,39,1.1794872
3,15,7446,00:00:11.9110000,60,4905,17075,7436428,7842983,24931493,32774476,52216226,84990702,2.423199552258154,9.232801815863498,0.44290679693222046,3,60,47,1.2553191
3,16,8061,00:00:28.7510000,60,8518,30998,12680073,13521915,52051751,65573666,89484959,155058625,2.7778668151200705,5.765863428407077,0.3698616623878479,4,60,45,1.3111111
3,17,8742,00:01:02.9080000,57,15057,57329,21241888,23087749,108076547,131164296,155777941,286942237,3.1242825496490707,5.008246707553293,0.3418659269809723,4,58,42,1.3571428
3,18,9495,00:02:11.6020000,59,26602,107148,35770260,39657567,222568297,262225864,272368184,534594048,3.6073367093222135,8.194253677535169,0.36985960602760315,5,60,42,1.4047619
3,19,10315,00:04:31.6790000,61,46864,199801,60991434,68523187,456075634,524598821,473745820,998344641,4.1914573446494146,9.456726257147261,0.45888423919677734,4,62,48,1.2708334
3,20,11236,00:09:24.8710000,72,82461,377261,101758153,116426379,932477358,1048903737,835106003,1884009740,4.679718253140856,7.809023579182867,0.44953542947769165,4,73,58,1.2413793
39,0,1825,00:00:00.0350000,1,1,1,1001,1001,0,1001,2832,3833,1,1,0,0,1,1,0
39,1,2028,00:00:00.0550000,2,2,2,2004,2004,0,2004,5721,7725,1.005489021956088,1.0110383587112268,0,1,2,1,1
39,2,2238,00:00:00.0810000,2,2,4,4003,4003,0,4003,11743,15746,1.0114913814639022,1.0232467472586693,0,1,2,1,1
39,3,2458,00:00:00.0840000,2,2,7,8023,8023,7,8030,24405,32435,1.0138352237317712,1.0280531811695917,0,1,2,1,1
39,4,2675,00:00:00.0880000,3,5,11,15645,15657,382,16039,49128,65167,1.0242889101949504,1.049817988691124,0.0067830863408744335,1,3,2,1
39,5,2907,00:00:00.1060000,3,12,24,29691,29752,2325,32077,98548,130625,1.0417971775959045,1.087312483723214,0.01365827489644289,1,3,2,1
39,6,3149,00:00:00.1140000,5,22,43,54922,55003,9104,64107,191715,255822,1.080787298350388,1.1762856341826236,0.02622351422905922,1,5,4,1
39,7,3420,00:00:00.1270000,5,44,84,98812,99078,29065,128143,375339,503482,1.1541917985669756,1.3616096590083622,0.046450547873973846,1,5,4,1
39,8,3711,00:00:00.1540000,5,102,191,174788,175785,80616,256401,715548,971949,1.2721182232189854,1.7031401492025027,0.08864979445934296,1,5,4,1
39,9,4016,00:00:00.2090000,6,188,381,306227,309230,202775,512005,1316773,1828778,1.4433149265087664,2.186597123075622,0.13439702987670898,1,6,5,1
39,10,4343,00:00:00.3160000,8,289,718,532429,540667,485537,1026204,2392393,3418597,1.6325895095871938,2.3504627776159004,0.1972716748714447,2,8,5,1.4
39,11,4694,00:00:00.5230000,17,499,1316,919473,934488,1115649,2050137,4298448,6348585,1.8056843430965346,2.143193866564264,0.21619699895381927,2,17,14,1.1428572
39,12,5088,00:00:00.9450000,21,894,2450,1563259,1597091,2504328,4101419,7801960,11903379,1.9557680461139197,2.0133961424831566,0.27780890464782715,2,21,18,1.1111112
39,13,5527,00:00:01.7330000,25,1600,4582,2651118,2732454,5463487,8195941,14143325,22339266,2.1396226045011955,2.4305828878497744,0.33588606119155884,2,25,22,1.0909091
39,14,5991,00:00:03.3210000,30,2780,8387,4610432,4785631,11601945,16387576,24960334,41347910,2.4544385428523836,4.269208063940008,0.42665067315101624,3,30,25,1.16
39,15,6460,00:00:07.8350000,32,4840,15107,8152600,8489800,24313621,32803421,42602749,75406170,2.788451168952236,4.017039346257237,0.4829241633415222,3,32,26,1.1923077
39,16,6961,00:00:20.0850000,31,8523,27922,14044512,14653610,50888781,65542391,73012645,138555036,2.991373641177422,2.546553706611046,0.42962074279785156,3,32,26,1.1923077
39,17,7535,00:00:46.6480000,32,14677,52083,23479223,24668398,106467308,131135706,128646456,259782162,3.120240222600211,2.1343492705908127,0.35727062821388245,3,33,27,1.1851852
39,18,8206,00:01:44.4660000,31,26003,98490,38329149,41334016,220876506,262210522,232141630,494352152,3.303837270167412,2.55227480709356,0.39339208602905273,3,32,24,1.2916666
39,19,8980,00:03:50.7150000,46,46793,189306,63613954,70281660,454114322,524395982,422542185,946938167,3.6470167221487286,5.470344074772912,0.3001163601875305,3,47,39,1.1794872
39,20,9853,00:08:23.3090000,59,82670,363117,105583702,120311730,928817868,1049129598,765050349,1814179947,4.057061666581837,10.778919088225354,0.4328845739364624,4,60,45,1.3111111
40,0,2816,00:00:00.0490000,1,2,5,1003,1004,0,1004,6320,7324,1,1,0,0,1,1,0
40,1,3274,00:00:00.0650000,2,3,6,2003,2004,0,2004,12728,14732,1.00199700449326,1.0040019639012767,0,1,2,1,1
40,2,3757,00:00:00.0950000,3,3,11,4008,4008,0,4008,26236,30244,1.0069860279441119,1.014086543428912,0,1,3,2,1
40,3,4112,00:00:00.1130000,3,7,18,7984,7991,11,8002,46640,54642,1.0182865731462927,1.0374205783952601,0.013652236200869083,1,3,2,1
40,4,4477,00:00:00.1230000,5,10,26,15512,15531,484,16015,87814,103829,1.0451263537906137,1.095713033935246,0.03141489252448082,1,5,4,1
40,5,4879,00:00:00.1360000,6,20,44,29219,29304,2751,32055,172503,204558,1.1076012183852972,1.246961252471594,0.06442029029130936,1,6,5,1
40,6,5273,00:00:00.1550000,10,36,87,53594,53763,10292,64055,323269,387324,1.2389259991790125,1.622492901984733,0.10604008287191391,2,10,7,1.2857143
40,7,5644,00:00:00.1860000,13,57,155,96468,96857,31263,128120,572784,700904,1.4507816063357797,2.3102716969470847,0.15821193158626556,2,13,9,1.3333334
40,8,5990,00:00:00.2280000,14,90,247,172031,173367,82912,256279,974203,1230482,1.73500124977475,2.993223493967457,0.2161230891942978,2,14,9,1.4444444
40,9,6305,00:00:00.2890000,17,159,418,307455,310026,202995,513021,1591321,2104342,2.0613423102567854,3.405087443983905,0.24409928917884827,2,17,12,1.3333334
40,10,6609,00:00:00.3870000,18,275,728,543357,548920,476517,1025437,2588421,3613858,2.3727162804564954,3.5765046037516495,0.25781822204589844,2,18,13,1.3076923
40,11,6923,00:00:00.5810000,19,483,1284,948722,959935,1090822,2050757,4292006,6342763,2.626905458079395,3.0189307420424076,0.2533043324947357,2,19,14,1.2857143
40,12,7266,00:00:00.9490000,19,834,2303,1629647,1655353,2444203,4099556,7341938,11441494,2.8095906659540377,2.318883858702422,0.26894819736480713,3,19,13,1.3846154
40,13,7659,00:00:01.6260000,18,1538,4291,2739752,2807066,5385507,8192573,13035045,21227618,2.9213662404480405,1.8898724256046262,0.23445487022399902,3,18,13,1.3076923
40,14,8124,00:00:03.1420000,28,2770,8206,4581244,4705886,11697477,16403363,23948875,40352238,3.0206496314101585,1.795454920336081,0.22819893062114716,4,29,22,1.2727273
40,15,8667,00:00:08.1210000,29,4763,15541,7567227,7935689,24862710,32798399,44462676,77261075,3.2052222035892406,2.170800534815802,0.19924913346767426,4,30,25,1.16
40,16,9251,00:00:22.7950000,35,8400,28924,13168532,14002407,51606240,65608647,79751038,145359685,3.776695914168717,4.277318660205595,0.18426276743412018,4,36,30,1.1666666
40,17,9829,00:00:49.8400000,31,15128,53139,23690368,25109634,106007060,131116694,135544553,266661247,4.455960709432627,2.6642485412310415,0.17934300005435944,4,32,26,1.1923077
40,18,10453,00:01:43.4010000,24,26310,98326,40644133,42998561,219300692,262299253,231793306,494092559,4.798267710618898,1.5470270660930552,0.12439466267824173,4,25,20,1.2
40,19,11189,00:03:41.2160000,24,46090,187546,66464828,71310612,453202321,524512933,413377433,937890366,4.956530693196107,1.3179366577218237,0.07736312597990036,4,25,21,1.1428572
40,20,12073,00:08:11.3180000,32,81794,361805,105054971,118340413,930910083,1049250496,760947343,1810197839,5.15857355288785,1.62980532600825,0.09873585402965546,3,33,29,1.1034483
41,0,2527,00:00:00.0520000,1,1,2,1003,1003,0,1003,4660,5663,1,1,0,0,1,1,0
41,1,2934,00:00:00.0710000,2,2,5,2003,2003,0,2003,10681,12684,1.0069895157264104,1.014076775287705,0,1,2,1,1
41,2,3240,00:00:00.1210000,3,3,6,4005,4005,0,4005,19133,23138,1.014481897627965,1.0294180880721713,0,1,3,2,1
41,3,3579,00:00:00.1430000,3,3,6,7993,7993,9,8002,38641,46643,1.058676341799074,1.1252385300670589,0.03374333679676056,1,3,2,1
41,4,3894,00:00:00.1500000,3,6,14,15623,15629,423,16052,73742,89794,1.1607245727453115,1.3767618721075305,0.06547094881534576,1,3,2,1
41,5,4180,00:00:00.1830000,4,15,29,29516,29600,2449,32049,133694,165743,1.308171839002575,1.7681797668036225,0.0825035572052002,2,4,2,1.5
41,6,4433,00:00:00.1950000,6,30,57,54740,54925,9085,64010,229785,293795,1.5008768724881256,2.092769652590384,0.07859763503074646,2,6,4,1.25
41,7,4677,00:00:00.2150000,6,50,107,99707,100173,28055,128228,394507,522735,1.674987714002026,1.9149518003513804,0.08214231580495834,2,6,4,1.25
41,8,4920,00:00:00.2470000,7,86,182,178517,179608,76763,256371,678100,934471,1.8185382904709355,1.5803558355299159,0.07962556183338165,2,7,5,1.2
41,9,5186,00:00:00.3060000,7,139,336,313336,316097,196303,512400,1202886,1715286,1.9203123803201674,1.3523539716950814,0.06873217970132828,2,7,5,1.2
41,10,5487,00:00:00.4190000,9,290,654,540673,547085,478485,1025570,2195551,3221121,2.0010579407516187,1.2569901380597837,0.053208183497190475,3,9,6,1.3333334
41,11,5831,00:00:00.6960000,13,548,1275,924352,937355,1112954,2050309,4065382,6115691,2.086978769992384,1.3195353685184932,0.043265316635370255,3,13,10,1.2
41,12,6222,00:00:01.1710000,18,907,2344,1575327,1602814,2499485,4102299,7539302,11641601,2.2290286397681243,1.6850175164107286,0.04696414992213249,3,18,15,1.1333333
41,13,6647,00:00:02.1620000,20,1661,4470,2702344,2771381,5430383,8201764,13672850,21874614,2.473961124120393,2.6206118340987477,0.07744879275560379,3,20,17,1.117647
41,14,7091,00:00:04.1870000,24,2829,8250,4692783,4836968,11556160,16393128,24040699,40433827,2.749072565256054,2.7351122577193423,0.2664792537689209,2,24,20,1.15
41,15,7574,00:00:08.4780000,26,4856,15177,7991419,8292344,24481382,32773726,42276470,75050196,2.93504470232383,2.1133663073025386,0.2830585241317749,2,26,22,1.1363636
41,16,8129,00:00:20.2650000,30,8595,28511,13295970,13979333,51607109,65586442,76016926,141603368,3.064122286677843,2.0621166405167277,0.2975275218486786,3,30,25,1.16
41,17,8770,00:00:50.1020000,44,15042,53875,22229585,23669025,107437953,131106978,138463544,269570522,3.2885662058018625,3.122712892368965,0.31386706233024597,4,44,38,1.1315789
41,18,9467,00:01:53.5750000,44,26594,101785,38182363,41347614,220882828,262230442,245741920,507972362,3.7318923137365805,4.793250921447124,0.40887778997421265,4,45,35,1.2571429
41,19,10209,00:04:01.0330000,44,46933,190499,66591530,72401122,451996630,524397752,428003540,952401292,4.2361358268836895,3.635693694504574,0.28247854113578796,4,45,32,1.375
41,20,11030,00:08:25.4690000,36,82585,359780,113553582,124713435,924346360,1049059795,750195467,1799255262,4.791208717660708,4.056244460105803,0.24332956969738007,5,37,26,1.3846154
42,0,2231,00:00:00.0500000,1,1,2,1005,1005,0,1005,4552,5557,1,1,0,0,1,1,0
42,1,2530,00:00:00.0660000,3,3,4,2016,2016,0,2016,9012,11028,1.0158730158730158,1.032320464558207,0,1,3,2,1
42,2,2864,00:00:00.1220000,4,4,7,4009,4009,0,4009,19041,23050,1.0234472437016713,1.0483633509115469,0.019529007375240326,1,4,3,1
42,3,3204,00:00:00.1300000,4,6,12,7992,7995,6,8001,38383,46384,1.0274024024024024,1.0567635914861901,0.02171626128256321,1,4,3,1
42,4,3530,00:00:00.1400000,5,11,26,15588,15611,436,16047,74763,90810,1.065370798049782,1.1423162563466949,0.04350479692220688,1,5,4,1
42,5,3848,00:00:00.1540000,7,22,49,29346,29433,2615,32048,142268,174316,1.137599672868534,1.329617488263935,0.07370360195636749,1,7,6,1
42,6,4187,00:00:00.1760000,10,35,76,53866,54102,9968,64070,272329,336399,1.2505476552927635,1.6930431333681262,0.11888791620731354,2,10,8,1.125
42,7,4518,00:00:00.2060000,12,56,119,97054,97589,30582,128171,496628,624799,1.4125332289241042,2.372668196869211,0.18584364652633667,2,12,10,1.1
42,8,4850,00:00:00.2580000,15,95,221,172538,173483,82828,256311,882476,1138787,1.611384158851963,3.263078710399046,0.2511884868144989,2,15,13,1.0769231
42,9,5188,00:00:00.3440000,16,174,402,302391,305130,207094,512224,1547648,2059872,1.80245113115139,3.7608349209844216,0.3196801245212555,2,16,14,1.0714285
42,10,5546,00:00:00.5090000,20,283,716,525124,530883,493565,1024448,2724737,3749185,2.0116391557041764,4.064552949001523,0.36024340987205505,3,20,16,1.1875
42,11,5922,00:00:00.8150000,23,486,1299,911175,924079,1126654,2050733,4760813,6811546,2.2639229566219443,4.584075268584557,0.3640362322330475,3,23,18,1.2222222
42,12,6312,00:00:01.3010000,23,868,2391,1579680,1613333,2489420,4102753,8216052,12318805,2.631473462979844,4.961878722038143,0.3504984378814697,4,23,17,1.2941177
42,13,6703,00:00:02.1820000,25,1560,4383,2790668,2855575,5348882,8204457,13848377,22052834,3.144610537692051,5.297644496215673,0.32313716411590576,4,25,19,1.2631578
42,14,7093,00:00:03.8630000,19,2737,7894,4949594,5084841,11316335,16401176,22942878,39344054,3.7218917349584633,5.3244328017921925,0.32997170090675354,4,20,14,1.3571428
42,15,7494,00:00:07.0280000,19,4829,14169,8794664,8998125,23787278,32785403,38048433,70833836,4.233834402314858,3.7304041785262223,0.21628250181674957,4,20,13,1.4615384
42,16,7927,00:00:13.4110000,17,8423,26099,15234867,15619448,49935645,65555093,64185528,129740621,4.615525557262823,2.1320119014944865,0.18979713320732117,4,18,12,1.4166666
42,17,8420,00:00:31.4890000,12,14814,48857,25651973,26503265,104622896,131126161,111796929,242923090,4.849912168549374,1.446769244760223,0.24069158732891083,3,13,9,1.3333334
42,18,9005,00:01:17.8240000,17,26275,93175,42364470,44158867,218161476,262320343,202252010,464572353,4.997195338452245,1.274714105812595,0.15367554128170013,3,18,14,1.2142857
42,19,9705,00:03:07.0520000,25,46563,180095,68690180,73466919,450986640,524453559,374932520,899386079,5.171089302721292,1.5366085019355378,0.046693820506334305,4,26,21,1.1904762
42,20,10519,00:07:17.4340000,42,82692,349022,113658544,125382354,923910523,1049292877,694488627,1743781504,5.553740649713056,2.949357866923286,0.22999711334705353,3,42,35,1.1714286
43,0,1525,00:00:00.0440000,2,3,3,1002,1003,0,1003,3225,4228,1.001996007984032,1.0039999291840536,0,1,2,1,1
43,1,1711,00:00:00.0610000,1,3,5,2004,2008,0,2008,5799,7807,1,1,0,0,1,1,0
43,2,1918,00:00:00.1460000,3,4,7,4015,4017,0,4017,11838,15855,1.0049813200498132,1.0100244534832323,0,1,3,2,1
43,3,2113,00:00:00.1650000,3,4,9,7995,7999,7,8006,23137,31143,1.0076297686053783,1.0153981755203572,0,1,3,2,1
43,4,2311,00:00:00.1710000,3,5,12,15661,15670,354,16024,45366,61390,1.0172402783985697,1.0351142911879654,0.005234953016042709,1,3,2,1
43,5,2532,00:00:00.1790000,3,10,23,29670,29727,2278,32005,92422,124427,1.0242669362992922,1.0497653502257158,0.0061934590339660645,1,3,2,1
43,6,2761,00:00:00.1900000,3,18,42,54954,55182,8932,64114,180335,244449,1.0391236306729263,1.08140657407905,0.007821380160748959,1,3,2,1
43,7,3023,00:00:00.2110000,6,44,91,98772,99157,28894,128051,357678,485729,1.0702122058883083,1.151421644714931,0.020350906997919083,1,6,5,1
43,8,3316,00:00:00.2470000,9,77,186,174938,175514,80605,256119,699623,955742,1.1206084441344935,1.2755935902309596,0.039323508739471436,1,9,8,1
43,9,3649,00:00:00.3170000,10,147,357,303536,305182,207192,512374,1355785,1868159,1.2116454061462232,1.5324143516900595,0.07166079431772232,1,10,9,1
43,10,4019,00:00:00.5300000,11,261,708,522705,527392,498071,1025463,2572748,3598211,1.3525296295233449,2.006160026395258,0.1317460983991623,2,11,9,1.1111112
43,11,4423,00:00:00.8590000,15,526,1344,896518,908402,1140354,2048756,4766012,6814768,1.5535594377357733,2.7643448154685637,0.21653437614440918,2,15,12,1.1666666
43,12,4854,00:00:01.4810000,19,884,2481,1534751,1564938,2534315,4099253,8590967,12690220,1.7664683065852376,3.3677614249551246,0.3235262930393219,2,19,16,1.125
43,13,5322,00:00:02.1910000,21,1576,4704,2595626,2681359,5516715,8198074,15352245,23550319,1.9360921026372828,3.6568828431234297,0.39176562428474426,2,21,18,1.1111112
43,14,5841,00:00:03.5810000,30,2793,8878,4361394,4560357,11827272,16387629,27505185,43892814,2.090655648171204,4.000183445079988,0.40630191564559937,2,30,26,1.1153846
43,15,6420,00:00:06.4240000,38,4787,16465,7316467,7772234,24999890,32772124,49343592,82115716,2.3022570866512484,4.763286843274337,0.409023642539978,3,38,32,1.15625
43,16,7059,00:00:12.2180000,41,8481,30683,12269213,13320221,52281821,65602042,88081765,153683807,2.597946665364763,5.222851970719384,0.38627031445503235,3,41,34,1.1764706
43,17,7762,00:00:38.9170000,54,15165,57823,20709889,22750113,108343593,131093706,156493610,287587316,2.911894892338631,4.845875167432716,0.3720952868461609,3,55,46,1.173913
43,18,8550,00:01:47.0710000,61,26628,108962,34248481,38764730,223423916,262188646,279237443,541426089,3.2358405034080198,6.528568758669201,0.37861841917037964,4,62,49,1.244898
43,19,9411,00:04:04.7460000,68,46978,204284,57660431,66934575,457436066,524370641,490369581,1014740222,3.719748071255312,9.906761880213415,0.3537478744983673,5,69,52,1.3076923
43,20,10353,00:08:44.9740000,77,82531,383640,99381399,115956503,932844794,1048801297,859259403,1908060700,4.288747504953115,8.81685634751319,0.4549188017845154,5,78,62,1.2419355
44,0,2516,00:00:00.1190000,2,2,2,1004,1004,0,1004,5736,6740,1.0229083665338645,1.046865215619505,0,1,2,1,1
44,1,2826,00:00:00.1510000,2,3,4,2003,2004,0,2004,10123,12127,1.0509236145781329,1.1070038139842167,0,1,2,1,1
44,2,3148,00:00:00.2020000,2,4,5,4009,4012,0,4012,19525,23537,1.134447493140434,1.3033438525709344,0,1,2,1,1
44,3,3425,00:00:00.2160000,3,7,11,7993,8005,3,8008,35656,43664,1.1847866883523082,1.428427544813114,0,2,3,1,2
44,4,3709,00:00:00.2320000,5,10,17,15575,15584,421,16005,67200,83205,1.2859069020866774,1.6869348301148042,0.014893767423927784,2,5,3,1.3333334
44,5,3968,00:00:00.2710000,6,18,32,29570,29647,2363,32010,121394,153404,1.4236388231315522,2.0075137690673133,0.027939094230532646,2,6,4,1.25
44,6,4230,00:00:00.2940000,8,30,60,54754,54852,9253,64105,221652,285757,1.6356065310296966,2.4063567596150257,0.03610731288790703,2,8,6,1.1666666
44,7,4469,00:00:00.3250000,9,55,108,100200,100465,27878,128343,383011,511354,1.91061876247505,2.795509858641943,0.041228681802749634,2,9,7,1.1428572
44,8,4692,00:00:00.3720000,8,94,196,181105,181973,74191,256164,641458,897622,2.2161729383506805,2.810050482853632,0.04568081349134445,2,8,6,1.1666666
44,9,4914,00:00:00.4540000,8,149,339,324404,326273,186667,512940,1078558,1591498,2.5010727364644088,2.258492237568197,0.047202058136463165,2,8,6,1.1666666
44,10,5145,00:00:00.6220000,7,272,590,574301,579123,447722,1026845,1837731,2864576,2.7196853218085986,1.6902818964880892,0.05919934809207916,3,7,4,1.5
44,11,5398,00:00:00.7750000,7,434,1045,997562,1006591,1042088,2048679,3213955,5262634,2.8591716605083195,1.3745994247737734,0.08561546355485916,3,7,4,1.5
44,12,5691,00:00:01.0420000,8,807,1980,1708395,1726810,2371308,4098118,5819773,9917891,2.9435353065303986,1.2355153315209515,0.10681597143411636,3,8,5,1.4
44,13,6040,00:00:01.6180000,10,1528,3817,2873286,2915050,5291347,8206397,10885731,19092128,2.998422015768705,1.214786807800874,0.13983814418315887,3,10,6,1.5
44,14,6458,00:00:02.8850000,8,2718,7496,4736002,4870050,11516474,16386524,20698013,37084537,3.0477710946912606,1.3109175515064435,0.36198779940605164,2,8,5,1.4
44,15,6958,00:00:06.5120000,18,4721,14654,7820772,8158226,24639249,32797475,39599017,72396492,3.1598074972649757,1.7388177896406034,0.4938572943210602,3,18,12,1.4166666
44,16,7530,00:00:18.8270000,32,8516,28333,13084740,13894243,51651483,65545726,74302768,139848494,3.433986842688506,3.479565216765415,0.6151189804077148,3,33,26,1.2307693
44,17,8151,00:00:45.4350000,45,15044,53460,22606870,24222804,106920232,131143036,134643906,265786942,3.8774670708505865,7.391280179717015,0.662081778049469,4,46,35,1.2857143
44,18,8816,00:01:38.7540000,43,26415,100006,38689294,41905924,220296134,262202058,236964638,499166696,4.276492277165874,5.8903936737284255,0.6459216475486755,4,44,31,1.3870968
44,19,9567,00:03:30.5760000,47,46463,189044,65000820,71217967,453360131,524578098,421860006,946438104,4.597520877428931,4.161502534275204,0.6430699229240417,5,48,31,1.516129
44,20,10436,00:07:33.9290000,63,82308,362369,107349296,119935125,929379403,1049314528,763266536,1812581064,4.907874896543336,3.4727540989184202,0.42927461862564087,4,64,45,1.4
45,0,3189,00:00:00.0450000,1,2,2,1003,1004,0,1004,6293,7297,1,1,0,0,1,1,0
45,1,3721,00:00:00.0590000,2,2,4,2006,2006,0,2006,14342,16348,1.0034895314057826,1.0070034613925538,0,1,2,1,1
45,2,4183,00:00:00.0840000,3,4,10,4006,4007,0,4007,28002,32009,1.0067398901647528,1.013584757335599,0,1,3,2,1
45,3,4701,00:00:00.1020000,3,7,20,7990,7995,11,8006,58213,66219,1.0166458072590738,1.0339559363870008,0.012154665775597095,1,3,2,1
45,4,5200,00:00:00.1120000,4,9,31,15484,15507,549,16056,115112,131168,1.025058124515629,1.0517665528128484,0.019699394702911377,1,4,3,1
45,5,5706,00:00:00.1270000,5,23,57,28974,29081,2929,32010,222990,255000,1.0628839649340789,1.1364064894520516,0.04505857452750206,1,5,4,1
45,6,6209,00:00:00.1500000,9,41,105,52840,53168,10866,64034,413956,477990,1.1738077214231644,1.423655793203501,0.0906066820025444,2,9,6,1.3333334
45,7,6674,00:00:00.1840000,12,68,186,95047,95788,32358,128146,725814,853960,1.3903226824623607,2.1847611349013962,0.16892065107822418,2,12,9,1.2222222
45,8,7084,00:00:00.2320000,17,120,306,168454,170140,86215,256355,1202338,1458693,1.6529853847341114,3.1330406475193397,0.25913435220718384,3,17,12,1.3333334
45,9,7476,00:00:00.3090000,18,200,529,294602,299502,212915,512417,1974159,2486576,1.8849566533832085,3.258324501712838,0.3298204243183136,3,18,13,1.3076923
45,10,7876,00:00:00.4570000,24,346,914,510993,520855,503982,1024837,3287860,4312697,2.10156303511007,3.4272781638865797,0.3808848261833191,3,24,19,1.2105263
45,11,8303,00:00:00.7050000,28,551,1571,876534,899231,1150683,2049914,5605508,7655422,2.372245685849037,4.4342157110441915,0.40017181634902954,3,28,23,1.173913
45,12,8745,00:00:01.1340000,35,947,2779,1510372,1561660,2539037,4100697,9521838,13622535,2.771364273172437,6.358995270407434,0.4078022539615631,3,35,30,1.1333333
45,13,9200,00:00:01.8570000,37,1632,4922,2597379,2714820,5484338,8199158,16084065,24283223,3.2099158420854255,5.216972152396469,0.4053129255771637,3,37,30,1.2
45,14,9691,00:00:03.2420000,41,2846,8872,4424559,4651368,11745233,16396601,27582416,43979017,3.562817446891317,3.6272118851911395,0.36319226026535034,3,42,35,1.1714286
45,15,10242,00:00:06.2060000,48,4886,16464,7441364,7883556,24900456,32784012,48394506,81178518,3.853039442768826,3.427353657136854,0.35907918214797974,4,49,39,1.2307693
45,16,10869,00:00:15.2710000,54,8528,30546,12379551,13345921,52192132,65538053,86442257,151980310,4.185250983658454,4.869407906779597,0.30302733182907104,4,55,44,1.2272727
45,17,11567,00:00:46.3680000,63,15005,57094,20932626,22927493,108216623,131144116,154313315,285457431,4.622431079597944,9.471925568275898,0.39396047592163086,3,64,51,1.2352941
45,18,12322,00:01:47.0210000,64,26522,106739,35655273,39683250,222622773,262306023,271171166,533477189,5.055044929820058,13.03807694384947,0.424422949552536,4,65,52,1.2307693
45,19,13142,00:03:52.2640000,61,47094,199547,60225114,68542563,455986520,524529083,472536743,997065826,5.457712093330367,10.505475124960293,0.48843905329704285,4,62,46,1.326087
45,20,14034,00:08:06.8870000,64,82863,374522,106351794,120645260,928568022,1049213282,821657740,1870871022,6.113723789182155,8.906153645942023,0.35927948355674744,5,65,49,1.3061224
46,0,1248,00:00:00.0310000,2,2,2,1001,1001,0,1001,2409,3410,1.003996003996004,1.0080239645142173,0,1,2,1,1
46,1,1424,00:00:00.0450000,4,5,7,2001,2002,0,2002,4946,6948,1.0054972513743128,1.0110754148887973,0,1,4,3,1
46,2,1605,00:00:00.0820000,4,5,9,4016,4017,0,4017,10229,14246,1.0201693227091633,1.0414306837565002,0.01174851879477501,1,4,3,1
46,3,1781,00:00:00.0850000,4,6,10,8001,8007,7,8014,20619,28633,1.0196225471816023,1.0402714890938576,0.01784345507621765,1,4,3,1
46,4,1960,00:00:00.0900000,4,8,14,15681,15698,326,16024,40669,56693,1.0244882341687391,1.050539614752877,0.019935274496674538,1,4,3,1
46,5,2149,00:00:00.0950000,4,16,24,29827,29887,2138,32025,81350,113375,1.0397626311730983,1.0836088705249598,0.031352754682302475,1,4,3,1
46,6,2355,00:00:00.1020000,6,24,45,55479,55597,8554,64151,160298,224449,1.0708556390706394,1.1546479340480749,0.039641108363866806,1,6,5,1
46,7,2584,00:00:00.1140000,6,39,82,100073,100463,27801,128264,315985,444249,1.123899553326072,1.2862323751202138,0.05742527171969414,1,6,5,1
46,8,2833,00:00:00.1360000,9,69,165,178122,178768,77580,256348,607098,863446,1.2181538496086952,1.5545536298040543,0.08006895333528519,1,9,8,1
46,9,3104,00:00:00.1760000,11,133,307,313692,315031,197722,512753,1141043,1653796,1.3523392372135725,1.9638932092318642,0.11154206842184067,2,11,9,1.1111112
46,10,3399,00:00:00.2750000,13,260,598,547127,549835,474855,1024690,2110523,3135213,1.5362740277851394,2.320019639899357,0.14769378304481506,2,13,10,1.2
46,11,3718,00:00:00.4100000,14,463,1169,947248,954741,1094829,2049570,3841057,5890627,1.7189500532067632,2.148272383562636,0.17565302550792694,2,14,11,1.1818181
46,12,4073,00:00:00.7630000,15,805,2171,1616634,1637684,2461783,4099467,6999650,11099117,1.87321372679283,1.7898550991367992,0.20379728078842163,2,15,12,1.1666666
46,13,4481,00:00:01.4420000,21,1518,4230,2739837,2777999,5418416,8196415,12905696,21102111,2.0046674309457098,1.6553515334539333,0.22695417702198029,2,21,18,1.1111112
46,14,4957,00:00:02.9130000,21,2640,8080,4567842,4677299,11715279,16392578,24067974,40460552,2.136115697521937,1.8517203068686923,0.2476561963558197,2,21,18,1.1111112
46,15,5505,00:00:08.8370000,24,4816,15586,7597343,7907320,24872807,32780127,44755097,77535224,2.343954985315261,2.903955446811097,0.2619760036468506,3,24,20,1.15
46,16,6113,00:00:24.7160000,34,8525,29471,12842359,13583295,51970314,65553609,81601002,147154611,2.6595131782252777,6.097680705110778,0.31441572308540344,3,34,25,1.32
46,17,6779,00:00:57.5680000,40,14982,55290,21729217,23353699,107840056,131193755,146409956,277603711,2.970575377842653,6.785159269257924,0.3238273859024048,3,41,31,1.2903225
46,18,7520,00:02:05.7510000,41,26592,104349,36133827,39711477,222646166,262357643,261095630,523453273,3.2634409026201405,6.525871552825032,0.32817426323890686,4,42,31,1.3225807
46,19,8354,00:04:28.7300000,51,46550,196963,59948947,67627077,456885849,524512926,466056281,990569207,3.6448375815508487,9.109276927456163,0.3417668044567108,4,52,37,1.3783784
46,20,9288,00:09:29.0810000,70,82668,375737,101115211,116472558,932814571,1049287129,832055605,1881342734,4.195574709328352,9.454585902318808,0.5839582681655884,4,71,50,1.4
47,0,3000,00:00:00.0820000,1,1,2,1002,1002,0,1002,4327,5329,1,1,0,0,1,1,0
47,1,3285,00:00:00.1000000,1,1,2,2006,2006,0,2006,8463,10469,1,1,0,0,1,1,0
47,2,3576,00:00:00.1330000,1,5,8,3994,4002,0,4002,16789,20791,1,1,0,0,1,1,0
47,3,3861,00:00:00.1420000,1,6,13,7989,8010,9,8019,33056,41075,1,1,0,0,1,1,0
47,4,4148,00:00:00.1510000,3,9,19,15560,15589,433,16022,65118,81140,1.0028920308483291,1.00580463942057,0,1,3,2,1
47,5,4469,00:00:00.1790000,4,13,33,29378,29433,2633,32066,133353,165419,1.0123221458234053,1.0250392666393573,0.009463351219892502,1,4,3,1
47,6,4795,00:00:00.1960000,4,33,73,53961,54126,9983,64109,258173,322282,1.0378050814477122,1.0792008039950391,0.02638007514178753,1,4,3,1
47,7,5147,00:00:00.2270000,6,60,142,97057,97517,30777,128294,495149,623443,1.1344879812893454,1.3094410735485273,0.053477831184864044,2,6,4,1.25
47,8,5469,00:00:00.2710000,7,96,249,173457,174727,81391,256118,867164,1123282,1.36376162391832,1.9326302328861715,0.08323856443166733,2,7,5,1.2
47,9,5752,00:00:00.3380000,8,170,437,313044,315465,197319,512784,1419993,1932777,1.6551347414420976,2.2146216338736715,0.08862088620662689,2,8,6,1.1666666
47,10,6019,00:00:00.4370000,8,281,744,557144,562445,462367,1024812,2294356,3319168,1.8838881868960269,1.8366379461204032,0.08606193214654922,2,8,6,1.1666666
47,11,6303,00:00:00.6420000,9,485,1253,972058,982268,1068832,2051100,3835032,5886132,2.0545667028099146,1.6435036124474833,0.06898781657218933,2,9,7,1.1428572
47,12,6623,00:00:00.9590000,8,855,2251,1662187,1687064,2414461,4101525,6684686,10786211,2.188158733042672,1.718566867679256,0.06776063144207001,2,8,6,1.1666666
47,13,6995,00:00:01.6070000,9,1482,4127,2790685,2854514,5338193,8192707,12078515,20271222,2.3252391437944446,2.072370259884951,0.0738372653722763,3,9,6,1.3333334
47,14,7432,00:00:02.9870000,18,2597,7704,4681970,4810779,11585280,16396059,22331159,38727218,2.4971012202128593,2.740586252887706,0.07458717375993729,3,18,14,1.2142857
47,15,7944,00:00:07.4530000,25,4700,14800,7773446,8085775,24719335,32805110,41694614,74499724,2.6962632788598517,3.3354597318973367,0.10149794816970825,3,26,22,1.1363636
47,16,8540,00:00:21.2990000,33,8410,28587,12720150,13561738,52001153,65562891,77915643,143478534,2.9121639288844863,3.606381083191056,0.28025102615356445,2,33,29,1.1034483
47,17,9227,00:00:52.6090000,49,15154,55365,20900255,22950424,108182556,131132980,144820247,275953227,3.2085023364547465,5.1038307803321,0.33543550968170166,3,49,42,1.1428572
47,18,9984,00:01:57.9520000,68,26965,105011,35337425,39746871,222586755,262333626,261996190,524329816,3.69263674418835,12.501667315348685,0.40647631883621216,4,68,56,1.1964285
47,19,10784,00:04:06.0520000,74,47033,196575,61921804,69838264,454608577,524446841,458220604,982667445,4.307170346652045,10.784162627557079,0.40842390060424805,4,74,58,1.2586207
47,20,11652,00:08:22.4030000,63,82246,369176,107465202,121255375,928046279,1049301654,798523087,1847824741,4.877283997474829,5.86870192192446,0.38837146759033203,5,64,48,1.3125
48,0,1257,00:00:00.0230000,1,1,1,1003,1003,0,1003,2117,3120,1,1,0,0,1,1,0
48,1,1417,00:00:00.0330000,1,2,2,2000,2001,0,2001,4376,6377,1,1,0,0,1,1,0
48,2,1580,00:00:00.0520000,1,2,2,4009,4010,0,4010,9100,13110,1,1,0,0,1,1,0
48,3,1749,00:00:00.0540000,1,4,5,8017,8022,5,8027,18876,26903,1,1,0,0,1,1,0
48,4,1913,00:00:00.0570000,1,6,9,15703,15725,320,16045,37122,53167,1,1,0,0,1,1,0
48,5,2087,00:00:00.0600000,1,19,28,29973,30061,2029,32090,73848,105938,1,1,0,0,1,1,0
48,6,2280,00:00:00.0660000,1,22,46,55480,55711,8451,64162,148242,212404,1,1,0,0,1,1,0
48,7,2499,00:00:00.0750000,3,39,84,100377,100756,27414,128170,296920,425090,1.0024009484244398,1.0048162861700427,0,1,3,2,1
48,8,2753,00:00:00.1020000,4,71,163,177356,178179,77890,256069,594048,850117,1.0053451814429735,1.010766076816962,0.0050602564588189125,1,4,3,1
48,9,3052,00:00:00.1400000,5,158,361,307433,309531,203162,512693,1184909,1697602,1.010457563111312,1.0212164187694202,0.009883911348879337,1,5,4,1
48,10,3411,00:00:00.2340000,9,275,720,522544,527253,497475,1024728,2372681,3397409,1.024914648335834,1.0516376428341943,0.022702554240822792,1,9,8,1
48,11,3840,00:00:00.4630000,13,516,1384,879661,893151,1157766,2050917,4710022,6760939,1.0638802902481752,1.140457707480578,0.057134535163640976,1,13,12,1
48,12,4337,00:00:00.9520000,21,981,2724,1466888,1505184,2592018,4097202,9137539,13234741,1.1711309929592444,1.4334744117725091,0.13753864169120789,2,21,19,1.0526316
48,13,4878,00:00:01.8520000,32,1709,5168,2506254,2594130,5599007,8193137,16932045,25125182,1.4667751153713868,2.761621787253698,0.302025705575943,2,32,30,1.0333333
48,14,5400,00:00:03.5820000,36,2946,9225,4465082,4653422,11736869,16390291,29049611,45439902,2.032420457227885,5.698329556858921,0.33131831884384155,2,36,33,1.060606
48,15,5892,00:00:08.3540000,33,4927,16094,8013589,8354607,24421544,32776151,47530434,80306585,2.5616749249306396,2.4913188899015193,0.23816454410552979,3,33,27,1.1851852
48,16,6412,00:00:20.5960000,29,8500,28867,13881173,14431836,51136317,65568153,79092446,144660599,2.856326911277599,1.4426802870936966,0.13066504895687103,3,29,24,1.1666666
48,17,7012,00:00:46.6980000,19,14940,53383,22931423,24214350,106938457,131152807,137613126,268765933,3.006210517332483,1.238929068664474,0.06752172112464905,3,19,14,1.2857143
48,18,7711,00:01:43.3870000,29,26379,101310,37814181,40540678,221614690,262155368,245326565,507481933,3.2133149994707013,1.6506911530088788,0.06407982110977173,4,30,25,1.16
48,19,8498,00:03:43.4430000,40,46710,192518,64075347,70341579,454112018,524453597,438504953,962958550,3.6950830090705558,4.08381613829437,0.15837912261486053,4,41,35,1.1428572
48,20,9345,00:07:43.9620000,43,82479,363768,111374682,123376126,925763699,1049139825,770368639,1819508464,4.298330593662211,6.020600290591357,0.2216515690088272,4,44,34,1.2647059
4,0,1446,00:00:00.0480000,2,2,2,1011,1011,0,1011,2245,3256,1.0059347181008902,1.0119398671774504,0,1,2,1,1
4,1,1586,00:00:00.0630000,2,3,3,2005,2007,0,2007,4223,6230,1.0094763092269328,1.0191321758020426,0,1,2,1,1
4,2,1761,00:00:00.0900000,3,4,6,4015,4016,0,4016,9332,13348,1.0062266500622665,1.012545354844426,0,1,3,2,1
4,3,1903,00:00:00.1070000,2,5,10,8017,8025,3,8028,17405,25433,1.0064862167893227,1.013056609740692,0,1,2,1,1
4,4,2054,00:00:00.1120000,2,8,16,15685,15713,307,16020,34346,50366,1.004845393688237,1.0097377146409199,0,1,2,1,1
4,5,2222,00:00:00.1180000,3,14,24,29951,30017,2008,32025,70170,102195,1.0065440219024406,1.013188684911363,0.0038726937491446733,1,3,2,1
4,6,2403,00:00:00.1260000,3,24,46,55718,55946,8204,64150,140219,204369,1.0083814925158836,1.016930259847004,0.005150818265974522,1,3,2,1
4,7,2610,00:00:00.1410000,4,45,94,100977,101451,26896,128347,281066,409413,1.0132208324667993,1.0268836288993608,0.009859861806035042,1,4,3,1
4,8,2849,00:00:00.1670000,7,84,181,178694,179683,76869,256552,561567,818119,1.0227539816669837,1.0468939711235898,0.016125114634633064,1,7,6,1
4,9,3129,00:00:00.2170000,10,139,330,310837,312393,200206,512599,1115876,1628475,1.045634850419995,1.090832147319729,0.030593164265155792,2,10,8,1.125
4,10,3463,00:00:00.3450000,11,266,636,530311,535036,489103,1024139,2219428,3243567,1.0903186997818262,1.1815628436969676,0.057486627250909805,2,11,9,1.1111112
4,11,3850,00:00:00.5420000,15,487,1273,901974,913700,1136316,2050016,4326352,6376368,1.2062564996330272,1.4421585527104255,0.1112874299287796,2,15,12,1.1666666
4,12,4278,00:00:01.0190000,19,893,2452,1537301,1568402,2531264,4099666,8126317,12225983,1.4848256782503881,2.295489100997568,0.21034570038318634,2,19,15,1.2
4,13,4724,00:00:01.8110000,22,1488,4537,2662840,2739992,5462122,8202114,14551977,22754091,1.9535800123176759,4.089936763906893,0.23365801572799683,2,22,17,1.2352941
4,14,5185,00:00:03.3680000,28,2711,8319,4621730,4767720,11624793,16392513,25322018,41714531,2.417002507718971,3.463752337865031,0.2550494372844696,3,28,21,1.2857143
4,15,5692,00:00:06.4780000,30,4822,15465,7842632,8138920,24660004,32798924,44462346,77261270,2.721246005167653,2.437856036880067,0.2547948658466339,3,30,22,1.3181819
4,16,6279,00:00:17.8920000,34,8458,29198,12951301,13623459,51927219,65550678,80148167,145698845,2.9068458064560465,2.2344929417022357,0.2513810098171234,3,34,25,1.32
4,17,6971,00:00:48.7430000,51,15029,55867,21187896,22750467,108343689,131094156,147615132,278709288,3.095818574907107,2.9415330574299863,0.2833136022090912,4,51,39,1.2820513
4,18,7767,00:01:57.4020000,73,26791,106514,34778901,38672964,223635735,262308699,271743233,534051932,3.4202889274735853,6.957328260487436,0.3538261353969574,4,74,61,1.1967213
4,19,8622,00:04:17.4700000,83,47360,201022,58836067,67535209,457125553,524660762,481295894,1005956656,3.96745596540299,19.414719137643633,0.5171003937721252,3,84,68,1.2205882
4,20,9545,00:08:56.8550000,77,82896,378031,100091908,116938042,931694040,1048632082,842939742,1891571824,4.464527292256233,11.248066561179716,0.485891729593277,4,78,60,1.2833333
49,0,1893,00:00:00.0280000,1,1,1,1007,1007,0,1007,3108,4115,1,1,0,0,1,1,0
49,1,2066,00:00:00.0380000,1,1,1,2006,2006,0,2006,5512,7518,1,1,0,0,1,1,0
49,2,2303,00:00:00.0580000,2,3,4,4018,4021,0,4021,12529,16550,1.0017421602787457,1.0034904387823467,0,1,2,1,1
49,3,2539,00:00:00.0620000,3,7,9,7991,8001,6,8007,26209,34216,1.0091352771868352,1.0184807647793903,0,1,3,2,1
49,4,2764,00:00:00.0750000,3,9,16,15650,15672,380,16052,51407,67459,1.0185303514376998,1.0379301996637584,0.017125258222222328,1,3,2,1
49,5,2992,00:00:00.0800000,3,15,37,29674,29743,2280,32023,99486,131509,1.0304643795915616,1.0632933588181965,0.029363218694925308,1,3,2,1
49,6,3245,00:00:00.0880000,4,32,65,54587,54845,9182,64027,196302,260329,1.0612783263414367,1.132409191709013,0.04251395910978317,1,4,3,1
49,7,3522,00:00:00.1020000,6,54,117,98245,98718,29326,128044,384489,512533,1.1152933991551732,1.2666948160166829,0.05758200213313103,1,6,5,1
49,8,3829,00:00:00.1280000,7,86,206,173359,174670,81643,256313,743560,999873,1.2111168153946434,1.5509234082181937,0.09621386975049973,1,7,6,1
49,9,4154,00:00:00.1710000,10,143,366,303981,306700,205736,512436,1383806,1896242,1.3682170925156507,2.1421067001583296,0.1435554027557373,1,10,9,1
49,10,4503,00:00:00.2720000,11,260,673,526625,533062,491301,1024363,2531187,3555550,1.5618286256824117,2.854035131208113,0.20634454488754272,1,11,10,1
49,11,4879,00:00:00.4210000,12,483,1301,905306,920467,1129164,2049631,4575250,6624881,1.7450541584834298,2.8915048386161732,0.2694084942340851,2,12,10,1.1
49,12,5299,00:00:00.7770000,16,861,2412,1537464,1567646,2529471,4097117,8311237,12408354,1.881757881810566,2.512365965002921,0.30530011653900146,2,16,13,1.1538461
49,13,5787,00:00:01.5290000,19,1629,4689,2552463,2632870,5563630,8196500,15382178,23578678,1.9683944488127743,2.2531620024917083,0.33469828963279724,2,19,15,1.2
49,14,6364,00:00:03.1430000,34,2737,9060,4186003,4386516,12010219,16396735,28918052,45314787,2.057004498085644,2.3429967255731756,0.34235167503356934,2,34,29,1.137931
49,15,7033,00:00:07.7610000,64,4998,17483,6888871,7387892,25380625,32768517,54157049,86925566,2.260605547701503,3.4794491207685234,0.3627694547176361,3,64,57,1.1052631
49,16,7750,00:00:25.3390000,83,8740,32789,11590190,12867800,52705339,65573139,97484748,163057887,2.7153757617433363,10.595225366325327,0.41574913263320923,3,84,71,1.1690141
49,17,8483,00:00:58.6230000,88,15328,60148,19994868,22575713,108570271,131145984,168630230,299776214,3.2326731039184655,11.398210302628309,0.4569549858570099,4,89,70,1.2571429
49,18,9276,00:02:05.9830000,82,26774,111162,33906083,38693735,223667969,262361704,292238677,554600381,3.6228645461641795,5.236469967110209,0.43770575523376465,4,83,60,1.3666667
49,19,10158,00:04:26.5870000,84,46631,207181,56110300,65657844,458743763,524401607,508833128,1033234735,3.9808262119432616,5.022014150374698,0.5449725985527039,4,85,62,1.3548387
49,20,11141,00:09:16.5100000,85,82420,388643,93491246,113534596,935149337,1048683933,893505640,1942189573,4.50182592496414,12.70151598657046,0.5136345624923706,4,86,63,1.3492063
5,0,3712,00:00:00.1740000,1,1,3,1005,1005,0,1005,7773,8778,1,1,0,0,1,1,0
5,1,4182,00:00:00.2090000,2,3,8,2000,2001,0,2001,14480,16481,1.003,1.0060180420147287,0,1,2,1,1
5,2,4702,00:00:00.2720000,3,5,13,4009,4011,0,4011,29563,33574,1.0134696931903218,1.0273683154346527,0,1,3,2,1
5,3,5167,00:00:00.3160000,2,8,22,7981,8007,10,8017,56488,64505,1.0147851146472873,1.0300072239170617,0,1,2,1,1
5,4,5657,00:00:00.3470000,5,14,39,15428,15483,520,16003,111640,127643,1.0296214674617579,1.0615873271569976,0.022458074614405632,1,5,4,1
5,5,6123,00:00:00.3860000,8,25,69,29096,29181,2824,32005,209498,241503,1.1271652460819357,1.3025144472825283,0.08704011887311935,1,8,7,1
5,6,6485,00:00:00.4260000,9,34,101,54016,54158,9862,64020,345161,409181,1.3308649289099526,1.9597165416219096,0.15578912198543549,1,9,8,1
5,7,6770,00:00:00.4710000,8,55,152,98513,99068,29008,128076,535404,663480,1.585374519099002,2.401465435611367,0.20830035209655762,1,8,7,1
5,8,7023,00:00:00.5270000,7,102,250,177921,179428,77001,256429,829062,1085491,1.7777721573057705,1.8744137402690677,0.21754029393196106,1,7,6,1
5,9,7277,00:00:00.6670000,9,166,412,316321,318560,194567,513127,1329675,1842802,1.89796440957129,1.4517904508008197,0.1900409311056137,2,9,7,1.1428572
5,10,7557,00:00:00.7890000,10,282,713,548761,553589,470900,1024489,2254608,3279097,1.9643615344384897,1.247024520778712,0.15521171689033508,2,10,8,1.125
5,11,7882,00:00:00.9740000,11,463,1260,934705,947764,1102453,2050217,4024081,6074298,2.00116079404732,1.1644525487846245,0.12207295000553131,2,11,9,1.1111112
5,12,8266,00:00:01.3470000,16,835,2334,1570050,1599593,2498438,4098031,7447337,11545368,2.041454730741059,1.1775246423634944,0.10057154297828674,3,16,12,1.25
5,13,8724,00:00:02.1510000,20,1536,4449,2601622,2680339,5514342,8194681,14081111,22275792,2.1206216737097088,1.3331068351725108,0.09445597976446152,3,21,17,1.1764706
5,14,9254,00:00:03.9590000,32,2768,8572,4354706,4530312,11861880,16392192,26489138,42881330,2.3205892659573344,2.041360949257985,0.18095162510871887,3,33,28,1.1428572
5,15,9834,00:00:09.0030000,45,4814,16113,7403357,7813228,24980951,32794179,48338973,81133152,2.682337215401067,4.996874649834194,0.28299087285995483,4,46,38,1.1842105
5,16,10449,00:00:24.5940000,53,8636,30040,12725270,13574935,51985917,65560852,85568152,151129004,3.124873263985754,11.213462863813856,0.3640108108520508,4,54,42,1.2619047
5,17,11094,00:00:55.2260000,50,15144,55874,22277101,23968738,107171196,131139934,148170082,279310016,3.7485645012786897,10.01219995598063,0.3136678636074066,4,51,39,1.2820513
5,18,11753,00:01:54.2030000,48,26659,102430,39841940,42476517,219799150,262275667,249472426,511748093,4.436417604162849,3.236451197920862,0.206610307097435,5,49,35,1.3714286
5,19,12477,00:03:53.5560000,31,46104,190001,67640568,72577553,451988049,524565602,427782500,952348102,4.842089410012051,1.8371346790232888,0.1931016445159912,4,32,24,1.2916666
5,20,13325,00:08:14.5740000,30,81650,360960,110736034,121152827,928099507,1049252334,761221286,1810473620,5.09063902360816,1.8932161032950576,0.30064794421195984,4,31,23,1.3043479
6,0,3036,00:00:00.1740000,1,1,2,1003,1003,0,1003,5191,6194,1,1,0,0,1,1,0
6,1,3536,00:00:00.2100000,1,1,3,2002,2002,0,2002,12460,14462,1,1,0,0,1,1,0
6,2,3971,00:00:00.2660000,1,2,7,4011,4012,0,4012,24966,28978,1,1,0,0,1,1,0
6,3,4478,00:00:00.2890000,2,3,12,8004,8005,11,8016,53910,61926,1.0023738130934532,1.0047588990360752,0,1,2,1,1
6,4,4950,00:00:00.3170000,2,10,27,15485,15497,529,16026,107142,123168,1.0046496609622215,1.0093425144529873,0,1,2,1,1
6,5,5412,00:00:00.3500000,2,12,44,29045,29096,2924,32020,205149,237169,1.0121535548287142,1.0246024609607394,0,1,2,1,1
6,6,5933,00:00:00.4050000,5,34,97,52620,52852,11208,64060,405147,469207,1.0329532497149372,1.0683176303487638,0.010771897621452808,1,5,4,1
6,7,6492,00:00:00.5220000,9,55,167,93358,94159,33973,128132,784141,912273,1.1018123781572013,1.2302280616783348,0.04771055281162262,1,9,8,1
6,8,7035,00:00:00.7140000,17,96,322,165030,166117,90254,256371,1414707,1671078,1.292880082409259,1.8651566317223018,0.15953338146209717,1,17,16,1
6,9,7527,00:00:00.8480000,19,180,562,289136,292124,219976,512100,2378225,2890325,1.55354573626252,3.35619582829584,0.3391934335231781,1,19,18,1
6,10,7985,00:00:01.0680000,23,311,949,502980,510870,513802,1024672,3877960,4902632,1.783687224144101,5.158155802101387,0.528929591178894,2,23,19,1.1578947
6,11,8452,00:00:01.3920000,29,527,1644,864759,882473,1167272,2049745,6414040,8463785,1.9392165909808396,6.734105480170892,0.6584305167198181,3,29,23,1.2173913
6,12,8945,00:00:01.9870000,36,975,2973,1478143,1516590,2581692,4098282,10791020,14889302,2.085784663594794,8.974832923935487,0.6769016981124878,3,36,28,1.25
6,13,9454,00:00:03.0280000,40,1616,5210,2552225,2649143,5552760,8201903,18118285,26320188,2.4275391080331867,11.921795198684467,0.5837101340293884,3,40,30,1.3
6,14,9934,00:00:04.8490000,42,2874,9202,4584045,4779970,11624229,16404199,29277715,45681914,3.07151958586794,4.970274108484973,0.38055843114852905,3,42,31,1.3225807
6,15,10401,00:00:09.0840000,38,4992,16110,8134744,8486950,24320690,32807640,46858465,79666105,3.6139104070146524,1.9852901575288884,0.2068530172109604,4,39,28,1.3571428
6,16,10912,00:00:21.0360000,31,8509,28724,13847499,14492648,51092764,65585412,77916042,143501454,3.9007179563616505,1.3828628295628311,0.08124657720327377,4,32,20,1.55
6,17,11511,00:00:46.5370000,26,15001,53511,22882463,24205593,106934567,131140160,136373114,267513274,4.068504207785674,1.373840716452532,0.04478350281715393,3,27,21,1.2380953
6,18,12210,00:01:43.7790000,35,26435,101244,37475409,40557931,221684334,262242265,244098843,506341108,4.3045304188674764,2.0697957690452102,0.050592001527547836,4,36,28,1.25
6,19,13005,00:03:47.9310000,49,46953,193302,62327533,69603338,454814732,524418070,439416618,963834688,4.746572497903936,5.309847422765639,0.16924837231636047,4,50,39,1.2564102
6,20,13874,00:08:03.0450000,60,83116,366397,108013002,121798611,927037057,1048835668,779726384,1828562052,5.377960507013776,10.16338715089628,0.4403156638145447,4,60,46,1.2826087
7,0,2071,00:00:00.0440000,1,2,3,1001,1002,0,1002,3312,4314,1,1,0,0,1,1,0
7,1,2273,00:00:00.0540000,2,3,5,2003,2005,0,2005,6236,8241,1.00199700449326,1.0040019639012767,0,1,2,1,1
7,2,2512,00:00:00.0750000,2,4,7,4008,4011,0,4011,13002,17013,1.00124750499002,1.0024981631097027,0,1,2,1,1
7,3,2714,00:00:00.0770000,2,6,10,7992,8009,9,8018,24655,32673,1.0032532532532532,1.006527729642193,0,1,2,1,1
7,4,2929,00:00:00.0810000,5,8,12,15628,15635,380,16015,48777,64792,1.0098541080112617,1.0199745699548268,0.006164544727653265,1,5,4,1
7,5,3161,00:00:00.0950000,5,17,25,29678,29740,2335,32075,98128,130203,1.0161399016106207,1.0329862785088944,0.013066560961306095,1,5,4,1
7,6,3419,00:00:00.1030000,6,29,51,54646,54786,9359,64145,197856,262001,1.0299564469494564,1.0623311368893589,0.022933410480618477,1,6,5,1
7,7,3701,00:00:00.1150000,6,52,102,98230,98666,29460,128126,388781,516907,1.0518884251247074,1.1109529213062146,0.035730957984924316,1,6,5,1
7,8,4020,00:00:00.1390000,8,84,205,172833,173873,82534,256407,761808,1018215,1.1082721471015373,1.2481274128471769,0.05877965688705444,1,8,7,1
7,9,4370,00:00:00.1880000,12,151,388,301077,303198,209709,512907,1453188,1966095,1.228400043842605,1.598791053790315,0.09565096348524094,1,12,11,1
7,10,4742,00:00:00.3070000,16,296,750,523091,528066,496661,1024727,2673829,3698556,1.419898258620393,2.2142781886116136,0.13949820399284363,2,16,14,1.0714285
7,11,5131,00:00:00.4770000,18,520,1408,904684,917882,1131666,2049548,4781883,6831431,1.648880714149913,2.4643359361852792,0.18309535086154938,2,18,16,1.0625
7,12,5543,00:00:00.8470000,20,912,2581,1546461,1584092,2516920,4101012,8440983,12541995,1.8632341843732239,2.099369832379167,0.20271578431129456,2,20,17,1.117647
7,13,5991,00:00:01.5260000,23,1576,4667,2618284,2712884,5480112,8192996,14915767,23108763,2.064717960312938,2.0759419667614716,0.2069641351699829,2,23,20,1.1
7,14,6483,00:00:02.8210000,38,2749,8604,4476557,4655903,11730768,16386671,26423156,42809827,2.323818952824682,2.77902163987164,0.18931911885738373,3,38,33,1.1212121
7,15,7015,00:00:05.7750000,42,4799,15880,7640006,8041250,24750515,32791765,46472012,79263777,2.65147762972961,3.35084738745951,0.1853472888469696,3,42,36,1.1388888
7,16,7591,00:00:17.3340000,44,8405,29332,13111438,13888798,51685871,65574669,81390032,146964701,3.0275739396395727,3.4438661368022494,0.17244257032871246,4,45,39,1.1282052
7,17,8218,00:00:43.7970000,38,15009,54679,22522169,24030806,107063094,131093900,142377127,273471027,3.4582024937296225,4.267073627173391,0.1822754591703415,4,39,31,1.2258065
7,18,8900,00:01:38.3620000,34,26117,101903,38352214,41384657,220895581,262280238,247383632,509663870,3.8642350087011925,3.9501743671005727,0.17493343353271484,4,35,26,1.3076923
7,19,9669,00:03:30.8810000,44,46422,192136,65058449,70398453,454146644,524545097,436667911,961213008,4.238646928087696,4.15238688513065,0.2074572592973709,4,45,33,1.3333334
7,20,10543,00:07:32.5420000,50,81871,365705,108851196,120513241,928592533,1049105774,779536350,1828642124,4.69761645062678,5.979119540893339,0.25938549637794495,4,51,38,1.3157895
8,0,2531,00:00:00.1350000,1,1,2,1008,1008,0,1008,5796,6804,1,1,0,0,1,1,0
8,1,2849,00:00:00.1530000,1,2,3,2006,2007,0,2007,10421,12428,1,1,0,0,1,1,0
8,2,3151,00:00:00.1860000,1,2,6,4011,4012,0,4012,19105,23117,1,1,0,0,1,1,0
8,3,3452,00:00:00.1940000,2,2,8,8009,8009,6,8015,36258,44273,1.001498314396304,1.0030011732371418,0,1,2,1,1
8,4,3738,00:00:00.2040000,2,4,14,15597,15610,433,16043,68298,84341,1.0034622042700518,1.0069483637459276,0,1,2,1,1
8,5,4073,00:00:00.2160000,2,11,30,29330,29381,2655,32036,139680,171716,1.0085236958745312,1.0171926908935323,0,1,2,1,1
8,6,4439,00:00:00.2340000,3,28,69,53576,53701,10436,64137,281642,345779,1.0203449305659251,1.0415815129256696,0.007973025552928448,1,3,2,1
8,7,4825,00:00:00.2770000,4,45,124,95788,96110,32003,128113,543467,671580,1.0563536142314278,1.1196071211490635,0.016465015709400177,1,4,3,1
8,8,5254,00:00:00.3310000,4,85,239,167583,168669,87586,256255,1043599,1299854,1.1471569311923047,1.3398187430391624,0.03677474334836006,1,4,3,1
8,9,5695,00:00:00.4330000,8,143,455,292885,295325,217133,512458,1910522,2422980,1.3348481485907437,1.8524597951079071,0.06590762734413147,2,8,6,1.1666666
8,10,6124,00:00:00.6090000,12,298,847,509671,516525,507751,1024276,3315261,4339537,1.5856660473128743,2.1861347072973074,0.10744240880012512,2,12,9,1.2222222
8,11,6558,00:00:00.9250000,17,520,1532,883195,897986,1151563,2049549,5664221,7713770,1.8410939826425647,1.9671161191230686,0.15804675221443176,2,17,14,1.1428572
8,12,7002,00:00:01.4450000,21,889,2746,1526934,1560139,2537503,4097642,9597306,13694948,2.1283598374258483,2.193510760008855,0.2203538715839386,3,21,17,1.1764706
8,13,7448,00:00:02.3170000,24,1605,4836,2668569,2744064,5455921,8199985,16019964,24219949,2.483463234415149,3.31002896096476,0.24780060350894928,3,24,19,1.2105263
8,14,7904,00:00:03.9580000,23,2720,8612,4625987,4794191,11613950,16408141,26678511,43086652,2.8079259626107897,3.560203946388859,0.3117719888687134,4,23,16,1.375
8,15,8401,00:00:08.5570000,27,4858,15709,7884808,8190738,24583082,32773820,45449191,78223011,3.0344109837550897,3.321944322855865,0.33984285593032837,4,28,21,1.2857143
8,16,8970,00:00:21.6070000,30,8344,28910,13257747,13868260,51692799,65561059,80006239,145567298,3.268337297430702,4.205607236547449,0.5750698447227478,4,31,21,1.4285715
8,17,9608,00:00:49.3000000,32,15008,54648,22507317,23877431,107327373,131204804,142087041,273291845,3.677931669954264,7.143728415544141,0.5202931761741638,5,33,21,1.5238096
8,18,10293,00:01:46.5480000,31,26315,101716,38432979,41424508,220928179,262352687,247586441,509939128,4.131308920913989,5.336816514312596,0.5306105613708496,4,32,21,1.4761904
8,19,11060,00:03:46.5100000,37,46809,192319,64007891,70346490,454164104,524510594,436412463,960923057,4.4330993189574075,3.806667321714337,0.4697016775608063,4,38,27,1.3703704
8,20,11946,00:08:06.7940000,49,81768,366289,104611722,118918770,929841923,1048760693,784226594,1832987287,4.710437287324264,4.763849684197513,0.4456784725189209,4,50,39,1.2564102
