RepeatId,GenerationId,Generations,Time,SubcloneSelect,SubcloneAlive,SubcloneTotal,CellSelectCount,CellAliveCount,CellNecroCount,CellTumorCount,CellLostCount,CellTotalCount,MeanDriversPerCell,ClonalDiversity,TreeBalance,TreeDepth,NodeCount,LeafCount,Branching
0,0,3569,00:00:00.0490000,1,1,1,1001,1001,0,1001,4624,5625,1,1,0,0,1,1,0
0,1,3958,00:00:00.0620000,1,1,1,2003,2003,0,2003,9765,11768,1,1,0,0,1,1,0
0,2,4281,00:00:00.0830000,2,3,5,4002,4003,0,4003,18289,22292,1.001249375312344,1.0025018677682385,0,1,2,1,1
0,3,4640,00:00:00.0890000,1,5,12,7989,8009,6,8015,37107,45122,1,1,0,0,1,1,0
0,4,5007,00:00:00.0950000,3,7,19,15512,15542,463,16005,74301,90306,1.0045126353790614,1.00907562341017,0,1,3,2,1
0,5,5389,00:00:00.1140000,5,18,41,29316,29348,2668,32016,147675,179691,1.0167144221585482,1.034185421211178,0.014086284674704075,1,5,4,1
0,6,5823,00:00:00.1290000,5,33,77,53556,53755,10388,64143,298643,362786,1.0387071476585257,1.081587050759919,0.034132957458496094,1,5,4,1
0,7,6293,00:00:00.1560000,5,49,131,94886,95638,32393,128031,585695,713726,1.0888012984001856,1.2008512355576009,0.07947278767824173,1,5,4,1
0,8,6788,00:00:00.2010000,14,93,244,167526,168598,87794,256392,1101465,1357857,1.2139429103542136,1.5863003526318968,0.1268569678068161,1,14,13,1
0,9,7295,00:00:00.2950000,17,190,479,291348,294495,217607,512102,1980078,2492180,1.4231365926658155,2.6273001748676656,0.23914600908756256,1,17,16,1
0,10,7801,00:00:00.4540000,20,352,875,505831,514928,509299,1024227,3404509,4428736,1.6606277590736827,4.318960612386358,0.366897851228714,2,20,17,1.117647
0,11,8336,00:00:00.7980000,25,629,1577,865111,890771,1158372,2049143,5841346,7890489,1.8532766315536389,4.823637428485601,0.4518742561340332,2,25,21,1.1428572
0,12,8924,00:00:01.4160000,34,1071,2832,1451723,1520521,2576982,4097503,10148795,14246298,2.0063366082923535,4.798236207096098,0.47685670852661133,2,34,29,1.137931
0,13,9576,00:00:02.5930000,53,1921,5227,2416611,2605922,5588916,8194838,17743935,25938773,2.228160014168602,6.483398064222668,0.46920669078826904,3,53,45,1.1555556
0,14,10263,00:00:04.8500000,86,3371,9381,4158141,4589756,11795217,16384973,30208423,46593396,2.659746987896755,14.400676800265868,0.4729048013687134,4,86,68,1.25
0,15,10948,00:00:08.7990000,85,5961,16389,7388443,8405151,24371744,32776895,49074878,81851773,3.3311760001396777,18.690428229622945,0.5665183067321777,4,86,65,1.3076923
0,16,11608,00:00:15.6660000,71,10573,28366,14123812,15929958,49629168,65559126,75817418,141376544,4.142032335179766,9.193120670129252,0.5411106944084167,5,72,47,1.5106384
0,17,12270,00:00:30.3180000,49,18970,49453,26852318,29855814,101338069,131193883,114960996,246154879,4.740378167724663,4.663999468249385,0.42570266127586365,4,50,31,1.5806452
0,18,12991,00:01:12.6370000,47,34404,88708,48421743,54188462,208044181,262232643,178928698,441161341,5.154745296962978,4.335313506439139,0.43210652470588684,4,48,34,1.382353
0,19,13790,00:02:55.2150000,59,63745,162661,86014412,99791663,424514201,524305864,285022523,809328387,5.685680941468274,7.289052856806371,0.40815699100494385,4,60,46,1.2826087
0,20,14649,00:06:28.5830000,66,119842,301042,159714677,192151139,856511353,1048662492,451599261,1500261753,6.443773786675848,8.825043925830078,0.32216018438339233,4,67,51,1.2941177
9,0,2924,00:00:00.1980000,1,1,2,1009,1009,0,1009,4103,5112,1,1,0,0,1,1,0
9,1,3285,00:00:00.2180000,1,1,2,2004,2004,0,2004,9024,11028,1,1,0,0,1,1,0
9,2,3637,00:00:00.2490000,1,1,3,4005,4005,0,4005,18096,22101,1,1,0,0,1,1,0
9,3,4016,00:00:00.2610000,1,2,5,8009,8017,4,8021,38239,46260,1,1,0,0,1,1,0
9,4,4362,00:00:00.2730000,2,9,15,15561,15576,451,16027,73404,89431,1.0050767945504788,1.01020507615597,0,1,2,1,1
9,5,4752,00:00:00.2860000,2,11,32,29298,29359,2652,32011,147176,179187,1.0129019045668646,1.0261366087510249,0,1,2,1,1
9,6,5171,00:00:00.3040000,4,34,64,53427,53596,10432,64028,293273,357301,1.0295169109251876,1.0609841842356047,0.011654932983219624,1,4,3,1
9,7,5639,00:00:00.3350000,7,68,141,95209,95789,32336,128125,579500,707625,1.079162684200023,1.1731542053191601,0.029416387900710106,1,7,6,1
9,8,6141,00:00:00.3790000,13,118,275,166842,168470,87804,256274,1103997,1360271,1.2034319895469965,1.5014954223111516,0.0675501823425293,2,13,11,1.0909091
9,9,6647,00:00:00.4580000,19,203,518,290504,295264,217230,512494,1980861,2493355,1.4269201112549226,2.2164075862017865,0.12465544790029526,2,19,17,1.0588236
9,10,7140,00:00:00.6020000,25,343,871,507507,518968,505546,1024514,3364751,4389265,1.7520605627114503,2.9687825648372845,0.172092005610466,2,25,23,1.0434783
9,11,7623,00:00:00.8840000,29,604,1524,893339,918339,1131466,2049805,5518092,7567897,2.113386967321476,3.3832459927071947,0.188503235578537,3,29,26,1.0769231
9,12,8108,00:00:01.3580000,28,1031,2637,1558287,1620086,2478771,4098857,8921773,13020630,2.483158108872114,3.641738429406297,0.19428107142448425,3,28,24,1.125
9,13,8615,00:00:02.1630000,36,1773,4512,2741138,2860835,5334126,8194961,14483908,22678869,2.855754434836918,3.4447402407784877,0.17738252878189087,4,36,28,1.25
9,14,9154,00:00:03.7740000,35,3229,8040,4784674,5072653,11319513,16392166,23655227,40047393,3.2462437357278677,3.5339012650495847,0.163621187210083,4,35,25,1.36
9,15,9726,00:00:09.0060000,44,5732,14303,8564879,9125621,23660904,32786525,38578767,71365292,3.736966978751247,3.857854422204353,0.15226273238658905,4,45,35,1.2571429
9,16,10324,00:00:22.1290000,52,10243,25538,15451232,16635760,48903131,65538891,61858410,127397301,4.27593819055982,4.256612604839032,0.1415558010339737,5,53,43,1.2093023
9,17,10965,00:00:48.4130000,48,18472,46182,27576915,30428696,100721268,131149964,99237421,230387385,4.778982855769037,4.6429011770446715,0.21807052195072174,4,49,38,1.2631578
9,18,11669,00:01:41.4530000,61,34328,84829,49348212,55416599,206806556,262223155,160934674,423157829,5.254861047447879,6.038994685520144,0.21911238133907318,5,62,50,1.22
9,19,12445,00:03:29.8030000,72,63760,157167,88141963,102646043,421916517,524562560,262358836,786921396,5.821922981225185,11.70676094553134,0.49569588899612427,4,73,51,1.4117647
9,20,13279,00:07:06.9920000,86,120561,294050,167382475,198379963,850251773,1048631736,421371370,1470003106,6.618009358506618,18.22969493106938,0.4153080880641937,4,87,64,1.34375
10,0,2339,00:00:00.1430000,2,2,2,1003,1003,0,1003,3614,4617,1.2073778664007977,1.48974581806865,0,1,2,1,1
10,1,2621,00:00:00.1690000,2,3,4,2001,2003,0,2003,7170,9173,1.3388305847076463,1.8117545127159327,0,1,2,1,1
10,2,2874,00:00:00.1850000,3,5,7,4001,4003,0,4003,13732,17735,1.50687328167958,2.026981111285094,0.0516718290746212,1,3,2,1
10,3,3096,00:00:00.2250000,3,4,8,8016,8017,0,8017,24745,32762,1.6457085828343314,1.8737281778978823,0.05482719838619232,1,3,2,1
10,4,3308,00:00:00.2310000,3,6,10,15692,15705,337,16042,44807,60849,1.7539510578638797,1.6311410876253516,0.08104003220796585,1,3,2,1
10,5,3523,00:00:00.2350000,4,11,17,29965,29993,2052,32045,82972,115017,1.8245619889871516,1.435516785894154,0.04660285264253616,1,4,3,1
10,6,3748,00:00:00.2400000,4,25,34,55771,55875,8285,64160,155259,219419,1.8843843574617634,1.2822017578545057,0.04891818389296532,1,4,3,1
10,7,3995,00:00:00.2500000,5,51,79,101059,101332,26746,128078,294397,422475,1.92658743902077,1.1861183872994165,0.05162307992577553,2,5,3,1.3333334
10,8,4279,00:00:00.2740000,5,92,169,179562,180441,76229,256670,568430,825100,1.9564161682315857,1.1209044216369353,0.0526767373085022,2,5,3,1.3333334
10,9,4607,00:00:00.3170000,5,166,328,311068,314126,198350,512476,1102511,1614987,1.9795125181632311,1.0753838376212606,0.05112948268651962,2,5,3,1.3333334
10,10,4997,00:00:00.4200000,9,294,648,530699,539010,485726,1024736,2159950,3184686,2.001100435463417,1.0715770429800686,0.0493641123175621,2,9,7,1.1428572
10,11,5459,00:00:00.6020000,21,530,1228,897880,915431,1133542,2048973,4217106,6266079,2.0444870138548583,1.138035771911814,0.0471029169857502,2,21,19,1.0526316
10,12,6000,00:00:01.1120000,37,1023,2451,1507989,1552231,2547140,4099371,8117019,12216390,2.1478034654098934,1.402660382348282,0.057504843920469284,3,37,33,1.0909091
10,13,6606,00:00:02.0570000,50,1807,4678,2530785,2670631,5525982,8196613,15066558,23263171,2.3945040767983055,2.4999773182975633,0.11118295788764954,3,51,44,1.1363636
10,14,7247,00:00:04.2510000,66,3227,8509,4353769,4717290,11676354,16393644,26504023,42897667,2.8208747409428474,7.712321489714719,0.23424981534481049,3,67,56,1.1785715
10,15,7906,00:00:11.7950000,75,5833,15388,7642364,8484181,24292912,32777093,44480700,77257793,3.3299099597977797,15.265184328817368,0.3198600709438324,4,76,58,1.2931035
10,16,8599,00:00:28.7420000,84,10525,27791,13719493,15235381,50324075,65559456,73232837,138792293,3.8071550457440373,10.902535026197018,0.32488393783569336,4,85,62,1.3548387
10,17,9341,00:01:02.3240000,76,18989,50211,23739162,27320078,103840072,131160150,119263744,250423894,4.246993006745562,10.90151316938349,0.30501145124435425,5,77,58,1.3103448
10,18,10134,00:02:07.1300000,78,34485,90813,42896152,51031610,211327292,262358902,192707313,455066215,4.938250731674021,17.483582288133203,0.4686095118522644,5,79,56,1.3928572
10,19,10935,00:04:05.7430000,81,64634,165230,87101321,102085730,422620728,524706458,299076021,823782479,5.939022428833198,26.53395308560056,0.4646227955818176,5,82,56,1.4464285
10,20,11748,00:07:42.6330000,69,120345,300472,176278378,203136223,845647455,1048783678,451598434,1500382112,6.708336339468701,14.529791572728556,0.4336560368537903,5,70,45,1.5333333
11,0,2127,00:00:00.0460000,2,2,2,1003,1003,0,1003,4080,5083,1.0019940179461615,1.0039959796742546,0,1,2,1,1
11,1,2532,00:00:00.0650000,2,3,4,2007,2008,0,2008,9284,11292,1.0014947683109119,1.0029939991807175,0,1,2,1,1
11,2,2885,00:00:00.0900000,2,3,5,4013,4014,0,4014,18488,22502,1.0161973585846,1.0329191937183158,0,1,2,1,1
11,3,3256,00:00:00.0980000,2,3,8,8010,8011,2,8013,37671,45684,1.0280898876404494,1.0577552100652783,0,1,2,1,1
11,4,3599,00:00:00.1080000,3,15,24,15549,15585,440,16025,72535,88560,1.0522220078461637,1.110142468329062,0.013259212486445904,1,3,2,1
11,5,3942,00:00:00.1250000,7,19,40,29370,29434,2576,32010,137692,169702,1.118420156622404,1.266220492556932,0.0379391647875309,2,7,5,1.2
11,6,4305,00:00:00.1360000,8,32,69,54086,54265,9754,64019,261341,325360,1.224013607957697,1.5533523461251322,0.07392247766256332,2,8,6,1.1666666
11,7,4682,00:00:00.1550000,9,63,127,97398,97907,30198,128105,484961,613066,1.4034682437011028,2.0959673237110805,0.12480106949806213,2,9,7,1.1428572
11,8,5044,00:00:00.1840000,11,111,235,173387,174797,81443,256240,847832,1104072,1.645636639425101,2.6917179671027536,0.16503377258777618,3,11,8,1.25
11,9,5401,00:00:00.2380000,12,185,401,307676,311642,200457,512099,1432948,1945047,1.9351558132581026,3.070798562588938,0.18194729089736938,3,12,9,1.2222222
11,10,5764,00:00:00.3300000,14,322,685,543787,553175,471062,1024237,2397099,3421336,2.275146334870087,3.3324660149693894,0.17891351878643036,3,14,11,1.1818181
11,11,6134,00:00:00.5030000,19,529,1161,966229,983738,1067450,2051188,3958691,6009879,2.6401660475932722,3.4468785300173805,0.14568783342838287,3,19,16,1.125
11,12,6520,00:00:00.8240000,20,985,2147,1711284,1751506,2348412,4099918,6518759,10618677,3.014642221863817,3.273638210395278,0.11378553509712219,3,20,17,1.117647
11,13,6932,00:00:01.3900000,25,1654,3844,3024644,3111912,5085609,8197521,10781888,18979409,3.374689384932574,2.8717470395764084,0.09020080417394638,4,25,18,1.3333334
11,14,7386,00:00:02.5200000,24,3037,6968,5282696,5491610,10906641,16398251,18102196,34500447,3.6858622945556587,2.1875332492551993,0.07624698430299759,4,25,18,1.3333334
11,15,7900,00:00:06.1930000,29,5498,12828,9090321,9559359,23225924,32785283,30994269,63779552,3.9340267521905994,1.823278726820168,0.11607490479946136,3,29,23,1.2173913
11,16,8487,00:00:17.6190000,42,9947,23702,15436384,16596250,48955882,65552132,53681258,119233390,4.190701591771751,2.166385089735517,0.11870162934064865,4,43,34,1.2352941
11,17,9153,00:00:43.5050000,60,18417,44706,26490457,29406409,101667460,131073869,93215989,224289858,4.580925047838925,4.7900654202688004,0.17720071971416473,5,61,51,1.1764706
11,18,9884,00:01:37.5030000,72,34204,83705,46794734,54072709,208140376,262213085,158415045,420628130,5.168617220903531,15.957597729082133,0.4212060868740082,5,72,56,1.2678572
11,19,10653,00:03:23.9000000,70,64405,156355,89842130,105134312,419597926,524732238,258347762,783080000,6.038214977761547,11.310396592576721,0.4937274158000946,5,71,52,1.3461539
11,20,11441,00:06:47.6950000,55,122118,290297,183436257,210971126,837788685,1048759811,403282717,1452042528,6.94068121440136,4.985948051854656,0.34120962023735046,5,56,38,1.4473684
12,0,2846,00:00:00.0380000,2,2,2,1004,1004,0,1004,5394,6398,1.0249003984063745,1.0510391936651977,0,1,2,1,1
12,1,3221,00:00:00.0630000,2,2,5,2004,2004,0,2004,10284,12288,1.060878243512974,1.1291067092141693,0,1,2,1,1
12,2,3596,00:00:00.0870000,2,2,7,4012,4012,0,4012,20081,24093,1.1278664007976071,1.2870561896165627,0,1,2,1,1
12,3,3882,00:00:00.0910000,2,5,10,8029,8037,0,8037,34831,42868,1.2325320712417487,1.555020919725223,0,1,2,1,1
12,4,4153,00:00:00.0960000,3,10,18,15632,15656,378,16034,61196,77230,1.3318193449334699,1.8004095736912018,0.015586426481604576,1,3,2,1
12,5,4428,00:00:00.1110000,4,16,31,29636,29702,2353,32055,112211,144266,1.4659873127277636,2.0084406445726337,0.02713032066822052,2,4,2,1.5
12,6,4707,00:00:00.1190000,4,28,62,54788,54974,9043,64017,204714,268731,1.6059903628531795,1.9648229943106537,0.033856917172670364,2,4,2,1.5
12,7,4994,00:00:00.1310000,6,44,98,99737,100131,28029,128160,368763,496923,1.738412023622126,1.7354029807762958,0.03062766045331955,2,6,4,1.25
12,8,5300,00:00:00.1500000,7,77,174,177432,178698,77569,256267,667520,923787,1.8559955363181388,1.511858987080706,0.03477323055267334,2,7,5,1.2
12,9,5639,00:00:00.1990000,8,147,324,309854,313016,199424,512440,1222606,1735046,1.959158184177064,1.3920145267282749,0.034907374531030655,2,8,6,1.1666666
12,10,6020,00:00:00.2760000,13,261,628,536830,543118,481792,1024910,2248808,3273718,2.0762084831324628,1.4556752776649353,0.035693831741809845,2,13,11,1.0909091
12,11,6450,00:00:00.4540000,15,551,1242,919064,937739,1111303,2049042,4130021,6179063,2.2362196756700294,1.7764693425518834,0.04350294545292854,3,15,12,1.1666666
12,12,6925,00:00:00.8800000,23,982,2361,1578978,1623866,2473681,4097547,7451739,11549286,2.4702453105743083,2.3985728584812676,0.06458953768014908,3,23,20,1.1
12,13,7445,00:00:01.6320000,35,1737,4292,2728130,2825299,5373836,8199135,13198704,21397839,2.7496094394328714,2.638567434002984,0.09754647314548492,3,35,31,1.0967742
12,14,8016,00:00:03.1570000,45,3056,7841,4663269,4919867,11478160,16398027,23090556,39488583,3.03876443756515,2.6779816728655486,0.2395603507757187,3,45,40,1.1
12,15,8643,00:00:06.1990000,56,5610,14444,8014043,8648029,24151418,32799447,39958143,72757590,3.4091190925728747,4.113930877922733,0.2737240493297577,3,56,47,1.1702127
12,16,9315,00:00:12.3040000,60,10252,26474,13939343,15494304,50044235,65538539,67473563,133012102,3.891630832242237,7.917870591217917,0.33731356263160706,4,60,49,1.2040817
12,17,10027,00:00:28.8710000,67,18921,48625,24912998,28257485,102908167,131165652,110880288,242045940,4.432690999292819,10.017058080939362,0.3874652683734894,5,68,52,1.2884616
12,18,10790,00:01:18.7390000,66,34759,88913,44750534,52262591,210085268,262347859,180347709,442695568,5.0178373737394955,9.1123148155562,0.380547434091568,5,67,52,1.2692307
12,19,11586,00:03:01.8760000,73,64447,162398,87045562,102097685,422447263,524544948,285752837,810297785,5.907612498383318,7.899989498404218,0.35195931792259216,5,74,61,1.1967213
12,20,12393,00:06:18.5490000,65,121103,297249,177931866,205986233,843174446,1049160679,436328713,1485489392,6.800758409401495,2.9276046983436035,0.17956116795539856,5,66,53,1.226415
13,0,2555,00:00:00.0340000,3,3,4,1002,1002,0,1002,4083,5085,1.1097804391217565,1.243607316954172,0.014302529394626617,1,3,2,1
13,1,2850,00:00:00.0670000,3,4,5,2003,2004,0,2004,7872,9876,1.1862206689965051,1.438630727968988,0.03295183181762695,1,3,2,1
13,2,3155,00:00:00.1030000,5,6,7,4006,4007,0,4007,15712,19719,1.3082875686470294,1.7733165405196267,0.05471654608845711,1,5,4,1
13,3,3388,00:00:00.1160000,5,5,7,8005,8005,0,8005,27328,35333,1.4142410993129295,2.0183272281333475,0.08013901859521866,1,5,4,1
13,4,3628,00:00:00.1330000,5,9,14,15646,15661,354,16015,50412,66427,1.5613575354723253,2.1155329061266035,0.10622813552618027,1,5,4,1
13,5,3860,00:00:00.1470000,5,15,21,29889,29938,2105,32043,92026,124069,1.6701127505102211,1.9552460577200061,0.12044548243284225,1,5,4,1
13,6,4102,00:00:00.1670000,6,28,43,55340,55547,8549,64096,170912,235008,1.7698048427900253,1.723358734646651,0.13985736668109894,2,6,4,1.25
13,7,4359,00:00:00.1870000,8,56,87,100753,101120,27149,128269,316462,444731,1.8543963951445614,1.5111242116506043,0.1515483856201172,2,8,6,1.1666666
13,8,4648,00:00:00.2230000,9,82,159,178563,179558,76680,256238,596622,852860,1.9171104876150153,1.36747209766472,0.15667113661766052,2,9,7,1.1428572
13,9,4980,00:00:00.2720000,11,143,321,311210,313561,198864,512425,1137267,1649692,1.971334468686739,1.294417909116984,0.1640753448009491,2,11,8,1.25
13,10,5366,00:00:00.3800000,14,320,646,534390,540878,483623,1024501,2179866,3204367,2.0288796571792136,1.311472045083894,0.16527459025382996,2,14,11,1.1818181
13,11,5816,00:00:00.5650000,20,534,1221,908461,924981,1124888,2049869,4168513,6218382,2.1215131964938507,1.5026721635001863,0.16407868266105652,3,20,16,1.1875
13,12,6324,00:00:00.9820000,33,910,2263,1546614,1586976,2511654,4098630,7779857,11878487,2.3105241514689507,2.2385139096908535,0.18118132650852203,3,33,26,1.2307693
13,13,6876,00:00:01.8000000,39,1716,4295,2646954,2772739,5426101,8198840,13965760,22164600,2.639945008489003,4.899520738094258,0.248191699385643,3,40,33,1.1818181
13,14,7451,00:00:03.3260000,55,3090,7810,4662916,4934842,11449947,16384789,23931731,40316520,3.101169096762627,10.80602932160652,0.36645177006721497,4,56,38,1.4473684
13,15,8051,00:00:06.2750000,59,5647,14292,8278721,8899768,23892377,32792145,39828451,72620596,3.5982591997000504,10.191628216495277,0.5276728272438049,5,60,39,1.5128205
13,16,8680,00:00:11.9880000,62,10186,25777,14819526,16119946,49447481,65567427,64850036,130417463,4.113251665404143,8.553219161430876,0.5761875510215759,4,63,42,1.4761904
13,17,9346,00:00:28.4910000,60,18722,46847,26798520,29688526,101410203,131098729,104363209,235461938,4.6970318136971745,8.935051508216953,0.44139787554740906,5,61,40,1.5
13,18,10049,00:01:13.1180000,56,34380,85254,49803942,56096069,206101169,262197238,165872070,428069308,5.390243647781936,6.465870680342229,0.35854318737983704,4,57,41,1.3658537
13,19,10793,00:02:47.8630000,56,63876,156605,94722487,107449966,417161367,524611333,260867874,785479207,6.069765587974902,4.805895725962805,0.2856511175632477,5,57,42,1.3333334
13,20,11596,00:06:02.1390000,52,120674,291338,176418607,204402571,844905721,1049308292,410245913,1459554205,6.68349278486254,5.013269617021554,0.3067645728588104,4,53,41,1.2682927
14,0,2508,00:00:00.0470000,2,2,2,1003,1003,0,1003,4778,5781,1.0049850448654039,1.0100197674696798,0,1,2,1,1
14,1,2985,00:00:00.0630000,4,5,7,2003,2004,0,2004,10976,12980,1.0439340988517225,1.0922300927721025,0.013964339159429073,1,4,3,1
14,2,3332,00:00:00.0950000,5,6,8,4000,4001,0,4001,19858,23859,1.0805,1.1770459733901113,0.04200836271047592,1,5,4,1
14,3,3685,00:00:00.1030000,6,8,12,8001,8008,1,8009,38513,46522,1.1471066116735409,1.3547518890472774,0.09328955411911011,1,6,5,1
14,4,3987,00:00:00.1100000,6,15,21,15595,15631,388,16019,68855,84874,1.2464251362616223,1.6690787095177935,0.1505957841873169,1,6,5,1
14,5,4289,00:00:00.1190000,6,20,28,29620,29702,2337,32039,124643,156682,1.3865631330182309,2.2119934489319255,0.23812030255794525,1,6,5,1
14,6,4579,00:00:00.1300000,7,36,61,54732,54921,9108,64029,220697,284726,1.5413834685376013,2.7887238167841355,0.33182498812675476,2,7,5,1.2
14,7,4875,00:00:00.1470000,7,60,112,99083,99747,28443,128190,392043,520233,1.6836995246409576,3.0327844980982657,0.42447543144226074,2,7,5,1.2
14,8,5191,00:00:00.1750000,10,99,200,176406,177727,78650,256377,701762,958139,1.8169733455778148,2.904572758412086,0.415263295173645,3,10,7,1.2857143
14,9,5534,00:00:00.2270000,12,170,359,309622,313032,199624,512656,1262099,1774755,1.952102886745774,2.7295364467174497,0.42441481351852417,3,12,8,1.375
14,10,5907,00:00:00.4180000,16,306,659,539941,548588,476711,1025299,2260244,3285543,2.1765952205889163,2.992655734121996,0.4171595871448517,3,16,11,1.3636364
14,11,6285,00:00:00.5930000,20,563,1160,961728,981887,1067714,2049601,3861594,5911195,2.671547464563785,3.7660329289911245,0.3277819752693176,4,20,14,1.3571428
14,12,6644,00:00:00.8690000,23,934,2009,1766484,1809438,2286575,4096013,6189355,10285368,3.3073880091752885,2.601632504255342,0.1826038509607315,4,23,17,1.2941177
14,13,7007,00:00:01.3860000,25,1676,3571,3222820,3309268,4895542,8204810,9786881,17991691,3.7774607331467474,1.690519506876224,0.08425173163414001,4,25,18,1.3333334
14,14,7408,00:00:02.2950000,26,2990,6457,5689001,5864140,10544966,16409106,15965101,32374207,4.060742299043365,1.5805826843064086,0.043563295155763626,4,27,21,1.2380953
14,15,7866,00:00:04.2010000,29,5493,11888,9817809,10203384,22581602,32784986,26875809,59660795,4.291737392731922,2.061287230195318,0.19820159673690796,4,29,24,1.1666666
14,16,8396,00:00:08.7820000,35,10106,22446,16865961,17857224,47741220,65598444,46487594,112086038,4.5690852125176855,3.712283494422274,0.32872429490089417,3,35,29,1.1724138
14,17,8997,00:00:25.7980000,50,18579,42372,29104909,31777014,99363092,131140106,80564899,211705005,4.94646597245846,7.161370096029741,0.43860703706741333,3,50,40,1.225
14,18,9667,00:01:09.0100000,73,34609,80049,51599816,57987181,204379686,262366867,137813181,400180048,5.469354619404069,11.479803767417838,0.44743064045906067,4,73,55,1.3090909
14,19,10388,00:02:39.3730000,84,65092,150823,97025932,111169415,413586935,524756350,228326367,753082717,6.262994309603746,14.631546378674718,0.40008559823036194,4,84,58,1.4310344
14,20,11133,00:05:36.7600000,56,124181,282322,193522734,223972422,825340781,1049313203,360462056,1409775259,7.204457218964259,5.197669616435453,0.4604664742946625,4,57,34,1.6470588
15,0,3740,00:00:00.0460000,1,1,1,1004,1004,0,1004,5411,6415,1,1,0,0,1,1,0
15,1,4065,00:00:00.0570000,1,2,2,2006,2007,0,2007,9676,11683,1,1,0,0,1,1,0
15,2,4382,00:00:00.0770000,2,2,3,4002,4002,0,4002,18057,22059,1.002248875562219,1.0045078813785686,0,1,2,1,1
15,3,4729,00:00:00.0830000,2,8,9,7988,7999,5,8004,36428,44432,1.001752628943415,1.003511373181267,0,1,2,1,1
15,4,5087,00:00:00.0890000,3,15,22,15495,15557,467,16024,73546,89570,1.0045821232655696,1.00921663918602,0,1,3,2,1
15,5,5475,00:00:00.1090000,7,20,42,29214,29317,2709,32026,148389,180415,1.018039296227836,1.0369931866534177,0.015043211169540882,1,7,6,1
15,6,5901,00:00:00.1240000,10,33,75,53524,53697,10377,64074,296922,360996,1.0467267020402062,1.0999615316299716,0.04055009409785271,1,10,9,1
15,7,6360,00:00:00.1510000,12,53,140,95403,95822,32305,128127,578651,706778,1.110069913944006,1.259300001058881,0.09160684794187546,1,12,11,1
15,8,6838,00:00:00.1990000,16,105,270,167733,168859,87193,256052,1076641,1332693,1.244334746293216,1.7151280192527725,0.19078601896762848,2,16,14,1.0714285
15,9,7327,00:00:00.2780000,19,170,459,293160,296731,215912,512643,1917517,2430160,1.473693546186383,3.0930989064457988,0.3469262719154358,2,19,16,1.125
15,10,7813,00:00:00.4290000,25,313,828,512041,519741,505326,1025067,3277883,4302950,1.7423038389503966,6.110812174147587,0.4829419255256653,2,25,20,1.2
15,11,8311,00:00:00.7110000,32,577,1509,888299,907309,1142146,2049455,5518069,7567524,2.020123854693071,9.056727839376515,0.5117872357368469,2,32,25,1.24
15,12,8827,00:00:01.2200000,41,1029,2628,1541445,1588256,2513144,4101400,9190963,13292363,2.3220218690903667,9.297531935245262,0.4798693060874939,3,41,31,1.2903225
15,13,9373,00:00:02.0700000,45,1784,4729,2656119,2779612,5420814,8200426,15299793,23500219,2.661293789924322,6.596169712360434,0.4381786584854126,3,45,34,1.2941177
15,14,9959,00:00:03.7550000,50,3183,8450,4587604,4870947,11530461,16401408,25528840,41930248,2.996716586697544,5.358100250859118,0.3961716890335083,3,50,37,1.3243244
15,15,10595,00:00:07.1580000,57,5815,15315,7899137,8581248,24206678,32787926,42726366,75514292,3.369253501996484,7.480996823112526,0.39051613211631775,4,58,42,1.3571428
15,16,11281,00:00:16.3930000,72,10377,27504,13856104,15324537,50249578,65574115,71062730,136636845,3.824368812474271,14.182449067013243,0.4058857262134552,5,73,53,1.3584906
15,17,12004,00:00:44.1270000,72,18856,49478,24616538,28056381,103127757,131184138,115417599,246601737,4.409247799182809,19.23540875375473,0.5076103806495667,4,73,53,1.3584906
15,18,12747,00:01:39.4170000,77,34259,88759,47180646,53945856,208212219,262158075,182179271,444337346,5.231339096120049,5.938369192542077,0.342774361371994,5,78,56,1.375
15,19,13522,00:03:25.6990000,67,63403,161156,90347596,102999718,421427487,524427205,283376068,807803273,5.881510140015236,2.4394514466720554,0.19207727909088135,5,68,49,1.3673469
15,20,14373,00:07:00.9700000,62,118658,298495,163543206,192021702,856929325,1048951027,447579391,1496530418,6.395704294802684,3.2313831900981573,0.16352924704551697,4,63,46,1.3478261
16,0,2392,00:00:00.0300000,2,2,2,1005,1005,0,1005,5064,6069,1.0069651741293533,1.0140273379113205,0,1,2,1,1
16,1,2697,00:00:00.0420000,2,2,2,2002,2002,0,2002,9080,11082,1.0144855144855145,1.0293905570570407,0,1,2,1,1
16,2,3090,00:00:00.0620000,2,3,3,4006,4008,0,4008,19399,23407,1.0391912131802297,1.0814440635427778,0,1,2,1,1
16,3,3446,00:00:00.0650000,2,5,9,7997,8003,2,8005,37979,45984,1.0874077779167188,1.1898179640689546,0,1,2,1,1
16,4,3779,00:00:00.0700000,3,7,17,15582,15596,415,16011,71750,87761,1.1605057117186497,1.3707586040842483,0.02230985462665558,1,3,2,1
16,5,4108,00:00:00.0850000,4,17,34,29460,29534,2535,32069,133954,166023,1.2725390359809912,1.66857594960993,0.05727730318903923,2,4,2,1.5
16,6,4425,00:00:00.0950000,5,34,72,54453,54658,9474,64132,240402,304534,1.4267533469230345,2.007931998021038,0.0772705003619194,2,5,3,1.3333334
16,7,4741,00:00:00.1120000,7,56,130,98715,99136,29054,128190,424570,552760,1.5923821101149775,2.1093215144011443,0.07442066818475723,2,7,5,1.2
16,8,5072,00:00:00.1400000,7,94,211,175181,176887,79498,256385,751931,1008316,1.7671779473801383,1.9301891152458224,0.09257884323596954,2,7,5,1.2
16,9,5418,00:00:00.1880000,11,168,367,308962,311943,200191,512134,1319757,1831891,1.942976806209178,1.8073727906684582,0.09929115325212479,2,11,9,1.1111112
16,10,5797,00:00:00.2820000,13,283,665,538392,546075,479340,1025415,2336502,3361917,2.129039807426559,1.9400070438810637,0.1034749373793602,2,13,11,1.0909091
16,11,6208,00:00:00.4880000,17,546,1231,933543,950964,1100028,2050992,4116692,6167684,2.3484992121412724,2.481941591545601,0.11853814125061035,2,17,14,1.1428572
16,12,6657,00:00:00.8820000,22,971,2293,1609721,1653787,2445643,4099430,7218039,11317469,2.584395680990681,3.108212856351737,0.14139790832996368,3,22,18,1.1666666
16,13,7158,00:00:01.6190000,32,1753,4234,2750906,2856233,5342996,8199229,12710956,20910185,2.808067596639071,3.0056556097019986,0.18370412290096283,3,32,27,1.1481482
16,14,7726,00:00:03.1430000,45,3198,7728,4639146,4900333,11488381,16388714,22554008,38942722,3.0008439053222298,2.8709607257009413,0.19703923165798187,3,46,39,1.1538461
16,15,8374,00:00:06.3970000,61,5761,14490,7728254,8459112,24323957,32783069,40189579,72972648,3.2521930568017043,3.9504826837920834,0.21509572863578796,4,62,53,1.1509434
16,16,9086,00:00:13.1790000,86,10524,27039,13172778,15056505,50536107,65592612,70062901,135655513,3.7073173175772034,11.008567610013904,0.28186744451522827,4,87,72,1.1944444
16,17,9825,00:00:28.5850000,98,18969,49380,23333999,27620234,103560437,131180671,115797198,246977869,4.325532455881223,19.057362974006338,0.5042936205863953,4,99,74,1.3243244
16,18,10600,00:01:13.5980000,99,34613,89552,43472064,51776975,210567791,262344766,186846709,449191475,5.004230371946453,11.370213913761104,0.537278413772583,4,100,72,1.375
16,19,11420,00:02:59.8740000,82,63813,163883,81643569,97998349,426498705,524497054,297188334,821685388,5.668794807341164,10.696312451525937,0.4236948490142822,5,83,61,1.3442622
16,20,12281,00:06:34.3280000,73,119949,302481,162238931,194427990,854975194,1049403184,464384496,1513787680,6.600945583153528,10.669561271800273,0.3353169858455658,5,74,55,1.3272728
17,0,5825,00:00:00.0690000,1,1,2,1004,1004,0,1004,6433,7437,1,1,0,0,1,1,0
17,1,6193,00:00:00.0850000,1,1,4,2012,2012,0,2012,11361,13373,1,1,0,0,1,1,0
17,2,6540,00:00:00.1080000,1,4,8,3998,4001,0,4001,20463,24464,1,1,0,0,1,1,0
17,3,6920,00:00:00.1190000,1,5,12,7983,8004,5,8009,39710,47719,1,1,0,0,1,1,0
17,4,7276,00:00:00.1360000,3,9,20,15523,15546,462,16008,76432,92440,1.0053469045931842,1.0107649549324247,0,1,3,2,1
17,5,7664,00:00:00.1550000,4,16,32,29191,29286,2716,32002,150988,182990,1.0116474255763763,1.0236419384962967,0.007195770740509033,1,4,3,1
17,6,8090,00:00:00.1680000,5,29,66,53422,53580,10467,64047,299885,363932,1.0261128374078095,1.0539372617615383,0.01619754731655121,1,5,4,1
17,7,8558,00:00:00.1950000,8,58,134,95189,95715,32313,128028,586001,714029,1.070880038659929,1.1548203509094677,0.0361969992518425,1,8,7,1
17,8,9066,00:00:00.2450000,12,116,280,166221,167549,88518,256067,1118476,1374543,1.1769872639437857,1.4429906074201237,0.0849103033542633,1,12,11,1
17,9,9587,00:00:00.3400000,16,200,512,290187,294249,218319,512568,2023649,2536217,1.375030583727045,2.1780718827584638,0.17322225868701935,2,16,14,1.0714285
17,10,10111,00:00:00.5270000,22,362,930,501601,512290,512159,1024449,3509008,4533457,1.6248851178526358,3.0963994484319035,0.2678142189979553,2,22,20,1.05
17,11,10650,00:00:00.8610000,29,590,1616,861010,889316,1159739,2049055,5968495,8017550,1.8590504175328975,3.126852124895688,0.33815431594848633,2,29,26,1.0769231
17,12,11227,00:00:01.4700000,40,1025,2807,1469733,1534947,2564570,4099517,10169539,14269056,2.081873374279546,3.3118696316051883,0.3430211842060089,3,40,36,1.0833334
17,13,11842,00:00:02.5080000,54,1869,5035,2511110,2665191,5529017,8194208,17238253,25432461,2.398950663252506,5.309259060891381,0.3239782750606537,3,54,45,1.1777778
17,14,12475,00:00:04.6080000,63,3380,8971,4389468,4760465,11635500,16395965,28482253,44878218,2.896072827048745,10.3645864707354,0.30920425057411194,4,63,50,1.24
17,15,13105,00:00:10.1500000,64,5781,15600,7953032,8737893,24035246,32773139,45421467,78194606,3.5470689669046975,8.113386777030701,0.2558809518814087,5,65,49,1.3061224
17,16,13715,00:00:24.0700000,56,10251,26989,15414601,16806266,48792845,65599111,69341947,134941058,4.452379468012179,6.045033787692202,0.15661503374576569,5,57,40,1.4
17,17,14293,00:00:48.2080000,33,18662,46516,31076093,33517108,97651249,131168357,101468085,232636442,5.398924118292476,2.6358899419719246,0.0943472683429718,5,34,23,1.4347826
17,18,14901,00:01:33.2700000,23,34498,82808,58610494,62867358,199380470,262247828,150844222,413092050,5.860677799439807,1.5493955070171321,0.06635961681604385,4,24,17,1.3529412
17,19,15604,00:03:08.8120000,29,63600,152525,100870858,111050520,413630952,524681472,237800841,762482313,6.093365796491986,1.5372291302568697,0.0506015308201313,4,30,25,1.16
17,20,16427,00:06:39.8490000,49,120447,288953,165497145,196356340,852438450,1048794790,393615538,1442410328,6.384101055036327,2.6113738213578834,0.08646085113286972,4,50,44,1.1136364
18,0,3432,00:00:00.0410000,2,2,2,1002,1002,0,1002,4760,5762,1.003992015968064,1.0080159136498887,0,1,2,1,1
18,1,3822,00:00:00.0600000,2,3,4,2002,2004,0,2004,10270,12274,1.0034965034965035,1.0070175063247973,0,1,2,1,1
18,2,4213,00:00:00.0820000,3,3,4,4001,4001,0,4001,20611,24612,1.007998000499875,1.0161522787399189,0,1,3,2,1
18,3,4581,00:00:00.1000000,3,4,7,7992,7997,4,8001,39629,47630,1.0081331331331331,1.016431305619701,0,1,3,2,1
18,4,4942,00:00:00.1050000,5,13,22,15528,15552,464,16016,76398,92414,1.0233771251931993,1.0482093791147264,0.01689894124865532,1,5,4,1
18,5,5334,00:00:00.1140000,6,20,41,29314,29382,2708,32090,152309,184399,1.046905915262332,1.0999046807649826,0.03538738936185837,1,6,5,1
18,6,5744,00:00:00.1280000,7,32,79,53521,53736,10341,64077,295202,359279,1.0977560210011024,1.2232601054261623,0.06714693456888199,1,7,6,1
18,7,6176,00:00:00.1510000,10,54,132,96183,96615,31538,128153,556185,684338,1.2170757826227088,1.5891401269989769,0.13199302554130554,1,10,9,1
18,8,6608,00:00:00.1900000,13,99,239,170177,171335,84842,256177,998275,1254452,1.4080633693154774,2.4450736762748653,0.2411516159772873,2,13,10,1.2
18,9,7041,00:00:00.2540000,18,157,417,299516,301919,210686,512605,1732599,2245204,1.6348341991746684,3.7369781295213533,0.3514293432235718,2,18,15,1.1333333
18,10,7486,00:00:00.3890000,21,276,737,521158,527725,497039,1024764,2962561,3987325,1.8618844956807725,4.541669646227532,0.4163532555103302,2,21,17,1.1764706
18,11,7957,00:00:00.6170000,25,513,1343,901503,918523,1129924,2048447,5058995,7107442,2.103093389594932,5.243282024345352,0.4345613121986389,3,25,20,1.2
18,12,8456,00:00:01.0630000,30,920,2449,1564059,1604801,2494277,4099078,8582260,12681338,2.412827776957263,7.260462368226727,0.40354862809181213,3,30,26,1.1153846
18,13,8976,00:00:01.8350000,34,1756,4472,2731329,2834191,5360359,8194550,14327767,22522317,2.804668350096235,9.325937432298325,0.3722967207431793,3,34,29,1.137931
18,14,9519,00:00:03.3810000,38,3082,7917,4805846,5062245,11331668,16393913,23585329,39979242,3.2474242828421884,6.696733636924343,0.32895374298095703,4,38,31,1.1935484
18,15,10098,00:00:07.4070000,38,5566,14123,8417264,9018897,23771157,32790054,38763879,71553933,3.6465714987672952,3.441740012027453,0.27677807211875916,4,39,30,1.2666667
18,16,10735,00:00:20.1240000,45,10365,26036,14505173,15837941,49745346,65583287,64252901,129836188,3.961869258643106,2.524097846230042,0.2227437049150467,4,46,37,1.2162162
18,17,11449,00:00:49.8320000,55,18440,47678,24426089,27923194,103191522,131114716,107913384,239028100,4.307282389743197,3.4376678124758286,0.19187763333320618,4,56,46,1.1956521
18,18,12237,00:01:51.1680000,77,34353,88208,42223633,50773716,211542839,262316555,180732236,443048791,4.837706291166371,9.075581067385711,0.2295006960630417,5,78,63,1.2222222
18,19,13079,00:03:53.2060000,88,63509,163167,77229510,96004923,428608514,524613437,295528310,820141747,5.570154103010624,14.779778916421197,0.35256925225257874,4,89,70,1.2571429
18,20,13954,00:07:46.3510000,88,119356,302348,155870660,190506672,858514960,1049021632,467085477,1516107109,6.501765559984156,11.59566340668013,0.32948020100593567,5,89,66,1.3333334
1,0,2812,00:00:00.0610000,2,3,3,1003,1004,0,1004,4300,5304,1.0099700897308075,1.0201389016677793,0,1,2,1,1
1,1,3221,00:00:00.0750000,2,2,3,2011,2011,0,2011,9879,11890,1.0069617105917454,1.0140203275926982,0,1,2,1,1
1,2,3535,00:00:00.0940000,2,2,3,4001,4001,0,4001,18022,22023,1.010747313171707,1.0217255819690314,0,1,2,1,1
1,3,3888,00:00:00.0980000,2,4,5,7994,7998,3,8001,36808,44809,1.0391543657743307,1.0813646604664613,0,1,2,1,1
1,4,4271,00:00:00.1040000,3,12,22,15501,15541,462,16003,76175,92178,1.087284691310238,1.190164307596293,0.017085948958992958,1,3,2,1
1,5,4617,00:00:00.1210000,5,15,38,29406,29470,2556,32026,141685,173711,1.161429640209481,1.3761130095718925,0.02983023226261139,1,5,4,1
1,6,4969,00:00:00.1320000,6,29,66,54136,54305,9767,64072,261454,325526,1.2719447317866115,1.6817737860503732,0.05544857308268547,1,6,5,1
1,7,5323,00:00:00.1500000,9,53,125,97809,98057,30031,128088,470683,598771,1.4326902432291506,2.071681053956239,0.08192203938961029,2,9,7,1.1428572
1,8,5685,00:00:00.1810000,10,103,227,173653,174630,81481,256111,832859,1088970,1.6115414072892493,2.1472472264476274,0.11276787519454956,2,10,8,1.125
1,9,6067,00:00:00.2420000,11,178,399,303060,306356,205646,512002,1469804,1981806,1.778779779581601,1.8630813872262728,0.13769076764583588,2,11,8,1.25
1,10,6484,00:00:00.3540000,17,331,726,525502,533554,490756,1024310,2611265,3635575,1.934095398304859,1.6671203568530308,0.15700945258140564,2,17,14,1.1428572
1,11,6946,00:00:00.5690000,23,540,1288,900798,921461,1128467,2049928,4661583,6711511,2.105966043441482,1.7856064304792478,0.17256475985050201,3,23,18,1.2222222
1,12,7448,00:00:01.0450000,35,1033,2473,1552831,1598976,2499709,4098685,8215539,12314224,2.375983606715734,2.702611130775216,0.19940243661403656,3,35,29,1.1724138
1,13,7973,00:00:01.8410000,41,1811,4446,2722945,2835344,5365817,8201161,14023895,22225056,2.8089270991518376,5.3732199823858755,0.2491760551929474,3,41,34,1.1764706
1,14,8507,00:00:03.2750000,39,3149,7814,4827827,5113191,11272007,16385198,23082961,39468159,3.3087513284962364,4.574591095022466,0.2696450352668762,3,40,32,1.21875
1,15,9073,00:00:06.0310000,33,5669,13989,8456474,9140427,23656461,32796888,37802621,70599509,3.7212846630877126,2.344157933643669,0.20382927358150482,4,34,25,1.32
1,16,9695,00:00:11.4350000,44,10115,25234,14637906,16049312,49510088,65559400,62437579,127996979,4.0332284549443065,1.9597140931412378,0.21509906649589539,4,45,34,1.2941177
1,17,10390,00:00:24.9590000,66,18737,46965,25543875,28624076,102548153,131172229,104435043,235607272,4.472426364441573,3.42527595543925,0.37711167335510254,4,67,54,1.2222222
1,18,11127,00:01:04.7340000,79,33935,85785,47382598,54216000,207973196,262189196,170422425,432611621,5.2286681494332585,9.072437856583079,0.4690033197402954,5,80,64,1.234375
1,19,11883,00:02:31.7560000,71,64022,157650,92874568,106512465,418037951,524550416,267778591,792329007,6.083038921914555,6.0261731296430465,0.4335177540779114,4,72,52,1.3653846
1,20,12686,00:05:41.7280000,58,120999,293301,179087195,204350316,844590867,1048941183,417169545,1466110728,6.710992893713032,4.378743565709111,0.42611944675445557,5,59,40,1.45
19,0,2429,00:00:00.0330000,1,1,2,1001,1001,0,1001,4552,5553,1,1,0,0,1,1,0
19,1,2860,00:00:00.0460000,1,1,4,2002,2002,0,2002,9968,11970,1,1,0,0,1,1,0
19,2,3223,00:00:00.0680000,2,4,8,3998,4001,0,4001,19299,23300,1.004752376188094,1.0095499637868046,0,1,2,1,1
19,3,3608,00:00:00.0770000,2,4,14,7990,7999,7,8006,39624,47630,1.002002503128911,1.0040129749581588,0,1,2,1,1
19,4,3982,00:00:00.0910000,3,10,25,15523,15558,475,16033,78300,94333,1.0032210268633641,1.006467393537997,0,1,3,2,1
19,5,4365,00:00:00.1110000,4,15,38,29206,29288,2722,32010,152236,184246,1.0067109498048346,1.0135359306589462,0.004145675338804722,1,4,3,1
19,6,4786,00:00:00.1310000,6,31,69,53337,53577,10439,64016,298610,362626,1.0186549674709864,1.0382382947291875,0.013877148739993572,1,6,5,1
19,7,5264,00:00:00.1610000,11,59,151,94971,95453,32610,128063,592859,720922,1.0478040665045119,1.1021093330124005,0.03472985699772835,1,11,10,1
19,8,5793,00:00:00.2140000,14,104,275,165727,167343,88861,256204,1148088,1404292,1.121446716588124,1.288681869850799,0.0851442813873291,1,14,13,1
19,9,6345,00:00:00.3130000,23,180,508,287307,291574,220499,512073,2114483,2626556,1.3070060945260644,1.9418805975154037,0.1915031373500824,2,23,20,1.1
19,10,6888,00:00:00.5040000,33,345,918,501304,510869,513920,1024789,3655150,4679939,1.6126362446738904,3.850166670389054,0.32011380791664124,2,33,28,1.1428572
19,11,7410,00:00:00.8150000,41,611,1609,878679,900380,1148722,2049102,6017165,8066267,1.9695725060004847,6.704134737777336,0.3994080424308777,2,41,35,1.1428572
19,12,7931,00:00:01.3560000,44,1049,2740,1531649,1587665,2510575,4098240,9725473,13823713,2.354118339123389,9.206220848078665,0.4382937252521515,3,44,33,1.3030303
19,13,8466,00:00:02.2220000,45,1813,4773,2666786,2806934,5390505,8197439,15675986,23873425,2.73007395419055,9.970247758256411,0.42405882477760315,3,45,33,1.3333334
19,14,9031,00:00:03.9530000,55,3243,8340,4668950,4961309,11432947,16394256,25428334,41822590,3.1180507394596217,10.702999293240488,0.41621506214141846,4,55,40,1.35
19,15,9631,00:00:08.6130000,57,5753,14733,8211321,8893522,23891798,32785320,41334265,74119585,3.5928602718125378,14.209544668930068,0.45403820276260376,4,58,43,1.3255814
19,16,10255,00:00:21.5880000,68,10238,26003,14952001,16257180,49308882,65566062,66067534,131633596,4.1716055931242915,15.446250212572036,0.49526524543762207,5,69,49,1.3877552
19,17,10908,00:00:48.7370000,70,18552,46569,27482955,30148669,100978174,131126843,104457771,235584614,4.772264991155427,11.944543095665063,0.5443668365478516,4,71,50,1.4
19,18,11598,00:01:41.5710000,64,34224,84605,51346031,57051607,205143366,262194973,164290959,426485932,5.48379608932188,12.574425530196129,0.4126538336277008,5,65,49,1.3061224
19,19,12302,00:03:19.4890000,58,64490,154091,104050304,114951723,409415875,524367598,251475343,775842941,6.4938132520977545,8.59830372275648,0.2639056444168091,4,59,45,1.2888889
19,20,13012,00:06:21.8390000,45,123704,283371,215198835,235301475,814032815,1049334290,373442841,1422777131,7.391075272317343,3.059962416897693,0.1510363519191742,5,46,34,1.3235294
20,0,2221,00:00:00.0300000,1,1,2,1002,1002,0,1002,4132,5134,1,1,0,0,1,1,0
20,1,2497,00:00:00.0400000,1,2,3,2007,2008,0,2008,7669,9677,1,1,0,0,1,1,0
20,2,2836,00:00:00.0720000,2,3,5,4003,4005,0,4005,16534,20539,1.003747189607794,1.0075224119197657,0,1,2,1,1
20,3,3192,00:00:00.0790000,2,4,8,7993,7999,2,8001,34531,42532,1.0075065682472164,1.0151257820952848,0,1,2,1,1
20,4,3576,00:00:00.0860000,3,8,21,15526,15547,454,16001,73460,89461,1.0132680664691485,1.0269290087123841,0.005310308653861284,1,3,2,1
20,5,3959,00:00:00.1070000,5,19,42,29224,29348,2661,32009,146664,178673,1.0317205036955928,1.0659142331300395,0.018199192360043526,1,5,4,1
20,6,4381,00:00:00.1290000,10,40,83,53486,53743,10297,64040,292762,356802,1.0774034326739708,1.1708680859459852,0.043273188173770905,1,10,9,1
20,7,4824,00:00:00.1570000,14,71,151,95661,96252,31901,128153,562698,690851,1.1712087475564754,1.4281828811785564,0.09112577140331268,1,14,13,1
20,8,5272,00:00:00.2060000,16,127,287,168466,170237,85902,256139,1024349,1280488,1.34032386356891,2.043637773018374,0.1719554364681244,1,16,15,1
20,9,5725,00:00:00.2950000,21,221,521,295535,299498,213080,512578,1800096,2312674,1.5581775424230633,2.9671061480477947,0.2696913778781891,2,21,19,1.0526316
20,10,6194,00:00:00.4680000,28,349,874,512577,522232,502833,1025065,3109545,4134610,1.7607656995924514,3.221216414775737,0.3531394302845001,2,28,23,1.173913
20,11,6700,00:00:00.7650000,34,603,1541,873667,900646,1148858,2049504,5396698,7446202,1.9283228049130847,2.9506412607853663,0.4030773341655731,2,34,29,1.137931
20,12,7262,00:00:01.3340000,52,1029,2729,1482283,1542929,2557828,4100757,9472284,13573041,2.1035038518285645,3.266903684594389,0.4277949631214142,2,52,44,1.1590909
20,13,7878,00:00:02.3540000,68,1826,4912,2502342,2656945,5538059,8195004,16561375,24756379,2.3664419172119557,5.364630261287783,0.459271639585495,3,68,58,1.1551725
20,14,8535,00:00:04.4960000,94,3316,8906,4327040,4654693,11740976,16395669,28368907,44764576,2.730002264827688,12.68686018782176,0.5145739316940308,3,94,78,1.1923077
20,15,9234,00:00:11.2680000,104,6010,16060,7383956,8190872,24577249,32768121,47798978,80567099,3.1179263527572485,20.890203874619118,0.5434098839759827,4,105,82,1.2682927
20,16,9981,00:00:30.0320000,107,10652,28842,12788343,14662954,50926654,65589608,79623035,145212643,3.603059286101413,26.10532352125189,0.5154823660850525,4,108,78,1.3717948
20,17,10752,00:01:06.3800000,94,18999,51438,22537724,26895595,104199169,131094764,128224661,259319425,4.224548849741882,23.751632391702934,0.5358136296272278,4,95,70,1.3428571
20,18,11533,00:02:11.7870000,82,34530,92077,44196895,52236876,209971825,262208701,199949255,462157956,5.1392892871773,11.359476284252791,0.3571922481060028,5,83,62,1.3225807
20,19,12300,00:04:06.1740000,51,64331,164607,92396998,105974039,418464731,524438770,299490219,823928989,6.123989385456008,5.645825252507377,0.25928205251693726,5,52,38,1.3421053
20,20,13095,00:07:39.5480000,39,119615,298529,183958598,206961933,841880980,1048842913,446430733,1495273646,6.766286944630878,6.6377869204898925,0.25049158930778503,4,40,30,1.3
21,0,5385,00:00:00.1120000,1,1,2,1005,1005,0,1005,5038,6043,1,1,0,0,1,1,0
21,1,5794,00:00:00.1420000,1,1,2,2006,2006,0,2006,10423,12429,1,1,0,0,1,1,0
21,2,6192,00:00:00.1990000,1,2,5,4006,4008,0,4008,21073,25081,1,1,0,0,1,1,0
21,3,6546,00:00:00.2080000,2,2,9,8017,8017,5,8022,39491,47513,1.0032431083946614,1.0065072121195056,0,1,2,1,1
21,4,6888,00:00:00.2210000,2,11,26,15541,15576,453,16029,74720,90749,1.010681423331832,1.0215910349065649,0,1,2,1,1
21,5,7265,00:00:00.2400000,5,20,47,29281,29354,2674,32028,147625,179653,1.0309074143642636,1.060452171034619,0.013587052933871746,2,5,3,1.3333334
21,6,7693,00:00:00.2860000,7,33,81,53411,53650,10384,64034,296311,360345,1.0874538952650203,1.1597101460268375,0.030474917963147163,2,7,5,1.2
21,7,8110,00:00:00.3340000,9,57,142,96100,96897,31153,128050,547430,675480,1.2642976066597293,1.4944036011590225,0.06571869552135468,2,9,7,1.1428572
21,8,8494,00:00:00.4070000,14,106,261,173089,174678,81345,256023,932524,1188547,1.6772065238114495,2.4668545102449677,0.1026412695646286,3,14,11,1.1818181
21,9,8821,00:00:00.5270000,16,170,405,314323,317938,194155,512093,1458968,1971061,2.203138173153094,2.7508922214481917,0.11490994691848755,3,16,13,1.1538461
21,10,9130,00:00:00.6650000,16,295,672,568019,574800,450041,1024841,2250261,3275102,2.610053536941546,1.9269371890367974,0.06083440035581589,3,16,13,1.1538461
21,11,9456,00:00:00.9240000,14,516,1146,1003296,1018524,1031024,2049548,3583391,5632939,2.871384915319108,1.4992184465916039,0.046092208474874496,4,14,10,1.3
21,12,9824,00:00:01.4430000,14,942,2073,1740977,1775033,2327792,4102825,5993898,10096723,3.0519633516123417,1.4490079326167142,0.03370722010731697,4,14,9,1.4444444
21,13,10245,00:00:02.1500000,17,1727,3791,2984423,3066543,5127857,8194400,10384429,18578829,3.2530716992865956,1.8056526626846596,0.031091876327991486,4,17,12,1.3333334
21,14,10717,00:00:03.3470000,21,3068,6952,5188419,5398215,10998487,16396702,18092730,34489432,3.6012710230226204,3.1976706399741723,0.2222396433353424,3,21,17,1.1764706
21,15,11221,00:00:06.4580000,26,5651,12863,9246201,9775122,23003600,32778722,30608498,63387220,4.1213565441633815,5.550681281223104,0.2405639886856079,3,26,20,1.25
21,16,11755,00:00:16.0540000,32,10327,23466,16757349,17902556,47682212,65584768,50408227,115992995,4.640751350347839,4.309750857864287,0.24374626576900482,3,32,25,1.24
21,17,12344,00:00:37.9480000,37,18751,43088,29839373,32323208,98881983,131205191,83475366,214680557,5.052993137623904,3.7482236265647244,0.25357502698898315,3,37,31,1.1612903
21,18,13008,00:01:24.9530000,47,34690,80575,51824037,57962651,204207960,262170611,139995175,402165786,5.433145704183563,5.600182552619763,0.2550917863845825,4,47,37,1.2432432
21,19,13761,00:03:06.2090000,69,64878,152814,89966198,104758904,419724115,524483019,236815894,761298913,5.8647232041527415,10.557595080629731,0.311215877532959,4,70,54,1.2777778
21,20,14610,00:06:43.8170000,85,121205,290452,153743137,191833808,857351769,1049185577,400386592,1449572169,6.332002000193349,18.36141504996323,0.5663921236991882,4,86,65,1.3076923
22,0,2553,00:00:00.0360000,3,3,3,1001,1001,0,1001,3329,4330,1.4315684315684316,1.9760955282152797,0,2,3,1,2
22,1,2823,00:00:00.0600000,3,4,5,2011,2013,0,2013,6719,8732,1.6101442068622576,2.008442239693303,0,2,3,1,2
22,2,3038,00:00:00.0790000,3,4,5,4010,4014,0,4014,12043,16057,1.7498753117206982,1.8843045024485445,0,2,3,1,2
22,3,3233,00:00:00.0810000,3,5,6,8004,8008,0,8008,21384,29392,1.8516991504247875,1.7372430389544062,0,2,3,1,2
22,4,3421,00:00:00.0840000,3,5,7,15730,15747,285,16032,38993,55025,1.9478067387158295,1.6710661280482297,0,2,3,1,2
22,5,3610,00:00:00.0870000,3,7,12,30122,30169,1909,32078,71926,104004,2.0449505344930614,1.6843434571739588,0,2,3,1,2
22,6,3802,00:00:00.0910000,3,19,30,56394,56511,7577,64088,131368,195456,2.1500336915274674,1.7704515380983021,0,2,3,1,2
22,7,4012,00:00:00.0990000,4,47,68,103403,103610,24714,128324,245315,373639,2.266452617428895,1.9120294526852553,0.012358047068119049,2,4,2,1.5
22,8,4242,00:00:00.1220000,3,68,127,185760,186589,70052,256641,457685,714326,2.398428079242033,2.0448688431511926,0,2,3,1,2
22,9,4498,00:00:00.1490000,3,144,267,329105,331512,181277,512789,851701,1364490,2.5372601449385455,2.018281425126401,0,2,3,1,2
22,10,4784,00:00:00.2200000,5,258,488,578200,583897,441322,1025219,1572371,2597590,2.679072985126254,1.785840428449908,0.003125749295577407,3,5,2,2
22,11,5110,00:00:00.3470000,6,516,998,998462,1015112,1033460,2048572,2908567,4957139,2.803989535906224,1.4927941930469755,0.006694773677736521,3,6,3,1.6666666
22,12,5492,00:00:00.6480000,14,918,1940,1716668,1744408,2353197,4097605,5439344,9536949,2.9213860804768306,1.3259545890103694,0.013171530328691006,2,14,12,1.0833334
22,13,5941,00:00:01.2770000,18,1739,3789,2889447,2972240,5220716,8192956,10218917,18411873,3.025719454276199,1.3017136803700613,0.01694593019783497,2,18,16,1.0625
22,14,6469,00:00:02.6230000,30,3093,7222,4826879,5072125,11325856,16397981,19168856,35566837,3.1854519245251436,1.615395174180232,0.03821752220392227,3,30,26,1.1153846
22,15,7063,00:00:06.5920000,48,5576,13601,8255339,8917938,23882116,32800054,34876305,67676359,3.585688122559231,3.432450699736805,0.36692681908607483,3,48,38,1.2368422
22,16,7650,00:00:18.3280000,51,10460,24880,15734949,17314786,48276107,65590893,57536323,123127216,4.639972967182798,6.401373437246985,0.4861106872558594,3,51,40,1.25
22,17,8189,00:00:39.2230000,37,19154,43800,32871044,35430418,95732381,131162799,86488244,217651043,5.6938165395659475,2.2161505168759708,0.30945873260498047,3,37,25,1.44
22,18,8755,00:01:19.2270000,34,35034,78826,62956576,67065217,195095713,262160930,130649155,392810085,6.1733954686481045,2.022942555193258,0.13901272416114807,4,34,24,1.375
22,19,9401,00:02:43.8020000,33,65397,146672,112271879,121323359,403009108,524332467,206628561,730961028,6.540440086515342,2.966045435620495,0.10581881552934647,3,34,27,1.2222222
22,20,10142,00:05:47.4180000,46,122824,277264,197615747,220498367,828528160,1049026527,337156263,1386182790,6.949053994163735,4.445976410616271,0.16759149730205536,4,47,38,1.2105263
23,0,3196,00:00:00.0400000,1,1,1,1002,1002,0,1002,5347,6349,1,1,0,0,1,1,0
23,1,3573,00:00:00.0520000,1,2,2,2000,2002,0,2002,10448,12450,1,1,0,0,1,1,0
23,2,3942,00:00:00.0720000,2,2,2,4002,4002,0,4002,20306,24308,1.0044977511244377,1.0090359912853386,0,1,2,1,1
23,3,4305,00:00:00.0860000,2,2,7,8004,8004,6,8010,39398,47408,1.0037481259370316,1.007524333696539,0,1,2,1,1
23,4,4673,00:00:00.1090000,2,7,14,15531,15544,458,16002,77465,93467,1.0048934389285944,1.0098347329303337,0,1,2,1,1
23,5,5074,00:00:00.1170000,4,14,34,29255,29310,2720,32030,154974,187004,1.0099811997949069,1.0202087520252316,0.005002936348319054,1,4,3,1
23,6,5517,00:00:00.1400000,5,27,74,53390,53578,10495,64073,309724,373797,1.0239370668664545,1.0493224334304785,0.01577000692486763,1,5,4,1
23,7,5998,00:00:00.1680000,9,49,138,95179,95623,32465,128088,604244,732332,1.0603599533510544,1.130572020658541,0.03686822950839996,1,9,8,1
23,8,6512,00:00:00.2170000,13,103,269,166626,167633,88390,256023,1141686,1397709,1.165226315220914,1.4086614773633792,0.09827886521816254,2,13,11,1.0909091
23,9,7036,00:00:00.3090000,18,183,505,291221,293919,218147,512066,2050292,2562358,1.382393440033514,2.2427049095638596,0.20752201974391937,2,18,15,1.1333333
23,10,7547,00:00:00.4790000,24,328,911,508913,516084,508572,1024656,3489476,4514132,1.7037922002385477,3.9065856263371943,0.31699338555336,2,24,20,1.15
23,11,8044,00:00:00.7820000,27,607,1579,890605,911140,1138994,2050134,5719188,7769322,2.0599614868544416,5.309200206683026,0.3641084134578705,2,27,23,1.1304348
23,12,8544,00:00:01.3010000,31,1060,2693,1554210,1606028,2494162,4100190,9251401,13351591,2.41323501972063,5.502908860085547,0.34921786189079285,3,31,26,1.1538461
23,13,9072,00:00:02.1390000,39,1768,4598,2693933,2810570,5388835,8199405,15114653,23314058,2.7126732550512576,4.3236354562950305,0.3276171386241913,3,39,29,1.3103448
23,14,9655,00:00:03.8660000,52,3222,8292,4567101,4859465,11530377,16389842,25278342,41668184,2.9531893426486517,3.59347255792,0.32330554723739624,4,52,38,1.3421053
23,15,10309,00:00:08.8100000,68,5718,15079,7699433,8437114,24352261,32789375,43119276,75908651,3.2565187592385048,4.702776464323667,0.3250746726989746,4,69,56,1.2142857
23,16,11012,00:00:24.0580000,91,10392,27375,13579627,15212587,50347156,65559743,72433877,137993620,3.8068510276460463,11.949483540050991,0.35590726137161255,5,92,76,1.1973684
23,17,11717,00:00:55.1240000,84,18992,49063,25106590,28786905,102315254,131102159,115195813,246297972,4.590091844412164,10.129483504545279,0.40246546268463135,4,85,63,1.3333334
23,18,12434,00:01:52.0580000,60,34609,87969,48389029,55325239,206863955,262189194,178514460,440703654,5.355223825632046,6.208692665149154,0.2833314538002014,5,61,45,1.3333334
23,19,13199,00:03:42.0290000,50,63996,160152,91582521,104015550,420652674,524668224,277697806,802366030,5.9044375181591695,4.981552492735704,0.3009769320487976,5,51,41,1.2195122
23,20,14044,00:07:25.5940000,62,119837,297519,166422706,193178081,855928244,1049106325,440118265,1489224590,6.412552557581896,7.076175511345848,0.32361236214637756,4,63,51,1.2156863
24,0,2546,00:00:00.0480000,1,1,1,1007,1007,0,1007,4071,5078,1,1,0,0,1,1,0
24,1,2866,00:00:00.0590000,1,2,2,2006,2007,0,2007,8328,10335,1,1,0,0,1,1,0
24,2,3241,00:00:00.0790000,1,1,3,4006,4006,0,4006,18505,22511,1,1,0,0,1,1,0
24,3,3620,00:00:00.0840000,2,6,12,8011,8016,2,8018,38221,46239,1.0013731119710398,1.0027499952640024,0,1,2,1,1
24,4,3993,00:00:00.1000000,3,8,19,15527,15560,463,16023,76216,92239,1.0022541379532428,1.004520963707156,0,1,3,2,1
24,5,4390,00:00:00.1320000,6,15,39,29294,29339,2704,32043,152527,184570,1.0116406089984298,1.0236627626638082,0.008481312543153763,1,6,5,1
24,6,4817,00:00:00.1530000,7,31,80,53516,53724,10342,64066,301438,365504,1.0277300246655205,1.0577003174517416,0.02698742225766182,1,7,6,1
24,7,5294,00:00:00.1830000,11,64,157,94895,95500,32643,128143,594657,722800,1.074482322567048,1.166295474823521,0.06511340290307999,1,11,10,1
24,8,5803,00:00:00.2370000,19,97,281,166653,167797,88545,256342,1128638,1384980,1.1859252458701615,1.4990377489038482,0.147101491689682,1,19,18,1
24,9,6322,00:00:00.3470000,21,201,520,289945,293792,218654,512446,2030421,2542867,1.3890117091172465,2.549086525998913,0.3000850975513458,1,21,20,1
24,10,6840,00:00:00.4930000,27,356,920,502910,513846,510394,1024240,3493806,4518046,1.6309399296096716,5.342565612242672,0.47092384099960327,2,27,23,1.1304348
24,11,7379,00:00:00.8250000,36,624,1630,861455,890114,1159709,2049823,5951599,8001422,1.8498505435571213,9.252724592868192,0.5920846462249756,2,36,29,1.2068965
24,12,7961,00:00:01.4820000,54,1125,2948,1462046,1527341,2570664,4098005,10203036,14301041,2.049508018215569,11.53928425784585,0.6288931965827942,2,54,43,1.2325581
24,13,8594,00:00:02.6010000,68,1952,5319,2461071,2634740,5564187,8198927,17527533,25726460,2.317441065292306,16.732784229010466,0.6237720847129822,3,68,56,1.1964285
24,14,9264,00:00:05.0500000,98,3346,9353,4251013,4619375,11773524,16392899,29625897,46018796,2.685792068855118,25.481795609342036,0.6174337863922119,3,98,77,1.2597402
24,15,9973,00:00:12.7430000,115,5982,16438,7265695,8154958,24642517,32797475,49411796,82209271,3.0849965488504543,28.286253848071922,0.637458086013794,3,116,88,1.3068181
24,16,10725,00:00:32.2320000,123,10719,29331,12518823,14601627,50989425,65591052,81533918,147124970,3.572781163213187,33.87686871695747,0.5922203660011292,4,124,91,1.3516483
24,17,11504,00:01:09.1430000,129,19389,52491,22405281,26692342,104438257,131130599,130841345,261971944,4.171066901593424,33.583758698892055,0.6059778928756714,4,130,97,1.3298969
24,18,12308,00:02:16.9780000,110,34311,92977,41544107,50595023,211668972,262263995,205703033,467967028,4.928539010358317,21.386840805538526,0.5785906314849854,4,111,77,1.4285715
24,19,13136,00:04:21.7670000,105,63308,167861,81887884,97503344,426980157,524483501,317624792,842108293,5.66494241077227,7.305689711618952,0.49577611684799194,4,106,74,1.418919
24,20,14024,00:08:23.8380000,87,117850,307681,152169035,184306792,864560607,1048867399,493248116,1542115515,6.247227906781429,6.595690231342448,0.4467040002346039,4,88,64,1.359375
25,0,2801,00:00:00.1720000,2,2,2,1003,1003,0,1003,4647,5650,1.003988035892323,1.0080078627852767,0,1,2,1,1
25,1,3163,00:00:00.2250000,1,2,3,2007,2008,0,2008,9441,11449,1,1,0,0,1,1,0
25,2,3543,00:00:00.2570000,1,1,5,4001,4001,0,4001,19444,23445,1,1,0,0,1,1,0
25,3,3910,00:00:00.2670000,1,4,8,7996,7999,6,8005,38460,46465,1,1,0,0,1,1,0
25,4,4288,00:00:00.2920000,1,9,20,15491,15511,494,16005,78103,94108,1,1,0,0,1,1,0
25,5,4687,00:00:00.3110000,1,16,37,29231,29315,2731,32046,154959,187005,1,1,0,0,1,1,0
25,6,5117,00:00:00.3410000,6,29,68,53498,53608,10472,64080,305034,369114,1.0079816067890388,1.0161423804370227,0.0068838708102703094,1,6,5,1
25,7,5611,00:00:00.3970000,7,59,145,94602,95269,32908,128177,610826,739003,1.0208769370626414,1.0430028536214624,0.0194960106164217,1,7,6,1
25,8,6152,00:00:00.4810000,14,107,286,164834,166801,89416,256217,1182074,1438291,1.0713627042964438,1.1585690398636077,0.059319816529750824,1,14,13,1
25,9,6739,00:00:00.6560000,25,198,545,284588,288789,223347,512136,2217099,2729235,1.2055251802605873,1.5715244020676888,0.15998485684394836,1,25,24,1
25,10,7329,00:00:00.9450000,38,369,983,492856,502748,521434,1024182,3913283,4937465,1.475447189442758,3.1879037944311364,0.3416319191455841,2,38,32,1.15625
25,11,7908,00:00:01.4030000,46,670,1721,854839,880228,1169855,2050083,6578939,8629022,1.8030716895228225,8.09646910480025,0.4995770752429962,2,46,40,1.125
25,12,8486,00:00:02.1550000,53,1153,3013,1477882,1541409,2558958,4100367,10785568,14885935,2.144408010923741,13.94956215875905,0.5314687490463257,3,53,44,1.1818181
25,13,9075,00:00:03.5240000,53,1913,5080,2534064,2708683,5485282,8193965,17490902,25684867,2.5080609645218117,13.444418610260382,0.5025589466094971,3,53,41,1.2682927
25,14,9693,00:00:06.0320000,68,3325,8859,4420027,4777187,11618864,16396051,28422294,44818345,2.8865063493956034,10.158543973277776,0.43404561281204224,4,68,49,1.3673469
25,15,10351,00:00:12.1720000,64,5836,15720,7572073,8454060,24323356,32777416,46384175,79161591,3.3100425735462404,10.615248783038396,0.4200347661972046,5,65,48,1.3333334
25,16,11035,00:00:28.4990000,74,10469,27822,13790890,15506796,50030506,65537302,74545454,140082756,3.950702674011612,12.460373562361301,0.3440813720226288,5,75,57,1.2982457
25,17,11699,00:00:58.0510000,60,18806,48629,27173930,30398212,100754405,131152617,113785200,244937817,4.92461270784167,7.843537664284122,0.2663719952106476,5,61,46,1.3043479
25,18,12353,00:01:49.5070000,40,34116,85339,54367023,59790496,202441182,262231678,168979682,431211360,5.715821647986869,3.409800780370274,0.19568473100662231,5,41,29,1.3793104
25,19,13064,00:03:31.0750000,37,63907,155873,100569373,110892435,413769968,524662403,257500197,782162600,6.158451877789871,3.136274218720791,0.21689878404140472,5,38,30,1.2333333
25,20,13867,00:07:03.8220000,54,120093,290939,177829766,202917786,846248326,1049166112,406908114,1456074226,6.595726623179608,5.086024830797522,0.2136336714029312,4,55,44,1.2272727
26,0,2859,00:00:00.1410000,1,1,2,1009,1009,0,1009,4746,5755,1,1,0,0,1,1,0
26,1,3207,00:00:00.1720000,1,1,3,2001,2001,0,2001,9313,11314,1,1,0,0,1,1,0
26,2,3550,00:00:00.2230000,1,2,6,4016,4018,0,4018,18109,22127,1,1,0,0,1,1,0
26,3,3911,00:00:00.2490000,1,4,10,7985,7999,4,8003,37207,45210,1,1,0,0,1,1,0
26,4,4274,00:00:00.2700000,2,11,20,15545,15563,460,16023,73548,89571,1.0010292698616918,1.0020606246960737,0,1,2,1,1
26,5,4649,00:00:00.3030000,2,13,34,29283,29371,2663,32034,144901,176935,1.0034149506539631,1.0068531806075605,0,1,2,1,1
26,6,5090,00:00:00.3460000,3,32,77,53256,53564,10453,64017,298223,362240,1.0074921135646688,1.0151134231471317,0.003386267926543951,1,3,2,1
26,7,5568,00:00:00.4400000,8,49,142,94941,95426,32600,128026,593423,721449,1.027332764559042,1.0567070918200965,0.02046329528093338,1,8,7,1
26,8,6113,00:00:00.6100000,14,103,281,166231,167261,89011,256272,1167191,1423463,1.0858744758799501,1.1940713686236475,0.06409583240747452,1,14,13,1
26,9,6691,00:00:00.8420000,18,201,534,285927,289931,222337,512268,2185160,2697428,1.2362036463852661,1.6758175061853497,0.1685488075017929,1,18,17,1
26,10,7272,00:00:01.1040000,27,356,987,494258,504454,519898,1024352,3850515,4874867,1.499051102865305,3.203347632539681,0.3279810845851898,2,27,24,1.0833334
26,11,7846,00:00:01.5640000,35,660,1798,850492,879320,1170522,2049842,6494017,8543859,1.7736827624480889,5.44580123714559,0.4781245291233063,2,35,29,1.1724138
26,12,8442,00:00:02.3200000,46,1052,2988,1452583,1522916,2574257,4097173,10859921,14957094,2.031368947591979,6.540809474995136,0.568628191947937,3,46,36,1.25
26,13,9070,00:00:03.7430000,57,1905,5282,2489985,2656367,5544210,8200577,18104475,26305052,2.384977821151533,8.99978252711973,0.5366831421852112,3,57,45,1.2444445
26,14,9701,00:00:06.3310000,67,3314,9136,4414376,4775721,11614626,16390347,29306876,45697223,2.936867634293046,11.09509190979661,0.4914756417274475,4,67,50,1.32
26,15,10325,00:00:12.1120000,63,5888,15874,8056638,8783884,24018523,32802407,46030668,78833075,3.5626437479256237,7.190180052245077,0.40992632508277893,5,64,47,1.3404255
26,16,10957,00:00:26.7340000,50,10309,27386,14677017,16131597,49437543,65569140,71230615,136799755,4.145841011153697,5.8899064159091425,0.3022545576095581,5,51,39,1.2820513
26,17,11617,00:00:55.3940000,52,18844,48431,27341662,29986441,101217622,131204063,110214186,241418249,4.756517398247407,8.252897558674148,0.33232176303863525,4,53,41,1.2682927
26,18,12307,00:01:49.8140000,49,34631,87025,51575067,57142104,205208519,262350623,170060607,432411230,5.481909834455474,8.42407134726672,0.3366053104400635,5,50,35,1.4
26,19,13027,00:03:32.9200000,55,64483,157751,100474688,110999702,413401307,524401009,260408800,784809809,6.240495695791561,6.347711419307917,0.3300338089466095,5,56,37,1.4864864
26,20,13797,00:06:55.4700000,55,121566,290517,191450278,213675048,835009617,1048684665,399799791,1448484456,6.896610539264926,5.077881089713254,0.31788814067840576,4,56,43,1.2790698
27,0,2835,00:00:00.1370000,1,1,1,1001,1001,0,1001,4705,5706,1,1,0,0,1,1,0
27,1,3199,00:00:00.1670000,1,1,1,2009,2009,0,2009,9637,11646,1,1,0,0,1,1,0
27,2,3546,00:00:00.2160000,1,2,3,4003,4007,0,4007,18607,22614,1,1,0,0,1,1,0
27,3,3945,00:00:00.2470000,1,7,10,7978,7995,6,8001,39735,47736,1,1,0,0,1,1,0
27,4,4316,00:00:00.2700000,2,9,17,15516,15540,464,16004,77674,93678,1.0038669760247487,1.007763847055228,0,1,2,1,1
27,5,4699,00:00:00.2930000,3,18,33,29167,29339,2676,32015,151189,183204,1.0079884801316557,1.0161319876363752,0.0037618791684508324,1,3,2,1
27,6,5128,00:00:00.3300000,7,38,68,53355,53638,10376,64014,300540,364554,1.0320307375128854,1.066952935371937,0.026807956397533417,1,7,6,1
27,7,5591,00:00:00.3720000,10,73,154,95096,95724,32322,128046,585090,713136,1.0820434087658788,1.1843984876797906,0.06448440253734589,1,10,9,1
27,8,6090,00:00:00.4510000,16,115,268,167089,168622,87601,256223,1105350,1361573,1.2019283136532029,1.5465718218960942,0.13991448283195496,1,16,15,1
27,9,6600,00:00:00.5840000,20,202,488,289894,294826,217576,512402,1989889,2502291,1.4197223812841935,2.638968141178492,0.28058990836143494,2,20,18,1.0555556
27,10,7106,00:00:00.8220000,27,342,865,504435,516296,508378,1024674,3414216,4438890,1.6835350441583157,4.854874204723003,0.4237443208694458,2,27,21,1.2380953
27,11,7623,00:00:01.1900000,31,619,1561,868638,899301,1150037,2049338,5755642,7804980,1.9370405163025335,6.68747753471995,0.5148204565048218,3,31,23,1.3043479
27,12,8167,00:00:01.8400000,40,1049,2724,1497813,1563855,2535713,4099568,9668658,13768226,2.232589114929567,8.72653685902918,0.5080185532569885,3,40,31,1.2580645
27,13,8725,00:00:03.0260000,50,1817,4753,2637687,2772428,5425842,8198270,15933114,24131384,2.672444835190832,12.17206260600577,0.4435689151287079,3,50,37,1.3243244
27,14,9285,00:00:05.0850000,49,3202,8305,4724658,5017991,11373254,16391245,25560358,41951603,3.2212915728503524,7.089607703684098,0.3670606315135956,4,49,34,1.4117647
27,15,9861,00:00:09.7630000,46,5722,14658,8507335,9079025,23702969,32781994,40627211,73409205,3.7118601771295006,3.2651551739606037,0.2877938747406006,4,47,31,1.483871
27,16,10481,00:00:23.3110000,37,10187,26068,14903254,16178978,49420470,65599448,65129610,130729058,4.103871946354802,2.7110806045446605,0.2572263777256012,4,38,28,1.3214285
27,17,11164,00:00:53.1670000,50,18569,47566,26169105,28913543,102254065,131167608,106127492,237295100,4.50771170813828,3.8202001657644535,0.2999318838119507,4,51,40,1.25
27,18,11918,00:01:55.0620000,66,34067,87412,45776725,52404847,209883253,262288100,174442236,436730336,4.9804960927196085,5.074880942750628,0.3185185492038727,3,67,58,1.137931
27,19,12744,00:04:02.2580000,83,63380,162076,81106437,96927624,427674241,524601865,286022498,810624363,5.559705427572906,9.716039587927067,0.3963806927204132,4,84,66,1.2575758
27,20,13634,00:08:14.7960000,105,119424,302327,151518660,184885894,863872106,1048758000,462265997,1511023997,6.269782375319317,22.70670990488458,0.5307719111442566,4,106,75,1.4
28,0,3085,00:00:00.2120000,1,1,1,1001,1001,0,1001,4576,5577,1,1,0,0,1,1,0
28,1,3443,00:00:00.2420000,2,4,4,2002,2004,0,2004,9332,11336,1.0034965034965035,1.0070175063247973,0,1,2,1,1
28,2,3833,00:00:00.2930000,2,3,7,4003,4005,0,4005,19141,23146,1.01923557332001,1.0392105455664291,0,1,2,1,1
28,3,4227,00:00:00.3100000,3,7,13,7990,7998,4,8002,39745,47747,1.0367959949937422,1.076414763012303,0.00836811400949955,1,3,2,1
28,4,4586,00:00:00.3470000,4,11,21,15544,15573,444,16017,76438,92455,1.0711528564076171,1.1536860716903659,0.02669656276702881,1,4,3,1
28,5,4939,00:00:00.3680000,6,20,37,29471,29505,2554,32059,143055,175114,1.1588680397679074,1.3711525820638666,0.05375877767801285,2,6,4,1.25
28,6,5291,00:00:00.3980000,6,29,64,54136,54260,9761,64021,262941,326962,1.280848234077139,1.7197682734188884,0.09665478020906448,2,6,4,1.25
28,7,5646,00:00:00.4410000,7,50,105,97397,97938,30100,128038,472859,600897,1.462272965286405,2.228031513088801,0.14490900933742523,2,7,5,1.2
28,8,5996,00:00:00.5150000,10,99,204,174604,175866,80605,256471,820499,1076970,1.68170259558773,2.5537360063036285,0.18855461478233337,2,10,8,1.125
28,9,6355,00:00:00.6580000,15,191,396,308633,311322,201406,512728,1411178,1923906,1.923559697115992,2.6265015395869353,0.1770453006029129,3,15,11,1.2727273
28,10,6727,00:00:00.8170000,20,313,704,542957,548629,475886,1024515,2406115,3430630,2.192527216704085,2.835588332562857,0.17838557064533234,3,20,15,1.2666667
28,11,7118,00:00:01.0530000,20,560,1284,948161,965421,1082627,2048048,4078267,6126315,2.4886765011427383,3.1519331168981513,0.1990477442741394,3,20,14,1.3571428
28,12,7532,00:00:01.5100000,24,1016,2302,1666333,1705702,2391896,4097598,6874994,10972592,2.8167845202609563,3.296566841426642,0.18559952080249786,3,24,17,1.3529412
28,13,7976,00:00:02.3120000,32,1768,4057,2938737,3015357,5182971,8198328,11574078,19772406,3.175851734945999,3.7839916652365635,0.18099913001060486,4,32,22,1.4090909
28,14,8457,00:00:03.9130000,34,3148,7284,5156455,5343103,11048251,16391354,19482077,35873431,3.5448867487450197,5.142201651325134,0.19646614789962769,4,35,25,1.36
28,15,8986,00:00:07.5280000,36,5580,13201,8979751,9463394,23312077,32775471,32912759,65688230,3.9026743614605794,6.45827778578004,0.2429637759923935,5,37,26,1.3846154
28,16,9567,00:00:19.0820000,49,10124,24181,15653846,16800375,48735782,65536157,55245936,120782093,4.279674975721622,8.166561888268767,0.3051273822784424,5,50,36,1.3611112
28,17,10212,00:00:45.9290000,62,18702,44900,27458278,30221189,100959784,131180973,92978857,224159830,4.726539697791682,10.218486552463379,0.5707324147224426,4,63,45,1.3777778
28,18,10922,00:01:42.6320000,75,34495,83674,48372445,55149721,207227357,262377078,155455158,417832236,5.223108486660123,11.162590926813731,0.5476281642913818,5,76,57,1.3157895
28,19,11701,00:03:39.8290000,92,63757,156352,85949741,102200352,422532517,524732869,257524903,782257772,5.789414711558003,11.418515874962315,0.5504772663116455,5,93,70,1.3142858
28,20,12551,00:07:39.1850000,98,120047,293495,155922079,192961027,855969972,1048930999,421500838,1470431837,6.435771761355235,14.553238792574486,0.4550221860408783,4,99,73,1.3424658
2,0,2337,00:00:00.0350000,1,1,1,1001,1001,0,1001,4887,5888,1,1,0,0,1,1,0
2,1,2727,00:00:00.0470000,1,1,1,2003,2003,0,2003,9781,11784,1,1,0,0,1,1,0
2,2,3080,00:00:00.0670000,1,1,1,4014,4014,0,4014,19137,23151,1,1,0,0,1,1,0
2,3,3460,00:00:00.0710000,1,4,6,7998,8001,7,8008,39113,47121,1,1,0,0,1,1,0
2,4,3826,00:00:00.0760000,1,4,14,15552,15555,452,16007,76410,92417,1,1,0,0,1,1,0
2,5,4219,00:00:00.0830000,1,9,29,29316,29352,2692,32044,151616,183660,1,1,0,0,1,1,0
2,6,4654,00:00:00.0950000,1,25,60,53235,53405,10617,64022,304273,368295,1,1,0,0,1,1,0
2,7,5151,00:00:00.1200000,2,56,131,94249,94900,33107,128007,612487,740494,1.0025570563082897,1.0051271551615935,0,1,2,1,1
2,8,5721,00:00:00.1800000,9,135,302,163380,165570,90472,256042,1217813,1473855,1.0200636552821642,1.0412709773142126,0.017149724066257477,1,9,8,1
2,9,6363,00:00:00.3200000,23,216,586,280129,285519,226913,512432,2364327,2876759,1.0909545245226306,1.2056929281810158,0.07699446380138397,2,23,21,1.0476191
2,10,7032,00:00:00.5820000,43,385,1097,480928,492871,531746,1024617,4319105,5343722,1.3060811597578015,1.976010611231849,0.2380591630935669,2,43,40,1.05
2,11,7671,00:00:01.0110000,58,640,1852,839352,866707,1182114,2048821,7294504,9343325,1.7024395009483506,5.567107610834141,0.46435707807540894,2,58,53,1.0754716
2,12,8258,00:00:01.6450000,66,1097,3096,1477765,1544097,2555377,4099474,11561885,15661359,2.1760455823490203,9.182329684719003,0.570717990398407,3,66,58,1.1206896
2,13,8828,00:00:02.6430000,65,1878,5195,2594252,2749518,5447799,8197317,17993860,26191177,2.6201899429970568,4.209945777891319,0.36004701256752014,3,65,52,1.2307693
2,14,9418,00:00:04.4560000,64,3319,8865,4555137,4871013,11521742,16392755,28296037,44688792,3.0221183248714585,3.042528972566462,0.295101135969162,4,64,47,1.3404255
2,15,10049,00:00:07.7970000,54,5836,15550,7958923,8635709,24156732,32792441,45307771,78100212,3.439128258936542,4.470406485738746,0.39038118720054626,4,55,41,1.3170732
2,16,10721,00:00:14.0710000,58,10537,27673,14154971,15501623,50049789,65551412,72824985,138376397,3.8961896142351686,9.196525174896951,0.43618160486221313,3,59,48,1.2083334
2,17,11432,00:00:25.9660000,67,18822,49275,25184495,28237006,102835043,131072049,116158689,247230738,4.416808278268038,10.164506892479745,0.47288551926612854,4,68,51,1.3137255
2,18,12195,00:01:00.9590000,82,34375,89148,45418051,52203660,210029641,262233301,185601837,447835138,4.999189485255543,8.17463490445884,0.42154166102409363,5,83,60,1.3666667
2,19,13011,00:02:40.7140000,86,63458,163271,83433109,98499789,426033543,524533332,295096531,819629863,5.670375378196682,12.279264280944957,0.4084813594818115,4,87,63,1.3650794
2,20,13881,00:06:16.8960000,91,119223,302274,158428382,189456503,859745181,1049201684,465089190,1514290874,6.392351340178428,16.776138063694983,0.46515896916389465,4,92,63,1.4444444
29,0,3280,00:00:00.0970000,1,1,1,1001,1001,0,1001,4453,5454,1,1,0,0,1,1,0
29,1,3600,00:00:00.1160000,1,3,4,2008,2012,0,2012,8548,10560,1,1,0,0,1,1,0
29,2,3949,00:00:00.1480000,2,4,5,3999,4002,0,4002,17695,21697,1.0017504376094024,1.0035069469372024,0,1,2,1,1
29,3,4314,00:00:00.1760000,4,9,12,7999,8014,6,8020,36608,44628,1.0077509688711088,1.015651361682801,0,1,4,3,1
29,4,4674,00:00:00.2030000,5,16,25,15503,15551,450,16001,73674,89675,1.022060246403922,1.0453995384528645,0.015829892829060555,1,5,4,1
29,5,5068,00:00:00.2210000,9,23,42,29284,29374,2672,32046,149458,181504,1.0532372626690343,1.114221466935801,0.03418997675180435,1,9,8,1
29,6,5473,00:00:00.2450000,11,33,72,53701,53915,10167,64082,290314,354396,1.105789463883354,1.2440036818787534,0.06731110066175461,1,11,10,1
29,7,5897,00:00:00.3020000,15,64,146,96267,96696,31365,128061,546315,674376,1.208669637570507,1.5573856244028634,0.12574492394924164,1,15,14,1
29,8,6333,00:00:00.3690000,17,90,252,169591,171137,85196,256333,993717,1250050,1.38789204615811,2.314714093718478,0.22335508465766907,2,17,15,1.0666667
29,9,6770,00:00:00.4710000,23,198,474,298423,301435,211159,512594,1736103,2248697,1.606726023128244,3.470357716988262,0.3297337293624878,2,23,20,1.1
29,10,7226,00:00:00.7030000,25,339,823,515358,525669,499342,1025011,2999919,4024930,1.814028306536427,4.015694372578602,0.42173755168914795,2,25,22,1.0909091
29,11,7713,00:00:01.0440000,35,590,1511,886670,910327,1138332,2048659,5183022,7231681,2.0170333946112984,4.214466003078031,0.46782758831977844,2,35,29,1.1724138
29,12,8241,00:00:01.6610000,52,1032,2636,1525007,1573507,2526475,4099982,8960670,13060652,2.262569942301904,5.535271141217276,0.4321560859680176,3,52,43,1.1860465
29,13,8803,00:00:02.8120000,57,1853,4728,2609915,2746796,5447031,8193827,15294803,23488630,2.5801916920665997,8.526760161908934,0.4291137158870697,3,57,45,1.2444445
29,14,9403,00:00:05.0200000,69,3305,8528,4506214,4834987,11563654,16398641,25823737,42222378,2.952865753823498,10.52591159794836,0.40442147850990295,3,69,54,1.2592592
29,15,10043,00:00:09.2280000,84,5969,15392,7878160,8580773,24211901,32792674,43150022,75942696,3.3754374117814314,13.699902975498533,0.3785371780395508,4,85,63,1.3333334
29,16,10723,00:00:17.2290000,82,10494,27608,13766337,15407582,50142057,65549639,71126888,136676527,3.8649204214599715,14.70713230328108,0.4370042085647583,4,83,62,1.3225807
29,17,11444,00:00:33.5690000,83,18896,49605,24391153,27936846,103186346,131123192,115327268,246450460,4.368337814944623,9.741308855939472,0.4336818754673004,4,84,59,1.4067796
29,18,12223,00:01:22.2680000,85,33924,89681,43442764,51306302,211038390,262344692,186934620,449279312,4.9194005703688655,5.833790060047063,0.36345285177230835,5,86,64,1.328125
29,19,13011,00:03:06.5690000,78,64248,163011,90554156,106198428,418203200,524401628,290706236,815107864,6.319831747976316,6.866195047809882,0.3832797408103943,5,79,58,1.3448275
29,20,13692,00:05:53.7340000,43,124874,290657,229176912,251171837,797624731,1048796568,405082168,1453878736,7.880897478887402,2.2026373471752336,0.1454879194498062,6,44,30,1.4333333
30,0,4073,00:00:00.1460000,1,1,1,1001,1001,0,1001,4463,5464,1,1,0,0,1,1,0
30,1,4363,00:00:00.1640000,1,1,1,2002,2002,0,2002,8169,10171,1,1,0,0,1,1,0
30,2,4739,00:00:00.1990000,1,3,5,4012,4015,0,4015,17676,21691,1,1,0,0,1,1,0
30,3,5104,00:00:00.2090000,4,6,9,7994,7998,7,8005,37004,45009,1.0051288466349761,1.0103278991107256,0,1,4,3,1
30,4,5464,00:00:00.2450000,6,12,19,15535,15543,458,16001,73919,89920,1.0123591889282266,1.0251433276217252,0.009526215493679047,1,6,5,1
30,5,5849,00:00:00.2670000,7,16,35,29264,29307,2733,32040,148809,180849,1.0269956260251503,1.0560286123075977,0.021550824865698814,1,7,6,1
30,6,6270,00:00:00.2910000,8,37,70,53573,53731,10327,64058,295218,359276,1.057416982435182,1.124370676291428,0.04391647130250931,1,8,7,1
30,7,6728,00:00:00.3340000,10,65,140,95371,95960,32059,128019,573715,701734,1.1451804007507522,1.3581899638966501,0.10551575571298599,1,10,9,1
30,8,7188,00:00:00.4030000,14,104,258,168329,169973,86244,256217,1049232,1305449,1.299924552513233,1.9490085080761055,0.1949303150177002,1,14,13,1
30,9,7656,00:00:00.5110000,20,197,482,294757,298479,214153,512632,1850264,2362896,1.5303724763109952,3.374863612421339,0.3129337430000305,2,20,17,1.117647
30,10,8129,00:00:00.7290000,24,333,846,513503,522556,502749,1025305,3169725,4195030,1.7718533289971041,5.109140472896613,0.4224710762500763,2,24,20,1.15
30,11,8626,00:00:01.0770000,28,564,1480,885459,906742,1142519,2049261,5404646,7453907,2.005618554896387,6.024426888364706,0.4842223525047302,3,28,22,1.2272727
30,12,9154,00:00:01.6790000,32,1000,2662,1521586,1574683,2525086,4099769,9182236,13282005,2.2786921015309027,7.720443713541322,0.4557364284992218,3,32,25,1.24
30,13,9708,00:00:02.8180000,37,1868,4813,2640665,2773160,5427259,8200419,15396644,23597063,2.6575139216826065,10.11637270008151,0.4185274839401245,3,37,27,1.3333334
30,14,10280,00:00:05.0310000,43,3248,8382,4667099,4949737,11441763,16391500,25300125,41691625,3.1188777011158324,7.663466744113067,0.3697512447834015,3,43,31,1.3548387
30,15,10881,00:00:09.9950000,45,5732,14872,8250997,8861976,23922485,32784461,41245426,74029887,3.5624217291558824,3.5509626344714524,0.2744920253753662,4,46,34,1.3235294
30,16,11534,00:00:24.1170000,52,10386,26706,14373701,15654388,49943510,65597898,67650062,133247960,3.914988143972106,2.276744983660534,0.20029236376285553,4,53,43,1.2093023
30,17,12259,00:00:55.6900000,67,18835,48928,24482394,27611842,103545707,131157549,112264986,243422535,4.26057982728323,2.8848614093438334,0.19648689031600952,4,68,54,1.2407408
30,18,13060,00:02:00.3730000,92,34629,90339,41826170,50072390,212284766,262357156,186847916,449205072,4.757502109325334,8.452859038205924,0.23366594314575195,4,93,73,1.2602739
30,19,13924,00:04:09.1240000,112,63609,166057,73420515,93229083,431399045,524628128,306214465,830842593,5.374389705656519,24.200218378581123,0.3798719048500061,4,113,86,1.3023256
30,20,14860,00:08:31.6440000,135,118449,308374,133320973,174928275,874367938,1049296213,496890670,1546186883,5.992958917274029,28.15708196812149,0.41073957085609436,5,136,97,1.3917526
31,0,2332,00:00:00.0700000,2,2,2,1002,1002,0,1002,3207,4209,1.501996007984032,1.999968247724616,0,1,2,1,1
31,1,2559,00:00:00.0890000,2,2,3,2006,2006,0,2006,6024,8030,1.6126620139581256,1.9033644353615662,0,1,2,1,1
31,2,2770,00:00:00.1190000,2,2,3,4008,4008,0,4008,11340,15348,1.6991017964071857,1.7262717873306155,0,1,2,1,1
31,3,2976,00:00:00.1240000,2,4,6,8003,8010,0,8010,21357,29367,1.7819567662126703,1.5174523454455076,0,1,2,1,1
31,4,3177,00:00:00.1300000,2,4,7,15730,15732,311,16043,40309,56352,1.8514939605848697,1.3385160669682605,0,1,2,1,1
31,5,3375,00:00:00.1370000,2,12,20,30023,30058,1944,32002,74654,106656,1.8920827365686308,1.23845486036966,0,1,2,1,1
31,6,3594,00:00:00.1470000,3,24,45,55739,55842,8186,64028,144827,208855,1.9289366511778108,1.1574854040398033,0,2,3,1,2
31,7,3840,00:00:00.1630000,3,43,88,101421,101790,26511,128301,282247,410548,1.9557389495272182,1.1004121148964745,0,2,3,1,2
31,8,4118,00:00:00.1930000,5,86,174,179557,180533,75781,256314,550173,806487,1.9789704662029328,1.0702956956139507,0.005534754600375891,2,5,3,1.3333334
31,9,4440,00:00:00.2750000,8,164,339,313166,315148,197109,512257,1072743,1585000,2.0008717421431443,1.0676266711750282,0.015177794732153416,2,8,6,1.1666666
31,10,4824,00:00:00.4050000,11,304,650,536609,542172,483153,1025325,2109806,3135131,2.0319525017284468,1.1005259954501692,0.03403739631175995,2,11,9,1.1111112
31,11,5278,00:00:00.7320000,15,556,1235,902011,920320,1128105,2048425,4124412,6172837,2.0927017519741997,1.2287433487473345,0.07791289687156677,2,15,13,1.0769231
31,12,5799,00:00:01.3230000,23,1003,2396,1512987,1571775,2524370,4096145,7846799,11942944,2.236339109324799,1.6824275356245761,0.17609812319278717,3,23,19,1.1578947
31,13,6374,00:00:02.4560000,44,1810,4524,2590953,2724252,5472674,8196926,14359207,22556133,2.5325191155532347,3.5438073323026282,0.3284767270088196,2,44,39,1.1025641
31,14,6981,00:00:04.8500000,56,3188,8203,4472588,4812661,11572234,16384895,25039076,41423971,2.9362420594072156,9.293515503076168,0.4489845335483551,2,56,47,1.1702127
31,15,7620,00:00:10.4690000,65,5770,15001,7807073,8595391,24196658,32792049,42316515,75108564,3.3848843222037246,13.036456012221848,0.4943433403968811,3,65,50,1.28
31,16,8304,00:00:26.2300000,75,10316,27193,13595428,15299678,50258540,65558218,70555632,136113850,3.815588887676063,9.58969979016072,0.4742072820663452,3,75,55,1.3454546
31,17,9047,00:00:59.8240000,82,18838,49365,23473814,27223460,103911797,131135257,116679815,247815072,4.211888830677452,10.358519956807001,0.498496949672699,4,83,60,1.3666667
31,18,9856,00:02:06.6290000,96,34304,90530,41376293,49825680,212439872,262265552,192319592,454585144,4.771884470172328,18.912210643257655,0.5032429099082947,5,97,75,1.28
31,19,10714,00:04:16.8040000,105,63258,166170,76683684,94326715,430213779,524540494,310397248,834937742,5.4818344147367775,13.7841339103252,0.4791395664215088,4,106,77,1.3636364
31,20,11622,00:08:34.8670000,102,118351,307491,145960902,181573456,867232064,1048805520,492217805,1541023325,6.218140286636486,10.198051299296203,0.5009890794754028,4,103,69,1.4782609
32,0,4186,00:00:00.1320000,1,1,4,1007,1007,0,1007,5058,6065,1,1,0,0,1,1,0
32,1,4474,00:00:00.1500000,1,1,4,2006,2006,0,2006,8857,10863,1,1,0,0,1,1,0
32,2,4846,00:00:00.1820000,1,3,7,4003,4006,0,4006,18705,22711,1,1,0,0,1,1,0
32,3,5228,00:00:00.1930000,2,3,11,8019,8021,6,8027,38916,46943,1.0013717421124828,1.002747245921632,0,1,2,1,1
32,4,5597,00:00:00.2070000,3,9,23,15501,15550,456,16006,76396,92402,1.0097413070124508,1.019719339661104,0.006392503622919321,1,3,2,1
32,5,5970,00:00:00.2350000,6,18,37,29244,29343,2684,32027,148247,180274,1.0334085624401588,1.0698381535006438,0.023679504171013832,1,6,5,1
32,6,6382,00:00:00.2590000,8,36,68,53406,53670,10368,64038,292088,356126,1.0705351458637606,1.1554471607239243,0.050455015152692795,1,8,7,1
32,7,6825,00:00:00.3000000,12,61,127,95423,96171,31846,128017,561731,689748,1.1666369743143687,1.4150368429385567,0.1107497364282608,2,12,10,1.1
32,8,7275,00:00:00.3660000,18,106,242,168955,170398,85920,256318,1026148,1282466,1.3530466692314522,2.136358721519915,0.19484533369541168,2,18,16,1.0625
32,9,7718,00:00:00.4660000,20,185,432,297108,301131,210877,512008,1779051,2291059,1.6221003810062333,3.821322223825843,0.29437756538391113,2,20,18,1.0555556
32,10,8154,00:00:00.6650000,26,320,767,523050,531949,492153,1024102,2975069,3999171,1.9536621737883568,5.937564881774623,0.3423597812652588,3,26,22,1.1363636
32,11,8589,00:00:00.9530000,30,585,1360,922126,942201,1108465,2050666,4874597,6925263,2.3099901748784872,5.218121003242455,0.3288035988807678,3,30,24,1.2083334
32,12,9035,00:00:01.4610000,28,989,2391,1610012,1660572,2436749,4097321,7947613,12044934,2.6579609344526625,3.363626909395628,0.2903639078140259,3,28,21,1.2857143
32,13,9510,00:00:02.3470000,28,1760,4266,2815934,2934602,5266376,8200978,13070966,21271944,3.002987285923605,2.7555973047470705,0.26210466027259827,4,28,20,1.35
32,14,10022,00:00:04.1380000,31,3132,7600,4929319,5187012,11209747,16396759,21655048,38051807,3.378699572902464,3.5641903264146073,0.2529233992099762,5,32,21,1.4761904
32,15,10568,00:00:09.0070000,34,5705,13814,8781914,9383008,23385178,32768186,35674332,68442518,3.9138709397518583,6.228219288663609,0.23834128677845,6,35,25,1.36
32,16,11098,00:00:20.5970000,35,10188,24220,17337068,18441503,47125028,65566531,55243887,120810418,4.987667464879298,6.64666741538151,0.24421167373657227,5,36,25,1.4
32,17,11593,00:00:40.4160000,24,19009,42587,35995087,37950142,93302090,131252232,80703231,211955463,6.039364205453928,4.203326877976991,0.15791094303131104,6,25,15,1.6
32,18,12111,00:01:18.2160000,20,35647,76800,69414371,72981003,189426167,262407170,119083294,381490464,6.58706156107069,4.402594470205085,0.18476571142673492,5,21,13,1.5384616
32,19,12701,00:02:37.5880000,27,66409,142318,124933607,132640914,391680760,524321674,184501548,708823222,6.930756093514534,4.906742291370497,0.27100807428359985,3,27,19,1.3684211
32,20,13390,00:05:32.5470000,37,126040,271264,217012901,237934716,811072508,1049007224,300167424,1349174648,7.260095781125934,5.8613238099421565,0.2863736152648926,4,38,28,1.3214285
33,0,2572,00:00:00.0780000,2,2,2,1009,1009,0,1009,4174,5183,1.1278493557978195,1.287014156093002,0,1,2,1,1
33,1,2890,00:00:00.0980000,2,2,3,2006,2006,0,2006,8330,10336,1.2467597208374874,1.591694427487724,0,1,2,1,1
33,2,3155,00:00:00.1040000,2,2,4,4004,4004,0,4004,15042,19046,1.4013486513486513,1.9250605590309777,0,1,2,1,1
33,3,3389,00:00:00.1330000,2,2,5,8008,8008,0,8008,26281,34289,1.5246003996003996,1.9951702592564577,0,1,2,1,1
33,4,3619,00:00:00.1400000,2,5,11,15643,15649,352,16001,48164,64165,1.6349165761043278,1.8642630046792672,0,1,2,1,1
33,5,3851,00:00:00.1480000,2,14,26,29822,29857,2182,32039,90115,122154,1.743980953658373,1.6153695245172894,0,1,2,1,1
33,6,4083,00:00:00.1580000,2,18,39,55512,55629,8437,64066,165095,229161,1.8227590430897824,1.4117379050878702,0,1,2,1,1
33,7,4334,00:00:00.1750000,2,41,82,100692,101142,26962,128104,306438,434542,1.8869522901521472,1.2508378520723815,0,1,2,1,1
33,8,4621,00:00:00.2050000,2,85,168,178439,179864,76402,256266,584252,840518,1.9328117732110133,1.143311716188604,0,1,2,1,1
33,9,4950,00:00:00.2660000,4,147,323,310225,313931,198288,512219,1120487,1632706,1.9661535981948586,1.083183420164116,0.002137114992365241,2,4,2,1.5
33,10,5341,00:00:00.4020000,11,277,623,532231,539717,485426,1025143,2180281,3205424,2.0005467550743945,1.0747447289691878,0.01772613450884819,2,11,9,1.1111112
33,11,5804,00:00:00.7060000,16,539,1265,895814,915705,1133897,2049602,4245073,6294675,2.045452515812434,1.1319621448906447,0.049795325845479965,2,16,14,1.0714285
33,12,6343,00:00:01.3030000,28,995,2458,1500876,1553081,2543544,4096625,8127532,12224157,2.151430897689083,1.4009419520791937,0.13522492349147797,2,28,26,1.0384616
33,13,6949,00:00:02.4760000,46,1757,4654,2532789,2669826,5524900,8194726,15075114,23269840,2.392872837018796,2.5818243938096352,0.32228362560272217,2,46,41,1.097561
33,14,7598,00:00:05.1380000,65,3279,8623,4307332,4677112,11716064,16393176,26701891,43095067,2.7539358470626363,8.2014787279904,0.5419434309005737,2,65,56,1.1428572
33,15,8284,00:00:13.0160000,85,5896,15612,7426410,8293130,24502401,32795531,45664512,78460043,3.1786528080189487,23.41489607906319,0.6331722736358643,3,85,65,1.2923077
33,16,9008,00:00:31.8990000,106,10457,28212,13185984,14920844,50635992,65556836,76207052,141763888,3.693650849265402,24.791630955793224,0.594590425491333,3,106,75,1.4
33,17,9762,00:01:08.1640000,102,18782,50551,23442199,27171516,103946425,131117941,123270125,254388066,4.249552868312397,24.438722070996025,0.5966064929962158,4,102,72,1.4027778
33,18,10562,00:02:17.0950000,102,34113,91389,42427138,50327350,211883937,262211287,197684568,459895855,4.852029566547713,29.78879120168308,0.605604887008667,4,103,69,1.4782609
33,19,11406,00:04:28.9530000,92,63194,166917,79182074,96260773,428437843,524698616,312829941,837528557,5.608607132467887,24.23593002119287,0.6495165228843689,4,93,56,1.6428572
33,20,12273,00:08:30.5560000,92,118964,305191,160384469,191711219,857258044,1048969263,481951963,1530921226,6.495849177266659,12.621942173423909,0.506530225276947,4,93,61,1.5081967
34,0,3358,00:00:00.1570000,1,1,2,1007,1007,0,1007,5366,6373,1,1,0,0,1,1,0
34,1,3648,00:00:00.1840000,1,1,2,2009,2009,0,2009,9121,11130,1,1,0,0,1,1,0
34,2,4016,00:00:00.2250000,2,2,5,4002,4002,0,4002,18667,22669,1.00199900049975,1.0040060333360505,0,1,2,1,1
34,3,4377,00:00:00.2360000,3,7,13,8008,8017,3,8020,37566,45586,1.0053696303696305,1.0108098061272994,0,1,3,2,1
34,4,4709,00:00:00.2590000,4,7,19,15551,15573,437,16010,71214,87224,1.0120249501639766,1.024419282142588,0.008596021682024002,1,4,3,1
34,5,5100,00:00:00.2740000,4,15,36,29239,29322,2691,32013,146218,178231,1.0361845480351586,1.075639508103228,0.02423003315925598,1,4,3,1
34,6,5519,00:00:00.2970000,8,33,71,53514,53668,10390,64058,292127,356185,1.0840527712374333,1.1870349080040146,0.043926410377025604,1,8,7,1
34,7,5948,00:00:00.3330000,10,59,137,95981,96371,31658,128029,552462,680491,1.1726070784842832,1.43281244511878,0.09229520708322525,1,10,9,1
34,8,6395,00:00:00.3950000,12,98,249,169305,170580,85448,256028,1011019,1267047,1.3473553645787189,2.0592728396229885,0.1817295402288437,2,12,9,1.2222222
34,9,6841,00:00:00.4910000,16,182,453,297472,300527,212090,512617,1770678,2283295,1.5972024257745268,3.17832300309424,0.27386438846588135,2,16,13,1.1538461
34,10,7291,00:00:00.7020000,19,333,824,518828,527040,497317,1024357,3015495,4039852,1.8643249786056266,3.9081285460902553,0.3335145115852356,2,19,16,1.125
34,11,7756,00:00:01.0110000,24,538,1408,905427,923786,1126633,2050419,5078058,7128477,2.152682656912153,4.338318423715242,0.34370940923690796,3,24,20,1.15
34,12,8242,00:00:01.5560000,25,1010,2490,1569237,1617514,2482551,4100065,8494109,12594174,2.45426981392868,4.291419745572286,0.3312217593193054,3,25,20,1.2
34,13,8762,00:00:02.5700000,32,1802,4488,2709679,2822305,5370389,8192694,14245164,22437858,2.751527025894949,3.384440931900385,0.2935267686843872,3,32,27,1.1481482
34,14,9334,00:00:04.7640000,40,3179,8147,4651604,4916942,11483584,16400526,24161818,40562344,3.033304855701388,3.0548231008508133,0.24922111630439758,4,40,33,1.1818181
34,15,9959,00:00:11.1080000,48,5777,14800,8011429,8688385,24110981,32799366,40960889,73760255,3.450455093591917,4.333418361587953,0.26290738582611084,5,49,38,1.2631578
34,16,10590,00:00:26.2880000,57,10360,26315,15003121,16405468,49132207,65537675,66071376,131609051,4.305194499197867,7.3578163926388465,0.2658790349960327,4,58,44,1.2954545
34,17,11185,00:00:52.1260000,40,18829,46100,30215790,32892381,98275450,131167831,99560573,230728404,5.301141952601603,3.6107664120865453,0.15972380340099335,5,41,28,1.4285715
34,18,11800,00:01:39.6230000,37,34549,82144,57737965,62405874,199901962,262307836,149816410,412124246,5.839141490352145,2.0424382207014307,0.09792571514844894,6,38,27,1.3703704
34,19,12499,00:03:18.5760000,41,64006,151740,101927686,112055050,412522529,524577579,236010066,760587645,6.158706065396206,2.1652437737440495,0.16839152574539185,4,42,33,1.2424242
34,20,13297,00:06:48.9320000,53,120874,285793,176100500,204664110,844313651,1048977761,383848680,1432826441,6.6335981669558,4.815682436791327,0.225249782204628,4,54,46,1.1521739
35,0,2862,00:00:00.0830000,1,1,2,1001,1001,0,1001,4804,5805,1,1,0,0,1,1,0
35,1,3248,00:00:00.1020000,1,1,2,2008,2008,0,2008,9846,11854,1,1,0,0,1,1,0
35,2,3589,00:00:00.1330000,1,4,5,4004,4010,0,4010,18912,22922,1,1,0,0,1,1,0
35,3,3963,00:00:00.1440000,3,5,13,8003,8007,9,8016,38825,46841,1.0042484068474322,1.0085419094383485,0,1,3,2,1
35,4,4350,00:00:00.1710000,4,7,24,15513,15523,483,16006,78755,94761,1.0117965577257784,1.0239584256275438,0.00973491370677948,1,4,3,1
35,5,4740,00:00:00.1870000,4,14,40,29202,29264,2753,32017,154698,186715,1.0226696801588933,1.0467181305171624,0.021261433139443398,1,4,3,1
35,6,5158,00:00:00.2110000,5,36,81,53483,53693,10336,64029,300363,364392,1.05297010264944,1.1137006302685988,0.043213799595832825,1,5,4,1
35,7,5609,00:00:00.2540000,7,67,154,95270,96004,32163,128167,575985,704152,1.1205416185577832,1.2844616340527002,0.08563348650932312,1,7,6,1
35,8,6084,00:00:00.3280000,13,110,275,168132,169494,86615,256109,1067283,1323392,1.2740287393238645,1.8012643426037243,0.15994574129581451,2,13,11,1.0909091
35,9,6563,00:00:00.4400000,16,192,479,293403,297669,214677,512346,1889860,2402206,1.506930740312812,3.0087476825387696,0.265291690826416,2,16,14,1.0714285
35,10,7037,00:00:00.6700000,19,355,881,510358,522143,503052,1025195,3213211,4238406,1.7739488751033587,4.530241054517745,0.34124836325645447,2,19,17,1.0588236
35,11,7523,00:00:01.0210000,27,626,1513,889217,913914,1135592,2049506,5388384,7437890,2.063576157450881,5.329925923939681,0.3649929165840149,2,27,23,1.1304348
35,12,8029,00:00:01.6190000,30,1045,2649,1534884,1596275,2504093,4100368,8976152,13076520,2.372245720197748,5.150595185475268,0.337676465511322,3,30,25,1.16
35,13,8564,00:00:02.7390000,37,1805,4625,2645028,2795007,5398482,8193489,14935472,23128961,2.6909446705290074,3.771275658710888,0.282681941986084,4,37,31,1.1612903
35,14,9141,00:00:05.0150000,48,3251,8256,4598503,4917629,11477295,16394924,24952878,41347802,3.0648676319228234,3.3357243880505845,0.23974040150642395,4,48,42,1.1190476
35,15,9738,00:00:11.1260000,52,5710,14693,8368873,9006797,23785327,32792124,40726919,73519043,3.725103965611618,5.402008460781411,0.21171097457408905,5,53,41,1.2682927
35,16,10318,00:00:24.6670000,41,10193,25537,15947371,17161148,48441922,65603070,63008471,128611541,4.495707286172749,4.105820704023097,0.187008336186409,5,42,32,1.28125
35,17,10927,00:00:50.6040000,32,18614,45459,29231266,31496517,99621544,131118061,97752190,228870251,4.954156689621311,2.770660057882952,0.18076114356517792,4,33,26,1.2307693
35,18,11618,00:01:44.4660000,28,34268,84020,50306065,55885508,206320950,262206458,157753257,419959715,5.258857237193965,3.05752153717188,0.2665828466415405,3,28,21,1.2857143
35,19,12406,00:03:39.2150000,53,64000,157762,85842810,100434016,424152495,524586511,261631444,786217955,5.653816446595819,3.6387379776910795,0.22269007563591003,4,54,45,1.1777778
35,20,13275,00:07:33.9420000,81,120054,296027,151265319,190067859,859223306,1049291165,431354351,1480645516,6.390254107089808,5.033962014144007,0.25844693183898926,4,82,63,1.2857143
36,0,2324,00:00:00.0790000,1,1,1,1004,1004,0,1004,4361,5365,1,1,0,0,1,1,0
36,1,2694,00:00:00.0990000,1,1,4,2010,2010,0,2010,9314,11324,1,1,0,0,1,1,0
36,2,3029,00:00:00.1300000,1,2,6,4020,4023,0,4023,18169,22192,1,1,0,0,1,1,0
36,3,3402,00:00:00.1410000,1,6,13,7997,8013,4,8017,37949,45966,1,1,0,0,1,1,0
36,4,3779,00:00:00.1530000,3,9,24,15509,15532,469,16001,76507,92508,1.0021277967631699,1.004266988778444,0,1,3,2,1
36,5,4164,00:00:00.1840000,4,13,40,29289,29328,2709,32037,150579,182616,1.0056676567994811,1.0114206328160757,0,1,4,3,1
36,6,4585,00:00:00.2080000,5,39,83,53492,53720,10380,64100,297625,361725,1.0156471995812457,1.0319646025180365,0.01404909510165453,1,5,4,1
36,7,5064,00:00:00.2560000,9,64,162,94707,95427,32680,128107,592161,720268,1.0462162247774716,1.0986059780890587,0.035724759101867676,1,9,8,1
36,8,5589,00:00:00.3370000,17,102,284,165650,167329,88769,256098,1144240,1400338,1.1399879263507395,1.3334976447672306,0.09782705456018448,2,17,15,1.0666667
36,9,6134,00:00:00.4780000,22,205,537,287419,292714,219536,512250,2094229,2606479,1.354138035411716,2.1088794583262858,0.20449355244636536,2,22,20,1.05
36,10,6645,00:00:00.7320000,33,381,946,505971,517491,507033,1024524,3530499,4555023,1.7363584078929424,4.684045640797591,0.3147517740726471,2,33,30,1.0666667
36,11,7118,00:00:01.0950000,41,649,1615,898248,925717,1123806,2049523,5626299,7675822,2.194278194886045,5.966838673793303,0.3216174840927124,3,41,35,1.1428572
36,12,7579,00:00:01.6440000,42,1050,2649,1585663,1650512,2448330,4098842,8822469,12921311,2.6122492610346586,3.44236486189107,0.2679497003555298,3,42,36,1.1388888
36,13,8062,00:00:02.6060000,44,1820,4462,2773375,2910326,5282650,8192976,14059184,22252160,2.959729931942128,2.5845219583576102,0.19299283623695374,4,44,36,1.1944444
36,14,8585,00:00:04.5430000,50,3294,7923,4881056,5139592,11263314,16402906,22885462,39288368,3.324106299948208,3.307832388368844,0.15453222393989563,4,50,40,1.225
36,15,9147,00:00:09.7420000,49,5781,14043,8637855,9192866,23578815,32771681,37478057,70249738,3.7785253399136707,6.547690799938791,0.15555459260940552,5,50,39,1.2564102
36,16,9741,00:00:23.1630000,48,10340,25414,15509500,16701391,48869341,65570732,60521540,126092272,4.2968989973886975,10.033166982972034,0.2402050644159317,4,49,38,1.2631578
36,17,10379,00:00:50.3560000,52,18719,45959,27913211,30544903,100609024,131153927,97661305,228815232,4.807190580832853,8.360769641175466,0.2394336462020874,5,53,38,1.3684211
36,18,11071,00:01:44.3870000,57,34495,84284,50787051,56677635,205690345,262367980,157754762,420122742,5.402649584832165,8.827877900079073,0.3182021379470825,4,57,42,1.3333334
36,19,11800,00:03:29.0340000,58,64604,155113,97675633,110072853,414538384,524611237,249844076,774455313,6.2193674137745285,8.745387746164631,0.3440750241279602,5,59,45,1.2888889
36,20,12573,00:06:53.9370000,56,121479,287867,187285754,212658784,836229654,1048888438,390166446,1439054884,6.873058118451444,6.075539914368093,0.31423112750053406,5,57,41,1.3658537
37,0,3382,00:00:00.1200000,1,1,4,1003,1003,0,1003,4863,5866,1,1,0,0,1,1,0
37,1,3661,00:00:00.1390000,2,2,5,2007,2007,0,2007,8380,10387,1.0014947683109119,1.0029939991807175,0,1,2,1,1
37,2,4001,00:00:00.1720000,2,2,5,4010,4010,0,4010,17603,21613,1.0029925187032418,1.006002931462258,0,1,2,1,1
37,3,4357,00:00:00.1950000,2,5,12,7990,8005,5,8010,36631,44641,1.0033792240300377,1.0067812892809112,0,1,2,1,1
37,4,4732,00:00:00.2080000,4,13,26,15515,15540,465,16005,75009,91014,1.0104415082178537,1.0211664339210627,0.005353841464966536,1,4,3,1
37,5,5121,00:00:00.2380000,5,15,42,29207,29315,2694,32009,150297,182306,1.0316704899510392,1.0660886370682026,0.027099722996354103,1,5,4,1
37,6,5532,00:00:00.2610000,9,25,67,53595,53762,10247,64009,293317,357326,1.078440152999347,1.1748268360674319,0.0536198616027832,1,9,8,1
37,7,5974,00:00:00.3020000,12,63,155,95890,96219,31964,128183,562180,690363,1.1738763166127855,1.445978723329989,0.11055657267570496,1,12,11,1
37,8,6425,00:00:00.3790000,12,97,258,168543,170040,85965,256005,1027424,1283429,1.335611683665296,2.1014281109166872,0.20998457074165344,1,12,11,1
37,9,6881,00:00:00.4850000,20,178,479,296502,299840,212560,512400,1805099,2317499,1.5655037740048972,3.484771276405909,0.3315763473510742,2,20,16,1.1875
37,10,7344,00:00:00.7080000,24,346,880,515461,523761,501168,1024929,3092407,4117336,1.7896368493445673,4.6171996709127745,0.43420419096946716,2,24,19,1.2105263
37,11,7838,00:00:01.0860000,29,570,1493,888270,908045,1142903,2050948,5312780,7363728,2.0037004514393146,5.049556763258742,0.49864616990089417,3,29,23,1.2173913
37,12,8369,00:00:01.7090000,35,1018,2629,1519064,1569785,2528710,4098495,9120053,13218548,2.252354081197369,6.61499589087726,0.5075606107711792,3,35,27,1.2592592
37,13,8931,00:00:02.8600000,43,1791,4690,2626231,2753856,5438540,8192396,15448339,23640735,2.616436634858091,11.239909873319672,0.5169995427131653,4,43,32,1.3125
37,14,9512,00:00:05.0730000,50,3142,8253,4632582,4920598,11466194,16386792,25543685,41930477,3.089559558794642,12.832737600132218,0.46091511845588684,4,50,38,1.2894737
37,15,10107,00:00:10.3780000,47,5563,14632,8289668,8964081,23806793,32770874,41253670,74024544,3.6607492604046388,7.147098465242576,0.38740313053131104,4,48,36,1.3055556
37,16,10715,00:00:24.5040000,55,10026,25846,15302802,16532502,49026579,65559081,65077293,130636374,4.260447923197334,4.217262874663267,0.3086811900138855,5,56,40,1.375
37,17,11359,00:00:53.1810000,56,18487,46521,27896988,30315446,100822562,131138008,102726529,233864537,4.773807014578061,2.6974641148673255,0.2623859941959381,4,57,41,1.3658537
37,18,12068,00:01:51.3560000,55,33619,84646,49549030,55136445,207199613,262336058,165065413,427401471,5.236186359248607,2.990053669914376,0.23059359192848206,4,56,42,1.3095238
37,19,12848,00:03:49.1320000,66,63732,158064,88795972,102245059,422418899,524663958,267333634,791997592,5.806465849599574,8.298415201431963,0.27688297629356384,5,67,52,1.2692307
37,20,13688,00:07:51.7080000,66,120014,294963,164440480,196147227,852490987,1048638214,428268100,1476906314,6.544873926420064,16.25674727047694,0.3821698725223541,5,67,47,1.4042553
38,0,2420,00:00:00.0840000,1,1,2,1001,1001,0,1001,4752,5753,1,1,0,0,1,1,0
38,1,2746,00:00:00.1040000,1,1,2,2005,2005,0,2005,9042,11047,1,1,0,0,1,1,0
38,2,3120,00:00:00.1350000,1,1,3,4009,4009,0,4009,18794,22803,1,1,0,0,1,1,0
38,3,3492,00:00:00.1540000,1,3,8,8006,8015,3,8018,38339,46357,1,1,0,0,1,1,0
38,4,3849,00:00:00.1650000,3,13,21,15519,15554,457,16011,74491,90502,1.0041239770603776,1.0082894143360055,0,1,3,2,1
38,5,4244,00:00:00.1970000,4,23,39,29239,29318,2709,32027,150730,182757,1.011696706453709,1.0237416641510941,0.009404490701854229,1,4,3,1
38,6,4686,00:00:00.2230000,6,35,76,53389,53635,10464,64099,305717,369816,1.0329281312629943,1.0687355243448835,0.02320513315498829,1,6,5,1
38,7,5157,00:00:00.2680000,9,73,158,95187,95863,32226,128089,594154,722243,1.0865454316240664,1.1946442671782251,0.05911519005894661,1,9,8,1
38,8,5659,00:00:00.3550000,11,116,296,165825,168032,88093,256125,1119067,1375192,1.2035217850143223,1.5396077923195373,0.12959550321102142,1,11,10,1
38,9,6170,00:00:00.4800000,21,183,498,291585,295115,217415,512530,2003076,2515606,1.4170001886242434,2.5025405224577124,0.23314833641052246,2,21,19,1.0526316
38,10,6677,00:00:00.7250000,24,326,863,505581,515479,508750,1024229,3430049,4454278,1.6622915022518647,3.8518648825375057,0.36356121301651,2,24,21,1.0952381
38,11,7210,00:00:01.1160000,31,609,1606,867042,890671,1159174,2049845,5859546,7909391,1.8689313781800652,4.072978730006933,0.44921210408210754,2,31,27,1.1111112
38,12,7790,00:00:01.8550000,39,1051,2827,1467188,1528606,2570092,4098698,10092969,14191667,2.049840920182008,4.1595844658852235,0.5021859407424927,2,39,31,1.2258065
38,13,8421,00:00:03.2650000,56,1845,5162,2488716,2641568,5555593,8197161,17385140,25582301,2.3297592011302215,5.904449266021745,0.5041006207466125,3,56,44,1.25
38,14,9077,00:00:06.1140000,73,3369,9250,4336918,4686957,11705566,16392523,29151054,45543577,2.8032268537242344,9.852869087633,0.4700239896774292,4,73,56,1.2857143
38,15,9735,00:00:13.0230000,66,5933,16180,7723258,8529771,24254061,32783832,47082821,79866653,3.3943444592942513,13.396653224841392,0.514269232749939,4,67,47,1.4042553
38,16,10403,00:00:29.6700000,65,10466,28041,14106788,15649314,49928971,65578285,74322684,139900969,3.976356701468825,13.32585677253906,0.4892338812351227,4,66,46,1.4130435
38,17,11097,00:01:01.5050000,59,18915,49470,25712421,28784128,102329362,131113490,116201969,247315459,4.541657901447709,7.418045590968242,0.37903106212615967,4,60,43,1.3720931
38,18,11840,00:02:02.3880000,65,34270,89003,47172413,53334716,208984996,262319712,182994856,445314568,5.105841670639151,5.3044414578187125,0.32767078280448914,4,66,50,1.3
38,19,12644,00:04:00.7650000,72,63353,162631,85917954,99272019,425291463,524563482,290109379,814672861,5.671463917774392,5.578846987231763,0.42121121287345886,4,73,54,1.3333334
38,20,13523,00:08:06.2970000,65,118517,301811,152812219,186133302,862641084,1048774386,462961396,1511735782,6.268725402122457,6.775895615175785,0.5181417465209961,5,66,49,1.3265306
3,0,3480,00:00:00.0430000,1,1,2,1007,1007,0,1007,5878,6885,1,1,0,0,1,1,0
3,1,3826,00:00:00.0550000,3,3,4,2002,2002,0,2002,10441,12443,1.0159840159840159,1.0326101101482947,0,1,3,2,1
3,2,4157,00:00:00.1140000,3,3,5,4015,4015,0,4015,19073,23088,1.0246575342465754,1.0508574268511564,0.019866185262799263,1,3,2,1
3,3,4477,00:00:00.1180000,4,5,8,8018,8021,1,8022,35569,43591,1.041656273384884,1.0878469153887806,0.029739636927843094,1,4,3,1
3,4,4813,00:00:00.1240000,4,11,20,15556,15591,441,16032,69895,85927,1.0881331961943945,1.1975329556815981,0.06780967116355896,1,4,3,1
3,5,5163,00:00:00.1320000,5,13,31,29358,29445,2570,32015,136321,168336,1.1522583282239935,1.3720291227046135,0.10121189057826996,1,5,4,1
3,6,5518,00:00:00.1420000,7,22,57,54154,54311,9722,64033,256616,320649,1.271688148613214,1.7788769241914022,0.14932788908481598,1,7,6,1
3,7,5880,00:00:00.1590000,9,48,114,97595,97890,30204,128094,471251,599345,1.439909831446283,2.5200725843381226,0.2107166051864624,1,9,8,1
3,8,6241,00:00:00.1900000,10,105,228,173730,174665,81351,256016,832999,1089015,1.6190180164623267,3.2400193241164144,0.2971552312374115,2,10,8,1.125
3,9,6625,00:00:00.2470000,12,164,395,304307,306940,205802,512742,1472556,1985298,1.775979520681417,3.3153759067572333,0.3518862724304199,2,12,9,1.2222222
3,10,7045,00:00:00.3750000,14,299,730,522350,531399,492945,1024344,2627367,3651711,1.9008710634631951,3.033936922457702,0.3938968777656555,2,14,11,1.1818181
3,11,7521,00:00:00.6080000,23,548,1350,891176,912118,1136943,2049061,4756218,6805279,2.0221751932278247,3.0214808706858647,0.42523193359375,2,23,19,1.1578947
3,12,8057,00:00:01.1090000,35,1027,2585,1502501,1560583,2537987,4098570,8608307,12706877,2.1898574443544465,3.7078122888997465,0.40427353978157043,3,35,30,1.1333333
3,13,8643,00:00:02.0490000,57,1805,4773,2570076,2708168,5486331,8194499,15272358,23466857,2.487053690241067,6.085654697012916,0.3863539397716522,3,57,49,1.1428572
3,14,9259,00:00:03.9280000,72,3302,8711,4435266,4791668,11601535,16393203,26150628,42543831,2.912291393571434,8.556490061121032,0.43634146451950073,4,73,62,1.1612903
3,15,9894,00:00:07.5400000,90,5862,15499,7935834,8660414,24126543,32786957,43280410,76067367,3.465427326226834,8.236276153808776,0.4518810212612152,5,91,69,1.3043479
3,16,10537,00:00:14.9550000,71,10497,27359,14477192,16077036,49496133,65573169,69068685,134641854,4.158604997433204,6.414493221996999,0.24411307275295258,5,72,54,1.3148148
3,17,11183,00:00:35.5540000,59,18851,47996,27775262,30619393,100518093,131137486,106843826,237981312,4.907121524182202,5.7780272533698325,0.16846871376037598,5,60,49,1.2040817
3,18,11854,00:01:08.3100000,40,34351,85602,53127159,58233498,204063828,262297326,164207449,426504775,5.560777962924763,5.219781395490311,0.14149367809295654,5,41,31,1.2903225
3,19,12585,00:02:33.4240000,45,63891,156165,97870249,108102963,416384426,524487389,256708705,781196094,6.0426312392441135,5.070660599494244,0.17402373254299164,5,46,36,1.25
3,20,13403,00:05:45.7070000,63,120219,291539,173595152,199307628,849506708,1048814336,410766126,1459580462,6.524550748974833,7.45370853128188,0.25953105092048645,5,64,49,1.2857143
39,0,2214,00:00:00.0640000,1,2,3,1001,1002,0,1002,5321,6323,1,1,0,0,1,1,0
39,1,2598,00:00:00.0850000,2,3,4,2007,2008,0,2008,10455,12463,1.0034877927254608,1.0069998598113725,0,1,2,1,1
39,2,2975,00:00:00.1320000,3,4,8,4002,4003,0,4003,20288,24291,1.0064967516241878,1.0130932420798315,0,1,3,2,1
39,3,3337,00:00:00.1570000,3,8,14,8005,8015,6,8021,39370,47391,1.0169893816364772,1.034639543434447,0.009389921091496944,1,3,2,1
39,4,3685,00:00:00.1750000,3,11,21,15539,15564,438,16002,74318,90320,1.037132376600811,1.0773678112714946,0.019937502220273018,1,3,2,1
39,5,4065,00:00:00.1930000,4,24,44,29219,29342,2665,32007,146987,178994,1.0693726684691467,1.1498451134802012,0.029060054570436478,1,4,3,1
39,6,4459,00:00:00.2270000,7,35,74,53737,53943,10096,64039,282793,346832,1.1452630403632507,1.341601244923365,0.0511041097342968,1,7,6,1
39,7,4865,00:00:00.2630000,8,60,141,96215,96851,31183,128034,527137,655171,1.274437457776854,1.7277540151364805,0.092685766518116,1,8,7,1
39,8,5274,00:00:00.3230000,12,108,265,171020,172366,83803,256169,943457,1199626,1.4669921646591042,2.3127113528860916,0.14813172817230225,2,12,10,1.1
39,9,5691,00:00:00.4180000,15,168,453,300738,303577,208807,512384,1645415,2157799,1.6826074523339252,2.562152334754225,0.19569826126098633,2,15,13,1.0769231
39,10,6127,00:00:00.6160000,16,304,794,520605,529260,495518,1024778,2847419,3872197,1.8838812535415526,2.4059290348738993,0.23009662330150604,2,16,14,1.0714285
39,11,6594,00:00:00.9190000,23,544,1422,899313,918453,1129702,2048155,4925693,6973848,2.0944965768314256,2.539116135848384,0.23096902668476105,3,23,19,1.1578947
39,12,7099,00:00:01.4880000,24,956,2511,1539490,1595111,2502273,4097384,8502939,12600323,2.3551793126295073,3.5428346753183404,0.24687045812606812,3,24,19,1.2105263
39,13,7640,00:00:02.5280000,37,1743,4477,2669119,2788671,5408040,8196711,14534790,22731501,2.6849585949521173,5.648439312164116,0.256039559841156,3,37,29,1.2413793
39,14,8217,00:00:04.6070000,41,3148,8145,4611318,4905232,11479023,16384255,24554426,40938681,3.044265869324128,7.058395697614876,0.2791222631931305,3,42,34,1.2058823
39,15,8838,00:00:09.6300000,51,5738,14676,8039959,8698080,24074210,32772290,41202862,73975152,3.4535455964389867,7.775628706211462,0.27392446994781494,4,52,41,1.2439024
39,16,9504,00:00:24.3440000,62,10342,26641,14176615,15585378,50000499,65585877,68346084,133931961,3.9152825974324617,7.098414367173281,0.2693929374217987,5,63,51,1.2156863
39,17,10203,00:00:54.5000000,68,18816,48264,25642285,28748033,102332089,131080122,110653071,241733193,4.550182832770169,9.788399361407034,0.4404265880584717,4,69,51,1.3333334
39,18,10922,00:01:51.2570000,60,34625,87206,48797808,55384632,206866504,262251136,174206244,436457380,5.3396809545215635,4.687116936440731,0.46552756428718567,4,61,41,1.4634147
39,19,11682,00:03:39.5760000,52,63997,159101,91163997,104671731,419973953,524645684,272422519,797068203,5.928010988811734,2.3145129785463086,0.18680457770824432,5,53,38,1.3684211
39,20,12503,00:07:19.0280000,61,120243,294893,174344854,202450883,846843977,1049294860,427373028,1476667888,6.74335438085256,3.9530912940723915,0.2485814094543457,6,62,46,1.326087
40,0,2767,00:00:00.0430000,2,2,3,1002,1002,0,1002,5126,6128,1.001996007984032,1.0039999291840536,0,1,2,1,1
40,1,3092,00:00:00.0590000,2,3,4,2007,2008,0,2008,9421,11429,1.0109616342800198,1.0221635605983288,0,1,2,1,1
40,2,3464,00:00:00.0840000,2,3,6,4009,4010,0,4010,19254,23264,1.0414068346221004,1.086229893602731,0,1,2,1,1
40,3,3789,00:00:00.1050000,3,5,9,7992,7997,5,8002,36375,44377,1.0746996996996998,1.160711032433425,0.010465987958014011,1,3,2,1
40,4,4132,00:00:00.1220000,4,11,19,15575,15587,420,16007,70859,86866,1.1257142857142857,1.2844987323424628,0.028018245473504066,1,4,3,1
40,5,4458,00:00:00.1310000,6,22,37,29516,29560,2500,32060,132013,164073,1.24064913944979,1.5924806700027625,0.05213434621691704,2,6,4,1.25
40,6,4789,00:00:00.1450000,6,32,69,54265,54468,9646,64114,244508,308622,1.384354556343868,1.9812224054406726,0.0900491252541542,2,6,4,1.25
40,7,5113,00:00:00.1650000,8,42,113,98187,98594,29441,128035,434883,562918,1.5526393514416368,2.251644715926825,0.11853784322738647,2,8,6,1.1666666
40,8,5447,00:00:00.1970000,10,82,191,175449,176236,80049,256285,765478,1021763,1.740881965699434,2.2245663641181137,0.13441145420074463,2,10,8,1.125
40,9,5799,00:00:00.2540000,11,145,342,309439,311545,200944,512489,1343917,1856406,1.9392901347276845,2.129309023501267,0.1529209315776825,2,11,9,1.1111112
40,10,6173,00:00:00.3600000,13,286,635,541178,547052,477642,1024694,2346028,3370722,2.146170021693417,2.3021031073777523,0.15760886669158936,3,13,10,1.2
40,11,6577,00:00:00.5990000,17,497,1169,941094,955615,1095765,2051380,4089863,6141243,2.3900163001783032,2.9211043666250833,0.16511009633541107,3,17,13,1.2307693
40,12,7015,00:00:01.0330000,20,919,2129,1630085,1669691,2432425,4102116,7095025,11197141,2.6715214237294376,3.5819698195027416,0.20635148882865906,3,20,15,1.2666667
40,13,7491,00:00:01.8220000,24,1766,3985,2830267,2925854,5276134,8201988,12237991,20439979,2.9681740273974153,3.8980639530200114,0.20836105942726135,4,24,18,1.2777778
40,14,8012,00:00:03.4840000,29,3131,7413,4896916,5141189,11253749,16394938,21023857,37418795,3.3157023726770074,5.102847947781919,0.23395752906799316,4,30,22,1.3181819
40,15,8574,00:00:06.7170000,37,5637,13549,8595806,9187856,23594159,32782015,35609621,68391636,3.7565835013028446,8.202157444832096,0.4389757812023163,4,37,27,1.3333334
40,16,9167,00:00:13.3860000,50,10297,24656,15488018,16777484,48822972,65600456,58594236,124194692,4.322658005691884,10.820943136339324,0.4981469213962555,5,50,34,1.4411764
40,17,9784,00:00:28.3990000,51,18789,44993,29003986,31630976,99541333,131172309,93969218,225141527,5.042457681506259,8.943384629011808,0.524898886680603,5,52,33,1.5454545
40,18,10422,00:01:11.0030000,47,34849,81852,56101358,61081673,201131176,262212849,147134498,409347347,5.806844818266253,5.765236783074668,0.31797361373901367,5,48,29,1.6206896
40,19,11097,00:02:43.5200000,36,65008,150458,107754850,117855149,406857022,524712171,228672077,753384248,6.501454820827091,5.413760389305124,0.2317296266555786,4,37,22,1.6363636
40,20,11832,00:05:57.0830000,38,123135,281986,201716697,223834859,825333639,1049168498,357733714,1406902212,7.072804687060685,5.626785210070408,0.1824500560760498,5,39,28,1.3571428
41,0,2879,00:00:00.1190000,2,2,3,1004,1004,0,1004,4710,5714,1.0119521912350598,1.024189947569586,0,1,2,1,1
41,1,3246,00:00:00.1430000,2,2,4,2001,2001,0,2001,9290,11291,1.0204897551224388,1.0418184298056579,0,1,2,1,1
41,2,3634,00:00:00.1890000,2,2,8,4019,4019,0,4019,19141,23160,1.0318487185867131,1.0657217551198255,0,1,2,1,1
41,3,4001,00:00:00.2010000,2,2,12,8002,8002,4,8006,38250,46256,1.0784803799050238,1.1691016562190963,0,1,2,1,1
41,4,4316,00:00:00.2110000,2,5,18,15601,15605,408,16013,69819,85832,1.1431959489776296,1.3251732748419922,0,1,2,1,1
41,5,4659,00:00:00.2240000,2,15,37,29501,29552,2515,32067,133935,166002,1.2388054642215518,1.5712272963156977,0,1,2,1,1
41,6,4978,00:00:00.2430000,3,36,84,54345,54555,9466,64021,241494,305515,1.386861716809274,1.9044934732409105,0,2,3,1,2
41,7,5309,00:00:00.2730000,4,59,137,98083,98729,29564,128293,435756,564049,1.5510231130776995,2.0163260105444714,0.008321220986545086,2,4,2,1.5
41,8,5647,00:00:00.3330000,6,98,232,174957,176262,80174,256436,771017,1027453,1.7192395845836406,1.812402517948603,0.021531404927372932,2,6,4,1.25
41,9,6009,00:00:00.4250000,9,191,423,306679,309955,202505,512460,1368906,1881366,1.877216894537937,1.5876605677885198,0.014189557172358036,2,9,7,1.1428572
41,10,6404,00:00:00.6270000,13,333,758,531154,540238,484777,1025015,2440962,3465977,2.0342047692383,1.5491249493173587,0.07763692736625671,3,13,10,1.2
41,11,6838,00:00:00.8980000,18,522,1271,913174,937384,1112132,2049516,4341790,6391306,2.2303712107440643,1.9048043687427605,0.14860373735427856,3,18,15,1.1333333
41,12,7306,00:00:01.4140000,30,970,2324,1580851,1635276,2465063,4100339,7600911,11701250,2.5203083655575385,3.092726783371494,0.23470108211040497,3,30,25,1.16
41,13,7803,00:00:02.3110000,40,1721,4163,2761280,2884452,5312279,8196731,13028248,21224979,2.8975967667168847,5.1807494169709525,0.30790820717811584,3,40,32,1.21875
41,14,8329,00:00:04.1080000,46,3118,7554,4857280,5131344,11266653,16397997,21914973,38312970,3.3174122142433626,6.5111892054567795,0.3328082859516144,3,46,36,1.25
41,15,8894,00:00:08.5980000,50,5476,13601,8538574,9140100,23643667,32783767,36609768,69393535,3.724873380496556,5.843202126872308,0.3543308675289154,3,50,38,1.2894737
41,16,9509,00:00:22.2430000,60,10045,25009,14936959,16222150,49332440,65554590,60847566,126402156,4.105129765703983,5.894933257412147,0.3937860429286957,4,60,45,1.3111111
41,17,10187,00:00:52.5360000,77,18630,46268,26310274,29106586,101988455,131095041,101397276,232492317,4.5500688058208745,9.47597079572675,0.4131949543952942,5,78,57,1.3508772
41,18,10925,00:01:53.2850000,84,34290,85763,47030419,53628743,208534347,262163090,167536822,429699912,5.138879307028925,15.803434173910937,0.49581509828567505,5,85,63,1.3333334
41,19,11697,00:03:50.4920000,81,64096,158287,90678588,104816484,419490823,524307307,268080843,792388150,6.0294696031217425,9.737653211547563,0.45689883828163147,5,82,59,1.3728814
41,20,12490,00:07:30.9980000,63,122097,292928,182144166,209195424,839940535,1049135959,414346212,1463482171,6.8584317270968755,3.5356201794483986,0.2521986961364746,4,64,44,1.4318181
42,0,3616,00:00:00.1290000,1,1,3,1001,1001,0,1001,5090,6091,1,1,0,0,1,1,0
42,1,3981,00:00:00.1490000,2,4,6,2000,2002,0,2002,9867,11869,1.003,1.0060180420147287,0,1,2,1,1
42,2,4324,00:00:00.1810000,4,6,10,4002,4004,0,4004,18726,22730,1.0099950024987505,1.0202522442511357,0,1,4,3,1
42,3,4693,00:00:00.2050000,4,6,14,8008,8010,7,8017,38189,46206,1.032967032967033,1.0687949701774084,0.024893764406442642,1,4,3,1
42,4,5039,00:00:00.2210000,4,9,21,15568,15585,440,16025,73434,89459,1.0655832476875642,1.1428632087221395,0.0536971278488636,1,4,3,1
42,5,5399,00:00:00.2360000,4,21,40,29347,29464,2587,32051,141885,173936,1.1249531468293181,1.2941452712218218,0.10026269406080246,1,4,3,1
42,6,5767,00:00:00.2570000,7,32,65,53912,54082,9926,64008,268103,332111,1.2374239501409705,1.6529700458953223,0.13515722751617432,1,7,6,1
42,7,6135,00:00:00.2870000,8,43,111,97261,97808,30287,128095,486451,614546,1.3867223244671554,2.282831516848552,0.2062438279390335,1,8,7,1
42,8,6513,00:00:00.3400000,13,99,224,172838,173933,82411,256344,867229,1123573,1.584287020215462,3.193556162515836,0.275681734085083,2,13,11,1.0909091
42,9,6904,00:00:00.4220000,16,163,388,303376,306513,206346,512859,1520507,2033366,1.7698532514107905,3.570190529771171,0.3344721794128418,2,16,13,1.1538461
42,10,7323,00:00:00.6090000,20,320,732,525816,533613,491665,1025278,2668937,3694215,1.9406389307286198,3.556949203579502,0.38600286841392517,2,20,15,1.2666667
42,11,7780,00:00:00.9190000,27,584,1348,907047,923344,1125991,2049335,4693278,6742613,2.1267938706594034,3.98422076872729,0.4025747776031494,2,27,22,1.1818181
42,12,8281,00:00:01.5100000,32,1052,2475,1551920,1598679,2502224,4100903,8239558,12340461,2.3604631682045465,5.606668819834918,0.4131965935230255,2,32,27,1.1481482
42,13,8824,00:00:02.5830000,44,1845,4521,2671287,2782591,5418075,8200666,14308266,22508932,2.652023912069351,8.066294637031008,0.43002545833587646,4,44,34,1.2647059
42,14,9412,00:00:04.8480000,50,3258,8228,4579775,4874127,11527402,16401529,24579287,40980816,3.004044085135187,8.919158059658576,0.5064986944198608,4,51,38,1.3157895
42,15,10013,00:00:10.5290000,55,5713,14670,8340491,9017014,23761773,32778787,40493573,73272360,3.7488940399312223,6.519881652166786,0.4131985604763031,5,56,40,1.375
42,16,10578,00:00:24.4030000,47,10361,25565,16237567,17477312,48064702,65542014,61958290,127500304,4.6095359606522335,2.014127913922881,0.17119431495666504,5,48,33,1.4242424
42,17,11172,00:00:51.9130000,33,18618,45321,29720201,32090025,99029593,131119618,95425038,226544656,5.039848048133995,1.5222916763364058,0.10698208957910538,5,34,25,1.32
42,18,11850,00:01:48.8210000,40,34170,83172,51746536,56795803,205423409,262219212,153725512,415944724,5.334970306031693,2.254019451570515,0.07877480983734131,4,41,35,1.1428572
42,19,12621,00:03:49.7370000,63,63865,156170,89099031,102644935,421801813,524446748,254189817,778636565,5.76920954392871,6.04750645739502,0.20635205507278442,4,64,51,1.2352941
42,20,13472,00:07:58.3810000,88,120672,293616,158281843,193200061,856173950,1049374011,418336763,1467710774,6.416754914838842,14.080376865805286,0.2902028560638428,5,89,70,1.2571429
43,0,3328,00:00:00.1210000,1,1,2,1001,1001,0,1001,5481,6482,1,1,0,0,1,1,0
43,1,3639,00:00:00.1400000,1,2,4,2013,2014,0,2014,9490,11504,1,1,0,0,1,1,0
43,2,3979,00:00:00.1710000,2,3,5,4002,4005,0,4005,18553,22558,1.003248375812094,1.0065178908605301,0,1,2,1,1
43,3,4338,00:00:00.1820000,2,5,7,7988,7997,5,8002,37361,45363,1.0043815723585379,1.0088015896022557,0,1,2,1,1
43,4,4687,00:00:00.1920000,3,10,16,15586,15603,450,16053,72477,88530,1.0099448222764018,1.020130839245853,0.005710958037525415,1,3,2,1
43,5,5060,00:00:00.2220000,4,20,38,29271,29333,2690,32023,144173,176196,1.0197806702879983,1.0405386621046722,0.013918979093432426,1,4,3,1
43,6,5479,00:00:00.2470000,5,34,75,53471,53710,10374,64084,289835,353919,1.0470535430420227,1.0997907755800187,0.03018646314740181,1,5,4,1
43,7,5924,00:00:00.2870000,10,63,148,95419,95952,32220,128172,562706,690878,1.1181525691948144,1.2659863255762023,0.05978378653526306,2,10,8,1.125
43,8,6404,00:00:00.3640000,13,109,272,167931,169376,86803,256179,1060835,1317014,1.281038045387689,1.7480082238669816,0.13546384871006012,2,13,11,1.0909091
43,9,6871,00:00:00.4940000,17,197,483,295345,298745,213402,512147,1859674,2371821,1.5761634698403562,2.9449487160578958,0.2400386929512024,2,17,15,1.0666667
43,10,7311,00:00:00.7050000,18,326,807,524317,533092,491635,1024727,3067035,4091762,1.9613916771723976,4.575940869761402,0.3475019931793213,2,18,16,1.0625
43,11,7736,00:00:00.9930000,20,586,1391,925880,946489,1101671,2048160,4917927,6966087,2.3481207067870566,4.852841386616272,0.39892685413360596,2,20,16,1.1875
43,12,8177,00:00:01.4970000,25,1022,2443,1628076,1668397,2432418,4100815,7946466,12047281,2.663477012129655,3.7900991182447434,0.30015212297439575,3,25,19,1.2631578
43,13,8662,00:00:02.4040000,24,1730,4268,2786876,2891940,5303635,8195575,13217878,21413453,2.8820252497778873,2.9645243774352488,0.28740981221199036,3,24,18,1.2777778
43,14,9216,00:00:04.3700000,33,3133,7766,4697855,4963210,11434713,16397923,22744573,39142496,3.0758320552677763,2.9879487367618633,0.28969481587409973,4,33,27,1.1851852
43,15,9842,00:00:09.8000000,53,5667,14347,7941573,8615868,24154535,32770403,39600663,72371066,3.369144500717931,4.776792631079511,0.29500260949134827,4,54,45,1.1777778
43,16,10512,00:00:26.2230000,68,10329,26395,13987886,15680158,49878339,65558497,66946390,132504887,3.990968470861144,12.71406998042048,0.7291367650032043,5,69,54,1.2592592
43,17,11158,00:00:57.0600000,60,18838,46926,27791490,31127196,100075427,131202623,104662134,235864757,5.063400343054655,4.838608844182804,0.5292386412620544,5,61,44,1.3636364
43,18,11796,00:01:51.6260000,40,34901,84030,55534769,60735860,201427326,262163186,157844846,420008032,5.773657130004448,1.783074118743272,0.31560182571411133,5,41,25,1.6
43,19,12511,00:03:43.3120000,36,64400,154788,99663709,109455707,415084960,524540667,247134770,771675437,6.065333912066227,1.5630486255509926,0.12970896065235138,4,37,29,1.2413793
43,20,13343,00:07:45.2200000,55,120491,291766,167956896,194509904,854526030,1049035934,405597282,1454633216,6.373745862748023,2.5601570467945565,0.14554379880428314,3,56,47,1.1702127
44,0,3581,00:00:00.1300000,1,3,4,999,1001,0,1001,4888,5889,1,1,0,0,1,1,0
44,1,3936,00:00:00.1500000,2,2,5,2002,2002,0,2002,9602,11604,1.0064935064935066,1.0130713417713142,0,1,2,1,1
44,2,4276,00:00:00.1820000,2,4,10,4010,4015,0,4015,18377,22392,1.0159600997506235,1.0324293760195737,0,1,2,1,1
44,3,4637,00:00:00.1920000,3,6,13,7999,8003,5,8008,37518,45526,1.0270033754219277,1.0556461418215966,0.012880127876996994,1,3,2,1
44,4,4998,00:00:00.2170000,3,7,19,15527,15548,455,16003,74214,90217,1.064983576994912,1.1394042667345705,0.03220662102103233,1,3,2,1
44,5,5369,00:00:00.2340000,5,11,37,29375,29421,2617,32038,144498,176536,1.1293957446808511,1.298873384388256,0.050879281014204025,1,5,4,1
44,6,5742,00:00:00.2520000,5,22,59,53887,54044,10040,64084,272413,336497,1.2351773154935328,1.5997414369663658,0.08814407140016556,1,5,4,1
44,7,6117,00:00:00.2860000,6,56,121,97142,97673,30456,128129,495127,623256,1.389821086656647,2.071153571236904,0.1306929886341095,1,6,5,1
44,8,6492,00:00:00.3340000,9,103,233,172257,173556,82486,256042,872899,1128941,1.5739621611893857,2.4008329437346974,0.17717300355434418,2,9,7,1.1428572
44,9,6884,00:00:00.4240000,12,210,460,302395,306112,206590,512702,1529211,2041913,1.75127895633195,2.2333517674773615,0.2259874790906906,2,12,9,1.2222222
44,10,7308,00:00:00.6530000,17,322,792,522099,532133,492734,1024867,2692273,3717140,1.9076247991281348,1.9805249347496912,0.2562792897224426,2,17,14,1.1428572
44,11,7778,00:00:00.9630000,25,559,1411,892712,917369,1133291,2050660,4788824,6839484,2.0642222799738326,2.040425132815029,0.26431331038475037,2,25,21,1.1428572
44,12,8296,00:00:01.5480000,38,1019,2556,1528049,1581289,2519458,4100747,8482763,12583510,2.279364732413686,2.885412844416769,0.2710600197315216,3,38,33,1.1212121
44,13,8860,00:00:02.6750000,50,1856,4692,2616608,2743572,5454985,8198557,14846367,23044924,2.5654870733407527,5.825936252071159,0.31594976782798767,3,50,43,1.1395348
44,14,9470,00:00:05.0390000,60,3267,8496,4451494,4777669,11608155,16385824,25614108,41999932,2.871592773122911,10.975170767803087,0.42644014954566956,3,61,49,1.2244898
44,15,10139,00:00:11.7670000,72,5931,15402,7517700,8356655,24432515,32789170,43978028,76767198,3.207547388163933,14.256497612112188,0.52850341796875,4,73,55,1.3090909
44,16,10860,00:00:31.0950000,96,10419,27960,13070639,14948348,50626233,65574581,74358225,139932806,3.6877552811304786,14.282384119681018,0.46365004777908325,4,97,75,1.28
44,17,11610,00:01:09.1510000,90,18797,50328,22941728,27301486,103841326,131142812,121066543,252209355,4.2698435793502565,12.46573349145456,0.4824729561805725,3,91,68,1.3235294
44,18,12408,00:02:22.0960000,100,34430,91659,41886447,50241289,211997998,262239287,195237416,457476703,4.828479794430881,10.84505771341971,0.4344276487827301,4,101,71,1.4084507
44,19,13276,00:04:47.5410000,108,63581,168360,74997913,92515653,432075563,524591216,315427202,840018418,5.349891189638837,14.483420465620885,0.5288165807723999,4,109,84,1.2857143
44,20,14220,00:09:32.2310000,131,118325,311513,134843322,173702940,875119153,1048822093,508660610,1557482703,5.956914759189929,32.13224079131752,0.6793919801712036,4,132,96,1.3645834
45,0,4472,00:00:00.1490000,1,1,2,1001,1001,0,1001,6197,7198,1,1,0,0,1,1,0
45,1,4908,00:00:00.1700000,1,1,2,2004,2004,0,2004,11986,13990,1,1,0,0,1,1,0
45,2,5255,00:00:00.1990000,1,2,4,4000,4001,0,4001,21085,25086,1,1,0,0,1,1,0
45,3,5641,00:00:00.2180000,1,3,8,7999,8005,4,8009,41583,49592,1,1,0,0,1,1,0
45,4,6013,00:00:00.2310000,2,9,18,15546,15572,453,16025,79286,95311,1.0016724559372185,1.0033504875492514,0,1,2,1,1
45,5,6412,00:00:00.2500000,3,12,29,29269,29308,2728,32036,155917,187953,1.004270730124022,1.008587118233458,0,1,3,2,1
45,6,6850,00:00:00.2870000,4,33,70,53177,53456,10581,64037,310523,374560,1.0099667149331477,1.0201932591701202,0.008460932411253452,1,4,3,1
45,7,7332,00:00:00.3350000,8,72,144,94704,95375,32750,128125,608128,736253,1.0412126203750633,1.0731730250395963,0.02718172036111355,2,8,6,1.1666666
45,8,7847,00:00:00.4140000,12,131,280,166191,168040,88085,256125,1147453,1403578,1.182212033142589,1.316152202882223,0.08212857693433762,2,12,10,1.1
45,9,8322,00:00:00.5650000,17,231,507,296406,301004,211665,512669,1956099,2468768,1.6501757724202615,2.3259745941081507,0.1717023253440857,2,17,14,1.1428572
45,10,8709,00:00:00.7650000,18,359,838,538711,549126,475361,1024487,2992991,4017478,2.26439779399344,2.5310673052911374,0.20871677994728088,3,18,13,1.3076923
45,11,9072,00:00:01.0140000,20,566,1356,969668,990534,1059838,2050372,4515162,6565534,2.6899021108255607,1.6537839464951434,0.17141486704349518,3,20,15,1.2666667
45,12,9461,00:00:01.4340000,19,954,2217,1689278,1739163,2363623,4102786,7106652,11209438,2.9194040294137493,1.3190761126098307,0.12016303837299347,4,19,13,1.3846154
45,13,9905,00:00:02.2120000,31,1802,4023,2897050,2990138,5203807,8193945,11817381,20011326,3.083763828722321,1.3673848229983594,0.07983197271823883,5,31,24,1.25
45,14,10414,00:00:03.8950000,36,3188,7436,4967197,5188862,11202576,16391438,20340911,36732349,3.367406406470289,1.9799312448429263,0.07674981653690338,5,36,30,1.1666666
45,15,10940,00:00:07.7260000,36,5633,13371,9170830,9707700,23076537,32784237,33613157,66397394,4.19045222733384,4.7356519480957395,0.09442450851202011,4,37,33,1.0909091
45,16,11424,00:00:17.2220000,31,10344,23340,18551453,19526454,46058289,65584743,50788393,116373136,5.245379863237667,2.8023024814387942,0.1062147244811058,4,31,26,1.1538461
45,17,11920,00:00:36.4650000,18,18653,41213,35381129,37200441,93908495,131108936,76301867,207410803,5.802199217554646,1.6063202114947366,0.04533405229449272,4,18,14,1.2142857
45,18,12489,00:01:17.2700000,19,34516,76223,62277022,66331292,195909161,262240453,120783362,383023815,6.039356779134365,1.4766798567196928,0.04323859512805939,4,19,15,1.2
45,19,13160,00:02:48.0850000,38,65183,144859,106546646,116593307,408157858,524751165,201502542,726253707,6.3085018837664775,2.1147864770180935,0.07968319952487946,3,38,33,1.1212121
45,20,13928,00:06:07.3920000,62,123334,277266,183803629,212787408,835868649,1048656057,340246199,1388902256,6.802734036333962,5.55587584312055,0.16631588339805603,4,62,52,1.1730769
46,0,3377,00:00:00.1200000,2,2,2,1003,1003,0,1003,4575,5578,1.0049850448654039,1.0100197674696798,0,1,2,1,1
46,1,3794,00:00:00.1450000,2,2,3,2002,2002,0,2002,10153,12155,1.0034965034965035,1.0070175063247973,0,1,2,1,1
46,2,4125,00:00:00.1790000,3,3,5,4002,4002,0,4002,18816,22818,1.0079960019990004,1.0161523941662816,0,1,3,2,1
46,3,4470,00:00:00.2030000,3,6,10,8015,8030,3,8033,36860,44893,1.0204616344354336,1.0419408267477672,0.015506599098443985,1,3,2,1
46,4,4816,00:00:00.2150000,4,9,17,15539,15568,438,16006,71736,87742,1.0360383551065062,1.0752969452507914,0.0236953292042017,1,4,3,1
46,5,5184,00:00:00.2320000,5,21,40,29325,29412,2612,32024,141900,173924,1.082455242966752,1.1827027513724848,0.049946315586566925,1,5,4,1
46,6,5572,00:00:00.2560000,6,38,81,53736,53980,10088,64068,275580,339648,1.16834152151258,1.4176335113959666,0.1003665179014206,1,6,5,1
46,7,5968,00:00:00.2950000,9,61,138,96692,97268,30916,128184,511662,639846,1.3115252554502959,1.9151468301009067,0.1585967242717743,2,9,7,1.1428572
46,8,6367,00:00:00.3530000,10,106,243,171170,172888,83479,256367,916184,1172551,1.5017760121516621,2.6809698922263347,0.23259404301643372,2,10,8,1.125
46,9,6772,00:00:00.4420000,13,182,400,300496,304778,207506,512284,1596629,2108913,1.7084453703210691,3.1603993385135234,0.30748000741004944,2,13,10,1.2
46,10,7200,00:00:00.6840000,18,341,769,522865,531174,494105,1025279,2773727,3799006,1.8985914146098897,3.09080488856533,0.3219933807849884,2,18,15,1.1333333
46,11,7667,00:00:00.9950000,23,581,1406,897359,918069,1131122,2049191,4851584,6900775,2.091765948745151,3.207792944826205,0.3213214576244354,3,23,19,1.1578947
46,12,8175,00:00:01.5710000,30,990,2516,1538744,1591353,2508431,4099784,8459400,12559184,2.347316382712134,3.9955290223781517,0.3002140522003174,3,30,25,1.16
46,13,8713,00:00:02.6220000,41,1779,4517,2673398,2800689,5398179,8198868,14451382,22650250,2.708184864356149,4.695934983858938,0.2721991539001465,4,41,32,1.25
46,14,9276,00:00:04.7980000,48,3264,8210,4693616,4990749,11412328,16403077,24148900,40551977,3.1607992643624874,5.084880399702137,0.2582559883594513,4,49,38,1.2631578
46,15,9861,00:00:11.2540000,56,5688,14552,8396866,9033709,23767231,32800940,39528735,72329675,3.688472937403074,6.1274278120020575,0.2490992695093155,5,57,41,1.3658537
46,16,10464,00:00:25.8240000,58,10197,25834,15269915,16598826,48942455,65541281,63086336,128627617,4.2916591218746145,6.993211815703651,0.239111989736557,6,59,41,1.4146341
46,17,11089,00:00:53.3660000,52,18712,46296,28726254,31332916,99771062,131103978,99109886,230213864,5.007322952724709,7.73073406515135,0.203714981675148,5,53,38,1.3684211
46,18,11727,00:01:43.8590000,37,34721,83380,55941664,61380221,200821166,262201387,152257341,414458728,5.859086565605199,7.083696834303089,0.16139298677444458,5,38,27,1.3703704
46,19,12392,00:03:19.9420000,34,64966,151945,109320198,119497318,405147456,524644774,231882769,756527543,6.553352556130569,4.616850148662031,0.15433040261268616,5,35,25,1.36
46,20,13132,00:06:37.4290000,38,122389,282946,198145018,220417132,828862161,1049279293,362262814,1411542107,6.946799081266833,3.5908682843796313,0.18146120011806488,4,39,30,1.2666667
47,0,3237,00:00:00.1170000,2,2,5,1004,1004,0,1004,4878,5882,1.00199203187251,1.0039920301638496,0,1,2,1,1
47,1,3532,00:00:00.1370000,2,3,7,2005,2007,0,2007,8780,10787,1.001496259351621,1.0029969883239997,0,1,2,1,1
47,2,3878,00:00:00.1720000,2,2,9,4007,4007,0,4007,17813,21820,1.005490391814325,1.0110410094482363,0,1,2,1,1
47,3,4264,00:00:00.1840000,2,6,15,7981,8001,4,8005,38046,46051,1.0071419621601303,1.014385899558863,0,1,2,1,1
47,4,4609,00:00:00.1960000,4,8,24,15541,15549,452,16001,73269,89270,1.0173733993951484,1.0354578923224167,0.008405446074903011,1,4,3,1
47,5,4994,00:00:00.2260000,5,13,43,29277,29297,2722,32019,147868,179887,1.0399631109744851,1.0839237049605022,0.02385661005973816,1,5,4,1
47,6,5409,00:00:00.2490000,5,23,78,53612,53718,10390,64108,292514,356622,1.0958181004252778,1.2149428924613634,0.05369672551751137,1,5,4,1
47,7,5839,00:00:00.2890000,5,48,154,95901,96435,31629,128064,552526,680590,1.1996955193376504,1.5061310804278356,0.11509110778570175,1,5,4,1
47,8,6278,00:00:00.3550000,9,111,283,169609,170813,85606,256419,1004877,1261296,1.3732408067968092,2.1227382106864647,0.16261593997478485,1,9,8,1
47,9,6719,00:00:00.4780000,13,193,502,297175,300932,211545,512477,1755720,2268197,1.5877883402035837,2.7979437295809646,0.24843940138816833,2,13,10,1.2
47,10,7176,00:00:00.7340000,21,329,871,515688,523856,500732,1024588,3025066,4049654,1.7992216223763207,2.8102964934909997,0.316119909286499,2,21,16,1.25
47,11,7671,00:00:01.0950000,28,533,1480,886905,907914,1142730,2050644,5250999,7301643,1.99762883285132,2.7213528511844705,0.366519957780838,2,28,22,1.2272727
47,12,8203,00:00:01.7010000,39,987,2636,1518410,1569820,2527139,4096959,9062371,13159330,2.2535626082546876,3.5767044148669007,0.4328567087650299,3,39,31,1.2258065
47,13,8754,00:00:02.8110000,47,1776,4628,2661324,2788254,5405897,8194151,15228437,23422588,2.7139435108239356,7.916887712447312,0.5598501563072205,3,47,35,1.3142858
47,14,9292,00:00:04.9330000,49,3127,8022,4880053,5151557,11251313,16402870,24356833,40759703,3.409631616705802,10.347122056276492,0.7169207334518433,3,49,35,1.3714286
47,15,9812,00:00:10.7250000,42,5628,13897,9130441,9670913,23097531,32768444,37430566,70199010,4.119958937361295,4.543307741458428,0.47772347927093506,4,43,27,1.5555556
47,16,10350,00:00:23.6260000,32,10126,24289,16690198,17789014,47780455,65569469,57446391,123015860,4.616516412807086,2.2244637408059553,0.21265362203121185,4,33,24,1.3333334
47,17,10953,00:00:50.3270000,34,18593,44378,29297357,31593641,99594070,131187711,91683970,222871681,4.925290462207905,1.5985569583467716,0.10354055464267731,3,35,26,1.3076923
47,18,11648,00:01:47.5380000,47,34228,82924,50248065,55618956,206658910,262277866,152232183,414510049,5.232507142314834,1.9551011949153774,0.09987745434045792,3,48,42,1.1190476
47,19,12424,00:03:47.6040000,61,64100,155784,88271004,103052403,421564717,524617120,253663874,778280994,5.848142998350851,5.155008202492494,0.3919100761413574,5,62,47,1.2978723
47,20,13245,00:07:42.5800000,66,121159,291353,169159870,201512226,847426802,1048939028,408585035,1457524063,6.6755721673231365,5.473571756332829,0.834555983543396,4,67,47,1.4042553
48,0,2673,00:00:00.0820000,1,1,2,1005,1005,0,1005,4426,5431,1,1,0,0,1,1,0
48,1,3053,00:00:00.1040000,1,1,2,2002,2002,0,2002,9339,11341,1,1,0,0,1,1,0
48,2,3399,00:00:00.1380000,1,2,3,4001,4003,0,4003,18332,22335,1,1,0,0,1,1,0
48,3,3772,00:00:00.1480000,1,2,5,7998,8000,5,8005,37676,45681,1,1,0,0,1,1,0
48,4,4131,00:00:00.1600000,2,3,11,15566,15579,453,16032,73942,89974,1.0015418219195682,1.0030883408350892,0,1,2,1,1
48,5,4521,00:00:00.1760000,3,12,33,29276,29308,2733,32041,149531,181572,1.0043380243202624,1.0087217176919396,0,1,3,2,1
48,6,4956,00:00:00.2130000,3,27,68,53453,53569,10448,64017,301567,365584,1.0114118945615775,1.0231316845620717,0.007558631710708141,1,3,2,1
48,7,5436,00:00:00.2520000,4,53,142,95113,95502,32736,128238,596997,725235,1.0291863362526679,1.0604313296308954,0.017183061689138412,1,4,3,1
48,8,5966,00:00:00.3300000,8,93,278,166079,166970,89103,256073,1154922,1410995,1.091197562605748,1.194094261564701,0.039348650723695755,2,8,6,1.1666666
48,9,6528,00:00:00.4860000,12,176,527,288222,291240,221332,512572,2140237,2652809,1.288975164976997,1.7030352479131088,0.09922883659601212,2,12,9,1.2222222
48,10,7052,00:00:00.7900000,17,347,936,507783,516633,508034,1024667,3616634,4641301,1.7368265578012656,3.254931810605972,0.13917581737041473,3,17,13,1.2307693
48,11,7511,00:00:01.1190000,17,596,1523,911586,934382,1115563,2049945,5638332,7688277,2.2934610667561808,3.6846088872491203,0.1519136130809784,3,17,13,1.2307693
48,12,7947,00:00:01.6270000,20,1005,2520,1635580,1681466,2415122,4096588,8619231,12715819,2.7457311779307645,2.5907902808910306,0.1366121917963028,3,20,15,1.2666667
48,13,8406,00:00:02.5070000,24,1752,4249,2891474,2977241,5226624,8203865,13521162,21725027,3.0952645605666866,2.4422015056119246,0.12830869853496552,4,24,18,1.2777778
48,14,8906,00:00:04.3280000,24,3138,7531,5045972,5242607,11161007,16403614,21844320,38247934,3.4246119479061714,3.2973120140707337,0.186202734708786,4,24,18,1.2777778
48,15,9457,00:00:08.9750000,28,5645,13650,8772657,9242968,23526817,32769785,36060945,68830730,3.7756636330361486,4.709761259072749,0.18004529178142548,5,29,21,1.3333334
48,16,10062,00:00:21.8910000,33,10109,24853,15247586,16428629,49177751,65606380,59706605,125312985,4.1709995274006,5.7780789155922525,0.22709114849567413,4,34,28,1.1785715
48,17,10724,00:00:49.8890000,44,18568,45778,26878749,29661672,101477708,131139380,98903022,230042402,4.649957220851313,6.852933038875403,0.21705946326255798,4,45,37,1.1891892
48,18,11443,00:01:46.3220000,49,34128,84476,48100541,54702576,207551006,262253582,162538855,424792437,5.212792596241277,6.319586943169697,0.20271843671798706,5,50,40,1.225
48,19,12224,00:03:40.0920000,62,63501,157031,88078291,101958581,422505360,524463941,265002673,789466614,5.800326064455542,4.9653393492293905,0.23622681200504303,5,63,49,1.2653061
48,20,13076,00:07:32.8680000,67,120167,295095,160610286,192628811,856046911,1048675722,429522812,1478198534,6.434673754332272,6.278095964038651,0.3212926685810089,5,68,52,1.2884616
4,0,2169,00:00:00.0820000,1,1,2,1003,1003,0,1003,4502,5505,1,1,0,0,1,1,0
4,1,2563,00:00:00.1040000,2,3,4,2003,2004,0,2004,9818,11822,1.00199700449326,1.0040019639012767,0,1,2,1,1
4,2,2952,00:00:00.1290000,2,2,6,4010,4010,0,4010,20213,24223,1.0022443890274315,1.0044989005832186,0,1,2,1,1
4,3,3343,00:00:00.1400000,2,5,12,8005,8011,7,8018,41101,49119,1.0014990630855716,1.0030026079356573,0,1,2,1,1
4,4,3702,00:00:00.1490000,2,7,20,15545,15557,460,16017,77721,93738,1.0019298809906723,1.0038672071819474,0,1,2,1,1
4,5,4105,00:00:00.1600000,3,12,30,29221,29293,2714,32007,155165,187172,1.0049621847301597,1.009985005535505,0,1,3,2,1
4,6,4553,00:00:00.1810000,5,27,62,53433,53535,10486,64021,311600,375621,1.0157580521400633,1.0321762396613319,0.01261932123452425,1,5,4,1
4,7,5025,00:00:00.2030000,6,57,137,95017,95667,32472,128139,601685,729824,1.0384668006777735,1.0809482998948439,0.0285521037876606,1,6,5,1
4,8,5554,00:00:00.2470000,15,98,270,166526,167248,88882,256130,1158116,1414246,1.1083674621380446,1.2475338559311013,0.0686403214931488,2,15,13,1.0769231
4,9,6117,00:00:00.3450000,18,196,528,287835,291157,221183,512340,2143655,2655995,1.291979780082339,1.8363699433661034,0.1649625152349472,2,18,16,1.0625
4,10,6656,00:00:00.5260000,25,338,970,502991,513107,511082,1024189,3668640,4692829,1.6687395997145078,3.779280975371437,0.28684693574905396,3,25,21,1.1428572
4,11,7132,00:00:00.8260000,33,577,1546,907466,928417,1120171,2048588,5778384,7826972,2.258951850537651,6.809275655631967,0.3055744171142578,3,33,27,1.1851852
4,12,7554,00:00:01.2270000,31,964,2506,1667750,1716778,2382722,4099500,8632423,12731923,2.94800539649228,6.12623186299053,0.2554691731929779,3,31,25,1.2
4,13,7960,00:00:01.8190000,33,1679,4215,3056683,3151606,5049128,8200734,12809436,21010170,3.480985434210875,4.124542474443633,0.20639194548130035,4,33,23,1.3913044
4,14,8396,00:00:03.0360000,29,3005,7189,5394338,5611004,10791384,16402388,19738431,36140819,3.8168123688207896,3.0289401063510955,0.17780674993991852,5,29,20,1.4
4,15,8892,00:00:06.9450000,29,5579,13006,9244023,9740015,23052294,32792309,31973656,64765965,4.034306924593329,2.834953179817146,0.163058802485466,5,30,20,1.45
4,16,9458,00:00:18.3750000,45,9983,23820,16067010,17084300,48473281,65557581,53521180,119078761,4.374741784563525,4.178341669657213,0.2604667842388153,4,46,37,1.2162162
4,17,10070,00:00:42.0840000,51,18659,44061,29305579,31775654,99320032,131095686,88469388,219565074,5.047147029580954,8.490839126846035,0.45054295659065247,4,51,41,1.2195122
4,18,10712,00:01:28.5820000,48,34861,81042,54777038,60450776,201843282,262294058,142105724,404399782,5.703866390146908,5.354444372725165,0.517812967300415,4,49,37,1.2972972
4,19,11420,00:03:04.3100000,51,64710,151171,99349220,111211720,413233167,524444887,230067048,754511935,6.167062469136647,4.890770439844488,0.4715067148208618,5,52,36,1.4166666
4,20,12208,00:06:26.0870000,66,122640,285499,181604951,208968947,840299358,1049268305,374804344,1424072649,6.796700872984459,7.662601616963585,0.28277814388275146,5,67,51,1.2941177
49,0,2559,00:00:00.0770000,1,1,2,1006,1006,0,1006,4508,5514,1,1,0,0,1,1,0
49,1,2855,00:00:00.0970000,1,3,4,2001,2004,0,2004,8423,10427,1,1,0,0,1,1,0
49,2,3213,00:00:00.1310000,2,3,6,4009,4011,0,4011,17847,21858,1.0014966325767025,1.0029977056734072,0,1,2,1,1
49,3,3581,00:00:00.1430000,3,6,12,7999,8011,4,8015,37544,45559,1.009501187648456,1.019212538232924,0,1,3,2,1
49,4,3971,00:00:00.1710000,5,13,25,15529,15551,472,16023,77736,93759,1.0245347414514778,1.0505948407272039,0.016060294583439827,1,5,4,1
49,5,4348,00:00:00.1890000,5,16,46,29324,29398,2618,32016,149339,181355,1.0539489837675624,1.115514641658606,0.03737242892384529,1,5,4,1
49,6,4737,00:00:00.2120000,9,29,75,53738,53844,10173,64017,284238,348255,1.110517696974208,1.252190472491843,0.06130937859416008,2,9,7,1.1428572
49,7,5153,00:00:00.2500000,11,59,135,96339,96680,31374,128054,534723,662777,1.243712307580523,1.6387841617457228,0.1275143027305603,2,11,8,1.25
49,8,5567,00:00:00.3100000,12,100,239,171112,172241,84179,256420,955824,1212244,1.4529314133433073,2.449972699775761,0.21600355207920074,2,12,9,1.2222222
49,9,5976,00:00:00.4040000,14,189,454,301625,305084,207030,512114,1641139,2153253,1.7494338997099046,3.762500545465917,0.3010864555835724,2,14,11,1.1818181
49,10,6379,00:00:00.6500000,16,333,819,531640,540004,484005,1024009,2734013,3758022,2.0868237905349485,5.004057381345046,0.33866071701049805,2,16,12,1.25
49,11,6786,00:00:00.9260000,19,541,1363,937796,956752,1093880,2050632,4488358,6538990,2.416658846913401,5.711776469303426,0.37276390194892883,3,19,13,1.3846154
49,12,7216,00:00:01.4000000,21,926,2333,1630882,1678448,2418346,4096794,7425722,11522516,2.6972809804755955,5.298883973683766,0.3659868538379669,3,21,13,1.5384616
49,13,7692,00:00:02.2810000,30,1708,4223,2813378,2920287,5280395,8200682,12565667,20766349,2.942915598259459,4.8195546275844565,0.3398953080177307,4,30,21,1.3809524
49,14,8223,00:00:04.2580000,43,3071,7551,4845374,5079509,11317549,16397058,21577505,37974563,3.2325816335333455,5.836199967345897,0.3685549199581146,4,44,36,1.1944444
49,15,8804,00:00:09.5170000,51,5737,13890,8459700,9022984,23747533,32770517,36823715,69594232,3.6628529380474486,9.93849516944814,0.37966451048851013,4,52,40,1.275
49,16,9412,00:00:23.6430000,57,10365,25308,15239986,16538871,49062669,65601540,60634274,126235814,4.24143027427978,8.982360144579447,0.40145057439804077,5,58,45,1.2666667
49,17,10055,00:00:52.5500000,62,18781,46084,27433447,30334662,100764452,131099114,98213076,229312190,4.765543498780886,4.75714251077203,0.38117992877960205,5,63,47,1.3191489
49,18,10756,00:01:50.9800000,69,34531,84478,49444359,55886536,206267371,262153907,159480496,421634403,5.339073462353916,5.2757033545025855,0.40903088450431824,4,70,51,1.3529412
49,19,11496,00:03:45.0900000,66,64556,156095,95643714,108993285,415766590,524759875,253635194,778395069,6.188321430094193,8.53838883135944,0.3667561113834381,5,67,48,1.375
49,20,12268,00:07:25.7090000,49,121712,288641,186089472,213459900,835259952,1048719852,393724722,1442444574,6.9213742946188805,5.295054734855266,0.297397255897522,4,50,35,1.4
5,0,2471,00:00:00.0540000,1,1,2,1005,1005,0,1005,4788,5793,1,1,0,0,1,1,0
5,1,2855,00:00:00.0690000,1,1,3,2003,2003,0,2003,9778,11781,1,1,0,0,1,1,0
5,2,3206,00:00:00.0920000,1,3,5,3998,4005,0,4005,19227,23232,1,1,0,0,1,1,0
5,3,3567,00:00:00.1060000,2,4,6,8003,8009,6,8015,37976,45991,1.0014994377108584,1.0030033252847674,0,1,2,1,1
5,4,3910,00:00:00.1110000,4,11,13,15527,15549,469,16018,73388,89406,1.009016551812971,1.0182475546406318,0.006615319289267063,1,4,3,1
5,5,4324,00:00:00.1280000,5,17,26,29161,29267,2769,32036,153957,185993,1.017557696923974,1.0359360443185066,0.012713897973299026,1,5,4,1
5,6,4744,00:00:00.1410000,8,36,61,53515,53720,10292,64012,300621,364633,1.0476128188358405,1.1016640452444555,0.035889070481061935,1,8,7,1
5,7,5202,00:00:00.1630000,13,62,129,95419,95921,32170,128091,580899,708990,1.11466269820476,1.2699366973939896,0.07665989547967911,1,13,12,1
5,8,5686,00:00:00.2020000,17,101,253,168098,169297,87065,256362,1082779,1339141,1.2582065223857513,1.7542824993288582,0.1615125685930252,2,17,15,1.0666667
5,9,6169,00:00:00.2760000,19,210,496,292854,296823,215734,512557,1913933,2426490,1.4780607401640409,2.9481697266227687,0.2843555510044098,2,19,17,1.0588236
5,10,6659,00:00:00.4230000,23,347,879,508548,518096,506293,1024389,3289051,4313440,1.7289656040334442,4.640466629051685,0.40467604994773865,2,23,20,1.1
5,11,7168,00:00:00.7410000,28,613,1562,874913,901692,1147021,2048713,5587290,7636003,1.9563042268202666,5.287189895708489,0.44680362939834595,2,28,24,1.125
5,12,7709,00:00:01.2840000,38,1099,2785,1499956,1563507,2535193,4098700,9476268,13574968,2.2150136404001186,5.718303057263408,0.42268604040145874,3,38,31,1.1935484
5,13,8282,00:00:02.2220000,46,1853,4886,2580960,2736446,5463681,8200127,15954325,24154452,2.5685461998636168,5.1347426790803175,0.3572809100151062,3,46,37,1.2162162
5,14,8879,00:00:04.3830000,55,3307,8640,4517003,4854000,11536425,16390425,26416868,42807293,2.999115785400187,4.294585944527702,0.2772224247455597,3,55,43,1.255814
5,15,9506,00:00:11.2420000,54,5794,15232,7916142,8683355,24113926,32797281,43275830,76073111,3.449179789852178,4.817454670705002,0.24775850772857666,4,55,45,1.2
5,16,10177,00:00:27.3160000,62,10411,27177,13916847,15445689,50094098,65539787,70745231,136285018,3.8612646959472934,4.902808110022385,0.29169702529907227,4,63,52,1.1923077
5,17,10909,00:00:59.8210000,70,18905,49225,24093524,27532185,103639334,131171519,115906103,247077622,4.269986241946176,6.397032854681765,0.32336968183517456,5,71,58,1.2068965
5,18,11704,00:02:04.6060000,85,34461,90331,42699550,50635586,211646955,262282541,189668885,451951426,4.867640619163434,15.463216507208147,0.37918829917907715,5,86,67,1.2686567
5,19,12508,00:04:03.7180000,76,64265,164132,86557814,102657478,422065652,524723130,296590667,821313797,6.0195621853389225,5.553764297121518,0.3657290041446686,5,77,53,1.4339622
5,20,13300,00:07:36.1460000,58,120832,298023,183737272,209212747,839825132,1049037879,442696575,1491734454,6.863155685690163,1.9078534244528504,0.14738675951957703,4,59,42,1.3809524
6,0,2234,00:00:00.1410000,1,1,2,1010,1010,0,1010,4375,5385,1,1,0,0,1,1,0
6,1,2561,00:00:00.1560000,1,1,3,2006,2006,0,2006,8590,10596,1,1,0,0,1,1,0
6,2,2911,00:00:00.1850000,1,1,3,4013,4013,0,4013,17797,21810,1,1,0,0,1,1,0
6,3,3291,00:00:00.1970000,1,5,10,8011,8019,3,8022,37266,45288,1,1,0,0,1,1,0
6,4,3643,00:00:00.2100000,2,8,16,15599,15622,439,16061,72423,88484,1.0012180267965896,1.0024390089585145,0,1,2,1,1
6,5,4038,00:00:00.2230000,3,23,41,29201,29312,2719,32031,148865,180896,1.0032875586452519,1.0066014286679479,0,1,3,2,1
6,6,4475,00:00:00.2500000,6,27,65,53203,53480,10541,64021,302531,366552,1.0129316016014134,1.026336770995717,0.011469174176454544,1,6,5,1
6,7,4963,00:00:00.2730000,11,53,134,95100,95499,32596,128095,602830,730925,1.0494111461619349,1.1062418651412835,0.04505375772714615,1,11,10,1
6,8,5489,00:00:00.3180000,14,132,287,165512,167184,88898,256082,1154773,1410855,1.1348844796751898,1.331849287699865,0.11654457449913025,1,14,13,1
6,9,6033,00:00:00.4050000,23,211,531,288445,292155,220005,512160,2103924,2616084,1.328856454436721,2.087257994420102,0.2602692246437073,2,23,18,1.2222222
6,10,6560,00:00:00.5820000,31,379,967,504690,513360,510916,1024276,3593518,4617794,1.6540034476609404,4.82822729245246,0.44601893424987793,2,31,25,1.2
6,11,7067,00:00:00.9040000,38,628,1649,887839,908590,1139669,2048259,5872932,7921191,2.0411932794121457,11.28533778892107,0.5929856896400452,2,38,29,1.2758621
6,12,7569,00:00:01.4170000,42,1032,2740,1556049,1604722,2491411,4096133,9420921,13517054,2.422968685433428,12.299508699007871,0.6227874159812927,3,42,31,1.3225807
6,13,8096,00:00:02.2510000,41,1878,4770,2683560,2812762,5386107,8198869,15265755,23464624,2.729479124744742,8.02803317323121,0.6185038089752197,3,41,29,1.3793104
6,14,8679,00:00:04.2300000,51,3316,8479,4574169,4849152,11535317,16384469,25439488,41823957,2.9504561374973246,6.408061130403439,0.5590029358863831,3,51,38,1.3157895
6,15,9342,00:00:10.9430000,64,5867,15400,7626686,8355162,24427224,32782386,43605968,76388354,3.1897506990585427,7.565840250098605,0.4937134385108948,4,65,49,1.3061224
6,16,10070,00:00:28.6530000,78,10620,28314,12907641,14888578,50672879,65561457,74365954,139927411,3.6681848371828747,15.510775574288678,0.5151087641716003,4,79,61,1.2786885
6,17,10777,00:01:00.6900000,87,19214,50071,25501033,29368792,101773367,131142159,117224801,248366960,4.802765793840587,11.985206535897634,0.46175262331962585,5,88,56,1.5535715
6,18,11435,00:01:52.9800000,60,34800,87260,53938258,59844062,202332918,262176980,172907381,435084361,5.768311538722664,3.6257483617305,0.44728636741638184,5,61,40,1.5
6,19,12145,00:03:33.7220000,41,64231,157727,100980730,110819369,413867906,524687275,261201631,785888906,6.158494893035533,3.4427177384893626,0.3821127116680145,4,42,32,1.28125
6,20,12949,00:07:03.3930000,58,119553,292307,179748962,203156055,845767936,1048923991,410954175,1459878166,6.624320484254034,6.997742736538834,0.3765791058540344,4,59,46,1.2608696
7,0,3351,00:00:00.0940000,2,2,3,1003,1003,0,1003,4870,5873,1.234297108673978,1.559585347976281,0,1,2,1,1
7,1,3622,00:00:00.1140000,2,2,3,2002,2002,0,2002,8281,10283,1.3251748251748252,1.7821254842283856,0,1,2,1,1
7,2,3872,00:00:00.1240000,2,3,4,4009,4010,0,4010,14670,18680,1.445996507857321,1.9769381291041896,0,1,2,1,1
7,3,4105,00:00:00.1540000,2,3,8,8033,8035,0,8035,26151,34186,1.547242624175277,1.982302945540274,0,1,2,1,1
7,4,4328,00:00:00.1580000,2,7,14,15688,15695,355,16050,47611,63661,1.6596124426313106,1.815039400294253,0,1,2,1,1
7,5,4545,00:00:00.1610000,2,13,24,29922,29969,2093,32062,86292,118354,1.7457055009691866,1.6109743285547737,0,1,2,1,1
7,6,4773,00:00:00.1670000,3,18,41,55707,55797,8339,64136,159325,223461,1.82594646992299,1.4119309325159437,0,2,3,1,2
7,7,5028,00:00:00.1750000,3,41,86,100919,101262,27039,128301,302896,431197,1.8906152458902685,1.2571694411990975,0,2,3,1,2
7,8,5315,00:00:00.1920000,5,77,158,178931,179775,76428,256203,580290,836493,1.9421397074850082,1.1632393442952644,0.006652687210589647,2,5,3,1.3333334
7,9,5645,00:00:00.2350000,6,147,320,312124,314647,198064,512711,1117397,1630108,1.9823531673309325,1.115558810730921,0.013399092480540276,2,6,4,1.25
7,10,6030,00:00:00.3180000,12,297,637,535710,541496,483954,1025450,2157904,3183354,2.0277407552593756,1.1390314074681287,0.032448653131723404,2,12,10,1.1
7,11,6483,00:00:00.5140000,18,576,1279,907567,922063,1128041,2050104,4164409,6214513,2.105750870183689,1.2869614245073908,0.07959233969449997,2,18,16,1.0625
7,12,7000,00:00:00.9960000,25,1009,2489,1526460,1574460,2522402,4096862,7856778,11953640,2.262925985613773,1.7977696043917042,0.1773204654455185,3,25,22,1.0909091
7,13,7568,00:00:01.8710000,38,1796,4525,2601365,2735633,5456463,8192096,14268065,22460161,2.55263717317639,3.4827595925731436,0.33071839809417725,3,38,33,1.1212121
7,14,8171,00:00:03.9030000,49,3281,8361,4483439,4834647,11564088,16398735,24856583,41255318,2.958540977138308,6.847711759167598,0.4983804225921631,3,49,39,1.2307693
7,15,8790,00:00:09.6470000,64,5903,14991,8072794,8809783,23965689,32775472,41410548,74186020,3.5790661820430447,10.420643914049133,0.5280784368515015,3,64,50,1.26
7,16,9400,00:00:23.6610000,59,10367,26260,15207713,16607479,48936038,65543517,65342681,130886198,4.3229687461882005,3.99826801214003,0.42616456747055054,4,59,44,1.3181819
7,17,10034,00:00:50.5210000,36,18920,46623,27706261,30665948,100491290,131157238,102127561,233284799,4.8398285860369255,1.8514069625412073,0.18357595801353455,4,37,29,1.2413793
7,18,10743,00:01:45.0570000,45,34368,85301,48919533,54753468,207467287,262220755,164496666,426717421,5.173590720908967,1.9526210820902412,0.11192437261343002,4,46,36,1.25
7,19,11540,00:03:39.1810000,62,64002,159462,84773858,99854074,424548396,524402470,270180723,794583193,5.6695481760426665,4.681017092489193,0.18886061012744904,5,63,51,1.2156863
7,20,12400,00:07:28.3290000,79,120613,298386,156410503,192460075,856855945,1049316020,437055341,1486371361,6.458819501398828,16.248770899208687,0.30390608310699463,4,80,59,1.338983
8,0,3548,00:00:00.1880000,3,3,3,1001,1001,0,1001,4347,5348,1.008991008991009,1.0181726237438016,0,1,3,2,1
8,1,3934,00:00:00.2090000,3,4,5,2004,2005,0,2005,9352,11357,1.0578842315369261,1.1228981033081178,0.017007529735565186,1,3,2,1
8,2,4235,00:00:00.2360000,4,5,6,4005,4008,0,4008,17091,21099,1.1026217228464419,1.2280818856614788,0.030101291835308075,1,4,3,1
8,3,4563,00:00:00.2460000,5,9,12,8011,8020,2,8022,34337,42359,1.1821245787042816,1.439230928784237,0.06318408995866776,1,5,4,1
8,4,4858,00:00:00.2550000,7,11,20,15608,15629,408,16037,63768,79805,1.2982444900051255,1.7887473702149812,0.09585510194301605,1,7,6,1
8,5,5138,00:00:00.2610000,9,18,30,29744,29783,2314,32097,115595,147692,1.415277030661646,2.1288403491046024,0.12089496105909348,1,9,8,1
8,6,5423,00:00:00.2690000,9,29,46,54701,54937,9082,64019,210663,274682,1.5531160307855432,2.3513907965970966,0.1645084172487259,1,9,8,1
8,7,5719,00:00:00.2840000,10,55,87,98802,99466,28545,128011,382149,510160,1.6886297848221696,2.2755884406169673,0.20535434782505035,1,10,9,1
8,8,6031,00:00:00.3040000,15,83,170,177189,178061,78171,256232,687324,943556,1.8079056826326692,1.9964446829958395,0.220025435090065,2,15,13,1.0769231
8,9,6382,00:00:00.3420000,16,174,340,308950,310938,201552,512490,1265278,1777768,1.9000679721637805,1.769236333993319,0.2418166548013687,2,16,14,1.0714285
8,10,6781,00:00:00.4250000,17,291,665,532023,538161,487271,1025432,2349151,3374583,1.973698505515739,1.6498747397878617,0.24986359477043152,2,17,14,1.1428572
8,11,7245,00:00:00.6370000,23,536,1246,899309,915859,1132554,2048413,4416595,6465008,2.0647597210747364,1.728087641757223,0.24141891300678253,2,23,19,1.1578947
8,12,7770,00:00:01.1160000,27,1004,2404,1522448,1575748,2525364,4101112,8169184,12270296,2.2490843693840445,2.2939370749221064,0.24240811169147491,3,27,21,1.2380953
8,13,8324,00:00:01.9590000,38,1801,4497,2655381,2780011,5417083,8197094,14378248,22575342,2.694542139150653,4.852594092774832,0.26305678486824036,3,38,28,1.3214285
8,14,8872,00:00:03.6720000,36,3178,8100,4788842,5085175,11317891,16403066,23731942,40135008,3.3058754078752233,5.371284321025333,0.30469074845314026,4,37,26,1.3846154
8,15,9434,00:00:09.1820000,38,5719,14304,8648866,9186214,23613804,32800018,38320167,71120185,3.760437842371474,2.9124408155500916,0.28505346179008484,4,39,28,1.3571428
8,16,10051,00:00:22.9000000,40,10213,25742,14933317,16105417,49443002,65548419,62668114,128216533,4.050637912528074,2.5268557105646456,0.2927614748477936,4,41,27,1.4814814
8,17,10749,00:00:52.3100000,58,18537,47210,25555500,28419423,102724969,131144392,104937077,236081469,4.406793410420457,4.218277908284775,0.3944215774536133,4,59,43,1.3488373
8,18,11510,00:01:51.8620000,76,34449,87512,45217008,52446950,209851912,262298862,174121018,436419880,5.024295039601028,13.300615583523502,0.4249945878982544,4,77,55,1.3818182
8,19,12309,00:03:47.3070000,77,63754,160806,85174100,100935933,423625070,524561003,280143488,804704491,5.812882143750271,13.75290869489556,0.45385828614234924,4,78,55,1.4
8,20,13153,00:07:31.7500000,65,119694,297661,163307591,195044794,854025849,1049070643,442218205,1491288848,6.5078507771264595,8.132535738208832,0.476151704788208,4,66,44,1.4772727
