RepeatId,GenerationId,Generations,Time,SubcloneSelect,SubcloneAlive,SubcloneTotal,CellSelectCount,CellAliveCount,CellNecroCount,CellTumorCount,CellLostCount,CellTotalCount,MeanDriversPerCell,ClonalDiversity,TreeBalance,TreeDepth,NodeCount,LeafCount,Branching
0,0,3237,00:00:00.1480000,2,2,2,1001,1001,0,1001,6027,7028,1.011988011988012,1.0242633065708067,0,1,2,1,1
0,1,3662,00:00:00.1840000,2,2,4,2014,2014,0,2014,11615,13629,1.05759682224429,1.1217790049832064,0,1,2,1,1
0,2,3992,00:00:00.2370000,2,2,5,4004,4004,0,4004,20398,24402,1.1113886113886113,1.2468243380409152,0,1,2,1,1
0,3,4347,00:00:00.2540000,2,5,11,8008,8015,0,8015,38823,46838,1.230144855144855,1.5488421287518965,0,1,2,1,1
0,4,4615,00:00:00.2690000,3,11,18,15614,15637,382,16019,65184,81203,1.3995132573331626,1.9243809555161768,0,2,3,1,2
0,5,4866,00:00:00.2870000,4,17,28,29775,29826,2240,32066,110801,142867,1.5575818639798489,1.9949950268605454,0,2,4,2,1.5
0,6,5110,00:00:00.3160000,5,22,45,55584,55692,8489,64181,189559,253740,1.7110859240069085,1.7735154120355339,0.013537093997001648,2,5,3,1.3333334
0,7,5358,00:00:00.3320000,5,40,82,101031,101448,26671,128119,329076,457195,1.8371786877295089,1.514263385827626,0.022447271272540092,2,5,3,1.3333334
0,8,5628,00:00:00.3620000,6,90,162,180926,181916,74328,256244,585936,842180,1.9430540663033506,1.3585499270866552,0.03201247751712799,2,6,4,1.25
0,9,5926,00:00:00.4170000,7,167,307,318762,321272,191650,512922,1060779,1573701,2.0435058131144865,1.352884567221776,0.04627007246017456,2,7,5,1.2
0,10,6254,00:00:00.5210000,9,312,590,557575,564320,461159,1025479,1915729,2941208,2.1793713850154686,1.5820952860060733,0.0733218789100647,2,9,7,1.1428572
0,11,6611,00:00:00.7990000,12,523,1099,976973,992383,1058040,2050423,3410465,5460888,2.391692503272864,2.137663737650968,0.12097083777189255,3,12,9,1.2222222
0,12,6991,00:00:01.1620000,15,859,1952,1723144,1759536,2339958,4099494,5920922,10020416,2.6518781947417045,2.3807459923289462,0.1787666231393814,3,15,11,1.2727273
0,13,7400,00:00:01.8350000,21,1565,3615,3052273,3118778,5077255,8196033,10143632,18339665,2.9048509094697623,2.0838337318963047,0.23643170297145844,2,21,18,1.1111112
0,14,7852,00:00:03.2670000,21,2861,6643,5336009,5502066,10885311,16387377,17415967,33803344,3.14575106601207,2.178296832419289,0.3103179633617401,2,21,18,1.1111112
0,15,8351,00:00:06.9640000,25,5249,12409,9427139,9797341,23012509,32809850,29743843,62553693,3.45017146771677,2.828100457923405,0.36550939083099365,3,25,19,1.2631578
0,16,8896,00:00:17.3320000,30,9632,23141,16702251,17564950,47997211,65562161,50175622,115737783,3.7633361515163437,2.4729993920932523,0.33345043659210205,3,30,23,1.2608696
0,17,9511,00:00:41.0060000,43,17459,43221,29182434,31108784,99966580,131075364,85436640,216512004,4.025501950933908,2.0762189745853417,0.28284698724746704,4,44,34,1.2647059
0,18,10209,00:01:33.1820000,55,32098,81548,51082773,55846828,206337184,262184012,146370078,408554090,4.3905061301194435,3.247882480409536,0.34373292326927185,3,56,44,1.25
0,19,10952,00:03:17.0020000,62,60099,153178,97846646,108709478,415935261,524644739,241178131,765822870,5.110923035624542,8.649854890723581,0.337362140417099,4,63,50,1.24
0,20,11722,00:06:38.0340000,54,112852,286073,194616483,214703262,834329917,1049033179,380772064,1429805243,5.806757904467937,5.23880530604499,0.19775229692459106,5,55,42,1.2857143
9,0,2131,00:00:00.0340000,2,2,2,1007,1007,0,1007,3705,4712,1.0019860973187686,1.0039800617089487,0,1,2,1,1
9,1,2387,00:00:00.0450000,2,2,2,2004,2004,0,2004,6978,8982,1.0029940119760479,1.00600592951527,0,1,2,1,1
9,2,2685,00:00:00.0680000,2,4,4,4013,4016,0,4016,14715,18731,1.0027410914527786,1.005497223860437,0,1,2,1,1
9,3,2961,00:00:00.0720000,4,7,7,8026,8033,1,8034,28800,36834,1.0122103164714678,1.0247750173648533,0.0062032644636929035,1,4,3,1
9,4,3263,00:00:00.0870000,5,11,15,15555,15580,432,16012,59393,75405,1.0257152041144326,1.0531425807476666,0.018215548247098923,1,5,4,1
9,5,3566,00:00:00.0950000,7,24,37,29556,29616,2402,32018,115739,147757,1.0505819461361483,1.1080527234755089,0.033504877239465714,1,7,6,1
9,6,3889,00:00:00.1070000,8,35,66,54412,54603,9523,64126,224992,289118,1.0920385209145043,1.2082663950871577,0.06280725449323654,1,8,7,1
9,7,4237,00:00:00.1280000,12,59,123,97756,98120,30086,128206,431169,559375,1.1806027251524203,1.4654023201620534,0.11283604800701141,1,12,11,1
9,8,4604,00:00:00.1630000,15,110,232,173092,174137,81996,256133,800124,1056257,1.3279643195526079,2.0547007508735557,0.20630714297294617,2,15,13,1.0769231
9,9,4988,00:00:00.2240000,16,175,398,304128,307355,205058,512413,1438444,1950857,1.5288990162037037,3.308142407107026,0.3331761062145233,2,16,14,1.0714285
9,10,5385,00:00:00.3340000,19,317,745,532436,540631,483477,1024108,2513434,3537542,1.735896896528409,4.89429410957051,0.45573925971984863,2,19,16,1.125
9,11,5809,00:00:00.5730000,24,564,1350,922207,942593,1107840,2050433,4360789,6411222,1.9138447224972268,5.97201795620193,0.5421476364135742,2,24,20,1.15
9,12,6270,00:00:00.9870000,31,947,2412,1593268,1640536,2457147,4097683,7562354,11660037,2.0899992970423056,7.425851190026912,0.5991091728210449,3,31,25,1.2
9,13,6767,00:00:01.7240000,44,1691,4339,2786896,2886564,5310564,8197128,12984533,21181661,2.3291927649973303,10.184223274012538,0.5598583221435547,3,44,36,1.1944444
9,14,7282,00:00:03.1220000,47,2944,7678,4982766,5214948,11184197,16399145,21613608,38012753,2.690244534862765,10.64733505900184,0.5064343214035034,4,47,37,1.2432432
9,15,7801,00:00:06.9080000,51,5317,13529,9239048,9691885,23114168,32806053,34646434,67452487,3.1826991265766775,9.940579939301147,0.4410085082054138,4,52,36,1.4166666
9,16,8324,00:00:17.3100000,47,9692,23989,17425661,18280653,47300641,65581294,53894347,119475641,3.7048804633580326,8.463196737420883,0.3974352478981018,4,48,31,1.516129
9,17,8875,00:00:38.0710000,32,17629,43281,32540076,34331345,96808321,131139666,83840799,214980465,4.142984023761961,6.142854412718826,0.38631510734558105,3,33,21,1.5238096
9,18,9470,00:01:18.9620000,36,32779,79240,61399695,64561339,197711495,262272834,131618591,393891425,4.539798740042601,4.163986693130804,0.2896285057067871,4,37,24,1.5
9,19,10122,00:02:41.6210000,31,60679,147177,113917770,120826489,403489473,524315962,208809701,733125663,4.87076947696571,2.08106637776603,0.24815823137760162,4,32,22,1.4090909
9,20,10866,00:05:42.1570000,29,112897,278398,203916094,218836097,830337043,1049173140,340405388,1389578528,5.105671973100858,1.7293153121280962,0.17895016074180603,3,30,23,1.2608696
10,0,15242,00:00:00.1540000,2,2,8,1005,1005,0,1005,35116,36121,1.0109452736318407,1.0221300595298561,0,1,2,1,1
10,1,17998,00:00:00.1960000,4,7,17,1998,2001,0,2001,72744,74745,1.073073073073073,1.1587537886324215,0.03482077270746231,1,4,3,1
10,2,19744,00:00:00.2500000,6,6,24,4004,4004,0,4004,118360,122364,1.2472527472527473,1.690565347525407,0.15641126036643982,1,6,5,1
10,3,20563,00:00:00.2660000,8,9,33,8004,8005,0,8005,162427,170432,1.5343578210894553,2.9294318473087566,0.28322044014930725,1,8,7,1
10,4,21070,00:00:00.2780000,8,15,47,15536,15560,470,16030,214892,230922,1.767700823892894,2.7754050488459505,0.3748880624771118,1,8,7,1
10,5,21458,00:00:00.2900000,10,23,64,29435,29491,2576,32067,288104,320171,1.8835060302361135,2.171701079427408,0.3835875988006592,2,10,8,1.125
10,6,21817,00:00:00.3040000,10,27,84,54099,54237,9823,64060,410876,474936,1.9449712564003032,1.8487954301818368,0.3939255475997925,2,10,8,1.125
10,7,22199,00:00:00.3250000,9,57,139,96729,97309,30891,128200,640088,768288,1.9776592335287246,1.6999957497481295,0.40866169333457947,2,9,7,1.1428572
10,8,22616,00:00:00.3680000,10,116,274,169634,171095,85168,256263,1068069,1324332,1.9992925946449414,1.7543888875503357,0.4177800118923187,2,10,8,1.125
10,9,23079,00:00:00.4500000,17,195,491,294792,298011,214364,512375,1862075,2374450,2.027677141849168,1.9778943084840137,0.42443108558654785,3,17,12,1.3333334
10,10,23586,00:00:00.6180000,21,347,880,504540,513906,510438,1024344,3293012,4317356,2.1020850675863163,2.4903293908492237,0.45243018865585327,3,22,15,1.4
10,11,24112,00:00:00.9170000,30,597,1549,878267,901043,1149479,2050522,5675765,7726287,2.3369317075559026,3.8749641272514803,0.40027880668640137,3,31,24,1.25
10,12,24603,00:00:01.3920000,37,1054,2718,1585734,1629839,2468076,4097915,9120075,13217990,2.767307127172653,6.26028400565952,0.40469616651535034,3,38,29,1.2758621
10,13,25072,00:00:02.1170000,32,1757,4575,2865167,2968857,5231378,8200235,14149849,22350084,3.1774092051178866,5.458851050971013,0.49921169877052307,3,33,26,1.2307693
10,14,25558,00:00:03.4340000,24,2994,7800,5102593,5326340,11069910,16396250,22157018,38553268,3.46667880428637,4.294942590002942,0.6609888076782227,3,25,19,1.2631578
10,15,26085,00:00:05.9180000,28,5356,13731,9078271,9496945,23282825,32779770,35498480,68278250,3.702032688823676,3.926427377299035,0.3836423456668854,3,29,22,1.2727273
10,16,26655,00:00:12.6980000,32,9539,24530,16164553,17098742,48486192,65584934,57246820,122831754,3.9022384967898587,3.9022991513693306,0.41187676787376404,3,33,26,1.2307693
10,17,27282,00:00:36.2180000,43,17518,44882,28648761,30776878,100300074,131076952,93517906,224594858,4.080639124323736,3.5482582374372105,0.3981309235095978,4,44,33,1.3030303
10,18,27984,00:01:25.8430000,57,32177,83462,50357266,55548537,206715810,262264347,154974649,417238996,4.363732812659051,4.333418512814882,0.39255788922309875,4,58,44,1.2954545
10,19,28745,00:03:05.4870000,72,59758,155636,93549060,105397235,418937466,524334701,253463381,777798082,4.972823201002768,11.971295370038359,0.483418345451355,3,73,57,1.2631578
10,20,29545,00:06:19.5680000,72,111599,290050,183192400,206910256,842362866,1049273122,401957346,1451230468,5.616513911057446,9.62053749557649,0.4352257549762726,4,73,54,1.3333334
11,0,2226,00:00:00.0320000,1,1,2,1003,1003,0,1003,3975,4978,1,1,0,0,1,1,0
11,1,2613,00:00:00.0450000,2,3,5,2000,2002,0,2002,8977,10979,1.003,1.0060180420147287,0,1,2,1,1
11,2,2897,00:00:00.0670000,2,3,5,4007,4008,0,4008,16358,20366,1.0019965061143,1.004001006505678,0,1,2,1,1
11,3,3206,00:00:00.0710000,2,6,10,7993,8003,7,8010,32359,40369,1.0070061303640685,1.014110378559368,0,1,2,1,1
11,4,3524,00:00:00.0760000,4,14,22,15574,15603,435,16038,64508,80546,1.0123924489533838,1.0251507140236096,0.006354947108775377,1,4,3,1
11,5,3837,00:00:00.0940000,5,20,39,29496,29562,2471,32033,123338,155371,1.0241727691890425,1.049729037266181,0.011952400207519531,1,5,4,1
11,6,4188,00:00:00.1090000,7,36,76,53764,54006,10031,64037,244246,308283,1.0454021278178707,1.0959191539501318,0.023104658350348473,1,7,6,1
11,7,4577,00:00:00.1320000,11,61,135,96546,96963,31041,128004,478267,606271,1.096679303130114,1.2190601617179746,0.05454285070300102,1,11,10,1
11,8,5004,00:00:00.1710000,13,89,230,169967,170971,85218,256189,916346,1172535,1.185947860467032,1.479846926760411,0.11238715797662735,1,13,12,1
11,9,5460,00:00:00.2400000,15,164,420,296360,299235,213394,512629,1697145,2209774,1.3604400053988392,2.238862950916445,0.22985292971134186,1,15,14,1
11,10,5917,00:00:00.3680000,18,291,752,518978,526010,497997,1024007,2963446,3987453,1.6017538315689683,4.118068268369051,0.40115001797676086,2,18,15,1.1333333
11,11,6376,00:00:00.6280000,22,589,1423,909135,927151,1120960,2048111,4991460,7039571,1.8553592150780687,6.683776756231188,0.5608090758323669,2,22,17,1.2352941
11,12,6840,00:00:01.0570000,27,930,2422,1608446,1650441,2450924,4101365,8208532,12309897,2.1307833772473557,8.044599338085831,0.6256201267242432,2,27,20,1.3
11,13,7304,00:00:01.7450000,33,1708,4225,2886369,2976962,5216519,8193481,13172657,21366138,2.4857719162033685,7.450573637667308,0.6054909825325012,3,33,23,1.3913044
11,14,7776,00:00:03.0220000,34,3020,7436,5242920,5439222,10967137,16406359,20868132,37274491,2.865777658251509,5.997823584655158,0.5530432462692261,3,34,24,1.375
11,15,8263,00:00:05.6590000,38,5324,13003,9581353,9980927,22813868,32794795,32789375,65584170,3.2605472316905555,7.047386504557703,0.46843552589416504,4,39,26,1.4615384
11,16,8772,00:00:13.2340000,36,9626,23265,17704513,18579104,47014001,65593105,51290872,116883977,3.6672573823408756,6.172979541342486,0.3945939838886261,4,37,24,1.5
11,17,9324,00:00:33.3370000,36,17527,42236,32349058,34114123,97107755,131221878,81316670,212538548,3.992420923045116,3.808210844830276,0.35345450043678284,4,37,26,1.3846154
11,18,9946,00:01:16.3130000,37,32517,78759,57604080,61414775,200730752,262145527,132521367,394666894,4.287109142269089,3.7169143754266063,0.2985335886478424,4,38,26,1.4230769
11,19,10633,00:02:44.7880000,37,60729,148039,108101533,116369754,408114758,524484512,216407331,740891843,4.845951481557621,5.8542712209011825,0.33292150497436523,3,38,28,1.3214285
11,20,11338,00:05:35.1070000,28,116002,277710,222691350,237856413,811391696,1049248109,337156914,1386405023,5.558883122312564,2.755205968732972,0.2634793221950531,4,29,22,1.2727273
12,0,3353,00:00:00.0420000,1,1,1,1001,1001,0,1001,6509,7510,1,1,0,0,1,1,0
12,1,3716,00:00:00.0540000,1,1,1,2002,2002,0,2002,11295,13297,1,1,0,0,1,1,0
12,2,4144,00:00:00.0770000,2,2,2,4013,4013,0,4013,22459,26472,1.0017443309244953,1.0034947451916665,0,1,2,1,1
12,3,4525,00:00:00.0830000,2,6,9,7998,8005,6,8011,42826,50837,1.0043760940235058,1.0087905262611212,0,1,2,1,1
12,4,4933,00:00:00.0900000,4,12,24,15534,15551,475,16026,84763,100789,1.017445603192996,1.035629964449349,0.009464457631111145,1,4,3,1
12,5,5399,00:00:00.1110000,5,15,39,29175,29239,2778,32017,175705,207722,1.0556640959725792,1.1186731701046555,0.02502765879034996,1,5,4,1
12,6,5842,00:00:00.1260000,6,32,77,53326,53531,10516,64047,330767,394814,1.1487829576566777,1.347963188314187,0.04596974328160286,1,6,5,1
12,7,6263,00:00:00.1500000,8,57,141,96413,97005,31248,128253,584133,712386,1.3352348749649943,1.8650954323237796,0.07512877136468887,2,8,6,1.1666666
12,8,6650,00:00:00.1860000,9,105,240,171955,173578,82427,256005,974883,1230888,1.5778721177052135,2.1690588487520706,0.09035199880599976,2,9,7,1.1428572
12,9,7023,00:00:00.2470000,11,186,419,306156,310113,202456,512569,1590753,2103322,1.810380982244346,1.8676264044972988,0.08890700340270996,2,11,9,1.1111112
12,10,7394,00:00:00.3470000,13,321,718,540463,549452,474635,1024087,2581700,3605787,2.055056497854617,1.7853367935681836,0.06967006623744965,3,13,10,1.2
12,11,7762,00:00:00.5470000,11,534,1230,966912,989272,1061026,2050298,4131419,6181717,2.4048465630791633,2.3228628601511736,0.06443383544683456,3,11,8,1.25
12,12,8114,00:00:00.8420000,15,905,2090,1790152,1825756,2272684,4098440,6401760,10500200,2.890149551546461,3.094163727052364,0.05702577531337738,4,15,11,1.2727273
12,13,8457,00:00:01.3130000,14,1576,3537,3356989,3419905,4788431,8208336,9732261,17940597,3.398939049249193,3.151159794434627,0.06253816932439804,4,14,10,1.3
12,14,8803,00:00:02.0890000,11,2943,6198,6278479,6405420,10004646,16410066,14729032,31139098,3.8690579358472013,2.98567528712314,0.09409736841917038,3,11,8,1.25
12,15,9165,00:00:03.7630000,13,5264,11017,11806643,12041156,20771247,32812403,22491196,55303599,4.310126087491593,2.932191119034427,0.08108187466859818,4,13,9,1.3333334
12,16,9557,00:00:08.7720000,15,9732,20086,21997293,22451583,43153958,65605541,35012762,100618303,4.6764493249237535,2.328128778734268,0.07398320734500885,4,16,12,1.25
12,17,10001,00:00:22.2860000,17,18003,37539,39778356,40696435,90381029,131077464,56473174,187550638,4.915562498359661,1.7894976622276926,0.06432866305112839,4,18,14,1.2142857
12,18,10525,00:00:54.2250000,16,33548,71812,69401320,71724258,190598002,262322260,95454391,357776651,5.087182347540364,1.7038503087538592,0.15786737203598022,2,16,14,1.0714285
12,19,11150,00:02:06.9310000,19,62109,138701,118604647,124923073,399783177,524706250,167401214,692107464,5.275344616134644,2.209598433697692,0.15309908986091614,2,19,17,1.0588236
12,20,11887,00:04:51.2500000,28,114991,269072,203081496,220737623,828743282,1049480905,296910824,1346391729,5.552141850481543,3.978079992149837,0.18672563135623932,3,28,25,1.08
13,0,13902,00:00:00.1490000,1,1,8,1003,1003,0,1003,51676,52679,1,1,0,0,1,1,0
13,1,16030,00:00:00.1830000,2,3,15,2001,2002,0,2002,82479,84481,1.0064967516241878,1.0130778623267318,0,1,2,1,1
13,2,17438,00:00:00.2210000,2,3,25,4001,4002,0,4002,122910,126912,1.1549612596850787,1.3548236979290345,0,1,2,1,1
13,3,18179,00:00:00.2340000,2,4,30,7999,8001,0,8001,163024,171025,1.4853106638329792,1.9982752781624662,0,1,2,1,1
13,4,18641,00:00:00.2440000,3,10,43,15520,15536,475,16011,209989,226000,1.7396907216494846,1.636266668338007,0,2,3,1,2
13,5,19011,00:00:00.2550000,3,19,60,29320,29409,2626,32035,280256,312291,1.8707708049113234,1.3124166020602261,0,2,3,1,2
13,6,19382,00:00:00.2700000,6,32,93,53924,54055,9992,64047,407112,471159,1.9495400934648766,1.179451600998779,0.011313561350107193,2,6,4,1.25
13,7,19764,00:00:00.3010000,8,50,156,96834,97061,31014,128075,636945,765020,2.018660800958341,1.1619425569213397,0.03150298446416855,2,8,6,1.1666666
13,8,20178,00:00:00.3390000,8,91,256,170282,171463,84691,256154,1059850,1316004,2.107973831643979,1.3055068967097074,0.07704246789216995,2,8,6,1.1666666
13,9,20614,00:00:00.4080000,11,186,462,297982,301688,210718,512406,1799159,2311565,2.275962977629521,1.826802234240935,0.15408556163311005,2,11,9,1.1111112
13,10,21050,00:00:00.5590000,15,326,808,522301,532067,493381,1025448,2997866,4023314,2.5268590333926224,2.9672227489977994,0.2584535479545593,2,15,13,1.0769231
13,11,21490,00:00:00.7770000,24,552,1394,920865,937261,1113089,2050350,4928360,6978710,2.7758998333089,3.6985759336527613,0.3595200479030609,2,24,21,1.0952381
13,12,21959,00:00:01.1900000,25,986,2475,1590022,1630853,2469820,4100673,8200842,12301515,2.9578288853864914,3.734211622385317,0.43615084886550903,2,25,21,1.1428572
13,13,22474,00:00:01.9720000,30,1734,4444,2732149,2832871,5364469,8197340,13882235,22079575,3.142347653806582,4.743497766281109,0.4744887351989746,2,30,24,1.2083334
13,14,23029,00:00:03.5090000,38,3120,8094,4771876,5013583,11389077,16402660,23410271,39812931,3.4260510960469217,6.962310273320516,0.4632396101951599,2,38,31,1.1935484
13,15,23609,00:00:06.7260000,43,5409,14365,8491817,9053968,23732106,32786074,38615238,71401312,3.760514151447211,4.53272213866934,0.43496719002723694,3,44,34,1.2647059
13,16,24222,00:00:18.6070000,51,9763,25826,15088929,16349947,49195221,65545168,62738295,128283463,4.054433618184564,3.711750681365367,0.39890071749687195,3,52,39,1.3076923
13,17,24871,00:00:44.0920000,63,17491,46309,27722240,30434889,100739063,131173952,100791307,231965259,4.444228785264106,6.366224986308577,0.337093323469162,4,64,47,1.3404255
13,18,25553,00:01:33.3430000,69,32314,84620,52344720,57326977,205020175,262347152,159625472,421972624,4.851729419891825,6.355598393512807,0.3738555610179901,3,70,53,1.3018868
13,19,26305,00:03:12.1330000,67,59000,156520,94682791,104914019,419407804,524321823,256373617,780695440,5.195917249629872,6.96076712214128,0.3844054937362671,3,68,52,1.2884616
13,20,27145,00:06:36.0820000,70,109865,293385,172775160,195009444,854235528,1049244972,417203008,1466447980,5.620674656009579,10.787968095194106,0.49175629019737244,4,71,52,1.3461539
14,0,2058,00:00:00.0340000,1,1,2,1001,1001,0,1001,2725,3726,1,1,0,0,1,1,0
14,1,2386,00:00:00.0450000,1,1,2,2003,2003,0,2003,7026,9029,1,1,0,0,1,1,0
14,2,2657,00:00:00.0650000,1,1,3,4008,4008,0,4008,13663,17671,1,1,0,0,1,1,0
14,3,2932,00:00:00.0680000,1,7,10,7992,8001,3,8004,27647,35651,1,1,0,0,1,1,0
14,4,3205,00:00:00.0740000,1,12,22,15596,15646,401,16047,54614,70661,1,1,0,0,1,1,0
14,5,3489,00:00:00.0810000,3,19,39,29573,29692,2395,32087,107377,139464,1.0024008386027796,1.0048160678122304,0,1,3,2,1
14,6,3798,00:00:00.1020000,6,37,77,54374,54591,9490,64081,211632,275713,1.0093427005554125,1.0189314768121955,0.007730019278824329,1,6,5,1
14,7,4156,00:00:00.1210000,8,44,119,97244,97753,30265,128018,424595,552613,1.0218111143103945,1.0450048497361422,0.020641058683395386,1,8,7,1
14,8,4562,00:00:00.1560000,12,95,218,170490,171802,84448,256250,839433,1095683,1.0602440025807964,1.1316633823913862,0.05327621474862099,1,12,11,1
14,9,5005,00:00:00.2300000,16,189,450,296822,300286,212132,512418,1593492,2105910,1.168120961384264,1.4340619526453087,0.1307990550994873,1,16,15,1
14,10,5449,00:00:00.3590000,24,291,779,524538,531093,493956,1025049,2815721,3840770,1.414501904533132,2.5405565222930946,0.25954294204711914,2,24,21,1.0952381
14,11,5863,00:00:00.5820000,25,512,1328,941299,957942,1092584,2050526,4603845,6654371,1.7155770908074905,3.562994913276813,0.3671491742134094,2,25,21,1.1428572
14,12,6272,00:00:00.9290000,26,924,2256,1676892,1714241,2382634,4096875,7358112,11454987,1.9392274517380965,2.6948106212857126,0.3697353005409241,2,26,22,1.1363636
14,13,6712,00:00:01.5530000,28,1630,3973,2942078,3021602,5173048,8194650,11998906,20193556,2.1280081629378964,2.4216635699201126,0.3059995472431183,3,28,21,1.2857143
14,14,7192,00:00:02.7360000,32,2935,7151,5186406,5359623,11043737,16403360,19879325,36282685,2.389907963240826,2.854400485440793,0.21386133134365082,3,32,24,1.2916666
14,15,7707,00:00:05.2940000,28,5256,12968,9178728,9631216,23162093,32793309,32792472,65585781,2.7161578379923665,2.451963860007669,0.17184248566627502,3,29,22,1.2727273
14,16,8269,00:00:14.1200000,34,9601,23848,16231312,17174004,48393474,65567478,54135659,119703137,2.9819573426966346,1.9492245383580253,0.15322580933570862,3,35,27,1.2592592
14,17,8904,00:00:37.2660000,45,17514,44423,28253212,30476194,100679710,131155904,91072599,222228503,3.253967017980115,2.5984103059742605,0.14282160997390747,4,46,39,1.1538461
14,18,9602,00:01:25.8700000,55,31994,82711,51001756,56347827,206017659,262365486,151983813,414349299,3.707035244041401,7.714640395508003,0.21249686181545258,4,56,46,1.1956521
14,19,10338,00:03:00.7830000,58,59437,153641,97972393,108697396,415717910,524415306,245518096,769933402,4.298251784051044,11.951941320326076,0.4383746385574341,4,59,45,1.2888889
14,20,11127,00:06:09.9100000,51,111058,286997,187960157,208379458,840643133,1049022591,390733137,1439755728,4.825591175687303,7.241382404068899,0.4181826412677765,4,52,36,1.4166666
15,0,2410,00:00:00.0330000,1,2,3,1005,1006,0,1006,4657,5663,1,1,0,0,1,1,0
15,1,2841,00:00:00.0450000,2,2,6,2003,2003,0,2003,10335,12338,1.00199700449326,1.0040019639012767,0,1,2,1,1
15,2,3202,00:00:00.0670000,2,6,10,3998,4004,0,4004,19970,23974,1.0015007503751876,1.0030059557529671,0,1,2,1,1
15,3,3591,00:00:00.0720000,2,3,13,7992,7996,6,8002,40456,48458,1.0018768768768769,1.003760826757888,0,1,2,1,1
15,4,4020,00:00:00.0790000,5,7,21,15538,15540,485,16025,85086,101111,1.0096537520916462,1.0195568438070601,0.005826342385262251,1,5,4,1
15,5,4441,00:00:00.0980000,4,22,43,29176,29266,2768,32034,166629,198663,1.019742253907321,1.0404955378444314,0.016244133934378624,1,4,3,1
15,6,4922,00:00:00.1170000,5,37,80,52974,53394,10674,64068,335803,399871,1.0453807528221393,1.0961791133469705,0.031391989439725876,1,5,4,1
15,7,5427,00:00:00.1490000,12,82,162,94345,95221,32912,128133,647930,776063,1.1318034872012295,1.3029771914967445,0.07432673126459122,2,12,10,1.1
15,8,5935,00:00:00.2060000,17,114,286,165430,168090,87990,256080,1178460,1434540,1.3124161276672912,1.8625021174811673,0.1438482105731964,2,17,15,1.0666667
15,9,6414,00:00:00.2950000,30,211,522,295438,299124,213461,512585,1998602,2511187,1.6705298573643201,3.6351176197606176,0.22810892760753632,2,30,27,1.074074
15,10,6852,00:00:00.4540000,33,336,853,524694,533668,491976,1025644,3199952,4225596,2.0965229257433857,5.383586553293674,0.2883857488632202,3,33,28,1.1428572
15,11,7268,00:00:00.6750000,37,525,1404,936436,952692,1096027,2048719,4999733,7048452,2.477609788602745,4.098432059195553,0.2962009012699127,3,37,30,1.2
15,12,7700,00:00:01.0520000,32,959,2403,1638820,1680157,2419174,4099331,7951108,12050439,2.7445955016414247,3.1181056245011014,0.33428436517715454,3,32,25,1.24
15,13,8165,00:00:01.7280000,34,1691,4291,2872593,2961107,5241695,8202802,12937862,21140664,2.935007152074798,3.454315307174074,0.37823739647865295,4,34,26,1.2692307
15,14,8655,00:00:03.0040000,36,3059,7551,5131660,5332167,11073365,16405532,21030710,37436242,3.120293628182693,4.779113276895163,0.4326326847076416,4,37,26,1.3846154
15,15,9155,00:00:05.5820000,31,5441,13325,9378509,9873668,22928440,32802108,33402301,66204409,3.3951741156296804,4.026511804831353,0.4122314751148224,5,32,21,1.4761904
15,16,9665,00:00:13.4880000,31,9591,23454,17684264,18569547,46975713,65545260,51961727,117506987,3.906982331862949,3.594552380376273,0.4211716651916504,4,32,22,1.4090909
15,17,10208,00:00:32.1980000,31,17721,42554,33032086,34673173,96483034,131156207,81239317,212395524,4.485951901433049,2.904477854406419,0.3504634201526642,4,32,22,1.4090909
15,18,10814,00:01:11.7440000,32,32393,78651,59556436,62983632,199383669,262367301,130370099,392737400,4.939886597646642,2.8828449892119434,0.3045627474784851,3,33,26,1.2307693
15,19,11507,00:02:36.9650000,34,60289,148436,105006779,113191263,411279276,524470539,215452881,739923420,5.347195108232012,4.675769795375945,0.3850758969783783,3,35,26,1.3076923
15,20,12297,00:05:40.2580000,46,112210,282106,186876295,206316576,842697903,1049014479,360906555,1409921034,5.778098934377953,8.26071219825478,0.4783329665660858,4,47,37,1.2432432
16,0,2648,00:00:00.0410000,1,1,2,1007,1007,0,1007,3110,4117,1,1,0,0,1,1,0
16,1,2868,00:00:00.0510000,2,2,3,2008,2008,0,2008,5922,7930,1.00199203187251,1.0039920301638496,0,1,2,1,1
16,2,3119,00:00:00.0710000,2,2,3,4008,4008,0,4008,12277,16285,1.0114770459081837,1.023217480993745,0,1,2,1,1
16,3,3376,00:00:00.0750000,2,4,5,7998,8001,3,8004,25397,33401,1.0211302825706428,1.0431526710346606,0,1,2,1,1
16,4,3626,00:00:00.0790000,2,4,6,15629,15638,376,16014,50061,66075,1.040757566063088,1.0848254502038381,0,1,2,1,1
16,5,3883,00:00:00.0840000,3,20,25,29748,29791,2291,32082,97218,129300,1.073080543229797,1.157050656861667,0.012018415145576,1,3,2,1
16,6,4159,00:00:00.1020000,3,30,49,54808,54974,9115,64089,188844,252933,1.1374799299372353,1.3121483787582011,0.019253868609666824,1,3,2,1
16,7,4454,00:00:00.1150000,5,46,86,99388,99728,28407,128135,358955,487090,1.2342938785366442,1.5632643481350865,0.023432349786162376,2,5,3,1.3333334
16,8,4769,00:00:00.1370000,6,66,158,177050,177888,78356,256244,667020,923264,1.3697881954250213,1.8962277333992126,0.033663809299468994,2,6,4,1.25
16,9,5104,00:00:00.1750000,9,129,297,312852,314227,198245,512472,1211740,1724212,1.5507076828660198,2.0964941548484264,0.04703126847743988,2,9,7,1.1428572
16,10,5466,00:00:00.2550000,9,233,549,546153,550949,474807,1025756,2177620,3203376,1.7357663511873047,1.9010400197959794,0.062106020748615265,2,9,7,1.1428572
16,11,5864,00:00:00.4340000,13,482,1132,944720,957083,1090992,2048075,3889273,5937348,1.9115695655855702,1.6505816063969598,0.07361631095409393,3,13,10,1.2
16,12,6314,00:00:00.7910000,18,888,2141,1619454,1650272,2451599,4101871,6999788,11101659,2.0854429949847293,1.6768759110093412,0.08887682110071182,3,18,14,1.2142857
16,13,6817,00:00:01.4980000,24,1642,4082,2780054,2857185,5340173,8197358,12517880,20715238,2.3470317483041696,2.3784369494892057,0.12247033417224884,3,24,20,1.15
16,14,7351,00:00:02.8470000,29,2955,7540,4918631,5119473,11271734,16391207,21568654,37959861,2.8192545852697632,5.326450097563764,0.17855001986026764,4,29,24,1.1666666
16,15,7895,00:00:05.4610000,32,5378,13686,8958611,9430726,23377718,32808444,35498852,68307296,3.392697484018449,7.57138259162549,0.21525155007839203,5,33,26,1.2307693
16,16,8458,00:00:13.4870000,36,9651,24501,16340769,17295624,48293588,65589212,56880837,122470049,3.939882082660859,6.581910651417258,0.19935326278209686,5,37,30,1.2
16,17,9052,00:00:35.5420000,41,17627,44434,30856052,32608723,98560772,131169495,90360126,221529621,4.642541372434814,6.395735387850399,0.22012606263160706,5,41,30,1.3333334
16,18,9656,00:01:17.5930000,32,32635,80417,60894869,64248960,197901071,262150031,139291574,401441605,5.427583726307056,3.550214869095649,0.20961669087409973,4,33,24,1.3333334
16,19,10301,00:02:40.3590000,25,60633,148128,116133629,122204138,402103459,524307597,215131084,739438681,5.906960033083957,2.1316677181718218,0.14534790813922882,5,26,18,1.3888888
16,20,11035,00:05:37.1510000,25,112707,278579,209029806,222369306,826356046,1048725352,343866598,1392591950,6.246774146649689,2.317397269960917,0.15567807853221893,4,26,18,1.3888888
17,0,2293,00:00:00.0750000,1,2,2,1004,1005,0,1005,3452,4457,1,1,0,0,1,1,0
17,1,2642,00:00:00.0980000,1,3,5,1998,2001,0,2001,8003,10004,1,1,0,0,1,1,0
17,2,2984,00:00:00.1300000,2,4,8,3995,4002,0,4002,16832,20834,1.0015018773466833,1.0030082275470185,0,1,2,1,1
17,3,3300,00:00:00.1370000,1,5,11,7985,8002,4,8006,32952,40958,1,1,0,0,1,1,0
17,4,3624,00:00:00.1440000,3,10,21,15554,15570,441,16011,65523,81534,1.0023145171660024,1.004642433072948,0,1,3,2,1
17,5,3967,00:00:00.1650000,4,11,32,29491,29533,2560,32093,130346,162439,1.0064426435183615,1.0129956570557885,0.005070659797638655,1,4,3,1
17,6,4361,00:00:00.1800000,6,24,63,53711,53817,10231,64048,267126,331174,1.0174079797434417,1.0356483936672687,0.014529677107930183,1,6,5,1
17,7,4786,00:00:00.2090000,7,64,131,95935,96405,31644,128049,525021,653070,1.0408609996351696,1.086444235744878,0.03348512575030327,1,7,6,1
17,8,5250,00:00:00.2660000,12,104,257,168232,169180,86982,256162,1006605,1262767,1.1077500118883448,1.2477663416511917,0.07746732234954834,2,12,10,1.1
17,9,5744,00:00:00.3700000,16,170,456,292788,295825,216291,512116,1860321,2372437,1.2659569381258795,1.75962355278809,0.17263875901699066,2,16,13,1.1538461
17,10,6240,00:00:00.5570000,22,295,813,511662,519103,505066,1024169,3248758,4272927,1.5441052882567008,3.211122179162643,0.3226882815361023,2,22,16,1.3125
17,11,6724,00:00:00.8740000,26,539,1426,899184,918383,1130955,2049338,5406580,7455918,1.8671017277887507,5.026150977508662,0.48402348160743713,2,26,19,1.3157895
17,12,7211,00:00:01.4020000,31,961,2519,1576973,1620136,2480973,4101109,8826259,12927368,2.1631923945432168,6.101396421164962,0.5697615742683411,2,31,24,1.25
17,13,7713,00:00:02.3070000,36,1672,4445,2791753,2884755,5316764,8201519,14315404,22516923,2.484443287067301,7.534709236434947,0.5305706858634949,3,36,25,1.4
17,14,8225,00:00:04.0330000,42,3047,7820,5032582,5221439,11181766,16403205,22888284,39291489,2.80082391106593,5.777539504376628,0.4802057147026062,3,42,30,1.3666667
17,15,8764,00:00:07.8580000,41,5333,13801,8990847,9390798,23384890,32775688,36668994,69444682,3.037741382986497,4.2281665885074595,0.438039094209671,3,42,30,1.3666667
17,16,9351,00:00:16.2750000,37,9643,24883,15764792,16713784,48842940,65556724,59342298,124899022,3.261835297287779,4.751190698889572,0.42757049202919006,3,38,26,1.4230769
17,17,9996,00:00:43.2450000,49,17828,45910,28275417,30329074,100826161,131155235,97088687,228243922,3.6051511105919323,6.968284500911396,0.43413612246513367,3,50,37,1.3243244
17,18,10696,00:01:39.9890000,49,32471,84513,50825223,55871939,206453850,262325789,158284392,420610181,3.973502801945404,5.324207368919593,0.44868043065071106,3,50,38,1.2894737
17,19,11468,00:03:36.5910000,61,59673,157209,91653811,102883179,421704810,524587989,259009147,783597136,4.365364207277753,5.50236090696418,0.3640234172344208,4,62,46,1.326087
17,20,12310,00:07:35.3220000,64,111144,294811,170772433,195675122,853667590,1049342712,420515207,1469857919,4.8782081766089265,6.545575445138156,0.2883247137069702,5,65,45,1.4222223
18,0,1725,00:00:00.0860000,1,1,1,1005,1005,0,1005,3147,4152,1,1,0,0,1,1,0
18,1,1973,00:00:00.1120000,1,1,1,2010,2010,0,2010,6317,8327,1,1,0,0,1,1,0
18,2,2205,00:00:00.1620000,1,3,4,4008,4011,0,4011,12202,16213,1,1,0,0,1,1,0
18,3,2440,00:00:00.1720000,1,4,7,8012,8018,3,8021,23980,32001,1,1,0,0,1,1,0
18,4,2684,00:00:00.1840000,1,4,10,15627,15645,358,16003,47197,63200,1,1,0,0,1,1,0
18,5,2946,00:00:00.1990000,1,13,24,29698,29743,2309,32052,95579,127631,1,1,0,0,1,1,0
18,6,3231,00:00:00.2220000,2,22,46,54795,54960,9169,64129,190349,254478,1.0011314900994617,1.002265510373792,0,1,2,1,1
18,7,3549,00:00:00.2610000,2,35,81,98235,98746,29363,128109,377119,505228,1.0032676744541151,1.0065566460417215,0,1,2,1,1
18,8,3914,00:00:00.3300000,7,83,170,173187,174082,82279,256361,744628,1000989,1.0147124206782265,1.0300104870148692,0.011518388986587524,1,7,6,1
18,9,4343,00:00:00.4860000,11,175,371,298055,300253,211967,512220,1474924,1987144,1.047702605223868,1.1020298817705194,0.03822539001703262,1,11,10,1
18,10,4828,00:00:00.6810000,14,329,751,509309,517916,507183,1025099,2836334,3861433,1.1485483272433827,1.36236901266348,0.11041524261236191,2,14,12,1.0833334
18,11,5333,00:00:01.0600000,25,539,1378,888988,908456,1139827,2048283,5108387,7156670,1.4208616989205705,2.536207663727963,0.25566938519477844,2,25,23,1.0434783
18,12,5808,00:00:01.6060000,35,1011,2443,1609693,1650501,2449662,4100163,8410536,12510699,1.8772970995090368,6.231752775080169,0.34965944290161133,2,35,30,1.1333333
18,13,6250,00:00:02.4470000,37,1738,4178,2971477,3051197,5143905,8195102,13071414,21266516,2.3538375023599376,4.895528593066175,0.33001843094825745,2,37,30,1.2
18,14,6698,00:00:04.0740000,30,3017,7273,5363283,5560136,10839566,16399702,20250709,36650411,2.7020112494529935,2.3843594284598217,0.2679453194141388,3,30,23,1.2608696
18,15,7190,00:00:08.8700000,33,5417,13003,9430059,9813881,22989689,32803570,32345010,65148580,2.9117725562480574,1.7354622440742005,0.22529397904872894,3,33,24,1.3333334
18,16,7756,00:00:21.5770000,37,9647,23988,15974679,17010844,48569425,65580269,53920754,119501023,3.079157208730141,1.847604168606481,0.2236490100622177,3,38,31,1.1935484
18,17,8393,00:00:48.7680000,53,17575,44456,28403359,30636069,100471963,131108032,91014215,222122247,3.428655709347616,4.032594097341228,0.3947765827178955,3,54,46,1.1521739
18,18,9060,00:01:41.7900000,57,32427,82090,54136397,58989311,203385272,262374583,147859114,410233697,3.9179073923223964,10.832045048881962,0.5643527507781982,4,58,48,1.1875
18,19,9768,00:03:25.5950000,53,59938,152097,102009779,111888017,412711479,524599496,235887231,760486727,4.334634270700655,6.886833905223453,0.6163719892501831,4,54,41,1.2926829
18,20,10549,00:07:00.3290000,49,111732,285015,190356153,210600529,838858881,1049459410,378697680,1428157090,4.822910305400004,4.624013059483262,0.32696205377578735,4,50,38,1.2894737
1,0,3550,00:00:00.1570000,1,1,3,1001,1001,0,1001,7135,8136,1,1,0,0,1,1,0
1,1,4006,00:00:00.1790000,2,2,5,2008,2008,0,2008,13245,15253,1.0104581673306774,1.021135040651817,0,1,2,1,1
1,2,4469,00:00:00.2170000,3,3,8,4017,4017,0,4017,25797,29814,1.0580034851879512,1.1228630684969856,0.00834438856691122,1,3,2,1
1,3,4894,00:00:00.2440000,2,6,15,7997,8011,4,8015,48400,56415,1.1384269100912843,1.313248997743898,0,1,2,1,1
1,4,5255,00:00:00.2560000,3,11,28,15558,15590,432,16022,84450,100472,1.309679907443116,1.7506472751014304,0.017370689660310745,1,3,2,1
1,5,5538,00:00:00.2680000,4,13,36,29591,29674,2347,32021,136976,168997,1.5194822750160522,2.016901654195088,0.027433229610323906,1,4,3,1
1,6,5805,00:00:00.2820000,5,29,63,55237,55413,8775,64188,224415,288603,1.6986983362601156,1.7640967640439593,0.03447606787085533,2,5,3,1.3333334
1,7,6065,00:00:00.3020000,7,48,103,100752,101088,27103,128191,371346,499537,1.8307725901222804,1.4586669361080649,0.03778379410505295,2,7,5,1.2
1,8,6345,00:00:00.3330000,7,75,182,179699,180586,75675,256261,640886,897147,1.9226039098715073,1.2708292744363885,0.04276038333773613,2,7,5,1.2
1,9,6657,00:00:00.3940000,9,165,357,316670,318579,194447,513026,1142291,1655317,1.9967789812738814,1.2178055609557996,0.050805334001779556,2,9,7,1.1428572
1,10,7010,00:00:00.5090000,11,280,639,548582,552826,471667,1024493,2078636,3103129,2.083748646510458,1.3121911105279203,0.05465787276625633,2,11,9,1.1111112
1,11,7404,00:00:00.7760000,11,503,1174,946312,960963,1087142,2048105,3768395,5816500,2.231271504535502,1.688993982834552,0.0847800076007843,2,11,9,1.1111112
1,12,7831,00:00:01.2010000,17,902,2180,1651897,1686730,2411083,4097813,6676340,10774153,2.477766470911927,2.4707293490999893,0.10628242045640945,3,17,14,1.1428572
1,13,8284,00:00:01.9810000,22,1651,3949,2913012,2991180,5208406,8199586,11498434,19698020,2.7682457195507606,2.568793549459184,0.13109363615512848,3,23,19,1.1578947
1,14,8773,00:00:03.6420000,29,2962,7172,5142536,5305748,11097865,16403613,19575997,35979610,3.043225171394036,2.4382774962443774,0.13324156403541565,3,30,26,1.1153846
1,15,9301,00:00:08.0100000,28,5308,13116,9073817,9515633,23278603,32794236,32953958,65748194,3.3762305323107134,3.2691445370422136,0.23086750507354736,3,28,22,1.2272727
1,16,9861,00:00:19.6540000,32,9617,23823,16323992,17319675,48256496,65576171,54168342,119744513,3.7346410118309294,3.284701289018756,0.22001078724861145,3,32,25,1.24
1,17,10480,00:00:44.0900000,34,17272,43740,28845917,31031021,100087832,131118853,89754988,220873841,4.011318239596959,2.5868256497305935,0.2051912248134613,3,35,29,1.1724138
1,18,11180,00:01:35.7790000,49,32002,82423,50937154,55612846,206632337,262245183,150968925,413214108,4.325797157807442,3.4992373054164267,0.19975560903549194,4,50,41,1.195122
1,19,11950,00:03:23.7070000,64,59061,154616,92877597,103618206,421045289,524663495,251239382,775902877,4.767875842007411,5.502854235107383,0.2198726385831833,4,65,54,1.1851852
1,20,12794,00:07:03.1660000,68,110185,291772,170382463,193334533,855718513,1049053046,413434299,1462487345,5.182365646398714,6.597874234415475,0.3157484233379364,4,69,56,1.2142857
19,0,2745,00:00:00.0360000,3,4,4,1000,1001,0,1001,4317,5318,1.008,1.0161527975539864,0,1,3,2,1
19,1,3101,00:00:00.0570000,3,3,5,2006,2006,0,2006,8807,10813,1.0094715852442673,1.0191690406383498,0,1,3,2,1
19,2,3435,00:00:00.0770000,4,7,10,3994,4001,0,4001,17536,21537,1.0070105157736604,1.0141527209245362,0,1,4,3,1
19,3,3769,00:00:00.0820000,4,8,13,8002,8014,5,8019,35021,43040,1.007748062984254,1.015652302408324,0,1,4,3,1
19,4,4080,00:00:00.0870000,5,11,19,15550,15575,441,16016,66704,82720,1.0119614147909968,1.024306912542679,0.009335404261946678,1,5,4,1
19,5,4426,00:00:00.0950000,6,20,38,29334,29430,2584,32014,132172,164186,1.0270675666462126,1.0560398090777026,0.01751551404595375,1,6,5,1
19,6,4811,00:00:00.1090000,5,36,74,53595,53932,10079,64011,265322,329333,1.066069596044407,1.1434891682613961,0.041604042053222656,1,5,4,1
19,7,5205,00:00:00.1310000,8,67,133,96380,97135,30940,128075,501311,629386,1.1595766756588504,1.3874060660495038,0.07321249693632126,1,8,7,1
19,8,5600,00:00:00.1690000,10,111,249,171575,173259,82940,256199,900051,1156250,1.3489669240856768,1.9753779508860003,0.12325216829776764,2,10,8,1.125
19,9,5976,00:00:00.2310000,12,178,428,306481,310225,202854,513079,1522630,2035709,1.620798679200342,2.5645567999447807,0.1595713496208191,2,12,10,1.1
19,10,6335,00:00:00.3280000,15,308,743,548725,555908,469398,1025306,2474958,3500264,1.9310929882910384,2.5848222786335904,0.15325257182121277,2,15,13,1.0769231
19,11,6682,00:00:00.5010000,15,502,1236,991787,1007394,1043991,2051385,3912399,5963784,2.268370123826991,2.6296655135964206,0.12025192379951477,2,15,13,1.0769231
19,12,7028,00:00:00.7780000,16,880,2085,1791953,1825110,2272567,4097677,6138162,10235839,2.58696070711676,2.1555702332795565,0.07927446067333221,2,16,14,1.0714285
19,13,7396,00:00:01.2710000,17,1564,3600,3208586,3278916,4927646,8206562,9803830,18010392,2.8283810999611667,1.5195755176161643,0.05278075858950615,4,17,13,1.2307693
19,14,7811,00:00:02.1700000,18,2744,6460,5590375,5732076,10661024,16393100,16285350,32678450,2.9883743040493704,1.279042565314907,0.03694350644946098,4,19,14,1.2857143
19,15,8292,00:00:04.1470000,22,5108,12118,9588653,9910631,22862544,32773175,27988213,60761388,3.163784423109273,1.4282010185623386,0.0557388961315155,3,22,16,1.3125
19,16,8833,00:00:08.7720000,31,9380,22746,17053300,17780551,47828153,65608704,48186215,113794919,3.5816000422205674,2.8015573087937504,0.10873301327228546,3,31,25,1.2
19,17,9399,00:00:23.8430000,35,17416,41995,32115353,33766043,97317351,131083394,79376956,210460350,4.2234750463431,6.35874979283792,0.21489572525024414,4,36,27,1.2962962
19,18,10001,00:01:01.3440000,33,32331,77867,60210058,63738287,198437364,262175651,127998538,390174189,4.704753199208013,4.76463534884836,0.4357984662055969,3,33,23,1.3913044
19,19,10669,00:02:20.6490000,35,60118,146069,110842216,118294956,406301519,524596475,208207091,732803566,5.0878218187193225,4.595271212588443,0.2681864798069,4,35,26,1.3076923
19,20,11401,00:05:04.5110000,34,113476,276482,209432631,225944978,823383920,1049328898,336567910,1385896808,5.547402142887657,4.097967308711032,0.31807172298431396,4,35,27,1.2592592
20,0,1605,00:00:00.0280000,2,2,2,1004,1004,0,1004,2399,3403,1.0766932270916334,1.1649889636404023,0,1,2,1,1
20,1,1828,00:00:00.0400000,2,2,2,2005,2005,0,2005,5214,7219,1.086783042394015,1.1883590838125162,0,1,2,1,1
20,2,2052,00:00:00.0610000,2,2,2,4006,4006,0,4006,10727,14733,1.1218172740888668,1.2721928970530254,0,1,2,1,1
20,3,2263,00:00:00.0640000,2,5,5,8030,8033,1,8034,21178,29212,1.1958904109589041,1.4599280566389468,0,1,2,1,1
20,4,2471,00:00:00.0670000,2,9,14,15702,15718,342,16060,40939,56999,1.2939752897720036,1.7097162993504162,0,1,2,1,1
20,5,2673,00:00:00.0720000,3,15,23,30021,30095,1988,32083,76394,108477,1.3974551147530063,1.9212585605576475,0,2,3,1,2
20,6,2885,00:00:00.0780000,5,25,48,55851,56049,7965,64014,143435,207449,1.5156577321802653,2.019242969134805,0.006559676956385374,2,5,3,1.3333334
20,7,3108,00:00:00.0990000,7,46,91,102650,102914,25430,128344,265710,394054,1.6427179736970288,1.954127291319245,0.023492496460676193,2,7,5,1.2
20,8,3349,00:00:00.1190000,7,91,174,184405,185301,71327,256628,490596,747224,1.780418101461457,1.7920059174676164,0.04602207988500595,2,7,5,1.2
20,9,3609,00:00:00.1540000,9,154,316,328376,330093,181982,512075,892564,1404639,1.9341334324067532,1.7410110061695823,0.08761230111122131,2,9,7,1.1428572
20,10,3893,00:00:00.2190000,10,286,565,580965,585550,438951,1024501,1606697,2631198,2.129735870491338,1.9789545719138462,0.1728176474571228,3,10,7,1.2857143
20,11,4197,00:00:00.3380000,11,463,979,1034275,1045236,1005352,2050588,2825356,4875944,2.3756331729955766,2.7796859601366437,0.28459420800209045,3,11,8,1.25
20,12,4521,00:00:00.5700000,10,827,1780,1844135,1873334,2230416,4103750,4865887,8969637,2.633831037315598,3.753984604920759,0.4430367052555084,3,10,7,1.2857143
20,13,4877,00:00:01.0720000,14,1571,3366,3262626,3320719,4881169,8201888,8375873,16577761,2.838227856947134,3.614204255352691,0.495532751083374,3,14,9,1.4444444
20,14,5286,00:00:02.1090000,17,2925,6443,5646554,5783463,10621447,16404910,14724088,31128998,2.9724881759742314,3.110948655146687,0.5479827523231506,2,17,11,1.4545455
20,15,5768,00:00:05.8210000,26,5276,12145,9559802,9862397,22934931,32797328,26462122,59259450,3.0709179960003357,3.039954024931496,0.538264811038971,2,26,19,1.3157895
20,16,6341,00:00:17.3710000,33,9569,23236,15921715,16800193,48742735,65542928,48425099,113968027,3.214132585591439,3.7031431549692657,0.5517349243164062,3,33,25,1.28
20,17,7005,00:00:43.6900000,49,17554,44344,26772023,29454781,101678214,131132995,87811656,218944651,3.4985285198656824,7.066560208216808,0.5753433108329773,3,50,41,1.195122
20,18,7742,00:01:39.0140000,78,32235,83921,46508733,53466667,208856247,262322914,153871138,416194052,3.9040049962229673,15.971452389037688,0.606765866279602,3,79,61,1.2786885
20,19,8554,00:03:34.1700000,99,59489,158381,81716613,98040330,426412259,524452589,262717641,787170230,4.322833681322548,20.355430200127962,0.5624114274978638,4,100,77,1.2857143
20,20,9441,00:07:32.6320000,121,110239,298258,152514768,185376392,863582491,1048958883,438064108,1487022991,4.888828398571868,31.107803886566213,0.5464167594909668,4,122,87,1.3908046
21,0,2037,00:00:00.0300000,2,2,3,1002,1002,0,1002,3611,4613,1.001996007984032,1.0039999291840536,0,1,2,1,1
21,1,2421,00:00:00.0430000,1,2,3,1999,2001,0,2001,8642,10643,1,1,0,0,1,1,0
21,2,2763,00:00:00.0650000,3,6,7,3997,4003,0,4003,17423,21426,1.0055041280960721,1.0110811355745324,0,1,3,2,1
21,3,3066,00:00:00.0790000,3,7,10,7989,8002,3,8005,33072,41077,1.0163975466266115,1.0334730816814306,0.015034686774015427,1,3,2,1
21,4,3384,00:00:00.0840000,5,10,15,15564,15577,432,16009,65123,81132,1.0316756617836031,1.066009843892582,0.021465644240379333,1,5,4,1
21,5,3711,00:00:00.0910000,5,12,23,29498,29581,2473,32054,126477,158531,1.0548172757475083,1.1177631833216988,0.03850579634308815,1,5,4,1
21,6,4057,00:00:00.1000000,6,23,46,54139,54305,9741,64046,244254,308300,1.103843809453444,1.2389777318638302,0.07482494413852692,1,6,5,1
21,7,4428,00:00:00.1160000,8,44,103,97165,97464,30559,128023,465217,593240,1.2004734214995112,1.5333937217655658,0.13903848826885223,1,8,7,1
21,8,4819,00:00:00.1490000,10,105,234,172323,173203,83051,256254,861003,1117257,1.3551528234768428,2.220393138443726,0.2425544559955597,1,10,9,1
21,9,5219,00:00:00.2120000,10,176,428,301962,305021,207134,512155,1531632,2043787,1.5551592584497387,3.691892477692712,0.40356120467185974,1,10,9,1
21,10,5628,00:00:00.3280000,15,309,736,530634,537489,487210,1024699,2643848,3668547,1.7575862081962332,5.64080841753321,0.526289165019989,2,15,11,1.2727273
21,11,6058,00:00:00.5530000,19,529,1291,923131,940528,1107720,2048248,4521994,6570242,1.934761155242322,6.531883627292511,0.5988370180130005,2,19,14,1.2857143
21,12,6510,00:00:00.9480000,23,958,2372,1614050,1657595,2438569,4096164,7639672,11735836,2.154361389052384,6.95974112149481,0.6201905012130737,2,23,18,1.2222222
21,13,6965,00:00:01.6190000,27,1688,4145,2926866,3015286,5187627,8202913,12477738,20680651,2.500578434407315,4.594676552479615,0.4566781520843506,3,27,21,1.2380953
21,14,7414,00:00:02.8240000,28,2981,7235,5394714,5580332,10826571,16406903,19678413,36085316,2.8561362103718566,2.324264703945762,0.2693915069103241,3,28,21,1.2857143
21,15,7878,00:00:06.5280000,26,5385,12710,9832033,10242871,22528874,32771745,30804824,63576569,3.1874098673183866,2.1296679119631166,0.13237819075584412,3,27,20,1.3
21,16,8370,00:00:16.2810000,30,9626,22704,18269128,19017914,46537098,65555012,48413846,113968858,3.5725875914821987,2.347807798981762,0.06931909918785095,4,31,24,1.25
21,17,8901,00:00:35.9060000,27,17650,41524,33686800,35284094,95894647,131178741,76719991,207898732,3.924952266169538,1.8518510796878256,0.06503425538539886,4,28,24,1.125
21,18,9488,00:01:16.0210000,33,32482,76910,61878266,65062706,197094522,262157228,123515647,385672875,4.284218872584439,2.224917298819685,0.06016230210661888,4,34,28,1.1785715
21,19,10128,00:02:37.3080000,29,61346,144455,116692105,124065291,400271342,524336633,198429997,722766630,4.780678075864687,3.425739159582134,0.09701015800237656,3,29,25,1.12
21,20,10827,00:05:24.2030000,26,115560,273299,220643911,235824966,813076400,1048901366,317197375,1366098741,5.235246990341827,3.2295330273632277,0.1782572716474533,2,26,22,1.1363636
22,0,3507,00:00:00.0640000,1,1,1,1007,1007,0,1007,5690,6697,1,1,0,0,1,1,0
22,1,3938,00:00:00.0760000,2,2,2,2006,2006,0,2006,11360,13366,1.002492522432702,1.004997519620978,0,1,2,1,1
22,2,4414,00:00:00.1000000,2,3,5,4002,4004,0,4004,24086,28090,1.001249375312344,1.0025018677682385,0,1,2,1,1
22,3,4854,00:00:00.1050000,2,3,8,8005,8006,4,8010,46969,54979,1.0052467207995004,1.0105484501128519,0,1,2,1,1
22,4,5268,00:00:00.1110000,2,7,15,15521,15546,497,16043,89961,106004,1.0053475935828877,1.010752409761756,0,1,2,1,1
22,5,5724,00:00:00.1200000,5,13,31,29204,29225,2792,32017,178705,210722,1.0176688124914395,1.0361273387237209,0.011833214201033115,1,5,4,1
22,6,6212,00:00:00.1450000,5,30,76,53069,53203,10830,64033,351259,415292,1.045676383576099,1.0967997792374793,0.03251608461141586,1,5,4,1
22,7,6725,00:00:00.1730000,6,51,141,94623,95256,32811,128067,666275,794342,1.1253289369392219,1.2952490967791594,0.0841825008392334,1,6,5,1
22,8,7232,00:00:00.2220000,11,102,266,167170,168485,87548,256033,1193720,1449753,1.317365556020817,1.9607931686541604,0.18801669776439667,2,11,8,1.25
22,9,7705,00:00:00.3080000,14,175,495,295845,299174,213178,512352,2001692,2514044,1.6125302100762224,3.5930081109825274,0.31592875719070435,2,14,11,1.1818181
22,10,8138,00:00:00.4590000,14,353,865,522539,533154,491280,1024434,3188368,4212802,1.9207293618275383,4.924220362455302,0.43479567766189575,2,14,10,1.3
22,11,8566,00:00:00.6880000,21,523,1416,925935,945926,1105304,2051230,5053623,7104853,2.2237057676834766,5.145625420224578,0.41902217268943787,3,21,14,1.4285715
22,12,8994,00:00:01.0670000,26,905,2389,1659899,1696786,2400606,4097392,7965640,12063032,2.6182490621417327,5.373684382328637,0.4675863981246948,3,26,19,1.3157895
22,13,9391,00:00:01.6790000,23,1687,4005,3144464,3222518,4977738,8200256,12007634,20207890,3.2175639473054867,3.804314527329608,0.552030622959137,3,23,16,1.375
22,14,9759,00:00:02.6120000,18,2984,6825,6060772,6205715,10197860,16403575,17465652,33869227,3.701758950839926,1.734053705891968,0.43945756554603577,4,19,11,1.6363636
22,15,10150,00:00:05.2990000,11,5395,12020,11064565,11347088,21439193,32786281,26153416,58939697,3.923898589777366,1.203436129683101,0.23375986516475677,3,12,7,1.5714285
22,16,10609,00:00:13.7080000,14,9595,21719,19204449,19722839,45857993,65580832,42046218,107627050,4.007261546530182,1.1105964355710924,0.08155903220176697,3,15,11,1.2727273
22,17,11164,00:00:33.5050000,18,17454,40778,32021275,33478433,97628310,131106743,72325100,203431843,4.085581351773157,1.211670788848133,0.036117974668741226,4,19,15,1.2
22,18,11826,00:01:18.5080000,37,32084,78127,53609563,57919398,204312170,262231568,128584076,390815644,4.306718131613944,1.8890130729611234,0.056936461478471756,3,38,33,1.1212121
22,19,12573,00:02:55.4300000,57,60093,149579,94481932,106470027,418172992,524643019,224247208,748890227,4.797556055479475,6.0383988085604,0.39066654443740845,3,57,51,1.0980393
22,20,13386,00:06:15.8220000,73,112121,285078,175827004,201805144,847215615,1049020759,376850119,1425870878,5.387913371941434,13.541137946944028,0.4528893828392029,3,73,60,1.2
23,0,3970,00:00:00.0470000,1,1,2,1004,1004,0,1004,9653,10657,1,1,0,0,1,1,0
23,1,4711,00:00:00.0690000,1,1,4,2002,2002,0,2002,20138,22140,1,1,0,0,1,1,0
23,2,5391,00:00:00.0940000,1,1,4,4005,4005,0,4005,39060,43065,1,1,0,0,1,1,0
23,3,6388,00:00:00.1070000,1,3,14,7998,8000,8,8008,95435,103443,1,1,0,0,1,1,0
23,4,7213,00:00:00.1210000,1,12,33,15370,15414,595,16009,185160,201169,1,1,0,0,1,1,0
23,5,8055,00:00:00.1460000,5,25,78,28670,28759,3245,32004,356277,388281,1.0180676665504012,1.0370269599635618,0.015695873647928238,1,5,4,1
23,6,8905,00:00:00.1980000,10,38,139,52149,52371,11683,64054,665099,729153,1.1360908166983068,1.3295793136114251,0.08723429590463638,1,10,9,1
23,7,9544,00:00:00.2530000,11,65,214,93865,94647,33491,128138,1059431,1187569,1.4113141213444842,2.4779243837514238,0.24320653080940247,1,11,10,1
23,8,10036,00:00:00.3090000,14,119,324,167739,169823,86465,256288,1567505,1823793,1.6986270336653968,3.9729777622010602,0.3908644914627075,2,14,12,1.0833334
23,9,10481,00:00:00.3990000,18,202,542,296455,301234,211256,512490,2324082,2836572,1.9011519454891974,3.9823869959994584,0.4912044405937195,2,18,14,1.2142857
23,10,10933,00:00:00.5620000,25,339,886,518025,527374,497792,1025166,3574039,4599205,2.073946238115921,4.282518499359424,0.5178226232528687,2,25,21,1.1428572
23,11,11396,00:00:00.7980000,32,574,1514,906427,926086,1124122,2050208,5625733,7675941,2.3131757990439383,5.391812035879213,0.4774280786514282,2,32,27,1.1481482
23,12,11857,00:00:01.2110000,33,984,2577,1608600,1653807,2447880,4101687,8821017,12922704,2.618512992664429,4.634855211106115,0.4788987338542938,3,33,25,1.28
23,13,12335,00:00:01.9250000,35,1705,4459,2838043,2926184,5277218,8203402,13990584,22193986,2.878177321485263,3.392097879343237,0.4429694712162018,3,36,28,1.25
23,14,12858,00:00:03.3500000,43,3043,7925,4924978,5110708,11276936,16387644,22823488,39211132,3.0969502807931324,3.557858105600722,0.4404507279396057,4,44,34,1.2647059
23,15,13438,00:00:06.3460000,40,5365,14278,8454230,9012555,23771786,32784341,38023120,70807461,3.396185104971121,5.9075947864184775,0.5017074346542358,4,41,31,1.2903225
23,16,14053,00:00:18.9000000,53,9822,25793,15210318,16404947,49164764,65569711,62249426,127819137,3.8373320662986794,10.416470096461302,0.4680585265159607,4,54,41,1.2926829
23,17,14691,00:00:44.4890000,56,17689,46493,28414263,30798949,100292722,131091671,99401246,230492917,4.369102130152029,10.315223216774356,0.34621432423591614,4,57,45,1.2444445
23,18,15356,00:01:33.8660000,50,32311,84047,54600959,58904270,203393736,262298006,156001787,418299793,4.928229282566264,6.426520830802057,0.3126126527786255,4,51,39,1.2820513
23,19,16068,00:03:09.1330000,44,59582,154145,103630446,111288207,413225944,524514151,244794557,769308708,5.408186152166131,4.716381535057191,0.24035483598709106,4,45,34,1.2941177
23,20,16863,00:06:26.9460000,36,110880,288395,187733112,204878920,844428386,1049307306,391784273,1441091579,5.784495401109635,3.448636870727826,0.30566951632499695,4,37,28,1.2857143
24,0,2041,00:00:00.0360000,1,1,2,1002,1002,0,1002,2631,3633,1,1,0,0,1,1,0
24,1,2249,00:00:00.0480000,2,2,3,2003,2003,0,2003,5096,7099,1.0034947578632052,1.0070139047425348,0,1,2,1,1
24,2,2481,00:00:00.0710000,2,2,3,4006,4006,0,4006,10912,14918,1.0049925112331504,1.0100348171310787,0,1,2,1,1
24,3,2698,00:00:00.0750000,2,3,6,8013,8014,1,8015,21670,29685,1.0121053288406339,1.0245036826683904,0,1,2,1,1
24,4,2941,00:00:00.0790000,2,5,11,15640,15649,371,16020,45330,61350,1.0313299232736572,1.0646188862839248,0,1,2,1,1
24,5,3185,00:00:00.0840000,2,12,22,29769,29836,2198,32034,89653,121687,1.0833753233229197,1.1804254008942223,0,1,2,1,1
24,6,3427,00:00:00.0920000,4,21,42,55497,55605,8497,64102,168467,232569,1.1942987909256355,1.458516777030007,0.017355164512991905,1,4,3,1
24,7,3664,00:00:00.1150000,4,38,76,101843,102180,25950,128130,299710,427840,1.356725548147639,1.8634903545399095,0.032280709594488144,1,4,3,1
24,8,3897,00:00:00.1320000,5,69,138,185459,186284,70207,256491,514937,771428,1.554720989544859,2.022925343662262,0.04275691509246826,2,5,3,1.3333334
24,9,4136,00:00:00.1610000,6,120,236,334897,336390,175964,512354,875947,1388301,1.7390660412007275,1.7161677452027748,0.05463859438896179,2,6,4,1.25
24,10,4393,00:00:00.2200000,7,251,464,598631,601986,424326,1026312,1504967,2531279,1.8786314106686757,1.4002297240906096,0.05775090306997299,2,7,5,1.2
24,11,4682,00:00:00.3570000,6,471,931,1047235,1057291,992236,2049527,2649561,4699088,1.9777385209623437,1.253545269575076,0.07900138944387436,2,6,4,1.25
24,12,5019,00:00:00.6590000,8,865,1762,1813163,1835957,2267427,4103384,4797968,8901352,2.0676376034587074,1.2878652558317552,0.07568222284317017,2,8,6,1.1666666
24,13,5410,00:00:01.2500000,10,1560,3354,3105074,3167452,5026243,8193695,8782002,16975697,2.200783942669321,1.598979108975883,0.07498067617416382,2,10,8,1.125
24,14,5854,00:00:02.4260000,22,2864,6396,5428290,5556850,10832145,16388995,15877775,32266770,2.4421455007009576,2.586819787491421,0.09045502543449402,3,22,18,1.1666666
24,15,6341,00:00:04.9320000,27,5399,12165,9600462,9921824,22852356,32774180,27787701,60561881,2.746886764407796,3.7194696804911995,0.13480360805988312,3,28,24,1.125
24,16,6878,00:00:11.4500000,35,9737,22712,17037296,17752081,47806468,65558549,47772700,113331249,3.04362898901328,4.090759830118863,0.3169032037258148,2,35,31,1.0967742
24,17,7476,00:00:33.2780000,44,17722,42873,30193099,32003890,99093761,131097651,81598291,212695942,3.386700384746859,5.991424481709976,0.3224305510520935,3,44,38,1.1315789
24,18,8135,00:01:22.7510000,47,32691,80323,54366076,58863204,203499830,262363034,137437254,399800288,3.7992682973845677,8.59003722726842,0.35613128542900085,4,47,38,1.2105263
24,19,8863,00:03:07.0210000,49,60111,151144,98785518,108474918,415913524,524388442,229412922,753801364,4.2221987943617405,9.536781792252938,0.42263612151145935,4,50,38,1.2894737
24,20,9675,00:06:49.0440000,46,111628,286343,178903314,200899287,847759922,1048659209,381663370,1430322579,4.641158402465368,6.946540829191033,0.42175164818763733,4,47,35,1.3142858
25,0,3722,00:00:00.0470000,2,2,4,1002,1002,0,1002,6416,7418,1.001996007984032,1.0039999291840536,0,1,2,1,1
25,1,4190,00:00:00.0610000,1,1,6,2011,2011,0,2011,12524,14535,1,1,0,0,1,1,0
25,2,4705,00:00:00.0850000,2,2,10,4005,4005,0,4005,26296,30301,1.0039950062421972,1.0080219216345212,0,1,2,1,1
25,3,5322,00:00:00.0950000,4,9,21,8001,8021,6,8027,59994,68021,1.0139982502187226,1.0284672272998385,0.0056206658482551575,1,4,3,1
25,4,5850,00:00:00.1170000,6,14,35,15455,15485,544,16029,115728,131757,1.0405693950177937,1.0855783219570225,0.02675226517021656,1,6,5,1
25,5,6385,00:00:00.1330000,10,28,60,29004,29100,2925,32025,222307,254332,1.1050544752447937,1.2414028862090172,0.06065081059932709,1,10,9,1
25,6,6858,00:00:00.1540000,14,38,94,53531,53679,10368,64047,386393,450440,1.2867123722702734,1.8101828263639677,0.14151404798030853,2,14,12,1.0833334
25,7,7262,00:00:00.1830000,15,69,154,96836,97430,30587,128017,626628,754645,1.541792308645545,2.6116085388514345,0.22601142525672913,2,15,12,1.1666666
25,8,7616,00:00:00.2200000,13,111,258,173577,175698,80590,256288,979111,1235399,1.7654527961653905,2.3596358408017473,0.2871728539466858,2,13,10,1.2
25,9,7968,00:00:00.2800000,19,163,405,309058,312245,199994,512239,1556236,2068475,1.9293110031126843,1.8820005632341401,0.2875465452671051,2,19,15,1.2
25,10,8346,00:00:00.3760000,20,280,695,537869,544625,479698,1024323,2572118,3596441,2.0502166884501616,1.7126905783157154,0.28340911865234375,2,20,16,1.1875
25,11,8769,00:00:00.5980000,21,491,1254,923564,942515,1108153,2050668,4416481,6467149,2.1826933488096114,1.9119009200362114,0.26676619052886963,2,21,17,1.1764706
25,12,9238,00:00:01.0160000,28,930,2340,1590673,1630340,2470627,4100967,7691938,11792905,2.3881262836547803,2.7681376652968095,0.256287544965744,3,28,24,1.125
25,13,9749,00:00:01.7910000,32,1737,4330,2747324,2845669,5352825,8198494,13312951,21511445,2.6497901230433687,4.240087217767553,0.2851446270942688,3,33,27,1.1851852
25,14,10305,00:00:03.4270000,37,3084,7887,4741129,4983056,11417836,16400892,22870923,39271815,2.897090545311043,4.939018626577319,0.33167222142219543,3,38,33,1.1212121
25,15,10915,00:00:09.2310000,49,5534,14557,8188477,8762653,24031934,32794587,39146684,71941271,3.130677902618521,6.56973395220582,0.38438358902931213,4,50,41,1.195122
25,16,11571,00:00:23.7150000,64,9833,26420,14375124,15769981,49785650,65555631,65719548,131275179,3.483714853520568,13.028926020611612,0.393230140209198,5,65,49,1.3061224
25,17,12226,00:00:50.9930000,61,17804,47134,27632423,30741340,100407152,131148492,104233376,235381868,4.237865423528006,15.452703202003606,0.5249052047729492,4,62,42,1.4523809
25,18,12855,00:01:37.7060000,50,32733,83733,57583998,62321093,199971175,262292268,156259275,418551543,5.015960163099478,4.685649896161439,0.3214886486530304,5,51,34,1.4705882
25,19,13528,00:03:09.1200000,38,60586,152414,109378465,116936292,407854220,524790512,237435914,762226426,5.423569822450882,3.133958619557983,0.2885611653327942,3,39,28,1.3571428
25,20,14301,00:06:23.6790000,35,111534,285362,193914836,210045516,839106167,1049151683,377833343,1426985026,5.794310585911023,3.495758204084553,0.27675890922546387,4,36,29,1.2068965
26,0,3296,00:00:00.0400000,1,1,2,1009,1009,0,1009,3262,4271,1,1,0,0,1,1,0
26,1,3545,00:00:00.0500000,1,1,4,2002,2002,0,2002,6498,8500,1,1,0,0,1,1,0
26,2,3791,00:00:00.0690000,1,2,5,4004,4005,0,4005,12616,16621,1,1,0,0,1,1,0
26,3,4047,00:00:00.0720000,2,4,9,8002,8005,1,8006,25415,33421,1.001124718820295,1.0022520094130405,0,1,2,1,1
26,4,4290,00:00:00.0760000,2,4,13,15631,15641,375,16016,48884,64900,1.003646599705713,1.0073198192758577,0,1,2,1,1
26,5,4558,00:00:00.0810000,2,10,23,29731,29754,2278,32032,97487,129519,1.007063334566614,1.0142264295065988,0,1,2,1,1
26,6,4848,00:00:00.0870000,2,22,44,54731,54835,9292,64127,194463,258590,1.0211397562624474,1.0431724251709624,0,1,2,1,1
26,7,5172,00:00:00.1020000,3,49,104,98240,98658,29398,128056,384051,512107,1.0555578175895766,1.1110956579809796,0,2,3,1,2
26,8,5526,00:00:00.1280000,3,81,187,173721,175296,80812,256108,736950,993058,1.1534587067769584,1.3073048744969746,0,2,3,1,2
26,9,5881,00:00:00.1820000,8,158,352,310024,312993,199317,512310,1318705,1831015,1.451219905555699,1.9941656707571667,0.026153381913900375,2,8,6,1.1666666
26,10,6198,00:00:00.2700000,9,292,639,569224,575149,450114,1025263,2134097,3159360,1.9685940859837252,2.9802011012227907,0.03693484514951706,2,9,7,1.1428572
26,11,6486,00:00:00.3880000,8,492,1067,1056622,1068798,983300,2052098,3270646,5322744,2.4583578611840373,2.1984119922844685,0.03465333580970764,2,8,6,1.1666666
26,12,6780,00:00:00.6180000,5,898,1905,1914039,1941481,2156447,4097928,5065612,9163540,2.7566711023129624,1.475579319449837,0.02374335005879402,2,5,3,1.3333334
26,13,7113,00:00:01.0540000,6,1605,3400,3375796,3427489,4774027,8201516,8266318,16467834,2.9061584290045963,1.190019811741326,0.016555707901716232,3,6,3,1.6666666
26,14,7508,00:00:01.9100000,6,2858,6249,5753548,5884953,10523320,16408273,14309916,30718189,2.97855514545112,1.0922334849193813,0.01212397776544094,3,6,3,1.6666666
26,15,7979,00:00:03.8240000,13,5308,11847,9644716,9981303,22802253,32783556,25676677,58460233,3.049014921745752,1.1518352194055155,0.0436764657497406,2,13,11,1.0909091
26,16,8533,00:00:08.0590000,26,9492,22556,16382773,17330140,48251180,65581320,46592984,112174304,3.2410958144875717,1.6968795268125862,0.15383155643939972,3,26,23,1.0869565
26,17,9137,00:00:17.1980000,43,17486,42381,29710694,32047013,99065664,131112677,80908627,212021304,3.673671607940225,4.599648509598635,0.3506262004375458,3,43,38,1.1052631
26,18,9773,00:00:49.5400000,47,32606,79301,56184558,61188462,201209071,262397533,133814894,396212427,4.203890506711827,7.96491173561375,0.4378722906112671,3,47,40,1.15
26,19,10438,00:02:00.3940000,44,60753,147316,111668514,120604952,404036988,524641940,213578770,738220710,4.930458580294173,6.292567880439102,0.3677780330181122,3,44,35,1.2285714
26,20,11126,00:04:30.4990000,27,115552,275223,226467330,242436097,807155590,1049591687,329453625,1379045312,5.6215832544146656,2.075284516603468,0.2009870707988739,4,28,22,1.2272727
27,0,3705,00:00:00.0450000,1,1,1,1001,1001,0,1001,5241,6242,1,1,0,0,1,1,0
27,1,4246,00:00:00.0580000,2,3,4,2005,2006,0,2006,13151,15157,1.0024937655860349,1.0049999154367308,0,1,2,1,1
27,2,4679,00:00:00.0810000,2,3,6,4002,4005,0,4005,24673,28678,1.0057471264367817,1.0115603338706656,0,1,2,1,1
27,3,5110,00:00:00.0870000,3,7,14,7985,8004,4,8008,47456,55464,1.015278647463995,1.03114050707613,0.007835502736270428,1,3,2,1
27,4,5526,00:00:00.1040000,6,13,22,15539,15552,475,16027,90269,106296,1.0492309672437095,1.1051654809184281,0.03557774797081947,1,6,5,1
27,5,5975,00:00:00.1150000,6,17,40,29199,29266,2737,32003,177099,209102,1.1213740196582074,1.2855614632273753,0.08545130491256714,1,6,5,1
27,6,6386,00:00:00.1290000,8,34,78,53740,53897,10248,64145,319374,383519,1.272534425009304,1.7738131041368175,0.16572414338588715,2,8,6,1.1666666
27,7,6757,00:00:00.1500000,8,58,143,97637,98125,30135,128260,539065,667325,1.4937267634196052,2.6561981327182806,0.27694493532180786,2,8,6,1.1666666
27,8,7097,00:00:00.1800000,8,85,215,175053,176237,79947,256184,876078,1132262,1.6991768207342919,2.9200274863070517,0.3629573881626129,2,8,6,1.1666666
27,9,7445,00:00:00.2320000,10,184,398,309746,312699,200056,512755,1446560,1959315,1.8566954859788343,2.4483090216673853,0.4089218080043793,2,10,7,1.2857143
27,10,7823,00:00:00.3270000,13,311,709,538517,545090,480328,1025418,2462796,3488214,1.9595815916674868,2.082396297496192,0.4694949686527252,2,13,9,1.3333334
27,11,8252,00:00:00.5440000,17,529,1282,919689,935266,1113238,2048504,4340084,6388588,2.0355022186847944,2.0020551160105686,0.4670044481754303,3,17,12,1.3333334
27,12,8742,00:00:00.9790000,21,961,2384,1562315,1606722,2490379,4097101,7791027,11888128,2.1666622928154693,2.37984722224616,0.4460640549659729,3,21,16,1.25
27,13,9261,00:00:01.7540000,33,1740,4356,2734534,2848665,5346514,8195179,13514327,21709506,2.4933041607820563,4.056982869949866,0.40348243713378906,3,33,27,1.1851852
27,14,9777,00:00:03.1830000,42,3110,7847,4961727,5213294,11178447,16391741,22165833,38557574,2.9367079244787146,4.500476205152366,0.3670641779899597,3,43,34,1.2352941
27,15,10310,00:00:05.8680000,46,5534,13969,8966076,9466773,23301547,32768320,35720239,68488559,3.2911188796525925,4.385323106736391,0.38690388202667236,3,47,36,1.2777778
27,16,10873,00:00:12.0980000,45,9776,24853,16240770,17311515,48234507,65546022,57078933,122624955,3.6519533864465785,6.086830402430974,0.5671691298484802,4,46,33,1.3636364
27,17,11467,00:00:30.5570000,47,17797,44884,30333926,32409950,98670506,131080456,90554405,221634861,4.040635195061793,5.370127987600495,0.42391642928123474,4,48,36,1.3055556
27,18,12103,00:01:13.5540000,45,32578,81815,56842322,61041283,201296905,262338188,143450993,405789181,4.537548642013604,6.536721500053437,0.45469215512275696,5,46,32,1.40625
27,19,12778,00:02:37.0520000,43,60939,150774,110251569,118047852,406325898,524373750,225114464,749488214,5.236924138467363,8.261618420795644,0.48690491914749146,5,44,29,1.4827586
27,20,13502,00:05:23.6460000,33,114274,281059,213009195,227905013,820743758,1048648771,351130935,1399779706,5.871918735714672,4.480362633976011,0.35234999656677246,3,34,25,1.32
28,0,3104,00:00:00.0410000,1,1,2,1005,1005,0,1005,5601,6606,1,1,0,0,1,1,0
28,1,3426,00:00:00.0520000,1,2,5,1999,2001,0,2001,9865,11866,1,1,0,0,1,1,0
28,2,3812,00:00:00.0750000,1,2,6,4014,4015,0,4015,19766,23781,1,1,0,0,1,1,0
28,3,4250,00:00:00.0810000,1,5,12,7983,7996,6,8002,43201,51203,1,1,0,0,1,1,0
28,4,4597,00:00:00.0880000,3,12,23,15529,15560,454,16014,78500,94514,1.0030909910490051,1.0062058661509876,0,1,3,2,1
28,5,5002,00:00:00.1080000,3,23,43,29186,29321,2722,32043,156420,188463,1.0048653463989583,1.0097889474536592,0,1,3,2,1
28,6,5446,00:00:00.1250000,7,32,76,53305,53478,10599,64077,312509,376586,1.0165275302504455,1.0338163215036305,0.01360669918358326,1,7,6,1
28,7,5945,00:00:00.1540000,9,57,144,94731,95254,32754,128008,619991,747999,1.058460271716756,1.126976404035493,0.046039849519729614,1,9,8,1
28,8,6446,00:00:00.2070000,12,106,275,166988,168533,87636,256169,1141803,1397972,1.202793015066951,1.5470703323854114,0.14018890261650085,1,12,11,1
28,9,6901,00:00:00.2910000,15,196,494,296588,301227,210892,512119,1915411,2427530,1.472712989062268,2.885559663240385,0.28756028413772583,2,15,13,1.0769231
28,10,7315,00:00:00.4340000,24,308,799,529716,538374,486284,1024658,3042373,4067031,1.7558408656714164,4.103111791869822,0.3802488446235657,2,24,19,1.2105263
28,11,7723,00:00:00.6300000,26,517,1335,936278,954959,1093311,2048270,4803527,6851797,1.9756482583164403,3.7530571835999145,0.43643462657928467,2,26,20,1.25
28,12,8152,00:00:01.0260000,26,962,2324,1645501,1686821,2411915,4098736,7726116,11824852,2.2078643525588864,4.126645458914989,0.4398677945137024,3,26,19,1.3157895
28,13,8592,00:00:01.6770000,31,1721,4124,2962870,3047341,5147545,8194886,12362792,20557678,2.5705538886282557,5.667216984495652,0.40034881234169006,3,31,22,1.3636364
28,14,9034,00:00:02.8520000,31,3054,7189,5453542,5629619,10776883,16406502,19408604,35815106,3.028544384548611,5.269798387201633,0.40943625569343567,3,32,22,1.4090909
28,15,9495,00:00:05.5120000,31,5258,12570,9915721,10251073,22535656,32786729,30431229,63217958,3.478706591280654,4.38941056642481,0.3575729429721832,4,32,23,1.3478261
28,16,10007,00:00:14.1640000,31,9396,22733,17649762,18331445,47242487,65573932,49096297,114670229,3.944709906003265,3.874430525977422,0.4110228717327118,4,32,22,1.4090909
28,17,10587,00:00:35.3730000,27,17255,42077,30933363,32674821,98480820,131155641,81429053,212584694,4.446775315053847,3.6500353388195967,0.4889774024486542,3,28,21,1.2857143
28,18,11242,00:01:19.9430000,31,32152,79426,54718822,58920641,203456544,262377185,136791674,399168859,4.963705231081181,4.899279895507001,0.41195935010910034,3,32,24,1.2916666
28,19,11976,00:02:52.9100000,39,59713,150733,97107090,107543850,417152242,524696092,229936230,754632322,5.4890968929251205,6.069509416819393,0.36047008633613586,3,40,31,1.2580645
28,20,12806,00:06:13.1140000,49,110615,286796,170876701,195329141,853312740,1048641881,387910696,1436552577,5.953099568559671,5.347040091728924,0.3278004229068756,4,50,40,1.225
2,0,5072,00:00:00.0600000,2,2,4,1013,1013,0,1013,6929,7942,1.138203356367226,1.3126915619411816,0,1,2,1,1
2,1,5491,00:00:00.0750000,2,3,5,2003,2004,0,2004,12816,14820,1.3330004992511233,1.799280544685614,0,1,2,1,1
2,2,5830,00:00:00.0790000,2,4,8,4006,4010,0,4010,21736,25746,1.5007488766849726,1.9999955135268153,0,1,2,1,1
2,3,6122,00:00:00.1010000,2,3,10,8023,8029,0,8029,36655,44684,1.6744359965100337,1.782989501848415,0,1,2,1,1
2,4,6382,00:00:00.1050000,3,7,15,15598,15613,400,16013,62286,78299,1.7801000128221567,1.5326599507034644,0,2,3,1,2
2,5,6640,00:00:00.1100000,4,16,33,29747,29781,2278,32059,109482,141541,1.8611288533297476,1.345105985346261,0.004902229178696871,2,4,2,1.5
2,6,6914,00:00:00.1290000,5,35,63,54927,55085,8927,64012,199351,263363,1.9167076301272599,1.2205721231211997,0.005995313171297312,2,5,3,1.3333334
2,7,7209,00:00:00.1450000,5,58,105,99014,99659,28432,128091,369605,497696,1.962368957925142,1.148232999618545,0.014431606978178024,2,5,3,1.3333334
2,8,7542,00:00:00.1740000,11,95,199,175501,176514,79947,256461,699470,955931,2.0140113161748365,1.1513475526390584,0.034414343535900116,2,11,9,1.1111112
2,9,7918,00:00:00.2280000,14,167,380,304570,307231,205310,512541,1326166,1838707,2.077982073086647,1.2396115854298855,0.07604040950536728,2,14,12,1.0833334
2,10,8337,00:00:00.3290000,16,278,685,524427,533411,491445,1024856,2473968,3498824,2.201915614565993,1.5952228461064346,0.16888299584388733,2,16,14,1.0714285
2,11,8785,00:00:00.5520000,25,545,1302,912711,931510,1118327,2049837,4448167,6498004,2.4307299901063972,2.8750244580035393,0.31166720390319824,2,25,23,1.0434783
2,12,9243,00:00:00.9670000,32,958,2404,1609924,1649966,2447567,4097533,7618966,11716499,2.701936861615828,5.9412951891578345,0.4618064761161804,2,32,29,1.0689656
2,13,9726,00:00:01.6750000,37,1695,4276,2825928,2913741,5288109,8201850,12851859,21053709,2.92110697795556,6.624700624146734,0.5397725701332092,2,37,31,1.1612903
2,14,10250,00:00:03.0450000,38,3032,7694,4900348,5131375,11266010,16397385,21698687,38096072,3.1509462185134605,5.953766792890115,0.5132350325584412,2,38,32,1.15625
2,15,10795,00:00:05.6470000,40,5463,13833,8896453,9443240,23332291,32775531,35660496,68436027,3.649751423404361,7.113060700169526,0.44015955924987793,3,40,32,1.21875
2,16,11335,00:00:11.8300000,34,9822,24476,16846944,17929013,47680702,65609715,55781039,121390754,4.283043203562617,4.70321212897328,0.39897987246513367,4,35,23,1.4782609
2,17,11908,00:00:32.0120000,29,17738,43867,31074816,33113447,98006801,131120248,87543036,218663284,4.775369965183382,3.2538799597960755,0.33504825830459595,4,30,20,1.45
2,18,12544,00:01:16.5510000,33,32582,80734,56857659,60636289,201703931,262340220,140454732,402794952,5.262098286529876,3.157551938908206,0.28516295552253723,3,34,26,1.2692307
2,19,13246,00:02:49.0230000,32,60215,150446,103894818,112612994,411819496,524432490,227290885,751723375,5.771493300079702,2.4610615309809485,0.14923548698425293,4,33,26,1.2307693
2,20,14026,00:06:01.5430000,39,112423,284098,191502680,209942071,839171961,1049114032,369720190,1418834222,6.254488114735522,2.8209634295581303,0.11155077069997787,4,40,32,1.21875
29,0,4254,00:00:00.0510000,1,1,3,1004,1004,0,1004,5778,6782,1,1,0,0,1,1,0
29,1,4626,00:00:00.0730000,3,4,9,2001,2002,0,2002,10707,12709,1.0039980009995002,1.008035542966106,0,1,3,2,1
29,2,4995,00:00:00.1070000,2,3,11,4000,4002,0,4002,20833,24835,1.0045,1.0090404413157552,0,1,2,1,1
29,3,5345,00:00:00.1130000,2,8,20,8001,8021,2,8023,39056,47079,1.0058742657167854,1.0118175618671916,0,1,2,1,1
29,4,5727,00:00:00.1210000,4,13,30,15533,15556,463,16019,77961,93980,1.0216957445438744,1.0445561591045056,0.014535587280988693,1,4,3,1
29,5,6152,00:00:00.1320000,5,19,46,29281,29347,2694,32041,160006,192047,1.0546429425224548,1.1170455557395647,0.03439942002296448,1,5,4,1
29,6,6558,00:00:00.1480000,7,29,78,53631,53823,10204,64027,300358,364385,1.12854505789562,1.303758688530961,0.0680413693189621,1,7,6,1
29,7,6956,00:00:00.1690000,11,52,136,96963,97304,30801,128105,538155,666260,1.2968761280075904,1.8769497082013242,0.13213300704956055,1,11,10,1
29,8,7322,00:00:00.2040000,13,98,236,174365,175348,81025,256373,902909,1159282,1.533524503197316,2.8554041126214575,0.21725058555603027,2,13,11,1.0909091
29,9,7660,00:00:00.2530000,14,166,407,312376,314890,197863,512753,1453935,1966688,1.7614317361128895,2.9484374850604618,0.2733656167984009,2,14,12,1.0833334
29,10,7997,00:00:00.3370000,15,277,675,557461,562792,462839,1025631,2335617,3361248,1.960521005056856,2.5163668271568587,0.2753518223762512,2,15,13,1.0769231
29,11,8339,00:00:00.5010000,17,497,1156,997612,1008233,1042549,2050782,3750393,5801175,2.1892529360111945,2.665799341539424,0.22564829885959625,3,17,14,1.1428572
29,12,8686,00:00:00.7790000,13,872,1979,1799575,1829240,2272781,4102021,5980224,10082245,2.480722392787186,2.8357210418330294,0.1948903352022171,3,13,10,1.2
29,13,9045,00:00:01.2600000,11,1552,3462,3254627,3316486,4879783,8196269,9528089,17724358,2.753906668874805,2.1000532032921293,0.18704575300216675,3,11,8,1.25
29,14,9442,00:00:02.1210000,11,2829,6314,5754818,5887213,10512929,16400142,15612527,32012669,2.9294950769946158,1.5783166926629,0.15425704419612885,4,12,8,1.375
29,15,9904,00:00:04.0230000,18,5123,11713,9864147,10130614,22670605,32801219,26661223,59462442,3.0353999185129745,1.4475761511845846,0.13252130150794983,4,19,15,1.2
29,16,10457,00:00:11.5700000,22,9469,22414,16392253,17183286,48374331,65557617,47546310,113103927,3.137943881173625,1.5945411529631772,0.13356555998325348,4,23,19,1.1578947
29,17,11109,00:00:34.4000000,36,17447,43183,27176132,29777163,101354558,131131721,85931434,217063155,3.3882934480889335,2.583593002635597,0.30815213918685913,3,37,30,1.2
29,18,11830,00:01:24.5610000,72,32183,82137,48519652,54770381,207502185,262272566,149858185,412130751,3.9092188460049138,9.6105742702347,0.33973878622055054,4,73,59,1.220339
29,19,12603,00:03:05.7050000,89,59719,154920,90006562,103113206,421371769,524484975,250757590,775242565,4.4288634977525305,20.648769847356174,0.4037226438522339,4,90,67,1.3283582
29,20,13456,00:06:37.2310000,92,110480,292495,164599408,190866165,858062051,1048928216,415652122,1464580338,4.841043753936223,16.084785549758912,0.4088185727596283,5,93,66,1.3939394
30,0,2568,00:00:00.0470000,1,1,2,1007,1007,0,1007,4048,5055,1,1,0,0,1,1,0
30,1,2907,00:00:00.0600000,2,3,4,2002,2003,0,2003,8333,10336,1.0014985014985014,1.0030015319118513,0,1,2,1,1
30,2,3193,00:00:00.0840000,3,5,8,4004,4006,0,4006,15696,19702,1.0057442557442557,1.0115688431840673,0,1,3,2,1
30,3,3500,00:00:00.1000000,3,7,11,8014,8024,4,8028,31417,39445,1.0123533815822312,1.0250484165461182,0.005666954442858696,1,3,2,1
30,4,3809,00:00:00.1070000,5,9,16,15594,15617,424,16041,62482,78523,1.0348210850327049,1.0726571357202228,0.019668160006403923,1,5,4,1
30,5,4127,00:00:00.1170000,6,17,33,29512,29557,2483,32040,122405,154445,1.0929452426131743,1.2075507232137677,0.042597219347953796,1,6,5,1
30,6,4438,00:00:00.1280000,7,30,63,54501,54619,9398,64017,226922,290939,1.2152988018568467,1.5460221518899626,0.07737111300230026,1,7,6,1
30,7,4732,00:00:00.1440000,8,46,102,99747,100000,28220,128220,396485,524705,1.4098469126891033,2.1531225080327223,0.12840647995471954,1,8,7,1
30,8,5014,00:00:00.1660000,8,72,165,180459,181091,75333,256424,666625,923049,1.614887592195457,2.4060364948864077,0.17834854125976562,1,8,7,1
30,9,5302,00:00:00.2010000,8,140,294,322425,324030,189000,513030,1121543,1634573,1.7879568891990385,2.0285690162883276,0.22507932782173157,2,8,6,1.1666666
30,10,5615,00:00:00.2670000,8,260,539,566710,570345,455036,1025381,1928567,2953948,1.90201337544776,1.6672880477178298,0.24544498324394226,2,8,6,1.1666666
30,11,5972,00:00:00.4080000,7,475,1035,974631,986977,1062822,2049799,3426698,5476497,1.9683746977061063,1.4767565802779012,0.27126047015190125,2,7,5,1.2
30,12,6392,00:00:00.7490000,12,879,2033,1650978,1683131,2416746,4099877,6284532,10384409,2.021340078426242,1.4485580670962894,0.25805899500846863,2,12,9,1.2222222
30,13,6888,00:00:01.4330000,20,1635,3952,2768938,2858130,5341591,8199721,11713065,19912786,2.1163420777207724,1.6671506533774634,0.264110803604126,2,20,17,1.117647
30,14,7449,00:00:02.8550000,36,2981,7586,4719817,4970396,11431798,16402194,21381421,37783615,2.364320269196878,2.761252445324341,0.28461435437202454,3,37,33,1.0909091
30,15,8037,00:00:05.8160000,55,5472,14013,8438639,9017547,23764360,32781907,36856212,69638119,2.7905563918541842,6.314500729624926,0.30552080273628235,4,56,49,1.1224489
30,16,8635,00:00:13.2940000,63,9828,25340,15472266,16780746,48821834,65602580,60130733,125733313,3.293575549954997,11.252820947404947,0.39896753430366516,4,64,51,1.2352941
30,17,9245,00:00:34.3080000,58,17735,45469,29391160,31934088,99202086,131136174,94934608,226070782,3.871996103590331,11.562325015125685,0.3470023274421692,4,59,45,1.2888889
30,18,9881,00:01:17.5430000,45,32168,82090,56219037,61068427,201223409,262291836,147860235,410152071,4.428222062928612,6.27982038818583,0.4981949031352997,4,46,33,1.3636364
30,19,10572,00:02:44.7880000,44,60072,151545,105055443,114245481,410244527,524490008,232548628,757038636,4.866317997440647,3.696302484147469,0.4709610044956207,4,45,30,1.4666667
30,20,11348,00:05:48.4620000,62,111920,284713,194338835,210556251,838766188,1049322439,373770474,1423092913,5.286816708559563,4.535404319535948,0.4212780296802521,4,63,45,1.3777778
31,0,3099,00:00:00.0470000,1,1,1,1007,1007,0,1007,6715,7722,1,1,0,0,1,1,0
31,1,3546,00:00:00.0600000,1,2,3,2007,2008,0,2008,12893,14901,1,1,0,0,1,1,0
31,2,4042,00:00:00.0830000,1,1,7,4009,4009,0,4009,26161,30170,1,1,0,0,1,1,0
31,3,4512,00:00:00.0900000,1,1,10,8008,8008,6,8014,51126,59140,1,1,0,0,1,1,0
31,4,4985,00:00:00.0980000,1,10,26,15459,15483,533,16016,100748,116764,1,1,0,0,1,1,0
31,5,5492,00:00:00.1210000,2,20,50,29031,29124,2937,32061,200566,232627,1.0010333781130516,1.0020688671122113,0,1,2,1,1
31,6,6069,00:00:00.1450000,4,38,99,52487,52727,11281,64008,407791,471799,1.0057538057042696,1.0115931460132244,0.0029022323433309793,1,4,3,1
31,7,6721,00:00:00.2000000,6,74,189,92678,93599,34404,128003,819747,947750,1.0266514167332053,1.0553258419320695,0.02473059669137001,1,6,5,1
31,8,7403,00:00:00.2880000,20,134,359,162513,164440,91729,256169,1548734,1804903,1.18236694910561,1.426213085598198,0.11340779811143875,2,20,17,1.117647
31,9,7920,00:00:00.3920000,24,201,568,295387,299782,212760,512542,2431174,2943716,1.6440635505286285,3.1513673890665137,0.21236556768417358,2,24,20,1.15
31,10,8293,00:00:00.5210000,27,334,888,547671,555548,469890,1025438,3422068,4447506,2.1260848209965473,3.8094870265109715,0.19853955507278442,2,27,23,1.1304348
31,11,8635,00:00:00.7090000,28,529,1362,992223,1006480,1041901,2048381,4837120,6885501,2.4574374913703876,2.9893860945231,0.15877167880535126,3,28,23,1.173913
31,12,8999,00:00:01.0170000,23,914,2235,1752582,1786208,2315243,4101451,7213177,11314628,2.6798597726097837,2.401743682259619,0.13545355200767517,3,23,19,1.1578947
31,13,9407,00:00:01.5650000,20,1628,3910,3036226,3112375,5082551,8194926,11426237,19621163,2.860132282642992,2.149205331695304,0.13308846950531006,3,20,17,1.117647
31,14,9864,00:00:02.6550000,18,2959,7047,5303614,5491483,10914648,16406131,18804037,35210168,3.0728033752079242,2.5653246792400055,0.16405512392520905,3,19,16,1.125
31,15,10348,00:00:04.7420000,24,5397,12770,9634678,10029508,22760419,32789927,30619144,63409071,3.3994428251779665,3.5032451073736315,0.16897636651992798,3,25,21,1.1428572
31,16,10856,00:00:08.7730000,29,9768,23111,17720119,18558165,47043527,65601692,49066640,114668332,3.7279878876659915,2.24654331040885,0.2154386192560196,3,29,25,1.12
31,17,11423,00:00:17.6610000,30,17774,42472,31312212,33117266,97981457,131098723,80338582,211437305,3.9446355945724947,1.5753142749991775,0.15965527296066284,3,31,27,1.1111112
31,18,12086,00:00:53.5300000,44,32176,79737,53513196,57782184,204493829,262276013,136727947,399003960,4.140777930736935,1.7097609715057063,0.10057439655065536,4,45,39,1.1282052
31,19,12846,00:02:23.7760000,58,59319,151768,91830654,104291316,420318437,524609753,235033321,759643074,4.52074170134953,3.736021450284246,0.17505450546741486,3,59,48,1.2083334
31,20,13674,00:05:33.6840000,80,110750,287665,172153377,198709425,850238098,1048947523,392245665,1441193188,5.095806043932557,12.227446651842651,0.27714335918426514,3,81,64,1.25
32,0,3414,00:00:00.0790000,2,2,2,1003,1003,0,1003,5407,6410,1.0059820538384845,1.0120356470176082,0,1,2,1,1
32,1,3758,00:00:00.0950000,2,3,3,2003,2004,0,2004,9949,11953,1.0079880179730405,1.0161036725291415,0,1,2,1,1
32,2,4075,00:00:00.1210000,2,3,3,4002,4003,0,4003,18073,22076,1.0119940029985008,1.0242756360106107,0,1,2,1,1
32,3,4436,00:00:00.1270000,2,5,7,8005,8008,3,8011,36842,44853,1.019737663960025,1.0402538406123454,0,1,2,1,1
32,4,4810,00:00:00.1340000,3,7,19,15545,15562,471,16033,75415,91448,1.0227725956899325,1.0466720600522315,0.009679286740720272,1,3,2,1
32,5,5220,00:00:00.1570000,5,15,30,29235,29285,2739,32024,155151,187175,1.0377971609372327,1.0791893611411854,0.022532274946570396,1,5,4,1
32,6,5645,00:00:00.1730000,8,30,65,53515,53610,10413,64023,303175,367198,1.0716995234980846,1.1557098277192424,0.050532784312963486,2,8,6,1.1666666
32,7,6078,00:00:00.2030000,8,55,134,95901,96315,31715,128030,565755,693785,1.1792786310883099,1.4461607813222728,0.12136658281087875,2,8,6,1.1666666
32,8,6481,00:00:00.2530000,8,100,244,172095,173364,82950,256314,972659,1228973,1.4133647113512886,2.3702090440948003,0.2592774033546448,2,8,6,1.1666666
32,9,6842,00:00:00.3200000,10,159,400,308401,311530,200592,512122,1566423,2078545,1.6761683652128236,3.399530362053395,0.36801213026046753,2,10,7,1.2857143
32,10,7197,00:00:00.4520000,11,301,696,548456,556158,469465,1025623,2505606,3531229,1.8769381682395672,3.1568827983931063,0.4503166675567627,2,11,8,1.25
32,11,7575,00:00:00.6740000,16,487,1186,957040,972438,1078140,2050578,4111705,6162283,1.9944056674747137,2.7699481089492766,0.4837336540222168,2,16,11,1.3636364
32,12,8006,00:00:01.0980000,18,907,2120,1630276,1672162,2429726,4101888,7063544,11165432,2.0725613331730335,2.701883859873597,0.478545606136322,2,18,13,1.3076923
32,13,8502,00:00:01.9760000,28,1658,4083,2758652,2866415,5328557,8194972,12485769,20680741,2.2025779257405427,3.245626100107553,0.47686877846717834,3,28,23,1.173913
32,14,9045,00:00:04.0070000,43,3010,7624,4814063,5060976,11326663,16387639,21742676,38130315,2.494844998912561,5.405140519520747,0.4708250164985657,3,44,37,1.1621622
32,15,9610,00:00:11.0270000,58,5470,13868,8699137,9196805,23578223,32775028,36407523,69182551,2.868064728719642,6.060553977050885,0.4351310729980469,3,59,50,1.16
32,16,10206,00:00:26.1920000,65,9762,25084,15560731,16627831,48958158,65585989,59577765,125163754,3.208213225972482,5.4260246610515805,0.4308924078941345,4,66,53,1.226415
32,17,10846,00:00:55.7420000,63,17828,45808,28184979,30660411,100444600,131105011,96909924,228014935,3.669511941094581,8.04367345442151,0.4623456299304962,4,64,48,1.3125
32,18,11503,00:01:49.7760000,59,32639,83427,55417966,59950323,202317457,262267780,152485613,414753393,4.296724098462943,5.212283708341479,0.3676649332046509,4,60,45,1.3111111
32,19,12192,00:03:32.8770000,37,60084,152498,106485067,114851808,409616716,524468524,236785331,761253855,4.752066634845616,2.2930883020117556,0.3217656910419464,4,38,26,1.4230769
32,20,12972,00:07:07.1980000,40,110613,285498,192327505,207896830,841173219,1049070049,379198767,1428268816,5.02757774037572,1.837507459402394,0.21368840336799622,4,41,30,1.3333334
33,0,4026,00:00:00.0650000,1,2,2,1000,1001,0,1001,4106,5107,1,1,0,0,1,1,0
33,1,4322,00:00:00.0760000,1,2,3,2003,2005,0,2005,7710,9715,1,1,0,0,1,1,0
33,2,4587,00:00:00.0950000,1,2,4,4005,4006,0,4006,14431,18437,1,1,0,0,1,1,0
33,3,4873,00:00:00.0990000,1,4,7,7995,8003,1,8004,28971,36975,1,1,0,0,1,1,0
33,4,5151,00:00:00.1040000,2,13,17,15577,15614,414,16028,56813,72841,1.0012839442768184,1.0025711843164213,0,1,2,1,1
33,5,5440,00:00:00.1110000,4,21,39,29495,29565,2436,32001,111030,143031,1.0050856077301238,1.0102380857616344,0,1,4,3,1
33,6,5755,00:00:00.1330000,5,31,67,54317,54487,9514,64001,217278,281279,1.0132739289725132,1.0270091996127442,0.009868625551462173,1,5,4,1
33,7,6116,00:00:00.1550000,6,54,123,97284,97689,30465,128154,432551,560705,1.0351856420377452,1.0735414104522143,0.02157220058143139,1,6,5,1
33,8,6523,00:00:00.1940000,8,85,213,170562,171579,84491,256070,848279,1104349,1.0967448786951373,1.2174297532814988,0.04512077569961548,1,8,7,1
33,9,6951,00:00:00.2580000,8,165,389,298947,302853,209653,512506,1571547,2084053,1.255898202691447,1.6741654176971705,0.09843407571315765,1,8,7,1
33,10,7368,00:00:00.3680000,14,313,710,527853,537904,486495,1024399,2706869,3731268,1.5329855092232119,2.400730192964728,0.16277076303958893,2,14,11,1.1818181
33,11,7771,00:00:00.6620000,22,539,1269,942002,962635,1087968,2050603,4438436,6489039,1.8359939787813615,2.275525200307193,0.2054346203804016,3,22,16,1.3125
33,12,8178,00:00:01.0080000,29,974,2211,1681460,1720814,2378087,4098901,7177523,11276424,2.16062945297539,2.367425214756902,0.24605005979537964,4,29,21,1.3333334
33,13,8589,00:00:01.5970000,30,1639,3850,3056266,3144059,5051294,8195353,11420042,19615395,2.672706171517793,4.212896408465204,0.3628422021865845,4,30,21,1.3809524
33,14,8978,00:00:02.5870000,32,2924,6648,5925560,6071161,10324893,16396054,17323774,33719828,3.4825218207224298,7.148128729333741,0.38318368792533875,5,32,23,1.3478261
33,15,9340,00:00:04.4850000,23,5285,11409,11797124,12099714,20676460,32776174,25096129,57872303,4.345914648349886,3.792473701429245,0.37915295362472534,6,24,15,1.5333333
33,16,9704,00:00:10.3010000,18,9842,20241,23321726,23786801,41754148,65540949,36279032,101819981,4.980715964161486,2.576230351683952,0.2340630739927292,5,19,12,1.5
33,17,10098,00:00:23.4470000,13,18216,36771,44531728,45390870,85783517,131174387,54011195,185185582,5.430184317123288,2.4081816298358008,0.12783513963222504,4,14,8,1.625
33,18,10541,00:00:51.2810000,8,34337,69085,82732276,84578980,177812169,262391149,83656376,346047525,5.7934371828474776,2.204418191253707,0.02048463001847267,4,9,5,1.6
33,19,11050,00:01:50.5040000,8,64908,132079,151775426,155347677,369568778,524916455,134753745,659670200,6.110565085813035,2.1290030201171706,0.020226996392011642,3,8,5,1.4
33,20,11641,00:03:59.9270000,6,121840,254289,273946583,282506643,766817694,1049324337,224148834,1273473171,6.416611522400336,2.218595461530548,0.06418945640325546,2,6,4,1.25
34,0,4211,00:00:00.0540000,1,1,2,1007,1007,0,1007,6120,7127,1,1,0,0,1,1,0
34,1,4750,00:00:00.0670000,1,1,4,2009,2009,0,2009,13609,15618,1,1,0,0,1,1,0
34,2,5224,00:00:00.0900000,1,2,7,4012,4014,0,4014,26284,30298,1,1,0,0,1,1,0
34,3,5705,00:00:00.0970000,2,5,15,7997,8000,7,8007,52176,60183,1.0028760785294486,1.005768749651728,0,1,2,1,1
34,4,6217,00:00:00.1080000,4,10,31,15500,15517,529,16046,105563,121609,1.008516129032258,1.01721729421549,0.0062125083059072495,1,4,3,1
34,5,6756,00:00:00.1320000,7,22,58,29027,29108,2949,32057,211482,243539,1.029145278533779,1.0606878659956651,0.024102453142404556,1,7,6,1
34,6,7281,00:00:00.1550000,7,32,96,52872,53186,10816,64002,398146,462148,1.1047435315478893,1.2434100095863287,0.08805210888385773,1,7,6,1
34,7,7786,00:00:00.1880000,11,72,175,95008,95581,32476,128057,706398,834455,1.3013535702256651,1.9434395260605828,0.22826756536960602,2,11,8,1.25
34,8,8214,00:00:00.2350000,13,113,288,171066,172310,84011,256321,1140574,1396895,1.5920931102615365,3.9329030051432188,0.42185479402542114,2,13,9,1.3333334
34,9,8605,00:00:00.3050000,15,177,467,304406,307484,204816,512300,1791002,2303302,1.8590270888221652,5.985177901426581,0.5495480895042419,2,15,10,1.4
34,10,8995,00:00:00.4350000,20,320,769,536500,543061,481881,1024942,2842455,3867397,2.0761547064305685,6.309523302096371,0.5667048692703247,2,20,15,1.2666667
34,11,9411,00:00:00.6490000,24,551,1328,931891,946787,1101427,2048214,4648232,6696446,2.2830899751151152,6.684851633851908,0.53459632396698,3,24,18,1.2777778
34,12,9863,00:00:01.0560000,32,957,2351,1621729,1652124,2444299,4096423,7770317,11866740,2.5374738936036785,7.563841469967057,0.481673002243042,3,32,24,1.2916666
34,13,10346,00:00:01.7910000,35,1728,4281,2841777,2920084,5282153,8202237,13001451,21203688,2.876023347363287,8.57684269203361,0.48299440741539,4,35,25,1.36
34,14,10850,00:00:03.2180000,32,3025,7589,5037535,5254306,11146603,16400909,21400371,37801280,3.2968604684632465,8.888815836748478,0.4730505049228668,4,33,22,1.4545455
34,15,11377,00:00:07.3350000,37,5452,13645,9120546,9535222,23258525,32793747,34735912,67529659,3.7347543666793634,6.591996823882524,0.4090469181537628,4,38,26,1.4230769
34,16,11942,00:00:19.9220000,42,9673,24313,16353109,17131263,48406381,65537644,56230229,121767873,4.112845881477338,5.278958450063511,0.299018919467926,4,43,33,1.2727273
34,17,12574,00:00:45.8180000,43,17468,44662,28560364,30560772,100539492,131100264,92895437,223995701,4.465255659906855,4.341906535224514,0.3060978949069977,4,44,35,1.2285714
34,18,13287,00:01:39.1560000,50,31941,83235,49539903,54681464,207554135,262235599,155809183,418044782,4.8459516361992065,3.4948307496727984,0.3750646412372589,4,51,39,1.2820513
34,19,14073,00:03:26.1510000,75,59489,156825,90143008,101794692,422504617,524299309,259334456,783633765,5.383444260036231,6.083401076050506,0.3370174765586853,4,76,60,1.25
34,20,14908,00:07:02.0610000,78,111187,293617,174239918,197383732,851204984,1048588716,418639855,1467228571,5.989698692351313,8.176096788284891,0.42367425560951233,4,79,55,1.4181818
35,0,1958,00:00:00.0300000,1,1,1,1004,1004,0,1004,2610,3614,1,1,0,0,1,1,0
35,1,2174,00:00:00.0400000,1,1,1,2004,2004,0,2004,5324,7328,1,1,0,0,1,1,0
35,2,2389,00:00:00.0600000,1,3,3,3998,4001,0,4001,10603,14604,1,1,0,0,1,1,0
35,3,2606,00:00:00.0620000,2,3,4,8027,8028,1,8029,21488,29517,1.0021178522486607,1.0042447152466718,0,1,2,1,1
35,4,2825,00:00:00.0670000,2,7,13,15641,15655,346,16001,42542,58543,1.0042836135796944,1.0086039111749205,0,1,2,1,1
35,5,3064,00:00:00.0720000,2,21,35,29824,29880,2193,32073,85720,117793,1.0058677575107295,1.011804415641635,0,1,2,1,1
35,6,3330,00:00:00.0810000,3,31,61,54954,55134,8908,64042,173608,237650,1.0094078683990246,1.0190200838884966,0.005292367190122604,1,3,2,1
35,7,3630,00:00:00.1060000,4,59,114,98886,99483,28759,128242,347348,475590,1.0214084905851182,1.0440007930109527,0.017283836379647255,1,4,3,1
35,8,3964,00:00:00.1340000,6,89,200,174828,176362,80172,256534,679179,935713,1.0471606378840919,1.1004634484657088,0.03406717628240585,1,6,5,1
35,9,4341,00:00:00.1880000,9,173,381,303546,307186,205141,512327,1306410,1818737,1.1302932669183583,1.310053275679734,0.0752355232834816,1,9,8,1
35,10,4735,00:00:00.2930000,17,295,675,537103,543493,482130,1025623,2369013,3394636,1.3434778804065515,2.027077635143449,0.14020118117332458,2,17,15,1.0666667
35,11,5111,00:00:00.4740000,17,539,1225,967324,983445,1066432,2049877,3957380,6007257,1.6380406151403253,2.5745959942792016,0.19899266958236694,2,17,15,1.0666667
35,12,5486,00:00:00.7910000,17,920,2102,1734854,1768043,2328292,4096335,6424845,10521180,1.8691123287608065,1.9036170210543053,0.2165016531944275,2,17,14,1.1428572
35,13,5897,00:00:01.3650000,15,1609,3784,3027818,3103914,5093577,8197491,10674565,18872056,2.002381252770147,1.5349223022449803,0.22590038180351257,2,15,11,1.2727273
35,14,6372,00:00:02.5490000,18,2864,6992,5160232,5339266,11065817,16405083,18457484,34862567,2.111694784265514,1.5782274058733048,0.24986335635185242,3,18,13,1.3076923
35,15,6922,00:00:05.7560000,29,5195,13023,8772085,9227505,23564363,32791868,32634199,65426067,2.3170399055640707,2.3018190256810653,0.29099181294441223,4,29,23,1.2173913
35,16,7517,00:00:17.4230000,39,9514,24104,15621909,16783246,48806236,65589482,55750754,121340236,2.7953891550642114,5.215473897167475,0.4124852120876312,4,40,33,1.1818181
35,17,8094,00:00:39.9240000,42,17549,43404,31836624,34114836,97097058,131211894,87801322,219013216,3.801570669050839,6.51229544992618,0.3718631863594055,5,43,34,1.2352941
35,18,8633,00:01:17.5560000,28,33039,77657,67869033,71414828,191023741,262438569,128784661,391223230,4.696555187400416,2.697747426824633,0.2839508354663849,5,29,20,1.4
35,19,9213,00:02:29.1860000,17,61660,142656,129555460,135251354,389196585,524447939,192487506,716935445,5.079908581236175,2.1650033961489936,0.27922147512435913,4,18,11,1.5454545
35,20,9891,00:05:06.4900000,20,115148,270269,232134818,241954535,807409431,1049363966,305254105,1354618071,5.331766090341518,2.5851604404127655,0.2643209397792816,4,21,13,1.5384616
36,0,6385,00:00:00.0930000,2,3,7,1007,1008,0,1008,11016,12024,1.002979145978153,1.0059760692543036,0,1,2,1,1
36,1,7184,00:00:00.1120000,2,2,10,2007,2007,0,2007,22338,24345,1.0034877927254608,1.0069998598113725,0,1,2,1,1
36,2,7786,00:00:00.1400000,4,7,18,3999,4005,0,4005,38585,42590,1.0120030007501875,1.0243848757589624,0,1,4,3,1
36,3,8462,00:00:00.1640000,7,10,30,7982,8000,4,8004,75536,83540,1.0766725131545978,1.1705048203582296,0.05697299540042877,1,7,6,1
36,4,8949,00:00:00.1760000,8,12,40,15547,15566,453,16019,124999,141018,1.2908599729851418,1.8520925725012336,0.16697104275226593,1,8,7,1
36,5,9279,00:00:00.1860000,9,17,59,29582,29632,2392,32024,186181,218205,1.5489486850111553,2.7026479716684957,0.24405360221862793,1,9,8,1
36,6,9536,00:00:00.1960000,9,32,84,55300,55455,8547,64002,269200,333202,1.7394575045207956,2.457374879198249,0.28603559732437134,1,9,8,1
36,7,9786,00:00:00.2100000,8,51,127,101021,101586,26607,128193,409388,537581,1.8581483057978043,1.9128886969303087,0.30312347412109375,1,8,7,1
36,8,10048,00:00:00.2320000,9,91,212,181153,182624,73976,256600,658474,915074,1.933569965719585,1.568416030779302,0.3054386079311371,2,9,6,1.3333334
36,9,10340,00:00:00.2760000,12,157,369,319190,321796,190501,512297,1122348,1634645,1.980641624111031,1.3850459061481553,0.30177736282348633,2,12,9,1.2222222
36,10,10679,00:00:00.3570000,14,285,667,552454,557924,466123,1024047,2012225,3036272,2.0130526704485803,1.3109862518427962,0.2644331157207489,2,14,10,1.3
36,11,11076,00:00:00.5610000,17,519,1237,941661,956721,1093786,2050507,3720580,5771087,2.059246374225969,1.3520698627569496,0.2362479865550995,2,17,13,1.2307693
36,12,11531,00:00:00.9490000,24,917,2281,1612694,1646447,2454415,4100862,6875834,10976696,2.195159776126159,1.74074711018639,0.2614861726760864,3,25,20,1.2
36,13,12019,00:00:01.6480000,28,1647,4210,2826074,2913587,5283841,8197428,12174003,20371431,2.502869705464188,3.5668272881930805,0.36241602897644043,3,29,24,1.1666666
36,14,12512,00:00:02.9460000,33,2935,7503,5128544,5320541,11064252,16384793,20325374,36710167,2.928907697779331,8.064361941165036,0.4057733118534088,3,34,26,1.2692307
36,15,13024,00:00:06.3060000,34,5343,13372,9279947,9669500,23117360,32786860,33119521,65906381,3.3093681461758346,6.329558982698647,0.3242306411266327,3,35,27,1.2592592
36,16,13581,00:00:15.0620000,32,9643,24201,16405617,17284403,48265929,65550332,54185062,119735394,3.6287455083219364,3.5265991434475668,0.29460498690605164,4,33,25,1.28
36,17,14209,00:00:38.1110000,41,17328,44138,28785056,30700770,100416158,131116928,90527865,221644793,3.897564173576734,2.88490879155726,0.31066346168518066,4,42,31,1.3225807
36,18,14914,00:01:27.8660000,52,32082,83014,50680059,55364945,206857270,262222215,152389638,414611853,4.208633004945791,4.254953727754146,0.3149016797542572,4,53,38,1.3684211
36,19,15683,00:03:10.1110000,63,59579,155584,92974449,104064283,420552069,524616352,252442611,777058963,4.725146088254849,8.93433536056654,0.3827841579914093,3,64,53,1.1886792
36,20,16506,00:06:35.1650000,63,111391,291416,177071185,199674402,848938924,1048613326,408136655,1456749981,5.340635383447623,7.902554144007007,0.3666969835758209,3,64,53,1.1886792
37,0,1853,00:00:00.0300000,2,2,2,1005,1005,0,1005,2783,3788,1.3422885572139303,1.8190225354103766,0,1,2,1,1
37,1,2065,00:00:00.0400000,2,2,2,2006,2006,0,2006,5375,7381,1.5109670987038883,1.9990383651705625,0,1,2,1,1
37,2,2245,00:00:00.0600000,2,2,3,4001,4001,0,4001,9667,13668,1.630592351912022,1.8722779824501854,0,1,2,1,1
37,3,2412,00:00:00.0620000,2,5,6,8030,8034,0,8034,17542,25576,1.7247820672478207,1.6637442353341878,0,1,2,1,1
37,4,2570,00:00:00.0640000,2,5,9,15821,15825,262,16087,31579,47666,1.8102521964477594,1.4440165421470468,0,1,2,1,1
37,5,2731,00:00:00.0670000,2,13,20,30284,30308,1728,32036,58642,90678,1.8723418306696606,1.2865428909223984,0,1,2,1,1
37,6,2901,00:00:00.0710000,2,22,34,57041,57099,7019,64118,109578,173696,1.9133956277063866,1.1879420297284295,0,1,2,1,1
37,7,3089,00:00:00.0770000,2,44,64,104618,104859,23472,128331,209536,337867,1.9474851364010017,1.110511535866831,0,1,2,1,1
37,8,3306,00:00:00.0900000,2,76,119,187237,188097,67933,256030,406632,662662,1.968750834503864,1.0644472916527332,0,1,2,1,1
37,9,3558,00:00:00.1150000,4,137,246,330309,332190,180531,512721,793166,1305887,1.9861947449206652,1.0388304301258842,0.002280203392729163,2,4,2,1.5
37,10,3858,00:00:00.1820000,6,247,481,568868,573578,450518,1024096,1561112,2585208,1.999518341689109,1.0319184601624058,0.007354586385190487,2,6,4,1.25
37,11,4219,00:00:00.3220000,9,490,994,969053,981271,1069156,2050427,3081613,5132040,2.0181455503465755,1.0515288588800793,0.02045542746782303,2,9,7,1.1428572
37,12,4652,00:00:00.6610000,18,891,1999,1635467,1662518,2434766,4097284,6051577,10148861,2.0694774030903713,1.1565152484646002,0.06008321791887283,3,18,15,1.1333333
37,13,5156,00:00:01.3890000,22,1658,3926,2762162,2850096,5344522,8194618,11583964,19778582,2.2248054241568744,1.5766014517332791,0.17095790803432465,2,22,18,1.1666666
37,14,5695,00:00:02.7430000,33,3031,7425,4879364,5111577,11278918,16390495,20740378,37130873,2.65482427627863,3.9693139529895283,0.35482633113861084,2,33,28,1.1428572
37,15,6217,00:00:05.4930000,37,5380,13235,9258049,9731262,23075125,32806387,33859028,66665415,3.2867206686851627,7.301852736250641,0.4189148247241974,3,37,30,1.2
37,16,6733,00:00:14.6090000,37,9795,23595,17565264,18374571,47167981,65542552,52736309,118278861,3.7475128754113802,3.06812140697326,0.31596729159355164,3,37,28,1.2857143
37,17,7300,00:00:35.1840000,32,17511,42898,31623846,33282727,97894175,131176902,83980169,215157071,4.009966529687755,1.9917812958469607,0.19636406004428864,3,32,24,1.2916666
37,18,7951,00:01:19.3100000,33,32089,79881,54797729,58843065,203458009,262301074,138853129,401154203,4.239675990952107,2.2168268854269115,0.2060937136411667,3,34,28,1.1785715
37,19,8697,00:02:54.9500000,52,59210,151199,96273347,105808724,418812260,524620984,234363108,758984092,4.61794461139904,4.289744911941435,0.23734444379806519,4,53,42,1.2380953
37,20,9517,00:06:15.8190000,65,111039,286327,178134777,201364781,847300129,1048664910,389150270,1437815180,5.269082403825054,9.425742591762148,0.31355032324790955,5,66,51,1.2745098
38,0,1782,00:00:00.0830000,1,1,1,1006,1006,0,1006,2609,3615,1,1,0,0,1,1,0
38,1,2002,00:00:00.0990000,1,1,1,2001,2001,0,2001,5303,7304,1,1,0,0,1,1,0
38,2,2248,00:00:00.1300000,1,3,3,4006,4011,0,4011,11438,15449,1,1,0,0,1,1,0
38,3,2502,00:00:00.1370000,2,5,6,7994,8003,2,8005,24249,32254,1.0023767825869403,1.0047648878682724,0,1,2,1,1
38,4,2730,00:00:00.1450000,3,7,10,15669,15685,357,16042,46154,62196,1.0035101155147106,1.0070506592136257,0,1,3,2,1
38,5,2982,00:00:00.1690000,4,22,29,29706,29784,2261,32045,92077,124122,1.0069009627684642,1.013926694674982,0.004439986310899258,1,4,3,1
38,6,3261,00:00:00.1840000,5,37,56,54761,54981,9075,64056,184696,248752,1.0121071565530213,1.0246024910602543,0.009962467476725578,1,5,4,1
38,7,3576,00:00:00.2090000,6,52,103,98254,98702,29402,128104,369830,497934,1.0192663911901805,1.0395321439110177,0.014993437565863132,1,6,5,1
38,8,3942,00:00:00.2540000,8,107,209,172408,173653,82477,256130,739031,995161,1.0353637882232842,1.0742306184786456,0.0269280094653368,1,8,7,1
38,9,4370,00:00:00.3700000,14,174,409,296997,300316,211931,512247,1467323,1979570,1.074721293481079,1.1662100997578904,0.05426236614584923,1,14,13,1
38,10,4857,00:00:00.5390000,24,304,761,508019,515924,509361,1025285,2838137,3863422,1.1694149234575872,1.4342461532715536,0.12403737008571625,2,24,22,1.0454545
38,11,5393,00:00:00.9120000,31,566,1465,867294,890377,1158774,2049151,5282543,7331694,1.3686189458245992,2.3366339760653823,0.271745890378952,2,31,29,1.0344827
38,12,5952,00:00:01.5910000,46,974,2663,1505059,1555370,2544344,4099714,9321575,13421289,1.6751290148758289,6.042761205643953,0.4712434709072113,2,46,42,1.0714285
38,13,6523,00:00:02.7900000,56,1809,4821,2621374,2741808,5458991,8200799,15768024,23968823,1.9856777399943695,17.25509205676314,0.6417611241340637,3,56,47,1.1702127
38,14,7120,00:00:05.2650000,71,3154,8599,4581909,4848960,11539057,16388017,26228026,42616043,2.3051647250087246,26.926855171959193,0.6642749309539795,3,71,53,1.3207548
38,15,7729,00:00:11.8000000,84,5547,15095,8373809,8930471,23867304,32797775,42408797,75206572,2.8274566568212864,22.01161932384828,0.5564398765563965,3,84,62,1.3387097
38,16,8312,00:00:26.0870000,68,9768,26119,15974671,17174443,48427837,65602280,64863632,130465912,3.476633791080893,11.569838720268676,0.4378901720046997,4,69,47,1.4468085
38,17,8912,00:00:52.6090000,44,17595,46050,29622140,31932350,99156752,131089102,98870799,229959901,3.870177576636934,6.315153093004597,0.45518773794174194,3,45,28,1.5714285
38,18,9589,00:01:46.1820000,43,32254,84138,52939413,56967005,205304660,262271665,157071560,419343225,4.0757042394859955,5.196000958839072,0.36046937108039856,3,44,32,1.34375
38,19,10350,00:03:38.9110000,50,59503,156192,95851712,104828732,419919062,524747794,255551087,780298881,4.4370703571783885,6.056749864445143,0.3073123097419739,4,51,40,1.25
38,20,11157,00:07:22.3720000,49,111662,291251,185214858,205307246,843803235,1049110481,406309463,1455419944,4.960958639722089,3.542157621254292,0.306840717792511,4,50,38,1.2894737
3,0,2512,00:00:00.0350000,1,1,2,1004,1004,0,1004,2621,3625,1,1,0,0,1,1,0
3,1,2739,00:00:00.0450000,1,1,3,2003,2003,0,2003,5486,7489,1,1,0,0,1,1,0
3,2,2937,00:00:00.0660000,1,1,4,4016,4016,0,4016,10170,14186,1,1,0,0,1,1,0
3,3,3139,00:00:00.0680000,1,2,6,8005,8008,2,8010,19977,27987,1,1,0,0,1,1,0
3,4,3338,00:00:00.0710000,1,7,13,15686,15702,322,16024,38632,54656,1,1,0,0,1,1,0
3,5,3544,00:00:00.0750000,2,13,26,29904,29957,2047,32004,75318,107322,1.0011035313001606,1.0022094762710567,0,1,2,1,1
3,6,3784,00:00:00.0830000,1,19,45,55404,55600,8581,64181,153357,217538,1,1,0,0,1,1,0
3,7,4048,00:00:00.0930000,2,39,75,99937,100489,27674,128163,304122,432285,1.0018311536267848,1.0036690542188493,0,1,2,1,1
3,8,4357,00:00:00.1140000,4,87,167,176587,177910,78448,256358,607241,863599,1.0053797844688455,1.0108370414519787,0.005228079855442047,1,4,3,1
3,9,4718,00:00:00.1700000,8,166,341,305693,308486,203959,512445,1205102,1717547,1.016307210174914,1.0333830055050401,0.015644533559679985,1,8,7,1
3,10,5143,00:00:00.2830000,15,304,672,522505,529455,495556,1025011,2374741,3399752,1.0526502138735514,1.1138181323462037,0.04650508984923363,1,15,14,1
3,11,5632,00:00:00.5290000,22,540,1320,888477,908607,1141348,2049955,4570767,6620722,1.165950272207384,1.4253361712699808,0.13657782971858978,2,22,20,1.05
3,12,6147,00:00:00.9960000,35,942,2456,1548365,1593804,2505581,4099385,8229638,12329023,1.4396844413300482,2.8695555959873276,0.3263044059276581,2,35,29,1.1724138
3,13,6659,00:00:01.7660000,43,1697,4376,2761091,2867591,5325624,8193215,13848545,22041760,1.795358791144515,7.709587741628324,0.5302630662918091,2,43,35,1.2
3,14,7177,00:00:03.2290000,52,3005,7713,4992675,5185533,11202799,16388332,22550743,38939075,2.138477269199377,9.631509940039964,0.5927004814147949,4,52,41,1.2439024
3,15,7708,00:00:06.4840000,49,5413,13646,9130593,9552062,23216496,32768558,36012036,68780594,2.6074774113795236,6.331314961133361,0.5183199048042297,4,49,39,1.2307693
3,16,8240,00:00:16.1930000,45,9683,24100,17265835,18160027,47451731,65611758,55703021,121314779,3.3266659272488126,3.9109583935737633,0.35104459524154663,4,45,31,1.4193548
3,17,8788,00:00:36.0740000,32,17731,43104,32736110,34524151,96621950,131146101,85419398,216565499,4.136476600304679,2.719673748308495,0.37863045930862427,4,33,22,1.4545455
3,18,9385,00:01:16.9880000,27,32355,78850,60873164,64092220,198303614,262395834,133427398,395823232,4.768285594617687,2.080082478221307,0.3451036214828491,3,28,21,1.2857143
3,19,10058,00:02:42.1160000,29,60134,147092,109929869,116761870,407829490,524591360,214643961,739235321,5.226503744855732,2.7494662324324284,0.3879532814025879,3,30,24,1.2083334
3,20,10823,00:05:47.9200000,36,112879,279850,196559030,213189599,836042732,1049232331,352566433,1401798764,5.641268462710667,4.86636631120835,0.38611680269241333,3,37,28,1.2857143
39,0,2375,00:00:00.0390000,1,1,2,1005,1005,0,1005,2926,3931,1,1,0,0,1,1,0
39,1,2655,00:00:00.0500000,2,4,5,2005,2008,0,2008,6500,8508,1.001496259351621,1.0029969883239997,0,1,2,1,1
39,2,2922,00:00:00.0720000,3,4,6,4019,4021,0,4021,13094,17115,1.0059716347350087,1.0120322901967094,0,1,3,2,1
39,3,3189,00:00:00.0850000,4,8,11,8018,8026,2,8028,26635,34663,1.0167123971065104,1.034145985167315,0.011913973838090897,1,4,3,1
39,4,3464,00:00:00.0910000,3,11,18,15573,15615,399,16014,53740,69754,1.0181724780068067,1.0371694802377611,0.016712356358766556,1,3,2,1
39,5,3755,00:00:00.0990000,4,20,36,29569,29676,2364,32040,107521,139561,1.0321282424160438,1.066932604706801,0.023272989317774773,1,4,3,1
39,6,4066,00:00:00.1100000,5,34,66,54152,54465,9536,64001,212809,276810,1.0491948589156448,1.104717732557991,0.030193721875548363,1,5,4,1
39,7,4417,00:00:00.1320000,8,62,128,97239,97940,30222,128162,421118,549280,1.0856960684499017,1.1912846790088034,0.04204222187399864,1,8,7,1
39,8,4805,00:00:00.1710000,14,111,240,171517,172857,83487,256344,816309,1072653,1.1607071019199262,1.3960274862392634,0.07070962339639664,1,14,13,1
39,9,5231,00:00:00.2440000,19,183,432,298509,301804,210354,512158,1537539,2049697,1.3034447872593455,1.8660701001313214,0.12533307075500488,2,19,16,1.125
39,10,5680,00:00:00.3750000,24,331,789,518344,526069,498073,1024142,2781034,3805176,1.5455026005895698,2.8354676252623654,0.19364911317825317,2,24,21,1.0952381
39,11,6134,00:00:00.6200000,28,540,1360,912697,932707,1115598,2048305,4781064,6829369,1.9173833156020015,4.273810754674844,0.23970656096935272,2,28,25,1.08
39,12,6572,00:00:00.9970000,29,923,2331,1640082,1687282,2413291,4100573,7773980,11874553,2.3639379006659422,5.078988199992248,0.25352200865745544,2,29,26,1.0769231
39,13,7010,00:00:01.6030000,26,1634,4066,2928983,3037014,5158634,8195648,12387766,20583414,2.711777774060143,3.622812083083108,0.2521403133869171,3,26,21,1.1904762
39,14,7488,00:00:02.7840000,30,2949,7291,5140568,5346162,11056600,16402762,20227341,36630103,2.9287602070432683,2.6248623946135345,0.25270310044288635,3,30,22,1.3181819
39,15,8030,00:00:05.2360000,31,5321,13374,8798503,9296882,23472766,32769648,34128290,66897938,3.1145142531632937,2.6252667262397833,0.2963755130767822,4,32,22,1.4090909
39,16,8615,00:00:10.3040000,44,9640,24369,15904734,17004695,48589679,65594374,56673663,122268037,3.535545014459217,5.3444878875437,0.40422239899635315,4,45,31,1.4193548
39,17,9187,00:00:18.6860000,35,17663,43700,31619858,34026258,97114218,131140476,88330972,219471448,4.327219243046569,10.656996608724953,0.4869970381259918,4,36,24,1.4583334
39,18,9742,00:00:38.1630000,23,33057,78644,65635647,69557239,192826140,262383379,131213431,393596810,5.177723882267817,3.7751973396015828,0.4398227334022522,4,24,13,1.7692307
39,19,10332,00:01:36.4470000,23,61745,144248,128242912,133531378,391232621,524763999,196739427,721503426,5.685695299869672,1.770557773073794,0.35747259855270386,4,24,15,1.5333333
39,20,11018,00:03:59.1110000,20,115049,272342,226840680,237886819,811530854,1049417673,311776340,1361194013,5.91793189828209,1.3251550008628854,0.15644718706607819,4,21,15,1.3333334
40,0,2070,00:00:00.0300000,1,1,1,1001,1001,0,1001,3073,4074,1,1,0,0,1,1,0
40,1,2358,00:00:00.0400000,1,1,1,2002,2002,0,2002,6664,8666,1,1,0,0,1,1,0
40,2,2628,00:00:00.0590000,2,4,5,4011,4013,0,4013,13412,17425,1.0022438294689604,1.0044977029744944,0,1,2,1,1
40,3,2906,00:00:00.0640000,3,3,9,8000,8000,2,8002,27715,35717,1.022125,1.0453489818964714,0.00944547913968563,1,3,2,1
40,4,3158,00:00:00.0760000,3,6,15,15681,15684,366,16050,52118,68168,1.0459792105095338,1.096583866757127,0.02000042051076889,1,3,2,1
40,5,3410,00:00:00.0810000,3,12,28,29759,29800,2214,32014,97665,129679,1.1025908128633355,1.2275092707380753,0.03407752141356468,1,3,2,1
40,6,3667,00:00:00.0880000,3,28,53,55218,55365,8720,64085,181870,245955,1.2120685283784274,1.5106876067178887,0.05606520175933838,1,3,2,1
40,7,3912,00:00:00.0990000,3,56,99,101522,101965,26344,128309,318672,446981,1.3949094777486652,1.9511962761897792,0.08015520870685577,1,3,2,1
40,8,4150,00:00:00.1160000,4,100,174,184833,185698,70553,256251,539476,795727,1.5930596809011377,1.9945917575683108,0.06374212354421616,1,4,3,1
40,9,4391,00:00:00.1470000,5,154,309,334171,335746,176332,512078,904502,1416580,1.7664668687588092,1.6148900203201895,0.06037628650665283,1,5,4,1
40,10,4653,00:00:00.2010000,4,259,527,593183,597825,427362,1025187,1550222,2575409,1.8832737957763457,1.292554623023442,0.060466036200523376,1,4,3,1
40,11,4952,00:00:00.3160000,6,503,990,1035456,1046298,1003998,2050296,2744495,4794791,1.953206123678843,1.1306639760215504,0.05077488347887993,2,6,4,1.25
40,12,5306,00:00:00.5840000,8,913,1891,1765436,1793505,2303968,4097473,5039090,9136563,1.9928878758561623,1.0710695604323701,0.038787707686424255,2,8,6,1.1666666
40,13,5730,00:00:01.1460000,13,1592,3565,2969601,3042712,5149879,8192591,9475208,17667799,2.034658864945156,1.1048590600718522,0.02704801596701145,2,13,11,1.0909091
40,14,6234,00:00:02.3020000,24,2927,6871,4977691,5185263,11208482,16393745,17893306,34287051,2.147819742125415,1.376064600769113,0.02819661609828472,3,24,21,1.0952381
40,15,6796,00:00:04.7800000,39,5438,13100,8654404,9202295,23579217,32781512,32461786,65243298,2.4622976925967404,2.838850719987275,0.2571704089641571,2,39,36,1.0555556
40,16,7377,00:00:09.6100000,50,9691,24093,15761594,17047379,48550631,65598010,54801375,120399385,2.9251358714099602,6.017023005929919,0.37221235036849976,3,50,43,1.1395348
40,17,7983,00:00:22.6320000,58,17623,44218,29643258,32003124,99195359,131198483,89277238,220475721,3.4760632248992334,8.273088887832412,0.3586863875389099,4,58,47,1.2127659
40,18,8616,00:01:00.1320000,50,32726,81113,57125252,61543911,200815762,262359673,141828450,404188123,4.172090339312639,8.25868186899124,0.26829925179481506,4,50,38,1.2894737
40,19,9294,00:02:20.8730000,40,60636,150260,108467817,116608699,408134803,524743502,223993126,748736628,4.728472096013512,4.924009351468275,0.21234242618083954,4,41,33,1.2121212
40,20,10060,00:05:14.5240000,36,112178,282585,196005677,211919276,836693406,1048612682,362305776,1410918458,5.114921900961062,4.651965106641805,0.22708289325237274,5,37,26,1.3846154
41,0,2821,00:00:00.0530000,1,1,2,1007,1007,0,1007,4774,5781,1,1,0,0,1,1,0
41,1,3421,00:00:00.0660000,1,1,2,2003,2003,0,2003,12852,14855,1,1,0,0,1,1,0
41,2,3890,00:00:00.0890000,2,3,5,4005,4007,0,4007,25579,29586,1.0017478152309613,1.003501683379246,0,1,2,1,1
41,3,4372,00:00:00.0960000,2,4,14,8005,8009,5,8014,51661,59675,1.0102435977514053,1.020697006742039,0,1,2,1,1
41,4,4849,00:00:00.1040000,2,5,24,15479,15497,506,16003,101548,117551,1.035467407455262,1.0734438471612593,0,1,2,1,1
41,5,5350,00:00:00.1150000,3,13,42,29026,29109,2903,32012,199844,231856,1.1068352511541377,1.2366345168722428,0.016801349818706512,1,3,2,1
41,6,5812,00:00:00.1400000,6,26,67,53317,53527,10504,64031,361510,425541,1.2517395952510457,1.6141790379022534,0.03637560456991196,2,6,4,1.25
41,7,6242,00:00:00.1620000,8,47,125,96139,96641,31435,128076,621475,749551,1.4610095798791334,2.078064914582842,0.056165315210819244,2,8,6,1.1666666
41,8,6647,00:00:00.1990000,11,108,235,170849,172292,83804,256096,1033412,1289508,1.6755907263138794,2.0323295670752852,0.08225525170564651,2,11,9,1.1111112
41,9,7062,00:00:00.2810000,14,192,422,299491,303127,208937,512064,1731882,2243946,1.8545198353205938,1.6649573608233634,0.10047923028469086,2,14,12,1.0833334
41,10,7507,00:00:00.4040000,19,324,765,518330,526299,498572,1024871,2963198,3988069,1.99410028360311,1.5044266493542648,0.12124670296907425,3,19,16,1.125
41,11,8003,00:00:00.6750000,25,552,1397,881082,904565,1145482,2050047,5197722,7247769,2.136918016711271,1.6693987692583256,0.14736229181289673,3,25,21,1.1428572
41,12,8535,00:00:01.1840000,38,1013,2644,1517909,1574283,2523093,4097376,9006805,13104181,2.4468258637375495,2.823629404876201,0.20131121575832367,3,38,33,1.1212121
41,13,9061,00:00:02.0160000,44,1755,4650,2725338,2852098,5341958,8194056,14812753,23006809,2.950874717191042,7.246672244612741,0.3071061372756958,3,44,38,1.1315789
41,14,9576,00:00:03.5730000,46,3051,8010,4954963,5211374,11187701,16399075,23449021,39848096,3.3440273923337065,8.211166382101071,0.38331905007362366,4,47,39,1.1794872
41,15,10117,00:00:07.5790000,43,5408,14126,8833735,9362873,23408339,32771212,37299162,70070374,3.531996941271161,6.343125323426611,0.5716573596000671,4,44,35,1.2285714
41,16,10706,00:00:19.8940000,45,9590,25267,15625977,16694297,48891400,65585697,60075253,125660950,3.6937371020064855,5.432765425082881,0.5236414074897766,4,46,35,1.2857143
41,17,11360,00:00:46.4040000,45,17395,46173,27280870,29819693,101317596,131137289,98621228,229758517,3.944998235026962,4.898451768705651,0.3715168535709381,3,46,36,1.25
41,18,12091,00:01:40.8070000,60,31970,85556,47967234,53655079,208559752,262214831,163931871,426146702,4.313214307916942,6.1029023153539255,0.3493885397911072,4,61,49,1.2244898
41,19,12891,00:03:32.4090000,75,59519,159742,87856899,100123126,424166265,524289391,270281841,794571232,4.904049288149813,14.269956241348908,0.3882496654987335,4,76,58,1.2931035
41,20,13745,00:07:17.2420000,69,110189,297482,167974937,193222961,855794266,1049017227,435365704,1484382931,5.625534153348127,18.938128409357255,0.5295455455780029,4,70,50,1.38
42,0,2705,00:00:00.0460000,2,3,3,1000,1001,0,1001,4227,5228,1.003,1.0060180420147287,0,1,2,1,1
42,1,3056,00:00:00.0620000,1,2,5,2008,2010,0,2010,9037,11047,1,1,0,0,1,1,0
42,2,3430,00:00:00.0890000,1,2,8,4012,4014,0,4014,18755,22769,1,1,0,0,1,1,0
42,3,3811,00:00:00.0950000,1,5,12,8006,8012,6,8018,38430,46448,1,1,0,0,1,1,0
42,4,4159,00:00:00.1020000,2,5,18,15552,15559,458,16017,73731,89748,1.0013503086419753,1.002704213695914,0,1,2,1,1
42,5,4572,00:00:00.1140000,2,16,41,29243,29319,2739,32058,153382,185440,1.0049584515952537,1.0099660716055476,0,1,2,1,1
42,6,5009,00:00:00.1320000,5,29,71,53390,53581,10440,64021,306516,370537,1.0359805206967596,1.0590774013313375,0.010627315379679203,2,5,3,1.3333334
42,7,5461,00:00:00.1740000,8,59,133,96063,96478,31651,128129,580210,708339,1.2224685883222468,1.3517288190113206,0.0393543541431427,2,8,6,1.1666666
42,8,5820,00:00:00.2170000,10,100,223,175933,176989,79231,256220,934249,1190469,1.7368316347700545,2.309637711311909,0.07641006261110306,3,10,7,1.2857143
42,9,6099,00:00:00.2660000,10,154,352,325517,328335,184498,512833,1369460,1882293,2.3134122027420996,2.2548873229595126,0.08637802302837372,3,10,7,1.2857143
42,10,6356,00:00:00.3520000,11,265,567,596644,602237,422307,1024544,1997682,3022226,2.6893893175830144,1.5725851511421973,0.07671184092760086,3,11,8,1.25
42,11,6634,00:00:00.4880000,11,470,988,1060791,1073865,976466,2050331,3084373,5134704,2.886746776697766,1.2671874930527904,0.06873113662004471,3,11,8,1.25
42,12,6956,00:00:00.7890000,14,853,1841,1844239,1868586,2235359,4103945,5109524,9213469,2.9892557309546106,1.1847374642641033,0.04604587331414223,3,14,11,1.1818181
42,13,7338,00:00:01.3560000,17,1557,3397,3132513,3194564,5005561,8200125,8973534,17173659,3.064174354583684,1.2321580971804262,0.030758563429117203,3,17,14,1.1428572
42,14,7794,00:00:02.6090000,23,2860,6444,5285124,5448295,10955937,16404232,16340066,32744298,3.1837833889990095,1.5252305385588398,0.03616936132311821,4,24,20,1.15
42,15,8320,00:00:05.6280000,33,5300,12471,9023930,9480842,23314228,32795070,29662295,62457365,3.42590922137029,2.7656849209321694,0.318218857049942,3,33,29,1.1034483
42,16,8890,00:00:16.7550000,48,9590,23241,16002525,17135606,48406519,65542125,51413302,116955427,3.81888420733603,7.914348066024243,0.46127232909202576,2,48,41,1.1463414
42,17,9495,00:00:41.5400000,55,17662,43208,29615509,32048205,99163690,131211895,85787992,216999887,4.299559261331622,9.364240291807707,0.45606622099876404,3,55,44,1.2272727
42,18,10140,00:01:31.0950000,55,32437,80286,55178555,59931830,202233329,262165159,139903113,402068272,4.75089960220959,4.983966370682531,0.36739271879196167,3,55,40,1.35
42,19,10855,00:03:14.2110000,45,59899,150899,100496613,110306940,414077317,524384257,229252590,753636847,5.136665172984487,4.648487427668561,0.34109947085380554,4,46,29,1.5517242
42,20,11653,00:06:52.4470000,44,111686,285862,184895579,205275863,843493185,1048769048,377201329,1425970377,5.591793809196487,7.4485807056994595,0.34983980655670166,4,45,33,1.3333334
43,0,3686,00:00:00.0920000,1,1,1,1002,1002,0,1002,4518,5520,1,1,0,0,1,1,0
43,1,4013,00:00:00.1100000,1,1,2,2001,2001,0,2001,8837,10838,1,1,0,0,1,1,0
43,2,4377,00:00:00.1670000,1,2,4,4000,4001,0,4001,18398,22399,1,1,0,0,1,1,0
43,3,4771,00:00:00.1770000,1,5,9,7998,8008,7,8015,39405,47420,1,1,0,0,1,1,0
43,4,5186,00:00:00.1900000,2,11,20,15495,15518,492,16010,82220,98230,1.0011616650532429,1.0023260881831382,0,1,2,1,1
43,5,5604,00:00:00.2090000,2,18,44,29179,29275,2754,32029,163015,195044,1.009630213509716,1.0194458528457988,0,1,2,1,1
43,6,6049,00:00:00.2350000,4,34,83,53410,53593,10431,64024,317881,381905,1.056131810522374,1.1196330324406463,0.028007637709379196,1,4,3,1
43,7,6475,00:00:00.2860000,5,53,135,96307,96825,31324,128149,573891,702040,1.2139200681155056,1.5337952615788892,0.08138900995254517,1,5,4,1
43,8,6836,00:00:00.3360000,7,105,248,174692,175953,80191,256144,932419,1188563,1.4820083346690174,2.2397383152120116,0.13360504806041718,1,7,6,1
43,9,7158,00:00:00.4230000,7,170,401,315582,318657,194314,512971,1451081,1964052,1.72875195670222,2.018080718317806,0.1823282390832901,1,7,6,1
43,10,7479,00:00:00.5790000,7,281,659,561456,568239,457488,1025727,2282530,3308257,1.8820050012823801,1.5430364673489403,0.20203723013401031,1,7,6,1
43,11,7838,00:00:00.7690000,9,502,1154,971707,985793,1064325,2050118,3790413,5840531,1.9641990847035167,1.3120535968031992,0.24556274712085724,2,9,7,1.1428572
43,12,8257,00:00:01.1910000,12,905,2183,1648915,1682358,2414408,4096766,6640493,10737259,2.0102691770042727,1.2502378957588112,0.22159840166568756,2,12,10,1.1
43,13,8755,00:00:02.0560000,20,1718,4158,2770319,2852644,5346560,8199204,12096582,20295786,2.0892240207716153,1.3824067916464589,0.2201133370399475,2,20,18,1.0555556
43,14,9316,00:00:03.9020000,25,3055,7659,4701766,4966410,11418873,16385283,21763017,38148300,2.3113736413083936,2.2651609144205795,0.1876499056816101,2,26,23,1.0869565
43,15,9902,00:00:08.1360000,43,5396,14013,8463887,9043444,23754143,32797587,37159450,69957037,2.697521836007499,6.220277049731829,0.2471896857023239,3,44,38,1.1315789
43,16,10514,00:00:18.5410000,46,9841,25568,14977675,16318867,49247996,65566863,61240774,126807637,2.9879817795485613,8.030538964267087,0.314506471157074,3,47,41,1.1219512
43,17,11189,00:00:44.2550000,61,17769,47009,26426512,29203867,101932922,131136789,101572500,232709289,3.3034994553954,9.82354663606025,0.34930628538131714,4,62,49,1.244898
43,18,11908,00:01:38.3140000,74,32467,85788,49963814,55508808,206780223,262289031,165202478,427491509,3.9504279036824532,12.81754459617029,0.37485983967781067,5,75,56,1.3214285
43,19,12634,00:03:19.4260000,59,60318,156280,100863858,111103030,413646680,524749710,256693945,781443655,4.693352082566582,7.839880014728061,0.4523962140083313,4,60,42,1.4047619
43,20,13403,00:06:36.4790000,47,111301,288787,196803366,213406427,835809049,1049215476,395952449,1445167925,5.189420667733905,5.369342357034488,0.44237127900123596,5,48,32,1.46875
44,0,2968,00:00:00.1700000,1,1,1,1008,1008,0,1008,3410,4418,1,1,0,0,1,1,0
44,1,3314,00:00:00.2010000,2,3,4,2004,2005,0,2005,8169,10174,1.003493013972056,1.0070104236261184,0,1,2,1,1
44,2,3628,00:00:00.2500000,4,5,8,4010,4013,0,4013,15991,20004,1.0064837905236907,1.0130776988295733,0,1,4,3,1
44,3,3954,00:00:00.2740000,5,8,12,7990,7997,5,8002,32864,40866,1.0101376720901127,1.0205577911551558,0,1,5,4,1
44,4,4266,00:00:00.2840000,7,11,17,15613,15621,431,16052,64273,80325,1.0256196759110998,1.053103712587833,0.021735182031989098,1,7,6,1
44,5,4602,00:00:00.2970000,8,21,34,29513,29562,2536,32098,128282,160380,1.0582116355504354,1.1238889749348029,0.048596881330013275,2,8,6,1.1666666
44,6,4939,00:00:00.3140000,8,35,61,54252,54452,9620,64072,242696,306768,1.1188896261888963,1.2732524836841388,0.09736452251672745,2,8,6,1.1666666
44,7,5291,00:00:00.3410000,10,52,115,97666,97989,30196,128185,452131,580316,1.25221673868081,1.672944389963736,0.16983696818351746,2,10,8,1.125
44,8,5639,00:00:00.3820000,11,86,214,175715,176399,80057,256456,796893,1053349,1.506200381299263,2.780531443940319,0.2818698287010193,2,11,9,1.1111112
44,9,5964,00:00:00.4350000,11,153,374,315035,317235,195040,512275,1320865,1833140,1.860091735838875,4.7577025033896625,0.3900673985481262,2,11,9,1.1111112
44,10,6275,00:00:00.5220000,13,285,618,569976,574855,450646,1025501,2118824,3144325,2.2342958299998594,4.3453576389600315,0.4197740852832794,3,13,9,1.3333334
44,11,6591,00:00:00.7290000,14,510,1088,1019404,1029908,1018521,2048429,3399602,5448031,2.5469676399150876,2.6915582081302722,0.3691449463367462,3,14,9,1.4444444
44,12,6934,00:00:01.0600000,13,916,1987,1797750,1825198,2273580,4098778,5597920,9696698,2.791479349186483,1.8896993626076621,0.2933468818664551,3,13,8,1.5
44,13,7319,00:00:01.6710000,12,1589,3542,3125674,3200388,5000377,8200765,9495388,17696153,3.0031375632903496,1.70160518945039,0.14017383754253387,4,12,6,1.8333334
44,14,7753,00:00:03.0170000,18,2820,6515,5472417,5627433,10776643,16404076,16379790,32783866,3.263057621522629,2.03068085277678,0.08118121325969696,4,19,13,1.3846154
44,15,8230,00:00:06.6490000,21,5263,12135,9674023,10031165,22748832,32779997,27949453,60729450,3.5948846720748957,2.2953989446378547,0.06316284835338593,5,22,15,1.4
44,16,8758,00:00:17.3420000,23,9606,22651,17067721,17935215,47626395,65561610,47467019,113028629,3.9234889649297644,1.9073856647010794,0.08268122375011444,4,24,19,1.2105263
44,17,9358,00:00:41.2190000,35,17481,42503,29768004,31725777,99361402,131087179,81473190,212560369,4.261718756823601,2.0698476582288294,0.09318950772285461,4,36,31,1.1290323
44,18,10038,00:01:32.8680000,50,32146,80454,52173749,57116911,205128469,262245380,140037098,402282478,4.7938870944466725,3.6526256519331723,0.18064503371715546,4,50,39,1.2564102
44,19,10778,00:03:17.5360000,69,59877,151768,97573389,108142689,416584625,524727314,234302299,759029613,5.488125568744978,5.213596871323895,0.21553383767604828,4,70,59,1.1694915
44,20,11558,00:06:45.3680000,56,112831,285517,190900064,212493760,836788033,1049281793,376891215,1426173008,5.96812497663699,4.005684519008001,0.23736749589443207,5,57,46,1.2173913
45,0,3960,00:00:00.2100000,2,2,4,1001,1001,0,1001,7714,8715,1.011988011988012,1.0242633065708067,0,1,2,1,1
45,1,4484,00:00:00.2480000,2,2,5,2004,2004,0,2004,14601,16605,1.0204590818363273,1.0417545265043946,0,1,2,1,1
45,2,4970,00:00:00.3400000,3,4,10,4006,4007,0,4007,27663,31670,1.020469296055916,1.0419686454416606,0.010819175280630589,1,3,2,1
45,3,5512,00:00:00.3850000,5,5,13,8004,8004,6,8010,56403,64413,1.036231884057971,1.076094440104243,0.029162252321839333,1,5,4,1
45,4,5965,00:00:00.4070000,5,7,19,15506,15508,508,16016,103829,119845,1.0711337546756095,1.1568044349142574,0.06285347789525986,1,5,4,1
45,5,6468,00:00:00.4370000,6,12,34,29124,29145,2878,32023,203145,235168,1.1638167834088724,1.4118456872038996,0.1229541152715683,1,6,5,1
45,6,6903,00:00:00.4740000,6,28,75,53496,53614,10436,64050,354244,418294,1.3252392702258113,2.0283251490002163,0.2285202443599701,1,6,5,1
45,7,7296,00:00:00.5250000,6,51,132,96785,97319,30731,128050,589385,717435,1.5264038848995196,3.106471292861713,0.36759769916534424,1,6,5,1
45,8,7686,00:00:00.6070000,11,87,236,172504,173513,82764,256277,982444,1238721,1.7291251217363075,3.9048467517628924,0.49678152799606323,2,11,7,1.4285715
45,9,8079,00:00:00.7450000,14,157,415,302700,305549,206462,512011,1640073,2152084,1.8855037991410637,3.7990661048205503,0.5245024561882019,2,14,10,1.3
45,10,8504,00:00:01.0600000,18,267,730,525910,532067,493013,1025080,2805658,3830738,2.017006712175087,3.718540447109551,0.6028759479522705,2,18,14,1.2142857
45,11,8963,00:00:01.4880000,23,504,1364,909704,923651,1124385,2048036,4838024,6886060,2.2015051049572167,4.545126334449305,0.5633513927459717,3,23,18,1.2222222
45,12,9434,00:00:01.9880000,30,887,2405,1611456,1643264,2456242,4099506,8114541,12214047,2.523339141745105,6.867614786376308,0.5122486352920532,4,30,22,1.3181819
45,13,9897,00:00:02.8130000,31,1632,4237,2901072,2981713,5210975,8192688,13065498,21258186,2.9500494989438386,7.514441370713616,0.5043691992759705,4,32,23,1.3478261
45,14,10362,00:00:04.3100000,26,2918,7397,5288686,5481696,10910312,16392008,20605095,36997103,3.485132412852644,6.951468580398088,0.6077671051025391,4,27,18,1.4444444
45,15,10838,00:00:07.0170000,26,5283,12953,9743312,10120097,22668891,32788988,32136946,64925934,4.098341816417251,4.530182110192512,0.49732616543769836,4,27,16,1.625
45,16,11348,00:00:13.8910000,21,9599,23480,17645528,18419860,47162303,65582163,50699322,116281485,4.574147285363181,2.7910110043445058,0.38125506043434143,3,22,15,1.4
45,17,11928,00:00:33.9250000,23,17542,43091,30919256,32559278,98624009,131183287,83050868,214234155,4.848229465806034,2.596777233574608,0.37293705344200134,3,24,18,1.2777778
45,18,12597,00:01:22.9050000,36,32525,81072,53620802,57626614,204680849,262307463,140240925,402548388,5.125603287321216,3.9562973381102804,0.344392329454422,4,37,30,1.2
45,19,13338,00:03:05.4980000,50,59598,152105,98042700,107841560,416907747,524749307,234717089,759466396,5.6312733635446595,7.031240598067534,0.32803958654403687,4,51,43,1.1627907
45,20,14121,00:06:32.0620000,42,112630,285847,189381450,211531384,837521639,1049053023,378213204,1427266227,6.3084681155414115,3.721283202756531,0.2540854215621948,4,43,35,1.2
46,0,1682,00:00:00.0330000,2,2,2,1008,1008,0,1008,3145,4153,1.0932539682539681,1.2035364731077764,0,1,2,1,1
46,1,1878,00:00:00.0440000,2,3,3,2003,2004,0,2004,5461,7465,1.127808287568647,1.28691289688164,0,1,2,1,1
46,2,2088,00:00:00.0660000,2,3,5,4001,4002,0,4002,10708,14710,1.20319920019995,1.4788930582927458,0,1,2,1,1
46,3,2300,00:00:00.0690000,2,3,6,8017,8019,0,8019,21077,29096,1.3194461768741423,1.7692873188102258,0,1,2,1,1
46,4,2491,00:00:00.0720000,2,6,11,15696,15709,312,16021,38971,54992,1.4290902140672783,1.960567502077051,0,1,2,1,1
46,5,2679,00:00:00.0760000,2,8,20,30177,30205,1883,32088,71397,103485,1.5434602511846771,1.985002958674456,0,1,2,1,1
46,6,2875,00:00:00.0810000,3,18,34,56469,56576,7620,64196,132054,196250,1.6557757353592237,1.8298819740036483,0,2,3,1,2
46,7,3078,00:00:00.0900000,4,38,67,103777,104033,24406,128439,241819,370258,1.760457519488904,1.5991130390177863,0.0044684382155537605,2,4,2,1.5
46,8,3302,00:00:00.1150000,5,82,137,186166,186841,69215,256056,447513,703569,1.8473405455346303,1.4011947337746937,0.009273580275475979,2,5,3,1.3333334
46,9,3556,00:00:00.1460000,5,164,284,329399,331461,180738,512199,838256,1350455,1.9228989766210582,1.2634942764716208,0.018666869029402733,2,5,3,1.3333334
46,10,3848,00:00:00.2120000,8,286,544,575929,580054,445911,1025965,1578892,2604857,1.9995120926364187,1.2330679120008572,0.039850134402513504,2,8,6,1.1666666
46,11,4185,00:00:00.3440000,9,492,1020,994044,1006210,1045281,2051491,2973607,5025098,2.100428150061768,1.3637915311314346,0.09149933606386185,2,9,7,1.1428572
46,12,4564,00:00:00.6310000,13,913,1954,1727502,1757726,2341178,4098904,5476085,9574989,2.285754806651454,1.9447907178163246,0.19556348025798798,3,13,9,1.3333334
46,13,4975,00:00:01.2180000,18,1650,3644,3050923,3123645,5075397,8199042,9722895,17921937,2.564500316789378,3.5812202499480064,0.32343780994415283,3,18,14,1.2142857
46,14,5417,00:00:02.2240000,21,2897,6616,5409619,5585186,10821487,16406673,16777057,33183730,2.8466880939304597,5.038226558623081,0.45780837535858154,2,21,16,1.25
46,15,5906,00:00:04.3480000,28,5249,12308,9481329,9841084,22930048,32771132,28769661,61540793,3.0767967233285543,5.39529816057987,0.5080967545509338,2,28,23,1.173913
46,16,6460,00:00:10.1350000,35,9616,23246,16459473,17369819,48243681,65613500,49663800,115277300,3.331546884885075,7.01456613087576,0.5292767286300659,3,35,29,1.1724138
46,17,7075,00:00:28.2060000,48,17364,43321,29190114,31394270,99813576,131207846,84915917,216123763,3.67132944393434,9.374184195699739,0.5389285087585449,3,48,38,1.2368422
46,18,7750,00:01:12.4940000,68,32267,81268,52834149,57458790,204799932,262258722,142884943,405143665,4.009971088963693,9.536831588772987,0.534823477268219,4,69,53,1.2830188
46,19,8496,00:02:44.6070000,77,59538,152555,96707223,106855746,417717202,524572948,238376883,762949831,4.481745070892998,13.664396945392697,0.5088938474655151,5,78,59,1.3050847
46,20,9237,00:05:33.9680000,52,114477,283869,211702698,232035085,816614172,1048649257,369859937,1418509194,5.7935782235519735,5.2427113033475665,0.3249526023864746,4,53,40,1.3
47,0,1743,00:00:00.0290000,2,2,2,1007,1007,0,1007,3150,4157,1.012909632571996,1.0261525062727501,0,1,2,1,1
47,1,1984,00:00:00.0400000,2,2,2,2002,2002,0,2002,6097,8099,1.032967032967033,1.068102665466128,0,1,2,1,1
47,2,2229,00:00:00.0600000,2,4,5,4003,4008,0,4008,12166,16174,1.0349737696727455,1.0723873861089874,0,1,2,1,1
47,3,2466,00:00:00.0630000,3,4,7,8011,8012,1,8013,23831,31844,1.0592934714767195,1.1258875417726915,0.013708500191569328,1,3,2,1
47,4,2716,00:00:00.0760000,3,5,12,15643,15651,372,16023,48595,64618,1.0867480662277056,1.1892047278382851,0.0230890903621912,1,3,2,1
47,5,2969,00:00:00.0810000,3,13,23,29764,29823,2254,32077,94747,126824,1.126226313667518,1.285349733120545,0.03427715227007866,1,3,2,1
47,6,3236,00:00:00.0880000,4,22,45,55141,55219,8931,64150,182641,246791,1.1860865780453747,1.4415264686082074,0.037190891802310944,1,4,3,1
47,7,3528,00:00:00.1010000,4,42,89,99230,99523,28538,128061,351447,479508,1.2669555577950216,1.6579485006222858,0.04468156769871712,1,4,3,1
47,8,3850,00:00:00.1240000,6,87,188,176408,177020,79285,256305,669193,925498,1.3793535440569589,1.93352108717711,0.05168424919247627,1,6,5,1
47,9,4206,00:00:00.1730000,8,146,357,308822,310358,201809,512167,1255180,1767347,1.5255357455103586,2.1023020793878393,0.07636984437704086,2,8,5,1.4
47,10,4604,00:00:00.2680000,9,260,642,533091,538303,485754,1024057,2335053,3359110,1.6803172441478096,1.9789069605505631,0.10918887704610825,2,9,6,1.3333334
47,11,5052,00:00:00.4860000,14,533,1256,913490,926061,1123327,2049388,4313348,6362736,1.838494126919835,1.7819430328338428,0.1588224321603775,2,14,11,1.1818181
47,12,5553,00:00:00.9270000,20,952,2350,1550190,1592733,2505140,4097873,7865158,11963031,2.0125320122049555,1.848263844298987,0.2460455745458603,2,20,16,1.1875
47,13,6099,00:00:01.7460000,37,1701,4373,2685417,2781577,5417403,8198980,13971588,22170568,2.281976691143312,2.982720182533219,0.31583085656166077,3,37,31,1.1612903
47,14,6667,00:00:03.3290000,48,3073,7957,4731392,4980777,11421696,16402473,23776122,40178595,2.6584698541148146,7.940414922160332,0.4166690409183502,3,48,39,1.2051282
47,15,7246,00:00:06.6890000,56,5408,14254,8522768,9093964,23681417,32775381,38936135,71711516,3.079548451864465,16.371034050408557,0.46287447214126587,4,56,41,1.3414634
47,16,7830,00:00:17.3890000,49,9772,25159,15772094,17051217,48500325,65551542,61442785,126994327,3.5612322625010986,12.06948797678225,0.442302942276001,4,50,36,1.3611112
47,17,8424,00:00:40.6420000,47,17643,44862,30317022,32611178,98550062,131161240,94897508,226058748,4.035159587904116,5.681532651502203,0.32925310730934143,5,48,33,1.4242424
47,18,9045,00:01:24.5450000,38,32506,81377,58260027,62404179,199982132,262386311,145921465,408307776,4.506771460988166,3.494759460202914,0.29276835918426514,5,39,26,1.4615384
47,19,9718,00:02:51.3620000,31,60213,150129,109362434,117101635,407231573,524333208,227175671,751508879,4.921554891508724,2.1250615225612033,0.1887589991092682,5,32,23,1.3478261
47,20,10477,00:05:55.1490000,31,112221,281689,199316809,215605367,833642093,1049247460,363286505,1412533965,5.419878210071083,2.3545451096102803,0.18702588975429535,5,32,25,1.24
48,0,2349,00:00:00.0410000,2,2,2,1007,1007,0,1007,3900,4907,1.002979145978153,1.0059760692543036,0,1,2,1,1
48,1,2733,00:00:00.0560000,2,2,2,2004,2004,0,2004,9016,11020,1.0029940119760479,1.00600592951527,0,1,2,1,1
48,2,3095,00:00:00.0820000,3,6,6,3996,4001,0,4001,18664,22665,1.012012012012012,1.0243624407709375,0,1,3,2,1
48,3,3440,00:00:00.1000000,4,8,12,7992,8002,3,8005,36870,44875,1.0186436436436437,1.038120171707059,0.008324959315359592,1,4,3,1
48,4,3804,00:00:00.1080000,4,11,23,15535,15553,452,16005,73935,89940,1.0324428709365947,1.067378626625046,0.0177184846252203,1,4,3,1
48,5,4204,00:00:00.1210000,6,18,40,29276,29329,2693,32022,151044,183066,1.0651728378193743,1.141297805969044,0.037831783294677734,1,6,5,1
48,6,4618,00:00:00.1380000,6,28,69,53626,53824,10212,64036,294848,358884,1.1213030992429045,1.2844346439694077,0.08314663916826248,1,6,5,1
48,7,5041,00:00:00.1690000,8,70,147,96141,96631,31419,128050,549655,677705,1.2462424979977325,1.6936249287042413,0.17753423750400543,2,8,6,1.1666666
48,8,5460,00:00:00.2240000,11,117,266,170549,171946,84124,256070,976486,1232556,1.449900028730746,2.737584549537845,0.2979198694229126,2,11,8,1.25
48,9,5860,00:00:00.3090000,15,174,425,303034,306299,206254,512553,1645502,2158055,1.689721285400318,4.387744490772809,0.41960620880126953,2,15,11,1.2727273
48,10,6258,00:00:00.4480000,20,313,746,534040,541058,484002,1025060,2723210,3748270,1.8971500262152647,4.732223018864585,0.4687750041484833,2,20,16,1.1875
48,11,6676,00:00:00.7270000,27,566,1316,931520,945584,1102987,2048571,4541521,6590092,2.0670409653040194,4.257777864812722,0.4934597313404083,3,27,20,1.3
48,12,7134,00:00:01.2390000,29,969,2361,1600052,1640602,2455525,4096127,7718898,11815025,2.2350936094576928,4.364931248925259,0.5126330256462097,3,29,22,1.2727273
48,13,7639,00:00:02.1290000,33,1696,4269,2744141,2859640,5339036,8198676,13258589,21457265,2.4829999624654855,6.194703076620481,0.5339229702949524,3,33,24,1.3333334
48,14,8177,00:00:03.9190000,45,3063,7781,4823014,5090804,11313028,16403832,22404701,38808533,2.884706326790675,11.82395277164176,0.5989446640014648,4,46,33,1.3636364
48,15,8735,00:00:07.7680000,61,5433,13999,8794332,9282080,23524377,32806457,36831197,69637654,3.3916511225639425,12.696256689782533,0.5362231731414795,4,62,47,1.2978723
48,16,9312,00:00:20.5870000,56,9769,25074,15850056,17016567,48539159,65555726,58979677,124535403,3.921277691384813,8.310086208159987,0.4862987697124481,4,57,39,1.4358975
48,17,9932,00:00:47.5840000,58,17589,45199,28773660,31188658,99886880,131075538,94639204,225714742,4.419112097661542,4.871417274729494,0.3911992609500885,5,59,38,1.5263158
48,18,10612,00:01:42.1950000,56,32171,83365,52200451,57279040,204975300,262254340,153208137,415462477,4.901807438406998,3.8675979295456897,0.3459150791168213,4,57,38,1.4736842
48,19,11345,00:03:32.0210000,49,59926,155037,98267890,109070128,415352823,524422951,246122177,770545128,5.479786713645729,5.873479129264371,0.355313777923584,4,50,38,1.2894737
48,20,12121,00:07:07.1820000,46,112283,288432,195304935,213892989,835481408,1049374397,387452814,1436827211,6.03133759011261,5.949677763422919,0.3012246787548065,4,47,37,1.2432432
4,0,5604,00:00:00.1690000,1,1,1,1002,1002,0,1002,12151,13153,1,1,0,0,1,1,0
4,1,6558,00:00:00.2020000,3,4,6,2007,2009,0,2009,26138,28147,1.014449427005481,1.0293688351632995,0,1,3,2,1
4,2,7432,00:00:00.2630000,3,7,14,4015,4019,0,4019,50167,54186,1.1920298879202988,1.452888115819671,0.026561474427580833,1,3,2,1
4,3,7830,00:00:00.2750000,4,6,17,8000,8012,0,8012,70860,78872,1.4225,1.964201611181429,0.01830734871327877,2,4,2,1.5
4,4,8146,00:00:00.2850000,5,9,22,15583,15591,415,16006,101873,117879,1.6580889430789962,1.8833029491904063,0.025922486558556557,2,5,3,1.3333334
4,5,8412,00:00:00.2950000,6,18,37,29721,29787,2274,32061,150760,182821,1.8085528750714983,1.5713202308848393,0.021841470152139664,2,6,4,1.25
4,6,8663,00:00:00.3080000,6,31,62,55235,55472,8665,64137,232591,296728,1.926405358920974,1.3644291808399636,0.02022376097738743,2,6,4,1.25
4,7,8930,00:00:00.3270000,9,44,100,100436,100762,27283,128045,384529,512574,2.035355848500538,1.3202558929845245,0.015809668228030205,3,9,6,1.3333334
4,8,9212,00:00:00.3580000,11,86,185,180168,180928,75640,256568,655763,912331,2.1502708583100216,1.4768987304561516,0.05327528342604637,3,11,7,1.4285715
4,9,9512,00:00:00.4040000,12,164,329,318855,320922,191081,512003,1133491,1645494,2.3184676420316443,1.8873446950706498,0.09790803492069244,3,12,8,1.375
4,10,9827,00:00:00.5200000,13,282,590,566277,571231,453373,1024604,1944750,2969354,2.5619581936048967,2.4885409424613445,0.16864430904388428,3,13,9,1.3333334
4,11,10153,00:00:00.7040000,14,526,1105,1009836,1022664,1026516,2049180,3276150,5325330,2.86526525099125,2.8626246597913796,0.2498200386762619,3,14,10,1.3
4,12,10488,00:00:01.0230000,17,915,1979,1824776,1854181,2247847,4102028,5405374,9507402,3.211478559560187,3.209669194367124,0.29850491881370544,3,17,12,1.3333334
4,13,10834,00:00:01.5730000,21,1606,3521,3333754,3390141,4816364,8206505,8778832,16985337,3.572225485143775,3.0563655394582883,0.2870365381240845,3,21,16,1.25
4,14,11200,00:00:02.6510000,24,2882,6237,6057840,6167785,10225287,16393072,14197987,30591059,3.8730124929017604,2.2688356231612943,0.2205946296453476,3,24,18,1.2777778
4,15,11608,00:00:05.0540000,21,5213,11353,10755632,11048673,21748804,32797477,23441028,56238505,4.104419712388821,1.985080004576622,0.21165786683559418,3,21,15,1.3333334
4,16,12076,00:00:12.4850000,25,9631,21278,18844733,19518058,46044957,65563015,39811991,105375006,4.325795541916142,2.4926269158028718,0.20737965404987335,4,26,19,1.3157895
4,17,12614,00:00:31.7030000,33,17690,40167,33083582,34745809,96474864,131220673,68681151,199901824,4.599576460614211,4.266534223723693,0.25025442242622375,3,34,25,1.32
4,18,13224,00:01:14.5170000,40,32527,76085,58444689,62572735,199691947,262264682,118349291,380613973,4.896220168097738,5.778160342556709,0.26636356115341187,3,41,31,1.2903225
4,19,13918,00:02:49.5400000,48,60717,145917,103165825,113350783,411312122,524662905,203576663,728239568,5.200841644992419,5.777588533124802,0.36548471450805664,3,49,38,1.2631578
4,20,14705,00:06:19.1170000,67,113100,279857,185176883,206958717,842040527,1048999244,348155653,1397154897,5.562135760757999,7.748275344517057,0.3623880445957184,4,68,56,1.1964285
49,0,2758,00:00:00.1340000,2,2,2,1006,1006,0,1006,1634,2640,1.9721669980119285,1.0572127810810217,0,1,2,1,1
49,1,2887,00:00:00.1590000,2,2,2,2008,2008,0,2008,3075,5083,1.968625498007968,1.064713622590829,0,1,2,1,1
49,2,3010,00:00:00.2020000,2,2,2,4014,4014,0,4014,5657,9671,1.9785749875435974,1.0437671996491236,0,1,2,1,1
49,3,3134,00:00:00.2070000,2,3,3,8002,8003,0,8003,11099,19102,1.9841289677580605,1.0322456148004362,0,1,2,1,1
49,4,3261,00:00:00.2140000,2,5,7,15839,15848,227,16075,21995,38070,1.9900246227665888,1.0201497231697731,0,1,2,1,1
49,5,3394,00:00:00.2210000,2,12,14,30581,30610,1493,32103,43327,75430,1.9932310912004185,1.0136293912030416,0,1,2,1,1
49,6,3541,00:00:00.2320000,2,22,29,57525,57621,6414,64035,85937,149972,1.9951151673185572,1.009817399186163,0,1,2,1,1
49,7,3709,00:00:00.2480000,2,36,55,105914,106233,21973,128206,172444,300650,1.9968087316124403,1.0064029530022367,0,1,2,1,1
49,8,3904,00:00:00.2790000,3,77,120,190573,191412,64892,256304,345926,602230,1.9996484286861202,1.0052962163514332,0,2,3,1,2
49,9,4135,00:00:00.3390000,3,127,212,336436,338773,173868,512641,692241,1204882,2.0029901675207173,1.0060027639717566,0.0029749528039246798,1,3,2,1
49,10,4410,00:00:00.4310000,6,265,465,584127,588714,435805,1024519,1378141,2402660,2.009446575830256,1.0191430283685214,0.008974815718829632,1,6,5,1
49,11,4742,00:00:00.5990000,7,491,946,996379,1010145,1041397,2051542,2744252,4795794,2.0211897280051065,1.043667633532484,0.01990201324224472,1,7,6,1
49,12,5141,00:00:01.0070000,13,907,1880,1676804,1712480,2386512,4098992,5425695,9524687,2.0608783137444804,1.1284565813946672,0.050634149461984634,2,13,11,1.0909091
49,13,5614,00:00:01.8010000,21,1662,3774,2823036,2917708,5282497,8200205,10533047,18733252,2.1796424133450656,1.4432392340754616,0.13494913280010223,2,21,19,1.0526316
49,14,6143,00:00:03.6470000,34,3008,7220,4859227,5108580,11279749,16388329,19490462,35878791,2.4729390086118634,2.8600684811975277,0.3073135316371918,2,34,31,1.0645162
49,15,6702,00:00:08.2360000,50,5465,13440,8675718,9260153,23538470,32798623,33951900,66750523,2.9016331558955697,7.856536236260918,0.4353359043598175,3,50,42,1.1666666
49,16,7289,00:00:20.5930000,60,9701,24422,15544701,16773369,48790571,65563940,56637688,122201628,3.2743782591894175,9.641466507239473,0.4725319743156433,3,60,47,1.2553191
49,17,7923,00:00:46.8160000,64,17442,44765,28337640,30878941,100327128,131206069,93443065,224649134,3.6412937351169683,10.025973376211086,0.4543594419956207,3,64,47,1.3404255
49,18,8587,00:01:37.5550000,54,32245,82237,53700019,59002711,203336191,262338902,149968048,412306950,3.989405683450503,5.05690498314672,0.41178905963897705,3,55,42,1.2857143
49,19,9299,00:03:17.3900000,45,59966,152528,101109867,111155785,413369826,524525611,238776310,763301921,4.214948645912075,3.4033979227846616,0.300668865442276,4,46,36,1.25
49,20,10086,00:06:45.3360000,45,111886,286488,189547038,208498990,840519543,1049018533,383394876,1432413409,4.551610941026681,4.498908867096171,0.24763275682926178,4,46,35,1.2857143
5,0,2143,00:00:00.0330000,2,2,2,1009,1009,0,1009,2792,3801,1.0198216055500495,1.0404283155428091,0,1,2,1,1
5,1,2400,00:00:00.0440000,2,3,3,2007,2008,0,2008,5968,7976,1.014449427005481,1.0293162267569105,0,1,2,1,1
5,2,2634,00:00:00.0650000,2,4,5,4010,4014,0,4014,11777,15791,1.0144638403990025,1.0293459091327404,0,1,2,1,1
5,3,2877,00:00:00.0680000,3,4,9,8003,8006,1,8007,24018,32025,1.025865300512308,1.0531284895183293,0.006232335232198238,1,3,2,1
5,4,3129,00:00:00.0810000,3,4,10,15674,15676,377,16053,48792,64845,1.0321551614138063,1.0666238814353233,0.016899028792977333,1,3,2,1
5,5,3392,00:00:00.0860000,3,13,20,29699,29731,2287,32018,97154,129172,1.0341762348900636,1.0711404513041158,0.025385165587067604,1,3,2,1
5,6,3688,00:00:00.0940000,3,18,44,54741,54839,9208,64047,195420,259467,1.0444821979868837,1.0940547701624572,0.04346397891640663,1,3,2,1
5,7,4004,00:00:00.1070000,3,41,94,98475,98836,29220,128056,380171,508227,1.074100025387154,1.1623936710632026,0.06891365349292755,1,3,2,1
5,8,4350,00:00:00.1340000,5,90,198,174749,175647,80857,256504,725133,981637,1.156504472128596,1.3719380601304634,0.06125544011592865,1,5,4,1
5,9,4710,00:00:00.1830000,7,172,362,308754,311365,201145,512510,1317110,1829620,1.3350920150022347,1.8577809189326167,0.07152063399553299,2,7,5,1.2
5,10,5066,00:00:00.2750000,10,272,631,550180,555703,468778,1024481,2258703,3283184,1.5845686866116544,2.103685707633673,0.07107028365135193,2,10,8,1.125
5,11,5429,00:00:00.4480000,11,497,1131,975317,988662,1062603,2051265,3783975,5835240,1.8136851915838645,1.6721287466194281,0.06985165923833847,2,11,9,1.1111112
5,12,5821,00:00:00.7520000,11,930,2086,1695377,1732709,2366434,4099143,6400412,10499555,1.9789964120074768,1.4058803764705743,0.0618772991001606,2,11,9,1.1111112
5,13,6264,00:00:01.3680000,17,1605,3788,2915544,2998100,5197385,8195485,11091755,19287240,2.137355155675922,1.5257361684195216,0.05717699974775314,3,17,14,1.1428572
5,14,6764,00:00:02.5900000,24,2880,7060,5009832,5231055,11153985,16385040,19412551,35797591,2.398279223734449,2.3441708288235934,0.08781260251998901,3,24,21,1.0952381
5,15,7297,00:00:05.6730000,37,5355,13169,9054915,9535584,23260004,32795588,32938527,65734115,2.885786117263387,5.113391231705274,0.18759095668792725,4,38,31,1.1935484
5,16,7831,00:00:15.4730000,36,9769,23770,17023045,18074683,47500785,65575468,52755225,118330693,3.45701629761303,6.293606400955882,0.2838844358921051,4,37,30,1.2
5,17,8390,00:00:35.8450000,32,17678,42961,31855837,33883668,97275255,131158923,83349948,214508871,3.8708135027185127,4.339220856460281,0.5987644195556641,3,32,26,1.1923077
5,18,9012,00:01:18.2580000,36,32271,79330,57960446,61510637,200790439,262301076,134506388,396807464,4.140566413170803,4.294346132477165,0.5310282111167908,4,36,27,1.2962962
5,19,9720,00:02:48.2270000,33,59778,148998,102115858,110996218,413377602,524373820,222522921,746896741,4.440848736735875,5.299861652467774,0.42869946360588074,3,34,27,1.2222222
5,20,10515,00:06:00.6400000,45,112225,284190,186184914,206451832,842759958,1049211790,369498869,1418710659,4.89919814341134,7.061899946237164,0.3929080665111542,4,46,37,1.2162162
6,0,3390,00:00:00.0420000,2,2,2,1005,1005,0,1005,5361,6366,1.0119402985074626,1.0241656592557788,0,1,2,1,1
6,1,3818,00:00:00.0540000,2,2,2,2001,2001,0,2001,10937,12938,1.0439780109945027,1.091807872695702,0,1,2,1,1
6,2,4219,00:00:00.0780000,3,6,7,4008,4013,0,4013,21483,25496,1.1170159680638723,1.2612915249685988,0.015758654102683067,1,3,2,1
6,3,4546,00:00:00.0920000,3,7,11,8015,8024,0,8024,38197,46221,1.232813474734872,1.557982504499254,0.01655697263777256,1,3,2,1
6,4,4844,00:00:00.0970000,5,8,13,15603,15618,406,16024,67553,83577,1.4133179516759597,1.9640265672177635,0.03382464498281479,2,5,3,1.3333334
6,5,5116,00:00:00.1030000,5,17,26,29712,29767,2292,32059,117357,149416,1.576703015616586,2.026911140955737,0.06506668776273727,2,5,3,1.3333334
6,6,5374,00:00:00.1100000,5,25,44,55384,55507,8649,64156,201848,266004,1.7246497183302036,1.7735694959003017,0.0827583521604538,2,5,3,1.3333334
6,7,5638,00:00:00.1210000,5,48,86,100581,100953,27365,128318,351642,479960,1.8421570674381842,1.489856110955154,0.09974077343940735,2,5,3,1.3333334
6,8,5924,00:00:00.1420000,5,92,176,179213,180310,76217,256527,627682,884209,1.9264227483497292,1.3088606208392082,0.10996227711439133,2,5,3,1.3333334
6,9,6247,00:00:00.1840000,5,159,340,312354,315610,197292,512902,1152651,1665553,1.9834770804920059,1.2382959649827179,0.1286928951740265,2,5,3,1.3333334
6,10,6618,00:00:00.2730000,13,276,642,540050,545575,478655,1024230,2148109,3172339,2.0461438755670773,1.2742749522361156,0.13050083816051483,2,13,11,1.0909091
6,11,7051,00:00:00.4870000,17,518,1254,917594,933018,1115343,2048361,4045212,6093573,2.131028537675704,1.454482355709275,0.13605709373950958,3,17,14,1.1428572
6,12,7544,00:00:00.9410000,27,970,2357,1561968,1603081,2495978,4099059,7524458,11623517,2.3018346086475523,2.089041050015896,0.14735311269760132,3,27,23,1.1304348
6,13,8074,00:00:01.7440000,42,1714,4355,2726492,2818946,5380549,8199495,13404900,21604395,2.606360847565296,4.344277046101101,0.20318391919136047,3,43,37,1.1351352
6,14,8615,00:00:03.4230000,49,3044,7854,4854290,5089497,11299199,16388696,22611922,39000618,2.9589779349812226,9.93909789549703,0.29973360896110535,3,50,41,1.195122
6,15,9164,00:00:08.1160000,56,5385,13953,8838438,9391336,23399025,32790361,36715066,69505427,3.3419776209325676,12.273111810287238,0.32522812485694885,4,57,43,1.3023256
6,16,9715,00:00:19.6470000,57,9606,24560,16574234,17659471,47920408,65579879,57437141,123017020,3.7755778638095734,4.804311482443618,0.4393538534641266,5,57,42,1.3333334
6,17,10295,00:00:42.2780000,52,17518,44042,30910819,32906201,98198938,131105139,89771413,220876552,4.232079389420255,2.9355508621083035,0.37484967708587646,5,53,36,1.4444444
6,18,10915,00:01:27.0960000,45,32402,80573,59116179,62757288,199392366,262149654,140669552,402819206,5.089304875404752,4.135973686999265,0.313712477684021,5,46,31,1.451613
6,19,11542,00:02:49.3330000,27,61416,147604,121004806,128013979,396557054,524571033,213168516,737739549,6.273340572935591,2.3584696243121535,0.23938293755054474,4,28,21,1.2857143
6,20,12216,00:05:31.6480000,21,115239,274324,233634957,244391054,804912991,1049304045,324958372,1374262417,6.818182220907978,1.37016022308163,0.13846144080162048,3,22,16,1.3125
7,0,3828,00:00:00.0450000,2,2,3,1002,1002,0,1002,6870,7872,1.001996007984032,1.0039999291840536,0,1,2,1,1
7,1,4307,00:00:00.0590000,1,2,4,2002,2003,0,2003,13213,15216,1,1,0,0,1,1,0
7,2,4746,00:00:00.0810000,2,3,5,4004,4005,0,4005,25100,29105,1.0047452547452547,1.0095355225175062,0,1,2,1,1
7,3,5182,00:00:00.0870000,2,6,12,8004,8009,7,8016,48310,56326,1.0208645677161419,1.0425989599147407,0,1,2,1,1
7,4,5591,00:00:00.0940000,3,9,21,15507,15546,465,16011,90190,106201,1.0703553234023344,1.1506869532417903,0.007686061784625053,1,3,2,1
7,5,5980,00:00:00.1130000,5,22,44,29263,29372,2648,32020,164150,196170,1.2109148070942828,1.5039477077294525,0.022052694112062454,1,5,4,1
7,6,6307,00:00:00.1250000,6,33,77,54438,54681,9423,64104,273660,337764,1.4287262573937323,2.0098569465268423,0.04996095970273018,1,6,5,1
7,7,6607,00:00:00.1420000,6,62,130,99127,99713,28328,128041,446385,574426,1.641974436833557,1.9646612795456797,0.07812275737524033,1,6,5,1
7,8,6896,00:00:00.1660000,8,92,205,179019,180284,76213,256497,726206,982703,1.8019539825381663,1.6132612747715673,0.10132133215665817,2,8,6,1.1666666
7,9,7204,00:00:00.2100000,9,188,361,316494,319599,193369,512968,1220156,1733124,1.9101183592737936,1.374710813178546,0.1254446655511856,2,9,7,1.1428572
7,10,7544,00:00:00.2930000,11,297,607,550366,558073,466367,1024440,2115124,3139564,1.9882532714593562,1.3256319354226613,0.18310391902923584,3,11,8,1.25
7,11,7926,00:00:00.4740000,17,518,1116,956627,971511,1077663,2049174,3741274,5790448,2.1192899635908247,1.5864486659643946,0.19592569768428802,3,17,14,1.1428572
7,12,8317,00:00:00.7850000,19,913,2005,1718585,1754931,2342190,4097121,6337489,10434610,2.458357311392803,2.6805353269966283,0.29568737745285034,4,19,15,1.2
7,13,8687,00:00:01.2890000,18,1579,3518,3219466,3301244,4897073,8198317,10028481,18226798,2.925678357839468,3.1032977696447426,0.18152420222759247,4,19,15,1.2
7,14,9063,00:00:02.1640000,17,2934,6321,5931761,6089900,10314193,16404093,15655564,32059657,3.2789874710056592,2.626000564212406,0.10040425509214401,4,18,14,1.2142857
7,15,9481,00:00:04.5750000,20,5299,11614,10579831,10851326,21935901,32787227,25231843,58019070,3.5535112989990103,2.8117369692384626,0.06505193561315536,4,21,16,1.25
7,16,9956,00:00:12.5940000,23,9595,21514,18843833,19418489,46187025,65605514,41958445,107563959,3.917291190173464,3.8077099205156,0.06956563144922256,4,24,18,1.2777778
7,17,10472,00:00:30.2150000,22,17699,39843,34832868,36233927,94894957,131128884,69085354,200214238,4.4174781416218725,3.7470768358053945,0.22674481570720673,3,22,16,1.3125
7,18,11032,00:01:06.4540000,25,33265,74830,64934533,67902214,194353180,262255394,112512724,374768118,4.807464527387915,2.0990741352899915,0.21316426992416382,3,25,18,1.3333334
7,19,11675,00:02:25.2060000,35,61831,142579,115878362,121614533,403158266,524772799,187901290,712674089,5.028818866114107,1.6970153837499016,0.16620145738124847,4,35,26,1.3076923
7,20,12433,00:05:26.3070000,40,114083,274761,198495110,213178235,835475318,1048653553,323712870,1372366423,5.259810168623297,2.170592496057216,0.1544078290462494,4,41,32,1.25
8,0,7679,00:00:00.0840000,2,2,8,1002,1002,0,1002,24797,25799,1.003992015968064,1.0080159136498887,0,1,2,1,1
8,1,9252,00:00:00.1120000,1,2,14,2002,2004,0,2004,47769,49773,1,1,0,0,1,1,0
8,2,10869,00:00:00.1530000,2,2,24,4001,4001,0,4001,93191,97192,1.0014996250937265,1.0030038037061737,0,1,2,1,1
8,3,12115,00:00:00.1770000,4,11,44,7979,7992,9,8001,160726,168727,1.0453690938714124,1.0960475865963626,0.03307881951332092,1,4,3,1
8,4,13174,00:00:00.2170000,9,14,63,15459,15477,534,16011,269218,285229,1.2933566207387281,1.8957301280408028,0.19479042291641235,1,9,8,1
8,5,13686,00:00:00.2370000,10,29,92,29207,29286,2774,32060,367771,399831,1.590954223302633,3.787900186036166,0.4190022349357605,2,10,8,1.125
8,6,14053,00:00:00.2550000,11,38,120,54175,54367,9719,64086,492254,556340,1.7967143516382096,4.4980135622736235,0.5434449911117554,2,11,9,1.1111112
8,7,14365,00:00:00.2760000,11,60,167,98823,99421,28676,128097,672842,800939,1.9182983718365159,3.5879644529671713,0.5761188864707947,2,11,9,1.1111112
8,8,14677,00:00:00.3070000,14,101,260,177313,178212,77824,256036,977913,1233949,1.9841410387281249,2.8475731946152365,0.5482776761054993,2,14,11,1.1818181
8,9,15018,00:00:00.3630000,14,165,438,310125,313209,199601,512810,1534323,2047133,2.0219717855703347,2.4620020709235133,0.5335689783096313,2,14,11,1.1818181
8,10,15400,00:00:00.4840000,19,284,737,534919,542488,481750,1024238,2563689,3587927,2.0606858234611223,2.399604169766727,0.48306405544281006,2,19,15,1.2
8,11,15834,00:00:00.6810000,30,510,1295,919970,935411,1115401,2050812,4465420,6516232,2.154252856071394,2.775579556435418,0.43147146701812744,3,31,24,1.25
8,12,16309,00:00:01.0670000,38,921,2350,1593655,1629418,2469451,4098869,7783972,11882841,2.3716042681759855,4.269995665937376,0.45049941539764404,3,39,30,1.2666667
8,13,16795,00:00:01.7550000,41,1637,4186,2845933,2929125,5269707,8198832,13048284,21247116,2.7536997532970733,7.582274180587356,0.48863258957862854,3,42,32,1.28125
8,14,17282,00:00:03.0520000,40,3027,7531,5164879,5358124,11045030,16403154,21069098,37472252,3.174712321430957,8.822314593851388,0.4916651248931885,3,41,31,1.2903225
8,15,17787,00:00:05.6830000,38,5294,13269,9328255,9749998,23036024,32786022,33624956,66410978,3.548537320216911,7.82352112691683,0.5360606908798218,4,39,27,1.4074074
8,16,18332,00:00:13.6630000,40,9679,23901,16691187,17581139,47970765,65551904,54044660,119596564,3.854123616253296,6.148633710500755,0.4908102750778198,5,41,29,1.3793104
8,17,18939,00:00:36.1150000,39,17375,43808,29604665,31671117,99516594,131187711,88610373,219798084,4.164260632572603,6.0159582767920226,0.4382551312446594,5,40,30,1.3
8,18,19590,00:01:21.0030000,46,32418,80761,55499194,60187395,201957104,262144499,143472847,405617346,4.8024500680136,7.669500585600595,0.3390551507472992,5,47,36,1.2777778
8,19,20250,00:02:46.1800000,42,61206,149079,113381775,121847072,402981596,524828668,222191851,747020519,5.696689304784654,3.676674056836884,0.21918828785419464,5,43,33,1.2727273
8,20,20952,00:05:34.7980000,28,115288,278788,219105175,234516272,814369291,1048885563,341976531,1390862094,6.289870456049247,2.7569779210627057,0.10972698032855988,5,29,20,1.4
