RepeatId,GenerationId,Generations,Time,SubcloneSelect,SubcloneAlive,SubcloneTotal,CellSelectCount,CellAliveCount,CellNecroCount,CellTumorCount,CellLostCount,CellTotalCount,MeanDriversPerCell,ClonalDiversity,TreeBalance,TreeDepth,NodeCount,LeafCount,Branching
0,0,99,00:00:00.0660000,1,1,1,1030,1030,0,1030,144,1174,1,1,0,0,1,1,0
0,1,111,00:00:00.0830000,1,1,1,2118,2118,0,2118,324,2442,1,1,0,0,1,1,0
0,2,122,00:00:00.0840000,1,1,1,4186,4186,0,4186,646,4832,1,1,0,0,1,1,0
0,3,134,00:00:00.0850000,1,4,4,8432,8447,1,8448,1378,9826,1,1,0,0,1,1,0
0,4,145,00:00:00.0860000,4,10,10,16057,16088,32,16120,2581,18701,1.0084075481098587,1.0169918151693282,0.005693173501640558,1,4,3,1
0,5,156,00:00:00.1090000,8,15,15,32302,32328,222,32550,4891,37441,1.097826759952944,1.2236232954867123,0.06766688078641891,1,8,7,1
0,6,163,00:00:00.1100000,9,27,27,69309,69482,700,70182,7425,77607,1.4017804325556567,2.3897635078487327,0.23635563254356384,1,9,8,1
0,7,167,00:00:00.1100000,11,40,41,146677,147078,1675,148753,10157,158910,1.6730503078192218,3.125651798306476,0.33052387833595276,2,11,8,1.25
0,8,170,00:00:00.1110000,12,75,76,292105,293424,3799,297223,13838,311061,1.8493589633864536,2.6505016049062875,0.35639360547065735,2,12,9,1.2222222
0,9,173,00:00:00.1120000,14,134,136,628594,632475,9250,641725,20047,661772,2.0389567829155224,2.5163468160595457,0.3422771990299225,2,14,10,1.3
0,10,175,00:00:00.1140000,16,240,242,1147811,1155008,17340,1172348,26632,1198980,2.234346943878391,2.93162949577848,0.30063480138778687,2,16,12,1.25
0,11,177,00:00:00.1160000,17,533,535,2463017,2480722,34817,2515539,37139,2552678,2.500983549849636,3.2849132343897316,0.26372459530830383,2,17,13,1.2307693
0,12,179,00:00:00.1200000,16,1414,1416,6638042,6697795,80406,6778201,56105,6834306,2.756596900110002,2.559282233868165,0.25765520334243774,2,16,12,1.25
0,13,180,00:00:00.1240000,15,2486,2488,11723571,11836722,131695,11968417,72026,12040443,2.8458344304819754,2.182407111668747,0.24630855023860931,2,15,11,1.2727273
0,14,181,00:00:00.1320000,14,4248,4250,20264314,20472511,226764,20699275,95628,20794903,2.9028251832260397,2.000839015853386,0.2694358229637146,2,14,10,1.3
0,15,182,00:00:00.1440000,13,7083,7086,33948639,34322195,397418,34719613,130020,34849633,2.937165993605811,1.9489858285587605,0.30117204785346985,2,13,9,1.3333334
0,16,184,00:00:00.1920000,10,17880,17887,86481589,87606690,1182927,88789617,247227,89036844,2.97425560716744,2.051458097998708,0.4088223874568939,2,11,8,1.25
0,17,185,00:00:00.2400000,8,26937,26946,130410878,132347175,1966234,134313409,339888,134653297,2.983922161769358,2.1193038314694674,0.6321540474891663,2,9,7,1.1428572
0,18,187,00:00:00.4200000,9,56274,56299,271594373,275593297,4946132,280539429,621523,281160952,2.991594700675187,2.2425230558887637,0.6987925171852112,2,10,8,1.125
0,19,189,00:00:00.6800000,10,106831,106911,512067813,521589539,11076549,532666088,1075113,533741201,2.9971338542225463,2.294438916564643,0.7504026293754578,3,11,8,1.25
0,20,192,00:00:01.2030000,12,247167,247465,1157948019,1201413962,31337268,1232751230,2218827,1234970057,3.0081857361854514,2.303848290523625,0.7942628264427185,3,13,10,1.2
9,0,267,00:00:00.0670000,1,1,1,1010,1010,0,1010,212,1222,1,1,0,0,1,1,0
9,1,283,00:00:00.0790000,2,2,2,2033,2033,0,2033,427,2460,1.0191834727004427,1.0391023603223244,0,1,2,1,1
9,2,296,00:00:00.0810000,2,2,2,4323,4323,0,4323,813,5136,1.1956974323386538,1.4594276654598004,0,1,2,1,1
9,3,302,00:00:00.0810000,2,2,2,8127,8127,0,8127,1159,9286,1.443460071367048,1.9747486561217746,0,1,2,1,1
9,4,307,00:00:00.0820000,2,5,5,17155,17187,12,17199,1681,18880,1.6725153016613232,1.787236566432384,0,1,2,1,1
9,5,311,00:00:00.0820000,4,10,10,35271,35292,86,35378,2517,37895,1.8266281080774573,1.4841360664058956,0.016525667160749435,2,4,2,1.5
9,6,315,00:00:00.0960000,5,18,19,78511,78561,419,78980,4093,83073,2.0038465947446853,1.5184793802117693,0.08214351534843445,2,5,3,1.3333334
9,7,317,00:00:00.0960000,5,27,28,129774,129954,888,130842,5442,136284,2.178818561499222,1.9339379127354006,0.18949611485004425,2,5,3,1.3333334
9,8,319,00:00:00.0960000,5,58,59,257347,258015,1925,259940,7459,267399,2.447796166265781,2.888002761912281,0.36692091822624207,2,5,3,1.3333334
9,9,321,00:00:00.0970000,6,128,129,641294,642892,4866,647758,11056,658814,2.7165434262600305,3.1669431027402544,0.44053372740745544,2,6,4,1.25
9,10,322,00:00:00.0970000,6,217,218,1071713,1074746,8328,1083074,14059,1097133,2.8118087585015763,2.876185871255502,0.49120059609413147,2,6,4,1.25
9,11,324,00:00:00.0980000,6,646,647,3188399,3198494,26656,3225150,24725,3249875,2.925178749585607,2.2437686426012284,0.5300789475440979,2,6,4,1.25
9,12,325,00:00:00.0990000,5,1134,1135,5634504,5657789,49136,5706925,34142,5741067,2.95482424007508,1.9594608270300888,0.6441649794578552,2,5,3,1.3333334
9,13,326,00:00:00.1020000,4,2081,2082,9985618,10034050,91592,10125642,48209,10173851,2.974933148854683,1.7276035193014008,0.6059041023254395,1,4,3,1
9,14,327,00:00:00.1050000,4,3419,3420,16854936,16930229,171475,17101704,69314,17171018,2.9844181550140565,1.5767796956773428,0.5642955303192139,1,4,3,1
9,15,329,00:00:00.1160000,4,8446,8448,41574248,41778060,541232,42319292,141196,42460488,2.9932132987709124,1.404990438143921,0.49035578966140747,1,4,3,1
9,16,331,00:00:00.1400000,4,17793,17800,87385900,88009476,1447555,89457031,270334,89727365,2.9966058254249255,1.3202035808789396,0.43624147772789,1,4,3,1
9,17,333,00:00:00.1880000,4,33592,33612,162612428,164690729,3338666,168029395,479798,168509193,2.9981097201254507,1.27477782787852,0.3987233638763428,1,4,3,1
9,18,335,00:00:00.2820000,6,58299,58357,276629381,283010236,6848090,289858326,794721,290653047,3.001971789829512,1.2567226718322893,0.3708382248878479,2,6,4,1.25
9,19,338,00:00:00.5490000,14,119845,120035,549468505,581777602,17176516,598954118,1530491,600484609,3.0291057355507576,1.301300281362741,0.34224334359169006,2,15,11,1.2727273
9,20,341,00:00:01.1070000,36,252024,252546,1068383275,1223378844,38570063,1261948907,2722191,1264671098,3.148080576233281,1.6736216023112822,0.36870425939559937,2,37,33,1.0909091
10,0,93,00:00:00.0380000,1,1,1,1037,1037,0,1037,125,1162,1,1,0,0,1,1,0
10,1,102,00:00:00.0500000,1,1,1,2161,2161,0,2161,250,2411,1,1,0,0,1,1,0
10,2,110,00:00:00.0500000,1,1,1,4192,4192,0,4192,480,4672,1,1,0,0,1,1,0
10,3,118,00:00:00.0500000,1,1,1,8095,8095,0,8095,913,9008,1,1,0,0,1,1,0
10,4,127,00:00:00.0510000,2,2,2,16797,16797,27,16824,1914,18738,1.0013097576948264,1.0026229358060275,0,1,2,1,1
10,5,135,00:00:00.0520000,2,7,7,33310,33340,173,33513,3582,37095,1.0563794656259382,1.1190709253291862,0,1,2,1,1
10,6,140,00:00:00.0530000,4,15,15,70103,70177,503,70680,5349,76029,1.3660471021211646,1.8746628079991547,0.01951543055474758,1,4,3,1
10,7,143,00:00:00.0660000,4,33,33,158050,158386,1233,159619,7387,167006,1.6631255931667195,1.8310342958726444,0.03172820806503296,1,4,3,1
10,8,145,00:00:00.0670000,5,68,68,297850,298500,2648,301148,9811,310959,1.80398858485815,1.4910864349537294,0.03642645850777626,2,5,3,1.3333334
10,9,147,00:00:00.0670000,5,112,112,557344,559474,5887,565361,13653,579014,1.8882826405236264,1.2824499041259683,0.03712551295757294,2,5,3,1.3333334
10,10,150,00:00:00.0680000,9,263,263,1315876,1322794,18857,1341651,23852,1365503,1.9610502813334996,1.1625946802136995,0.03490426018834114,2,9,7,1.1428572
10,11,152,00:00:00.0690000,10,448,449,2188389,2209099,38215,2247314,35082,2282396,1.997094209484694,1.1552504662872485,0.033311810344457626,2,10,8,1.125
10,12,155,00:00:00.0710000,15,905,908,4450147,4547393,98017,4645410,61397,4706807,2.081021368507602,1.2912690875418753,0.034701235592365265,2,15,13,1.0769231
10,13,158,00:00:00.0750000,35,2076,2080,9875648,10121835,233525,10355360,105524,10460884,2.305315560052363,2.1431860897478177,0.07350416481494904,2,35,33,1.030303
10,14,160,00:00:00.0820000,42,4241,4250,19838072,20457948,427774,20885722,153608,21039330,2.5421471905132718,4.243675357373143,0.14886623620986938,2,42,40,1.025
10,15,162,00:00:00.0960000,44,10175,10191,47612458,49398571,863721,50262292,234180,50496472,2.762883865395061,7.4500929074816264,0.5191811323165894,2,44,42,1.0238096
10,16,163,00:00:00.1100000,44,16241,16259,76502489,79568455,1294095,80862550,297030,81159580,2.8386864641750416,7.730008021810119,0.5571720600128174,2,44,42,1.0238096
10,17,165,00:00:00.1780000,47,40695,40728,192002756,199848452,3157760,203006212,503652,203509864,2.926970980562383,6.723797541686064,0.5834241509437561,1,47,46,1
10,18,166,00:00:00.2300000,46,61924,61972,292172115,305156027,4994840,310150867,665936,310816803,2.9492855709382124,6.253640913026421,0.5930628776550293,1,46,45,1
10,19,168,00:00:00.4470000,52,134679,134774,634233545,661471092,12092400,673563492,1164432,674727924,2.9775809839891076,5.904356201575807,0.598146915435791,2,52,50,1.02
10,20,170,00:00:00.8780000,53,270938,271144,1264092319,1324071482,27326454,1351397936,1991061,1353388997,2.9934445863838843,6.0296662983916,0.614790141582489,2,53,50,1.04
11,0,306,00:00:00.0710000,1,1,1,1001,1001,0,1001,411,1412,1,1,0,0,1,1,0
11,1,336,00:00:00.1260000,1,1,1,2036,2036,0,2036,861,2897,1,1,0,0,1,1,0
11,2,363,00:00:00.1270000,1,2,2,4055,4056,0,4056,1632,5688,1,1,0,0,1,1,0
11,3,391,00:00:00.1290000,2,3,3,8116,8117,1,8118,3261,11379,1.0088713652045342,1.0179001306577662,0,1,2,1,1
11,4,411,00:00:00.1320000,3,5,5,16511,16513,49,16562,5411,21973,1.1985343104596935,1.5078411114748802,0.18990150094032288,1,3,2,1
11,5,418,00:00:00.1530000,3,9,9,32665,32676,160,32836,6812,39648,1.5225470687279963,2.6723457693302244,0.4953804314136505,1,3,2,1
11,6,423,00:00:00.1530000,4,21,21,74539,74653,549,75202,8755,83957,1.7710594453910034,2.2932372293606034,0.5930200219154358,2,4,2,1.5
11,7,426,00:00:00.1540000,5,31,31,132404,132854,1251,134105,10745,144850,1.8722999305156944,1.8387729747052273,0.5656988024711609,2,5,2,2
11,8,430,00:00:00.1550000,9,65,65,294479,295804,3957,299761,15461,315222,2.00483905473735,1.6583075548588793,0.4419419765472412,2,9,6,1.3333334
11,9,433,00:00:00.1560000,12,140,140,600070,603130,9250,612380,21583,633963,2.2130918059559717,2.1020823290469473,0.3185198903083801,2,12,9,1.2222222
11,10,435,00:00:00.1570000,14,242,242,1088939,1095703,16833,1112536,27900,1140436,2.4248759572391108,2.6161006892472534,0.2517353296279907,2,14,11,1.1818181
11,11,437,00:00:00.1580000,15,443,443,2163728,2182675,33087,2215762,37960,2253722,2.6307350092063326,2.5865763559536035,0.2216406613588333,2,15,12,1.1666666
11,12,439,00:00:00.1610000,17,924,925,4462792,4510653,69813,4580466,54620,4635086,2.781056567278959,2.2919409097537464,0.217595174908638,2,17,14,1.1428572
11,13,441,00:00:00.1660000,20,1898,1901,9234610,9340733,152462,9493195,82349,9575544,2.8755668079106753,2.282418814756793,0.23143123090267181,2,20,17,1.117647
11,14,443,00:00:00.1760000,22,3982,3987,19413469,19675396,335437,20010833,128365,20139198,2.9327120258620445,2.693477344707426,0.2551776170730591,2,22,19,1.1052631
11,15,445,00:00:00.1990000,18,8680,8691,41648989,42511483,744405,43255888,205555,43461443,2.969332676958857,3.1689445181786486,0.2854199707508087,3,19,15,1.2
11,16,447,00:00:00.2440000,18,18234,18250,87821144,89966739,1660874,91627613,335940,91963553,2.990291734300341,3.094021780910463,0.27912241220474243,3,19,15,1.2
11,17,449,00:00:00.3480000,19,36710,36744,175475414,181017475,3630718,184648193,551081,185199274,3.0044999352444894,2.700239837395964,0.26528266072273254,3,20,16,1.1875
11,18,451,00:00:00.5540000,21,69670,69747,327798739,343168800,7611424,350780224,893062,351673286,3.0216597324982386,2.385836840399166,0.252981960773468,3,22,17,1.2352941
11,19,453,00:00:00.8380000,31,126643,126804,582692666,620916852,15159890,636076742,1414597,637491339,3.060207618950879,2.291612428254005,0.24455244839191437,3,32,25,1.24
11,20,455,00:00:01.1940000,41,224457,224770,1001542058,1100438766,28862850,1129301616,2188264,1131489880,3.132238446645443,2.4379421744750753,0.2704616189002991,3,42,35,1.1714286
12,0,332,00:00:00.0170000,1,1,1,1014,1014,0,1014,465,1479,1,1,0,0,1,1,0
12,1,362,00:00:00.0510000,1,1,1,2009,2009,0,2009,881,2890,1,1,0,0,1,1,0
12,2,393,00:00:00.0510000,1,1,1,4009,4009,0,4009,1742,5751,1,1,0,0,1,1,0
12,3,426,00:00:00.0520000,1,1,1,8166,8166,1,8167,3661,11828,1,1,0,0,1,1,0
12,4,458,00:00:00.0520000,2,5,5,16108,16120,89,16209,7334,23543,1.012912838341197,1.0261589861098974,0,1,2,1,1
12,5,472,00:00:00.0530000,4,9,9,39260,39274,284,39558,10062,49620,1.8185939887926643,2.3400558231725075,0.03279060870409012,2,4,2,1.5
12,6,474,00:00:00.0630000,4,19,19,77187,77241,439,77680,10850,88530,2.3553577674997084,2.0257714514967256,0.02485509216785431,2,4,2,1.5
12,7,476,00:00:00.0630000,4,48,48,184086,184316,955,185271,12213,197484,2.709505339895484,1.411001005248075,0.015343621373176575,2,4,2,1.5
12,8,477,00:00:00.0630000,4,75,75,286482,286949,1618,288567,13364,301931,2.8071641499291404,1.2606284658797997,0.011512025259435177,2,4,2,1.5
12,9,479,00:00:00.0640000,4,159,159,655497,656780,5063,661843,17341,679184,2.9126311790900643,1.1184581685474826,0,3,4,1,3
12,10,481,00:00:00.0640000,4,302,302,1351190,1355224,14200,1369424,24378,1393802,2.95741901583049,1.0650795860841036,0,3,4,1,3
12,11,483,00:00:00.0650000,4,558,558,2520803,2535052,35023,2570075,36066,2606141,2.980728363144601,1.046347664449294,0,3,4,1,3
12,12,485,00:00:00.0660000,4,944,944,4343874,4395886,76021,4471907,53866,4525773,2.9988795715529504,1.050193483418981,0,3,4,1,3
12,13,488,00:00:00.0690000,10,1929,1932,9021023,9273456,206147,9479603,96754,9576357,3.05906503065118,1.1574090336951972,0.028083404526114464,3,10,7,1.2857143
12,14,491,00:00:00.0760000,28,4228,4234,19954547,20864528,501561,21366089,169325,21535414,3.267129742409086,1.771408233142909,0.12585566937923431,3,28,25,1.08
12,15,493,00:00:00.0860000,41,8358,8371,38724313,40962485,918887,41881372,247956,42129328,3.4972988158627887,2.7699506045117235,0.2391299605369568,1,41,40,1
12,16,495,00:00:00.1050000,54,18316,18339,83794423,89262314,1797699,91060013,375083,91435096,3.7060105300802655,3.7934097010370396,0.3739546239376068,1,54,53,1
12,17,496,00:00:00.1240000,53,27563,27598,125299093,134813062,2596609,137409671,469378,137879049,3.783458999180465,4.21088429427692,0.44485124945640564,1,53,52,1
12,18,498,00:00:00.1980000,62,62780,62848,284793238,307704461,5696501,313400962,758780,314159742,3.8885909011645845,5.572787389368539,0.5662577152252197,1,62,61,1
12,19,500,00:00:00.3650000,71,140687,140806,640134600,691648211,12888648,704536859,1261866,705798725,3.945851066322614,8.109419804875596,0.6536997556686401,2,71,69,1.0144928
12,20,501,00:00:00.5190000,66,210459,210630,950980901,1035641759,19428529,1055070288,1636833,1056707121,3.962802779779486,9.505278462645233,0.6900588870048523,2,66,64,1.015625
13,0,173,00:00:00.0480000,1,1,1,1002,1002,0,1002,249,1251,1,1,0,0,1,1,0
13,1,191,00:00:00.0560000,1,1,1,2053,2053,0,2053,505,2558,1,1,0,0,1,1,0
13,2,207,00:00:00.0560000,1,1,1,4019,4019,0,4019,944,4963,1,1,0,0,1,1,0
13,3,224,00:00:00.0570000,1,3,3,8176,8182,1,8183,1882,10065,1,1,0,0,1,1,0
13,4,241,00:00:00.0570000,2,4,4,16484,16487,56,16543,3991,20534,1.0232346517835478,1.0475478096248816,0,1,2,1,1
13,5,254,00:00:00.0590000,2,6,6,33132,33178,280,33458,6656,40114,1.2039418085234819,1.4808214006652902,0,1,2,1,1
13,6,261,00:00:00.0590000,5,14,14,63543,63633,728,64361,9156,73517,1.5082385156508191,2.130417147760909,0.016800077632069588,2,5,3,1.3333334
13,7,265,00:00:00.0690000,6,26,26,130808,131139,1505,132644,11579,144223,1.9829215338511406,2.9877349915592295,0.050610367208719254,2,6,4,1.25
13,8,267,00:00:00.0690000,8,48,48,259457,259690,2567,262257,13669,275926,2.3903960964629976,2.8672913270226186,0.07630310952663422,2,8,6,1.1666666
13,9,269,00:00:00.0700000,7,131,131,697959,699060,5554,704614,17294,721908,2.735295339697604,1.8834862592684354,0.2190198302268982,2,7,5,1.2
13,10,270,00:00:00.0700000,7,242,242,1254643,1256425,9345,1265770,20449,1286219,2.842552821798711,1.5891681795587567,0.22616489231586456,2,7,5,1.2
13,11,271,00:00:00.0710000,7,470,470,2344308,2347390,17061,2364451,25310,2389761,2.910696034821363,1.4163201813434563,0.22540250420570374,2,7,5,1.2
13,12,272,00:00:00.0710000,6,872,872,4461647,4470887,32929,4503816,32880,4536696,2.9507513705140727,1.301541967851735,0.24153347313404083,2,6,4,1.25
13,13,273,00:00:00.0720000,6,1713,1713,8582840,8598515,65709,8664224,44820,8709044,2.973371285029198,1.2202476498411525,0.2146894782781601,2,6,4,1.25
13,14,274,00:00:00.0750000,6,3345,3345,16612524,16640240,132979,16773219,63681,16836900,2.985785603680693,1.1574505202193848,0.18008668720722198,2,6,4,1.25
13,15,276,00:00:00.0860000,4,12910,12910,63118823,63311684,547300,63858984,140465,63999449,2.997439020686428,1.068865663385171,0.12971815466880798,1,4,3,1
13,16,277,00:00:00.1010000,3,24298,24298,119674379,120078066,1107079,121185145,214691,121399836,2.9986191864843517,1.0438797979906682,0.1417890042066574,1,3,2,1
13,17,278,00:00:00.1330000,2,41904,41904,207550750,208340922,2193626,210534548,329223,210863771,3,1.0291791134592965,0.10861536860466003,1,3,2,1
13,18,279,00:00:00.1850000,2,67922,67923,335778549,336975259,4110325,341085584,495567,341581151,3,1.0215882341979963,0.08526860177516937,1,3,2,1
13,19,281,00:00:00.3610000,2,152730,152772,749833974,753212043,12093505,765305548,1032816,766338364,3,1.0129451588881393,0.05607184022665024,1,3,2,1
13,20,282,00:00:00.5350000,2,216235,216333,1054797471,1060857450,19228894,1080086344,1429584,1081515928,3,1.010383914677495,0.04667322710156441,1,3,2,1
14,0,39,00:00:00.0410000,3,3,3,1063,1063,0,1063,60,1123,1.0592662276575728,1.1259055635761495,0.013152164407074451,1,3,2,1
14,1,43,00:00:00.0680000,3,5,5,2187,2189,0,2189,119,2308,1.1513488797439415,1.352141428720038,0.06316567212343216,1,3,2,1
14,2,46,00:00:00.0680000,4,5,5,4049,4050,0,4050,211,4261,1.2753766362064707,1.7085941732160754,0.09652842581272125,1,4,3,1
14,3,49,00:00:00.0680000,4,6,6,8494,8499,0,8499,351,8850,1.451141982575936,2.227040953115271,0.20260994136333466,1,4,3,1
14,4,52,00:00:00.0690000,4,7,7,20770,20793,9,20802,702,21504,1.6485796822339913,2.5117142442519866,0.36331331729888916,1,4,3,1
14,5,54,00:00:00.0690000,5,9,9,39748,39764,59,39823,1188,41011,1.760943946865251,2.511434195310185,0.49502140283584595,2,5,3,1.3333334
14,6,56,00:00:00.0690000,5,15,15,78159,78207,231,78438,2020,80458,1.8447907470668765,2.584701886484011,0.6443992853164673,2,5,3,1.3333334
14,7,58,00:00:00.0690000,5,34,34,157846,158006,729,158735,3363,162098,1.9061173548902095,2.839660672589523,0.7946560382843018,2,5,3,1.3333334
14,8,60,00:00:00.0700000,5,78,78,339659,340228,2194,342422,5811,348233,1.9501647240320439,2.99981420310213,0.8845987319946289,2,5,3,1.3333334
14,9,61,00:00:00.0700000,5,106,106,511889,512977,3756,516733,7707,524440,1.9657367124513323,2.7888960367661886,0.8755060434341431,2,5,3,1.3333334
14,10,63,00:00:00.0710000,5,240,240,1172486,1176516,10651,1187167,13623,1200790,1.985346520129025,2.093498600385565,0.7618171572685242,2,5,3,1.3333334
14,11,65,00:00:00.0710000,6,526,526,2576073,2587800,29302,2617102,24509,2641611,1.9954415111683559,1.616239978836547,0.6031287312507629,2,6,3,1.6666666
14,12,67,00:00:00.0730000,7,1062,1062,5235332,5270810,74112,5344922,43330,5388252,2.001030498161339,1.3706119067199205,0.4618856608867645,2,7,4,1.5
14,13,69,00:00:00.0760000,7,1984,1984,9755220,9880300,169552,10049852,73687,10123539,2.004486316044128,1.2428416342196504,0.3591267168521881,2,7,4,1.5
14,14,71,00:00:00.0820000,10,3443,3445,16918974,17267377,353591,17620968,119947,17740915,2.0139337645415143,1.1891175176783748,0.30431583523750305,2,10,7,1.2857143
14,15,74,00:00:00.0980000,21,7464,7476,35456722,36773440,927342,37700782,231111,37931893,2.066899444342317,1.2514862118619834,0.32748734951019287,2,22,18,1.1666666
14,16,77,00:00:00.1310000,41,16563,16595,76119829,80900282,2190781,83091063,416949,83508012,2.2396590381200148,1.8012531218111885,0.45481228828430176,2,42,38,1.0789474
14,17,79,00:00:00.1870000,47,31987,32041,142977211,156312782,3908136,160220918,614675,160835593,2.452070582073391,3.0621879340947786,0.5299608111381531,2,48,44,1.0681819
14,18,81,00:00:00.3030000,60,69909,69999,310074700,344023195,7442574,351465769,931269,352397038,2.6779733689978578,5.533878668964988,0.5687087178230286,2,61,57,1.0526316
14,19,82,00:00:00.4080000,59,107195,107313,469043150,527148114,10646135,537794249,1165828,538960077,2.7649305314447084,6.786086840533891,0.585101306438446,2,60,56,1.0535715
14,20,84,00:00:00.8190000,70,253433,253697,1099342590,1243869601,23296619,1267166220,1895934,1269062154,2.883197391633849,9.45555894838309,0.5355498790740967,2,71,68,1.0294118
15,0,597,00:00:00.0540000,2,2,2,1015,1015,0,1015,653,1668,1.102463054187192,1.2253832396201643,0,1,2,1,1
15,1,605,00:00:00.0890000,2,2,2,2299,2299,0,2299,771,3070,1.5628534145280557,1.9688873557047912,0,1,2,1,1
15,2,608,00:00:00.0900000,2,3,3,4322,4324,0,4324,855,5179,1.7609902822767238,1.571754128209296,0,1,2,1,1
15,3,611,00:00:00.0900000,3,3,3,9579,9579,0,9579,1032,10611,1.886835786616557,1.2598370544216633,0,2,3,1,2
15,4,613,00:00:00.0900000,3,4,4,17042,17044,4,17048,1218,18266,1.9375073348198568,1.1497998044233266,0,2,3,1,2
15,5,616,00:00:00.0900000,3,11,11,40245,40275,63,40338,1830,42168,1.983153186731271,1.0869414240599482,0,2,3,1,2
15,6,618,00:00:00.0900000,3,19,19,69291,69419,218,69637,2596,72233,2.010896075969462,1.0956554142249872,0,2,3,1,2
15,7,621,00:00:00.0910000,4,30,30,154069,154528,941,155469,4564,160033,2.0947562455782798,1.2483679258500477,0.020968202501535416,2,4,2,1.5
15,8,623,00:00:00.1040000,5,58,59,273623,274838,2247,277085,6865,283950,2.226110378148036,1.576780748660099,0.039160218089818954,2,5,3,1.3333334
15,9,625,00:00:00.1050000,7,118,119,555756,558151,5147,563298,10445,573743,2.45077695967295,2.0677065372874135,0.0657283142209053,2,7,5,1.2
15,10,627,00:00:00.1060000,7,283,285,1407296,1414687,13009,1427696,16883,1444579,2.707871691527582,1.8448984372645867,0.09257818013429642,1,7,6,1
15,11,628,00:00:00.1070000,7,502,504,2444394,2456630,21938,2478568,22218,2500786,2.8091952443018595,1.5732320894517184,0.1011161282658577,1,7,6,1
15,12,629,00:00:00.1080000,7,915,917,4437330,4458143,38640,4496783,30044,4526827,2.8830195184942298,1.3633478942668422,0.10088741034269333,1,7,6,1
15,13,630,00:00:00.1090000,7,1704,1706,8315711,8351759,71533,8423292,42055,8465347,2.931819419890855,1.2256620467566302,0.09311877936124802,1,7,6,1
15,14,632,00:00:00.1160000,5,6281,6283,30887732,31041747,266731,31308478,89240,31397718,2.979100990645736,1.0847643738584432,0.07845374941825867,1,5,4,1
15,15,633,00:00:00.1250000,4,11253,11256,55358565,55655214,531167,56186381,134748,56321129,2.9877983650768405,1.0566686515245438,0.07938752323389053,1,4,3,1
15,16,634,00:00:00.1410000,4,18691,18695,92198964,92675614,1020111,93695725,202723,93898448,2.992400706368024,1.042308260925098,0.07056447863578796,1,4,3,1
15,17,635,00:00:00.1660000,4,29457,29463,144518920,145304983,1849354,147154337,298733,147453070,2.995006819868291,1.0336567803453494,0.06399023532867432,1,4,3,1
15,18,637,00:00:00.2660000,5,63642,63660,309278864,311126833,5169489,316296322,600579,316896901,2.9991419879245287,1.0276497300831449,0.055106181651353836,2,5,3,1.3333334
15,19,639,00:00:00.4560000,5,119682,119748,577126178,582894018,12104091,594998109,1092337,596090446,3.002004256684402,1.0268420766946578,0.04971947893500328,2,5,3,1.3333334
15,20,642,00:00:01.0340000,6,262749,263078,1243091052,1276616152,34383716,1310999868,2310930,1313310798,3.015365935559803,1.0472759751822964,0.044173914939165115,2,7,5,1.2
16,0,268,00:00:00.0640000,1,1,1,1027,1027,0,1027,443,1470,1,1,0,0,1,1,0
16,1,297,00:00:00.1160000,1,1,1,2011,2011,0,2011,862,2873,1,1,0,0,1,1,0
16,2,328,00:00:00.1250000,1,1,1,4094,4094,0,4094,1824,5918,1,1,0,0,1,1,0
16,3,356,00:00:00.1270000,1,3,3,8035,8042,0,8042,3396,11438,1,1,0,0,1,1,0
16,4,378,00:00:00.1290000,3,4,4,16526,16530,48,16578,5760,22338,1.2031344547984992,1.4836528551320236,0.03738028183579445,1,3,2,1
16,5,383,00:00:00.1500000,3,10,10,34495,34525,129,34654,6762,41416,1.578112769966662,1.969504568676533,0.03362031653523445,1,3,2,1
16,6,386,00:00:00.1500000,4,19,19,68487,68569,335,68904,7870,76774,1.7775928278359396,1.5487136144963303,0.023175809532403946,2,4,2,1.5
16,7,389,00:00:00.1510000,5,34,34,144111,144480,1045,145525,9873,155398,1.8968781009083275,1.2724501553741248,0.014542878605425358,2,5,3,1.3333334
16,8,392,00:00:00.1510000,6,60,60,296890,298801,3140,301941,13451,315392,1.9719660480312573,1.185718432212989,0.02055087871849537,2,6,4,1.25
16,9,395,00:00:00.1520000,13,125,126,596321,598925,8499,607424,19549,626973,2.0670846741939326,1.297581432762314,0.0683792233467102,2,13,11,1.0909091
16,10,398,00:00:00.1540000,16,244,246,1253977,1263357,21404,1284761,29774,1314535,2.2527095792028082,1.8696236183126849,0.18837343156337738,2,16,14,1.0714285
16,11,400,00:00:00.1550000,19,465,469,2336116,2354953,39961,2394914,40690,2435604,2.460331593122944,3.0303957647422757,0.310251921415329,2,19,17,1.0588236
16,12,402,00:00:00.1590000,19,1097,1101,5196721,5254688,80239,5334927,58337,5393264,2.689367199047245,4.13344276234805,0.4266616702079773,2,19,17,1.0588236
16,13,403,00:00:00.1620000,19,1704,1711,8333074,8436245,119259,8555504,71748,8627252,2.7853061187264148,3.7498103663561304,0.45419642329216003,2,19,17,1.0588236
16,14,405,00:00:00.1730000,22,4653,4660,22562025,22788534,297700,23086234,116695,23202929,2.9095473478112006,2.6922003580450484,0.436280220746994,2,22,20,1.05
16,15,406,00:00:00.1850000,21,7369,7376,35747945,36157677,488665,36646342,153686,36800028,2.939916182594552,2.4078646668337833,0.4327867925167084,2,21,19,1.0526316
16,16,408,00:00:00.2240000,22,16723,16736,81539261,82536493,1286283,83822776,272390,84095166,2.973017795684952,2.1523184287057116,0.4132848381996155,2,22,20,1.05
16,17,410,00:00:00.3150000,21,34340,34363,165410354,168188205,3101714,171289919,476061,171765980,2.9899457805404372,2.112457456293468,0.41722166538238525,2,21,19,1.0526316
16,18,412,00:00:00.4820000,21,64513,64578,307703881,314924790,6780260,321705050,800376,322505426,3.0047034765869594,2.221329813614069,0.43347465991973877,2,21,18,1.1111112
16,19,414,00:00:00.7410000,21,114631,114786,538660067,559423514,13662451,573085965,1291116,574377081,3.0255340591267554,2.4647640198774625,0.4379056692123413,2,21,18,1.1111112
16,20,417,00:00:01.2900000,34,262773,263196,1193103223,1276973086,35141306,1312114392,2481543,1314595935,3.1002266683173647,3.244895264626017,0.4272615909576416,2,34,28,1.1785715
17,0,136,00:00:00.0630000,1,2,2,1025,1026,0,1026,176,1202,1,1,0,0,1,1,0
17,1,147,00:00:00.0800000,2,3,3,2024,2025,0,2025,325,2350,1.0029644268774704,1.005946449540074,0,1,2,1,1
17,2,158,00:00:00.0820000,2,3,3,4007,4009,0,4009,611,4620,1.002495632642875,1.0050037493694772,0,1,2,1,1
17,3,170,00:00:00.0830000,4,4,4,8389,8389,1,8390,1311,9701,1.0071522231493624,1.014431174100896,0,1,4,3,1
17,4,180,00:00:00.1040000,6,11,11,16162,16173,26,16199,2390,18589,1.068865239450563,1.150190706627739,0.042350344359874725,1,6,5,1
17,5,186,00:00:00.1040000,6,14,14,39115,39222,131,39353,3635,42988,1.4633516553751758,2.615556977335248,0.277907133102417,1,6,5,1
17,6,188,00:00:00.1050000,7,20,20,70245,70372,284,70656,4421,75077,1.669883977507296,3.34428921639217,0.36457741260528564,1,7,6,1
17,7,190,00:00:00.1050000,7,46,46,142373,142652,711,143363,5685,149048,1.822571695475968,3.0280683635659913,0.43121111392974854,1,7,6,1
17,8,192,00:00:00.1060000,6,75,75,297100,298048,1941,299989,7885,307874,1.9084012117132279,2.4515189605648584,0.49327510595321655,1,6,5,1
17,9,194,00:00:00.1070000,6,136,136,598211,600878,5318,606196,11832,618028,1.951792929250716,2.0439221226855295,0.4757018983364105,1,6,5,1
17,10,196,00:00:00.1080000,7,254,254,1132905,1139935,13224,1153159,18295,1171454,1.9750120266041724,1.7875117673242982,0.44369062781333923,2,7,5,1.2
17,11,198,00:00:00.1090000,9,418,418,2009518,2026760,29658,2056418,28370,2084788,1.9920349058829032,1.6333699766123515,0.4078467786312103,2,9,6,1.3333334
17,12,201,00:00:00.1130000,13,922,922,4305625,4382560,85466,4468026,53507,4521533,2.0282792858179706,1.5530610089079078,0.36474353075027466,2,13,10,1.2
17,13,204,00:00:00.1210000,27,1956,1958,9015029,9247552,214258,9461810,96215,9558025,2.148886487220396,1.8591348116059823,0.3669988512992859,2,27,23,1.1304348
17,14,206,00:00:00.1320000,36,3342,3349,15672914,16217556,383994,16601550,140360,16741910,2.3115834107173687,2.662240908050083,0.4068881869316101,2,36,32,1.09375
17,15,209,00:00:00.1660000,50,9424,9438,43142131,45273001,969147,46242148,252530,46494678,2.6243692042008773,6.654182769729387,0.49725478887557983,2,51,47,1.0638298
17,16,210,00:00:00.1910000,50,13852,13870,62701924,66408710,1362991,67771701,312061,68083762,2.7124971157184907,9.023731880315218,0.5713288187980652,2,51,47,1.0638298
17,17,212,00:00:00.2810000,65,30196,30233,138750335,146339725,2834947,149174672,490033,149664705,2.845893359464682,14.671970756743796,0.5717485547065735,3,66,61,1.0655738
17,18,214,00:00:00.4720000,68,65777,65842,301531585,320074643,6161874,326236517,793235,327029752,2.922418425917139,18.313120773555074,0.6016021966934204,3,69,65,1.0461539
17,19,216,00:00:00.7010000,74,141192,141316,645833994,687198143,13549124,700747267,1305790,702053057,2.9630010773325752,19.85985616962462,0.5998198390007019,3,75,71,1.0422535
17,20,218,00:00:01.1600000,77,296990,297248,1356505177,1449370627,29573983,1478944610,2160303,1481104913,2.984629953977684,18.551654766742505,0.5759692788124084,3,78,74,1.0405406
18,0,189,00:00:00.0490000,1,1,1,1026,1026,0,1026,299,1325,1,1,0,0,1,1,0
18,1,208,00:00:00.0580000,1,1,1,2016,2016,0,2016,586,2602,1,1,0,0,1,1,0
18,2,226,00:00:00.0580000,2,2,2,4037,4037,0,4037,1108,5145,1.05499133019569,1.1159898712061531,0,1,2,1,1
18,3,235,00:00:00.0590000,2,2,2,8306,8306,0,8306,1574,9880,1.374187334457019,1.8809097360092062,0,1,2,1,1
18,4,240,00:00:00.0600000,2,7,7,19137,19147,17,19164,2129,21293,1.6752364529445576,1.7812115219443854,0,1,2,1,1
18,5,243,00:00:00.0600000,2,9,9,36059,36133,79,36212,2775,38987,1.8089797276685433,1.4473100052810604,0,1,2,1,1
18,6,246,00:00:00.0600000,4,15,15,69575,69735,309,70044,3939,73983,1.8983399209486167,1.2532932492135567,0.004935743287205696,2,4,2,1.5
18,7,249,00:00:00.0700000,6,27,27,133848,134110,972,135082,5857,140939,1.970533739764509,1.2057946000649793,0.02941397950053215,2,6,4,1.25
18,8,252,00:00:00.0700000,7,56,56,262162,263111,2741,265852,9089,274941,2.0948459349562483,1.4065773032558626,0.10929924249649048,2,7,5,1.2
18,9,255,00:00:00.0710000,9,120,120,607036,610094,7595,617689,14881,632570,2.370417899432653,2.4887488449633235,0.2897169888019562,2,9,7,1.1428572
18,10,257,00:00:00.0710000,12,244,245,1237274,1242293,15656,1257949,21424,1279373,2.5964685267774157,4.0831624194496445,0.4078478217124939,2,12,10,1.1
18,11,259,00:00:00.0720000,13,565,567,2732170,2745121,35020,2780141,32523,2812664,2.772602363688936,5.258095296082752,0.5272160172462463,2,13,11,1.0909091
18,12,260,00:00:00.0730000,13,843,845,4127827,4151019,54243,4205262,41150,4246412,2.835012465396442,5.360199648913855,0.576835572719574,2,13,11,1.0909091
18,13,262,00:00:00.0750000,12,1998,2001,9768549,9851863,132611,9984474,67837,10052311,2.92091435483407,4.4760411533917095,0.6218045353889465,1,12,11,1
18,14,264,00:00:00.0810000,12,4997,5003,24889667,25129654,337460,25467114,117001,25584115,2.965173901282006,2.8357958924617277,0.5644186735153198,1,12,11,1
18,15,265,00:00:00.0860000,12,8033,8042,39430947,39846868,548769,40395637,156465,40552102,2.9770240111149247,2.298172830117723,0.513554036617279,1,12,11,1
18,16,267,00:00:00.1060000,14,18973,18984,92287012,93333476,1439768,94773244,284107,95057351,2.992128404807385,1.747161005801829,0.4196087419986725,2,14,12,1.0833334
18,17,268,00:00:00.1250000,13,27829,27847,135295924,137238427,2275919,139514346,380924,139895270,2.996221963050417,1.607785481700656,0.3967728316783905,2,13,11,1.0909091
18,18,270,00:00:00.1930000,14,56174,56232,269422288,274762683,5329779,280092462,667537,280759999,3.004645866566169,1.4742016062518142,0.3488632142543793,2,14,11,1.1818181
18,19,273,00:00:00.4290000,22,137752,137928,650727509,671055765,16138998,687194763,1422181,688616944,3.033442083973739,1.4911859360477535,0.3370034098625183,2,22,17,1.2352941
18,20,275,00:00:00.7350000,21,236446,236824,1087030054,1150657637,30854908,1181512545,2233128,1183745673,3.0708532176424996,1.611773931432085,0.3791460394859314,2,22,17,1.2352941
1,0,189,00:00:00.0420000,1,1,1,1034,1034,0,1034,250,1284,1,1,0,0,1,1,0
1,1,206,00:00:00.0780000,1,1,1,2086,2086,0,2086,503,2589,1,1,0,0,1,1,0
1,2,222,00:00:00.0780000,1,1,1,4048,4048,0,4048,988,5036,1,1,0,0,1,1,0
1,3,239,00:00:00.0790000,1,2,2,8168,8169,1,8170,1960,10130,1,1,0,0,1,1,0
1,4,253,00:00:00.0800000,2,2,2,17541,17541,35,17576,3460,21036,1.1901829998289721,1.44514273031869,0,1,2,1,1
1,5,257,00:00:00.0810000,2,7,7,42582,42601,116,42717,4313,47030,1.6119487107228407,1.9045258930739035,0,1,2,1,1
1,6,259,00:00:00.0810000,2,15,15,84655,84739,300,85039,5150,90189,1.7910460102770067,1.493840339827236,0,1,2,1,1
1,7,261,00:00:00.0820000,2,33,33,175086,175439,871,176310,6595,182905,1.893600859006431,1.2348067647532115,0,1,2,1,1
1,8,263,00:00:00.0820000,3,69,69,347779,348697,2515,351212,9196,360408,1.9454941212666665,1.1208273350323603,0,2,3,1,2
1,9,265,00:00:00.0820000,5,138,138,648282,649938,6489,656427,13508,669935,1.9742380630651475,1.0751958321852493,0.00501666683703661,2,5,3,1.3333334
1,10,267,00:00:00.0970000,6,218,218,1127905,1132139,14872,1147011,20204,1167215,1.9936741126247335,1.062846909929565,0.011808299459517002,2,6,4,1.25
1,11,270,00:00:00.0980000,6,480,480,2335994,2365636,42833,2408469,36507,2444976,2.0269919357669584,1.0961865695271324,0.03397213667631149,2,6,4,1.25
1,12,273,00:00:00.1000000,16,997,999,4644347,4741696,105989,4847685,63702,4911387,2.1254139710060422,1.3280259080253873,0.09020166844129562,2,16,14,1.0714285
1,13,276,00:00:00.1050000,36,2241,2246,10593710,10854867,248370,11103237,109207,11212444,2.38313310445538,2.416434343059804,0.23436881601810455,2,36,34,1.0294118
1,14,278,00:00:00.1130000,45,4778,4790,22694855,23320912,460372,23781284,159930,23941214,2.6323948313395262,3.902770389193611,0.3554925322532654,2,45,43,1.0232558
1,15,279,00:00:00.1200000,43,7568,7584,36051380,37224107,656130,37880237,197700,38077937,2.7436310343737187,3.98181681441639,0.4035537540912628,2,43,41,1.0243902
1,16,281,00:00:00.1460000,47,20253,20279,97427455,100371174,1515929,101887103,322364,102209467,2.888961515006217,3.436366194517788,0.46058714389801025,2,47,45,1.0222223
1,17,282,00:00:00.1830000,46,32934,32963,156917143,161903469,2418040,164321509,424161,164745670,2.9270244870568414,3.353150441662998,0.48595017194747925,2,46,44,1.0227273
1,18,284,00:00:00.3010000,43,80854,80898,384482491,398142728,6266053,404408781,756652,405165433,2.9677572287680585,3.7366055709304526,0.537120521068573,1,43,42,1
1,19,285,00:00:00.4180000,43,123374,123432,586709239,606997146,9988143,616985289,1014871,618000160,2.9783281220836546,4.185322164243592,0.5612895488739014,1,43,42,1
1,20,287,00:00:00.8490000,41,272212,272410,1287400072,1333435669,24354914,1357790583,1808556,1359599139,2.990473913846418,5.3135879275552185,0.6040567755699158,2,41,39,1.0256411
19,0,68,00:00:00.0460000,1,1,1,1036,1036,0,1036,118,1154,1,1,0,0,1,1,0
19,1,76,00:00:00.0550000,1,1,1,2183,2183,0,2183,228,2411,1,1,0,0,1,1,0
19,2,83,00:00:00.0550000,2,2,2,4158,4158,0,4158,453,4611,1.0153920153920153,1.0312576066845214,0,1,2,1,1
19,3,88,00:00:00.0560000,2,2,2,8456,8456,0,8456,723,9179,1.2384105960264902,1.570208653131676,0,1,2,1,1
19,4,91,00:00:00.0560000,2,5,5,24345,24350,9,24359,1045,25404,1.6520435407681249,1.830715750115043,0,1,2,1,1
19,5,92,00:00:00.0560000,2,7,7,40695,40707,29,40736,1258,41994,1.7744194618503502,1.5370140906454817,0,1,2,1,1
19,6,93,00:00:00.0560000,2,15,15,70330,70360,90,70450,1604,72054,1.8588084743352766,1.3201546438001075,0,1,2,1,1
19,7,95,00:00:00.0570000,2,43,43,204726,204864,610,205474,2968,208442,1.9445698152652815,1.1169631767643047,0,1,2,1,1
19,8,96,00:00:00.0570000,2,72,72,333839,334133,1380,335513,4212,339725,1.96429716120645,1.0739480513555058,0,1,2,1,1
19,9,97,00:00:00.0570000,2,122,122,524014,524629,2881,527510,6042,533552,1.9762296427194694,1.048669381623698,0,1,2,1,1
19,10,99,00:00:00.0570000,2,230,230,1157141,1159485,10167,1169652,12220,1181872,1.9883687467646554,1.0235329977336995,0,1,2,1,1
19,11,101,00:00:00.0580000,2,461,462,2260837,2269382,27697,2297079,22681,2319760,1.9936828705475007,1.0127140834954047,0,1,2,1,1
19,12,104,00:00:00.0600000,2,1066,1069,5165725,5223360,93469,5316829,50451,5367280,1.9970575282269187,1.005902201254806,0,1,2,1,1
19,13,106,00:00:00.0620000,3,1765,1770,8205314,8396055,183288,8579343,79817,8659160,2.0000227901089467,1.007727026049115,0,2,3,1,2
19,14,109,00:00:00.0670000,17,3391,3404,15451873,16195796,436953,16632749,145794,16778543,2.0433970690802337,1.097397433683047,0.04216601699590683,2,17,15,1.0666667
19,15,112,00:00:00.0890000,49,6993,7013,31514558,33778076,955682,34733758,250495,34984253,2.2400534381602304,1.7242625807829974,0.21784286201000214,1,49,48,1
19,16,114,00:00:00.1050000,66,13590,13618,59755787,65472700,1643599,67116299,359567,67475866,2.4787111581343577,3.56984886106783,0.4241250157356262,1,66,65,1
19,17,116,00:00:00.1390000,79,31248,31293,137885615,152668367,3100903,155769270,536638,156305908,2.723512086449337,10.441414508461246,0.623867928981781,1,79,78,1
19,18,118,00:00:00.2440000,96,80958,81038,365284828,398753846,6751493,405505339,858435,406363774,2.8814590103917483,22.42553176637836,0.7261455059051514,1,96,95,1
19,19,119,00:00:00.3490000,94,131385,131485,594271933,647693804,10481336,658175140,1117224,659292364,2.92498116682889,23.872818289907087,0.7520189881324768,1,94,93,1
19,20,120,00:00:00.5250000,92,210276,210415,952671370,1035840117,16598024,1052438141,1475564,1053913705,2.953699987856253,23.050616554931157,0.7649295330047607,1,92,91,1
20,0,64,00:00:00.0470000,1,1,1,1029,1029,0,1029,84,1113,1,1,0,0,1,1,0
20,1,70,00:00:00.0650000,1,2,2,2071,2072,0,2072,189,2261,1,1,0,0,1,1,0
20,2,76,00:00:00.0650000,2,2,2,4338,4338,0,4338,377,4715,1.0073766712770862,1.0148621601928993,0,1,2,1,1
20,3,81,00:00:00.0660000,2,2,2,8368,8368,0,8368,637,9005,1.0455305927342256,1.095188485319503,0,1,2,1,1
20,4,86,00:00:00.0660000,2,3,3,18417,18420,16,18436,1191,19627,1.204647879676386,1.4826550382723813,0,1,2,1,1
20,5,89,00:00:00.0660000,2,7,7,34395,34422,70,34492,1801,36293,1.4052042448030237,1.9306045225568544,0,1,2,1,1
20,6,92,00:00:00.0660000,3,11,11,74964,75027,295,75322,2939,78261,1.6272610853209541,1.8835199113852343,0.012329365126788616,1,3,2,1
20,7,94,00:00:00.0780000,3,27,27,131392,131664,739,132403,4228,136631,1.7440483438869947,1.6209685173305617,0.015450817532837391,1,3,2,1
20,8,97,00:00:00.0780000,6,61,61,300587,301324,2716,304040,7679,311719,1.8637166610665132,1.340524999615384,0.019967621192336082,2,6,4,1.25
20,9,100,00:00:00.0790000,8,126,126,644798,647458,8403,655861,13960,669821,1.9427169439111163,1.2342127067331223,0.023637309670448303,2,8,6,1.1666666
20,10,102,00:00:00.0790000,9,212,212,1036951,1044844,16527,1061371,20574,1081945,1.9986373512345328,1.2576220194804228,0.026238515973091125,2,9,7,1.1428572
20,11,105,00:00:00.0800000,14,453,453,2175967,2206740,41903,2248643,36054,2284697,2.164293851882864,1.6455113807166777,0.045637719333171844,2,14,12,1.0833334
20,12,107,00:00:00.0820000,21,854,856,4054763,4112044,77047,4189091,52299,4241390,2.3827784755853796,2.6996752577970367,0.09285266697406769,2,21,19,1.0526316
20,13,109,00:00:00.0840000,23,1887,1891,9155838,9318455,152296,9470751,78445,9549196,2.6434243375647317,4.8035131873364305,0.17238739132881165,2,23,21,1.0476191
20,14,111,00:00:00.0890000,26,5321,5326,25399223,25815991,349736,26165727,126536,26292263,2.8429380694047217,5.051082680097773,0.48543474078178406,2,26,24,1.0416666
20,15,112,00:00:00.0960000,27,8952,8959,43633685,44297253,567291,44864544,166768,45031312,2.90210182797992,4.579297004213065,0.5021302700042725,3,27,24,1.0833334
20,16,113,00:00:00.1060000,26,15132,15140,74021610,75205820,951352,76157172,224938,76382110,2.9389552591466193,4.201073457657937,0.5149058103561401,3,26,23,1.0869565
20,17,115,00:00:00.1560000,23,39745,39764,192915561,196414135,2741115,199155250,425644,199580894,2.976280726260335,3.8855700102086965,0.5348339676856995,2,23,21,1.0476191
20,18,116,00:00:00.2060000,23,60960,60992,294436765,299790303,4547632,304337935,586035,304923970,2.985005072311537,3.8345299857001507,0.536770761013031,2,23,21,1.0476191
20,19,118,00:00:00.3750000,24,128989,129056,620704074,632619067,11479184,644098251,1076768,645175019,2.9957869601480978,3.809254657838372,0.5322701930999756,2,24,22,1.0454545
20,20,120,00:00:00.7000000,23,245655,245838,1173029804,1203233301,25827808,1229061109,1871648,1230932757,3.006355553775853,3.8211280206143927,0.5452301502227783,2,23,20,1.1
21,0,55,00:00:00.0280000,1,1,1,1057,1057,0,1057,78,1135,1,1,0,0,1,1,0
21,1,60,00:00:00.0460000,1,1,1,2033,2033,0,2033,140,2173,1,1,0,0,1,1,0
21,2,66,00:00:00.0850000,1,3,3,4227,4231,0,4231,318,4549,1,1,0,0,1,1,0
21,3,72,00:00:00.0860000,3,3,3,8877,8877,1,8878,660,9538,1.0051819308324885,1.0104261471581395,0,1,3,2,1
21,4,77,00:00:00.1090000,3,7,7,16680,16699,17,16716,1210,17926,1.0218824940047961,1.0448956932699403,0.014255290850996971,1,3,2,1
21,5,82,00:00:00.1100000,5,11,11,32215,32235,104,32339,2261,34600,1.0966320037249728,1.2185590417289682,0.06686591356992722,1,5,4,1
21,6,87,00:00:00.1100000,7,19,19,76959,77086,475,77561,4136,81697,1.3680141373978352,2.249211755421073,0.28876152634620667,2,7,5,1.2
21,7,89,00:00:00.1110000,8,27,27,132928,133139,922,134061,5438,139499,1.5671491333654308,3.45060426418437,0.43628522753715515,2,8,6,1.1666666
21,8,91,00:00:00.1110000,9,61,61,279848,280125,2039,282164,7541,289705,1.7695320316743375,3.5602861502756777,0.4779709279537201,2,9,7,1.1428572
21,9,93,00:00:00.1120000,9,131,131,683502,684527,5349,689876,11419,701295,1.9071590134337573,2.3562142236278767,0.461494117975235,2,9,7,1.1428572
21,10,94,00:00:00.1130000,9,219,219,1070777,1072813,9094,1081907,14566,1096473,1.9470169792589866,1.9856498924045312,0.43544554710388184,2,9,7,1.1428572
21,11,96,00:00:00.1150000,9,508,509,2480406,2488282,26063,2514345,24791,2539136,1.9936300750764189,1.6042897207551832,0.38586798310279846,2,9,7,1.1428572
21,12,98,00:00:00.1180000,9,1076,1078,5204465,5233655,69184,5302839,43101,5345940,2.0222872091559845,1.4598216044667693,0.36114737391471863,2,9,7,1.1428572
21,13,100,00:00:00.1240000,12,2071,2074,10037879,10101554,164261,10265815,73319,10339134,2.0578466825511645,1.4535424254153273,0.34709709882736206,2,12,8,1.375
21,14,102,00:00:00.1360000,14,3741,3747,18407810,18581463,355277,18936740,120649,19057389,2.1241712077645305,1.5915866842692636,0.3758111000061035,2,14,10,1.3
21,15,104,00:00:00.1570000,14,7007,7015,34125330,34745115,721077,35466192,192655,35658847,2.2545546372738374,1.969295747683448,0.3959220349788666,2,14,10,1.3
21,16,106,00:00:00.1980000,15,14897,14909,70800448,72854965,1449389,74304354,305273,74609627,2.474438396209018,2.4083156343468475,0.3543241620063782,2,15,11,1.2727273
21,17,108,00:00:00.2780000,14,38341,38374,181075021,187804229,3120818,190925047,498067,191423114,2.7263063854621894,1.964015608316986,0.3358549177646637,2,15,11,1.2727273
21,18,109,00:00:00.3480000,14,66614,66658,315466800,327045089,4845461,331890550,653780,332544330,2.8229959792916404,1.6469601704776267,0.2664341926574707,2,15,11,1.2727273
21,19,110,00:00:00.4550000,13,120361,120419,574299646,594509280,7889297,602398577,879773,603278350,2.8932999394535583,1.4222560511009432,0.316013365983963,2,14,11,1.1818181
21,20,111,00:00:00.6880000,11,225204,225274,1079299713,1115214224,13496013,1128710237,1217574,1129927811,2.939397447982088,1.2814661506283107,0.2881948947906494,2,12,10,1.1
22,0,89,00:00:00.0420000,1,2,2,1030,1031,0,1031,124,1155,1,1,0,0,1,1,0
22,1,98,00:00:00.0500000,2,2,2,2016,2016,0,2016,252,2268,1.003968253968254,1.0079679703762907,0,1,2,1,1
22,2,108,00:00:00.0510000,2,2,2,4247,4247,0,4247,537,4784,1.0030609842241582,1.0061407321875782,0,1,2,1,1
22,3,117,00:00:00.0510000,2,3,3,8245,8248,0,8248,1048,9296,1.0037598544572468,1.0075479943385917,0,1,2,1,1
22,4,126,00:00:00.0510000,2,5,5,16151,16171,24,16195,2010,18205,1.0042721812890842,1.0085808270787537,0,1,2,1,1
22,5,136,00:00:00.0520000,4,6,6,32228,32243,201,32444,4080,36524,1.010239543254313,1.0207526505144415,0.007976536639034748,1,4,3,1
22,6,147,00:00:00.0610000,6,16,17,68568,68693,991,69684,8201,77885,1.079774822074437,1.1771910317380945,0.058201540261507034,1,6,5,1
22,7,151,00:00:00.0620000,6,27,28,128291,128749,1800,130549,10717,141266,1.3870263697375498,2.0610887220325163,0.1446063220500946,1,6,5,1
22,8,154,00:00:00.0620000,7,68,69,350190,351483,3771,355254,14193,369447,1.742882435249436,2.044032408896873,0.19807444512844086,1,7,6,1
22,9,155,00:00:00.0620000,7,99,101,519791,521885,5382,527267,16122,543389,1.8202970039881414,1.8325218264453649,0.21317876875400543,1,7,6,1
22,10,157,00:00:00.0630000,7,215,217,1127423,1132465,12431,1144896,22173,1167069,1.9137777036657937,1.5933839789879032,0.2587471306324005,2,7,5,1.2
22,11,159,00:00:00.0630000,7,437,439,2270294,2282885,29815,2312700,32647,2345347,1.957638526111596,1.5172934956852564,0.279888778924942,2,7,5,1.2
22,12,161,00:00:00.0640000,7,843,846,4203761,4237862,67300,4305162,49498,4354660,1.983582082806325,1.5167231231538205,0.3359667956829071,2,7,5,1.2
22,13,164,00:00:00.0670000,8,2033,2037,9361588,9513269,196495,9709764,92093,9801857,2.0252552237932284,1.6294807614011642,0.43973201513290405,2,8,5,1.4
22,14,167,00:00:00.0740000,17,4371,4380,19901141,20508794,498677,21007471,165716,21173187,2.1438085384149583,2.1077066427963436,0.4169979989528656,2,17,14,1.1428572
22,15,169,00:00:00.0930000,22,7792,7810,35541259,37269855,898922,38168777,242378,38411155,2.3229921033467047,2.9920417601330698,0.5705279111862183,2,22,19,1.1052631
22,16,171,00:00:00.1110000,31,16624,16655,76205616,80810989,1688609,82499598,361222,82860820,2.5795406207332543,3.731936970698142,0.49062350392341614,2,31,28,1.0714285
22,17,173,00:00:00.1540000,41,41713,41759,191940079,203739468,3565118,207304586,569351,207873937,2.7931247907843155,3.0617598204787053,0.4449142813682556,2,42,39,1.051282
22,18,174,00:00:00.2150000,42,66298,66358,304824925,324203611,5438408,329642019,733870,330375889,2.8578352738051196,2.836398008801633,0.4537491798400879,2,43,40,1.05
22,19,176,00:00:00.3930000,45,160377,160488,734199355,782641864,13247518,795889382,1264002,797153384,2.9322765449719035,2.846546073892943,0.5060396194458008,2,46,43,1.0465117
22,20,177,00:00:00.5690000,43,240588,240755,1097440586,1175734661,20668462,1196403123,1671448,1198074571,2.9521803014491392,2.984565651051488,0.5348456501960754,2,44,41,1.0487804
23,0,75,00:00:00.1010000,1,1,1,1100,1100,0,1100,110,1210,1,1,0,0,1,1,0
23,1,82,00:00:00.1190000,1,1,1,2051,2051,0,2051,212,2263,1,1,0,0,1,1,0
23,2,90,00:00:00.1190000,1,1,1,4088,4088,0,4088,428,4516,1,1,0,0,1,1,0
23,3,98,00:00:00.1200000,1,1,1,8365,8365,0,8365,876,9241,1,1,0,0,1,1,0
23,4,106,00:00:00.1200000,1,1,1,16565,16565,24,16589,1803,18392,1,1,0,0,1,1,0
23,5,115,00:00:00.1210000,1,6,6,34274,34316,203,34519,3735,38254,1,1,0,0,1,1,0
23,6,123,00:00:00.1220000,3,15,15,64538,64629,779,65408,6725,72133,1.0396665530385198,1.0831069912805955,0.030153349041938782,1,3,2,1
23,7,128,00:00:00.1450000,5,38,38,152967,153248,1856,155104,9942,165046,1.4347604385259565,2.066442460336847,0.09439093619585037,1,5,4,1
23,8,130,00:00:00.1460000,5,76,76,351584,352467,3206,355673,12274,367947,1.7254311914080276,1.77833112314441,0.10268431156873703,1,5,4,1
23,9,131,00:00:00.1470000,5,125,125,602823,604404,4834,609238,14223,623461,1.8325992870212318,1.463182733149107,0.09157990664243698,1,5,4,1
23,10,132,00:00:00.1470000,5,246,247,1095287,1098116,7978,1106094,17034,1123128,1.9042041035819834,1.2575935253181474,0.07501903921365738,1,5,4,1
23,11,133,00:00:00.1480000,5,455,457,2041248,2046269,14654,2060923,21502,2082425,1.947027994638574,1.1417445472576262,0.057471662759780884,1,5,4,1
23,12,135,00:00:00.1510000,4,1286,1288,5940963,5962487,54027,6016514,38670,6055184,1.980990792233515,1.0517024246004283,0.03743705898523331,1,4,3,1
23,13,136,00:00:00.1550000,4,2005,2007,9339463,9375380,99138,9474518,53301,9527819,1.9877279882151682,1.0345459121019638,0.029775815084576607,1,4,3,1
23,14,138,00:00:00.1660000,4,4327,4330,20241702,20348600,287356,20635956,99919,20735875,1.9942107140990417,1.0176321882462507,0.0199778750538826,1,4,3,1
23,15,140,00:00:00.1870000,3,8034,8038,38299642,38673091,698354,39371445,177348,39548793,1.9968981433299038,1.0088690216755116,0.014418704435229301,1,3,2,1
23,16,142,00:00:00.2260000,4,13841,13854,65835969,66894379,1481045,68375424,295322,68670746,2.0015748534057423,1.0104940306380696,0.017239980399608612,2,4,2,1.5
23,17,145,00:00:00.3340000,7,28289,28332,130757618,136441805,3818683,140260488,572754,140833242,2.018403310161248,1.0377629132040265,0.03658512234687805,2,8,6,1.1666666
23,18,148,00:00:00.5780000,22,56986,57109,247773727,274836443,8603690,283440133,1017817,284457950,2.105827200960657,1.248758032368581,0.06709833443164825,2,23,21,1.0476191
23,19,151,00:00:00.9180000,55,142953,143254,558397878,694703802,19087121,713790923,1761565,715552488,2.3896816814192836,2.5871809495962412,0.14180532097816467,2,56,54,1.0185186
23,20,152,00:00:01.1160000,55,213174,213567,791670309,1039824769,25653876,1065478645,2139046,1067617691,2.5167763301831747,3.8390526872774817,0.18479084968566895,2,56,54,1.0185186
24,0,198,00:00:00.0700000,2,2,2,1029,1029,0,1029,129,1158,1.6054421768707483,1.914842727867366,0,1,2,1,1
24,1,200,00:00:00.0900000,2,2,2,2298,2298,0,2298,155,2453,1.8133159268929504,1.436092983101306,0,1,2,1,1
24,2,202,00:00:00.0900000,2,3,3,6012,6013,0,6013,206,6219,1.9248170326014638,1.1615224644348188,0,1,2,1,1
24,3,203,00:00:00.0900000,2,3,3,10091,10093,0,10093,268,10361,1.9545139232979882,1.0950914049752005,0,1,2,1,1
24,4,204,00:00:00.0910000,2,4,4,17066,17071,2,17073,366,17439,1.9724598617133482,1.0565947833371976,0,1,2,1,1
24,5,206,00:00:00.0910000,2,17,17,46851,46888,38,46926,765,47691,1.9891357708480075,1.0219645235255101,0,1,2,1,1
24,6,207,00:00:00.0910000,2,22,22,74864,74943,116,75059,1149,76208,1.993040713827741,1.0140153717122151,0,1,2,1,1
24,7,209,00:00:00.0920000,2,37,37,174797,175129,629,175758,2512,178270,1.9968878184408199,1.0062437651032183,0,1,2,1,1
24,8,210,00:00:00.0920000,2,50,50,255604,256271,1270,257541,3657,261198,1.997828672477739,1.004352104577587,0,1,2,1,1
24,9,213,00:00:00.0940000,2,132,132,684722,688522,6580,695102,9644,704746,2.0028726987010788,1.005761915557766,0,1,2,1,1
24,10,215,00:00:00.0950000,3,238,238,1189206,1199851,15625,1215476,16662,1232138,2.0082197701659763,1.016597318693813,0.005968146491795778,1,3,2,1
24,11,218,00:00:00.1170000,12,536,537,2485152,2511578,45784,2557362,33815,2591177,2.048265860599271,1.1031630232089324,0.03499821200966835,1,12,11,1
24,12,220,00:00:00.1200000,14,834,836,3985423,4059662,85087,4144749,51239,4195988,2.119775993664913,1.2837651095113372,0.08418413996696472,1,14,13,1
24,13,223,00:00:00.1270000,24,1947,1951,9531098,9791529,207574,9999103,92597,10091700,2.3966412893876443,2.4462272703028103,0.24696305394172668,1,24,23,1
24,14,225,00:00:00.1390000,30,4393,4405,21260246,21936480,401831,22338311,140547,22478858,2.649869573475302,4.144635835126204,0.3826350271701813,1,30,29,1
24,15,226,00:00:00.1500000,30,6928,6941,33096207,34282891,584879,34867770,176648,35044418,2.749917233718051,4.657650403325382,0.4440285861492157,1,30,29,1
24,16,228,00:00:00.1910000,37,16922,16941,80751985,83491873,1350005,84841878,292329,85134207,2.8815635058382774,5.115674465468088,0.5210268497467041,2,37,34,1.0588236
24,17,230,00:00:00.3060000,38,38478,38507,182902204,189785241,3247447,193032688,501670,193534358,2.9439479307750713,5.513690580768972,0.5753319263458252,2,38,35,1.0571429
24,18,231,00:00:00.4220000,39,56292,56331,266856993,277357041,4989284,282346325,658483,283004808,2.9621358807711666,5.803974670086566,0.5949501395225525,2,39,36,1.0555556
24,19,233,00:00:00.7420000,40,114950,115054,538783536,563265518,11285086,574550604,1119863,575670467,2.9879762213075494,6.552560540393259,0.6323406100273132,2,40,36,1.0833334
24,20,235,00:00:01.0920000,42,222628,222869,1033277326,1088164787,24050416,1112215203,1856095,1114071298,3.007283210238565,7.5090942463267405,0.6544822454452515,2,42,38,1.0789474
25,0,276,00:00:00.0330000,1,1,1,1027,1027,0,1027,374,1401,1,1,0,0,1,1,0
25,1,296,00:00:00.0410000,2,2,2,2070,2070,0,2070,637,2707,1.1434782608695653,1.3258810378421662,0,1,2,1,1
25,2,302,00:00:00.0420000,2,3,3,4765,4766,0,4766,817,5583,1.5609653725078698,1.970701385248375,0,1,2,1,1
25,3,305,00:00:00.0430000,2,4,4,10325,10327,0,10327,1001,11328,1.7788861985472155,1.5254249657411343,0,1,2,1,1
25,4,307,00:00:00.0430000,2,4,4,18967,18973,6,18979,1224,20203,1.8728844835767386,1.2852054297939517,0,1,2,1,1
25,5,309,00:00:00.0430000,2,4,4,35504,35522,38,35560,1599,37159,1.9280362776025237,1.1541611952975903,0,1,2,1,1
25,6,311,00:00:00.0430000,2,13,13,65194,65272,169,65441,2316,67757,1.9589072614044236,1.0855503555959296,0,1,2,1,1
25,7,314,00:00:00.0430000,3,32,32,149831,149939,901,150840,4372,155212,1.98441577510662,1.0456164843435258,0,2,3,1,2
25,8,317,00:00:00.0430000,3,64,64,312161,312941,3117,316058,8042,324100,2.003193864704431,1.0453033820874607,0,2,3,1,2
25,9,320,00:00:00.0440000,4,139,140,605797,610506,8825,619331,14412,633743,2.0477453668473102,1.1230979385571762,0.01019775029271841,2,4,2,1.5
25,10,323,00:00:00.0540000,12,274,275,1246631,1259289,21764,1281053,24604,1305657,2.216621438099967,1.551848805189643,0.05271458253264427,2,12,10,1.1
25,11,325,00:00:00.0550000,18,507,508,2407710,2431922,40394,2472316,35544,2507860,2.454723367847457,2.1905157126332493,0.10717548429965973,2,18,16,1.0625
25,12,327,00:00:00.0570000,21,1195,1196,5993729,6052314,83089,6135403,53748,6189151,2.722556024805259,2.0538788752347052,0.15585190057754517,1,21,20,1
25,13,328,00:00:00.0590000,20,2130,2131,10358107,10472273,128622,10600895,68481,10669376,2.823150214609677,1.7402403507738955,0.1661260426044464,1,20,19,1
25,14,329,00:00:00.0620000,18,3795,3796,18688054,18923953,211064,19135017,89958,19224975,2.8936870580532355,1.4880533551909103,0.16347645223140717,1,18,17,1
25,15,330,00:00:00.0660000,16,7123,7124,34760262,35222855,368569,35591424,122655,35714079,2.938905869006396,1.316634828118757,0.14988185465335846,1,16,15,1
25,16,332,00:00:00.0860000,12,20755,20759,101132033,102650496,1217249,103867745,245469,104113214,2.9768788886108917,1.1698587074283284,0.13103817403316498,1,12,11,1
25,17,333,00:00:00.1090000,11,32730,32738,158406583,160817695,2140539,162958234,348583,163306817,2.984705900764238,1.140060440900802,0.12630951404571533,1,11,10,1
25,18,335,00:00:00.1910000,11,70507,70538,340575863,346001965,5828516,351830481,672068,352502549,2.992493557889039,1.1125434732364015,0.11790743470191956,1,11,10,1
25,19,337,00:00:00.3750000,12,133227,133336,640247200,652858033,13575724,666433757,1201106,667634863,2.9958490939124762,1.10453607357681,0.11323397606611252,1,12,11,1
25,20,339,00:00:00.6480000,14,230645,230893,1094349764,1125008044,27958766,1152966810,1998824,1154965634,3.002826903337277,1.1125749717889968,0.11799142509698868,2,14,11,1.1818181
26,0,25,00:00:00.0420000,1,1,1,1251,1251,0,1251,29,1280,1,1,0,0,1,1,0
26,1,27,00:00:00.0500000,1,2,2,2165,2166,0,2166,62,2228,1,1,0,0,1,1,0
26,2,30,00:00:00.0500000,1,3,3,4986,4990,0,4990,142,5132,1,1,0,0,1,1,0
26,3,32,00:00:00.0500000,1,3,3,8656,8670,0,8670,270,8940,1,1,0,0,1,1,0
26,4,35,00:00:00.0500000,2,5,5,19674,19695,10,19705,608,20313,1.0032530242960251,1.0065272496397764,0,1,2,1,1
26,5,37,00:00:00.0510000,3,7,7,33306,33317,47,33364,1031,34395,1.0087972137152466,1.0177669045166557,0.0037347895558923483,1,3,2,1
26,6,40,00:00:00.0650000,3,15,15,69752,69845,256,70101,2117,72218,1.030407730244294,1.0627575737622867,0.00845659151673317,1,3,2,1
26,7,43,00:00:00.0650000,5,26,26,143112,143294,962,144256,4094,148350,1.109795125496115,1.244750441445934,0.019791482016444206,1,5,4,1
26,8,46,00:00:00.0650000,5,62,62,314736,315840,3062,318902,7664,326566,1.2985168522190025,1.7458494477500117,0.05229369178414345,1,5,4,1
26,9,48,00:00:00.0660000,7,117,117,575102,577033,6503,583536,11648,595184,1.4754513112456573,2.1188146868891646,0.08663800358772278,1,7,6,1
26,10,50,00:00:00.0660000,7,237,238,1104146,1110934,14012,1124946,17943,1142889,1.6433379281363154,2.146650991583212,0.15079806745052338,1,7,6,1
26,11,52,00:00:00.0670000,9,430,431,2182048,2196085,30584,2226669,28103,2254772,1.7748198023141561,2.087338115375961,0.22863563895225525,1,9,8,1
26,12,54,00:00:00.0680000,9,825,826,4417220,4458409,66915,4525324,44576,4569900,1.8666459900118173,2.287899433696567,0.35740095376968384,1,9,8,1
26,13,56,00:00:00.0700000,10,1930,1932,9617815,9725739,149456,9875195,72294,9947489,1.9293245919161472,2.933977741958362,0.470345675945282,1,10,9,1
26,14,58,00:00:00.0750000,12,4977,4986,24312542,24567383,349018,24916401,120748,25037149,1.9698598361290234,3.3282315159515736,0.5110598206520081,2,12,10,1.1
26,15,59,00:00:00.0810000,11,8416,8429,41414491,41889985,555647,42445632,159704,42605336,1.9809196978902868,3.072354279784864,0.5013927817344666,1,11,10,1
26,16,60,00:00:00.0900000,9,14829,14844,71881923,72830310,917399,73747709,215648,73963357,1.9886283370577051,2.7355317597107507,0.5187370777130127,1,9,8,1
26,17,62,00:00:00.1350000,8,41151,41175,199005490,201845494,2686670,204532164,414551,204946715,1.9956927419439534,2.3036588232985102,0.48146817088127136,1,8,7,1
26,18,63,00:00:00.1800000,7,64074,64114,309003909,313939152,4539351,318478503,577401,319055904,1.9971793495984544,2.1818612670385003,0.4908895790576935,1,7,6,1
26,19,65,00:00:00.3530000,10,137944,138025,664657105,675393823,11861673,687255496,1085840,688341336,2.0029242070616244,2.0483542841948514,0.45277804136276245,2,10,7,1.2857143
26,20,67,00:00:00.6500000,9,263013,263222,1255054039,1285071387,27222457,1312293844,1917146,1314210990,2.0076654508101224,1.960871794889848,0.4288291931152344,2,10,7,1.2857143
27,0,48,00:00:00.0390000,1,1,1,1013,1013,0,1013,66,1079,1,1,0,0,1,1,0
27,1,54,00:00:00.0500000,1,1,1,2149,2149,0,2149,160,2309,1,1,0,0,1,1,0
27,2,59,00:00:00.0510000,1,1,1,4036,4036,0,4036,315,4351,1,1,0,0,1,1,0
27,3,65,00:00:00.0510000,1,1,1,8624,8624,1,8625,663,9288,1,1,0,0,1,1,0
27,4,71,00:00:00.0750000,1,4,4,18154,18167,23,18190,1398,19588,1,1,0,0,1,1,0
27,5,76,00:00:00.0760000,2,6,6,32776,32787,122,32909,2474,35383,1.005888454967049,1.0118462673224315,0,1,2,1,1
27,6,82,00:00:00.0770000,3,13,13,66807,66846,564,67410,4762,72172,1.0752017004206147,1.1621040565148182,0.017003582790493965,1,3,2,1
27,7,86,00:00:00.0910000,3,29,29,127696,127843,1403,129246,7292,136538,1.2892807918807168,1.7216958991140328,0.08311481028795242,1,3,2,1
27,8,89,00:00:00.0910000,3,60,60,257331,257914,3050,260964,10434,271398,1.5481345038102676,2.130491336808126,0.18508030474185944,1,3,2,1
27,9,92,00:00:00.0920000,4,140,140,593143,595382,7834,603216,16163,619379,1.759354826744984,1.8136840369019753,0.1963861733675003,1,4,3,1
27,10,94,00:00:00.0930000,5,248,248,1036536,1041709,15476,1057185,22560,1079745,1.8478547778369492,1.6136922084117802,0.2451505959033966,2,5,3,1.3333334
27,11,97,00:00:00.0940000,7,489,489,2257266,2281556,41498,2323054,38190,2361244,1.9272673225043038,1.499140340296277,0.2685299515724182,2,7,4,1.5
27,12,100,00:00:00.0960000,15,979,979,4655440,4732561,103618,4836179,65130,4901309,2.002800164968295,1.6408535917948108,0.34209391474723816,2,15,12,1.1666666
27,13,103,00:00:00.1010000,27,2113,2116,9931239,10226265,244433,10470698,110386,10581084,2.15157997909425,2.3735809224026347,0.38966643810272217,2,27,24,1.0833334
27,14,105,00:00:00.1070000,38,3967,3977,18457299,19153862,437015,19590877,158226,19749103,2.340161147088748,3.737563789016151,0.39082416892051697,2,38,35,1.0571429
27,15,107,00:00:00.1190000,50,8239,8254,38438400,40069661,826745,40896406,233348,41129754,2.5556625926157177,5.311520471702439,0.39099135994911194,2,50,47,1.0425532
27,16,109,00:00:00.1440000,61,18194,18215,85647051,89454461,1697081,91151542,359569,91511111,2.731207172562194,6.1013828087504445,0.40393704175949097,2,61,58,1.0344827
27,17,110,00:00:00.1690000,60,27426,27456,128114970,134720485,2496373,137216858,453772,137670630,2.7956758605180956,6.478006014096461,0.46003657579421997,2,60,57,1.0350877
27,18,112,00:00:00.2700000,62,63053,63097,290819807,307706120,5587482,313293602,742451,314036053,2.88804718861532,8.142989176951103,0.48351436853408813,2,63,60,1.0333333
27,19,114,00:00:00.5040000,66,144664,144759,670329338,709296113,12818614,722114727,1247045,723361772,2.943909508552645,10.070098004615529,0.49502095580101013,3,67,62,1.0645162
27,20,115,00:00:00.7110000,66,220712,220864,1021004070,1080471425,19531740,1100003165,1628429,1101631594,2.961688461241883,9.7798475892885,0.48917582631111145,3,67,62,1.0645162
28,0,154,00:00:00.0980000,1,2,2,1017,1018,0,1018,190,1208,1,1,0,0,1,1,0
28,1,168,00:00:00.1150000,2,2,2,2038,2038,0,2038,407,2445,1.0225711481844946,1.0461601200848945,0,1,2,1,1
28,2,180,00:00:00.1170000,2,2,2,4222,4222,0,4222,768,4990,1.1589294173377547,1.3648927423035095,0,1,2,1,1
28,3,187,00:00:00.1180000,2,2,2,8280,8280,0,8280,1163,9443,1.3929951690821256,1.9124113184953055,0,1,2,1,1
28,4,192,00:00:00.1180000,2,5,5,16591,16605,13,16618,1676,18294,1.611837743354831,1.9047061702117232,0,1,2,1,1
28,5,196,00:00:00.1190000,4,7,7,31936,31946,78,32024,2482,34506,1.765938126252505,1.5961242553329809,0.004845781251788139,2,4,2,1.5
28,6,200,00:00:00.1400000,4,14,14,65329,65384,339,65723,3884,69607,1.9043916178113856,1.4399072024167843,0.04027876257896423,2,4,2,1.5
28,7,204,00:00:00.1400000,5,35,36,156667,156964,1324,158288,6633,164921,2.1790932359718385,1.9211351199273778,0.12365212291479111,2,5,3,1.3333334
28,8,206,00:00:00.1410000,6,73,74,300266,300851,2647,303498,8933,312431,2.4410389454683514,2.4483259395189854,0.1619550883769989,2,6,4,1.25
28,9,208,00:00:00.1420000,6,162,163,736889,738653,6205,744858,12982,757840,2.713248535396783,1.9859377812426744,0.18789105117321014,2,6,4,1.25
28,10,209,00:00:00.1420000,6,275,276,1259986,1263134,10318,1273452,16315,1289767,2.8152162008149295,1.6307055152497445,0.1779385656118393,2,6,4,1.25
28,11,210,00:00:00.1430000,6,472,473,2126097,2131732,18037,2149769,21166,2170935,2.880945695328106,1.4084997433607795,0.1623583883047104,2,6,4,1.25
28,12,212,00:00:00.1460000,6,1131,1132,5464322,5482013,56833,5538846,38177,5577023,2.9471211616006525,1.1985312779071802,0.13122785091400146,2,6,4,1.25
28,13,213,00:00:00.1490000,6,1692,1694,8267274,8298552,98000,8396552,52020,8448572,2.9631855675764465,1.1486921521437463,0.11839056015014648,2,6,4,1.25
28,14,215,00:00:00.1590000,4,3531,3535,17025654,17151789,259171,17410960,94215,17505175,2.9819295047344436,1.0901343073635104,0.11790230125188828,1,4,3,1
28,15,218,00:00:00.1880000,4,8530,8538,41045694,41660928,868559,42529487,209083,42738570,2.9917054880348717,1.0552932576084535,0.09453487396240234,1,4,3,1
28,16,220,00:00:00.2280000,6,14048,14071,66770518,68542294,1700788,70243082,332062,70575144,2.996469310002957,1.0500361060918337,0.07296258956193924,2,6,4,1.25
28,17,223,00:00:00.3490000,14,27864,27934,126493712,134895095,4049798,138944893,610989,139555882,3.025157724836156,1.0986605506126446,0.0653117448091507,2,14,12,1.0833334
28,18,226,00:00:00.5940000,35,58231,58371,239500363,280028374,8800286,288828660,1054237,289882897,3.150792155584332,1.442193220651272,0.07873740792274475,2,35,32,1.0625
28,19,228,00:00:00.8160000,62,109751,109980,417583578,532337995,14918675,547256670,1510501,548767171,3.361680856137499,2.5008070363066115,0.15714016556739807,2,63,60,1.0333333
28,20,230,00:00:01.2030000,108,248035,248419,917340453,1212976812,27389565,1240366377,2236985,1242603362,3.6387168548861544,6.82563761367939,0.2617930471897125,2,109,106,1.018868
2,0,85,00:00:00.0460000,1,1,1,1074,1074,0,1074,133,1207,1,1,0,0,1,1,0
2,1,93,00:00:00.0540000,1,1,1,2024,2024,0,2024,229,2253,1,1,0,0,1,1,0
2,2,102,00:00:00.0550000,1,2,2,4243,4244,0,4244,467,4711,1,1,0,0,1,1,0
2,3,110,00:00:00.0550000,2,3,3,8370,8374,0,8374,961,9335,1.0027479091995222,1.0055108881851178,0,1,2,1,1
2,4,118,00:00:00.0560000,3,9,9,17766,17784,24,17808,1917,19725,1.109309917820556,1.251081417319957,0.10909556597471237,1,3,2,1
2,5,122,00:00:00.0660000,4,16,16,42179,42238,104,42342,2769,45111,1.4962896227980749,2.4515174147056253,0.4012976884841919,2,4,2,1.5
2,6,124,00:00:00.0660000,4,27,27,97690,97844,287,98131,3577,101708,1.7524721056402908,2.092032566007719,0.46414950489997864,2,4,2,1.5
2,7,125,00:00:00.0660000,4,48,48,165325,165588,550,166138,4273,170411,1.8465446847119311,1.694176036400464,0.4348992705345154,2,4,2,1.5
2,8,126,00:00:00.0660000,4,66,66,295014,295450,1117,296567,5322,301889,1.9108889747605198,1.4161200480417024,0.37458962202072144,2,4,2,1.5
2,9,127,00:00:00.0670000,4,111,111,546873,547652,2410,550062,7012,557074,1.9514622224904137,1.2452255164167376,0.3014008104801178,2,4,2,1.5
2,10,129,00:00:00.0670000,4,338,338,1717467,1720252,11056,1731308,13722,1745030,1.9868649586862512,1.1016017189116107,0.19354036450386047,2,4,2,1.5
2,11,130,00:00:00.0680000,4,538,538,2803670,2808947,22088,2831035,19743,2850778,1.9945000659849412,1.074053299125702,0.16409766674041748,2,4,2,1.5
2,12,131,00:00:00.0680000,4,863,863,4360566,4370514,41605,4412119,28370,4440489,1.9999029942443252,1.0590797339039435,0.147566556930542,2,4,2,1.5
2,13,133,00:00:00.0700000,4,1881,1882,9353847,9388562,123118,9511680,55661,9567341,2.009800459639761,1.0520571669819954,0.15065895020961761,2,4,2,1.5
2,14,135,00:00:00.0740000,4,3573,3577,17795692,17914385,302406,18216791,100960,18317751,2.0258234970576026,1.072875945041115,0.20959720015525818,2,4,2,1.5
2,15,138,00:00:00.0870000,4,8517,8530,41091252,41822283,923042,42745325,217457,42962782,2.0948472438853893,1.215525480336531,0.45767998695373535,2,5,2,2
2,16,140,00:00:00.1040000,8,14787,14812,70239127,72255321,1766591,74021912,341566,74363478,2.195725183201665,1.473208548032781,0.6941794753074646,2,9,6,1.3333334
2,17,142,00:00:00.1350000,11,26265,26306,121684226,127884340,3263816,131148156,522184,131670340,2.3385029132699584,1.8639437978545594,0.8842071294784546,2,12,9,1.2222222
2,18,145,00:00:00.2560000,27,66576,66684,296109020,324928748,8175214,333103962,972626,334076588,2.5873843221662076,2.3925383830480142,0.9307188987731934,3,28,25,1.08
2,19,147,00:00:00.4170000,39,131413,131612,557931367,641394748,15450913,656845661,1482140,658327801,2.7302530671303877,2.7254687682294967,0.8939015865325928,3,40,37,1.054054
2,20,149,00:00:00.7640000,72,275031,275400,1142968747,1345729338,30267130,1375996468,2295549,1378292017,2.847773332860868,3.908565788635456,0.8848199844360352,3,73,70,1.0285715
29,0,99,00:00:00.0280000,1,1,1,1011,1011,0,1011,146,1157,1,1,0,0,1,1,0
29,1,109,00:00:00.0550000,1,1,1,2086,2086,0,2086,292,2378,1,1,0,0,1,1,0
29,2,118,00:00:00.0550000,1,2,2,4101,4103,0,4103,546,4649,1,1,0,0,1,1,0
29,3,128,00:00:00.0560000,2,4,4,8481,8491,1,8492,1149,9641,1.0016507487324608,1.0033069512058304,0,1,2,1,1
29,4,136,00:00:00.0570000,5,6,6,17105,17107,24,17131,2050,19181,1.1116632563577902,1.2580362070209166,0.06977879256010056,1,5,4,1
29,5,140,00:00:00.0680000,5,9,9,41429,41444,100,41544,2895,44439,1.5171739602693766,2.5364148090095835,0.24368678033351898,1,5,4,1
29,6,142,00:00:00.0680000,5,18,18,98218,98279,285,98564,3722,102286,1.76951271660999,2.1170570960726756,0.2833840847015381,1,5,4,1
29,7,143,00:00:00.0680000,5,40,40,161808,161945,557,162502,4441,166943,1.8529677148225057,1.7497198905930225,0.27336743474006653,1,5,4,1
29,8,144,00:00:00.0690000,5,69,69,267088,267379,1114,268493,5488,273981,1.9066150482238065,1.5072920502020735,0.25225648283958435,1,5,4,1
29,9,146,00:00:00.0690000,5,141,141,680346,681564,4297,685861,9220,695081,1.9605612438376943,1.2613399784591368,0.20252729952335358,1,5,4,1
29,10,147,00:00:00.0690000,4,230,230,1035562,1038857,7990,1046847,12327,1059174,1.9733043506810795,1.1978360750659904,0.22217054665088654,1,4,3,1
29,11,149,00:00:00.0700000,5,422,422,2188601,2195475,23938,2219413,22197,2241610,1.9886155585234586,1.130549200695737,0.17793990671634674,2,5,3,1.3333334
29,12,151,00:00:00.0710000,5,828,828,4136955,4160731,60153,4220884,38656,4259540,1.9966032988031053,1.0968829363364834,0.14511515200138092,2,5,3,1.3333334
29,13,154,00:00:00.0770000,7,1917,1922,9247377,9363090,188160,9551250,81061,9632311,2.0146194969665454,1.09670152182439,0.1136891171336174,2,7,4,1.5
29,14,157,00:00:00.0840000,10,3930,3940,18533448,19198987,481000,19679987,153219,19833206,2.0676749949604627,1.198266233126438,0.09657619893550873,2,10,7,1.2857143
29,15,160,00:00:00.1010000,31,8743,8764,40144248,42550730,1115604,43666334,272085,43938419,2.2790029346171834,1.8363305312387632,0.1493569016456604,2,32,29,1.0689656
29,16,162,00:00:00.1200000,42,17779,17817,80036659,86370420,2007876,88378296,400965,88779261,2.523749598293452,2.7926363321702663,0.18661722540855408,3,43,39,1.0769231
29,17,163,00:00:00.1390000,42,26515,26566,118001729,129138967,2780549,131919516,493418,132412934,2.6378833567769164,3.047825776612418,0.21080951392650604,3,43,39,1.0769231
29,18,165,00:00:00.2120000,58,61293,61366,272276797,299025998,5751309,304777307,774981,305552288,2.812558482535697,3.2365499416515067,0.2618447542190552,3,59,55,1.0545454
29,19,167,00:00:00.3780000,69,138097,138223,613020134,677004763,12767654,689772417,1270127,691042544,2.9092801901348317,3.62357024945947,0.27106043696403503,3,70,67,1.0298507
29,20,169,00:00:00.7140000,81,300003,300256,1332002270,1472936170,28708822,1501644992,2121286,1503766278,2.961664589355392,4.820147680885034,0.3198409676551819,3,82,79,1.0253165
30,0,313,00:00:00.0330000,2,2,2,1015,1015,0,1015,322,1337,1.2916256157635468,1.7040426689074704,0,1,2,1,1
30,1,324,00:00:00.0590000,3,3,3,2144,2144,0,2144,468,2612,1.576026119402985,1.9625770814672225,0,2,3,1,2
30,2,331,00:00:00.0680000,3,3,3,4203,4203,0,4203,686,4889,1.7582679038781823,1.6077130744738022,0,2,3,1,2
30,3,337,00:00:00.0680000,3,4,4,8411,8412,0,8412,1019,9431,1.8818214243252882,1.3643183786164965,0,2,3,1,2
30,4,343,00:00:00.0680000,4,4,4,17994,17994,18,18012,1675,19687,1.9787151272646437,1.2921546796826977,0.019152523949742317,2,4,2,1.5
30,5,348,00:00:00.0780000,4,15,15,35491,35549,116,35665,2747,38412,2.0880504916739455,1.4291211766669245,0.12170391529798508,2,4,2,1.5
30,6,352,00:00:00.0790000,7,23,23,72867,73052,428,73480,4318,77798,2.3229857136975585,2.1381300782142194,0.1812196969985962,3,7,4,1.5
30,7,355,00:00:00.0790000,10,37,37,165881,166124,1240,167364,6484,173848,2.6157426106666826,2.5950286128636635,0.22278499603271484,3,10,6,1.5
30,8,357,00:00:00.0790000,11,75,75,327515,327894,2722,330616,8940,339556,2.791859914813062,2.1993585313819803,0.2653190493583679,3,11,7,1.4285715
30,9,359,00:00:00.0790000,11,166,166,672254,673616,6475,680091,13104,693195,2.9228639770086904,1.9512276649762363,0.329325795173645,3,11,7,1.4285715
30,10,361,00:00:00.0800000,11,322,322,1386262,1391362,15680,1407042,20162,1427204,3.030290089463608,2.0460999874546713,0.42241790890693665,3,11,7,1.4285715
30,11,363,00:00:00.0810000,10,625,626,2799932,2820151,37307,2857458,32061,2889519,3.129400642587034,2.435571771902973,0.5154739022254944,2,10,7,1.2857143
30,12,365,00:00:00.0830000,12,1247,1249,5548133,5599384,85660,5685044,51798,5736842,3.2300316160409275,3.1136573090349478,0.5684469938278198,2,12,9,1.2222222
30,13,367,00:00:00.0860000,14,2316,2321,10911524,11050033,188651,11238684,83696,11322380,3.3431793762264554,4.036204910245445,0.6065620183944702,2,14,11,1.1818181
30,14,369,00:00:00.0910000,16,4545,4552,21922879,22324075,404304,22728379,134842,22863221,3.4784402632519207,5.0101756376510185,0.6137274503707886,2,16,13,1.1538461
30,15,370,00:00:00.0950000,16,6564,6571,31693000,32417401,590656,33008057,171322,33179379,3.554001104344808,5.1727887397155925,0.599007248878479,2,16,13,1.1538461
30,16,372,00:00:00.1100000,17,14338,14349,69007746,71203960,1285236,72489196,280198,72769394,3.7018809743474304,4.192629916351065,0.5348418354988098,2,17,14,1.1428572
30,17,374,00:00:00.1430000,22,31474,31498,149232096,154776963,2866008,157642971,466312,158109283,3.815863847412557,3.029106233543233,0.40620678663253784,2,23,19,1.1578947
30,18,376,00:00:00.2280000,25,65071,65115,305311261,319937268,6346477,326283745,778803,327062548,3.888008038458824,2.4095038017854113,0.3758606016635895,2,26,21,1.1904762
30,19,378,00:00:00.3840000,33,126754,126863,588178172,622813454,13536854,636350308,1283072,637633380,3.9361191186809292,2.197902892232505,0.350382000207901,2,34,29,1.137931
30,20,380,00:00:00.6820000,42,238034,238299,1081828859,1162664645,27513772,1190178417,2065634,1192244051,3.974690046607455,2.2909497012502533,0.35040777921676636,2,43,38,1.1052631
31,0,114,00:00:00.0420000,2,2,2,1017,1017,0,1017,158,1175,1.0039331366764994,1.0078972014337282,0,1,2,1,1
31,1,127,00:00:00.0750000,2,3,3,2101,2103,0,2103,346,2449,1.0261780104712042,1.053724600498729,0,1,2,1,1
31,2,134,00:00:00.0760000,2,3,3,4014,4018,0,4018,531,4549,1.2438963627304434,1.5843387642901186,0,1,2,1,1
31,3,138,00:00:00.0760000,2,4,4,8636,8641,0,8641,740,9381,1.563455303381195,1.9682981180249277,0,1,2,1,1
31,4,141,00:00:00.0760000,2,7,7,20667,20690,10,20700,1082,21782,1.7870518217448106,1.5042175502967576,0,1,2,1,1
31,5,143,00:00:00.0760000,3,8,8,39532,39550,57,39607,1553,41160,1.8790852979864414,1.278566726976769,0,2,3,1,2
31,6,145,00:00:00.0760000,3,17,17,75424,75496,223,75719,2358,78077,1.933363385659737,1.1579450935746995,0,2,3,1,2
31,7,147,00:00:00.0770000,3,31,31,137965,138249,691,138940,3692,142632,1.966324792519842,1.1018433658169111,0,2,3,1,2
31,8,150,00:00:00.0770000,6,67,67,315344,316042,2786,318828,7259,326087,2.010341087827896,1.1058096830683555,0.01336416881531477,2,6,4,1.25
31,9,152,00:00:00.0900000,6,115,116,525858,528519,6044,534563,11079,545642,2.058251467126106,1.183816851209676,0.030375849455595016,2,6,4,1.25
31,10,155,00:00:00.0910000,10,247,248,1187428,1197326,17555,1214881,20605,1235486,2.2414184270541035,1.6611780648036105,0.08117029815912247,2,10,8,1.125
31,11,157,00:00:00.0920000,12,490,491,2392072,2419305,35414,2454719,31245,2485964,2.474746161486778,2.2741106493986534,0.13499760627746582,2,12,10,1.1
31,12,159,00:00:00.0940000,16,1249,1251,6081150,6144971,78659,6223630,49619,6273249,2.7297790713927466,2.067135713697661,0.16872498393058777,2,16,14,1.0714285
31,13,160,00:00:00.0970000,15,2163,2166,10541748,10664826,125156,10789982,64559,10854541,2.827683606172335,1.7473303344511417,0.17409993708133698,1,15,14,1
31,14,161,00:00:00.1000000,15,3877,3880,19052982,19268242,209670,19477912,86408,19564320,2.895526642496172,1.4970052910036324,0.16573339700698853,1,15,14,1
31,15,162,00:00:00.1060000,15,6662,6665,33366564,33737683,369012,34106695,119245,34225940,2.935710011974862,1.349007427961878,0.15359704196453094,1,15,14,1
31,16,164,00:00:00.1270000,14,17681,17687,87002426,88101728,1149223,89250951,235814,89486765,2.972383310322864,1.2116611121429248,0.13547402620315552,1,14,13,1
31,17,165,00:00:00.1490000,14,26780,26789,130893073,132652221,1937502,134589723,328871,134918594,2.980830681544164,1.180125704386129,0.12930282950401306,1,14,13,1
31,18,167,00:00:00.2320000,15,54727,54761,265364874,269363993,4904391,274268384,609730,274878114,2.989869846150022,1.1513528574996594,0.12434881180524826,1,15,14,1
31,19,170,00:00:00.4980000,17,131473,131619,624482831,639725092,15428059,655153151,1351289,656504440,2.998252336259986,1.151078433785157,0.13085061311721802,2,17,15,1.0666667
31,20,172,00:00:00.8530000,18,215878,216234,1006318258,1048601011,29277244,1077878255,2130537,1080008792,3.0058812427906876,1.1776881203100673,0.14332278072834015,2,18,16,1.0625
32,0,701,00:00:00.0340000,1,1,1,1011,1011,0,1011,1094,2105,1,1,0,0,1,1,0
32,1,785,00:00:00.0610000,1,1,1,2002,2002,0,2002,2361,4363,1,1,0,0,1,1,0
32,2,866,00:00:00.0620000,1,1,1,4008,4008,0,4008,4731,8739,1,1,0,0,1,1,0
32,3,945,00:00:00.0640000,1,3,3,8054,8057,4,8061,9309,17370,1,1,0,0,1,1,0
32,4,1006,00:00:00.0650000,3,9,9,15978,16009,127,16136,15767,31903,1.1677306296157217,1.3971845936152785,0.07877224683761597,1,3,2,1
32,5,1020,00:00:00.0760000,9,13,13,32819,32835,316,33151,18402,51553,1.6020597824430969,2.9970754543206644,0.24582479894161224,3,9,6,1.3333334
32,6,1025,00:00:00.0770000,8,22,22,68179,68349,640,68989,20198,89187,2.092697164816146,4.296575621941561,0.36051568388938904,3,8,5,1.4
32,7,1028,00:00:00.0770000,8,40,41,142951,143519,1306,144825,22145,166970,2.5228924596540074,3.603696494008384,0.47378721833229065,3,8,5,1.4
32,8,1030,00:00:00.0770000,9,66,67,266351,267493,2487,269980,24312,294292,2.8256023067305924,3.1117851449801215,0.351028174161911,3,9,6,1.3333334
32,9,1032,00:00:00.0780000,11,133,135,554469,556216,5419,561635,27963,589598,3.1427022971527716,2.8844943625251895,0.24402669072151184,3,11,7,1.4285715
32,10,1034,00:00:00.0780000,10,300,302,1270251,1277065,13021,1290086,34253,1324339,3.442987252125761,2.3976353709262685,0.1573648750782013,3,10,6,1.5
32,11,1036,00:00:00.0790000,10,652,654,2907495,2926800,33549,2960349,45743,3006092,3.65473440195082,1.8555521203498042,0.10852892696857452,3,10,6,1.5
32,12,1037,00:00:00.0800000,10,909,912,4304204,4337250,53838,4391088,54589,4445677,3.7277145785841004,1.665586221173365,0.09082340449094772,3,10,6,1.5
32,13,1039,00:00:00.0820000,11,1875,1879,8857996,8944970,133369,9078339,81567,9159906,3.8264293639328804,1.4319636370307007,0.06900116056203842,3,11,7,1.4285715
32,14,1041,00:00:00.0870000,11,3558,3564,16685231,16944181,302772,17246953,125278,17372231,3.8869882592575435,1.314668914380837,0.06044792756438255,3,12,8,1.375
32,15,1044,00:00:00.1000000,17,8263,8279,37994149,38939397,885119,39824516,237072,40061588,3.9429851159450893,1.2963473692356144,0.08654606342315674,3,18,14,1.2142857
32,16,1046,00:00:00.1160000,19,13633,13662,62358951,65127489,1660083,66787572,354638,67142210,3.970936890840258,1.3974367746650018,0.11358965933322906,3,20,16,1.1875
32,17,1049,00:00:00.1640000,31,31131,31206,137003723,148964848,3990802,152955650,631450,153587100,4.05529609585865,2.124172970659448,0.32776063680648804,2,31,29,1.0344827
32,18,1051,00:00:00.2530000,46,59664,59799,256582738,288409145,7224131,295633276,930526,296563802,4.155879636766524,3.722055176140705,0.4069164991378784,2,46,43,1.0465117
32,19,1053,00:00:00.4100000,66,126568,126780,533430591,616193464,13804913,629998377,1407073,631405450,4.2996271261840695,7.234211434537594,0.46012863516807556,2,66,64,1.015625
32,20,1055,00:00:00.7740000,82,283615,283962,1171242339,1386632579,28385352,1415017931,2210356,1417228287,4.456013738758807,11.127147293275382,0.5033702254295349,2,82,79,1.0253165
33,0,57,00:00:00.0610000,1,1,1,1010,1010,0,1010,108,1118,1,1,0,0,1,1,0
33,1,66,00:00:00.0790000,1,2,2,2012,2014,0,2014,237,2251,1,1,0,0,1,1,0
33,2,75,00:00:00.0800000,2,3,3,4343,4345,0,4345,490,4835,1.007368178678333,1.0148449833700954,0,1,2,1,1
33,3,83,00:00:00.0820000,3,4,4,8692,8693,1,8694,969,9663,1.0317533364012885,1.0657007453226681,0.012354453094303608,1,3,2,1
33,4,90,00:00:00.1040000,3,7,7,16651,16664,21,16685,1740,18425,1.0994534862771004,1.2223152862720188,0.06451287120580673,1,3,2,1
33,5,97,00:00:00.1040000,3,9,9,35223,35327,156,35483,3191,38674,1.2646850069556823,1.7090199755816173,0.21073147654533386,1,3,2,1
33,6,102,00:00:00.1060000,5,12,12,67902,68102,540,68642,5128,73770,1.4723866749138463,2.4551144201196435,0.3061825931072235,2,5,3,1.3333334
33,7,106,00:00:00.1060000,6,27,27,134618,135005,1432,136437,7727,144164,1.7778603158567206,3.531707894780889,0.5820807814598083,2,6,4,1.25
33,8,109,00:00:00.1070000,7,63,63,312587,313295,3273,316568,11015,327583,2.2508837539628965,3.6903654201269394,0.5998656749725342,2,7,5,1.2
33,9,111,00:00:00.1080000,7,165,165,751359,753118,6979,760097,15173,775270,2.614549103690779,2.1956476690862097,0.5141510367393494,2,7,5,1.2
33,10,112,00:00:00.1080000,7,254,254,1226242,1229306,11173,1240479,18544,1259023,2.740589541053071,1.7804942944634747,0.44531986117362976,2,7,5,1.2
33,11,114,00:00:00.1100000,7,647,647,3153046,3163503,31740,3195243,30025,3225268,2.8817445099120027,1.4497081953062332,0.34981420636177063,2,7,5,1.2
33,12,115,00:00:00.1120000,7,965,965,4841801,4861404,53931,4915335,39375,4954710,2.917717807898342,1.3939636613071213,0.32512232661247253,2,7,5,1.2
33,13,117,00:00:00.1180000,6,2122,2122,10347016,10416130,145424,10561554,68804,10630358,2.957707710126282,1.3644834278849791,0.4193101227283478,2,6,3,1.6666666
33,14,119,00:00:00.1290000,8,4121,4123,19801860,19954740,347185,20301925,117765,20419690,2.975965692111751,1.3951190937469014,0.3917959928512573,2,8,5,1.4
33,15,121,00:00:00.1490000,10,7305,7311,34642193,35043147,738135,35781282,192911,35974193,2.9870699871685376,1.4529049129075773,0.41373133659362793,2,10,6,1.5
33,16,124,00:00:00.2060000,12,15231,15253,70745453,73103272,1939547,75042819,372428,75415247,3.005544427003669,1.5805022332137606,0.45014050602912903,3,13,8,1.5
33,17,127,00:00:00.3360000,26,30681,30753,135675619,147024537,4454573,151479110,664063,152143173,3.066749361946895,1.9371851511896587,0.47584936022758484,3,27,22,1.1818181
33,18,130,00:00:00.5930000,68,71929,72076,298844775,347920412,9859096,357779508,1145860,358925368,3.3138718520342207,3.7187779184423477,0.3306526243686676,2,69,66,1.030303
33,19,132,00:00:00.8520000,96,156691,156941,627559160,761184352,17840360,779024712,1687482,780712194,3.575856040409003,7.751781943190938,0.3730708062648773,2,97,94,1.0212766
33,20,133,00:00:01.0970000,95,243893,244214,950987697,1186609519,25050068,1211659587,2088306,1213747893,3.687366304592687,10.09472072573604,0.3893751800060272,2,96,93,1.0215054
34,0,564,00:00:00.0330000,1,1,1,1006,1006,0,1006,800,1806,1,1,0,0,1,1,0
34,1,623,00:00:00.0600000,1,1,1,2011,2011,0,2011,1666,3677,1,1,0,0,1,1,0
34,2,678,00:00:00.0610000,1,2,2,4021,4022,0,4022,3252,7274,1,1,0,0,1,1,0
34,3,734,00:00:00.0620000,2,3,3,8004,8008,2,8010,6444,14454,1.001624187906047,1.0032536096711957,0,1,2,1,1
34,4,781,00:00:00.0640000,2,5,5,15892,15910,110,16020,11609,27629,1.1373017870626732,1.3104443081694208,0,1,2,1,1
34,5,799,00:00:00.0640000,3,11,11,31817,31884,378,32262,15181,47443,1.4799006820253324,2.011325010628698,0,2,3,1,2
34,6,809,00:00:00.0640000,6,20,20,65899,66045,1041,67086,18898,85984,1.8462343889892108,2.2357277954142187,0.08612333983182907,2,6,4,1.25
34,7,814,00:00:00.0740000,6,35,35,133564,134202,2130,136332,22170,158502,2.2612081099697523,3.191036298833888,0.2721754312515259,2,6,4,1.25
34,8,818,00:00:00.0750000,10,72,72,311929,313380,4908,318288,26986,345274,2.622401251566863,3.5474987503066147,0.36110544204711914,3,10,7,1.2857143
34,9,820,00:00:00.0750000,11,114,114,500976,504094,8163,512257,30895,543152,2.7563156718086295,3.4207074854045847,0.41945332288742065,3,11,7,1.4285715
34,10,823,00:00:00.0760000,13,244,244,1046696,1057218,18710,1075928,39959,1115887,2.9229766809083055,3.4728115263939796,0.41959241032600403,3,13,9,1.3333334
34,11,826,00:00:00.0770000,18,504,504,2386236,2416199,44926,2461125,55683,2516808,3.159978308935076,4.449845798901591,0.4183568060398102,3,18,14,1.2142857
34,12,828,00:00:00.0780000,21,994,995,4762976,4834827,85039,4919866,73323,4993189,3.402391278058088,4.877554446056568,0.39830321073532104,3,21,17,1.1764706
34,13,830,00:00:00.0810000,23,2296,2299,11155968,11343383,177214,11520597,103014,11623611,3.654392608512323,3.4501270559605763,0.37349170446395874,3,23,19,1.1578947
34,14,831,00:00:00.0830000,23,3593,3596,17283609,17606860,267639,17874499,125908,18000407,3.74535399406455,2.854168918589777,0.354145348072052,3,23,19,1.1578947
34,15,833,00:00:00.0920000,24,8329,8340,39909557,40769578,640043,41409621,198308,41607929,3.8629230336984195,2.2741096288195948,0.310184508562088,2,24,21,1.0952381
34,16,835,00:00:00.1110000,29,17801,17822,85500743,87441648,1524017,88965665,325535,89291200,3.922753349640482,2.17918748787155,0.30809974670410156,2,29,26,1.0769231
34,17,837,00:00:00.1510000,31,36223,36267,172758328,177623319,3438833,181062152,536619,181598771,3.9578839058919346,2.431870571435497,0.3524820804595947,2,32,28,1.1071428
34,18,839,00:00:00.2480000,32,71966,72050,342084173,354113754,7380925,361494679,875924,362370603,3.9791300604836812,3.121198916125874,0.42755886912345886,3,33,27,1.1851852
34,19,841,00:00:00.4310000,34,144510,144676,678313894,708389545,15387618,723777163,1416928,725194091,3.9949937027237126,4.224780127926916,0.47181499004364014,3,35,28,1.2142857
34,20,843,00:00:00.7740000,40,286447,286779,1334653270,1405723885,31610184,1437334069,2279458,1439613527,4.011264754927698,5.183417820514379,0.5130959153175354,3,41,34,1.1764706
35,0,170,00:00:00.1030000,1,1,1,1038,1038,0,1038,169,1207,1,1,0,0,1,1,0
35,1,182,00:00:00.1210000,1,1,1,2015,2015,0,2015,360,2375,1,1,0,0,1,1,0
35,2,194,00:00:00.1220000,1,1,1,4084,4084,0,4084,699,4783,1,1,0,0,1,1,0
35,3,206,00:00:00.1230000,2,2,2,8011,8011,0,8011,1419,9430,1.001997253776058,1.0040024425989325,0,1,2,1,1
35,4,214,00:00:00.1260000,2,2,2,16575,16575,17,16592,2244,18836,1.2351131221719458,1.561694541301773,0,1,2,1,1
35,5,217,00:00:00.1260000,2,6,6,44190,44196,75,44271,2908,47179,1.6664856302330844,1.8003910244362769,0,1,2,1,1
35,6,218,00:00:00.1270000,2,8,8,70683,70697,152,70849,3315,74164,1.7813052643492777,1.5191443679592738,0,1,2,1,1
35,7,220,00:00:00.1270000,2,23,23,189025,189099,668,189767,4703,194470,1.911445575982013,1.1924993339181462,0,1,2,1,1
35,8,221,00:00:00.1270000,2,42,42,302621,302788,1344,304132,5851,309983,1.9428327842416753,1.1208227675832692,0,1,2,1,1
35,9,223,00:00:00.1280000,2,116,116,704032,704785,5031,709816,9964,719780,1.9740835643834371,1.0531743406648386,0,1,2,1,1
35,10,224,00:00:00.1280000,2,189,189,1024706,1026256,8866,1035122,13139,1048261,1.98182015134097,1.0370202268024657,0,1,2,1,1
35,11,227,00:00:00.1300000,2,544,544,2678498,2690727,37404,2728131,29589,2757720,1.9926936663757076,1.0147194283337446,0,1,2,1,1
35,12,229,00:00:00.1330000,4,949,950,4566492,4597052,81149,4678201,48151,4726352,1.9990800378058255,1.0158009015948382,0.003427251474931836,2,4,2,1.5
35,13,232,00:00:00.1620000,6,1929,1931,9075402,9240718,216086,9456804,92092,9548896,2.016589347777652,1.0434301247156688,0.017230886965990067,2,6,4,1.25
35,14,235,00:00:00.1760000,17,3770,3776,17239649,17940704,497108,18437812,162642,18600454,2.09910242372104,1.2357954073211261,0.0759151503443718,2,17,15,1.0666667
35,15,238,00:00:00.2080000,37,8650,8670,39016448,41893644,1094363,42988007,277090,43265097,2.3770749197876753,2.434154441466868,0.25750240683555603,1,37,36,1
35,16,240,00:00:00.2580000,53,19345,19376,87567260,95007366,1997378,97004744,406793,97411537,2.6493886299514227,5.273833037576191,0.4181872606277466,1,53,52,1
35,17,241,00:00:00.3090000,52,31105,31143,140202413,153215882,2849295,156065177,505205,156570382,2.7593002982052814,6.609635104567753,0.48508286476135254,1,52,51,1
35,18,243,00:00:00.5260000,61,83892,83957,381957410,414230837,6575715,420806552,830816,421637368,2.8976417056550887,6.55672094293052,0.5477281808853149,1,61,60,1
35,19,244,00:00:00.7460000,61,134486,134574,613013923,663953983,10456167,674410150,1096359,675506509,2.932553363881753,6.006285765300237,0.5638423562049866,1,61,60,1
35,20,245,00:00:00.9590000,59,209698,209815,952969030,1033635625,16731714,1050367339,1460816,1051828155,2.9545371269830247,5.565839659633855,0.5766978859901428,1,59,58,1
36,0,838,00:00:00.0870000,1,1,1,1001,1001,0,1001,1169,2170,1,1,0,0,1,1,0
36,1,923,00:00:00.1370000,1,3,3,2013,2016,0,2016,2398,4414,1,1,0,0,1,1,0
36,2,999,00:00:00.1390000,3,3,3,4021,4021,0,4021,4597,8618,1.094752549117135,1.2112642587855211,0.06811435520648956,1,3,2,1
36,3,1036,00:00:00.1540000,3,3,3,8055,8055,0,8055,6653,14708,1.385599006828057,2.0285918226728348,0.2128518968820572,1,3,2,1
36,4,1058,00:00:00.1550000,4,7,7,16032,16047,54,16101,9110,25211,1.6374750499001995,2.1768285685229367,0.31208327412605286,2,4,2,1.5
36,5,1071,00:00:00.1560000,7,14,14,35062,35110,256,35366,11702,47068,2.0630882436826194,3.0819133388299353,0.42991116642951965,2,7,4,1.5
36,6,1074,00:00:00.1560000,8,19,19,73821,73884,463,74347,12801,87148,2.5152057002749895,3.657020027332598,0.42855891585350037,3,8,4,1.75
36,7,1076,00:00:00.1570000,7,45,45,162700,162998,958,163956,14202,178158,2.7704118008604794,2.2535015421783826,0.44033491611480713,3,7,3,2
36,8,1078,00:00:00.1570000,7,88,88,388177,388969,2586,391555,16809,408364,2.903461565213807,1.5776950122241014,0.35484838485717773,3,7,3,2
36,9,1079,00:00:00.1570000,7,122,122,590428,591828,4416,596244,18872,615116,2.9386563645355572,1.420686770781735,0.31539350748062134,3,7,3,2
36,10,1081,00:00:00.1580000,8,258,258,1276118,1279084,12576,1291660,25430,1317090,2.9799853932003155,1.2607224702708246,0.2584895193576813,3,8,4,1.75
36,11,1083,00:00:00.1590000,8,521,522,2495606,2506098,32288,2538386,36688,2575074,3.0021273390110457,1.1919667587532863,0.22732596099376678,3,8,4,1.75
36,12,1085,00:00:00.1610000,7,962,964,4468196,4509019,73848,4582867,54727,4637594,3.0188033380809616,1.1641404820308456,0.21632467210292816,2,7,4,1.5
36,13,1088,00:00:00.1660000,9,2026,2031,9429605,9660424,210367,9870791,98971,9969762,3.0468008999316516,1.1758870624068132,0.2300264835357666,3,10,6,1.5
36,14,1091,00:00:00.1740000,26,4055,4063,18553389,19267484,509790,19777274,172301,19949575,3.123126993133168,1.35862962482548,0.2657088041305542,3,27,22,1.1818181
36,15,1094,00:00:00.1920000,48,8611,8629,39037477,41596822,1141681,42738503,291080,43029583,3.3263015691306075,2.2330202910087604,0.3698340058326721,3,49,44,1.0909091
36,16,1096,00:00:00.2250000,62,16882,16911,75661511,82315336,2004178,84319514,417305,84736819,3.5507336220129146,4.729817133867929,0.4102714955806732,3,63,58,1.0689656
36,17,1098,00:00:00.2950000,80,39558,39608,177023207,193384872,3859487,197244359,624555,197868914,3.768681656524277,13.085762228021986,0.41906362771987915,2,81,77,1.038961
36,18,1099,00:00:00.3630000,80,62741,62813,280752039,308283563,5634083,313917646,783518,314701164,3.8447298934844065,19.369105059639523,0.44468197226524353,2,81,77,1.038961
36,19,1101,00:00:00.6120000,87,160096,160225,722285245,788471315,13137974,801609289,1299951,802909240,3.9394494220908527,26.62831707209261,0.4402572512626648,2,88,85,1.0235294
36,20,1102,00:00:00.8740000,85,252708,252877,1141249931,1245210027,20610654,1265820681,1709101,1267529782,3.9660212562150856,26.1407201109183,0.4487646818161011,2,86,83,1.0240964
37,0,164,00:00:00.0430000,2,2,2,1009,1009,0,1009,161,1170,1.0138751238850348,1.0281351396232599,0,1,2,1,1
37,1,176,00:00:00.0520000,2,2,2,2098,2098,0,2098,341,2439,1.0514775977121067,1.1082239841895543,0,1,2,1,1
37,2,186,00:00:00.0520000,3,4,4,4164,4168,0,4168,616,4784,1.1253602305475505,1.2769281451645098,0,2,3,1,2
37,3,193,00:00:00.0520000,4,4,4,8172,8172,0,8172,988,9160,1.4430983847283407,1.9502640175531503,0.0618697851896286,2,4,2,1.5
37,4,196,00:00:00.0620000,4,6,6,17322,17327,5,17332,1305,18637,2.0745872301119963,2.6542108548264727,0.11741188168525696,2,4,2,1.5
37,5,198,00:00:00.0620000,4,14,14,42927,42958,40,42998,1699,44697,2.55808698488131,1.749018384337915,0.1280214935541153,2,4,2,1.5
37,6,199,00:00:00.0620000,4,22,22,75338,75408,107,75515,2061,77576,2.725052430380419,1.4253219673812316,0.11895934492349625,2,4,2,1.5
37,7,200,00:00:00.0620000,4,34,34,138594,138741,288,139029,2652,141681,2.837842908062398,1.2354977413867676,0.10044772922992706,2,4,2,1.5
37,8,201,00:00:00.0620000,4,60,60,263266,263583,727,264310,3563,267873,2.9073256706145116,1.1303021592878386,0.0800473541021347,2,4,2,1.5
37,9,202,00:00:00.0620000,4,108,108,509709,510383,1877,512260,5162,517422,2.9483489598967254,1.0718342234596228,0.0601634755730629,2,4,2,1.5
37,10,204,00:00:00.0630000,4,411,411,1854065,1857119,10225,1867344,11668,1879012,2.9836985218964815,1.02301668048433,0.03147689998149872,2,4,2,1.5
37,11,205,00:00:00.0630000,4,700,700,3193807,3200112,22556,3222668,18168,3240836,2.989945228374789,1.0143934957060077,0.023419000208377838,2,4,2,1.5
37,12,206,00:00:00.0640000,4,1124,1124,5169404,5182229,45125,5227354,27604,5254958,2.993447793981666,1.009519236896829,0.01789776049554348,2,4,2,1.5
37,13,208,00:00:00.0680000,2,2454,2454,11662122,11724558,145906,11870464,58862,11929326,3.00134238005742,1.002688316172896,0,1,2,1,1
37,14,209,00:00:00.0810000,2,3468,3469,16545999,16642304,239737,16882041,82255,16964296,3.0018832951700287,1.0037736299599298,0,1,2,1,1
37,15,212,00:00:00.0930000,2,8365,8374,39983158,40482924,830499,41313423,194799,41508222,3.0061417859989947,1.0123590007725376,0,1,2,1,1
37,16,214,00:00:00.1100000,4,13904,13927,65333054,66838080,1637210,68475290,315302,68790592,3.0181536439426204,1.0370764851321856,0.009859456680715084,1,4,3,1
37,17,217,00:00:00.1550000,10,28333,28407,128171835,136157779,3947072,140104851,591023,140695874,3.0870801217755837,1.1945880581956687,0.04908207803964615,1,10,9,1
37,18,220,00:00:00.2760000,32,66701,66858,282749239,323070085,8954799,332024884,1048882,333073766,3.3320940998182493,2.0423413145371625,0.17407682538032532,1,32,31,1
37,19,222,00:00:00.4580000,50,140594,140852,567019145,686706399,16301760,703008159,1561478,704569637,3.5733508469101163,3.4327145504499836,0.3134158253669739,1,50,49,1
37,20,223,00:00:00.6310000,51,213077,213414,830196654,1043585906,22793721,1066379627,1935437,1068315064,3.6773760449292294,4.1174443675394485,0.38614171743392944,1,51,50,1
38,0,83,00:00:00.0660000,1,1,1,1029,1029,0,1029,94,1123,1,1,0,0,1,1,0
38,1,91,00:00:00.0770000,1,1,1,2027,2027,0,2027,208,2235,1,1,0,0,1,1,0
38,2,100,00:00:00.0770000,1,1,1,4334,4334,0,4334,466,4800,1,1,0,0,1,1,0
38,3,108,00:00:00.0780000,1,1,1,8459,8459,1,8460,944,9404,1,1,0,0,1,1,0
38,4,116,00:00:00.0780000,2,4,4,16256,16260,24,16284,1854,18138,1.0019685039370079,1.003944755940818,0,1,2,1,1
38,5,124,00:00:00.0800000,4,10,10,38055,38072,171,38243,3537,41780,1.219103928524504,1.5362387799436623,0.06143850088119507,1,4,3,1
38,6,126,00:00:00.0940000,4,10,10,67087,67131,306,67437,4267,71704,1.4910638424732063,2.143703910464657,0.13547027111053467,1,4,3,1
38,7,128,00:00:00.0940000,4,26,26,168023,168175,726,168901,5497,174398,1.769966016557257,1.7502793096545128,0.19625918567180634,1,4,3,1
38,8,129,00:00:00.0940000,4,49,49,296018,296318,1334,297652,6616,304268,1.8627313203926787,1.471547891523518,0.20166373252868652,1,4,3,1
38,9,130,00:00:00.0950000,4,107,107,544323,544917,2617,547534,8291,555825,1.922022402139906,1.2908860653782332,0.19030708074569702,1,4,3,1
38,10,132,00:00:00.0950000,4,340,340,1614051,1616174,11004,1627178,14904,1642082,1.9719587547109725,1.1399759859739107,0.16005556285381317,1,4,3,1
38,11,133,00:00:00.0960000,4,514,514,2579105,2583071,21242,2604313,20655,2624968,1.982011977023037,1.1073722194894369,0.14647522568702698,1,4,3,1
38,12,135,00:00:00.0980000,4,1156,1156,5780731,5794387,67582,5861969,39780,5901749,1.9916522668153906,1.0718047105868256,0.12377806752920151,1,4,3,1
38,13,136,00:00:00.1000000,4,1682,1682,8198031,8223472,111151,8334623,54108,8388731,1.994029419991215,1.0613634614335459,0.11454571038484573,1,4,3,1
38,14,139,00:00:00.1070000,5,4089,4093,19883885,20022254,389963,20412217,123492,20535709,1.9989516133290854,1.04579014612277,0.09322262555360794,2,5,3,1.3333334
38,15,141,00:00:00.1180000,5,6722,6730,32384518,32870267,774043,33644310,197939,33842249,2.001919620974442,1.0428155975138769,0.08285099267959595,2,5,3,1.3333334
38,16,145,00:00:00.1590000,11,16162,16205,73388633,78669426,2422560,81091986,441999,81533985,2.0267290848706776,1.0819898755816704,0.07219045609235764,2,12,9,1.2222222
38,17,148,00:00:00.2370000,51,33046,33128,136832867,159349472,5116184,164465656,747984,165213640,2.1616945949104465,1.4503983066780726,0.10282234847545624,2,52,48,1.0625
38,18,150,00:00:00.3420000,86,61495,61642,236894330,297072808,8525884,305598692,1058915,306657607,2.373105434815599,2.5674344143428915,0.18584877252578735,2,87,83,1.0361446
38,19,152,00:00:00.5790000,141,136372,136604,520216712,664596967,15358468,679955435,1548212,681503647,2.650267684979717,7.7746450996227585,0.2960357367992401,2,142,139,1.0143884
38,20,153,00:00:00.8020000,139,213622,213919,795381930,1045498117,21637729,1067135846,1914078,1069049924,2.751411719901658,14.078160582801916,0.3520733416080475,2,140,137,1.0145985
3,0,1220,00:00:00.1120000,1,2,2,1003,1004,0,1004,1957,2961,1,1,0,0,1,1,0
3,1,1385,00:00:00.1360000,1,1,2,2005,2005,0,2005,4397,6402,1,1,0,0,1,1,0
3,2,1518,00:00:00.1810000,2,4,5,4020,4024,0,4024,8034,12058,1.1106965174129353,1.2451525532273924,0,1,2,1,1
3,3,1554,00:00:00.1850000,3,4,5,8052,8053,0,8053,9945,17998,1.4744162940884253,2.0013395563589667,0.016570882871747017,1,3,2,1
3,4,1571,00:00:00.2070000,4,7,8,18098,18102,41,18143,11752,29895,1.9352967178693778,2.432600812374368,0.016515333205461502,2,4,2,1.5
3,5,1574,00:00:00.2070000,3,11,12,43186,43239,99,43338,12388,55726,2.511994627888668,2.130057241951941,0,2,3,1,2
3,6,1575,00:00:00.2070000,3,15,16,70137,70213,167,70380,12754,83134,2.6922309194861485,1.640238979603521,0,2,3,1,2
3,7,1577,00:00:00.2080000,3,45,46,228439,228654,707,229361,14146,243507,2.9009538651456186,1.173181651211352,0,2,3,1,2
3,8,1578,00:00:00.2080000,3,76,77,437242,437655,1600,439255,15499,454754,2.947155122335,1.0889025571142754,0,2,3,1,2
3,9,1579,00:00:00.2090000,3,172,173,847965,848837,3744,852581,17759,870340,2.9723019228387964,1.0457083047250482,0,2,3,1,2
3,10,1580,00:00:00.2090000,3,308,309,1528505,1530331,8522,1538853,21361,1560214,2.984480260123454,1.025406908534223,0,2,3,1,2
3,11,1581,00:00:00.2100000,3,532,534,2578435,2582223,18185,2600408,26911,2627319,2.9907296480229286,1.0151339816508833,0,2,3,1,2
3,12,1582,00:00:00.2120000,3,819,821,4106736,4114470,35913,4150383,35024,4185407,2.994138654152592,1.009562645525806,0,2,3,1,2
3,13,1584,00:00:00.2170000,2,1884,1887,9068082,9103565,112943,9216508,61311,9277819,2.9983216958117493,1.0033622091804666,0,1,2,1,1
3,14,1586,00:00:00.2270000,2,3633,3641,17426056,17537297,288016,17825313,105969,17931282,3.001344767857971,1.002693097347587,0,1,2,1,1
3,15,1589,00:00:00.2570000,4,8221,8235,38763168,39340241,889232,40229473,220100,40449573,3.005566263314701,1.011215083662968,0.00542877335101366,1,4,3,1
3,16,1592,00:00:00.3200000,9,16371,16405,74996222,78157727,2215714,80373441,411900,80785341,3.026004203251732,1.053991782421854,0.024456216022372246,1,9,8,1
3,17,1595,00:00:00.4620000,26,32503,32588,139590555,155182169,4887946,160070115,715853,160785968,3.1181719135653556,1.2841820915991826,0.10541632771492004,1,26,25,1
3,18,1597,00:00:00.6390000,42,56011,56151,223229251,270162930,8152504,278315434,1018017,279333451,3.264139514583597,1.8329638516668374,0.23098471760749817,1,42,41,1
3,19,1599,00:00:00.8800000,79,112862,113076,422216736,548082158,14171328,562253486,1468733,563722219,3.5064739759629044,3.93207882084465,0.43486329913139343,1,79,78,1
3,20,1601,00:00:01.2790000,116,266588,266919,975661633,1305517328,27210043,1332727371,2215596,1334942967,3.7432316199319073,11.476124093228401,0.6294180750846863,1,116,115,1
39,0,164,00:00:00.0440000,1,1,1,1006,1006,0,1006,277,1283,1,1,0,0,1,1,0
39,1,184,00:00:00.0560000,1,1,1,2008,2008,0,2008,602,2610,1,1,0,0,1,1,0
39,2,203,00:00:00.0560000,1,1,1,4011,4011,0,4011,1108,5119,1,1,0,0,1,1,0
39,3,224,00:00:00.0570000,1,2,2,8269,8273,0,8273,2329,10602,1,1,0,0,1,1,0
39,4,236,00:00:00.0580000,2,5,5,16835,16846,27,16873,3619,20492,1.2597564597564597,1.6248697874762004,0,1,2,1,1
39,5,239,00:00:00.0590000,3,10,10,36961,36986,78,37064,4255,41319,1.6293931441248883,1.8852725959451457,0,2,3,1,2
39,6,241,00:00:00.0590000,3,20,20,79623,79732,226,79958,5001,84959,1.8194365949537195,1.438663603005076,0,2,3,1,2
39,7,243,00:00:00.0600000,4,35,35,178840,179039,770,179809,6412,186221,1.9209013643480206,1.2041055396154698,0.0053837914019823074,2,4,2,1.5
39,8,244,00:00:00.0730000,4,51,51,262994,263399,1421,264820,7562,272382,1.9496604485273428,1.1484762944100355,0.0069146533496677876,2,4,2,1.5
39,9,246,00:00:00.0730000,4,100,100,536664,538289,4337,542626,11167,553793,1.987787516956606,1.1023044392290902,0.013469690456986427,2,4,2,1.5
39,10,248,00:00:00.0740000,4,201,201,1014342,1020602,11253,1031855,17134,1048989,2.0212719181498944,1.1159749591040469,0.027927784249186516,2,4,2,1.5
39,11,251,00:00:00.0750000,8,483,483,2432823,2453766,37668,2491434,32837,2524271,2.1212920134345983,1.3206869178974525,0.061356738209724426,2,8,6,1.1666666
39,12,253,00:00:00.0770000,12,871,873,4344419,4393969,77388,4471357,50334,4521691,2.246298526914646,1.7018702898707216,0.11357107758522034,2,12,10,1.1
39,13,255,00:00:00.0790000,15,1642,1645,8142562,8276081,154542,8430623,76932,8507555,2.4222018819138253,2.471257260377444,0.20379242300987244,2,15,13,1.0769231
39,14,257,00:00:00.0840000,21,3312,3315,16372416,16680286,311431,16991717,118636,17110353,2.6121120425965234,3.601108152499581,0.3051469922065735,2,21,19,1.0526316
39,15,259,00:00:00.0950000,24,7115,7121,34559289,35403841,651863,36055704,187323,36243027,2.767287689280876,4.613991734193399,0.41485172510147095,1,24,23,1
39,16,261,00:00:00.1170000,31,16074,16087,77032070,78962504,1413944,80376448,302984,80679432,2.8739598455552344,5.727991301587335,0.5059700012207031,1,31,30,1
39,17,263,00:00:00.1760000,29,39041,39066,185803910,191732083,3215245,194947328,505470,195452798,2.9397558318336787,6.862677467902352,0.5982924103736877,1,29,28,1
39,18,264,00:00:00.2410000,26,63852,63883,301418433,312069446,4974532,317043978,663221,317707199,2.9607376765839666,6.855732880900909,0.6336331367492676,1,26,25,1
39,19,266,00:00:00.4950000,22,172719,172808,817271344,847072908,12712788,859785696,1189063,860974759,2.984247175562294,5.609606327507562,0.6507114768028259,1,22,21,1
39,20,267,00:00:00.7610000,21,277416,277552,1316096367,1362524609,20753394,1383278003,1618027,1384896030,2.9899113466666076,4.945312692665476,0.6396172046661377,1,21,20,1
40,0,65,00:00:00.0470000,1,1,1,1107,1107,0,1107,59,1166,1,1,0,0,1,1,0
40,1,69,00:00:00.0670000,1,1,1,2187,2187,0,2187,114,2301,1,1,0,0,1,1,0
40,2,73,00:00:00.0670000,1,3,3,4264,4267,0,4267,253,4520,1,1,0,0,1,1,0
40,3,77,00:00:00.0670000,2,4,4,8365,8372,0,8372,420,8792,1.0038254632396892,1.0076802394048514,0,1,2,1,1
40,4,81,00:00:00.0690000,3,5,5,16728,16742,12,16754,857,17611,1.0315638450502151,1.065214043828528,0.008083787746727467,1,3,2,1
40,5,85,00:00:00.0780000,4,10,10,38143,38165,91,38256,1728,39984,1.2121228010381984,1.507110968428539,0.025979235768318176,1,4,3,1
40,6,87,00:00:00.0780000,4,22,22,71589,71662,238,71900,2508,74408,1.4403609493078546,2.0022297707019963,0.04378831759095192,1,4,3,1
40,7,89,00:00:00.0780000,4,42,42,162161,162435,685,163120,3775,166895,1.6832530633136205,1.8214244201048058,0.06475768238306046,1,4,3,1
40,8,91,00:00:00.0790000,4,93,93,396110,397081,2297,399378,6329,405707,1.8411552346570397,1.434343822761859,0.13362134993076324,2,4,2,1.5
40,9,92,00:00:00.0790000,4,140,140,610814,612430,4185,616615,8433,625048,1.8881017789376144,1.3283310655792662,0.16511647403240204,2,4,2,1.5
40,10,94,00:00:00.0790000,4,286,286,1360179,1365277,12793,1378070,15208,1393278,1.9437066739010087,1.2441924936443554,0.25958749651908875,2,4,2,1.5
40,11,96,00:00:00.0800000,4,591,592,2782292,2800316,34204,2834520,27032,2861552,1.972924121551584,1.2819766322577297,0.410625159740448,2,4,2,1.5
40,12,98,00:00:00.0820000,7,1152,1153,5315814,5360477,81345,5441822,46391,5488213,1.995283883145648,1.4254344993924304,0.3713933825492859,2,7,5,1.2
40,13,100,00:00:00.0840000,9,2077,2079,9671846,9805878,177008,9982886,76789,10059675,2.021212496559602,1.6744503719289388,0.4677237272262573,2,9,7,1.1428572
40,14,102,00:00:00.0880000,14,3719,3723,17154261,17504080,360222,17864302,122954,17987256,2.063078788412978,2.0542376728711083,0.529738187789917,2,14,12,1.0833334
40,15,105,00:00:00.1010000,26,8667,8680,40332483,41766133,964807,42730940,237679,42968619,2.1832004739207354,2.980915374774601,0.5555498003959656,2,26,24,1.0416666
40,16,107,00:00:00.1190000,31,16011,16035,73101055,77297933,1821889,79119822,363045,79482867,2.312290321938582,4.09143767300583,0.5609058141708374,2,31,29,1.0344827
40,17,109,00:00:00.1540000,43,31361,31401,140759605,151465418,3475594,154941012,555492,155496504,2.484352161971469,6.238759491506124,0.5629210472106934,2,44,41,1.0487804
40,18,111,00:00:00.2400000,57,64597,64678,288421800,314617494,6854372,321471866,862623,322334489,2.655433497051887,9.182913288809951,0.5439309477806091,2,58,55,1.0363636
40,19,113,00:00:00.4120000,65,136344,136506,600083016,667560603,14076902,681637505,1368103,683005608,2.786009219431066,10.534046294493756,0.5121597647666931,2,66,63,1.031746
40,20,115,00:00:00.7580000,76,285374,285664,1234994285,1398146929,29601701,1427748630,2205472,1429954102,2.8723788491053623,10.742930800798558,0.4860743582248688,2,77,74,1.027027
41,0,51,00:00:00.0580000,2,2,2,1079,1079,0,1079,81,1160,1.0037071362372567,1.0074417061537513,0,1,2,1,1
41,1,56,00:00:00.0770000,2,3,3,2194,2195,0,2195,160,2355,1.0546946216955333,1.1153322541308304,0,1,2,1,1
41,2,59,00:00:00.0770000,3,3,3,4023,4023,0,4023,253,4276,1.233905045985583,1.5608154561695415,0.016526255756616592,1,3,2,1
41,3,62,00:00:00.1330000,3,5,5,12044,12050,0,12050,422,12472,1.6147459315841912,1.9221235988458616,0.04176170378923416,1,3,2,1
41,4,63,00:00:00.1330000,3,10,10,20030,20047,3,20050,545,20595,1.7351972041937094,1.6614108072399099,0.050178270787000656,1,3,2,1
41,5,64,00:00:00.1340000,3,14,14,35264,35302,16,35318,741,36059,1.8306488203266789,1.4134479483356324,0.05675449222326279,1,3,2,1
41,6,65,00:00:00.1340000,3,20,20,64981,65062,59,65121,1029,66150,1.8971853310967821,1.2461861126360414,0.06144082918763161,1,3,2,1
41,7,67,00:00:00.1350000,3,45,45,210094,210449,567,211016,2382,213398,1.9616504993003132,1.0975975475962956,0.06641478836536407,1,3,2,1
41,8,68,00:00:00.1350000,3,75,75,354725,355423,1379,356802,3676,360478,1.9754232151666784,1.06786856209216,0.06740467250347137,1,3,2,1
41,9,69,00:00:00.1350000,3,123,123,572243,573620,3001,576621,5588,582209,1.9836170997286118,1.0505074469225963,0.06788916885852814,1,3,2,1
41,10,71,00:00:00.1360000,3,254,254,1313458,1318393,11056,1329449,12064,1341513,1.9919799491114296,1.0334102260932245,0.06951893121004105,1,3,2,1
41,11,73,00:00:00.1380000,4,534,535,2631765,2645403,31751,2677154,23664,2700818,1.9956173898505376,1.0288415223729295,0.05352136492729187,1,4,3,1
41,12,75,00:00:00.1410000,4,961,962,4739795,4786508,75570,4862078,42221,4904299,1.9973872287725525,1.0269212368237266,0.05831963196396828,1,4,3,1
41,13,78,00:00:00.1490000,11,2110,2115,10003587,10171643,220206,10391849,88015,10479864,2.0111167124352494,1.0542032278712068,0.06667321920394897,2,11,9,1.1111112
41,14,81,00:00:00.1650000,20,4039,4047,19124595,19821954,533917,20355871,163581,20519452,2.058133152623624,1.1617674859536788,0.07591444998979568,2,21,19,1.0526316
41,15,84,00:00:00.1970000,42,8273,8291,37703797,40414360,1173274,41587634,283384,41871018,2.2156409870337463,1.680992455089731,0.09938749670982361,2,43,41,1.0243902
41,16,86,00:00:00.2410000,61,15210,15242,67809026,74596413,1993300,76589713,405871,76995584,2.427220854049725,3.0952310989711465,0.15752175450325012,2,62,60,1.0166667
41,17,88,00:00:00.3550000,84,32901,32954,146583766,162846991,3629515,166476506,597115,167073621,2.6712556354978627,7.905615555235125,0.2484571784734726,3,85,82,1.0243902
41,18,90,00:00:00.5750000,95,79051,79138,347151936,388720599,7434304,396154903,928640,397083543,2.837754924690957,15.8866009814178,0.31785058975219727,2,96,94,1.0106384
41,19,91,00:00:00.7610000,92,122887,123012,534777812,603942081,11065821,615007902,1183207,616191109,2.890099916860425,17.693614584459002,0.34133049845695496,2,93,91,1.0109891
41,20,93,00:00:01.2030000,96,295641,295865,1291731838,1453634645,25675581,1479310226,1985602,1481295828,2.955204366496384,15.428415683207493,0.3587523400783539,3,97,94,1.0212766
42,0,357,00:00:00.0510000,1,1,1,1022,1022,0,1022,515,1537,1,1,0,0,1,1,0
42,1,392,00:00:00.0840000,1,1,1,2022,2022,0,2022,1028,3050,1,1,0,0,1,1,0
42,2,427,00:00:00.0850000,1,1,1,4059,4059,0,4059,2052,6111,1,1,0,0,1,1,0
42,3,462,00:00:00.0860000,2,3,3,8147,8149,2,8151,4149,12300,1.0103105437584388,1.0208336289834434,0,1,2,1,1
42,4,477,00:00:00.0880000,3,4,4,17341,17357,32,17389,5706,23095,1.3742575399342598,1.8856064551073055,0.015903837978839874,1,3,2,1
42,5,482,00:00:00.1010000,4,9,9,38235,38255,132,38387,6796,45183,1.7035961815090885,1.8072518932524273,0.014418586157262325,2,4,2,1.5
42,6,485,00:00:00.1020000,4,12,12,71091,71232,377,71609,8007,79616,1.8776216398700258,1.5875997007523817,0.011931432411074638,2,4,2,1.5
42,7,488,00:00:00.1020000,5,22,22,146087,146417,1101,147518,10030,157548,2.0781383696016755,1.6945795597829267,0.023198748007416725,2,5,3,1.3333334
42,8,491,00:00:00.1020000,6,55,55,333988,334643,3270,337913,13634,351547,2.3349641304478004,2.0990637722343277,0.048239924013614655,2,6,4,1.25
42,9,493,00:00:00.1030000,6,114,114,609442,611231,6893,618124,17697,635821,2.5093807121924647,2.150675173393669,0.06767310947179794,2,6,4,1.25
42,10,495,00:00:00.1030000,7,218,218,1124199,1127744,14953,1142697,24304,1167001,2.6547782020798807,1.9291057550493507,0.07985642552375793,2,7,5,1.2
42,11,497,00:00:00.1040000,7,398,398,2024213,2034770,31457,2066227,34480,2100707,2.76001339779954,1.6719896125704024,0.0961289033293724,2,7,5,1.2
42,12,500,00:00:00.1060000,8,904,904,4511504,4562038,88365,4650403,59872,4710275,2.8581147218311234,1.42952461177039,0.11390984803438187,2,8,6,1.1666666
42,13,503,00:00:00.1100000,14,1851,1852,9140364,9340589,222786,9563375,103727,9667102,2.92448200093563,1.3540884296047142,0.13567352294921875,3,14,11,1.1818181
42,14,506,00:00:00.1190000,27,3687,3691,17722324,18494216,510179,19004395,175332,19179727,3.019782168523722,1.512081972093156,0.16305260360240936,2,27,24,1.0833334
42,15,509,00:00:00.1350000,57,8322,8339,38891493,41512995,1122622,42635617,291740,42927357,3.2678572920818443,2.6748534665976655,0.21877792477607727,3,57,52,1.0769231
42,16,511,00:00:00.1600000,78,17549,17582,79946576,86031055,1995277,88026332,418836,88445168,3.530395598180465,6.044988646814086,0.2892325818538666,3,78,73,1.0547945
42,17,512,00:00:00.1850000,79,26776,26816,121151824,131667744,2764568,134432312,511060,134943372,3.6524939731819472,9.319697114255225,0.32815659046173096,3,79,74,1.054054
42,18,514,00:00:00.2840000,93,66140,66211,300545529,324893447,5855024,330748471,799771,331548242,3.839507055185639,16.61302368736952,0.3893275856971741,3,93,88,1.0454545
42,19,516,00:00:00.5290000,90,161277,161401,729507525,793759006,13672706,807431712,1330502,808762214,3.938030817433994,19.552719812720046,0.4088502824306488,3,90,85,1.0470588
42,20,517,00:00:00.7760000,85,247708,247879,1114622260,1219244004,21202203,1240446207,1741932,1242188139,3.971175071454252,20.280321518980973,0.4213252067565918,3,85,80,1.05
43,0,159,00:00:00.0440000,1,1,1,1008,1008,0,1008,229,1237,1,1,0,0,1,1,0
43,1,174,00:00:00.0520000,1,1,1,2015,2015,0,2015,424,2439,1,1,0,0,1,1,0
43,2,190,00:00:00.0520000,1,1,1,4165,4165,0,4165,863,5028,1,1,0,0,1,1,0
43,3,205,00:00:00.0530000,1,2,2,8300,8301,1,8302,1740,10042,1,1,0,0,1,1,0
43,4,220,00:00:00.0530000,3,4,4,16104,16105,45,16150,3501,19651,1.0045330352707402,1.0091176608124799,0,1,3,2,1
43,5,231,00:00:00.0630000,3,9,9,32702,32738,210,32948,5696,38644,1.2257660081952175,1.5591622446431146,0.10463377088308334,1,3,2,1
43,6,235,00:00:00.0640000,4,18,18,71899,72011,484,72495,7170,79665,1.5920249238515138,2.05953097246385,0.1070847362279892,1,4,3,1
43,7,238,00:00:00.0640000,5,40,40,170505,170981,1291,172272,9299,181571,1.812474707486584,1.524950665204484,0.09830504655838013,2,5,3,1.3333334
43,8,240,00:00:00.0640000,6,71,71,309664,310900,2819,313719,11829,325548,1.8957289190864937,1.3046345702858384,0.08290787786245346,2,6,4,1.25
43,9,242,00:00:00.0640000,8,126,126,547455,550187,6140,556327,15726,572053,1.9471609538683545,1.2049311432356238,0.062161218374967575,2,8,6,1.1666666
43,10,245,00:00:00.0650000,11,258,258,1190636,1202353,18295,1220648,25561,1246209,2.0092135631712797,1.1901016001784035,0.05589211732149124,2,11,9,1.1111112
43,11,248,00:00:00.0660000,16,549,549,2491727,2537048,48331,2585379,42689,2628068,2.1219206598475675,1.420292335747803,0.06673277914524078,2,16,14,1.0714285
43,12,250,00:00:00.0670000,25,937,938,4348800,4438541,88904,4527445,60471,4587916,2.2827478844738778,2.0270375820200264,0.08957367390394211,2,25,23,1.0434783
43,13,252,00:00:00.0700000,29,1879,1881,8805232,9043173,168236,9211409,87587,9298996,2.5206770247507393,3.5807885722315853,0.1488952487707138,2,29,26,1.0769231
43,14,254,00:00:00.0750000,35,4422,4426,20731392,21286908,350564,21637472,133495,21770967,2.7414802633609936,5.205289352514712,0.205353781580925,2,35,33,1.030303
43,15,255,00:00:00.0790000,34,6854,6859,32414004,33367253,528642,33895895,168957,34064852,2.8174205506977787,5.483070484203285,0.23384049534797668,2,34,32,1.03125
43,16,257,00:00:00.0960000,34,17072,17083,80037778,82512593,1271987,83784580,282377,84066957,2.9142603009293935,5.769639333095898,0.2706888020038605,2,35,33,1.030303
43,17,258,00:00:00.1140000,33,26746,26761,126578244,130644693,2008702,132653395,371557,133024952,2.942211246033718,5.758887597872631,0.28221049904823303,2,34,32,1.03125
43,18,260,00:00:00.1930000,30,68501,68531,324585705,335336591,5112378,340448969,660091,341109060,2.975820589511174,4.759129758281544,0.2818395495414734,2,31,29,1.0344827
43,19,261,00:00:00.2730000,26,108078,108129,512031829,530053738,8238062,538291800,890191,539181991,2.9841068337179486,4.097979838086297,0.5519026517868042,1,26,25,1
43,20,263,00:00:00.5540000,24,254155,254288,1206642728,1246541367,21022491,1267563858,1623959,1269187817,2.9944766840711448,3.3073843196466175,0.5247381925582886,2,24,22,1.0454545
44,0,347,00:00:00.0370000,1,1,1,1027,1027,0,1027,453,1480,1,1,0,0,1,1,0
44,1,379,00:00:00.0930000,1,1,1,2025,2025,0,2025,910,2935,1,1,0,0,1,1,0
44,2,409,00:00:00.0950000,2,3,3,4037,4038,0,4038,1735,5773,1.0460738171909834,1.0963734131486587,0,1,2,1,1
44,3,422,00:00:00.0980000,3,4,4,8698,8699,0,8699,2432,11131,1.4135433432973097,1.946000013735559,0,2,3,1,2
44,4,427,00:00:00.0980000,3,5,5,16497,16500,12,16512,2957,19469,1.6569679335636782,1.8502774379320486,0,2,3,1,2
44,5,432,00:00:00.0990000,3,8,8,36610,36664,112,36776,4034,40810,1.8359464627151052,1.4260215868651993,0,2,3,1,2
44,6,436,00:00:00.0990000,5,17,17,71658,71767,451,72218,5663,77881,1.9264283122610175,1.2605132590536403,0.019837064668536186,2,5,3,1.3333334
44,7,440,00:00:00.1200000,7,27,28,143988,144225,1461,145686,8446,154132,2.0425938272633832,1.3455210515349303,0.07061982899904251,2,7,5,1.2
44,8,443,00:00:00.1210000,9,51,52,289925,290505,3451,293956,11952,305908,2.289512805035785,2.0790327982256187,0.166839137673378,2,9,7,1.1428572
44,9,445,00:00:00.1210000,10,117,118,601704,602616,6609,609225,15743,624968,2.567340419874224,3.053606230198997,0.2579383850097656,2,10,8,1.125
44,10,447,00:00:00.1230000,10,274,275,1558941,1561622,15398,1577020,22617,1599637,2.798006467210754,2.781140238958225,0.3279912769794464,2,10,8,1.125
44,11,448,00:00:00.1240000,10,487,488,2508137,2512963,25464,2538427,28376,2566803,2.864378620466107,2.517214238128681,0.348025918006897,2,10,8,1.125
44,12,450,00:00:00.1270000,9,1221,1222,6000810,6021930,71199,6093129,47338,6140467,2.9357695044502328,2.2240569975084865,0.40162357687950134,2,9,7,1.1428572
44,13,451,00:00:00.1310000,8,1795,1796,8863426,8907048,116637,9023685,62057,9085742,2.955942431290113,2.164857759172349,0.4195128083229065,1,8,7,1
44,14,453,00:00:00.1410000,7,3570,3576,17814461,17948139,289668,18237807,106362,18344169,2.976123611037123,2.158907199865464,0.4995141923427582,1,7,6,1
44,15,455,00:00:00.1590000,8,6790,6798,33044032,33395276,645429,34040705,176998,34217703,2.9879975906087974,2.2985109353365347,0.5643593072891235,2,8,6,1.1666666
44,16,458,00:00:00.2170000,12,16161,16186,77238748,78806792,1844013,80650805,355772,81006577,3.005100691171224,2.855250876609138,0.6665819883346558,2,12,9,1.2222222
44,17,460,00:00:00.2990000,12,28556,28600,133259795,138469928,3485334,141955262,547641,142502903,3.0191129890301873,3.335265740162251,0.7055243849754333,2,12,9,1.2222222
44,18,463,00:00:00.5760000,24,69150,69253,309246820,334636737,8722006,343358743,1017876,344376619,3.081477491021573,3.694512306995634,0.6248358488082886,2,24,21,1.0952381
44,19,465,00:00:00.8750000,36,130686,130892,562586628,634589464,16124276,650713740,1533588,652247328,3.183021742564418,3.9070401694887296,0.6332293152809143,2,37,34,1.0588236
44,20,467,00:00:01.2970000,58,266937,267310,1113247980,1300875868,30646008,1331521876,2337065,1333858941,3.3603951466410926,5.025375564230732,0.6236566305160522,2,59,55,1.0545454
45,0,189,00:00:00.0930000,1,1,1,1019,1019,0,1019,280,1299,1,1,0,0,1,1,0
45,1,209,00:00:00.1050000,1,2,2,2019,2020,0,2020,638,2658,1,1,0,0,1,1,0
45,2,229,00:00:00.1050000,1,2,2,4080,4083,0,4083,1222,5305,1,1,0,0,1,1,0
45,3,248,00:00:00.1060000,2,2,2,8204,8204,0,8204,2306,10510,1.0057289127254998,1.0115234369652295,0,1,2,1,1
45,4,267,00:00:00.1080000,2,2,2,16043,16043,52,16095,4416,20511,1.0301065885432898,1.0620225343077099,0,1,2,1,1
45,5,285,00:00:00.1090000,2,7,8,31663,31682,357,32039,8118,40157,1.1192559138426554,1.2659315229750954,0,1,2,1,1
45,6,300,00:00:00.1090000,4,13,14,66625,66680,1381,68061,13821,81882,1.3594896810506567,2.001594747778858,0.25405222177505493,2,4,2,1.5
45,7,306,00:00:00.1230000,4,31,32,144646,144863,2685,147548,17719,165267,1.7653443579497532,3.525878132060527,0.6559960842132568,2,4,2,1.5
45,8,309,00:00:00.1240000,5,73,74,342758,343243,4796,348039,21342,369381,2.211391127267635,3.340400847593091,0.8329127430915833,3,5,2,2
45,9,310,00:00:00.1240000,5,98,99,504994,505763,6343,512106,23230,535336,2.374335140615532,2.834822183225283,0.8473204374313354,3,5,2,2
45,10,312,00:00:00.1250000,5,230,231,1162192,1164611,13146,1177757,29146,1206903,2.630875965417074,1.9621640382600891,0.7680984139442444,3,5,2,2
45,11,314,00:00:00.1260000,5,517,518,2618829,2627025,31625,2658650,39968,2698618,2.7856950568364716,1.5178242468180096,0.6204437613487244,3,5,2,2
45,12,316,00:00:00.1270000,5,1035,1036,5429755,5456903,77159,5534062,58930,5592992,2.8719419200313827,1.3113974053849151,0.48100075125694275,3,5,2,2
45,13,318,00:00:00.1310000,5,2094,2095,10257541,10345844,176624,10522468,90079,10612547,2.921213768485059,1.2089958746249474,0.37251007556915283,3,5,2,2
45,14,320,00:00:00.1360000,8,3695,3696,17884495,18105783,369597,18475380,137715,18613095,2.9513676511413935,1.1628454146840164,0.3060276508331299,3,8,4,1.75
45,15,323,00:00:00.1520000,14,7746,7754,36559123,37603184,969551,38572735,252278,38825013,2.984939217497094,1.1565852329344721,0.2595243752002716,3,14,10,1.3
45,16,326,00:00:00.1930000,26,15350,15375,69673689,74570669,2222399,76793068,437368,77230436,3.049418698068363,1.3042258566535245,0.29720979928970337,2,27,24,1.0833334
45,17,329,00:00:00.2700000,65,34503,34574,148618987,167604173,4862560,172466733,738743,173205476,3.243316131605715,2.29661076958054,0.40968847274780273,2,66,63,1.031746
45,18,331,00:00:00.3860000,85,69921,70056,289883309,341619918,8558570,350178488,1065819,351244307,3.456959282881651,5.0912990326495144,0.4916277229785919,2,86,83,1.0240964
45,19,332,00:00:00.4900000,86,105567,105749,425989665,516019518,11740874,527760392,1299895,529060287,3.563030856628881,8.28093446495951,0.5287092924118042,2,87,84,1.0238096
45,20,334,00:00:00.9110000,112,258967,259269,1052479877,1270394877,24202371,1294597248,2023561,1296620809,3.75428875776976,20.097757448663337,0.5588067770004272,2,113,110,1.0181818
46,0,59,00:00:00.0470000,2,2,2,1064,1064,0,1064,60,1124,1.1475563909774436,1.3361248702485242,0,1,2,1,1
46,1,63,00:00:00.0560000,2,2,2,2121,2121,0,2121,124,2245,1.2918434700612917,1.7045698259037894,0,1,2,1,1
46,2,67,00:00:00.0560000,2,2,2,4902,4902,0,4902,248,5150,1.4859241126070992,1.9984162130648004,0,1,2,1,1
46,3,70,00:00:00.0570000,2,2,2,10357,10357,0,10357,432,10789,1.6437192237134306,1.8473689253408743,0,1,2,1,1
46,4,72,00:00:00.0570000,2,4,4,18047,18049,7,18056,666,18722,1.7379619881420734,1.6306514208525338,0,1,2,1,1
46,5,74,00:00:00.0570000,2,7,7,32039,32050,36,32086,1049,33135,1.8104497643496988,1.4435052403839232,0,1,2,1,1
46,6,77,00:00:00.0570000,2,18,18,72935,73038,235,73273,2093,75366,1.883361897580037,1.2595526825406194,0,1,2,1,1
46,7,80,00:00:00.0570000,3,41,41,155905,156424,1021,157445,4189,161634,1.9284500176389467,1.160647613324393,0,2,3,1,2
46,8,83,00:00:00.0570000,6,76,76,308069,309551,3312,312863,7945,320808,1.965468774852387,1.129414922046742,0.011879987083375454,2,6,4,1.25
46,9,86,00:00:00.0680000,11,147,148,582466,585462,8758,594220,14107,608327,2.0307125222759783,1.2111717031108817,0.04943872615695,2,11,9,1.1111112
46,10,89,00:00:00.0680000,15,266,268,1173991,1185146,21067,1206213,24072,1230285,2.212315085890778,1.7268606095460723,0.15601934492588043,2,15,13,1.0769231
46,11,91,00:00:00.0690000,18,466,468,2219841,2245057,38265,2283322,34492,2317814,2.4489812558647217,2.9341815118180428,0.2804895341396332,2,18,16,1.0625
46,12,93,00:00:00.0710000,21,1103,1106,5158370,5214984,76931,5291915,51673,5343588,2.7033667612055745,4.144634853096854,0.38771292567253113,2,21,19,1.0526316
46,13,94,00:00:00.0720000,20,1722,1727,8193238,8298012,115526,8413538,64973,8478511,2.7956560031577258,3.9471493881680217,0.4313059151172638,2,20,18,1.0555556
46,14,96,00:00:00.0770000,20,4322,4327,20334198,20632643,285940,20918583,108686,21027269,2.90648930437286,3.3815055235221307,0.4831969439983368,2,20,18,1.0555556
46,15,98,00:00:00.0870000,19,9900,9908,47532804,48374791,729700,49104491,189864,49294355,2.9599876539999617,3.294127711141475,0.5243650674819946,1,19,18,1
46,16,99,00:00:00.0970000,19,14926,14939,71603605,72938822,1151931,74090753,251892,74342645,2.97467843972381,3.3981342253069844,0.541283130645752,1,19,18,1
46,17,101,00:00:00.1310000,19,32210,32238,154369053,157722412,2774087,160496499,440926,160937425,2.991845684251234,3.5319328035888353,0.5561556816101074,1,19,18,1
46,18,103,00:00:00.2190000,18,65330,65385,310890615,319489054,6299247,325788301,755859,326544160,3.000151866919495,3.366475382745286,0.5591620802879333,1,18,17,1
46,19,105,00:00:00.3770000,21,124860,124989,587564847,607998976,13435476,621434452,1257602,622692054,3.009015716353773,3.0499882111399366,0.5351029634475708,2,21,19,1.0526316
46,20,107,00:00:00.6690000,24,225270,225555,1042942260,1095815635,26966724,1122782359,2024030,1124806389,3.0211340117716583,2.767477087147388,0.5100192427635193,2,24,21,1.0952381
47,0,106,00:00:00.0430000,1,1,1,1080,1080,0,1080,125,1205,1,1,0,0,1,1,0
47,1,113,00:00:00.0550000,1,2,2,2068,2070,0,2070,211,2281,1,1,0,0,1,1,0
47,2,121,00:00:00.0560000,2,2,2,4385,4385,0,4385,476,4861,1.0437856328392245,1.09138958041151,0,1,2,1,1
47,3,126,00:00:00.0570000,3,7,7,9281,9294,0,9294,751,10045,1.3063247494882018,1.7381708252216048,0,2,3,1,2
47,4,129,00:00:00.0570000,4,11,11,21924,21969,11,21980,1129,23109,1.6231983214741836,1.9318704062779735,0.023174600675702095,2,4,2,1.5
47,5,131,00:00:00.0660000,6,18,18,46137,46197,59,46256,1567,47823,1.7979279103539458,1.5706754579239175,0.030406367033720016,2,6,4,1.25
47,6,132,00:00:00.0670000,6,20,20,67909,68028,133,68161,1941,70102,1.8600774565963274,1.4304097090845673,0.035882335156202316,2,6,4,1.25
47,7,134,00:00:00.0670000,7,35,35,146243,146531,574,147105,3231,150336,1.9477992109024023,1.2823061747161506,0.0477447584271431,2,7,5,1.2
47,8,136,00:00:00.0670000,7,69,69,298674,299797,1858,301655,5469,307124,2.004607029738109,1.2443151214139456,0.059891559183597565,2,7,5,1.2
47,9,138,00:00:00.0670000,9,126,126,571623,573776,5156,578932,9338,588270,2.054969796526732,1.284661432828361,0.07178469747304916,2,9,7,1.1428572
47,10,140,00:00:00.0680000,9,218,218,1032635,1040077,12384,1052461,15431,1067892,2.1100040188449936,1.391555935032111,0.08393331617116928,2,9,7,1.1428572
47,11,143,00:00:00.0690000,15,516,518,2417380,2436805,38853,2475658,31175,2506833,2.252806757729443,1.869363223965114,0.1041363850235939,2,15,13,1.0769231
47,12,145,00:00:00.0700000,17,938,941,4518363,4570019,78350,4648369,48571,4696940,2.4181359487938443,2.6806855785441215,0.13116483390331268,2,17,15,1.0666667
47,13,147,00:00:00.0720000,17,2072,2077,9883216,10048285,162144,10210429,76544,10286973,2.6365265112084972,3.4699829213644975,0.17378409206867218,2,17,15,1.0666667
47,14,148,00:00:00.0750000,17,3308,3314,15911859,16205148,241954,16447102,97735,16544837,2.742857072828511,3.2491105767478037,0.19275730848312378,2,17,15,1.0666667
47,15,150,00:00:00.0850000,18,9905,9913,48225463,49049565,607942,49657507,169105,49826612,2.8964810353401895,2.361893881266126,0.197614848613739,2,19,17,1.0588236
47,16,151,00:00:00.0960000,18,18074,18083,87900532,89329161,1035820,90364981,231529,90596510,2.9385801214490943,2.027549262729129,0.18847379088401794,2,19,17,1.0588236
47,17,152,00:00:00.1170000,15,33206,33219,161486045,164304936,1834812,166139748,325299,166465047,2.965787031319022,1.7510202771901449,0.3426009714603424,1,15,14,1
47,18,153,00:00:00.1600000,15,58155,58171,282477022,287124344,3336696,290461040,467098,290928138,2.9794482504846003,1.5833047963623805,0.3074575662612915,1,15,14,1
47,19,155,00:00:00.3330000,17,149024,149064,723665576,734352103,10432504,744784607,963160,745747767,2.992743374599872,1.4097714732381246,0.25274237990379333,2,17,15,1.0666667
47,20,156,00:00:00.5030000,17,222151,222234,1076287121,1093341634,17389930,1110731564,1353055,1112084619,2.995874249618564,1.3579721965591511,0.23454579710960388,2,17,15,1.0666667
48,0,80,00:00:00.0560000,1,1,1,1063,1063,0,1063,144,1207,1,1,0,0,1,1,0
48,1,91,00:00:00.0640000,1,1,1,2116,2116,0,2116,316,2432,1,1,0,0,1,1,0
48,2,101,00:00:00.0640000,1,1,1,4139,4139,0,4139,619,4758,1,1,0,0,1,1,0
48,3,112,00:00:00.0650000,1,2,2,8461,8465,1,8466,1346,9812,1,1,0,0,1,1,0
48,4,122,00:00:00.0650000,2,4,4,16790,16792,30,16822,2456,19278,1.0345443716497915,1.0714692166558997,0,1,2,1,1
48,5,128,00:00:00.0660000,2,6,6,34542,34547,134,34681,3689,38370,1.3284117885472757,1.7892768985313978,0,1,2,1,1
48,6,131,00:00:00.0660000,2,11,11,72110,72130,347,72477,4799,77276,1.6205935376508112,1.8900533027662547,0,1,2,1,1
48,7,133,00:00:00.0670000,2,21,21,132674,132740,770,133510,6057,139567,1.7727060313249017,1.5414563282902953,0,1,2,1,1
48,8,136,00:00:00.0670000,2,65,65,336561,337088,2821,339909,9514,349423,1.899091100870273,1.2216762666867411,0,1,2,1,1
48,9,138,00:00:00.0670000,3,126,126,596528,597633,6524,604157,13654,617811,1.9410304294182334,1.1324492812048088,0,2,3,1,2
48,10,141,00:00:00.0680000,4,272,272,1275696,1282302,19836,1302138,24021,1326159,1.9766213894219313,1.0786722052947786,0.0045042517594993114,2,4,2,1.5
48,11,143,00:00:00.0780000,6,437,440,2004571,2022201,37994,2060195,34800,2094995,2.0002175028971285,1.0856953271082168,0.013035482726991177,2,6,4,1.25
48,12,147,00:00:00.0800000,15,1004,1009,4672893,4795420,117459,4912879,69730,4982609,2.108348725297155,1.302877988856181,0.07339689135551453,2,15,13,1.0769231
48,13,150,00:00:00.0830000,35,2095,2106,9844486,10225803,257610,10483413,114856,10598269,2.3396949317618003,2.228097478188827,0.22475120425224304,2,35,33,1.030303
48,14,152,00:00:00.0880000,50,4020,4034,19045059,19865747,450939,20316686,162796,20479482,2.565450545466937,4.2558212304153695,0.3779357373714447,2,50,48,1.0208334
48,15,154,00:00:00.0990000,54,9500,9521,43943086,46143610,868077,47011687,241296,47252983,2.773730638763058,7.116708729362454,0.5132220983505249,1,54,53,1
48,16,155,00:00:00.1090000,52,15408,15433,71397816,75174998,1268629,76443627,301317,76744944,2.8494266127131955,7.136535451509505,0.5554316639900208,1,52,51,1
48,17,157,00:00:00.1610000,53,44619,44652,211890543,221160756,3088874,224249630,504441,224754071,2.942811605329644,5.257042351755645,0.5629318952560425,1,53,52,1
48,18,158,00:00:00.2170000,48,77326,77362,366259415,381864482,5126205,386990687,677909,387668596,2.9654273788429437,4.442954613760456,0.5538126826286316,1,48,47,1
48,19,159,00:00:00.3130000,47,128347,128392,610029225,633477318,8695291,642172609,928777,643101386,2.9784976941063768,4.018469092904548,0.5412108302116394,1,47,46,1
48,20,161,00:00:00.6700000,41,312448,312577,1480543384,1536313025,24265256,1560578281,1763553,1562341834,2.990671354754438,3.6396368387110747,0.5352665781974792,1,41,40,1
4,0,439,00:00:00.0500000,1,1,1,1011,1011,0,1011,515,1526,1,1,0,0,1,1,0
4,1,477,00:00:00.0870000,2,4,4,2042,2044,0,2044,1042,3086,1.0014691478942213,1.0029425872299664,0,1,2,1,1
4,2,502,00:00:00.0890000,4,4,4,4303,4303,0,4303,1719,6022,1.254008831048106,1.6132914496435222,0.013470891863107681,1,4,3,1
4,3,508,00:00:00.1030000,3,7,7,8586,8594,0,8594,2038,10632,1.580130444910319,1.956603930129892,0.015171817503869534,1,3,2,1
4,4,512,00:00:00.1040000,3,10,10,17407,17450,11,17461,2469,19930,1.7766415809731717,1.5364891140470338,0.01510853972285986,1,3,2,1
4,5,515,00:00:00.1040000,5,14,14,32046,32095,55,32150,3018,35168,1.880453098670661,1.3101373590079401,0.011774206534028053,2,5,3,1.3333334
4,6,519,00:00:00.1040000,7,30,30,73206,73367,348,73715,4500,78215,1.9889899734994398,1.2474457197372693,0.03224995359778404,2,7,5,1.2
4,7,522,00:00:00.1050000,8,51,51,144354,144868,1090,145958,6555,152513,2.1356318494811366,1.5184996426508222,0.09296458959579468,2,8,6,1.1666666
4,8,524,00:00:00.1050000,9,72,72,253789,254823,2254,257077,8717,265794,2.324072359322114,2.106000174694601,0.16178835928440094,2,9,7,1.1428572
4,9,526,00:00:00.1060000,9,124,124,536682,539728,4942,544670,12162,556832,2.5770623944905924,2.6058260843243493,0.23598499596118927,2,9,7,1.1428572
4,10,528,00:00:00.1060000,9,314,314,1439412,1449002,12670,1461672,18520,1480192,2.8013987656070674,1.9740029435742776,0.2605901062488556,2,9,7,1.1428572
4,11,529,00:00:00.1070000,8,559,559,2539895,2559106,21811,2580917,23921,2604838,2.8763968589252706,1.6413744320009578,0.2631610929965973,2,8,6,1.1666666
4,12,530,00:00:00.1090000,7,952,952,4639430,4677297,39275,4716572,31959,4748531,2.9287975031415496,1.4101176260523263,0.2312227040529251,1,7,6,1
4,13,531,00:00:00.1110000,7,1653,1653,8116616,8178817,73733,8252550,44294,8296844,2.956455005386481,1.2843796218638774,0.2011972963809967,1,7,6,1
4,14,533,00:00:00.1160000,8,4288,4288,21154427,21297940,246482,21544422,88193,21632615,2.9815162566208953,1.1676365875837034,0.1478044092655182,1,8,7,1
4,15,535,00:00:00.1290000,9,9305,9308,46034296,46376389,697626,47074015,170145,47244160,2.990868634115747,1.1184268396297687,0.1170889213681221,1,9,8,1
4,16,536,00:00:00.1410000,8,13162,13167,64306043,64956314,1100795,66057109,230272,66287381,2.9932760596076484,1.1009886560458688,0.11174832284450531,1,8,7,1
4,17,539,00:00:00.2080000,10,31445,31475,150938608,153687116,3531380,157218496,513413,157731909,3.0024974657246077,1.083634524368082,0.09931028634309769,2,10,7,1.2857143
4,18,542,00:00:00.3590000,13,64663,64762,301376361,315022130,9061294,324083424,1001273,325084697,3.0202154143071627,1.1056013143278784,0.09163732081651688,2,13,10,1.2
4,19,545,00:00:00.6630000,26,130160,130427,561556135,630789261,20341347,651130608,1782926,652913534,3.093048827611865,1.2725037451531596,0.09903772920370102,2,27,23,1.1304348
4,20,547,00:00:01.0420000,39,224921,225390,878070885,1091891848,34048019,1125939867,2559872,1128499739,3.215547942920349,1.6850701724411552,0.11490854620933533,2,40,37,1.054054
49,0,60,00:00:00.0650000,2,2,2,1005,1005,0,1005,75,1080,1.063681592039801,1.1353992088147273,0,1,2,1,1
49,1,64,00:00:00.0770000,2,2,2,2650,2650,0,2650,140,2790,1.3781132075471698,1.8878155097262463,0,1,2,1,1
49,2,66,00:00:00.0780000,2,2,2,6140,6140,0,6140,203,6343,1.645114006514658,1.8446231540143385,0,1,2,1,1
49,3,67,00:00:00.0780000,2,3,3,10312,10313,0,10313,272,10585,1.7632854926299457,1.5658309585264238,0,1,2,1,1
49,4,68,00:00:00.0780000,2,3,3,18442,18444,2,18446,387,18833,1.8484979937100097,1.3460731192527846,0,1,2,1,1
49,5,69,00:00:00.0780000,2,5,5,34353,34359,13,34372,554,34926,1.9065292696416616,1.2040474473110725,0,1,2,1,1
49,6,70,00:00:00.0780000,2,15,15,65577,65599,58,65657,863,66520,1.94475197096543,1.116559119972029,0,1,2,1,1
49,7,72,00:00:00.0790000,2,44,44,249700,249824,596,250420,2248,252668,1.9823828594313175,1.035854663029701,0,1,2,1,1
49,8,73,00:00:00.0790000,2,97,97,492838,493137,1632,494769,3734,498503,1.9903173050779364,1.0195529043616633,0,1,2,1,1
49,9,74,00:00:00.0790000,2,176,176,976308,976979,4094,981073,6161,987234,1.9947875055822548,1.0104793085187727,0,1,2,1,1
49,10,75,00:00:00.0800000,2,352,352,1937798,1939311,9876,1949187,10242,1959429,1.9972422306143365,1.00553078606491,0,1,2,1,1
49,11,76,00:00:00.0800000,2,758,758,3850852,3854271,22570,3876841,16809,3893650,1.998560058916832,1.0028840047557528,0,1,2,1,1
49,12,77,00:00:00.0820000,1,1510,1510,7482815,7496078,50419,7546497,27575,7574072,2,1,0,0,1,1,0
49,13,78,00:00:00.0850000,1,2672,2672,13262936,13284971,108320,13393291,44696,13437987,2,1,0,0,1,1,0
49,14,79,00:00:00.0880000,1,4369,4369,21841403,21881113,215537,22096650,70099,22166749,2,1,0,0,1,1,0
49,15,80,00:00:00.0940000,1,6879,6879,33917222,33992249,398085,34390334,105923,34496257,2,1,0,0,1,1,0
49,16,82,00:00:00.1140000,1,14718,14721,71482353,71764705,1131181,72895886,218404,73114290,2,1,0,0,1,1,0
49,17,84,00:00:00.1530000,1,27235,27260,131970462,133042833,2656527,135699360,400304,136099664,2,1,0,0,1,1,0
49,18,87,00:00:00.2870000,2,59027,59093,279822790,286673733,7543786,294217519,849131,295066650,2.0031397764277883,1.0062990634029494,0,1,2,1,1
49,19,90,00:00:00.5440000,13,116035,116253,525393384,562223996,17789273,580013269,1582469,581595738,2.030179829976694,1.0630525750872648,0.027018753811717033,1,13,12,1
49,20,93,00:00:01.0970000,28,242117,242674,963048764,1175998536,38306766,1214305302,2743459,1217048761,2.1378047747538567,1.342801156441625,0.12389151006937027,1,28,27,1
5,0,471,00:00:00.0250000,1,1,1,1006,1006,0,1006,750,1756,1,1,0,0,1,1,0
5,1,524,00:00:00.0600000,1,1,1,2002,2002,0,2002,1551,3553,1,1,0,0,1,1,0
5,2,575,00:00:00.0610000,1,1,1,4012,4012,0,4012,3014,7026,1,1,0,0,1,1,0
5,3,628,00:00:00.0630000,1,1,1,8021,8021,2,8023,6092,14115,1,1,0,0,1,1,0
5,4,680,00:00:00.0640000,2,2,2,15909,15909,137,16046,11909,27955,1.0015714375510718,1.003147772321576,0,1,2,1,1
5,5,717,00:00:00.0670000,2,7,7,32257,32270,629,32899,19158,52057,1.2300895929565676,1.5486990684141348,0,1,2,1,1
5,6,728,00:00:00.0670000,4,10,10,68753,68797,1356,70153,23285,93438,1.6549677832240048,2.2008646763146698,0.03143329545855522,2,4,2,1.5
5,7,732,00:00:00.0810000,4,27,27,151624,151732,2256,153988,25968,179956,2.2137920118187093,2.7807992208011942,0.058224454522132874,2,4,2,1.5
5,8,734,00:00:00.0810000,4,75,75,345668,345942,3576,349518,28263,377781,2.609862642767048,1.8851806056019784,0.04867923632264137,2,4,2,1.5
5,9,735,00:00:00.0810000,4,132,132,589396,589906,5144,595050,30158,625208,2.757916579006305,1.4964783120627971,0.038374342024326324,2,4,2,1.5
5,10,737,00:00:00.0820000,4,323,323,1670987,1672898,14164,1687062,37116,1724178,2.9064307502093074,1.1719860316633035,0.022502576932311058,2,4,2,1.5
5,11,738,00:00:00.0830000,4,525,525,2669328,2673171,25038,2698209,43139,2741348,2.939296706886527,1.1093668022131284,0.01738303154706955,2,4,2,1.5
5,12,739,00:00:00.0840000,4,803,803,4098214,4105886,43506,4149392,51487,4200879,2.9592368773324185,1.072823909031354,0.013709763064980507,2,4,2,1.5
5,13,741,00:00:00.0860000,3,1778,1779,8649692,8686304,119350,8805654,77621,8883275,2.9796869067707843,1.0346610703909767,0,2,3,1,2
5,14,743,00:00:00.0910000,3,3311,3314,16190638,16313456,283608,16597064,120467,16717531,2.9887227421180067,1.0192518560299453,0,2,3,1,2
5,15,746,00:00:00.1060000,5,7314,7321,35196945,35878331,834544,36712875,228367,36941242,3.0011392181906698,1.0177704853018967,0.0049694315530359745,2,5,3,1.3333334
5,16,749,00:00:00.1370000,11,14658,14682,67718027,71143294,2035232,73178526,408230,73586756,3.0315274099760763,1.0751830642719393,0.0311981700360775,2,11,9,1.1111112
5,17,752,00:00:00.2050000,34,30216,30283,131321778,146969615,4484703,151454318,695277,152149595,3.1716767800691823,1.4523334252222564,0.1446249932050705,1,34,33,1
5,18,754,00:00:00.3070000,60,56058,56174,232894874,274263083,7623807,281886890,989286,282876176,3.383447662313083,2.5647969154174857,0.3156942129135132,1,60,59,1
5,19,756,00:00:00.5040000,80,123542,123742,488777689,606237495,13895485,620132980,1451409,621584389,3.632910689178368,6.242482955379208,0.5128816366195679,1,80,79,1
5,20,758,00:00:00.9770000,116,311595,311919,1238304109,1530570416,28659470,1559229886,2260482,1561490368,3.8287327826350612,13.176480641912336,0.6502311825752258,1,116,115,1
6,0,115,00:00:00.0440000,1,1,1,1071,1071,0,1071,159,1230,1,1,0,0,1,1,0
6,1,124,00:00:00.0520000,1,1,1,2034,2034,0,2034,291,2325,1,1,0,0,1,1,0
6,2,134,00:00:00.0520000,1,1,1,4199,4199,0,4199,563,4762,1,1,0,0,1,1,0
6,3,144,00:00:00.0530000,1,2,2,8475,8476,1,8477,1167,9644,1,1,0,0,1,1,0
6,4,154,00:00:00.0530000,1,2,2,16825,16828,33,16861,2301,19162,1,1,0,0,1,1,0
6,5,164,00:00:00.0530000,1,6,6,32282,32298,222,32520,4444,36964,1,1,0,0,1,1,0
6,6,175,00:00:00.0530000,2,12,12,64278,64411,994,65405,8551,73956,1.0399514608419678,1.0830840842751925,0,1,2,1,1
6,7,181,00:00:00.0550000,3,29,29,157172,157553,2297,159850,12429,172279,1.4640075840480493,1.9942459742665855,0.012391211465001106,1,3,2,1
6,8,183,00:00:00.0640000,3,57,58,284576,285274,3632,288906,14793,303699,1.6780508546047452,1.7820665935408715,0.016870087012648582,1,3,2,1
6,9,185,00:00:00.0650000,3,113,114,554564,556140,6701,562841,18526,581367,1.8227562553645746,1.4177656626547284,0.018782246857881546,1,3,2,1
6,10,187,00:00:00.0650000,3,237,238,1065133,1069559,13886,1083445,24651,1108096,1.9023370790314449,1.2188915030381928,0.019190961495041847,1,3,2,1
6,11,190,00:00:00.0660000,4,556,557,2545264,2564526,42350,2606876,41188,2648064,1.9590871516667818,1.1006960637291603,0.01801060326397419,2,4,2,1.5
6,12,192,00:00:00.0670000,7,893,894,4214765,4261917,83409,4345326,59093,4404419,1.9802532288277046,1.0781717653873006,0.01954681985080242,2,7,5,1.2
6,13,195,00:00:00.0700000,12,1736,1739,8195468,8414777,205875,8620652,100462,8721114,2.0137920128539335,1.0985715739660933,0.02345048449933529,2,12,10,1.1
6,14,198,00:00:00.0760000,28,3361,3371,15381213,16237350,458076,16695426,166230,16861656,2.1077400072413015,1.3060658506716702,0.03473168984055519,2,28,26,1.0384616
6,15,201,00:00:00.0880000,61,7560,7575,33896041,36800731,991201,37791932,272750,38064682,2.380501899912146,2.5838746048540258,0.10877764225006104,2,61,59,1.0169492
6,16,203,00:00:00.1060000,89,16388,16413,72873009,79280964,1769229,81050193,390813,81441006,2.6458161210277455,6.631383798072467,0.21745935082435608,2,89,87,1.0114943
6,17,205,00:00:00.1500000,101,41858,41900,188319178,204244361,3610623,207854984,596571,208451555,2.8470819312943263,14.164745095761036,0.30354511737823486,2,102,100,1.01
6,18,206,00:00:00.2140000,96,68430,68483,308030185,335070591,5487618,340558209,761297,341319506,2.9053952715705442,14.91814140374439,0.6805092692375183,1,96,95,1
6,19,207,00:00:00.2970000,91,110535,110608,498683990,543568062,8609749,552177811,991395,553169206,2.9420731513758844,14.227545204915547,0.6976455450057983,1,91,90,1
6,20,209,00:00:00.6060000,89,274361,274507,1246339776,1350200860,21938432,1372139292,1745298,1373884590,2.97926724999267,12.993643594366914,0.7051294445991516,1,89,88,1
7,0,464,00:00:00.0170000,1,1,1,1014,1014,0,1014,579,1593,1,1,0,0,1,1,0
7,1,502,00:00:00.0430000,1,1,1,2010,2010,0,2010,1151,3161,1,1,0,0,1,1,0
7,2,544,00:00:00.0440000,1,1,1,4057,4057,0,4057,2351,6408,1,1,0,0,1,1,0
7,3,586,00:00:00.0440000,1,1,1,8071,8071,1,8072,4783,12855,1,1,0,0,1,1,0
7,4,629,00:00:00.0450000,1,2,3,15997,15998,118,16116,9599,25715,1,1,0,0,1,1,0
7,5,674,00:00:00.0460000,2,7,8,31314,31327,839,32166,19146,51312,1.0042153669285303,1.0084662565526448,0,1,2,1,1
7,6,695,00:00:00.0470000,4,14,15,62789,62879,1887,64766,26299,91065,1.3433881730876427,1.8244477003989465,0.01237145159393549,2,4,2,1.5
7,7,702,00:00:00.0570000,6,35,36,147282,147641,3399,151040,30898,181938,1.7842438315612228,2.1301646218476913,0.027069585397839546,2,6,4,1.25
7,8,705,00:00:00.0570000,9,73,74,293432,294104,5348,299452,34389,333841,2.1663213282804876,2.8387883182563862,0.0589468739926815,2,9,7,1.1428572
7,9,707,00:00:00.0580000,9,137,138,576264,578167,8480,586647,38187,624834,2.479554509738592,3.2354259084584625,0.10561252385377884,2,9,7,1.1428572
7,10,709,00:00:00.0580000,8,281,282,1255280,1261789,16298,1278087,44628,1322715,2.7139530622649928,2.71759920678012,0.32631322741508484,2,8,6,1.1666666
7,11,711,00:00:00.0590000,8,574,575,2711863,2730676,36278,2766954,55996,2822950,2.845551563629874,2.244105379374101,0.37035703659057617,2,8,6,1.1666666
7,12,713,00:00:00.0600000,9,1144,1145,5475043,5526020,83271,5609291,75340,5684631,2.9131884443647293,2.026864989925895,0.38058561086654663,2,9,7,1.1428572
7,13,715,00:00:00.0630000,12,2137,2139,10309610,10430377,183353,10613730,106613,10720343,2.9488305571209774,1.9971589051107719,0.3728869557380676,2,12,10,1.1
7,14,717,00:00:00.0670000,14,3885,3890,18555978,18900411,380126,19280537,154916,19435453,2.9719891886054186,2.1550535549486445,0.4364793002605438,3,14,10,1.3
7,15,719,00:00:00.0750000,18,7120,7133,33584096,34536196,750146,35286342,227495,35513837,2.99182228993152,2.5918036927316344,0.47279638051986694,3,18,14,1.2142857
7,16,721,00:00:00.0900000,23,13346,13367,62690349,65351614,1458188,66809802,338234,67148036,3.022746052984966,3.0785581712116734,0.502223551273346,2,23,19,1.1578947
7,17,723,00:00:00.1200000,31,26286,26324,121512382,128546673,2852076,131398749,510251,131909000,3.0719100214824198,3.146240059781015,0.47658804059028625,2,31,28,1.0714285
7,18,725,00:00:00.1980000,40,52997,53068,240851255,259523176,5687672,265210848,784078,265994926,3.1541533881565202,3.073751302574955,0.4668009281158447,2,40,37,1.054054
7,19,727,00:00:00.3330000,54,109003,109139,487891975,533761483,11554331,545315814,1225328,546541142,3.283746644941229,3.5065762950322132,0.48456788063049316,2,54,51,1.0392157
7,20,729,00:00:00.6140000,67,230078,230345,1014040091,1126091734,23889188,1149980922,1944915,1151925837,3.4525005086805782,4.998639735370959,0.5312321782112122,2,68,65,1.0307692
8,0,175,00:00:00.1460000,1,1,1,1052,1052,0,1052,127,1179,1,1,0,0,1,1,0
8,1,183,00:00:00.1540000,2,2,2,2064,2064,0,2064,214,2278,1.056686046511628,1.1197524547350757,0,1,2,1,1
8,2,187,00:00:00.1550000,2,2,2,4289,4289,0,4289,312,4601,1.4007927255770576,1.9242456446422143,0,1,2,1,1
8,3,189,00:00:00.1550000,2,3,3,9645,9647,0,9647,403,10050,1.6897874546397096,1.7481339312951054,0,1,2,1,1
8,4,190,00:00:00.1560000,2,4,4,16250,16255,1,16256,488,16744,1.8007384615384616,1.4686719869708855,0,1,2,1,1
8,5,192,00:00:00.1560000,2,9,9,50214,50240,38,50278,898,51176,1.9262755406858645,1.158182622463882,0,1,2,1,1
8,6,193,00:00:00.1560000,2,21,21,87393,87457,118,87575,1264,88839,1.9549506253361253,1.0941396041122606,0,1,2,1,1
8,7,194,00:00:00.1560000,2,25,25,147175,147307,331,147638,1881,149519,1.97179548156956,1.057997309843829,0,1,2,1,1
8,8,196,00:00:00.1560000,2,65,65,373127,373706,1795,375501,4303,379804,1.9879558434527653,1.0243782988727057,0,1,2,1,1
8,9,197,00:00:00.1560000,2,100,100,561961,563145,3533,566678,6301,572979,1.9917663325390909,1.0166029006606183,0,1,2,1,1
8,10,199,00:00:00.1570000,3,214,214,1157941,1160706,11175,1171881,12643,1184524,1.9974247392570088,1.011849250985495,0,2,3,1,2
8,11,201,00:00:00.1570000,3,417,417,2140793,2151620,28569,2180189,23121,2203310,2.0004974792051358,1.0106125065212685,0,2,3,1,2
8,12,204,00:00:00.1590000,5,926,926,4640660,4697263,89044,4786307,49525,4835832,2.0096867686923843,1.024370789687408,0.00970196258276701,2,5,3,1.3333334
8,13,207,00:00:00.1720000,16,1846,1848,9062617,9257191,225187,9482378,93753,9576131,2.0534089656442505,1.1155520278137265,0.04598836600780487,1,16,15,1
8,14,210,00:00:00.1780000,28,3797,3806,18001156,18791324,508606,19299930,164611,19464541,2.201447673693845,1.5572256197062113,0.16600944101810455,1,28,27,1
8,15,212,00:00:00.1870000,40,7022,7037,32696349,34684832,873886,35558718,237008,35795726,2.4157150390094015,2.7686223723826946,0.3214513957500458,1,40,39,1
8,16,214,00:00:00.2030000,52,15880,15902,73535060,78542236,1615421,80157657,351184,80508841,2.674630332796356,6.045747046925879,0.4857032895088196,2,52,50,1.02
8,17,216,00:00:00.2460000,56,41540,41576,189891341,203527469,3450302,206977771,556199,207533970,2.852118059453801,8.262134104716239,0.5892324447631836,2,56,54,1.0185186
8,18,217,00:00:00.3100000,58,67726,67773,310421975,332002785,5323209,337325994,720733,338046727,2.9047605634233853,8.327040714684355,0.6160104870796204,2,58,56,1.0178572
8,19,218,00:00:00.3930000,58,110223,110285,506252789,540898655,8415003,549313658,949317,550262975,2.9400533337111154,7.97704621838561,0.6301804780960083,2,58,56,1.0178572
8,20,220,00:00:00.7020000,63,271224,271361,1259060847,1333554304,21674795,1355229099,1700491,1356929590,2.9782033401599373,7.206231607255905,0.6315628290176392,2,63,61,1.0163934
