RepeatId,GenerationId,Generations,Time,SubcloneSelect,SubcloneAlive,SubcloneTotal,CellSelectCount,CellAliveCount,CellNecroCount,CellTumorCount,CellLostCount,CellTotalCount,MeanDriversPerCell,ClonalDiversity,TreeBalance,TreeDepth,NodeCount,LeafCount,Branching
0,0,3692,00:00:00.1840000,1,1,1,1002,1002,0,1002,4719,5721,1,1,0,0,1,1,0
0,1,4110,00:00:00.2180000,1,1,2,2002,2002,0,2002,10298,12300,1,1,0,0,1,1,0
0,2,4489,00:00:00.2710000,1,2,4,4024,4025,0,4025,20127,24152,1,1,0,0,1,1,0
0,3,4861,00:00:00.2860000,1,4,6,8017,8023,8,8031,39565,47596,1,1,0,0,1,1,0
0,4,5218,00:00:00.3020000,1,8,12,15543,15566,463,16029,76253,92282,1,1,0,0,1,1,0
0,5,5602,00:00:00.3230000,3,12,24,29315,29345,2663,32008,150248,182256,1.0030018761726078,1.0060262347920492,0,1,3,2,1
0,6,6042,00:00:00.3810000,3,28,65,53376,53573,10443,64016,303514,367530,1.0039718225419665,1.0079816182734234,0,1,3,2,1
0,7,6535,00:00:00.4420000,6,50,128,94807,95281,32828,128109,607163,735272,1.0153258725621526,1.0313049205095504,0.013757244683802128,1,6,5,1
0,8,7098,00:00:00.5250000,10,101,280,164618,165744,90314,256058,1204196,1460254,1.03947927930117,1.0835371309859145,0.033777736127376556,1,10,9,1
0,9,7733,00:00:00.6610000,16,189,549,281877,285084,227330,512414,2337374,2849788,1.1208222025919106,1.289935116844088,0.09747910499572754,1,16,15,1
0,10,8415,00:00:01.0200000,26,338,1057,481804,490460,534032,1024492,4336928,5361420,1.3130546861379315,2.0075016842013107,0.2299496978521347,2,26,23,1.0869565
0,11,9101,00:00:01.5740000,36,580,1870,828064,850661,1198671,2049332,7568056,9617388,1.643900712988368,4.72680640844208,0.4115147292613983,3,36,32,1.09375
0,12,9782,00:00:02.4770000,42,1012,3305,1419681,1475374,2621349,4096723,12670383,16767106,2.027867527986921,10.607757386224204,0.5498123168945312,3,42,36,1.1388888
0,13,10480,00:00:04.1500000,45,1715,5672,2430201,2558974,5633988,8192962,20898257,29091219,2.4431106727385923,14.062480725096377,0.560408353805542,3,45,37,1.1891892
0,14,11214,00:00:07.4580000,51,3108,10065,4202881,4447987,11939157,16387144,34431993,50819137,2.908710239476207,11.828004430138813,0.5018362998962402,3,51,41,1.2195122
0,15,12005,00:00:18.5610000,46,5317,17884,7196208,7706309,25063496,32769805,57167507,89937312,3.357087649495401,7.040138183631406,0.4286777377128601,4,47,36,1.2777778
0,16,12885,00:00:45.1790000,42,9465,32342,12157359,13208632,52332200,65540832,96633959,162174791,3.728950588692824,3.9099582910374715,0.392341673374176,4,43,30,1.4
0,17,13898,00:01:42.1380000,43,16595,59850,19988674,22357838,108750563,131108401,167830292,298938693,4.01408827819194,3.108712760121922,0.3365912139415741,3,44,33,1.3030303
0,18,15077,00:03:44.7510000,68,29609,112045,32699493,37954340,224267999,262222339,297485735,559708074,4.391765523703992,4.722136439670442,0.3263455331325531,5,69,51,1.3333334
0,19,16385,00:07:50.6900000,79,52779,207829,54868188,66814785,457605505,524420290,514251036,1038671326,5.236894774072,10.004588082548517,0.34267374873161316,4,80,59,1.338983
0,20,17769,00:15:39.3110000,55,92794,381295,104727016,123508377,925455125,1048963502,855233400,1904196902,6.501899041981679,2.2714229728961923,0.19341446459293365,5,56,37,1.4864864
9,0,4923,00:00:00.0600000,1,1,3,1001,1001,0,1001,5692,6693,1,1,0,0,1,1,0
9,1,5301,00:00:00.0710000,1,1,3,2003,2003,0,2003,10733,12736,1,1,0,0,1,1,0
9,2,5653,00:00:00.0920000,1,2,4,4002,4003,0,4003,19957,23960,1,1,0,0,1,1,0
9,3,6027,00:00:00.0970000,1,6,11,7984,7999,6,8005,39768,47773,1,1,0,0,1,1,0
9,4,6393,00:00:00.1030000,2,9,18,15529,15553,483,16036,77631,93667,1.0014810998776482,1.0029666190723985,0,1,2,1,1
9,5,6799,00:00:00.1130000,3,18,42,29242,29329,2689,32018,155080,187098,1.0048560289993844,1.0097696701839485,0,1,3,2,1
9,6,7238,00:00:00.1380000,5,31,84,53359,53531,10488,64019,308208,372227,1.0110946606945408,1.0225097448324827,0.00798659399151802,1,5,4,1
9,7,7731,00:00:00.1670000,7,61,172,94901,95258,32771,128029,611702,739731,1.028208343431576,1.0585944780083851,0.022016186267137527,1,7,6,1
9,8,8280,00:00:00.2250000,8,93,302,165070,166469,89664,256133,1190969,1447102,1.0637911189192464,1.1392478126587675,0.049160074442625046,1,8,7,1
9,9,8896,00:00:00.3490000,13,203,611,282191,286475,225840,512315,2285826,2798141,1.1699416352753986,1.4341965394828835,0.1161685436964035,1,13,12,1
9,10,9546,00:00:00.6140000,25,335,1124,485165,494425,530436,1024861,4177414,5202275,1.390254861748065,2.4056673993725117,0.23749840259552002,2,25,23,1.0434783
9,11,10204,00:00:01.0470000,31,627,1967,831240,853848,1195348,2049196,7269597,9318793,1.6790806505942928,4.484626155120707,0.4003174602985382,2,31,27,1.1111112
9,12,10890,00:00:01.8020000,37,1059,3373,1410977,1469073,2629929,4099002,12426501,16525503,1.9547164836847093,5.833622157186276,0.5419695377349854,2,37,29,1.2413793
9,13,11628,00:00:03.2240000,42,1848,5932,2357563,2505995,5693285,8199280,21239260,29438540,2.2326079939327177,6.582134092775343,0.6250569820404053,3,42,32,1.28125
9,14,12431,00:00:06.0160000,56,3158,10429,3976586,4290035,12102156,16392191,36364217,52756408,2.566668242557812,6.652503478414532,0.5909715294837952,3,56,45,1.2222222
9,15,13311,00:00:13.7260000,66,5542,18841,6665031,7354058,25422657,32776715,62362603,95139318,2.9459214818355686,5.4244399544044954,0.5449275970458984,4,66,52,1.25
9,16,14284,00:00:40.6820000,80,9813,34239,11305480,12644811,52902681,65547492,107185590,172733082,3.394159911830369,7.145992971777064,0.5047646164894104,3,81,66,1.2121212
9,17,15346,00:01:36.4170000,76,17204,62500,19283326,22106519,108968982,131075501,182695078,313770579,4.014778519016896,8.627613940742421,0.4331578314304352,4,77,61,1.2459016
9,18,16506,00:03:26.3910000,76,29905,114070,33503373,38662197,223558457,262220654,309365543,571586197,4.608196882146761,3.5938352162917493,0.38844794034957886,4,77,60,1.2666667
9,19,17793,00:07:08.3800000,72,51810,209001,56002347,66252601,458295748,524548349,521447570,1045995919,5.059329906298391,2.5606982713912974,0.28463345766067505,4,73,58,1.2413793
9,20,19286,00:15:11.7220000,76,91840,389699,89316894,113151100,935812100,1048963200,902242056,1951205256,5.495506673127259,4.775782291475198,0.31948748230934143,4,77,65,1.1692308
10,0,3799,00:00:00.1210000,1,1,1,1002,1002,0,1002,4913,5915,1,1,0,0,1,1,0
10,1,4174,00:00:00.1400000,1,1,1,2007,2007,0,2007,9663,11670,1,1,0,0,1,1,0
10,2,4531,00:00:00.1720000,1,4,10,4007,4014,0,4014,18908,22922,1,1,0,0,1,1,0
10,3,4910,00:00:00.1840000,3,10,20,7993,8016,3,8019,38656,46675,1.0035030651820342,1.0070368064559914,0,1,3,2,1
10,4,5286,00:00:00.2130000,6,15,30,15526,15554,464,16018,76654,92672,1.0099188458070334,1.0201146084857382,0.006309329066425562,1,6,5,1
10,5,5676,00:00:00.2320000,6,21,54,29198,29299,2714,32013,152100,184113,1.0215768203301596,1.0444484691009157,0.018214723095297813,1,6,5,1
10,6,6099,00:00:00.2610000,7,44,97,53323,53636,10430,64066,300094,364160,1.0409204283329896,1.0867398237675199,0.03793853148818016,1,7,6,1
10,7,6571,00:00:00.3260000,10,72,174,94591,95537,32516,128053,589792,717845,1.0941738643211298,1.2161770733189126,0.07760123908519745,1,10,9,1
10,8,7080,00:00:00.4080000,20,119,300,166679,168116,87941,256057,1122207,1378264,1.208214592120183,1.5767079375787265,0.14788322150707245,1,20,19,1
10,9,7617,00:00:00.5580000,26,200,549,288996,292616,219988,512604,2059123,2571727,1.396299602762668,2.5381749064322787,0.2644713521003723,2,26,24,1.0416666
10,10,8173,00:00:00.8420000,29,353,980,496466,506501,518776,1025277,3648434,4673711,1.6253459451402512,4.773415289104552,0.3982338309288025,2,29,27,1.037037
10,11,8759,00:00:01.2970000,37,587,1687,848219,871263,1177838,2049101,6362153,8411254,1.8444458329747389,7.360103182759971,0.4982105791568756,2,37,31,1.1612903
10,12,9404,00:00:02.1190000,45,1059,3123,1427315,1484206,2612687,4096893,11168253,15265146,2.0366191065041703,8.465538755064713,0.5392765402793884,2,45,37,1.1891892
10,13,10121,00:00:03.8200000,63,1796,5607,2393519,2520333,5672322,8192655,19683630,27876285,2.2696356285452506,10.225001686524292,0.501457691192627,3,63,50,1.24
10,14,10915,00:00:07.1460000,72,3204,10269,4002825,4310220,12082716,16392936,34595976,50988912,2.610106362381568,10.840811078960884,0.46326228976249695,3,72,55,1.290909
10,15,11780,00:00:16.9850000,77,5512,18534,6740843,7412883,25355968,32768851,60034221,92803072,3.0259531337549324,9.962130595389425,0.4384801983833313,3,78,63,1.2222222
10,16,12735,00:00:46.3950000,77,9796,33773,11364354,12734272,52845118,65579390,103825169,169404559,3.438729821334323,13.274980597755022,0.4392000436782837,4,78,64,1.203125
10,17,13808,00:01:48.6900000,72,17188,62433,18775213,21748526,109349311,131097837,180514154,311611991,3.819981589556401,16.239345357233034,0.562915027141571,3,73,57,1.2631578
10,18,15043,00:04:00.4060000,73,30014,116235,30222619,36890781,225359844,262250625,318363697,580614322,4.148299788314176,17.326978352041934,0.6000117659568787,4,74,54,1.3518518
10,19,16447,00:08:36.2780000,98,53085,217025,48357397,63329739,460982519,524312258,558782122,1083094380,4.663761905960323,22.05196294351688,0.5543297529220581,4,99,72,1.3611112
10,20,17999,00:17:48.3100000,112,94167,402363,80421675,111143680,937866412,1049010092,959525029,2008535121,5.443461218632912,21.06007231831897,0.5377224683761597,4,113,83,1.3493975
11,0,2429,00:00:00.0670000,2,2,3,1003,1003,0,1003,4530,5533,1.0049850448654039,1.0100197674696798,0,1,2,1,1
11,1,2717,00:00:00.0860000,2,3,4,2005,2006,0,2006,8264,10270,1.0054862842892769,1.0110328148592946,0,1,2,1,1
11,2,3086,00:00:00.1170000,2,3,7,4013,4014,0,4014,17886,21900,1.0204335908298032,1.0417015480038019,0,1,2,1,1
11,3,3403,00:00:00.1260000,3,8,15,7992,8001,1,8002,34296,42298,1.0346596596596596,1.0718118051330086,0.00728190690279007,1,3,2,1
11,4,3766,00:00:00.1520000,4,10,28,15566,15583,453,16036,71536,87572,1.0731722985995118,1.1579187637041302,0.02073756419122219,1,4,3,1
11,5,4125,00:00:00.1670000,5,19,47,29340,29399,2620,32019,139864,171883,1.125698704839809,1.2860913059121566,0.034850504249334335,1,5,4,1
11,6,4495,00:00:00.1880000,5,33,75,53928,54131,9940,64071,266705,330776,1.2103730900459873,1.5143177948814779,0.058580342680215836,1,5,4,1
11,7,4890,00:00:00.2210000,7,58,132,96641,97061,31074,128135,504193,632328,1.338676131248642,1.8857435541160756,0.08686093986034393,1,7,6,1
11,8,5305,00:00:00.2780000,7,98,233,170493,171750,84494,256244,928039,1184283,1.5016862862404907,2.2111789300763163,0.13014860451221466,1,7,6,1
11,9,5741,00:00:00.3710000,8,186,440,297052,300444,212127,512571,1671226,2183797,1.6765246488830239,2.1234526602953885,0.1795899122953415,2,8,6,1.1666666
11,10,6216,00:00:00.5980000,10,312,804,511668,519613,505713,1025326,3001128,4026454,1.8242493179170869,1.7802630174343541,0.21242287755012512,2,10,8,1.125
11,11,6757,00:00:00.9580000,12,531,1467,863246,882341,1165790,2048131,5480816,7528947,1.932241794343675,1.5415091881955203,0.21563763916492462,2,12,10,1.1
11,12,7391,00:00:01.7100000,15,967,2818,1434167,1487678,2611724,4099402,10196820,14296222,2.0196141732448174,1.4866669795093994,0.22455137968063354,2,15,11,1.2727273
11,13,8125,00:00:03.3250000,33,1762,5380,2371291,2493986,5703818,8197804,18966372,27164176,2.161875535309669,1.8061142283427238,0.22988660633563995,3,33,27,1.1851852
11,14,8955,00:00:06.9760000,46,3152,10215,3904528,4242353,12146937,16389290,34705145,51094435,2.484725426479206,3.406018657936201,0.24208976328372955,4,46,36,1.25
11,15,9825,00:00:17.0550000,62,5552,18568,6771521,7496761,25285177,32781938,60250561,93032499,3.1953273127263433,9.943225829118782,0.2687353491783142,4,63,50,1.24
11,16,10685,00:00:42.9600000,49,9680,32838,12450847,13672127,51864686,65536813,98406520,163943333,4.181220763535204,4.2883032672234105,0.2184458076953888,5,50,37,1.3243244
11,17,11581,00:01:32.0440000,30,16503,57957,22492718,24279039,106872485,131151524,158725619,289877143,4.816874110100878,1.9201543712841027,0.1399766504764557,5,31,23,1.3043479
11,18,12591,00:03:10.5060000,30,28668,105024,38464948,41253846,221039507,262293353,262578519,524871872,5.12066788703315,1.8166579084530399,0.13543467223644257,5,31,22,1.3636364
11,19,13786,00:06:42.4690000,41,50865,195933,62946877,69579776,454963226,524543002,454414632,978957634,5.443938751719168,2.951293686673583,0.15685243904590607,4,42,35,1.1714286
11,20,15186,00:14:27.1930000,55,91546,370401,100839019,118949665,929661113,1048610778,802494723,1851105501,5.939482037206252,6.848754846042577,0.22775232791900635,3,56,45,1.2222222
12,0,2669,00:00:00.1310000,1,3,7,1000,1002,0,1002,4725,5727,1,1,0,0,1,1,0
12,1,3093,00:00:00.1670000,2,2,7,2008,2008,0,2008,10113,12121,1.002988047808765,1.0059939373000626,0,1,2,1,1
12,2,3439,00:00:00.2250000,2,4,10,4003,4008,0,4008,19403,23411,1.004496627529353,1.0090337058573497,0,1,2,1,1
12,3,3778,00:00:00.2420000,3,3,12,8009,8009,3,8012,36667,44679,1.0103633412411037,1.0209671714376838,0,1,3,2,1
12,4,4145,00:00:00.2830000,3,9,21,15538,15559,458,16017,74172,90189,1.0229759299781183,1.0471114134264885,0.010569271631538868,1,3,2,1
12,5,4539,00:00:00.3110000,4,14,33,29247,29308,2705,32013,150229,182242,1.0474578589257018,1.0999704548480675,0.01848549395799637,1,4,3,1
12,6,4949,00:00:00.3520000,5,32,70,53541,53790,10270,64060,292381,356441,1.0935731495489438,1.207166687601065,0.032565634697675705,1,5,4,1
12,7,5385,00:00:00.4200000,10,52,134,95832,96230,31855,128085,557958,686043,1.1923157191752234,1.4656835447052474,0.06006430834531784,2,10,8,1.125
12,8,5842,00:00:00.5410000,10,97,246,168650,170143,86222,256365,1029611,1285976,1.3464393714793952,1.9253327560409363,0.09961759299039841,2,10,8,1.125
12,9,6321,00:00:00.7420000,14,171,449,293932,296663,215997,512660,1855081,2367741,1.5666004381965897,2.4972129859623213,0.1416076272726059,2,14,12,1.0833334
12,10,6817,00:00:00.9910000,15,285,812,509617,517174,508199,1025373,3248322,4273695,1.813795458157793,2.6651876374785304,0.178289994597435,2,15,13,1.0769231
12,11,7346,00:00:01.3360000,19,519,1490,874551,891822,1156564,2048386,5654628,7703014,2.0736652293576934,2.777050026735146,0.1882409006357193,2,19,17,1.0588236
12,12,7919,00:00:02.0020000,21,925,2723,1488419,1533137,2566099,4099236,9826046,13925282,2.3379330685781357,3.3257774595908094,0.1932324469089508,3,21,18,1.1111112
12,13,8552,00:00:03.3180000,26,1691,5056,2520150,2624548,5574505,8199053,17158090,25357143,2.6125651250917605,3.977718422526599,0.20061126351356506,4,26,20,1.25
12,14,9262,00:00:06.1540000,32,3026,9292,4216883,4469475,11918595,16388070,30188854,46576924,2.8838056450700673,3.8670872053616443,0.20806652307510376,4,32,25,1.24
12,15,10064,00:00:15.1950000,45,5358,17095,7085315,7638155,25130275,32768430,53354873,86123303,3.2595051878427426,4.541772720294762,0.2063491940498352,5,46,37,1.2162162
12,16,10934,00:00:40.5770000,55,9512,31394,12346690,13483308,52057181,65540489,92143227,157683716,3.9947310574737034,5.583294203158615,0.30636489391326904,4,55,42,1.2857143
12,17,11847,00:01:30.7210000,45,16635,56915,22092162,24182219,106952123,131134342,154020230,285154572,4.797930007936752,2.816775808266139,0.2225959151983261,4,46,35,1.2857143
12,18,12843,00:03:09.9790000,43,28708,103480,38579172,41863123,220282575,262145698,255820256,517965954,5.296585240346786,2.6722500199193338,0.12396378070116043,5,44,32,1.34375
12,19,14005,00:06:42.3830000,40,50746,192647,64766410,71153594,453274207,524427801,440208694,964636495,5.666760949078388,3.3238632498128706,0.14074455201625824,4,41,34,1.1764706
12,20,15376,00:14:35.1690000,45,90907,364352,103673011,120343740,928396948,1048740688,778286541,1827027229,6.020181723090882,3.5360925048226326,0.17043502628803253,4,46,39,1.1538461
13,0,3838,00:00:00.1360000,1,1,1,1008,1008,0,1008,5371,6379,1,1,0,0,1,1,0
13,1,4191,00:00:00.1550000,2,2,3,2006,2006,0,2006,9900,11906,1.001495513459621,1.0029955536248987,0,1,2,1,1
13,2,4548,00:00:00.1870000,2,2,6,4010,4010,0,4010,19404,23414,1.0089775561097256,1.0181162300621074,0,1,2,1,1
13,3,4922,00:00:00.1970000,2,5,10,8001,8011,2,8013,38967,46980,1.040869891263592,1.0850683697383146,0,1,2,1,1
13,4,5292,00:00:00.2080000,4,13,21,15567,15578,449,16027,76531,92558,1.0685424294982977,1.1471979904690743,0.01818496361374855,1,4,3,1
13,5,5656,00:00:00.2350000,4,16,35,29383,29441,2618,32059,145774,177833,1.1193547289248886,1.269026465947351,0.03033653274178505,1,4,3,1
13,6,6034,00:00:00.2560000,7,29,70,53912,54053,10053,64106,275691,339797,1.2027006974328536,1.4876187958806546,0.04272361844778061,2,7,5,1.2
13,7,6431,00:00:00.2960000,7,52,135,96608,97152,31062,128214,514507,642721,1.343729297780722,1.880120054489843,0.07561448961496353,2,7,5,1.2
13,8,6845,00:00:00.3520000,8,100,255,170328,171941,84371,256312,937639,1193951,1.5150239537832888,2.209252767096877,0.1120639517903328,2,8,6,1.1666666
13,9,7279,00:00:00.4490000,12,184,449,297766,300799,211405,512204,1675140,2187344,1.7124755680635129,2.1933273163135256,0.13879609107971191,2,12,10,1.1
13,10,7747,00:00:00.6770000,15,344,837,514928,521916,503574,1025490,2980696,4006186,1.8966263244570114,1.9918860078289287,0.15026529133319855,2,15,13,1.0769231
13,11,8265,00:00:01.0290000,16,564,1513,875497,894308,1154358,2048666,5331988,7380654,2.0805965068983676,2.009100213505074,0.155429869890213,3,16,13,1.1538461
13,12,8842,00:00:01.6980000,19,996,2756,1479126,1527522,2572175,4099697,9543580,13643277,2.2974689106945587,2.509999062887374,0.1623574048280716,3,19,16,1.125
13,13,9484,00:00:03.0430000,25,1683,5014,2494184,2612335,5581323,8193658,17004174,25197832,2.5741489000009623,3.5408723575281753,0.18378537893295288,3,25,19,1.2631578
13,14,10200,00:00:05.8590000,36,2989,9221,4212270,4467395,11930928,16398323,30158777,46557100,2.8929292281833785,4.245866968755297,0.2073533833026886,3,36,26,1.3461539
13,15,11001,00:00:13.6200000,42,5158,17001,7052278,7629499,25140659,32770158,53295325,86065483,3.2343800116784958,4.9891463888688445,0.21980828046798706,4,43,31,1.3548387
13,16,11906,00:00:39.7260000,54,9424,31722,11898872,13033221,52510633,65543854,94206555,159750409,3.622677594985474,6.637042141444074,0.3501037359237671,3,54,41,1.2926829
13,17,12931,00:01:37.5990000,62,16754,59204,19968694,22342236,108812019,131154255,166433642,297587897,4.034136583994927,7.53305857014755,0.3733312487602234,4,62,46,1.326087
13,18,14092,00:03:39.6740000,66,29752,110873,33232312,38524687,223656970,262181657,293401638,555583295,4.562830536737859,11.978532212536727,0.36529862880706787,4,67,43,1.5348837
13,19,15370,00:07:47.0990000,73,52129,204862,56806453,67167584,457298015,524465599,503244742,1027710341,5.21754634108206,11.959747032630741,0.33001333475112915,5,74,50,1.46
13,20,16814,00:16:23.8700000,72,92129,382640,96393330,116498262,932345829,1048844091,866498577,1915342668,5.807042229996619,5.508765963079541,0.3511289060115814,5,73,54,1.3333334
14,0,3107,00:00:00.0860000,1,1,2,1002,1002,0,1002,4217,5219,1,1,0,0,1,1,0
14,1,3496,00:00:00.1060000,1,1,3,2002,2002,0,2002,9333,11335,1,1,0,0,1,1,0
14,2,3848,00:00:00.1400000,2,3,5,4003,4005,0,4005,18730,22735,1.0034973769672746,1.007019186649173,0,1,2,1,1
14,3,4228,00:00:00.1520000,2,6,10,8010,8019,4,8023,38600,46623,1.0038701622971287,1.00777033441649,0,1,2,1,1
14,4,4577,00:00:00.1630000,2,9,21,15555,15576,444,16020,73976,89996,1.0052073288331727,1.0104688290438684,0,1,2,1,1
14,5,4978,00:00:00.1790000,3,16,47,29178,29238,2771,32009,151865,183874,1.0082596476797587,1.016672822307491,0.0024359221570193768,1,3,2,1
14,6,5408,00:00:00.2180000,5,30,86,53590,53730,10358,64088,300530,364618,1.021235305094234,1.0435905836914958,0.013345831073820591,1,5,4,1
14,7,5889,00:00:00.2590000,6,53,141,94757,95413,32657,128070,595912,723982,1.044693268043522,1.0944854996766744,0.02670297957956791,1,6,5,1
14,8,6430,00:00:00.3420000,12,116,288,165283,166780,89255,256035,1165813,1421848,1.111414967056503,1.2574945998394467,0.06061914190649986,1,12,11,1
14,9,7014,00:00:00.4960000,15,204,546,285259,289582,223154,512736,2195410,2708146,1.255090987488563,1.7006417494377448,0.13029390573501587,2,15,13,1.0769231
14,10,7617,00:00:00.8070000,24,332,967,491636,500845,524102,1024947,3937288,4962235,1.4989687492372405,2.7565725107369,0.2236843705177307,2,24,21,1.0952381
14,11,8235,00:00:01.2910000,30,569,1752,838804,864891,1184294,2049185,6813326,8862511,1.7891938998860282,3.797639688329605,0.3009970486164093,2,30,26,1.1153846
14,12,8880,00:00:02.1280000,39,1021,3184,1430188,1491389,2605104,4096493,11607880,15704373,2.0966453361376267,4.255974650171001,0.3319084048271179,3,39,31,1.2258065
14,13,9566,00:00:03.7680000,46,1814,5630,2436063,2566852,5630969,8197821,19675541,27873362,2.453959524035298,5.094703022125758,0.3334200978279114,3,46,36,1.25
14,14,10296,00:00:06.9970000,51,3150,10035,4191666,4461017,11923247,16384264,33120893,49505157,2.9324803073527326,5.669558295081322,0.33194220066070557,3,51,40,1.25
14,15,11063,00:00:17.1420000,42,5385,17754,7275281,7875922,24902974,32778896,54958143,87737039,3.6062839359744316,5.9826923905365925,0.3653820753097534,3,43,34,1.2352941
14,16,11866,00:00:40.1960000,34,9406,31372,12994377,14021425,51562097,65583522,89927946,155511468,4.314739829389281,3.236958749334294,0.2879072427749634,4,35,25,1.36
14,17,12749,00:01:26.4580000,22,16186,56193,22456109,24280686,106810590,131091276,149145357,280236633,4.7681007871844585,1.700984233930631,0.16459259390830994,3,23,17,1.2941177
14,18,13770,00:03:02.4280000,29,28781,103650,37475418,40817824,221391558,262209382,254582615,516791997,5.00334702070568,1.4285000057980648,0.08190489560365677,3,30,25,1.16
14,19,14993,00:06:36.2190000,42,51095,195473,59835623,68190232,456325900,524516132,452719353,977235485,5.238481447748944,1.8618421892188841,0.0689205750823021,4,43,37,1.1351352
14,20,16438,00:14:35.3970000,66,91899,372178,92627818,115849425,932755223,1048604648,816658288,1865262936,5.678436665754126,5.090612341193843,0.1810750812292099,4,67,54,1.2222222
15,0,2271,00:00:00.0650000,1,1,1,1002,1002,0,1002,4461,5463,1,1,0,0,1,1,0
15,1,2590,00:00:00.0830000,1,1,1,2011,2011,0,2011,8659,10670,1,1,0,0,1,1,0
15,2,2940,00:00:00.1160000,1,3,3,4005,4010,0,4010,17792,21802,1,1,0,0,1,1,0
15,3,3314,00:00:00.1270000,3,8,10,7997,8012,7,8019,37215,45234,1.004001500562711,1.008042646154292,0,1,3,2,1
15,4,3678,00:00:00.1540000,5,11,20,15551,15580,457,16037,74473,90510,1.0104816410520223,1.0212628763178133,0.005646171513944864,1,5,4,1
15,5,4045,00:00:00.1690000,7,19,34,29345,29387,2660,32047,145193,177240,1.0248083148747658,1.0513789411971883,0.022617792710661888,1,7,6,1
15,6,4466,00:00:00.1930000,7,28,71,53542,53720,10282,64002,292342,356344,1.0512308094579956,1.1103054750618022,0.04932665452361107,1,7,6,1
15,7,4922,00:00:00.2340000,11,57,140,95543,96071,32106,128177,569224,697401,1.1080979244947302,1.2470819502942412,0.09021856635808945,2,11,9,1.1111112
15,8,5414,00:00:00.3060000,14,104,264,167210,168569,87437,256006,1081948,1337954,1.231307936128222,1.6167722459109168,0.1744820773601532,2,14,11,1.1818181
15,9,5930,00:00:00.4280000,17,182,468,289891,294038,218484,512522,1978476,2490998,1.4563991293279197,2.651819708105465,0.29234153032302856,2,17,14,1.1428572
15,10,6447,00:00:00.6820000,23,336,896,505699,515250,510197,1025447,3437779,4463226,1.8000490410303362,5.446192486669971,0.36307981610298157,3,23,17,1.2941177
15,11,6965,00:00:01.0560000,24,571,1556,875833,899283,1149453,2048736,5781973,7830709,2.18179150591494,6.951843967861428,0.382849782705307,3,24,18,1.2777778
15,12,7504,00:00:01.6910000,28,953,2727,1518783,1563451,2533147,4096598,9652251,13748849,2.5373927677620833,4.478364227450618,0.34788843989372253,3,28,19,1.4210526
15,13,8094,00:00:02.9130000,28,1718,4965,2589094,2685482,5508273,8193755,16381258,24575013,2.8237792834095634,3.0025886529428134,0.28069478273391724,3,28,18,1.5
15,14,8762,00:00:05.4790000,34,2954,8942,4371052,4571617,11812889,16384506,28462043,44846549,3.0849280676596846,2.7422714274648397,0.2224598079919815,4,34,24,1.375
15,15,9529,00:00:14.0960000,37,5180,16433,7301724,7764649,25025672,32790321,50373572,83163893,3.374795733172056,3.4761626545409205,0.20047903060913086,4,38,28,1.3214285
15,16,10403,00:00:38.6280000,43,9272,30647,12193612,13263199,52311352,65574551,89514864,155089415,3.750449579665156,4.864329368175199,0.18243369460105896,4,44,37,1.1621622
15,17,11394,00:01:32.9760000,47,16715,57829,20217460,22757069,108343387,131100456,158634667,289735123,4.1891402777599165,6.122786345682308,0.3001212775707245,4,48,39,1.2051282
15,18,12513,00:03:27.8510000,60,29880,108394,33895650,39261773,222962438,262224211,278855841,541080052,4.723148280089038,9.798893435193726,0.35419026017189026,4,61,46,1.3043479
15,19,13754,00:07:24.1080000,61,52235,201116,57791404,68666984,455860874,524527858,480396827,1004924685,5.432942051381898,13.736285723928447,0.3647148013114929,6,62,43,1.4186046
15,20,15133,00:15:29.7090000,57,92378,373666,103895163,122084378,926614709,1048699087,820413362,1869112449,6.31281977005994,6.972743809691736,0.44087597727775574,5,58,39,1.4615384
16,0,2442,00:00:00.0430000,1,1,1,1007,1007,0,1007,4044,5051,1,1,0,0,1,1,0
16,1,2773,00:00:00.0550000,1,2,3,2003,2004,0,2004,8342,10346,1,1,0,0,1,1,0
16,2,3118,00:00:00.0780000,1,2,6,3998,4002,0,4002,17417,21419,1,1,0,0,1,1,0
16,3,3485,00:00:00.0840000,1,2,12,8006,8007,3,8010,36935,44945,1,1,0,0,1,1,0
16,4,3841,00:00:00.0910000,1,8,25,15518,15540,461,16001,73414,89415,1,1,0,0,1,1,0
16,5,4237,00:00:00.1010000,2,13,42,29199,29270,2746,32016,150508,182524,1.0015069009212645,1.0030183909534176,0,1,2,1,1
16,6,4668,00:00:00.1200000,5,40,84,53380,53617,10546,64163,301479,365642,1.0078493817909329,1.015864733658261,0.006462979130446911,1,5,4,1
16,7,5152,00:00:00.1630000,7,72,160,94422,95257,32789,128046,600464,728510,1.020736692719917,1.0427035726599514,0.019221670925617218,1,7,6,1
16,8,5709,00:00:00.2270000,15,120,305,163983,166021,90122,256143,1191207,1447350,1.0607441015227188,1.1329311591423132,0.05298113822937012,1,15,14,1
16,9,6334,00:00:00.3580000,26,205,565,282183,286677,225547,512224,2301008,2813232,1.167200008505119,1.435858786834278,0.13736532628536224,1,26,25,1
16,10,6985,00:00:00.6200000,35,372,1038,483104,494628,530310,1024938,4196710,5221648,1.37898878916341,2.4883027257477592,0.2999308109283447,2,35,33,1.030303
16,11,7647,00:00:01.0610000,45,657,1879,826513,852620,1195432,2048052,7306898,9354950,1.660444542312099,6.0391921833612034,0.49266356229782104,2,45,40,1.1
16,12,8344,00:00:01.8230000,52,1071,3284,1397298,1461091,2638514,4099605,12562328,16661933,1.9149401201461678,12.111253140266104,0.6313287615776062,2,52,45,1.1333333
16,13,9099,00:00:03.3390000,63,1884,5830,2341624,2485007,5709639,8194646,21615529,29810175,2.1619679333659034,15.225999317803097,0.6751115918159485,3,63,50,1.24
16,14,9927,00:00:06.1790000,74,3242,10675,3908638,4244580,12141996,16386576,37302642,53689218,2.488886921735909,14.066093224657758,0.6332160830497742,3,74,58,1.2586207
16,15,10825,00:00:11.7480000,85,5773,19444,6615395,7319659,25458691,32778350,63932724,96711074,2.920377694755944,10.17381697141432,0.5608348846435547,3,85,64,1.3125
16,16,11799,00:00:29.4460000,82,9961,34996,11213564,12669341,52872284,65541625,108795095,174336720,3.41892336816377,10.409162254060021,0.5268204808235168,4,83,58,1.4137931
16,17,12859,00:01:16.7670000,68,17267,63388,19290214,22121881,109031609,131153490,184128562,315282052,4.022081248035922,7.858234844403188,0.42025718092918396,4,69,51,1.3333334
16,18,14022,00:03:02.3830000,59,29868,114703,33412312,38523976,223631460,262155436,311379288,573534724,4.579338388795124,3.311673158905223,0.34849444031715393,3,60,47,1.2553191
16,19,15320,00:06:40.1970000,58,52325,209999,55555462,65856930,458691309,524548239,525955680,1050503919,4.994265118342459,2.187362019754786,0.31126973032951355,3,59,46,1.2608696
16,20,16822,00:14:31.5740000,70,92655,391734,88440492,112813248,935994008,1048807256,909847648,1958654904,5.479339101822274,3.8147392478859325,0.23330029845237732,4,71,57,1.2280701
17,0,3415,00:00:00.0580000,3,3,3,1004,1004,0,1004,4675,5679,1.0119521912350598,1.0242315742003063,0,1,3,2,1
17,1,3789,00:00:00.0790000,3,3,4,2008,2008,0,2008,9434,11442,1.0204183266932272,1.0417666754194832,0,1,3,2,1
17,2,4142,00:00:00.1010000,3,4,6,4002,4005,0,4005,18469,22474,1.0314842578710646,1.065182674990067,0.012538502924144268,1,3,2,1
17,3,4506,00:00:00.1060000,4,4,8,8009,8009,2,8011,37463,45474,1.0437008365588714,1.0916469557502013,0.01583786867558956,1,4,3,1
17,4,4866,00:00:00.1120000,4,12,18,15548,15568,437,16005,73909,89914,1.0787239516336506,1.1715808985443117,0.03130526840686798,1,4,3,1
17,5,5233,00:00:00.1200000,5,15,32,29366,29425,2629,32054,143907,175961,1.141353946741129,1.3286725223244484,0.048891108483076096,1,5,4,1
17,6,5610,00:00:00.1310000,5,26,59,53860,54062,9972,64034,273369,337403,1.2495915336056442,1.6366160482446965,0.08543485403060913,1,5,4,1
17,7,5990,00:00:00.1500000,7,56,114,96838,97360,30705,128065,500392,628457,1.389557818211859,2.0480112747532746,0.11883533746004105,2,7,5,1.2
17,8,6386,00:00:00.1830000,8,101,224,170966,172539,83651,256190,902262,1158452,1.5533029959173168,2.3271726935230466,0.1660073846578598,2,8,6,1.1666666
17,9,6812,00:00:00.2490000,12,168,404,298409,301783,210787,512570,1624262,2136832,1.7243447751240746,2.1942470316534033,0.1815207600593567,2,12,9,1.2222222
17,10,7277,00:00:00.3750000,17,307,757,515161,521548,503662,1025210,2923312,3948522,1.8737132663380962,1.9213596151342582,0.1922832429409027,2,17,14,1.1428572
17,11,7805,00:00:00.6600000,17,525,1406,868080,887089,1161340,2048429,5331325,7379754,2.000696940374159,1.796884638775477,0.2162908911705017,2,17,14,1.1428572
17,12,8412,00:00:01.2410000,25,1005,2740,1460193,1505391,2593755,4099146,9806579,13905725,2.152359311406095,2.060259310934838,0.23417796194553375,2,25,21,1.1428572
17,13,9098,00:00:02.4060000,36,1736,5180,2443729,2551144,5644883,8196027,17896323,26092350,2.375020716290554,3.166219936816166,0.26677393913269043,3,36,29,1.2068965
17,14,9865,00:00:04.9290000,48,3097,9652,4103342,4354156,12038469,16392625,32205030,48597655,2.6836027803678073,6.038510181667887,0.35492682456970215,3,48,40,1.175
17,15,10718,00:00:12.4900000,57,5426,17906,6821806,7429747,25341636,32771383,57234314,90005697,3.011949328374334,8.85419489804116,0.4454950988292694,3,58,46,1.2391304
17,16,11679,00:00:37.3820000,72,9706,33412,11322618,12670461,52909932,65580393,101388443,166968836,3.373514058321141,12.776939546974393,0.4439687430858612,4,73,56,1.2857143
17,17,12762,00:01:34.0480000,79,16859,62041,18537134,21677859,109460542,131138401,178991186,310129587,3.778337363262304,16.377148473813417,0.4497165083885193,4,80,59,1.338983
17,18,13988,00:03:34.3160000,92,30277,115676,30566532,37263550,224984718,262248268,315431173,577679441,4.283459275000514,19.91718108023167,0.5791872143745422,4,93,67,1.3731344
17,19,15327,00:07:36.5320000,91,53134,213218,52530127,65866195,458654353,524520548,539594509,1064115057,5.102093927928253,18.17305281770944,0.6083861589431763,4,92,65,1.4
17,20,16786,00:15:50.2160000,78,93090,392267,95383398,116179924,932776389,1048956313,907795301,1956751614,5.840524133979794,7.371282017403453,0.5969957709312439,4,79,49,1.5918367
18,0,2409,00:00:00.0750000,1,1,1,1001,1001,0,1001,4201,5202,1,1,0,0,1,1,0
18,1,2759,00:00:00.0960000,2,2,2,2005,2005,0,2005,8846,10851,1.001496259351621,1.0029969883239997,0,1,2,1,1
18,2,3160,00:00:00.1340000,2,3,5,3999,4001,0,4001,19512,23513,1.0012503125781445,1.0025037799258882,0,1,2,1,1
18,3,3520,00:00:00.1440000,2,3,7,7998,7999,5,8004,38388,46392,1.001375343835959,1.0027544180568317,0,1,2,1,1
18,4,3887,00:00:00.1550000,2,6,15,15539,15554,474,16028,76061,92089,1.001737563549778,1.003481107919054,0,1,2,1,1
18,5,4288,00:00:00.1690000,3,9,30,29268,29281,2747,32028,153776,185804,1.003006696733634,1.0060358971124566,0,1,3,2,1
18,6,4729,00:00:00.2050000,3,35,76,53313,53464,10546,64010,308067,372077,1.0059272597677864,1.0119415062639554,0.0030012987554073334,1,3,2,1
18,7,5215,00:00:00.2430000,3,56,131,94501,95230,32774,128004,607579,735583,1.010857027967958,1.0220046617804537,0.009866042993962765,1,3,2,1
18,8,5782,00:00:00.3200000,10,108,284,164062,165600,90403,256003,1209607,1465610,1.0378027818751447,1.0796815144228182,0.029213320463895798,1,10,9,1
18,9,6418,00:00:00.4670000,18,188,561,281896,285157,226899,512056,2343056,2855112,1.117050259670233,1.2781122439792176,0.08697559684515,1,18,17,1
18,10,7103,00:00:00.8280000,23,334,1042,478499,490144,534855,1024999,4353130,5378129,1.2965523438920457,1.9415412675347992,0.2119320034980774,1,23,22,1
18,11,7801,00:00:01.3950000,38,582,1919,822520,846381,1202803,2049184,7654213,9703397,1.591504157953606,4.200335662207455,0.3896867632865906,2,38,34,1.0882353
18,12,8515,00:00:02.3630000,47,1051,3410,1397329,1455079,2644670,4099749,13048727,17148476,1.8927518143543862,7.505241411999553,0.5357368588447571,2,47,41,1.1219512
18,13,9271,00:00:04.2980000,57,1878,6070,2360556,2489039,5706236,8195275,22113342,30308617,2.187434231596285,9.09952191854881,0.5929206609725952,3,57,46,1.2173913
18,14,10088,00:00:08.3870000,59,3297,10863,3946866,4266257,12117906,16384163,37545805,53929968,2.5415131904655492,8.739635489819683,0.5497732758522034,3,59,44,1.3181819
18,15,10972,00:00:23.4430000,66,5674,19438,6703020,7359267,25411763,32771030,63663706,96434736,2.970356943586622,6.672595532006839,0.460319459438324,4,66,49,1.3265306
18,16,11938,00:00:56.6730000,61,9734,34776,11245832,12691607,52881868,65573475,108080495,173653970,3.4224566043668445,5.376109140191105,0.3573511838912964,4,62,46,1.326087
18,17,13004,00:02:03.5150000,64,16935,62758,19035202,21940261,109149890,131090151,184042068,315132219,3.905861676697731,4.025121884765809,0.30993106961250305,4,65,46,1.3913044
18,18,14192,00:04:17.2040000,68,29945,115325,32203796,38085966,224094705,262180671,314825479,577006150,4.483606156243195,5.481191860382591,0.27332690358161926,4,69,52,1.3076923
18,19,15486,00:08:41.0660000,72,52208,210285,56479182,66862563,457446721,524309284,528416814,1052726098,5.212160632921348,11.020190314809144,0.3338892459869385,5,73,53,1.3584906
18,20,16926,00:17:31.2380000,60,91479,387143,99025274,117344033,931444908,1048788941,889984480,1938773421,5.920442461992077,11.151275725097634,0.3454662561416626,4,61,45,1.3333334
1,0,2440,00:00:00.0710000,1,1,1,1002,1002,0,1002,4988,5990,1,1,0,0,1,1,0
1,1,2752,00:00:00.0900000,1,3,3,1998,2001,0,2001,8825,10826,1,1,0,0,1,1,0
1,2,3100,00:00:00.1240000,2,2,4,4010,4010,0,4010,17727,21737,1.0017456359102244,1.0034973769712463,0,1,2,1,1
1,3,3454,00:00:00.1350000,2,3,6,8014,8015,5,8020,36680,44700,1.0028699775393062,1.0057564003204817,0,1,2,1,1
1,4,3825,00:00:00.1470000,3,8,15,15512,15539,472,16011,74580,90591,1.0063821557503867,1.0128576785876973,0,1,3,2,1
1,5,4229,00:00:00.1770000,4,14,34,29314,29374,2693,32067,152200,184267,1.0139523777034865,1.0283798049204858,0.008347530849277973,1,4,3,1
1,6,4667,00:00:00.2010000,5,38,71,53333,53537,10520,64057,305149,369206,1.0361127257045357,1.0754504074531286,0.02102198451757431,1,5,4,1
1,7,5137,00:00:00.2450000,7,72,151,94825,95594,32513,128107,593092,721199,1.0771315581334036,1.169369620860588,0.0386650450527668,1,7,6,1
1,8,5650,00:00:00.3260000,13,122,286,165371,167268,88786,256054,1133787,1389841,1.1763912656995483,1.4321357137435247,0.08017806708812714,2,13,11,1.0909091
1,9,6197,00:00:00.4760000,20,211,548,286910,291412,220651,512063,2090200,2602263,1.3554982398661601,2.0530285461459594,0.14283806085586548,2,20,18,1.0555556
1,10,6758,00:00:00.7650000,27,348,967,496598,506614,517449,1024063,3690585,4714648,1.6350488725286851,3.1740185581824245,0.21654647588729858,3,27,24,1.0833334
1,11,7330,00:00:01.2310000,31,622,1724,854847,878691,1170562,2049253,6320972,8370225,1.9571560758825848,3.9329535902683905,0.25805211067199707,3,31,28,1.0714285
1,12,7922,00:00:01.9840000,35,991,2952,1475934,1526702,2571237,4097939,10652255,14750194,2.324531449238245,4.56068934144048,0.2423972189426422,3,35,32,1.0625
1,13,8545,00:00:03.3960000,34,1715,5138,2538651,2654124,5543850,8197974,17830055,26028029,2.76742569183397,4.918919245640765,0.20316095650196075,4,34,29,1.137931
1,14,9206,00:00:06.1900000,36,3038,9108,4420611,4626505,11762307,16388812,29731985,46120797,3.2521271380811387,4.086002640465287,0.15288099646568298,4,36,31,1.1290323
1,15,9929,00:00:13.5250000,28,5252,16450,7590668,8010378,24785645,32796023,50035541,82831564,3.6748616854274223,2.854460449387759,0.11578865349292755,4,29,24,1.1666666
1,16,10746,00:00:34.8860000,29,9324,30300,12851528,13703281,51850616,65553897,85905973,151459870,4.023255055741232,2.4296365478060227,0.12430773675441742,3,29,25,1.12
1,17,11691,00:01:22.1570000,39,16196,56153,21485321,23291801,107817708,131109509,150857558,281967067,4.36551462275104,3.2020682824744715,0.11721427738666534,4,40,33,1.1818181
1,18,12781,00:03:02.1480000,56,29115,105446,35326288,39589343,222696726,262286069,266615065,528901134,4.751736214119072,5.229035807269907,0.13631422817707062,5,57,47,1.1914893
1,19,14030,00:06:34.2390000,72,51700,198279,57556510,67689858,456599404,524289262,470301130,994590392,5.22489932068501,7.730810143551614,0.25413185358047485,5,73,61,1.1803279
1,20,15452,00:14:21.4090000,80,92530,374031,96477767,119341276,929684509,1049025785,825306577,1874332362,6.099369267118299,15.464265897967957,0.26627400517463684,5,81,62,1.2903225
19,0,3468,00:00:00.1560000,1,1,2,1003,1003,0,1003,4357,5360,1,1,0,0,1,1,0
19,1,3802,00:00:00.1860000,1,1,2,2003,2003,0,2003,8590,10593,1,1,0,0,1,1,0
19,2,4159,00:00:00.2400000,1,2,3,4012,4015,0,4015,18284,22299,1,1,0,0,1,1,0
19,3,4521,00:00:00.2560000,1,2,9,8006,8008,5,8013,37004,45017,1,1,0,0,1,1,0
19,4,4915,00:00:00.2750000,1,4,16,15530,15536,479,16015,77422,93437,1,1,0,0,1,1,0
19,5,5300,00:00:00.2990000,1,12,33,29244,29297,2704,32001,151644,183645,1,1,0,0,1,1,0
19,6,5737,00:00:00.3400000,2,21,61,53275,53415,10637,64052,305787,369839,1.0017081182543406,1.0034220156253715,0,1,2,1,1
19,7,6235,00:00:00.4140000,5,56,131,94794,95182,32915,128097,613140,741237,1.0077958520581471,1.015755881728735,0.006163827609270811,1,5,4,1
19,8,6789,00:00:00.5870000,9,104,276,164315,165680,90366,256046,1201485,1457531,1.0264613699297083,1.0549277280106235,0.022570792585611343,1,9,8,1
19,9,7431,00:00:00.8530000,15,180,550,280790,285264,226996,512260,2346896,2859156,1.0846362049930554,1.1917831021540939,0.06912927329540253,1,15,14,1
19,10,8143,00:00:01.1680000,29,353,1051,476150,487430,537609,1025039,4445553,5470592,1.2452420455738737,1.7153129821575344,0.18145492672920227,2,29,27,1.037037
19,11,8864,00:00:01.7620000,44,637,1930,814536,841362,1207111,2048473,7867251,9915724,1.5504053841696377,3.830132626577831,0.36332929134368896,2,44,40,1.075
19,12,9582,00:00:02.7380000,57,1074,3405,1395908,1456277,2641571,4097848,13295389,17393237,1.9095219742275278,9.388640750947726,0.49048912525177,2,57,51,1.0980393
19,13,10323,00:00:04.6050000,63,1827,6071,2367263,2510752,5684588,8195340,22135247,30330587,2.265811192081319,11.04243648931117,0.5086449384689331,2,63,52,1.1923077
19,14,11113,00:00:08.3730000,72,3220,10777,4022946,4314268,12070334,16384602,36951313,53335915,2.626154067193544,6.905466409814922,0.44256287813186646,3,72,55,1.290909
19,15,11987,00:00:22.6770000,70,5495,19101,6725516,7359241,25416141,32775382,62741689,95517071,2.9504702687496396,4.83935693763833,0.4054257869720459,3,70,52,1.3269231
19,16,12973,00:00:55.1960000,73,9613,34738,11141461,12502709,53050918,65553627,108363883,173917510,3.279055682194642,6.045855341688706,0.39126521348953247,4,74,55,1.3272728
19,17,14080,00:02:02.9380000,77,17297,64075,18365332,21491037,109596547,131087584,188113409,319200993,3.733990651516673,13.891710057931745,0.44937777519226074,4,78,60,1.2833333
19,18,15312,00:04:20.3170000,85,30247,118025,30959252,37246176,224933163,262179339,325317460,587496799,4.294810384953745,20.73286766948714,0.5009555220603943,3,86,65,1.3076923
19,19,16670,00:08:56.4380000,80,53094,216067,52316698,64695583,459808749,524504332,554079840,1078584172,4.901197892879249,14.12755040889115,0.5319147706031799,4,81,58,1.3793104
19,20,18187,00:18:06.8640000,83,93187,398486,88402574,112366606,936360290,1048726896,942935737,1991662633,5.49093923441641,13.555495891201433,0.5037524104118347,4,84,61,1.3606558
20,0,2564,00:00:00.0330000,3,3,5,1003,1003,0,1003,3942,4945,1.028913260219342,1.0596160332790951,0,1,3,2,1
20,1,2917,00:00:00.0540000,3,3,5,2015,2015,0,2015,8612,10627,1.0555831265508684,1.118197977482381,0.03043471835553646,1,3,2,1
20,2,3288,00:00:00.0740000,3,4,7,4006,4008,0,4008,18239,22247,1.1035946080878682,1.2337416950361126,0.0776825025677681,1,3,2,1
20,3,3602,00:00:00.0780000,3,7,11,7998,8005,0,8005,34498,42503,1.1522880720180044,1.3653919754233097,0.13060015439987183,1,3,2,1
20,4,3925,00:00:00.0830000,3,13,19,15618,15655,407,16062,67244,83306,1.2299910359841209,1.6007643038023436,0.19523562490940094,1,3,2,1
20,5,4240,00:00:00.0900000,6,16,31,29519,29559,2522,32081,126992,159073,1.345811172465192,2.0004816496878224,0.1562562733888626,2,6,4,1.25
20,6,4560,00:00:00.0990000,7,26,57,54526,54586,9585,64171,235349,299520,1.4770751568059275,2.451286100447921,0.1901758462190628,2,7,5,1.2
20,7,4884,00:00:00.1130000,7,54,119,98588,98828,29343,128171,425449,553620,1.6182192558932122,2.7525739928008117,0.2464771866798401,2,7,5,1.2
20,8,5238,00:00:00.1420000,8,100,220,173924,174597,81611,256208,780843,1037051,1.7591821715231941,2.779260921402611,0.2914814054965973,2,8,6,1.1666666
20,9,5625,00:00:00.2000000,9,184,415,304459,306477,206421,512898,1427451,1940349,1.8951254520313079,2.582493897005554,0.31541427969932556,2,9,7,1.1428572
20,10,6058,00:00:00.3180000,10,306,742,522174,528945,496071,1025016,2620619,3645635,2.0268531179262084,2.5358961321046207,0.3219633996486664,3,10,7,1.2857143
20,11,6548,00:00:00.5850000,14,544,1403,888786,905244,1143208,2048452,4823206,6871658,2.183177952848042,2.738106919199939,0.29564568400382996,3,14,11,1.1818181
20,12,7103,00:00:01.0820000,20,951,2596,1504744,1544886,2555553,4100439,8842577,12943016,2.3947129877241577,3.0974705699163367,0.24586865305900574,3,20,16,1.1875
20,13,7724,00:00:02.0450000,26,1715,4799,2538006,2639487,5560093,8199580,16010537,24210117,2.6689629575343794,2.965660235617997,0.21277154982089996,3,26,21,1.1904762
20,14,8418,00:00:04.0690000,32,3039,8926,4274451,4514181,11873515,16387696,28675059,45062755,2.9811884613953934,2.6417513759947195,0.15585167706012726,3,33,28,1.1428572
20,15,9201,00:00:08.2250000,34,5230,16622,7108786,7707154,25076681,32783835,51156705,83940540,3.3110170991221284,2.91407665694503,0.14769338071346283,4,35,29,1.1724138
20,16,10089,00:00:17.4940000,52,9257,30901,11960213,13125728,52417741,65543469,91108994,156652463,3.6582790791434903,3.3145573231337226,0.12105640023946762,4,53,47,1.106383
20,17,11113,00:00:43.4430000,63,16685,58522,19784225,22249669,108881888,131131557,163293429,294424986,3.9808163827493876,3.150255526736027,0.18315699696540833,3,64,57,1.1052631
20,18,12302,00:02:11.7970000,81,29745,110611,31998538,37720167,224509820,262229987,294447842,556677829,4.338580843912307,4.64797878117905,0.1960890293121338,4,82,67,1.2089552
20,19,13647,00:05:44.3630000,93,52560,208618,51462107,64793483,459608456,524401939,520143642,1044545581,4.870470713529083,14.788159803906169,0.2565259635448456,5,94,71,1.3098592
20,20,15162,00:13:29.7600000,98,93217,390555,85193866,112586178,936122646,1048708824,908161059,1956869883,5.525912921946752,29.83322969751255,0.40371838212013245,4,99,76,1.2894737
21,0,3193,00:00:00.1050000,1,1,1,1008,1008,0,1008,4639,5647,1,1,0,0,1,1,0
21,1,3539,00:00:00.1320000,1,2,5,1999,2001,0,2001,9211,11212,1,1,0,0,1,1,0
21,2,3923,00:00:00.1820000,2,2,6,4002,4002,0,4002,19369,23371,1.0052473763118441,1.0105497751743469,0,1,2,1,1
21,3,4281,00:00:00.1950000,2,2,8,8022,8022,4,8026,38355,46381,1.0044876589379208,1.0090155432561234,0,1,2,1,1
21,4,4630,00:00:00.2080000,3,5,14,15533,15536,468,16004,74516,90520,1.0092062061417626,1.0186022142539748,0.003952791448682547,1,3,2,1
21,5,5034,00:00:00.2490000,3,15,30,29212,29279,2724,32003,152689,184692,1.017355881144735,1.0353508648066472,0.005238177254796028,1,3,2,1
21,6,5452,00:00:00.2720000,5,32,65,53451,53622,10462,64084,298707,362791,1.0384464275691756,1.0803294446109342,0.016573475673794746,1,5,4,1
21,7,5919,00:00:00.3210000,5,62,146,95057,95716,32322,128038,585014,713052,1.082487349695446,1.1809508570923364,0.03411942347884178,1,5,4,1
21,8,6431,00:00:00.4150000,10,108,266,166105,167820,88435,256255,1121248,1377503,1.1837813431263358,1.4509592501451425,0.06316353380680084,1,10,9,1
21,9,6975,00:00:00.6020000,17,185,502,287105,291171,221156,512327,2074239,2586566,1.357719301300918,2.014000868529122,0.11694423854351044,2,17,15,1.0666667
21,10,7542,00:00:00.9430000,22,362,950,493889,504823,519618,1024441,3698127,4722568,1.588032938575267,2.5885054719294485,0.1887003481388092,2,22,19,1.1052631
21,11,8139,00:00:01.5000000,32,614,1743,846134,869582,1179940,2049522,6467874,8517396,1.81631987368431,2.488924897277723,0.2483094483613968,2,32,29,1.0689656
21,12,8791,00:00:02.6190000,42,1063,3212,1425139,1480496,2615857,4096353,11336191,15432544,2.012548249679505,2.3525835835401856,0.28407999873161316,2,42,39,1.051282
21,13,9518,00:00:04.9490000,55,1804,5749,2384166,2510431,5685537,8195968,19995182,28191150,2.240634670572435,2.984385101711921,0.3084578812122345,3,55,48,1.125
21,14,10320,00:00:09.8410000,63,3108,10422,3980928,4293876,12098957,16392833,35092716,51485549,2.57721139392624,5.536623974306338,0.3555823564529419,3,63,53,1.1698114
21,15,11192,00:00:21.4830000,68,5513,18870,6692816,7400440,25387837,32788277,60780789,93569066,3.009359737366155,9.780827750707948,0.4273447096347809,4,69,56,1.2142857
21,16,12144,00:00:49.9190000,79,9773,34211,11432791,12774399,52784749,65559148,104398251,169957399,3.4730429341356803,13.248607510552988,0.4724121689796448,4,80,62,1.2741935
21,17,13199,00:01:54.7690000,80,17030,62204,19363393,22046434,109046318,131092752,179348013,310440765,3.9583303917861916,12.068037971669908,0.4612194299697876,4,81,58,1.3793104
21,18,14384,00:04:11.2200000,79,29863,114542,32737769,38024437,224198329,262222766,309765971,571988737,4.459634650119256,7.098190466506321,0.32777923345565796,4,80,61,1.295082
21,19,15703,00:08:52.0740000,75,52391,210527,54783596,65561496,458872997,524434493,529262706,1053697199,4.995913941100179,4.508226802250857,0.24062934517860413,5,76,59,1.2711865
21,20,17197,00:19:17.7850000,82,92721,391992,92171430,113855596,935117896,1048973492,909974185,1958947677,5.61559769659644,7.94980985425445,0.25177764892578125,5,83,63,1.3015873
22,0,3411,00:00:00.0600000,2,2,2,1002,1002,0,1002,5244,6246,1.0109780439121756,1.0221970616096876,0,1,2,1,1
22,1,3727,00:00:00.0720000,2,2,2,2008,2008,0,2008,9436,11444,1.0234063745019921,1.0479072330567607,0,1,2,1,1
22,2,4089,00:00:00.0930000,2,3,3,4004,4006,0,4006,18837,22843,1.0424575424575424,1.0885061733790395,0,1,2,1,1
22,3,4446,00:00:00.0980000,2,5,10,7993,8000,5,8005,37598,45603,1.0821969223070187,1.1776915485116572,0,1,2,1,1
22,4,4790,00:00:00.1040000,3,7,17,15614,15621,421,16042,72384,88426,1.1490329191750992,1.3405907018003893,0.011471820995211601,1,3,2,1
22,5,5131,00:00:00.1210000,4,12,31,29501,29544,2525,32069,136413,168482,1.2413477509236974,1.5816195712802723,0.017555808648467064,1,4,3,1
22,6,5476,00:00:00.1320000,5,29,69,54229,54378,9689,64067,253172,317239,1.361098305334784,1.8748101556815913,0.031116042286157608,1,5,4,1
22,7,5837,00:00:00.1510000,6,50,125,97459,97930,30353,128283,468059,596342,1.508490749956392,2.055411972753666,0.04752885177731514,2,6,4,1.25
22,8,6212,00:00:00.1840000,8,91,227,172915,173948,82487,256435,846846,1103281,1.665014602550386,1.9268242374181432,0.05892249941825867,2,8,6,1.1666666
22,9,6616,00:00:00.2480000,11,171,435,302242,304316,208382,512698,1525787,2038485,1.8116807061890803,1.6544431734660843,0.06543795019388199,2,11,9,1.1111112
22,10,7068,00:00:00.3780000,11,303,777,517441,524320,500804,1025124,2780546,3805670,1.9351365662945148,1.4578600018649932,0.07339317351579666,2,11,9,1.1111112
22,11,7581,00:00:00.6580000,14,547,1450,876420,894635,1153893,2048528,5107628,7156156,2.052569544282422,1.456237979671828,0.07841618359088898,2,14,12,1.0833334
22,12,8172,00:00:01.2150000,17,956,2738,1462340,1512777,2583715,4096492,9445554,13542046,2.1996115814379693,1.752786817874909,0.08926789462566376,2,17,15,1.0666667
22,13,8845,00:00:02.2980000,27,1691,5093,2446519,2568349,5625171,8193520,17341982,25535502,2.421680354822505,2.768093199015499,0.11535125225782394,3,27,23,1.1304348
22,14,9600,00:00:04.5970000,42,3061,9528,4086808,4369345,12020283,16389628,31380276,47769904,2.703467351536945,4.709578996224095,0.17376653850078583,3,43,35,1.2
22,15,10454,00:00:09.3820000,59,5485,17836,6773610,7415996,25375048,32791044,56459734,89250778,2.9828766344681785,5.777776060591818,0.2286938577890396,4,60,48,1.2291666
22,16,11423,00:00:19.5920000,79,9756,33523,11237275,12609683,52928859,65538542,101095296,166633838,3.3431590843865617,8.437673843441727,0.26320597529411316,4,80,63,1.2539682
22,17,12500,00:00:57.6350000,80,16997,61801,18772115,21933681,109212977,131146658,177991185,309137843,3.9315922047142795,17.36452223914812,0.5224863886833191,4,80,59,1.338983
22,18,13671,00:02:37.5310000,83,29886,113732,32699021,38529175,223678277,262207452,306280981,568488433,4.591212807258052,14.20285506429121,0.4712633788585663,4,84,60,1.3833333
22,19,14955,00:06:06.1760000,83,52395,208219,55868583,66563394,457757273,524320667,517606437,1041927104,5.127024950677557,10.536990456613292,0.39432650804519653,4,84,59,1.4067796
22,20,16427,00:13:36.0380000,82,92471,388216,93410739,114688671,933912720,1048601391,890708410,1939309801,5.6678078951928645,10.270791814157246,0.46243083477020264,5,83,61,1.3442622
23,0,2691,00:00:00.0760000,2,2,2,1004,1004,0,1004,4569,5573,1.00199203187251,1.0039920301638496,0,1,2,1,1
23,1,3093,00:00:00.1060000,3,3,3,2005,2005,0,2005,9905,11910,1.0049875311720697,1.0100370053263055,0,1,3,2,1
23,2,3463,00:00:00.1540000,3,6,6,4006,4012,0,4012,19433,23445,1.0187219171243136,1.0382921561097418,0.011155209504067898,1,3,2,1
23,3,3831,00:00:00.1650000,3,5,10,8021,8025,3,8028,38478,46506,1.0398952749033787,1.0835246069280373,0.025858309119939804,1,3,2,1
23,4,4175,00:00:00.1760000,3,11,19,15529,15561,456,16017,74190,90207,1.0660055380256295,1.1424745460397785,0.04756956174969673,1,3,2,1
23,5,4531,00:00:00.1910000,4,20,34,29343,29426,2586,32012,141385,173397,1.1207102204955186,1.2751103438147011,0.04730796813964844,1,4,3,1
23,6,4900,00:00:00.2120000,4,35,70,53829,54153,9986,64139,267555,331694,1.2068216017388396,1.5076102307605501,0.11677592992782593,2,4,2,1.5
23,7,5298,00:00:00.2480000,8,61,126,96374,97135,31056,128191,506868,635059,1.3401124784692966,1.9146712797494123,0.09225983917713165,2,8,6,1.1666666
23,8,5709,00:00:00.3020000,10,113,234,169973,172001,84188,256189,925528,1181717,1.5150465073864672,2.3666132551340424,0.12381990998983383,2,10,8,1.125
23,9,6143,00:00:00.4040000,14,172,417,296794,301247,211020,512267,1661862,2174129,1.71980228710823,2.509487762002004,0.155986025929451,2,14,12,1.0833334
23,10,6605,00:00:00.6140000,20,324,794,513842,522486,501558,1024044,2948286,3972330,1.9225364995465533,2.4023212221336374,0.1640441119670868,2,20,18,1.0555556
23,11,7114,00:00:00.9510000,28,560,1459,882217,898977,1149761,2048738,5249341,7298079,2.1330670345277865,2.5249386686551323,0.16798892617225647,3,28,24,1.125
23,12,7679,00:00:01.5830000,33,952,2684,1504054,1537878,2558647,4096525,9349603,13446128,2.3714620618674593,3.051629526720221,0.1678817719221115,3,33,28,1.1428572
23,13,8308,00:00:02.8980000,28,1694,4932,2528011,2630676,5569476,8200152,16629206,24829358,2.645621399590429,3.3546413979421854,0.2021685242652893,3,28,23,1.173913
23,14,9010,00:00:05.6530000,33,3071,9250,4259523,4491113,11893774,16384887,29470729,45855616,2.9387386803639752,3.1973813021968853,0.2780461609363556,4,33,26,1.2307693
23,15,9805,00:00:12.1570000,43,5300,17084,7148102,7652351,25130689,32783040,52383935,85166975,3.2533454335150784,3.541326436620165,0.2613089382648468,4,44,36,1.1944444
23,16,10704,00:00:34.1330000,55,9436,31767,11884457,13091101,52488515,65579616,92947788,158527404,3.638485376319675,4.122343307410219,0.23565936088562012,4,56,46,1.1956521
23,17,11713,00:01:24.7150000,63,16579,58853,19845721,22599970,108528411,131128381,163691458,294819839,4.16060827419674,4.481430306105912,0.4138851463794708,4,63,48,1.2916666
23,18,12824,00:03:15.5390000,65,29148,108585,34494102,39704410,222555551,262259961,282505095,544765056,4.89552840076834,6.846801110733006,0.5596293807029724,5,66,49,1.3265306
23,19,14033,00:07:02.2060000,51,51619,200318,60901287,69904283,454636612,524540895,476988314,1001529209,5.585853711104661,4.73814770477893,0.5001908540725708,5,52,37,1.3783784
23,20,15422,00:15:03.1360000,46,90680,373981,103232958,119258165,929795698,1049053863,821358755,1870412618,5.98608523839838,3.4292596185060256,0.4964616596698761,4,47,35,1.3142858
24,0,2861,00:00:00.1540000,1,1,2,1005,1005,0,1005,5154,6159,1,1,0,0,1,1,0
24,1,3201,00:00:00.1860000,2,2,3,2006,2006,0,2006,9606,11612,1.0029910269192424,1.0059999334082403,0,1,2,1,1
24,2,3551,00:00:00.2430000,1,3,6,4009,4014,0,4014,18783,22797,1,1,0,0,1,1,0
24,3,3899,00:00:00.2590000,3,6,11,7991,8003,3,8006,37071,45077,1.0035039419346765,1.0070384898507174,0,1,3,2,1
24,4,4268,00:00:00.3020000,5,10,22,15543,15548,472,16020,75065,91085,1.0121598147075854,1.0246991420357383,0.00789385661482811,1,5,4,1
24,5,4650,00:00:00.3270000,4,11,37,29324,29372,2698,32070,148966,181036,1.0196767153185105,1.0403482565491706,0.01571568101644516,1,4,3,1
24,6,5081,00:00:00.3670000,6,31,79,53334,53522,10526,64048,299920,363968,1.0423182210222373,1.0893601145233787,0.02776506170630455,1,6,5,1
24,7,5548,00:00:00.4360000,8,55,143,95318,95791,32225,128016,584522,712538,1.1006630437063303,1.228963996310081,0.05627916008234024,1,8,7,1
24,8,6058,00:00:00.5080000,10,104,257,166342,167742,88271,256013,1117924,1373937,1.2131933005494704,1.560920625833789,0.11028845608234406,1,10,9,1
24,9,6589,00:00:00.6190000,15,189,491,288859,292704,219495,512199,2042843,2555042,1.3952447387825895,2.292229220691981,0.18822433054447174,1,15,14,1
24,10,7144,00:00:00.8970000,21,319,901,496338,506106,518436,1024542,3628573,4653115,1.6233151602335505,3.1770586271856196,0.28273463249206543,2,21,17,1.1764706
24,11,7732,00:00:01.3550000,27,558,1610,848630,869784,1178229,2048013,6350132,8398145,1.828426994096367,3.2101513694749557,0.3535080850124359,2,27,22,1.1818181
24,12,8385,00:00:02.1950000,32,1018,3005,1425183,1477639,2620578,4098217,11229433,15327650,1.9951634281351938,3.0218103015247904,0.40135496854782104,2,32,27,1.1481482
24,13,9124,00:00:04.0540000,42,1853,5643,2368973,2494673,5703170,8197843,20065301,28263144,2.1781983163168173,3.6275830696901417,0.4132664203643799,2,42,34,1.2058823
24,14,9952,00:00:08.6100000,56,3204,10532,3934610,4243780,12146946,16390726,35758978,52149704,2.468633485910929,6.59284885646776,0.4246445596218109,3,56,43,1.2790698
24,15,10861,00:00:24.1330000,71,5753,19328,6515291,7260905,25509681,32770586,62802089,95572675,2.830702726862085,13.137950796504997,0.4868064820766449,3,72,56,1.2678572
24,16,11865,00:00:59.2410000,89,9813,35187,10744271,12460049,53118184,65578233,109428761,175006994,3.243674326531786,18.93306116425129,0.49497562646865845,4,90,68,1.3088236
24,17,12965,00:02:05.9580000,112,17067,63851,18469122,21673218,109448598,131121816,188470920,319592736,3.850808175938196,28.607984082573086,0.5036175847053528,5,113,84,1.3333334
24,18,14156,00:04:24.0430000,93,30143,116565,31983041,38265769,223952199,262217968,319588404,581806372,4.577640131218292,23.483430837986255,0.5464063882827759,4,94,65,1.4307692
24,19,15433,00:08:45.6010000,68,52170,210417,57128903,67520207,456996522,524516729,529234733,1053751462,5.33035897783649,11.338175765496755,0.4749787747859955,4,69,48,1.4166666
24,20,16853,00:17:50.5170000,58,91529,386795,102349038,118691236,930114319,1048805555,883877731,1932683286,6.021446298303263,6.040268640053028,0.2842201590538025,4,59,45,1.2888889
25,0,3026,00:00:00.0380000,2,3,4,1000,1001,0,1001,5742,6743,1.003,1.0060180420147287,0,1,2,1,1
25,1,3339,00:00:00.0500000,2,3,8,2011,2012,0,2012,9801,11813,1.0144206862257583,1.0292571108109188,0,1,2,1,1
25,2,3704,00:00:00.0700000,2,2,8,4014,4014,0,4014,19563,23577,1.0206776283009467,1.0422096185170338,0,1,2,1,1
25,3,4049,00:00:00.0740000,2,4,12,8016,8020,2,8022,37618,45640,1.036302395209581,1.0752330318075876,0,1,2,1,1
25,4,4411,00:00:00.0800000,3,7,19,15545,15556,450,16006,74931,90937,1.0812479897073013,1.1763196043795394,0.022266071289777756,1,3,2,1
25,5,4780,00:00:00.0960000,4,16,34,29317,29379,2668,32047,145787,177834,1.1351093222362452,1.3073889992099856,0.022987740114331245,1,4,3,1
25,6,5161,00:00:00.1080000,4,31,72,53845,54057,10007,64064,276726,340790,1.229417773237998,1.5564274728771208,0.0371735580265522,1,4,3,1
25,7,5544,00:00:00.1300000,6,54,137,96738,97255,30787,128042,505279,633321,1.3634249209204243,1.899493218951337,0.052494414150714874,2,6,4,1.25
25,8,5953,00:00:00.1690000,8,120,253,170670,172226,84048,256274,921747,1178021,1.5478525810042774,2.1438756185179177,0.07821189612150192,2,8,6,1.1666666
25,9,6378,00:00:00.2390000,13,173,444,298791,302314,210085,512399,1640827,2153226,1.7392357868878245,2.025228345483301,0.08590859174728394,2,13,11,1.0909091
25,10,6839,00:00:00.3700000,20,303,807,516128,522538,501973,1024511,2923920,3948431,1.925493288486577,1.8647211177372545,0.09417054802179337,2,20,17,1.117647
25,11,7350,00:00:00.6480000,22,589,1497,880619,898042,1152057,2050099,5237082,7287181,2.111255832545062,1.9413881012500984,0.10541707277297974,2,22,19,1.1052631
25,12,7920,00:00:01.2020000,26,981,2710,1488475,1533160,2564330,4097490,9386395,13483885,2.331330388484859,2.56123130857947,0.13562656939029694,3,26,20,1.25
25,13,8554,00:00:02.2010000,38,1746,5003,2537226,2621728,5574871,8196599,16734871,24931470,2.6043722553686584,3.992581651476372,0.18958739936351776,4,38,28,1.3214285
25,14,9266,00:00:04.3050000,41,3145,9294,4254448,4468966,11918495,16387461,29806331,46193792,2.8883636608086407,5.150939882247645,0.29082226753234863,4,41,30,1.3333334
25,15,10070,00:00:08.6180000,49,5314,17133,7117197,7629573,25163284,32792857,53048822,85841679,3.2367252164019065,6.5272224627103546,0.4354730546474457,4,50,37,1.3243244
25,16,10960,00:00:17.1430000,55,9416,31670,12125045,13236172,52342682,65578854,93063780,158642634,3.7844797277041033,9.150393307262426,0.4856405556201935,4,56,39,1.4102564
25,17,11928,00:00:40.5530000,58,16595,58196,21146085,23227071,107903616,131130687,160006934,291137621,4.40478797848396,4.144324691157234,0.41705450415611267,4,59,42,1.3809524
25,18,13009,00:02:06.0830000,46,29387,107371,35719338,39744431,222531282,262275713,274369430,536645143,4.814444293452471,2.0453113593852494,0.2978031039237976,3,47,34,1.3529412
25,19,14272,00:05:19.7920000,51,51626,201222,57503494,66552395,457841344,524393739,481429269,1005823008,5.034654537687745,1.7552063178050312,0.21919581294059753,4,52,42,1.2142857
25,20,15771,00:12:47.2520000,74,92539,382933,87083753,112682236,936268052,1048950288,864380126,1913330414,5.43095580641776,3.0223741071544064,0.21540160477161407,4,75,63,1.1746032
26,0,2747,00:00:00.0440000,1,1,4,1007,1007,0,1007,4743,5750,1,1,0,0,1,1,0
26,1,3122,00:00:00.0580000,1,1,5,2008,2008,0,2008,9959,11967,1,1,0,0,1,1,0
26,2,3489,00:00:00.0820000,1,1,5,4005,4005,0,4005,19476,23481,1,1,0,0,1,1,0
26,3,3846,00:00:00.0870000,1,3,9,8001,8008,5,8013,38169,46182,1,1,0,0,1,1,0
26,4,4235,00:00:00.0940000,3,7,18,15556,15568,473,16041,77708,93749,1.0021856518385188,1.0043832405536797,0,1,3,2,1
26,5,4623,00:00:00.1150000,3,13,30,29277,29349,2680,32029,151857,183886,1.0036547460463845,1.007342826750689,0,1,3,2,1
26,6,5051,00:00:00.1310000,5,27,56,53462,53595,10410,64005,301222,365227,1.0129063633983015,1.0262729053171535,0.011169959791004658,1,5,4,1
26,7,5533,00:00:00.1620000,5,61,125,94826,95366,32767,128133,598034,726167,1.0292008520869804,1.0608018441892608,0.027950406074523926,1,5,4,1
26,8,6077,00:00:00.2290000,12,104,279,165311,166571,89438,256009,1172341,1428350,1.0830918692645983,1.1846018854559788,0.062249504029750824,2,12,10,1.1
26,9,6680,00:00:00.3840000,17,201,576,283985,287949,224356,512305,2239540,2751845,1.2091096360723277,1.5519919549229808,0.14053833484649658,2,17,15,1.0666667
26,10,7304,00:00:00.6660000,25,327,1030,488904,498307,526460,1024767,4048308,5073075,1.470022744751526,2.8379500705335885,0.2822195887565613,2,25,22,1.0909091
26,11,7920,00:00:01.1410000,30,587,1814,843826,867967,1181385,2049352,6909868,8959220,1.839714585708428,6.090319718477393,0.3781030774116516,2,30,27,1.074074
26,12,8541,00:00:01.9050000,35,1019,3121,1459925,1509744,2588960,4098704,11487850,15586554,2.225038272513999,6.652563146832937,0.3980506360530853,2,35,30,1.1333333
26,13,9195,00:00:03.3600000,39,1721,5478,2501616,2602646,5592813,8195459,19107063,27302522,2.5647401519657693,3.7406985480866948,0.34300434589385986,3,39,32,1.1875
26,14,9921,00:00:06.1330000,43,3074,9742,4228894,4432724,11960392,16393116,32495369,48888485,2.8233010806135126,2.343477865654396,0.26272907853126526,3,43,37,1.1351352
26,15,10756,00:00:12.3390000,45,5606,18021,6950982,7461441,25329078,32790519,56905162,89695681,3.0254024539266537,2.0255122292758094,0.22379297018051147,4,46,37,1.2162162
26,16,11725,00:00:26.2950000,57,9896,33611,11218405,12564376,52971820,65536196,101584805,167121001,3.2815285238855254,2.796825452645683,0.2102849930524826,4,58,45,1.2666667
26,17,12821,00:01:11.3860000,80,17454,62585,18345878,21668088,109472554,131140642,180290822,311431464,3.7909455192060038,7.76079396212371,0.28453555703163147,4,81,66,1.2121212
26,18,14022,00:03:09.6730000,88,30441,115353,31247949,37992350,224285504,262277854,312950235,575228089,4.482668958529086,10.389334837912102,0.28612756729125977,4,89,70,1.2571429
26,19,15328,00:07:16.9500000,80,52919,210706,54114519,66137346,458192338,524329684,529395756,1053725440,5.101029947249462,7.026639489302573,0.23474016785621643,5,81,63,1.2698413
26,20,16806,00:16:04.4250000,86,92979,390962,92622352,114494840,934523284,1049018124,904498884,1953517008,5.6555875950979955,7.546673490715725,0.2883606553077698,4,87,67,1.2835821
27,0,3966,00:00:00.0990000,1,1,1,1005,1005,0,1005,5014,6019,1,1,0,0,1,1,0
27,1,4298,00:00:00.1190000,1,2,2,2000,2001,0,2001,9343,11344,1,1,0,0,1,1,0
27,2,4719,00:00:00.1550000,2,2,2,4010,4010,0,4010,20581,24591,1.0039900249376559,1.008011948540937,0,1,2,1,1
27,3,5099,00:00:00.1650000,2,3,5,8004,8006,3,8009,40385,48394,1.0064967516241878,1.0130778623267318,0,1,2,1,1
27,4,5483,00:00:00.1770000,3,10,14,15513,15538,473,16011,79749,95760,1.0110874750209502,1.0224483059467915,0.003112484933808446,1,3,2,1
27,5,5874,00:00:00.2060000,5,18,36,29265,29306,2705,32011,155242,187253,1.0297625149495986,1.0617642549460602,0.018910706043243408,1,5,4,1
27,6,6311,00:00:00.2310000,6,32,73,53407,53607,10462,64069,308218,372287,1.065028928792106,1.137787551350331,0.04501479119062424,2,6,4,1.25
27,7,6762,00:00:00.2730000,9,66,154,95498,96072,32114,128186,583116,711302,1.1369348049173804,1.3177676509180505,0.07779745012521744,2,9,7,1.1428572
27,8,7246,00:00:00.3440000,11,94,271,167196,169008,87065,256073,1087145,1343218,1.2806466661881863,1.7632838858954798,0.13876472413539886,2,11,9,1.1111112
27,9,7743,00:00:00.4550000,19,151,480,293109,295808,216941,512749,1945476,2458225,1.5293935020760194,2.8178058911323753,0.19079239666461945,2,19,16,1.125
27,10,8244,00:00:00.6850000,20,303,857,509897,517015,507331,1024346,3353027,4377373,1.8495382400759368,4.263310742039015,0.2433507740497589,2,20,17,1.117647
27,11,8755,00:00:01.0350000,21,515,1476,884106,901737,1147558,2049295,5660699,7709994,2.1910438341103893,4.477491697785763,0.2519366443157196,2,21,18,1.1111112
27,12,9297,00:00:01.6500000,22,954,2656,1517354,1558129,2540547,4098676,9565476,13664152,2.497641288717069,3.2775856983724303,0.2250494807958603,3,22,18,1.1666666
27,13,9898,00:00:02.9180000,20,1685,4865,2564131,2665164,5528376,8193540,16449772,24643312,2.742880921450581,2.198538759165896,0.21387536823749542,3,20,15,1.2666667
27,14,10590,00:00:05.8360000,26,2954,9033,4277832,4496360,11894808,16391168,29084429,45475597,2.924248077063335,1.7333237902274448,0.19006198644638062,4,26,19,1.3157895
27,15,11402,00:00:17.3780000,38,5340,17045,7035303,7542981,25244009,32786990,52656395,85443385,3.1161608817701243,1.8161995767781642,0.17072485387325287,4,39,31,1.2258065
27,16,12332,00:00:44.9270000,48,9426,31889,11556489,12903946,52639493,65543439,95008124,160551563,3.5494104654103853,3.237305154658101,0.209390789270401,4,49,41,1.1707317
27,17,13337,00:01:39.4250000,54,16840,58786,20100923,22894163,108249807,131143970,165222216,296366186,4.320780344265783,5.085103574790649,0.2765490710735321,4,55,43,1.255814
27,18,14424,00:03:26.2010000,51,29537,108141,35045729,39837753,222458787,262296540,280428420,542724960,4.860088657308284,2.8448900851991823,0.22378087043762207,4,52,43,1.1860465
27,19,15673,00:07:11.3160000,57,51757,201533,58068927,67287714,457135959,524423673,484275932,1008699605,5.154383169504751,2.9435492729837227,0.18923935294151306,5,58,49,1.1632653
27,20,17142,00:15:23.8500000,83,91893,380797,92424641,114514707,934084078,1048598785,856592203,1905190988,5.598060737936759,6.950851153176969,0.3343888819217682,5,84,72,1.1527778
28,0,2542,00:00:00.0730000,1,2,3,1002,1003,0,1003,3957,4960,1,1,0,0,1,1,0
28,1,2910,00:00:00.0930000,1,1,4,2009,2009,0,2009,8777,10786,1,1,0,0,1,1,0
28,2,3309,00:00:00.1290000,1,1,5,4001,4001,0,4001,19069,23070,1,1,0,0,1,1,0
28,3,3648,00:00:00.1380000,1,4,9,8004,8016,5,8021,36726,44747,1,1,0,0,1,1,0
28,4,4008,00:00:00.1490000,2,9,21,15532,15556,452,16008,73388,89396,1.0011588977594643,1.0023204722651342,0,1,2,1,1
28,5,4409,00:00:00.1680000,4,21,42,29229,29340,2679,32019,150078,182097,1.0075951965513703,1.015341688137838,0.004147722851485014,1,4,3,1
28,6,4857,00:00:00.2100000,6,35,75,53255,53582,10510,64092,306936,371028,1.0208994460614027,1.0430064176474672,0.01787257380783558,1,6,5,1
28,7,5344,00:00:00.2520000,11,53,131,94701,95354,32745,128099,607005,735104,1.0519424293302078,1.1118135854297613,0.03998895734548569,1,11,10,1
28,8,5869,00:00:00.3240000,16,105,249,165848,167288,89031,256319,1159870,1416189,1.1268993295065362,1.3062377521185595,0.09309681504964828,1,16,15,1
28,9,6443,00:00:00.4660000,23,199,513,286733,289787,222328,512115,2168951,2681066,1.2859628992826078,1.8786207732837694,0.19451352953910828,2,23,20,1.1
28,10,7034,00:00:00.7600000,29,327,918,494561,501674,522568,1024242,3867877,4892119,1.538344107198101,3.533674515370997,0.3363317549228668,2,29,26,1.0769231
28,11,7637,00:00:01.2010000,32,564,1664,848307,868506,1180060,2048566,6666333,8714899,1.832592445895177,6.623516373750946,0.45158350467681885,2,32,28,1.1071428
28,12,8272,00:00:01.9890000,41,1069,3088,1455306,1495666,2603036,4098702,11376063,15474765,2.138750200988658,8.5047791820012,0.46183061599731445,3,41,32,1.25
28,13,8951,00:00:03.6060000,44,1767,5486,2472251,2572580,5626273,8198853,19349496,27548349,2.457555482837301,7.594988301395799,0.4064118564128876,3,44,34,1.2647059
28,14,9691,00:00:07.0920000,44,3116,9774,4157488,4418671,11972978,16391649,33042187,49433836,2.819283423067006,5.37345425948217,0.34026339650154114,4,44,31,1.3870968
28,15,10506,00:00:19.8680000,46,5467,17923,6998325,7597024,25182073,32779097,56676104,89455201,3.2185214319140654,4.793559282094193,0.2794742286205292,4,47,34,1.3529412
28,16,11405,00:00:47.1100000,54,9565,32597,11977699,13152922,52408022,65560944,97205240,162766184,3.7148953233838986,5.060150568557782,0.22783344984054565,5,55,41,1.3170732
28,17,12389,00:01:40.7430000,56,16724,59442,20688445,23033634,108104363,131137997,165588293,296726290,4.355847575784454,5.6418309780327425,0.2256324142217636,4,57,46,1.2173913
28,18,13457,00:03:25.2190000,51,29200,108345,36204253,40530829,221656981,262187810,277868589,540056399,5.046941529217576,6.987583621448359,0.23446258902549744,5,52,39,1.3076923
28,19,14644,00:06:54.6900000,48,51402,198821,62907692,70614264,453860672,524474936,467569430,992044366,5.641956980395975,5.915662033579988,0.2691839039325714,4,49,38,1.2631578
28,20,16013,00:14:21.1780000,57,90768,371176,105713351,121002354,928036890,1049039244,804783916,1853823160,6.115454783000872,5.414274423362765,0.29397106170654297,5,58,43,1.3255814
2,0,2257,00:00:00.0660000,1,1,3,1003,1003,0,1003,3638,4641,1,1,0,0,1,1,0
2,1,2576,00:00:00.0850000,1,3,5,2001,2004,0,2004,7713,9717,1,1,0,0,1,1,0
2,2,2938,00:00:00.1180000,3,5,7,4001,4005,0,4005,17220,21225,1.0154961259685078,1.031598852812682,0,1,3,2,1
2,3,3314,00:00:00.1430000,5,6,11,8004,8007,4,8011,37023,45034,1.040104947526237,1.0845616093095345,0.02865910716354847,1,5,4,1
2,4,3666,00:00:00.1550000,5,7,19,15577,15589,444,16033,72656,88689,1.0627206779225782,1.1362359715772778,0.048076193779706955,1,5,4,1
2,5,4048,00:00:00.1700000,6,20,37,29363,29416,2618,32034,145417,177451,1.1215815822633928,1.2864106439330687,0.08690302819013596,1,6,5,1
2,6,4428,00:00:00.1920000,6,29,69,53792,53970,10104,64074,276133,340207,1.2085440214158238,1.5541440145866663,0.14674367010593414,1,6,5,1
2,7,4820,00:00:00.2250000,7,55,127,96522,97039,31007,128046,511618,639664,1.3416526802179813,2.0886358173864545,0.21888399124145508,1,7,6,1
2,8,5235,00:00:00.2810000,9,104,242,170385,171838,84414,256252,935502,1191754,1.5079965959444788,2.9052139092908775,0.32123371958732605,2,9,6,1.3333334
2,9,5673,00:00:00.3990000,11,168,448,296724,300650,211902,512552,1681055,2193607,1.6850339035602109,3.5992202652429843,0.3795892894268036,2,11,8,1.25
2,10,6151,00:00:00.5860000,14,301,796,510181,519047,506335,1025382,3020373,4045755,1.8440063428469504,3.6297435060084706,0.43393489718437195,2,14,10,1.3
2,11,6684,00:00:00.9410000,20,557,1481,867711,887049,1160982,2048031,5452797,7500828,1.9882541537447376,3.531250834180561,0.48100894689559937,2,20,15,1.2666667
2,12,7291,00:00:01.6420000,27,1033,2805,1456799,1504660,2592478,4097138,9926271,14023409,2.1442834598321387,3.9393715508455514,0.4844239354133606,2,27,22,1.1818181
2,13,7981,00:00:03.1340000,37,1730,5248,2433546,2550417,5642541,8192958,18059633,26252591,2.361500871567663,5.397682347022158,0.4845397174358368,3,37,31,1.1612903
2,14,8753,00:00:06.1950000,50,3043,9686,4068594,4340998,12051894,16392892,32480017,48872909,2.646616005430869,6.840659035322184,0.46882545948028564,3,50,43,1.1395348
2,15,9620,00:00:13.5910000,67,5385,18080,6745342,7368712,25402949,32771661,58026744,90798405,2.929169343822745,6.427164505931694,0.481022447347641,3,68,55,1.2181818
2,16,10607,00:00:40.7820000,84,9576,33741,11005214,12496772,53054912,65551684,103704955,169256639,3.2499737851531103,7.9734338768778645,0.4818657636642456,4,85,69,1.2173913
2,17,11708,00:01:42.4130000,92,17178,62832,18208425,21642151,109433088,131075239,182835033,313910272,3.823841875395593,14.402313398638363,0.476448655128479,4,93,72,1.2777778
2,18,12898,00:03:45.6080000,80,30285,115415,32041825,38393090,223893376,262286466,313730472,576016938,4.625324868355657,7.2343813401629005,0.3861238956451416,5,81,60,1.3333334
2,19,14164,00:07:42.5220000,62,52948,210025,58250135,67842024,456679800,524521824,520864808,1045386632,5.360672400158386,4.336471990838869,0.22811706364154816,5,63,49,1.2653061
2,20,15587,00:15:48.2610000,53,91582,385154,102413263,117859832,931012024,1048871856,876780502,1925652358,5.922338652562998,3.516496404676503,0.21135994791984558,5,54,42,1.2619047
29,0,2661,00:00:00.0570000,1,1,2,1003,1003,0,1003,5415,6418,1,1,0,0,1,1,0
29,1,3079,00:00:00.0700000,1,3,4,2013,2015,0,2015,10917,12932,1,1,0,0,1,1,0
29,2,3427,00:00:00.0920000,2,3,6,4004,4005,0,4005,20286,24291,1.006993006993007,1.0140837855956992,0,1,2,1,1
29,3,3812,00:00:00.0990000,3,5,11,7992,7994,7,8001,41063,49064,1.0112612612612613,1.0228219958282543,0.008491161279380322,1,3,2,1
29,4,4161,00:00:00.1150000,3,8,21,15549,15563,449,16012,76757,92769,1.0231526143160332,1.0475847364073057,0.01731063425540924,1,3,2,1
29,5,4557,00:00:00.1240000,3,15,40,29302,29370,2706,32076,153132,185208,1.0538529793188178,1.114675262613054,0.03976648673415184,1,3,2,1
29,6,4971,00:00:00.1440000,5,23,63,53402,53583,10419,64002,298100,362102,1.099846447698588,1.2242375368269953,0.04430969059467316,1,5,4,1
29,7,5409,00:00:00.1670000,7,45,127,95650,96108,31949,128057,565125,693182,1.1932775744903292,1.4780956926298272,0.0749976634979248,2,7,5,1.2
29,8,5867,00:00:00.2060000,11,99,240,168912,169791,86244,256035,1038600,1294635,1.346582836032964,1.980033355478329,0.11211705207824707,2,11,9,1.1111112
29,9,6348,00:00:00.2870000,13,182,463,293624,296493,215930,512423,1867301,2379724,1.550598724899872,2.5789455063228615,0.16269032657146454,2,13,11,1.0909091
29,10,6852,00:00:00.4490000,16,324,856,506461,514621,510383,1025004,3289130,4314134,1.7654350483057926,2.6879685840311955,0.2023358792066574,2,16,14,1.0714285
29,11,7397,00:00:00.7480000,20,555,1544,862238,885069,1165235,2050304,5782652,7832956,1.9786659831740192,2.569995511565311,0.22509069740772247,2,20,17,1.117647
29,12,7997,00:00:01.3350000,36,983,2823,1467776,1512703,2584098,4096801,10191851,14288652,2.213121075695474,2.9387475384761466,0.22034195065498352,3,36,31,1.1290323
29,13,8660,00:00:02.4270000,47,1762,5180,2479702,2584359,5607947,8192306,17944833,26137139,2.4946783928068776,3.7032825051279965,0.21369530260562897,4,47,40,1.15
29,14,9393,00:00:04.7270000,54,3152,9633,4179712,4432695,11961863,16394558,31476135,47870693,2.839375775173026,3.9203625850964685,0.21651938557624817,4,54,47,1.1276596
29,15,10196,00:00:09.2450000,61,5451,17519,7116840,7665723,25114913,32780636,54651701,87432337,3.318830267365853,4.72627214690129,0.23708410561084747,4,62,52,1.1730769
29,16,11055,00:00:17.9560000,62,9453,31787,12470459,13565795,52010858,65576653,92815232,158391885,4.0256234353522995,5.0375242795291175,0.23809193074703217,5,63,51,1.2156863
29,17,11975,00:00:47.8270000,49,16491,57369,21938583,23913991,107244399,131158390,155385128,286543518,4.665930429508597,2.2587014911930456,0.20529940724372864,5,50,42,1.1666666
29,18,13008,00:02:08.9380000,40,28789,104775,37085914,40680465,221510253,262190718,262568532,524759250,5.00140147550361,1.6820776292109072,0.5326934456825256,4,41,31,1.2903225
29,19,14229,00:05:12.2050000,52,51210,196768,60493021,68367506,455926285,524293791,460186537,984480328,5.288647330077961,2.2857229613625822,0.21630339324474335,4,53,41,1.2682927
29,20,15665,00:12:10.5740000,79,91828,373166,97095126,116730062,932160399,1048890461,820732537,1869622998,5.77332006346024,6.929640358873691,0.2652387022972107,4,80,66,1.1969697
30,0,2760,00:00:00.0980000,1,1,1,1001,1001,0,1001,4677,5678,1,1,0,0,1,1,0
30,1,3109,00:00:00.1160000,1,1,1,2012,2012,0,2012,9172,11184,1,1,0,0,1,1,0
30,2,3403,00:00:00.1450000,1,2,4,3999,4002,0,4002,16701,20703,1,1,0,0,1,1,0
30,3,3775,00:00:00.1550000,1,5,10,8009,8021,8,8029,36204,44233,1,1,0,0,1,1,0
30,4,4138,00:00:00.1670000,2,11,21,15506,15538,463,16001,73175,89176,1.0013543144589192,1.0027123419802366,0,1,2,1,1
30,5,4546,00:00:00.1850000,2,15,40,29172,29240,2807,32047,152893,184940,1.004079254079254,1.0081918447743214,0,1,2,1,1
30,6,4980,00:00:00.2090000,2,32,82,53426,53640,10432,64072,303804,367876,1.0079174933552952,1.0159602835680712,0,1,2,1,1
30,7,5458,00:00:00.2530000,3,56,158,94642,95448,32653,128101,598791,726892,1.0197375372456203,1.0402983233837673,0.006016933359205723,1,3,2,1
30,8,6010,00:00:00.3520000,12,108,302,164636,166455,89636,256091,1182047,1438138,1.0618941179328945,1.1337413118195285,0.03201013803482056,1,12,11,1
30,9,6629,00:00:00.5170000,20,217,578,282241,286635,225755,512390,2284278,2796668,1.172271215025457,1.4252777512183699,0.09061438590288162,2,20,18,1.0555556
30,10,7276,00:00:00.8510000,29,361,1064,484252,495112,529829,1024941,4167289,5192230,1.4077133393357177,2.3196023774249372,0.19510801136493683,2,29,27,1.037037
30,11,7924,00:00:01.3860000,40,632,1871,836008,860744,1188614,2049358,7196235,9245593,1.7495418704127232,4.024711867537298,0.30527129769325256,2,40,36,1.0833334
30,12,8571,00:00:02.2400000,47,1111,3273,1442572,1494339,2602361,4096700,12005575,16102275,2.141077880341501,5.262579740262284,0.3527080714702606,2,47,42,1.0952381
30,13,9239,00:00:03.8410000,45,1833,5589,2472319,2592998,5600193,8193191,19811718,28004909,2.5671222038903556,6.087876631922666,0.3550989031791687,3,45,39,1.1282052
30,14,9943,00:00:06.6910000,42,3119,9766,4272068,4517042,11870481,16387523,32676783,49064306,3.0413902587692894,6.233174366064874,0.3658866286277771,3,42,34,1.2058823
30,15,10704,00:00:11.9960000,34,5450,17400,7321421,7836021,24940541,32776562,54343001,87119563,3.4972344849449306,6.088926653568473,0.38496267795562744,3,35,28,1.2142857
30,16,11550,00:00:22.4170000,33,9434,31433,12526336,13496138,52041968,65538106,91845419,157383525,3.9202105068872495,5.603103832684253,0.48517537117004395,4,34,24,1.375
30,17,12509,00:00:48.2060000,37,16551,57855,21265724,23220760,107930071,131150831,158012149,289162980,4.386676418823079,6.156791536592162,0.42331215739250183,4,38,28,1.3214285
30,18,13576,00:02:10.6360000,41,29335,106726,36490938,40429940,221747496,262177436,270199890,532377326,5.0062935625277705,7.189237901823098,0.3356102705001831,5,42,30,1.3666667
30,19,14767,00:05:20.6180000,42,51525,197461,62415901,70404290,453990258,524394548,460770139,985164687,5.606038643902617,6.323045245336147,0.31732064485549927,4,43,31,1.3548387
30,20,16145,00:12:34.4050000,59,91505,370011,103867208,120010556,928680710,1048691266,801175208,1849866474,6.024310704491065,5.776801098351295,0.3028024137020111,4,60,47,1.2553191
31,0,2292,00:00:00.0330000,1,1,1,1001,1001,0,1001,4841,5842,1,1,0,0,1,1,0
31,1,2640,00:00:00.0460000,1,1,1,2002,2002,0,2002,9205,11207,1,1,0,0,1,1,0
31,2,2999,00:00:00.0680000,1,1,3,4005,4005,0,4005,18643,22648,1,1,0,0,1,1,0
31,3,3354,00:00:00.0730000,1,5,9,7992,8005,4,8009,37261,45270,1,1,0,0,1,1,0
31,4,3704,00:00:00.0800000,2,11,24,15515,15545,457,16002,73064,89066,1.0017402513696423,1.0034866108063285,0,1,2,1,1
31,5,4105,00:00:00.0910000,4,19,46,29258,29326,2713,32039,150568,182607,1.0057078405906077,1.0115007009538401,0,1,4,3,1
31,6,4532,00:00:00.1170000,6,33,79,53415,53579,10436,64015,299539,363554,1.015838247683235,1.0323550483659087,0.012423569336533546,1,6,5,1
31,7,5021,00:00:00.1480000,7,65,173,95067,95640,32584,128224,599869,728093,1.0381625590373105,1.0804491875273532,0.031059367582201958,1,7,6,1
31,8,5568,00:00:00.2200000,10,130,333,164193,166106,90043,256149,1179811,1435960,1.0892242665643481,1.202642385150248,0.06800420582294464,1,10,9,1
31,9,6162,00:00:00.3420000,16,192,596,283068,288124,224149,512273,2229535,2741808,1.2156231011629715,1.5986690256202043,0.15149523317813873,1,16,15,1
31,10,6786,00:00:00.5560000,26,346,1057,486321,497825,526277,1024102,4037583,5061685,1.4511546900092738,2.8377612529930687,0.2879377603530884,2,26,22,1.1363636
31,11,7422,00:00:00.9680000,37,570,1820,838262,860424,1187880,2048304,7008442,9056746,1.7467021050697753,5.59914059486757,0.4229339361190796,2,37,31,1.1612903
31,12,8088,00:00:01.6630000,41,980,3197,1422909,1478592,2620443,4099035,11991373,16090408,2.0234280618085907,7.695045132465149,0.5065321326255798,2,41,35,1.1428572
31,13,8801,00:00:02.9600000,45,1771,5753,2399106,2528567,5664084,8192651,20449599,28642250,2.3181118299900048,9.100123300050567,0.5237695574760437,3,45,36,1.2222222
31,14,9583,00:00:05.7440000,48,3086,10404,4027217,4325825,12062781,16388606,35089814,51478420,2.6412472931058844,8.371389873480213,0.5153241753578186,3,48,33,1.4242424
31,15,10453,00:00:13.6610000,57,5530,18918,6742896,7371706,25419277,32790983,60738637,93529620,2.95091471083048,6.636809506786154,0.42918261885643005,3,58,44,1.2954545
31,16,11436,00:00:35.2990000,60,9571,34379,10991325,12518124,53048914,65567038,106204408,171771446,3.2704102553604772,6.471117691552532,0.3685133159160614,4,61,47,1.2765957
31,17,12545,00:01:32.3230000,80,17033,63382,18213615,21439064,109657560,131096624,186167939,317264563,3.7012542540291973,5.364374746299498,0.28792858123779297,4,81,68,1.1764706
31,18,13790,00:03:37.9660000,96,30125,117606,30164686,36948707,225319685,262268392,325317858,587586250,4.199049378468584,5.30120508877362,0.3063543438911438,4,97,80,1.2
31,19,15174,00:07:53.2750000,91,53000,216605,49182838,63946182,460505192,524451374,560582250,1085033624,4.793032907129109,10.153644958288018,0.288057416677475,5,92,70,1.3
31,20,16713,00:16:35.8200000,91,93140,400324,84294535,111313407,937392494,1048705901,957108734,2005814635,5.45363528015191,14.554774589976596,0.4032597541809082,4,92,75,1.2133334
32,0,2611,00:00:00.0350000,3,4,6,1005,1006,0,1006,5777,6783,1.0497512437810945,1.1046576619864226,0.009691689163446426,1,3,2,1
32,1,2941,00:00:00.0560000,2,2,6,2002,2002,0,2002,10190,12192,1.1013986013986015,1.222843436054003,0,1,2,1,1
32,2,3234,00:00:00.0770000,3,3,8,4009,4009,0,4009,17750,21759,1.1848341232227488,1.4326243430129286,0.014151033945381641,1,3,2,1
32,3,3514,00:00:00.0810000,3,5,11,8016,8018,0,8018,31865,39883,1.2709580838323353,1.655683765170111,0.015208177268505096,1,3,2,1
32,4,3793,00:00:00.0850000,4,9,16,15614,15634,401,16035,59382,75417,1.3707570129371078,1.8913319843326317,0.03226863220334053,1,4,3,1
32,5,4078,00:00:00.0910000,5,21,37,29642,29693,2367,32060,111860,143920,1.490182848660684,2.0470538503809714,0.05271647125482559,2,5,3,1.3333334
32,6,4373,00:00:00.1010000,5,29,61,54677,54850,9168,64018,209727,273745,1.630667373850065,1.9391525127711513,0.05406207591295242,2,5,3,1.3333334
32,7,4672,00:00:00.1180000,5,57,114,99023,99551,28671,128222,382903,511125,1.7300930086949498,1.7423762550735726,0.06542109698057175,2,5,3,1.3333334
32,8,5004,00:00:00.1430000,7,85,196,175111,176110,79931,256041,712808,968849,1.8328945640193934,1.5084146366330429,0.06934860348701477,2,7,5,1.2
32,9,5378,00:00:00.1920000,8,151,368,304713,307201,204904,512105,1334612,1846717,1.9194619199049598,1.3503691951468677,0.06992305815219879,2,8,6,1.1666666
32,10,5810,00:00:00.3110000,11,280,702,521896,527988,496608,1024596,2526758,3551354,1.9987449606818217,1.2918602977164897,0.06672952324151993,2,11,9,1.1111112
32,11,6311,00:00:00.5430000,17,552,1389,885041,898421,1150409,2048830,4790110,6838940,2.0949775208154198,1.3939779593078632,0.06950187683105469,3,17,14,1.1428572
32,12,6893,00:00:01.0600000,24,938,2597,1488115,1522350,2575650,4098000,9046611,13144611,2.2519959814933657,1.7859380759248504,0.07841730117797852,4,24,19,1.2105263
32,13,7546,00:00:02.0880000,31,1666,4872,2507869,2601242,5594989,8196231,16658481,24854712,2.5697275256402947,2.9613839704828515,0.11380519717931747,5,31,24,1.25
32,14,8231,00:00:04.1200000,34,3021,8908,4387230,4610517,11775077,16385594,29065500,45451094,3.3161582593116843,5.716704088669844,0.16764210164546967,5,35,27,1.2592592
32,15,8890,00:00:07.6410000,31,5239,15829,8233242,8593857,24205433,32799290,46986754,79786044,4.509149737126639,4.826427097395917,0.1877729594707489,5,31,23,1.3043479
32,16,9549,00:00:13.8110000,20,9153,27763,15133208,15652895,49939694,65592589,73735704,139328293,5.34018583501925,2.556999261324986,0.09224925190210342,5,20,13,1.4615384
32,17,10287,00:00:30.3130000,10,15952,50175,26148136,27015837,104090905,131106742,119621038,250727780,5.717552562828953,1.7742323232628312,0.042130764573812485,4,11,7,1.4285715
32,18,11170,00:01:36.7020000,12,28314,93850,43544750,45228687,217014365,262243052,205814616,468057668,5.911886714242245,1.4696139063373286,0.029222028329968452,3,12,9,1.2222222
32,19,12245,00:04:20.9710000,11,50747,179423,69731665,74912253,449638728,524550981,371212758,895763739,6.063689229276255,1.4459867427655664,0.04561687260866165,2,11,9,1.1111112
32,20,13550,00:10:43.4830000,28,91973,347790,108773728,124594575,924065445,1048660020,686505618,1735165638,6.295769167716675,1.990822295306753,0.0637412741780281,3,28,24,1.125
33,0,2677,00:00:00.0510000,1,1,2,1002,1002,0,1002,4569,5571,1,1,0,0,1,1,0
33,1,3067,00:00:00.0620000,1,1,3,2002,2002,0,2002,9788,11790,1,1,0,0,1,1,0
33,2,3422,00:00:00.0820000,1,1,4,4006,4006,0,4006,19029,23035,1,1,0,0,1,1,0
33,3,3789,00:00:00.0870000,1,5,10,7988,8003,3,8006,38356,46362,1,1,0,0,1,1,0
33,4,4151,00:00:00.0930000,3,10,20,15559,15580,458,16038,75159,91197,1.0045632752747606,1.0091767712997748,0,1,3,2,1
33,5,4543,00:00:00.1120000,4,16,34,29249,29322,2683,32005,149949,181954,1.0115901398338405,1.023523748454537,0.00714845908805728,1,4,3,1
33,6,4980,00:00:00.1270000,6,30,65,53466,53675,10372,64047,301836,365883,1.0322073841319717,1.0672198905175934,0.023833854123950005,1,6,5,1
33,7,5464,00:00:00.1530000,9,65,130,94833,95395,32716,128111,600046,728157,1.0770512374384444,1.1709673892821197,0.049715008586645126,1,9,8,1
33,8,5985,00:00:00.2080000,13,120,272,166080,167631,88730,256361,1146815,1403176,1.1753432080924855,1.4484733721915353,0.1065959483385086,1,13,12,1
33,9,6531,00:00:00.3110000,15,218,518,286681,291250,221050,512300,2104290,2616590,1.343577007196152,2.127511558151203,0.20235927402973175,1,15,14,1
33,10,7102,00:00:00.5170000,21,362,969,493517,504574,520252,1024826,3741946,4766772,1.5712265230984952,3.431377628340058,0.31401994824409485,2,21,18,1.1111112
33,11,7703,00:00:00.9000000,30,634,1736,841689,865901,1183182,2049083,6537411,8586494,1.7960731339010014,4.262310519761676,0.3909699022769928,3,30,26,1.1153846
33,12,8365,00:00:01.6020000,36,1081,3114,1415438,1475734,2624054,4099788,11495938,15595726,1.9829847722047875,4.2115592000642215,0.4392574429512024,3,36,29,1.2068965
33,13,9097,00:00:02.9550000,47,1849,5676,2367245,2507622,5684488,8192110,20227203,28419313,2.247007808655209,5.18307022520342,0.4277842044830322,3,47,37,1.2432432
33,14,9875,00:00:05.6150000,50,3216,10326,4046491,4378709,12006581,16385290,34738268,51123558,2.8092280447429636,6.688830648826318,0.3732047975063324,3,50,40,1.225
33,15,10662,00:00:10.2900000,52,5512,18183,7198270,7793319,24980634,32773953,57280510,90054463,3.498668013286526,2.733318775169194,0.2590668797492981,4,53,41,1.2682927
33,16,11508,00:00:19.8000000,44,9362,32101,12481085,13490327,52054295,65544622,94789495,160334117,3.921997486596718,1.6575740413647233,0.13817572593688965,4,45,37,1.1891892
33,17,12485,00:00:45.1860000,36,16303,58642,20833637,22799399,108322654,131122053,162677051,293799104,4.191854403530214,1.8196020265517827,0.14761652052402496,4,37,30,1.2
33,18,13630,00:02:10.5190000,49,29333,110160,33933465,38537839,223624337,262162176,287437457,549599633,4.5080016143355826,3.8031745329883466,0.16547442972660065,4,50,40,1.225
33,19,14934,00:05:35.3800000,72,51656,205789,54432949,65647317,458822789,524470106,503374884,1027844990,4.942345214476622,13.125811935709914,0.2823777496814728,4,73,54,1.3333334
33,20,16434,00:13:15.9250000,94,93135,387071,87312033,113246193,935400790,1048646983,886323240,1934970223,5.542840011525101,28.994117567892953,0.6262301206588745,3,94,67,1.3880597
34,0,2888,00:00:00.0970000,1,1,3,1001,1001,0,1001,4434,5435,1,1,0,0,1,1,0
34,1,3215,00:00:00.1150000,1,1,3,2004,2004,0,2004,8528,10532,1,1,0,0,1,1,0
34,2,3546,00:00:00.1440000,1,1,3,4013,4013,0,4013,17276,21289,1,1,0,0,1,1,0
34,3,3934,00:00:00.1530000,1,6,11,7990,7998,6,8004,38071,46075,1,1,0,0,1,1,0
34,4,4305,00:00:00.1660000,4,12,22,15504,15529,478,16007,76542,92549,1.0040634674922602,1.0081709485794532,0,1,4,3,1
34,5,4695,00:00:00.1950000,5,21,47,29240,29323,2703,32026,151660,183686,1.0104309165526675,1.021149279685849,0.008188985288143158,1,5,4,1
34,6,5144,00:00:00.2210000,6,31,78,53394,53575,10512,64087,308949,373036,1.0251151814810653,1.0520010115815717,0.022418243810534477,1,6,5,1
34,7,5617,00:00:00.2610000,9,56,143,95087,95562,32485,128047,599672,727719,1.0552336281510617,1.1193081093025972,0.04278883337974548,1,9,8,1
34,8,6141,00:00:00.3370000,12,105,297,166005,167057,89146,256203,1151166,1407369,1.1257492244209513,1.3014893446807227,0.09278125315904617,1,12,11,1
34,9,6715,00:00:00.4980000,14,187,569,285574,288887,223469,512356,2162677,2675033,1.2726263595425353,1.8258560957679033,0.19254231452941895,1,14,13,1
34,10,7311,00:00:00.7930000,20,324,984,492193,500801,523418,1024219,3879694,4903913,1.503595134428974,3.2279068705431024,0.32003000378608704,1,20,19,1
34,11,7935,00:00:01.2520000,27,571,1741,841385,861566,1188205,2049771,6790808,8840579,1.744913446282023,5.011512584303704,0.45294779539108276,2,27,23,1.1304348
34,12,8611,00:00:02.0900000,32,994,3153,1417701,1466472,2630646,4097118,11869698,15966816,1.9314876691206397,5.336633987002826,0.544177234172821,2,32,27,1.1481482
34,13,9374,00:00:03.8600000,39,1825,5831,2344485,2473285,5720717,8194002,21041419,29235421,2.098573034163153,5.770588977293907,0.5826908349990845,2,39,32,1.1875
34,14,10234,00:00:07.5070000,52,3216,10764,3848167,4185737,12203343,16389080,37466914,53855994,2.3540441462129893,8.579877040830395,0.5743749737739563,2,52,41,1.2439024
34,15,11175,00:00:14.6650000,77,5676,19665,6393385,7174231,25610088,32784319,65664682,98449001,2.7455643606634044,13.66128426140116,0.5937997102737427,3,78,56,1.375
34,16,12204,00:00:28.7890000,96,10024,35878,10682234,12339752,53237708,65577460,113750610,179328070,3.1777833176094066,16.387262536357014,0.5706021189689636,4,97,70,1.3714286
34,17,13324,00:01:05.8010000,95,17569,65553,18232559,21511741,109581999,131093740,194633902,325727642,3.809165734771515,21.959746656515087,0.5238344669342041,4,96,70,1.3571428
34,18,14520,00:02:56.6990000,79,30330,118317,32736185,38349879,223922751,262272630,326388843,588661473,4.622378019918937,12.970501896882023,0.40777432918548584,5,80,55,1.4363636
34,19,15785,00:06:50.3880000,56,52553,212700,58731199,67995589,456524626,524520215,533261159,1057781374,5.380066938527851,6.562033828209483,0.27244889736175537,6,57,39,1.4358975
34,20,17196,00:14:59.3570000,44,91237,387232,103117840,119163654,929650252,1048813906,884823525,1933637431,6.0468455506825975,4.496034197550749,0.20728348195552826,5,45,34,1.2941177
35,0,2248,00:00:00.0780000,1,1,1,1003,1003,0,1003,4700,5703,1,1,0,0,1,1,0
35,1,2579,00:00:00.0960000,1,2,3,2003,2004,0,2004,8990,10994,1,1,0,0,1,1,0
35,2,2981,00:00:00.1300000,1,1,5,4011,4011,0,4011,19484,23495,1,1,0,0,1,1,0
35,3,3343,00:00:00.1390000,1,3,10,8002,8013,5,8018,39009,47027,1,1,0,0,1,1,0
35,4,3720,00:00:00.1510000,3,7,20,15538,15554,464,16018,77411,93429,1.0060496846440983,1.0121846714727196,0,1,3,2,1
35,5,4115,00:00:00.1810000,3,16,39,29271,29351,2678,32029,153354,185383,1.0165009736599364,1.0336653994807616,0.012548440136015415,1,3,2,1
35,6,4542,00:00:00.2050000,6,30,72,53456,53619,10504,64123,303227,367350,1.0369275665968274,1.0774216679579396,0.022621741518378258,1,6,5,1
35,7,5014,00:00:00.2470000,8,54,141,94953,95462,32583,128045,593168,721213,1.0823670658115068,1.1834748678384426,0.04952692985534668,1,8,7,1
35,8,5525,00:00:00.3190000,11,97,260,166477,167664,88376,256040,1128916,1384956,1.1912516443712946,1.4799980175206868,0.11063644289970398,2,11,8,1.25
35,9,6066,00:00:00.4480000,14,189,504,288533,292316,220109,512425,2072440,2584865,1.387598645562206,2.2149213635690534,0.19186462461948395,2,14,11,1.1818181
35,10,6614,00:00:00.7220000,20,340,926,499133,508104,516467,1024571,3632678,4657249,1.6758379029236696,3.627676803254942,0.2777906358242035,2,20,16,1.1875
35,11,7173,00:00:01.1290000,25,571,1621,862355,883339,1165654,2048993,6196497,8245490,2.0076244702007875,4.789022714869806,0.30024006962776184,2,25,21,1.1428572
35,12,7756,00:00:01.8280000,26,1020,2857,1477414,1529669,2567434,4097103,10450707,14547810,2.3328234333775097,4.902468080406338,0.3124367296695709,3,26,20,1.25
35,13,8388,00:00:03.2060000,29,1785,5200,2513422,2629246,5566936,8196182,17764126,25960308,2.6251823211541874,3.9258824146733393,0.3097420930862427,3,29,20,1.4
35,14,9100,00:00:06.0150000,42,3008,9410,4235498,4455296,11928893,16384189,30840207,47224396,2.8695943192512425,3.0324210851419275,0.28584304451942444,3,42,32,1.28125
35,15,9922,00:00:14.0720000,52,5287,17494,7009801,7506581,25261941,32768522,54772080,87540602,3.079478290467875,2.9902670973650984,0.28658023476600647,4,53,41,1.2682927
35,16,10875,00:00:34.2260000,67,9433,32760,11501116,12691519,52882961,65574480,98479045,164053525,3.3742540289133682,4.778358525724583,0.33250653743743896,4,68,56,1.1964285
35,17,11953,00:01:26.1430000,80,16858,61386,18899918,21793132,109350840,131143972,175564302,306708274,3.8355763765747555,13.477101328222071,0.517479419708252,3,81,65,1.2307693
35,18,13157,00:03:22.7390000,91,29844,114049,31372317,37687559,224486235,262173794,308763973,570937767,4.372721020254896,16.36789586168808,0.5691519379615784,4,92,70,1.3
35,19,14498,00:07:21.1890000,99,52373,210933,51951575,64787450,459519928,524307378,533494910,1057802288,4.871220439418824,9.215713270246239,0.524624228477478,4,100,74,1.3378378
35,20,16027,00:16:13.5010000,96,93173,394285,83153577,111513474,937182332,1048695806,926663841,1975359647,5.418172690274045,12.132487276683861,0.4551270306110382,4,97,70,1.3714286
36,0,2814,00:00:00.0380000,1,1,2,1002,1002,0,1002,4909,5911,1,1,0,0,1,1,0
36,1,3158,00:00:00.0490000,1,2,3,2005,2007,0,2007,9287,11294,1,1,0,0,1,1,0
36,2,3550,00:00:00.0700000,1,4,6,3999,4008,0,4008,19632,23640,1,1,0,0,1,1,0
36,3,3887,00:00:00.0750000,3,8,11,7989,8006,4,8010,37247,45257,1.0061334334710226,1.0123571364933754,0,1,3,2,1
36,4,4249,00:00:00.0920000,5,11,19,15533,15555,449,16004,74086,90090,1.015515354406747,1.031699950844809,0.012154358439147472,1,5,4,1
36,5,4616,00:00:00.1010000,6,26,42,29316,29383,2647,32030,144096,176126,1.028960294719607,1.06027145351049,0.024817796424031258,1,6,5,1
36,6,5029,00:00:00.1190000,8,46,97,53439,53759,10335,64094,288227,352321,1.058290761428919,1.1265339200100424,0.04745035991072655,1,8,7,1
36,7,5491,00:00:00.1530000,10,76,171,94797,95832,32291,128123,570839,698962,1.125626338386236,1.296230193215761,0.09586645662784576,2,10,8,1.125
36,8,5975,00:00:00.2120000,16,121,309,166634,168568,87504,256072,1076113,1332185,1.2470264171777667,1.6985010863630303,0.16268199682235718,2,16,14,1.0714285
36,9,6481,00:00:00.3110000,21,204,549,290452,294701,217554,512255,1951394,2463649,1.4674645036012834,2.8332698427264766,0.26740753650665283,2,21,18,1.1111112
36,10,7004,00:00:00.5000000,27,342,960,502946,512661,512614,1025275,3432289,4457564,1.7528323120175924,5.299390087841289,0.35946640372276306,2,27,23,1.1304348
36,11,7542,00:00:00.8370000,31,607,1687,868349,890843,1159458,2050301,5885259,7935560,2.0587033554480976,7.52850119651909,0.41278061270713806,2,31,26,1.1538461
36,12,8116,00:00:01.4330000,35,982,2935,1485789,1533338,2564748,4098086,10065846,14163932,2.36430812181272,6.586505516623774,0.38395243883132935,3,35,28,1.2142857
36,13,8744,00:00:02.4730000,39,1768,5218,2532700,2630990,5566931,8197921,17328385,25526306,2.6472622102894143,4.305498596093095,0.34523797035217285,3,39,31,1.2258065
36,14,9452,00:00:04.6480000,41,3016,9472,4254049,4465623,11923460,16389083,30316883,46705966,2.8901235035139465,3.1046449752577243,0.32792919874191284,4,41,31,1.2903225
36,15,10269,00:00:09.1680000,43,5300,17451,7032340,7543315,25241029,32784344,54058063,86842407,3.131353432854498,3.1262013440221823,0.32209473848342896,4,44,32,1.34375
36,16,11193,00:00:19.2250000,58,9346,32411,11782994,12957282,52593465,65550747,96044271,161595018,3.5862502348723932,5.508778674169738,0.29492485523223877,5,59,43,1.3488373
36,17,12192,00:00:44.7040000,54,16826,59396,20373214,22975110,108170602,131145712,165725669,296871381,4.354030149587591,5.2200055628562225,0.3035676181316376,5,55,40,1.35
36,18,13261,00:02:02.7290000,46,29419,108291,36056436,40469520,221797528,262267048,278147433,540414481,5.0315127096865595,3.0723345496639527,0.1586301624774933,5,47,33,1.3939394
36,19,14454,00:05:02.8790000,44,51108,198695,62719307,70414822,454106947,524521769,469231883,993753652,5.627949380882031,3.8845605753097328,0.12618763744831085,5,45,35,1.2571429
36,20,15808,00:11:34.2410000,41,90986,369914,107888001,123141268,925895704,1049036972,800878791,1849915763,6.319716870090122,4.095190015053116,0.1468309462070465,5,42,34,1.2058823
37,0,3475,00:00:00.0430000,2,2,3,1001,1001,0,1001,4279,5280,1.001998001998002,1.0040039986189238,0,1,2,1,1
37,1,3858,00:00:00.0550000,2,2,3,2003,2003,0,2003,9218,11221,1.0114827758362457,1.0232291874959352,0,1,2,1,1
37,2,4210,00:00:00.0760000,2,4,9,4014,4016,0,4016,18579,22595,1.0174389636273045,1.0354857465008236,0,1,2,1,1
37,3,4548,00:00:00.0800000,2,5,14,8002,8007,4,8011,36281,44292,1.03424143964009,1.0708219397282734,0,1,2,1,1
37,4,4893,00:00:00.0860000,2,5,17,15523,15561,449,16010,71712,87722,1.061908136313857,1.1314150049079463,0,1,2,1,1
37,5,5263,00:00:00.0920000,5,14,33,29345,29358,2655,32013,142639,174652,1.1216902368376214,1.274379102945357,0.023264624178409576,1,5,4,1
37,6,5636,00:00:00.1120000,5,21,63,53951,54032,10020,64052,270725,334777,1.2123593631257994,1.5121795858346485,0.03681575134396553,1,5,4,1
37,7,6030,00:00:00.1290000,5,45,121,96813,97103,30907,128010,506455,634465,1.34000599093097,1.8528255633425352,0.06228522211313248,1,5,4,1
37,8,6443,00:00:00.1630000,5,98,238,170449,171763,84409,256172,927464,1183636,1.503663852530669,2.0979860012105784,0.08707769960165024,1,5,4,1
37,9,6884,00:00:00.2320000,8,159,435,296666,300074,212079,512153,1678439,2190592,1.6766666891386273,1.948045664172053,0.10384473204612732,2,8,6,1.1666666
37,10,7365,00:00:00.3640000,13,280,784,509670,517770,506544,1024314,3027582,4051896,1.8316126120823277,1.6290549024551173,0.11436735838651657,2,13,11,1.0909091
37,11,7902,00:00:00.6610000,20,567,1524,867373,885838,1162932,2048770,5483408,7532178,1.9606074895114327,1.4574382532622,0.12697048485279083,2,20,17,1.117647
37,12,8519,00:00:01.2530000,28,956,2808,1451956,1497521,2598876,4096397,10049611,14146008,2.090351222764326,1.541218893189947,0.12536658346652985,3,28,24,1.125
37,13,9225,00:00:02.4310000,39,1713,5281,2411949,2529167,5666551,8195718,18414128,26609846,2.2926906829290337,2.209617348271964,0.1514013409614563,3,39,32,1.1875
37,14,10010,00:00:04.8760000,60,3060,9774,4074326,4323344,12063712,16387056,33123110,49510166,2.6396454284708684,5.35127916865482,0.24246883392333984,3,60,47,1.2553191
37,15,10865,00:00:09.8170000,67,5562,18151,6869742,7455956,25327289,32783245,58194681,90977926,3.066743554561438,14.756488053407931,0.33834049105644226,3,68,55,1.2181818
37,16,11804,00:00:20.2900000,70,9542,33082,11592839,12836498,52726530,65563028,101065379,166628407,3.506538044736065,13.87394769594471,0.3860425651073456,4,71,52,1.3461539
37,17,12860,00:00:49.8010000,70,16823,61195,19384080,21943117,109181612,131124729,176173223,307297952,3.8875085637285856,8.894824961441604,0.39262503385543823,5,71,47,1.4893616
37,18,14066,00:02:23.1850000,66,29744,114308,31373426,37558062,224622784,262180846,309706021,571886867,4.328313394909437,10.110651660310234,0.575690507888794,4,67,45,1.4666667
37,19,15392,00:05:55.0290000,76,52634,210821,53481043,66207910,458308737,524516647,530713195,1055229842,5.138262991617422,10.439325106755025,0.46835532784461975,4,77,52,1.4615384
37,20,16834,00:13:17.8060000,73,92052,388051,97168849,117583653,931096798,1048680451,892848641,1941529092,5.9626741487902155,4.953939605453198,0.33033910393714905,5,74,54,1.3518518
38,0,5425,00:00:00.0600000,1,1,3,1008,1008,0,1008,4906,5914,1,1,0,0,1,1,0
38,1,5761,00:00:00.0710000,1,1,3,2004,2004,0,2004,9151,11155,1,1,0,0,1,1,0
38,2,6163,00:00:00.0930000,1,3,11,4006,4008,0,4008,19821,23829,1,1,0,0,1,1,0
38,3,6496,00:00:00.0970000,2,5,16,8001,8016,6,8022,37063,45085,1.0013748281464816,1.0027534618673104,0,1,2,1,1
38,4,6875,00:00:00.1050000,2,6,22,15510,15547,459,16006,75568,91574,1.0040618955512572,1.0081567519125278,0,1,2,1,1
38,5,7271,00:00:00.1140000,4,14,41,29353,29423,2694,32117,151999,184116,1.012264504479951,1.024910874411907,0.00892583467066288,1,4,3,1
38,6,7689,00:00:00.1370000,7,27,71,53556,53740,10326,64066,298014,362080,1.0245724101874674,1.0507817808887632,0.0184328556060791,1,7,6,1
38,7,8170,00:00:00.1620000,8,53,135,95055,95540,32520,128060,592661,720721,1.0521382357582452,1.1117512912648806,0.03593083843588829,1,8,7,1
38,8,8692,00:00:00.2080000,12,90,249,166087,167244,88852,256096,1141844,1397940,1.1273910661279931,1.3044628389576844,0.08620180189609528,1,12,11,1
38,9,9265,00:00:00.3070000,15,193,525,286166,289453,222818,512271,2151911,2664182,1.2738445517636616,1.819179838790234,0.17687064409255981,1,15,14,1
38,10,9867,00:00:00.5250000,20,351,995,491320,499994,524269,1024263,3889570,4913833,1.5050516974680452,3.1248608215300275,0.3021409511566162,1,20,19,1
38,11,10492,00:00:00.9250000,24,592,1829,835634,861597,1187813,2049410,6806160,8855570,1.7364922920800254,4.4387998581364325,0.4279400408267975,2,24,22,1.0454545
38,12,11170,00:00:01.6420000,35,1042,3206,1406603,1466572,2632677,4099249,11906443,16005692,1.9196304856452033,4.411461265950912,0.4983375072479248,2,35,31,1.0967742
38,13,11933,00:00:03.0680000,55,1836,5824,2334441,2467183,5725318,8192501,21085294,29277795,2.085764429257368,4.75284415145869,0.48764172196388245,3,55,47,1.1489362
38,14,12796,00:00:06.1280000,72,3219,10772,3844229,4182091,12213366,16395457,37585983,53981440,2.350256449342638,7.765866365389564,0.4926193356513977,3,72,59,1.2033899
38,15,13733,00:00:12.0100000,92,5779,19694,6397671,7203713,25581070,32784783,65630533,98415316,2.7865893697878494,20.23157657217548,0.5209068655967712,3,93,73,1.2602739
38,16,14739,00:00:25.3890000,108,9976,35508,10863374,12487773,53069565,65557338,112347008,177904346,3.2932229894690175,18.921040882457607,0.5067952871322632,4,109,82,1.3170732
38,17,15839,00:01:24.4760000,100,17193,64152,18190090,21602430,109540697,131143127,191421001,322564128,3.789266078397633,8.23024236836568,0.4237159192562103,5,101,71,1.4084507
38,18,17054,00:03:29.3330000,99,30229,117391,31385250,37745333,224439605,262184938,326106502,588291440,4.46659172700552,9.208870073415683,0.42796680331230164,5,100,72,1.375
38,19,18312,00:07:19.5270000,71,52728,210616,60185622,69996393,454484515,524480908,531051289,1055532197,5.787832166958414,8.46359248432588,0.24122869968414307,5,72,52,1.3653846
38,20,19622,00:14:23.8180000,33,90754,378119,115106756,127383675,921320075,1048703750,847066829,1895770579,6.693358059712846,3.8974908174455827,0.210396870970726,5,34,22,1.5
3,0,2290,00:00:00.0470000,1,1,1,1004,1004,0,1004,4390,5394,1,1,0,0,1,1,0
3,1,2659,00:00:00.0590000,1,1,2,2001,2001,0,2001,9212,11213,1,1,0,0,1,1,0
3,2,2975,00:00:00.0790000,2,3,4,4000,4003,0,4003,17491,21494,1.00125,1.002503182425676,0,1,2,1,1
3,3,3363,00:00:00.0860000,4,8,12,8003,8009,4,8013,37935,45948,1.005622891415719,1.0113296199347706,0,1,4,3,1
3,4,3708,00:00:00.1010000,5,8,18,15561,15564,457,16021,73234,89255,1.0098322729901676,1.0199250018463992,0.005817398428916931,1,5,4,1
3,5,4090,00:00:00.1090000,5,17,35,29262,29312,2697,32009,146878,178887,1.0170186590116874,1.0348404176949886,0.015369132161140442,1,5,4,1
3,6,4521,00:00:00.1250000,7,40,80,53364,53618,10434,64052,297861,361913,1.0426879544262049,1.0906418307221086,0.036239251494407654,1,7,6,1
3,7,4992,00:00:00.1550000,11,64,151,95154,95741,32296,128037,586059,714096,1.0873426235365828,1.1982050159121027,0.06666591018438339,1,11,10,1
3,8,5505,00:00:00.2100000,15,102,284,166116,167652,88560,256212,1124726,1380938,1.1926364708998531,1.5100901525900783,0.1369139701128006,2,15,13,1.0769231
3,9,6041,00:00:00.3120000,21,195,523,288054,291997,220313,512310,2059580,2571890,1.3952661653717706,2.4096272252837876,0.25380873680114746,2,21,16,1.25
3,10,6588,00:00:00.5090000,26,366,959,497930,507905,516915,1024820,3619313,4644133,1.6735725905247725,4.679162858410237,0.37646210193634033,2,26,21,1.1904762
3,11,7149,00:00:00.8570000,33,620,1714,861541,883368,1165830,2049198,6194390,8243588,1.9856257566383957,8.005695260661165,0.4294588267803192,2,33,27,1.1851852
3,12,7738,00:00:01.4780000,38,979,2944,1474522,1526029,2572318,4098347,10499338,14597685,2.3008120597725905,9.686790975345799,0.4441174566745758,3,38,29,1.2758621
3,13,8377,00:00:02.5640000,42,1734,5227,2498303,2620011,5580080,8200091,17913709,26113800,2.607192562311297,8.41791556819478,0.43162989616394043,3,42,32,1.28125
3,14,9087,00:00:04.8130000,50,3135,9586,4229606,4470442,11920476,16390918,30943613,47334531,2.890475141183363,6.763664679635214,0.42252203822135925,3,50,37,1.3243244
3,15,9897,00:00:09.6170000,54,5435,17501,7004898,7573865,25194535,32768400,54421334,87189734,3.160623894880411,7.1113115050716535,0.43851611018180847,3,55,42,1.2857143
3,16,10824,00:00:31.1180000,65,9614,32490,11565447,12870690,52693421,65564111,96616698,162180809,3.488859185468577,11.045734842221945,0.5178899168968201,4,66,50,1.3
3,17,11879,00:01:24.4420000,80,16828,60664,18975121,21950765,109171211,131121976,171636418,302758394,3.8684872154438437,15.607154689547396,0.5713614225387573,3,81,62,1.2903225
3,18,13087,00:03:18.5530000,99,30087,113679,30830282,37432788,224727639,262160427,305499570,567659997,4.281049813297199,20.680712224256094,0.6178469657897949,3,100,75,1.32
3,19,14451,00:07:16.9270000,121,53040,212124,50567725,64289108,460121303,524410411,535808433,1060218844,4.816246034402378,32.49968428412027,0.6253665089607239,4,122,93,1.3010752
3,20,15966,00:15:34.6330000,109,94030,394542,86310438,113912017,934889968,1048801985,923333553,1972135538,5.7415025631083,12.621180686835851,0.6559191942214966,4,110,85,1.2823529
39,0,1850,00:00:00.0260000,1,1,1,1001,1001,0,1001,4289,5290,1,1,0,0,1,1,0
39,1,2221,00:00:00.0380000,2,3,4,2006,2007,0,2007,8963,10970,1.0044865403788634,1.0090133786509052,0,1,2,1,1
39,2,2558,00:00:00.0600000,2,4,7,4010,4012,0,4012,17802,21814,1.013216957605985,1.0267831965003287,0,1,2,1,1
39,3,2925,00:00:00.0650000,2,5,10,7994,8003,4,8007,36800,44807,1.0295221416062046,1.0607841286694175,0,1,2,1,1
39,4,3300,00:00:00.0700000,2,8,16,15549,15575,461,16036,75320,91356,1.0484275516110362,1.1015212568524855,0,1,2,1,1
39,5,3689,00:00:00.0780000,3,13,29,29287,29333,2683,32016,149736,181752,1.0947519377198074,1.2073873027235875,0.009005177766084671,1,3,2,1
39,6,4068,00:00:00.0980000,4,24,53,53855,53997,10077,64074,280077,344151,1.1623618976882368,1.3757135626497814,0.017338333651423454,1,4,3,1
39,7,4477,00:00:00.1160000,5,54,116,96427,96737,31352,128089,526598,654687,1.2814875501674843,1.6889813956428126,0.026208873838186264,1,5,4,1
39,8,4909,00:00:00.1530000,7,90,235,170660,171443,84980,256423,968622,1225045,1.4427516699871088,2.0185342986893087,0.0433187298476696,1,7,6,1
39,9,5364,00:00:00.2240000,7,166,453,295896,298627,213716,512343,1746967,2259310,1.6213365506799686,1.9729344156702355,0.0624123252928257,1,7,6,1
39,10,5856,00:00:00.3600000,10,286,821,508668,516157,508708,1024865,3129494,4154359,1.7841263849898166,1.6152803188837541,0.07445376366376877,2,10,8,1.125
39,11,6407,00:00:00.6750000,18,561,1603,863074,879467,1169965,2049432,5659570,7709002,1.912756032507062,1.3581244139229804,0.08824387937784195,2,18,14,1.2142857
39,12,7044,00:00:01.3230000,28,964,2944,1447306,1484774,2613369,4098143,10404600,14502743,2.019926677565076,1.3087898554482684,0.10524170100688934,2,28,24,1.125
39,13,7781,00:00:02.5670000,37,1682,5397,2383704,2491285,5703218,8194503,19222009,27416512,2.1607028389430902,1.57907384988053,0.13893993198871613,3,37,31,1.1612903
39,14,8616,00:00:05.3700000,52,3151,10209,3915083,4231785,12159193,16390978,35069095,51460073,2.440714283707395,3.007935730519072,0.2261337786912918,3,52,44,1.1590909
39,15,9520,00:00:13.2300000,76,5530,18860,6612515,7308242,25476479,32784721,61906069,94690790,2.914807603461013,11.184163264908355,0.34454911947250366,3,77,61,1.2459016
39,16,10490,00:00:39.7400000,75,9645,34144,11175062,12692906,52869542,65562448,106528246,172090694,3.433486364549924,16.5111393163349,0.415766179561615,4,76,58,1.2931035
39,17,11554,00:01:36.4010000,71,16926,62402,19048249,21958376,109169476,131127852,182307479,313435331,3.9349130725874066,9.85237130373541,0.3457978069782257,4,72,49,1.4489796
39,18,12743,00:03:32.0100000,78,30014,114937,32777229,38054320,224230732,262285052,313283005,575568057,4.482106434317556,9.654127312961519,0.5048715472221375,4,79,53,1.4716982
39,19,14042,00:07:22.9370000,68,52460,209635,56249743,66648971,457662037,524311008,528080751,1052391759,5.167066754420549,7.801007551129541,0.4960263967514038,4,69,51,1.3333334
39,20,15490,00:15:22.0660000,67,91785,387319,96903361,116702349,932005271,1048707620,892492724,1941200344,5.84228982522082,5.15802030845911,0.404498815536499,3,68,54,1.2407408
40,0,2401,00:00:00.0350000,1,1,1,1003,1003,0,1003,4888,5891,1,1,0,0,1,1,0
40,1,2756,00:00:00.0460000,1,1,1,2001,2001,0,2001,9480,11481,1,1,0,0,1,1,0
40,2,3055,00:00:00.0680000,1,2,6,4012,4015,0,4015,17284,21299,1,1,0,0,1,1,0
40,3,3411,00:00:00.0730000,1,6,11,8000,8009,4,8013,35888,43901,1,1,0,0,1,1,0
40,4,3781,00:00:00.0790000,3,7,18,15549,15566,467,16033,74051,90084,1.003601517782494,1.007234663885499,0,1,3,2,1
40,5,4172,00:00:00.0980000,4,18,39,29335,29368,2667,32035,148425,180460,1.0061019260269304,1.0123025321947061,0.005327241495251656,1,4,3,1
40,6,4589,00:00:00.1130000,4,28,70,53499,53622,10400,64022,294305,358327,1.0098693433522121,1.0199967791701219,0.0089233024045825,1,4,3,1
40,7,5086,00:00:00.1410000,5,54,152,94589,95166,32931,128097,600504,728601,1.0255103658987832,1.0528016235884632,0.021859994158148766,1,5,4,1
40,8,5637,00:00:00.1970000,9,107,290,164430,166121,90025,256146,1183706,1439852,1.064708386547467,1.141660486633458,0.04739478975534439,1,9,8,1
40,9,6250,00:00:00.3250000,18,228,608,283329,287169,225254,512423,2271425,2783848,1.1722061631530836,1.4449240365544849,0.11314312368631363,1,18,17,1
40,10,6898,00:00:00.5870000,27,362,1077,484342,494021,530306,1024327,4159768,5184095,1.3819449892844313,2.3825100523635645,0.2350115031003952,2,27,24,1.0833334
40,11,7556,00:00:01.0200000,36,602,1894,830683,855211,1194284,2049495,7249466,9298961,1.6834677006752274,4.861299087276468,0.38526538014411926,2,36,31,1.1290323
40,12,8236,00:00:01.7700000,43,1089,3347,1415854,1472695,2624609,4097304,12348122,16445426,1.9920698038074547,7.374875778677908,0.48165345191955566,3,43,37,1.1351352
40,13,8957,00:00:03.1590000,50,1806,5815,2401499,2526317,5671999,8198316,20911173,29109489,2.3203474163428757,9.598574038308124,0.5018413662910461,3,50,42,1.1666666
40,14,9729,00:00:05.9340000,55,3195,10419,4097783,4365129,12028317,16393446,35313528,51706974,2.735266362323237,11.058201743534392,0.47314316034317017,3,55,44,1.2272727
40,15,10558,00:00:12.4210000,53,5405,18383,6993637,7566522,25225309,32791831,59434645,92226476,3.208792363687163,7.016876584040648,0.38153278827667236,3,54,40,1.325
40,16,11465,00:00:32.7910000,51,9648,33329,11913103,13047284,52512953,65560237,100464969,166025206,3.6421754265030697,3.3782015869023723,0.30738651752471924,4,52,38,1.3421053
40,17,12490,00:01:26.9090000,49,16897,61017,19851678,22283379,108806682,131090061,172722877,303812938,4.011109589829132,2.4164472755386766,0.24986228346824646,3,50,40,1.225
40,18,13667,00:03:23.5020000,65,29740,113290,32912237,38048334,224108781,262157115,302065450,564222565,4.4276604473892185,3.602670625546922,0.253024160861969,4,66,53,1.226415
40,19,14982,00:07:21.1770000,74,52678,209791,54490252,66008889,458457015,524465904,520502845,1044968749,5.0682171189078,8.112399410492866,0.4114113748073578,3,75,61,1.2131147
40,20,16423,00:15:20.9370000,72,92861,386962,98346897,118825791,929919921,1048745712,881849880,1930595592,6.107838837050446,6.25835449085181,0.3571196496486664,4,73,57,1.2631578
41,0,2319,00:00:00.0340000,1,1,3,1002,1002,0,1002,3929,4931,1,1,0,0,1,1,0
41,1,2682,00:00:00.0450000,1,1,3,2005,2005,0,2005,8596,10601,1,1,0,0,1,1,0
41,2,3008,00:00:00.0660000,1,2,5,4000,4001,0,4001,17285,21286,1,1,0,0,1,1,0
41,3,3396,00:00:00.0700000,1,4,7,8004,8012,5,8017,37763,45780,1,1,0,0,1,1,0
41,4,3767,00:00:00.0760000,1,9,16,15506,15535,469,16004,75587,91591,1,1,0,0,1,1,0
41,5,4154,00:00:00.0840000,3,15,29,29257,29350,2695,32045,149813,181858,1.0025634890795365,1.0051433155885332,0,1,3,2,1
41,6,4581,00:00:00.1070000,6,22,58,53446,53524,10551,64075,299117,363192,1.012199229128466,1.0248162459767163,0.010188233107328415,1,6,5,1
41,7,5080,00:00:00.1330000,8,53,141,94849,95158,33003,128161,607881,736042,1.0334531729380383,1.0701650653303254,0.029697924852371216,1,8,7,1
41,8,5631,00:00:00.1930000,9,111,300,165128,166551,89681,256232,1189840,1446072,1.0868538346010368,1.1971002173789975,0.07356420159339905,1,9,8,1
41,9,6228,00:00:00.3200000,15,195,576,284600,288261,224116,512377,2245353,2757730,1.205432185523542,1.5643314281680432,0.14987018704414368,1,15,14,1
41,10,6861,00:00:00.5650000,24,352,1033,487344,496677,528014,1024691,4083903,5108594,1.429220427459864,2.7516146977116067,0.28591811656951904,2,24,20,1.15
41,11,7508,00:00:00.9740000,29,647,1884,829234,856771,1193036,2049807,7116221,9166028,1.7069403811228194,5.579406013908205,0.44138509035110474,2,29,25,1.12
41,12,8188,00:00:01.7270000,41,1061,3311,1407226,1467435,2629601,4097036,12224177,16321213,1.9579243135075675,7.905521433886356,0.5417322516441345,2,41,33,1.2121212
41,13,8928,00:00:03.1160000,50,1832,5845,2356748,2501910,5695389,8197299,21061763,29259062,2.2119700536501994,9.776661233720741,0.5542872548103333,3,50,38,1.2894737
41,14,9737,00:00:05.9400000,67,3218,10512,3973770,4282793,12114730,16397523,36322451,52719974,2.5602677054786764,12.712804493278991,0.5535669922828674,3,67,48,1.375
41,15,10618,00:00:11.4600000,77,5608,18920,6702338,7364943,25422688,32787631,62349001,95136632,2.9651660360906895,12.657082988264195,0.5663008093833923,4,78,56,1.375
41,16,11582,00:00:34.5430000,80,9815,34511,11225894,12714325,52858293,65572618,106647116,172219734,3.4202450156753663,14.90279955023653,0.4707892835140228,4,81,60,1.3333334
41,17,12640,00:01:34.1180000,82,17108,62796,19040135,22083791,109035580,131119371,181853751,312973122,3.9814819590302273,17.37208268953488,0.4352273941040039,4,83,55,1.4909091
41,18,13807,00:03:31.5220000,82,29825,114323,32927417,38529565,223657321,262186886,309584723,571771609,4.59671677253032,18.335782549782923,0.42566245794296265,4,83,58,1.4137931
41,19,15086,00:07:23.4380000,89,52007,208670,57142452,66950215,457377103,524327318,519734527,1044061845,5.187563792327287,11.702487959898695,0.41506388783454895,4,90,65,1.3692307
41,20,16541,00:15:22.8650000,81,91572,387207,96057210,115898626,933070073,1048968699,886836479,1935805178,5.76655789815257,5.3956117930534155,0.3462972640991211,4,82,61,1.3278688
42,0,2936,00:00:00.0530000,2,3,4,1005,1006,0,1006,4696,5702,1.0069651741293533,1.0140273379113205,0,1,2,1,1
42,1,3321,00:00:00.0660000,3,4,6,2010,2012,0,2012,9753,11765,1.018407960199005,1.0375474629670274,0,1,3,2,1
42,2,3644,00:00:00.0950000,3,3,8,4008,4008,0,4008,18327,22335,1.029690618762475,1.0612798220996693,0.009746010415256023,1,3,2,1
42,3,4003,00:00:00.1000000,3,3,11,8004,8004,4,8008,37147,45155,1.052223888055972,1.1101167613581249,0.01177296694368124,1,3,2,1
42,4,4358,00:00:00.1060000,3,8,21,15585,15592,436,16028,73220,89248,1.1043310875842156,1.2320694046548393,0.039022237062454224,1,3,2,1
42,5,4698,00:00:00.1130000,3,19,41,29429,29483,2566,32049,138211,170260,1.1782255598219444,1.4240439747947555,0.07368038594722748,1,3,2,1
42,6,5050,00:00:00.1260000,4,34,77,53926,54208,9843,64051,258416,322467,1.2890813336794866,1.7392468049182213,0.13281619548797607,2,4,2,1.5
42,7,5421,00:00:00.1480000,6,68,139,96825,97529,30580,128109,480284,608393,1.4397727859540408,2.124113594863563,0.19469282031059265,2,6,4,1.25
42,8,5808,00:00:00.1850000,10,109,246,171685,173109,83009,256118,871816,1127934,1.61811457028861,2.3282840779455274,0.1865711510181427,2,10,7,1.2857143
42,9,6216,00:00:00.2510000,12,169,416,300075,303744,208782,512526,1558455,2070981,1.799466799966675,2.2044183301317166,0.16840901970863342,2,12,9,1.2222222
42,10,6664,00:00:00.3720000,17,295,748,517802,525594,498681,1024275,2800261,3824536,1.9770665234973985,2.1119757687276577,0.21022716164588928,2,17,14,1.1428572
42,11,7163,00:00:00.6380000,21,558,1402,885175,903014,1146187,2049201,5049090,7098291,2.1723241167000875,2.373731779692361,0.2279147356748581,3,21,17,1.1764706
42,12,7718,00:00:01.1440000,26,982,2616,1502121,1543641,2554392,4098033,9067500,13165533,2.3980658016231713,3.3782743377314026,0.2525655925273895,3,26,21,1.1904762
42,13,8338,00:00:02.1020000,31,1710,4835,2539031,2639440,5555939,8195379,16220922,24416301,2.660701661381842,5.579840265004695,0.33713075518608093,3,31,24,1.25
42,14,9038,00:00:04.1590000,39,3097,9059,4269184,4493532,11891337,16384869,29024208,45409077,2.9459824172488234,7.660945018542535,0.46827349066734314,4,40,29,1.3448275
42,15,9833,00:00:08.6730000,47,5350,16825,7147221,7644710,25126963,32771673,51945378,84717051,3.252826937910553,8.15591991385315,0.43589136004447937,4,48,31,1.516129
42,16,10734,00:00:26.0250000,52,9321,31456,11903403,13071142,52491948,65563090,92624557,158187647,3.6325172725816306,6.408283181704713,0.375333696603775,4,53,35,1.4857143
42,17,11750,00:01:17.6660000,65,16717,58816,20013647,22461024,108619085,131080109,164015720,295095829,4.095165613743462,5.231370019460704,0.2912791073322296,5,66,46,1.4130435
42,18,12897,00:03:05.5890000,66,29410,109905,33636849,38772462,223517933,262290395,288737414,551027809,4.621106156524947,5.764012831806975,0.3259181082248688,4,67,50,1.32
42,19,14169,00:06:45.8680000,65,52043,203980,56632850,67135484,457392545,524528029,497352585,1021880614,5.203922635007774,6.6138868804038085,0.395517498254776,4,66,53,1.226415
42,20,15613,00:14:26.7270000,76,92274,381534,97388468,116818672,931872706,1048691378,860567492,1909258870,5.857561174491419,11.013725922033894,0.3643399477005005,4,77,61,1.2459016
43,0,3884,00:00:00.0490000,1,1,4,1001,1001,0,1001,4933,5934,1,1,0,0,1,1,0
43,1,4247,00:00:00.0610000,1,3,8,2006,2008,0,2008,9701,11709,1,1,0,0,1,1,0
43,2,4653,00:00:00.0830000,4,7,17,4010,4014,0,4014,20243,24257,1.0052369077306733,1.0105469850575015,0,1,4,3,1
43,3,5009,00:00:00.0990000,5,8,24,7999,8003,2,8005,38845,46850,1.008126015751969,1.0164296838162197,0,1,5,4,1
43,4,5379,00:00:00.1070000,5,7,27,15576,15591,478,16069,77135,93204,1.0188109912686183,1.0385936636322057,0.015422962605953217,1,5,4,1
43,5,5761,00:00:00.1160000,6,19,46,29299,29369,2667,32036,151030,183066,1.0363493634595038,1.0764605293541383,0.031627167016267776,1,6,5,1
43,6,6189,00:00:00.1330000,9,36,84,53379,53565,10503,64068,300938,365006,1.0823357500140505,1.1822055246118293,0.06530538946390152,2,9,7,1.1428572
43,7,6638,00:00:00.1620000,13,70,160,95540,96144,31930,128074,574433,702507,1.1752564370944107,1.431733286764578,0.12588180601596832,2,13,11,1.0909091
43,8,7104,00:00:00.2120000,17,107,271,168619,169610,86691,256301,1057644,1313945,1.353773892621828,2.0650590623435763,0.22614608705043793,2,17,13,1.2307693
43,9,7571,00:00:00.2870000,18,176,459,295902,298684,213725,512409,1856148,2368557,1.6395732370852512,3.7740916714702193,0.3560775816440582,2,18,14,1.2142857
43,10,8039,00:00:00.4410000,19,329,841,516590,523678,500740,1024418,3158000,4182418,1.991683927292437,7.1954444047188675,0.45689016580581665,2,19,15,1.2
43,11,8518,00:00:00.7100000,21,573,1457,897849,916316,1133399,2049715,5295920,7345635,2.3445022492646315,9.016038201834995,0.5184880495071411,3,21,15,1.3333334
43,12,9030,00:00:01.1890000,26,946,2569,1544821,1582935,2514759,4097694,8941013,13038707,2.6372589445638037,7.299705101860589,0.5311394333839417,3,26,18,1.3888888
43,13,9605,00:00:02.0620000,32,1626,4651,2618511,2701925,5493445,8195370,15467099,23662469,2.864587546128315,5.775557974809418,0.5372090339660645,4,32,22,1.4090909
43,14,10271,00:00:03.9370000,35,2860,8595,4359886,4566852,11824141,16390993,27512341,43903334,3.062596590828292,5.507302339144206,0.5517893433570862,4,35,22,1.5454545
43,15,11042,00:00:08.0180000,45,5120,16148,7271215,7739809,25041719,32781528,49574303,82355831,3.3497543395429785,7.6332816980476075,0.5031107068061829,5,46,33,1.3636364
43,16,11909,00:00:19.0620000,61,9119,30368,12370169,13388404,52172725,65561129,88257923,153819052,3.8685800493105633,15.01330774706567,0.49220478534698486,5,62,44,1.3863636
43,17,12854,00:00:59.0130000,62,16425,56256,21537174,23589295,107508243,131097538,153060701,284158239,4.559003470000289,11.759060159380056,0.5130124688148499,4,63,45,1.3777778
43,18,13888,00:02:24.8830000,52,28986,103779,37239266,41083373,221075779,262159152,260321608,522480760,5.146711377179131,7.735978741640787,0.4562804102897644,4,53,38,1.3684211
43,19,15070,00:05:28.0010000,45,51136,194001,63055063,70450475,454072931,524523406,449068851,973592257,5.595747465988576,6.056471711507033,0.42530474066734314,4,46,34,1.3235294
43,20,16456,00:12:15.8450000,44,91058,367087,101286565,119294566,929605916,1048900482,792459898,1841360380,5.94575398030331,4.689499505691661,0.5702064633369446,4,45,33,1.3333334
44,0,2694,00:00:00.1300000,1,1,2,1002,1002,0,1002,4115,5117,1,1,0,0,1,1,0
44,1,3063,00:00:00.1540000,1,1,3,2001,2001,0,2001,8879,10880,1,1,0,0,1,1,0
44,2,3446,00:00:00.1870000,1,1,7,4001,4001,0,4001,18725,22726,1,1,0,0,1,1,0
44,3,3811,00:00:00.1970000,1,3,11,8001,8006,4,8010,37794,45804,1,1,0,0,1,1,0
44,4,4206,00:00:00.2100000,2,7,22,15525,15540,477,16017,78412,94429,1.0010305958132044,1.0020633722504682,0,1,2,1,1
44,5,4613,00:00:00.2270000,4,14,39,29275,29312,2713,32025,156077,188102,1.005192143467122,1.0104557695631065,0,1,4,3,1
44,6,5042,00:00:00.2640000,5,31,69,53399,53616,10496,64112,307008,371120,1.0121350587089646,1.024662575657215,0.009035549126565456,1,5,4,1
44,7,5529,00:00:00.3050000,8,62,141,94694,95397,32686,128083,606410,734493,1.0333389655099583,1.0698073542424773,0.026361331343650818,1,8,7,1
44,8,6079,00:00:00.3860000,15,97,271,165033,166439,89573,256012,1186138,1442150,1.0883338483818388,1.2007411217109387,0.06570708751678467,1,15,14,1
44,9,6677,00:00:00.5360000,21,189,532,284500,288379,224256,512635,2243227,2755862,1.2079472759226713,1.5672503798969617,0.14869354665279388,2,21,19,1.0526316
44,10,7303,00:00:00.8460000,29,338,987,487862,497828,527298,1025126,4059084,5084210,1.4379086708946383,2.7699329690390444,0.2913801670074463,2,29,26,1.0769231
44,11,7941,00:00:01.3480000,40,621,1808,835944,859457,1190464,2049921,7044025,9093946,1.7423834610930875,5.706601728496487,0.44273462891578674,2,40,32,1.21875
44,12,8603,00:00:02.2140000,47,1035,3232,1423972,1482367,2616989,4099356,11993909,16093265,2.0356235937223484,8.323368288352093,0.5135771632194519,2,47,37,1.2432432
44,13,9310,00:00:03.8890000,57,1837,5808,2418286,2538747,5658251,8196998,20363210,28560208,2.351315353105464,10.23324587895768,0.5111252665519714,3,57,42,1.3333334
44,14,10080,00:00:07.1500000,64,3166,10386,4091378,4349753,12035460,16385213,34734446,51119659,2.6880603552152844,9.62885316649163,0.4939256012439728,3,64,45,1.4
44,15,10935,00:00:13.9390000,64,5549,18496,6793806,7432451,25351791,32784242,59820528,92604770,3.0205886067397274,8.159103039552777,0.4655153751373291,4,65,46,1.3913044
44,16,11890,00:00:36.7220000,68,9791,33970,11266408,12722355,52821544,65543899,103634074,169177973,3.4218529987552375,8.732080003279513,0.44400373101234436,4,69,52,1.3076923
44,17,12949,00:01:34.0810000,78,16929,62277,19154986,22090099,109033754,131123853,178889453,310013306,3.987907012826843,8.883029552792623,0.36689385771751404,4,79,62,1.2580645
44,18,14103,00:03:26.3680000,70,29848,113446,33481352,38912519,223291935,262204454,304419829,566624283,4.725843329146326,10.589589073385643,0.2919562757015228,4,71,52,1.3461539
44,19,15347,00:07:04.9670000,52,51908,206123,59515253,68540289,455796363,524336652,506610817,1030947469,5.427557537224953,5.390933336422577,0.31361982226371765,4,53,40,1.3
44,20,16758,00:15:06.3940000,49,91428,381877,101757678,118319802,930335153,1048654955,858387349,1907042304,5.93626962478448,2.997073204118141,0.29798027873039246,4,50,36,1.3611112
45,0,2590,00:00:00.1320000,1,1,3,1007,1007,0,1007,4832,5839,1,1,0,0,1,1,0
45,1,2971,00:00:00.1640000,1,2,4,2004,2005,0,2005,9710,11715,1,1,0,0,1,1,0
45,2,3365,00:00:00.2190000,1,2,7,3999,4001,0,4001,20055,24056,1,1,0,0,1,1,0
45,3,3707,00:00:00.2350000,1,4,11,7987,7995,6,8001,37965,45966,1,1,0,0,1,1,0
45,4,4068,00:00:00.2560000,2,10,23,15516,15533,476,16009,75376,91385,1.0021912864140243,1.0043922139484032,0,1,2,1,1
45,5,4466,00:00:00.2890000,2,15,43,29273,29366,2655,32021,150979,183000,1.0030745055170294,1.0061679587758094,0,1,2,1,1
45,6,4899,00:00:00.3340000,4,33,75,53355,53609,10416,64025,301784,365809,1.0073095305032331,1.0147571076109678,0.004465712700039148,1,4,3,1
45,7,5385,00:00:00.4050000,11,57,147,94892,95318,32686,128004,602366,730370,1.0325422585676347,1.0603577822542727,0.023841971531510353,2,11,9,1.1111112
45,8,5930,00:00:00.4950000,14,106,294,165668,166703,89661,256364,1177642,1434006,1.0917618369268658,1.166127799235493,0.05780842527747154,2,14,12,1.0833334
45,9,6511,00:00:00.7100000,15,200,560,285675,289249,222806,512055,2201336,2713391,1.3162299816224732,1.6159437672642174,0.1441626250743866,2,15,13,1.0769231
45,10,7058,00:00:00.9590000,18,338,982,503455,511891,512279,1024170,3752208,4776378,1.825458084635171,2.8722257886608666,0.2424236238002777,2,18,16,1.0625
45,11,7555,00:00:01.3200000,16,575,1604,892107,913151,1135651,2048802,5977648,8026450,2.383853057985197,2.4071857536949346,0.26820141077041626,2,16,14,1.0714285
45,12,8053,00:00:01.9160000,18,970,2728,1560770,1600230,2496352,4096582,9496736,13593318,2.741032310974711,1.5296245961109805,0.21274472773075104,3,18,14,1.2142857
45,13,8613,00:00:03.0490000,21,1614,4740,2647606,2725850,5468157,8194007,15811699,24005706,2.914060475765654,1.2265575326712415,0.13315211236476898,3,21,17,1.1764706
45,14,9277,00:00:05.4790000,21,2868,8800,4348367,4555984,11832784,16388768,27823706,44212474,3.012297030126482,1.1559123026518132,0.07411768287420273,3,21,17,1.1764706
45,15,10074,00:00:13.0280000,38,5167,16559,7092335,7581190,25198975,32780165,50855309,83635474,3.1324136550233455,1.3520407770589553,0.04655766114592552,4,39,33,1.1515151
45,16,11012,00:00:36.4190000,60,9282,31536,11441643,12773638,52804717,65578355,93723129,159301484,3.4068861438868527,2.403132320757963,0.09748970717191696,3,61,53,1.1320754
45,17,12067,00:01:33.0500000,90,16820,59800,18956855,22109873,109008059,131117932,168650021,299767953,3.960146448342829,9.758863919596273,0.2531031370162964,4,91,74,1.2162162
45,18,13225,00:03:33.1540000,94,29985,111493,32166132,38727287,223452095,262179382,294955492,557134874,4.64623374672466,19.434549220832743,0.34323030710220337,5,95,69,1.3623189
45,19,14494,00:07:36.8670000,85,52508,206015,55657886,67230435,457074704,524305139,502818733,1027123872,5.238756498944283,14.259950053289629,0.5344077348709106,4,85,57,1.4736842
45,20,15940,00:16:06.5920000,78,92365,384008,95675143,116559494,932344994,1048904488,866617802,1915522290,5.838770588511166,10.85002810068573,0.44229382276535034,3,79,60,1.3
46,0,3190,00:00:00.0860000,1,1,1,1003,1003,0,1003,5352,6355,1,1,0,0,1,1,0
46,1,3555,00:00:00.1050000,2,3,3,2001,2002,0,2002,10131,12133,1.0024987506246876,1.0050099791186529,0,1,2,1,1
46,2,3928,00:00:00.1390000,3,5,5,4009,4014,0,4014,20022,24036,1.0069842853579447,1.0140830297263124,0,1,3,2,1
46,3,4293,00:00:00.1630000,3,7,8,7997,8009,2,8011,38621,46632,1.0121295485807178,1.0246253487931418,0.009809679351747036,1,3,2,1
46,4,4668,00:00:00.1750000,3,8,13,15541,15564,449,16013,76671,92684,1.0182098964030628,1.0372249230846118,0.01500727143138647,1,3,2,1
46,5,5047,00:00:00.1880000,3,15,28,29308,29373,2674,32047,149561,181608,1.0243619489559164,1.050184900653003,0.021015625447034836,1,3,2,1
46,6,5462,00:00:00.2110000,5,27,68,53487,53680,10326,64006,293347,357353,1.0513395778413446,1.1093934070621359,0.0302122849971056,1,5,4,1
46,7,5925,00:00:00.2510000,9,67,148,95355,95723,32367,128090,577050,705140,1.1093492737664516,1.2512231454411,0.0531025193631649,1,9,8,1
46,8,6423,00:00:00.3490000,11,101,279,167370,168250,87851,256101,1096801,1352902,1.2299217302981418,1.6087978809808923,0.11399833858013153,2,11,9,1.1111112
46,9,6946,00:00:00.4720000,12,192,527,290193,293235,219158,512393,2007120,2519513,1.4330669588859828,2.409378218140829,0.21761199831962585,2,12,9,1.2222222
46,10,7483,00:00:00.7140000,15,338,930,502193,509837,514915,1024752,3532746,4557498,1.6944262464829258,3.4182549067239165,0.3367476761341095,2,15,11,1.2727273
46,11,8042,00:00:01.1120000,16,583,1634,860626,881443,1167831,2049274,6095982,8145256,1.9644073035209255,3.788038042214125,0.43520963191986084,2,16,12,1.25
46,12,8642,00:00:01.8380000,19,1025,2927,1465374,1514370,2582405,4096775,10502058,14598833,2.2419184453934626,3.9982374158303995,0.47945234179496765,3,19,14,1.2857143
46,13,9297,00:00:03.2510000,27,1746,5271,2493292,2596633,5600489,8197122,18141277,26338399,2.535303125345928,3.7458675162685826,0.47423872351646423,3,27,21,1.2380953
46,14,10025,00:00:06.1670000,36,3046,9615,4208139,4428891,11959113,16388004,31576763,47964767,2.8172885924157924,2.9197269132331205,0.40602144598960876,3,36,30,1.1666666
46,15,10853,00:00:15.0800000,41,5377,17718,6965206,7506381,25270040,32776421,55705480,88481901,3.0884439024488293,2.727051817754445,0.3750110864639282,4,42,34,1.2058823
46,16,11797,00:00:39.8030000,49,9529,32890,11491804,12762614,52779892,65542506,98893111,164435617,3.4389571907073946,3.882778826661358,0.3713257312774658,3,50,41,1.195122
46,17,12855,00:01:37.7100000,58,16848,60692,19163080,22047819,109079428,131127247,174086895,305214142,3.940944044485542,5.691869801543536,0.3223274052143097,4,59,47,1.2340425
46,18,14032,00:03:40.4760000,68,29840,112823,32391489,38261928,223995146,262257074,303338837,565595911,4.506186980166302,6.161332078285394,0.277813196182251,4,69,50,1.36
46,19,15329,00:07:49.7580000,81,52462,208268,55822038,66506465,457921464,524427929,517634852,1042062781,5.161650547405668,6.2018338874461305,0.2721311151981354,4,82,68,1.1911764
46,20,16753,00:16:08.4770000,71,92258,383943,101643663,120095395,928675526,1048770921,872974111,1921745032,6.20654671801822,3.5473179167488667,0.4388459026813507,3,72,61,1.1639345
47,0,1971,00:00:00.0880000,1,1,1,1007,1007,0,1007,3955,4962,1,1,0,0,1,1,0
47,1,2395,00:00:00.1080000,1,1,1,2003,2003,0,2003,9596,11599,1,1,0,0,1,1,0
47,2,2755,00:00:00.1390000,2,2,3,4009,4009,0,4009,19002,23011,1.0034921426789722,1.007008622835409,0,1,2,1,1
47,3,3103,00:00:00.1490000,3,8,11,7998,8008,3,8011,37075,45086,1.006626656664166,1.0133549544085165,0,1,3,2,1
47,4,3464,00:00:00.1740000,3,13,21,15490,15550,457,16007,73983,89990,1.0113621691413814,1.0230393894916185,0.005015202332288027,1,3,2,1
47,5,3855,00:00:00.1910000,6,21,43,29265,29336,2696,32032,149076,181108,1.0247394498547753,1.0511270480219415,0.018249550834298134,1,6,5,1
47,6,4256,00:00:00.2150000,7,33,76,53538,53792,10229,64021,288278,352299,1.051944413313908,1.111131447840742,0.034374628216028214,1,7,6,1
47,7,4719,00:00:00.2570000,11,63,152,95218,95845,32176,128021,570902,698923,1.1060198701926107,1.2443501051085526,0.06479087471961975,1,11,10,1
47,8,5214,00:00:00.3350000,16,109,295,167005,168205,87856,256061,1087582,1343643,1.2233885213017575,1.59894731656546,0.1245853528380394,2,16,14,1.0714285
47,9,5735,00:00:00.4750000,19,188,532,289573,293480,219053,512533,1994841,2507374,1.4156119527718398,2.4093848362394366,0.22336263954639435,2,19,16,1.125
47,10,6277,00:00:00.7370000,26,329,944,501127,509273,515700,1024973,3537255,4562228,1.6829645977965666,3.718465243695717,0.3308403789997101,3,26,21,1.1904762
47,11,6838,00:00:01.1420000,28,603,1685,861104,882957,1167335,2050292,6111964,8162256,1.9802857726825098,4.548899795224446,0.4184264540672302,3,28,23,1.173913
47,12,7422,00:00:01.8470000,33,991,2932,1486428,1533102,2567137,4100239,10372126,14472365,2.393089339005993,5.488285909888593,0.4385451674461365,3,33,25,1.28
47,13,8018,00:00:03.1080000,34,1745,5160,2605663,2704192,5494109,8198301,17164802,25363103,2.9583572395969857,4.724125818861268,0.29416030645370483,3,34,26,1.2692307
47,14,8638,00:00:05.4060000,29,2975,8976,4564631,4761519,11640040,16401559,28140072,44541631,3.495903611923943,2.379805947279067,0.1943844109773636,4,29,18,1.5555556
47,15,9324,00:00:09.8820000,26,5202,16133,7804464,8171313,24607198,32778511,47137943,79916454,3.8118347397079413,1.5184614194473312,0.10535438358783722,4,27,19,1.3684211
47,16,10130,00:00:20.9930000,25,9081,29713,12925288,13708226,51845924,65554150,82413690,147967840,3.9842779518723295,1.3012082127817701,0.06886889040470123,4,26,19,1.3157895
47,17,11098,00:01:03.5400000,38,16498,56312,20826155,22821735,108273782,131095517,149545026,280640543,4.14881950124735,1.495159711458575,0.05331336334347725,4,39,32,1.1875
47,18,12239,00:02:45.9360000,63,29391,107353,33225953,38795896,223497191,262293087,273505003,535798090,4.575800038000415,3.119963404681512,0.07588104158639908,6,64,53,1.1886792
47,19,13484,00:06:15.5050000,72,52497,200250,57438859,69182434,455308852,524491286,475679636,1000170922,5.56319995841143,9.671989474900005,0.19620999693870544,5,73,56,1.2857143
47,20,14815,00:13:08.1660000,59,93075,369792,110768824,127041301,921724142,1048765443,798585388,1847350831,6.766614566567936,7.467815962559001,0.17839835584163666,5,60,43,1.3720931
48,0,3432,00:00:00.0420000,1,1,1,1003,1003,0,1003,5063,6066,1,1,0,0,1,1,0
48,1,3856,00:00:00.0540000,1,2,2,2003,2004,0,2004,10350,12354,1,1,0,0,1,1,0
48,2,4200,00:00:00.0770000,1,3,8,4003,4008,0,4008,19470,23478,1,1,0,0,1,1,0
48,3,4590,00:00:00.0820000,1,3,12,7997,8002,4,8006,40154,48160,1,1,0,0,1,1,0
48,4,4946,00:00:00.0870000,2,6,19,15567,15586,469,16055,76746,92801,1.00263377657866,1.0052813738278263,0,1,2,1,1
48,5,5320,00:00:00.0960000,3,12,37,29294,29333,2673,32006,148837,180843,1.0091827678022802,1.0185709387921305,0.0065624527633190155,1,3,2,1
48,6,5755,00:00:00.1200000,3,33,78,53339,53538,10470,64008,301590,365598,1.0210727610191417,1.0432194432765396,0.01696557179093361,1,3,2,1
48,7,6237,00:00:00.1500000,5,64,156,94530,95399,32690,128089,598157,726246,1.0459748228075743,1.0973975304751447,0.028037626296281815,1,5,4,1
48,8,6765,00:00:00.2060000,10,107,295,165201,167115,89108,256223,1155734,1411957,1.1128625129387837,1.2617281531583033,0.060530148446559906,1,10,9,1
48,9,7349,00:00:00.3120000,18,193,533,285302,289678,222674,512352,2184854,2697206,1.2577864858991525,1.732476064961068,0.12828904390335083,1,18,17,1
48,10,7957,00:00:00.5380000,28,335,973,489909,499500,524854,1024354,3940985,4965339,1.4899175152936566,2.8415607321076344,0.23094241321086884,2,28,25,1.08
48,11,8587,00:00:00.9290000,36,626,1741,836281,860879,1188238,2049117,6883963,8933080,1.7429727567647717,3.8293250046477567,0.32893648743629456,2,36,33,1.060606
48,12,9259,00:00:01.6410000,45,1006,3094,1407167,1469346,2627531,4096877,11924575,16021452,1.9542669775513497,3.8536887347483817,0.3785140812397003,2,45,39,1.1282052
48,13,10002,00:00:03.0490000,61,1837,5732,2349730,2491719,5700520,8192239,20812522,29004761,2.177588488890213,4.562082111589318,0.3863986134529114,3,61,51,1.1764706
48,14,10828,00:00:05.9050000,77,3250,10536,3934641,4246179,12148527,16394706,36459195,52853901,2.482747218869523,7.589456179269626,0.38979804515838623,3,77,64,1.1875
48,15,11738,00:00:18.9090000,82,5620,19226,6504340,7254563,25535811,32790374,63551745,96342119,2.828555549064163,10.526459242394575,0.42688995599746704,3,83,68,1.2058823
48,16,12751,00:00:50.7620000,91,9932,35285,10733366,12364530,53185933,65550463,110750457,176300920,3.18256845056807,11.176586586947312,0.43732279539108276,3,92,71,1.2816901
48,17,13882,00:01:56.5530000,109,17203,64757,18034495,21303677,109811102,131114779,192693611,323808390,3.684846401299288,10.972036962186113,0.4025958776473999,4,110,85,1.2823529
48,18,15123,00:04:06.5820000,87,30398,118724,30314936,37192027,225007663,262199690,331156138,593355828,4.314735185322509,9.030325333497828,0.4398505389690399,4,88,68,1.2794118
48,19,16485,00:08:22.5570000,82,52970,217468,51928639,64392032,459959728,524351760,560978296,1085330056,4.856500899243672,7.464235497778764,0.42860114574432373,4,83,62,1.3225807
48,20,18025,00:17:10.2030000,76,92768,400845,84121609,110824368,938002890,1048827258,958080209,2006907467,5.343167271087266,9.067722937128753,0.5330395698547363,4,77,59,1.2881356
4,0,3059,00:00:00.0410000,1,1,5,1003,1003,0,1003,5748,6751,1,1,0,0,1,1,0
4,1,3473,00:00:00.0530000,1,2,6,2001,2002,0,2002,11057,13059,1,1,0,0,1,1,0
4,2,3820,00:00:00.0740000,2,4,10,3997,4001,0,4001,20032,24033,1.002752064048036,1.0055192788262666,0,1,2,1,1
4,3,4192,00:00:00.0810000,3,8,15,8006,8022,7,8029,39701,47730,1.0049962528103922,1.0100548493315304,0,1,3,2,1
4,4,4574,00:00:00.0980000,5,11,26,15550,15568,448,16016,78487,94503,1.0194855305466237,1.0400252874379532,0.015642505139112473,1,5,4,1
4,5,4967,00:00:00.1080000,6,24,49,29318,29373,2700,32073,154496,186569,1.0378606999113174,1.0798415897568963,0.03441990166902542,1,6,5,1
4,6,5396,00:00:00.1270000,6,41,87,53382,53599,10403,64002,304358,368360,1.071278708178787,1.1577567370510096,0.06573731452226639,1,6,5,1
4,7,5840,00:00:00.1540000,7,57,144,95256,95939,32088,128027,575433,703460,1.1433190560174686,1.353731722242524,0.12141531705856323,1,7,6,1
4,8,6329,00:00:00.2020000,12,99,266,167667,168806,87531,256337,1084125,1340462,1.2801147512629198,1.858582283662991,0.19403672218322754,2,12,10,1.1
4,9,6839,00:00:00.2920000,14,199,508,289767,293911,218131,512042,1969095,2481137,1.4746917350837052,3.0175419306817504,0.3149174451828003,2,14,11,1.1818181
4,10,7366,00:00:00.4840000,19,355,939,499811,510904,513458,1024362,3462577,4486939,1.710410535182299,5.093935306832828,0.4158535599708557,2,19,15,1.2
4,11,7926,00:00:00.8270000,27,606,1639,857695,882121,1168066,2050187,6031878,8082065,1.9405348054961262,6.563406719603411,0.47485023736953735,3,27,21,1.2380953
4,12,8536,00:00:01.4750000,34,1024,2923,1447060,1508071,2589108,4097179,10527156,14624335,2.185386231393308,7.436335114893441,0.4660625457763672,3,34,27,1.2222222
4,13,9198,00:00:02.6720000,42,1811,5351,2449656,2595327,5602820,8198147,18261256,26459403,2.541565836182713,8.305937799405857,0.41779133677482605,4,42,33,1.2424242
4,14,9904,00:00:05.0430000,48,3120,9618,4213529,4514337,11871439,16385776,31175660,47561436,3.032304275110009,7.247515301836192,0.3693036735057831,4,48,37,1.2702702
4,15,10661,00:00:11.5600000,50,5361,17109,7320795,7869990,24915845,32785835,52686294,85472129,3.5462373963483476,5.203732376262666,0.30381885170936584,4,51,37,1.3513514
4,16,11496,00:00:29.6660000,53,9268,30872,12606459,13593036,51948292,65541328,89562714,155104042,3.982417108563158,4.10703279014869,0.26052674651145935,5,54,40,1.325
4,17,12446,00:01:16.6490000,51,16581,57398,21258046,23295534,107830995,131126529,154926069,286052598,4.395506341457724,4.132313013388071,0.20583058893680573,4,52,38,1.3421053
4,18,13526,00:02:55.8130000,53,29401,106853,35563782,39890137,222367369,262257506,269122394,531379900,4.8479171872102915,4.061223920206462,0.1654783934354782,4,54,43,1.2325581
4,19,14757,00:06:25.9000000,60,52169,199175,58778269,68443203,455971858,524415061,468728340,993143401,5.331778909651116,4.856822491254871,0.2150268256664276,4,61,51,1.1764706
4,20,16179,00:14:04.1980000,75,92226,375086,96586309,117614443,931018912,1048633355,824400976,1873034331,5.8639610609822554,7.4042364017566875,0.2536945044994354,5,76,59,1.2711865
49,0,3266,00:00:00.0860000,1,1,1,1003,1003,0,1003,4695,5698,1,1,0,0,1,1,0
49,1,3649,00:00:00.1060000,1,3,4,2007,2009,0,2009,9771,11780,1,1,0,0,1,1,0
49,2,4000,00:00:00.1370000,2,3,6,4002,4003,0,4003,19055,23058,1.003248375812094,1.0065178908605301,0,1,2,1,1
49,3,4348,00:00:00.1480000,2,5,11,8004,8007,4,8011,37173,45184,1.0049975012493753,1.0100449309073938,0,1,2,1,1
49,4,4712,00:00:00.1590000,2,8,19,15575,15596,458,16054,74205,90259,1.0114927768860353,1.0232496748556992,0,1,2,1,1
49,5,5104,00:00:00.1750000,5,20,36,29245,29328,2702,32030,150199,182229,1.0230466746452385,1.0473359055889127,0.010587084107100964,1,5,4,1
49,6,5538,00:00:00.2110000,7,33,66,53272,53482,10530,64012,302073,366085,1.0480740351404114,1.1016977308886757,0.020787961781024933,1,7,6,1
49,7,6002,00:00:00.2520000,9,64,134,95327,95957,32079,128036,584723,712759,1.1075560963840254,1.2445624484039177,0.04813438653945923,1,9,8,1
49,8,6506,00:00:00.3240000,14,118,272,166306,167993,88330,256323,1112967,1369290,1.222084591055043,1.5719177572873644,0.09500794857740402,2,14,12,1.0833334
49,9,7033,00:00:00.4520000,22,201,499,289011,293286,219336,512622,2031646,2544268,1.4197937102740035,2.2846441430867346,0.15728282928466797,2,22,20,1.05
49,10,7575,00:00:00.7160000,28,331,932,499288,508923,515155,1024078,3575102,4599180,1.685305875566807,3.164384001760791,0.22961348295211792,2,28,25,1.08
49,11,8134,00:00:01.1520000,34,576,1622,859660,880977,1167148,2048125,6140568,8188693,1.9758323057953144,3.619327145044615,0.28123193979263306,2,34,30,1.1
49,12,8729,00:00:01.8710000,39,997,2896,1469214,1519222,2577929,4097151,10501687,14598838,2.2698177392810033,4.456406463000086,0.3161894679069519,3,39,30,1.2666667
49,13,9376,00:00:03.2660000,44,1724,5286,2500813,2607787,5585157,8192944,18024957,26217901,2.578521464819641,6.285927879020166,0.33744531869888306,3,44,35,1.2285714
49,14,10093,00:00:06.0340000,46,2978,9555,4225079,4457412,11926912,16384324,31206705,47591029,2.886862707182517,7.476363821783721,0.3561461269855499,4,46,37,1.2162162
49,15,10900,00:00:11.8650000,51,5286,17484,7134768,7607174,25178721,32785895,54558917,87344812,3.2282121857361026,9.14963158475795,0.3561345338821411,4,52,41,1.2439024
49,16,11799,00:00:29.4070000,50,9329,32086,12045316,13146921,52428906,65575827,95105183,160681010,3.716085738223887,13.302862848563766,0.3309222459793091,4,51,41,1.2195122
49,17,12781,00:01:19.9370000,54,16620,58706,20795844,23014705,108057314,131072019,163321851,294393870,4.331749170651597,7.075406450858941,0.2786736488342285,5,55,42,1.2857143
49,18,13871,00:03:06.9770000,60,29346,108123,35569428,39697942,222518973,262216915,279000309,541217224,4.808187666104724,3.463551987334756,0.2833702266216278,4,61,50,1.2
49,19,15123,00:06:55.4280000,70,51691,201392,58821176,67346027,457154404,524500431,483424481,1007924912,5.183385707895401,3.460226370286792,0.2413613200187683,4,71,58,1.2068965
49,20,16581,00:15:13.7930000,74,92225,379841,93586805,115494977,933126629,1048621606,851759162,1900380768,5.702853356303808,8.293596655853928,0.2707822024822235,5,75,58,1.2758621
5,0,2489,00:00:00.0820000,1,1,1,1003,1003,0,1003,4404,5407,1,1,0,0,1,1,0
5,1,2874,00:00:00.1020000,3,3,3,2003,2003,0,2003,9580,11583,1.0079880179730405,1.0161366136364276,0,1,3,2,1
5,2,3235,00:00:00.1550000,3,4,5,4002,4003,0,4003,19011,23014,1.0082458770614693,1.0166535544735134,0,1,3,2,1
5,3,3600,00:00:00.1640000,3,5,8,7997,8003,6,8009,38438,46447,1.012879829936226,1.026176323362023,0.009517082944512367,1,3,2,1
5,4,3950,00:00:00.1740000,4,7,13,15571,15587,444,16031,73702,89733,1.0318540877271851,1.066355057779472,0.023616908118128777,1,4,3,1
5,5,4331,00:00:00.1890000,4,19,32,29307,29366,2668,32034,147079,179113,1.063500187668475,1.1376499465799037,0.04722985997796059,1,4,3,1
5,6,4726,00:00:00.2140000,5,29,63,53729,53870,10131,64001,283237,347238,1.128813117683188,1.304439552308339,0.08327481150627136,1,5,4,1
5,7,5159,00:00:00.2580000,6,54,128,95953,96381,31809,128190,545818,674008,1.229758319177097,1.6184936584017504,0.13081683218479156,1,6,5,1
5,8,5612,00:00:00.3010000,9,105,253,169172,170131,86189,256320,1014148,1270468,1.3844134963232686,2.2423541387127766,0.19096505641937256,2,9,7,1.1428572
5,9,6081,00:00:00.4080000,9,184,482,293662,297153,214928,512081,1820330,2332411,1.5731112639701426,3.0419499552266984,0.28562742471694946,2,9,7,1.1428572
5,10,6583,00:00:00.5350000,11,312,849,505157,514844,510079,1024923,3236954,4261877,1.7571824205148103,3.265634922390846,0.3723558187484741,2,11,7,1.4285715
5,11,7138,00:00:00.8520000,17,576,1577,860351,880152,1170347,2050499,5787663,7838162,1.9179311699527286,3.0406180193769736,0.4221506118774414,2,17,13,1.2307693
5,12,7766,00:00:01.4890000,22,964,2899,1439680,1490737,2606945,4097682,10451734,14549416,2.0616164703267392,3.0797502824192624,0.4403669834136963,3,22,17,1.2352941
5,13,8480,00:00:02.7880000,36,1749,5356,2409203,2519407,5674809,8194216,18928534,27122750,2.2726096555582904,4.062893893808702,0.4229392409324646,3,36,29,1.2068965
5,14,9271,00:00:05.3840000,49,3052,9855,4050938,4315754,12071111,16386865,33770405,50157270,2.6293046203126287,6.771984968224395,0.4006415009498596,4,49,39,1.2307693
5,15,10123,00:00:12.6510000,53,5527,18136,6844233,7487384,25284153,32771537,58713817,91485354,3.116262991046623,9.033018190397966,0.418154776096344,4,54,40,1.325
5,16,11040,00:00:37.9970000,58,9494,32881,11772015,13043005,52507764,65550769,100260491,165811260,3.6626097571231435,9.284303785535782,0.3749767243862152,5,59,42,1.3809524
5,17,12043,00:01:31.5510000,50,16621,59997,20259525,22735275,108360514,131095789,170403538,301499327,4.236704463702876,7.119321900002634,0.2762186527252197,5,51,34,1.4705882
5,18,13151,00:03:16.2460000,40,29521,109968,34767483,39591119,222686791,262277910,288802742,551080652,4.82454504975238,4.71594622923853,0.2668067216873169,4,41,30,1.3333334
5,19,14379,00:06:44.0820000,53,52073,202395,60458853,68883379,455446784,524330163,487635697,1011965860,5.4230273769831525,4.012214377833993,0.19047978520393372,5,54,41,1.2926829
5,20,15777,00:14:02.3760000,62,92132,377578,102692250,119793261,928797331,1048590592,834634742,1883225334,6.065509977627328,3.997471302213124,0.15836098790168762,5,63,49,1.2653061
6,0,2540,00:00:00.0370000,1,1,2,1008,1008,0,1008,5044,6052,1,1,0,0,1,1,0
6,1,2870,00:00:00.0490000,1,2,3,2003,2005,0,2005,9217,11222,1,1,0,0,1,1,0
6,2,3236,00:00:00.0720000,3,4,7,4009,4010,0,4010,19152,23162,1.0052382140184584,1.0105450695887617,0,1,3,2,1
6,3,3612,00:00:00.0890000,4,5,9,8001,8003,3,8006,39044,47050,1.0058742657167854,1.0118405915692186,0,1,4,3,1
6,4,3987,00:00:00.0950000,4,9,19,15539,15553,455,16008,76728,92736,1.0117124654096146,1.0237792829796268,0.00935894064605236,1,4,3,1
6,5,4371,00:00:00.1140000,5,17,37,29240,29312,2699,32011,150932,182943,1.0279411764705881,1.0579791590721095,0.021120714023709297,1,5,4,1
6,6,4793,00:00:00.1300000,7,24,68,53732,53880,10244,64124,296610,360734,1.0583823419935978,1.1263775941012861,0.04191591218113899,1,7,6,1
6,7,5247,00:00:00.1570000,8,66,154,95404,96008,32103,128111,573741,701852,1.121703492516037,1.2880573870962997,0.08296684175729752,1,8,7,1
6,8,5745,00:00:00.2100000,11,103,277,167332,168700,87632,256332,1091906,1348238,1.240223029665575,1.6794070269726058,0.15002693235874176,1,11,10,1
6,9,6268,00:00:00.3030000,15,165,482,290377,293397,219010,512407,2002790,2515197,1.4311360748268631,2.607625094329007,0.25263112783432007,2,15,12,1.1666666
6,10,6809,00:00:00.4820000,20,289,859,502795,509442,515552,1024994,3540794,4565788,1.6609572489782118,4.061548537475219,0.3539314568042755,2,20,16,1.1875
6,11,7384,00:00:00.7910000,22,508,1543,854833,874329,1174414,2048743,6194315,8243058,1.866722506033342,4.644016158885888,0.42705073952674866,2,22,18,1.1666666
6,12,8022,00:00:01.4090000,29,894,2840,1442006,1488353,2607681,4096034,10937030,15033064,2.057288943319237,4.916650220296476,0.45123592019081116,2,29,23,1.2173913
6,13,8734,00:00:02.6220000,38,1743,5447,2418964,2526000,5673350,8199350,19383059,27582409,2.2921382872998524,6.274049722331644,0.4324784278869629,3,38,30,1.2333333
6,14,9523,00:00:05.7070000,47,3050,9959,4053256,4316802,12078442,16395244,34190740,50585984,2.623796523091559,8.285922137970259,0.4068524241447449,4,47,37,1.2432432
6,15,10381,00:00:16.0510000,56,5428,18146,6872052,7463490,25322441,32785931,59361937,92147868,3.0958246532476763,8.567962077133677,0.36405956745147705,4,57,44,1.2727273
6,16,11287,00:00:41.8930000,52,9480,32892,12031028,13238280,52306632,65544912,100211686,165756598,3.8507268040603013,5.907682397443165,0.2369733601808548,4,53,41,1.2682927
6,17,12233,00:01:31.6650000,38,16708,59083,21607613,23655235,107509590,131164825,165075136,296239961,4.598738740831761,2.0575990318331137,0.14711794257164001,4,39,28,1.3571428
6,18,13279,00:03:10.0280000,29,29153,107184,36861040,40423902,221812985,262236887,274178409,536415296,4.946771604924875,1.3832221781724354,0.062049586325883865,5,30,22,1.3181819
6,19,14511,00:06:40.8480000,37,51172,199053,59582371,67950326,456346896,524297222,474278505,998575727,5.236218243144436,1.6538653633114675,0.06318094581365585,4,38,29,1.2758621
6,20,15937,00:14:23.8340000,60,91978,375799,98002848,118643244,930080300,1048723544,830874433,1879597977,5.996362656726058,4.887288016450007,0.1921246349811554,4,60,46,1.2826087
7,0,3365,00:00:00.0430000,1,1,2,1002,1002,0,1002,5844,6846,1,1,0,0,1,1,0
7,1,3702,00:00:00.0540000,1,1,2,2001,2001,0,2001,10121,12122,1,1,0,0,1,1,0
7,2,4052,00:00:00.0750000,1,3,5,4011,4013,0,4013,19396,23409,1,1,0,0,1,1,0
7,3,4468,00:00:00.0800000,1,2,9,7999,8003,4,8007,41442,49449,1,1,0,0,1,1,0
7,4,4859,00:00:00.0860000,1,7,19,15550,15567,462,16029,81339,97368,1,1,0,0,1,1,0
7,5,5251,00:00:00.0950000,1,19,43,29264,29373,2687,32060,157287,189347,1,1,0,0,1,1,0
7,6,5704,00:00:00.1110000,3,27,76,53257,53499,10601,64100,315338,379438,1.002121786807368,1.004254882149319,0,1,3,2,1
7,7,6193,00:00:00.1490000,5,54,150,94367,95033,33121,128154,618854,747008,1.0074178473407018,1.0149864640685624,0.006810721009969711,1,5,4,1
7,8,6755,00:00:00.2070000,12,114,298,164575,165886,90308,256194,1215064,1471258,1.033698921464378,1.0708025568482245,0.031217971816658974,1,12,11,1
7,9,7390,00:00:00.3280000,17,188,551,281378,285458,226990,512448,2346251,2858699,1.0988741124039547,1.2298382078166645,0.08639734238386154,1,17,16,1
7,10,8087,00:00:00.5940000,30,360,1092,477234,487800,536637,1024437,4398088,5422525,1.2702405947606414,1.842564180599492,0.21532244980335236,2,30,28,1.0357143
7,11,8800,00:00:01.0760000,43,627,1989,815476,842059,1207676,2049735,7784577,9834312,1.5536753993986334,4.230513358614256,0.4112410247325897,2,43,40,1.05
7,12,9526,00:00:01.8930000,52,1029,3425,1388918,1451065,2648389,4099454,13287678,17387132,1.8666170357069316,10.9032911894939,0.5683606863021851,3,52,46,1.1086956
7,13,10289,00:00:03.3920000,57,1826,6045,2334632,2487824,5708915,8196739,22446365,30643104,2.187598730763564,14.333677181453147,0.646998941898346,3,57,46,1.2173913
7,14,11091,00:00:06.2280000,65,3258,10738,4005858,4322612,12073049,16395661,37514802,53910463,2.691571942889638,9.32542494023867,0.5901128053665161,3,65,48,1.3333334
7,15,11915,00:00:11.2740000,50,5561,18799,6997461,7628312,25156187,32784499,61429644,94214143,3.318214849643321,4.036111059636004,0.4971838891506195,4,50,34,1.4411764
7,16,12799,00:00:22.6210000,35,9401,33002,12142729,13200271,52339911,65540182,101120841,166661023,3.750639992047916,2.123533179889682,0.3653922975063324,4,36,23,1.5217391
7,17,13814,00:01:08.4510000,29,16640,60184,20173770,22291670,108803079,131094749,172510384,303605133,3.9891411967123647,1.6765698121391737,0.22781802713871002,3,30,24,1.2083334
7,18,15009,00:02:56.1800000,55,29556,113170,32560641,37550589,224666659,262217248,304534334,566751582,4.284933119099222,2.3499426428886045,0.2269134670495987,4,56,45,1.2222222
7,19,16352,00:06:43.4800000,88,52770,210673,53459004,65319920,459001242,524321162,529703545,1054024707,4.966600500076657,8.766176242284988,0.3326648473739624,5,89,69,1.2753624
7,20,17826,00:14:28.0430000,89,93128,390336,93616610,115790014,933119342,1048909356,902913534,1951822890,5.833319204786416,10.93749660142116,0.3624129593372345,5,90,65,1.3692307
8,0,3142,00:00:00.0830000,1,2,2,1000,1001,0,1001,3926,4927,1,1,0,0,1,1,0
8,1,3508,00:00:00.1020000,2,2,2,2002,2002,0,2002,8581,10583,1.0114885114885115,1.0232408940166406,0,1,2,1,1
8,2,3874,00:00:00.1370000,2,2,3,4002,4002,0,4002,18041,22043,1.0144927536231885,1.0294053981801636,0,1,2,1,1
8,3,4246,00:00:00.1470000,2,3,5,8021,8023,7,8030,38257,46287,1.0327889290612142,1.0677231564933398,0,1,2,1,1
8,4,4610,00:00:00.1570000,3,7,13,15566,15581,447,16028,75284,91312,1.0511370936656816,1.107615681971975,0.007832708768546581,1,3,2,1
8,5,4985,00:00:00.1840000,5,14,26,29357,29391,2647,32038,147141,179179,1.087338624518854,1.1907464582561216,0.016457360237836838,1,5,4,1
8,6,5377,00:00:00.2030000,6,28,57,53928,54012,10028,64040,281479,345519,1.1613447559709242,1.3758646702559845,0.02692658081650734,1,6,5,1
8,7,5795,00:00:00.2350000,7,50,123,96364,96656,31426,128082,534012,662094,1.2819828981777428,1.7034138091216728,0.04437778517603874,1,7,6,1
8,8,6231,00:00:00.2900000,8,84,236,169855,170704,85433,256137,982595,1238732,1.4450325277442524,2.0550669246323103,0.06551733613014221,2,8,6,1.1666666
8,9,6684,00:00:00.3860000,9,162,454,296123,298796,213222,512018,1755195,2267213,1.6357898575929597,2.0301080077848708,0.08825854957103729,2,9,7,1.1428572
8,10,7173,00:00:00.6120000,14,289,833,511167,517171,507683,1024854,3127075,4151929,1.8050578382407314,1.7120987695694758,0.10538703203201294,2,14,12,1.0833334
8,11,7718,00:00:00.9810000,16,538,1511,863603,881721,1166579,2048300,5625423,7673723,1.9395555596726737,1.4753079976863754,0.119001604616642,2,16,13,1.1538461
8,12,8343,00:00:01.7140000,29,959,2808,1451163,1491792,2605436,4097228,10259872,14357100,2.0749081943241388,1.5296896700370721,0.12420880794525146,3,29,25,1.12
8,13,9056,00:00:03.2930000,36,1779,5351,2400592,2523305,5674752,8198057,18722493,26920550,2.268986983210808,2.0727334661293777,0.1404270976781845,3,36,31,1.1290323
8,14,9847,00:00:06.5950000,51,3175,10009,3998875,4312478,12078908,16391386,33572949,49964335,2.6026402425682225,4.147049822501142,0.2016512006521225,3,51,43,1.1627907
8,15,10708,00:00:16.7710000,63,5489,18358,6721567,7434049,25343696,32777745,58867107,91644852,3.0434754276792897,7.955762987581829,0.2557063698768616,4,64,54,1.1666666
8,16,11649,00:00:45.6210000,67,9566,33471,11350125,12847224,52712524,65559748,101820112,167379860,3.5132687965991565,8.999628014878626,0.28087687492370605,4,68,53,1.264151
8,17,12694,00:01:46.9420000,80,16692,61028,19392254,22140729,108970465,131111194,175862741,306973935,3.9854518716596843,7.9906423454238995,0.2655094265937805,5,81,63,1.2698413
8,18,13865,00:03:52.4550000,81,29404,112917,33100429,38441447,223808151,262249598,304194148,566443746,4.5732727814494485,10.582077740078173,0.376465767621994,4,82,58,1.3965517
8,19,15134,00:08:00.4970000,80,51926,206448,58280596,67807471,456663388,524470859,511983561,1036454420,5.337096758584967,8.737074291547009,0.4394817650318146,5,81,57,1.4035088
8,20,16550,00:16:29.1710000,70,92181,383234,101087568,118572059,930111395,1048683454,865311236,1913994690,5.986018369736623,5.288362847146641,0.384724497795105,4,71,55,1.2727273
