RepeatId,GenerationId,Generations,Time,SubcloneSelect,SubcloneAlive,SubcloneTotal,CellSelectCount,CellAliveCount,CellNecroCount,CellTumorCount,CellLostCount,CellTotalCount,MeanDriversPerCell,ClonalDiversity,TreeBalance,TreeDepth,NodeCount,LeafCount,Branching
0,0,1313,00:00:00.0370000,1,1,1,1004,1004,0,1004,2336,3340,1,1,0,0,1,1,0
0,1,1477,00:00:00.0460000,1,1,1,2004,2004,0,2004,4619,6623,1,1,0,0,1,1,0
0,2,1654,00:00:00.0650000,1,2,2,4009,4011,0,4011,9679,13690,1,1,0,0,1,1,0
0,3,1835,00:00:00.0670000,1,4,6,8012,8019,0,8019,20072,28091,1,1,0,0,1,1,0
0,4,2006,00:00:00.0690000,1,9,15,16025,16060,0,16060,39951,56011,1,1,0,0,1,1,0
0,5,2180,00:00:00.0730000,3,12,24,31995,32058,0,32058,79996,112054,1.0036255664947649,1.0072836547396837,0,1,3,2,1
0,6,2354,00:00:00.0960000,4,26,47,63821,64060,0,64060,160715,224775,1.00994970307579,1.0201580171806457,0.008382727392017841,1,4,3,1
0,7,2524,00:00:00.1030000,7,53,92,127620,128421,0,128421,317855,446276,1.0313430496787337,1.0653924023879728,0.023685269057750702,1,7,6,1
0,8,2685,00:00:00.1170000,11,108,190,255078,257084,0,257084,614730,871814,1.0789052760332134,1.1763307807982706,0.05740007758140564,1,11,10,1
0,9,2831,00:00:00.1380000,17,212,343,507553,512328,0,512328,1148585,1660913,1.1693852661692474,1.4348211488257792,0.11461366713047028,1,17,16,1
0,10,2962,00:00:00.1740000,20,404,642,1012721,1026978,1803,1028781,2107687,3136468,1.2992127150518258,1.9514404380354513,0.1972016990184784,1,20,19,1
0,11,3077,00:00:00.2490000,27,753,1198,1984859,2014623,33435,2048058,3749861,5797919,1.4542095937293278,2.864696543108242,0.2837691903114319,2,27,24,1.0833334
0,12,3185,00:00:00.3620000,31,1454,2212,3836107,3914372,203979,4118351,6654814,10773165,1.6129456243008864,4.157276852746925,0.3689560294151306,2,31,27,1.1111112
0,13,3289,00:00:00.5320000,35,2681,4021,7221114,7424420,806352,8230772,11744595,19975367,1.769456485522871,5.457600911617968,0.4408652186393738,3,35,28,1.2142857
0,14,3393,00:00:00.8410000,41,5022,7477,13401447,13862416,2562609,16425025,20690213,37115238,1.9403774831180542,6.628252339737016,0.4800787568092346,3,41,34,1.1764706
0,15,3498,00:00:01.3900000,44,9250,13825,24500842,25662212,7116804,32779016,36204985,68984001,2.154148334983753,7.99946241037108,0.4904441833496094,3,44,35,1.2285714
0,16,3602,00:00:02.5800000,50,17004,25637,45059273,47765968,17988386,65754354,62135644,127889998,2.4693898856290915,9.511964403853144,0.4547083377838135,4,50,38,1.2894737
0,17,3701,00:00:05.6970000,50,31365,47007,82661852,89372360,42118412,131490772,103328088,234818860,2.8716872808511478,7.774445632311716,0.3999314606189728,4,50,38,1.2894737
0,18,3796,00:00:11.6160000,59,58354,86600,154107890,169230502,94831074,264061576,168687084,432748660,3.3308126339280877,4.900963160756057,0.3097711503505707,6,59,46,1.2608696
0,19,3883,00:00:21.5180000,64,108064,157728,290906845,322583356,201877522,524460878,265810070,790270948,3.9646069998799787,4.37812165566011,0.23252208530902863,6,64,47,1.3404255
0,20,3956,00:00:36.5200000,66,205584,289913,586222451,648486473,403531114,1052017587,397341450,1449359037,4.920954531985333,5.655818172655399,0.15460453927516937,6,66,50,1.3
9,0,1584,00:00:00.0270000,1,1,1,1003,1003,0,1003,2767,3770,1,1,0,0,1,1,0
9,1,1744,00:00:00.0360000,1,1,1,2003,2003,0,2003,5044,7047,1,1,0,0,1,1,0
9,2,1933,00:00:00.0560000,1,1,2,4016,4016,0,4016,10581,14597,1,1,0,0,1,1,0
9,3,2110,00:00:00.0590000,1,5,7,8022,8033,0,8033,20739,28772,1,1,0,0,1,1,0
9,4,2281,00:00:00.0620000,1,10,14,16022,16051,0,16051,40297,56348,1,1,0,0,1,1,0
9,5,2453,00:00:00.0730000,5,16,28,32007,32062,0,32062,80084,112146,1.0071546849126753,1.0144497339475087,0.004194546490907669,1,5,4,1
9,6,2619,00:00:00.0890000,6,37,54,63783,64083,0,64083,156474,220557,1.0204286408604173,1.0420372613289832,0.01891964115202427,1,6,5,1
9,7,2783,00:00:00.0980000,9,65,99,127058,128118,0,128118,307331,435449,1.055148042626202,1.1193484092937183,0.04680321738123894,1,9,8,1
9,8,2938,00:00:00.1110000,17,116,175,255216,256863,0,256863,592651,849514,1.1326797692934611,1.3242438487210026,0.10221320390701294,1,17,16,1
9,9,3074,00:00:00.1310000,21,201,305,507484,512235,0,512235,1090925,1603160,1.2489438090659015,1.7345901067766853,0.18371401727199554,1,21,20,1
9,10,3193,00:00:00.1620000,24,367,561,1011899,1025295,1633,1026928,1960287,2987215,1.4012139551476976,2.557415660016258,0.28914323449134827,1,24,23,1
9,11,3298,00:00:00.2140000,27,699,1046,1985371,2027590,31483,2059073,3461517,5520590,1.5682167212072706,3.985081151710389,0.39930564165115356,2,27,24,1.0833334
9,12,3394,00:00:00.3040000,35,1319,1926,3835318,3931748,190510,4122258,6048841,10171099,1.7533662137011847,6.125066501253534,0.4905921220779419,2,35,28,1.2142857
9,13,3485,00:00:00.4570000,44,2451,3525,7308637,7489661,745814,8235475,10495296,18730771,1.9639705734461843,8.568973868508875,0.5500450134277344,3,44,33,1.3030303
9,14,3573,00:00:00.7270000,46,4699,6706,13721241,14150937,2344777,16495714,18062184,34557898,2.216201071025573,10.064231760122208,0.5632507801055908,2,46,35,1.2857143
9,15,3657,00:00:01.2590000,49,8774,12415,25587266,26514814,6376346,32891160,30476701,63367861,2.5337560488095914,9.912066266443773,0.5332881212234497,3,49,35,1.3714286
9,16,3738,00:00:02.5570000,50,16218,23015,47523478,49644949,15901984,65546933,50671985,116218918,2.882744777223586,8.358206129675677,0.47790607810020447,3,50,35,1.4
9,17,3819,00:00:05.2250000,50,30422,43164,88216047,93206381,38045129,131251510,84385559,215637069,3.2342603494804067,6.374455830155312,0.3956522047519684,3,50,34,1.4411764
9,18,3903,00:00:10.4900000,55,56711,80779,163480547,174262675,88910338,263173013,142281990,405455003,3.5401694490293085,4.9849541919817995,0.32632729411125183,3,55,40,1.35
9,19,3992,00:00:21.0680000,53,106359,152866,294494400,321754563,203182078,524936641,242282370,767219011,3.8025318410129363,4.309996343666963,0.2906557321548462,4,53,40,1.3
9,20,4089,00:00:42.8030000,65,201460,293802,532065297,594498251,457192653,1051690904,419473275,1471164179,4.074644150302477,4.612270904259423,0.26158085465431213,4,65,49,1.3061224
10,0,2415,00:00:00.0330000,1,1,1,1008,1008,0,1008,3154,4162,1,1,0,0,1,1,0
10,1,2584,00:00:00.0430000,1,1,1,2008,2008,0,2008,5619,7627,1,1,0,0,1,1,0
10,2,2754,00:00:00.0630000,1,2,3,4003,4005,0,4005,10580,14585,1,1,0,0,1,1,0
10,3,2935,00:00:00.0660000,2,9,10,8016,8034,0,8034,21183,29217,1.005114770459082,1.0102819072630385,0,1,2,1,1
10,4,3100,00:00:00.0700000,5,11,16,15999,16035,0,16035,40627,56662,1.022376398524908,1.0404810497379624,0.012596203945577145,1,5,4,1
10,5,3262,00:00:00.0830000,7,17,25,31988,32050,0,32050,78009,110059,1.0896586219832438,1.1504703893424262,0.05155427008867264,2,7,5,1.2
10,6,3398,00:00:00.0870000,8,21,40,64024,64162,0,64162,139872,204034,1.3123828564288391,1.511834966995592,0.12438607215881348,2,8,6,1.1666666
10,7,3495,00:00:00.0900000,9,44,76,128672,128930,0,128930,227788,356718,1.7161620243720468,2.250438079011641,0.1581670492887497,2,9,7,1.1428572
10,8,3564,00:00:00.0950000,9,84,130,255339,256188,0,256188,352822,609010,2.111972710788403,2.4637622277568196,0.16818785667419434,2,9,7,1.1428572
10,9,3621,00:00:00.1020000,9,180,246,515500,518533,0,518533,561693,1080226,2.4277885548011637,2.020936527973325,0.17085792124271393,3,9,6,1.3333334
10,10,3670,00:00:00.1120000,10,333,432,1029314,1037701,828,1038529,923486,1962015,2.6391033251272207,1.634443420646099,0.1556781828403473,3,10,7,1.2857143
10,11,3716,00:00:00.1300000,14,610,770,2040346,2057175,17061,2074236,1586750,3660986,2.7810685050476733,1.4204362390889196,0.1385238915681839,3,14,11,1.1818181
10,12,3762,00:00:00.1610000,16,1091,1389,3970549,4012695,112554,4125249,2832635,6957884,2.8805605975395343,1.3105175372722475,0.12300003319978714,4,16,11,1.3636364
10,13,3811,00:00:00.2260000,19,2089,2641,7681750,7774760,490190,8264950,5236087,13501037,2.9647308230546425,1.2812755364133757,0.10781803727149963,4,19,14,1.2857143
10,14,3864,00:00:00.3520000,20,4182,5266,14606016,14855327,1695782,16551109,9820788,26371897,3.0602570885859635,1.3340844362561481,0.09421329945325851,4,20,15,1.2666667
10,15,3921,00:00:00.6540000,23,7996,10256,27497577,28095494,5031893,33127387,18299013,51426400,3.2176505951778953,1.5484508515911264,0.0914761945605278,3,23,19,1.1578947
10,16,3980,00:00:01.3330000,24,15398,19958,51205453,52742758,13223099,65965857,33091300,99057157,3.480977309194003,2.074782677605716,0.09944584220647812,3,24,19,1.2105263
10,17,4040,00:00:02.8370000,29,29381,38321,96460376,99829376,32211878,132041254,58142598,190183852,3.849410207565436,3.0574034242270542,0.11651712656021118,4,29,22,1.2727273
10,18,4100,00:00:05.9480000,30,55275,72664,179904175,188062989,74293956,262356945,99324898,361681843,4.229196148449584,3.7892606319993525,0.12976431846618652,4,31,23,1.3043479
10,19,4164,00:00:12.7190000,36,106079,140335,338726452,357332819,170957652,528290471,171259230,699549701,4.574563872561096,3.7709832300549375,0.13969723880290985,5,37,28,1.2857143
10,20,4232,00:00:26.5590000,39,201567,269551,619520347,665544505,383851223,1049395728,295636277,1345032005,4.852821938066224,3.6553097522476747,0.1457817554473877,5,40,30,1.3
11,0,1737,00:00:00.0800000,1,1,2,1002,1002,0,1002,2530,3532,1,1,0,0,1,1,0
11,1,1926,00:00:00.0950000,1,3,4,2007,2009,0,2009,5280,7289,1,1,0,0,1,1,0
11,2,2096,00:00:00.1230000,1,2,7,4001,4003,0,4003,10169,14172,1,1,0,0,1,1,0
11,3,2265,00:00:00.1270000,1,2,8,8010,8017,0,8017,20055,28072,1,1,0,0,1,1,0
11,4,2444,00:00:00.1330000,2,3,10,16047,16048,0,16048,40826,56874,1.001807191375335,1.0036209577307644,0,1,2,1,1
11,5,2621,00:00:00.1400000,2,10,21,32143,32177,0,32177,82280,114457,1.0060666397038236,1.012206842737338,0,1,2,1,1
11,6,2787,00:00:00.1470000,2,26,45,64043,64242,0,64242,158730,222972,1.0154739784207485,1.031426573557902,0,1,2,1,1
11,7,2954,00:00:00.1590000,5,55,91,127947,128617,0,128617,312743,441360,1.040712169882842,1.0850876685720603,0.012644925154745579,1,5,4,1
11,8,3111,00:00:00.1900000,9,114,179,254437,256045,0,256045,601398,857443,1.0985469880559824,1.2202150952750628,0.03465140610933304,1,9,8,1
11,9,3254,00:00:00.2210000,12,219,336,508924,513463,0,513463,1124577,1638040,1.201000542320661,1.5012993483486539,0.06984441727399826,1,12,11,1
11,10,3380,00:00:00.2710000,14,427,649,1013035,1027317,1775,1029092,2046887,3075979,1.3383318444081398,1.9427545204555488,0.11655858904123306,1,14,13,1
11,11,3491,00:00:00.3540000,20,807,1199,1983226,2017837,32717,2050554,3632448,5683002,1.4919605733285062,2.3988728426503103,0.15903227031230927,2,20,18,1.0555556
11,12,3595,00:00:00.5000000,24,1463,2186,3810412,3903773,198513,4102286,6427529,10529815,1.643680001007765,2.6088154420048184,0.19661204516887665,2,24,22,1.0454545
11,13,3697,00:00:00.7510000,29,2745,4057,7187703,7438831,795732,8234563,11412479,19647042,1.790287940389301,2.5986476351277843,0.2248767912387848,2,29,26,1.0769231
11,14,3800,00:00:01.1590000,38,5000,7458,13305772,13900413,2556929,16457342,20297653,36754995,1.9426805900476876,2.6633985996694722,0.24033555388450623,2,38,33,1.1212121
11,15,3906,00:00:01.9750000,48,9205,13887,24216924,25611491,7167649,32779140,35997907,68777047,2.1123002244215656,3.0384639382239804,0.24631153047084808,3,48,42,1.1190476
11,16,4016,00:00:03.4860000,61,17095,25908,43976347,47155910,18447925,65603835,63464471,129068306,2.342241910179579,4.098945958301583,0.26241564750671387,4,61,49,1.2244898
11,17,4123,00:00:07.3510000,67,31666,47997,80514612,87854093,43373502,131227595,107853250,239080845,2.7623801503260053,6.570473361081217,0.28757935762405396,4,67,53,1.245283
11,18,4215,00:00:13.9290000,66,58469,87118,153770196,169351879,93035090,262386969,170576965,432963934,3.4746534822651847,5.90529898469838,0.2795542776584625,5,66,50,1.3
11,19,4295,00:00:24.5420000,60,109410,158073,300382648,332798065,195461707,528259772,260008104,788267876,4.171029589565373,2.8146137460125806,0.22133582830429077,5,60,45,1.3111111
11,20,4371,00:00:42.8850000,57,204115,289641,570865864,636985808,412342332,1049328140,398637609,1447965749,4.671292813542622,1.9441193101196037,0.16202162206172943,6,57,42,1.3333334
12,0,1775,00:00:00.0250000,1,2,2,1004,1005,0,1005,2430,3435,1,1,0,0,1,1,0
12,1,1910,00:00:00.0330000,1,1,2,2005,2005,0,2005,4291,6296,1,1,0,0,1,1,0
12,2,2087,00:00:00.0500000,1,1,3,4014,4014,0,4014,9424,13438,1,1,0,0,1,1,0
12,3,2253,00:00:00.0520000,1,4,6,7994,8007,0,8007,18996,27003,1,1,0,0,1,1,0
12,4,2435,00:00:00.0550000,3,8,14,16039,16050,0,16050,39904,55954,1.0066712388552903,1.013454116472672,0,1,3,2,1
12,5,2601,00:00:00.0680000,4,18,30,31982,32054,0,32054,77718,109772,1.0169783002939152,1.034706617048657,0.013996885158121586,1,4,3,1
12,6,2764,00:00:00.0730000,6,30,50,64009,64149,0,64149,153243,217392,1.0507428642847099,1.0992594931322481,0.03501878306269646,2,6,4,1.25
12,7,2917,00:00:00.0800000,7,59,97,127580,128256,0,128256,293080,421336,1.152837435334692,1.2940776476560332,0.08036501705646515,2,7,5,1.2
12,8,3040,00:00:00.0890000,8,94,154,254469,256388,0,256388,514949,771337,1.407267682900471,1.8481045463974193,0.14866521954536438,2,8,6,1.1666666
12,9,3130,00:00:00.1000000,9,177,265,508426,513449,0,513449,841294,1354743,1.7818699279737857,2.7359675595171575,0.18134361505508423,2,9,7,1.1428572
12,10,3199,00:00:00.1150000,12,340,486,1023983,1034327,1063,1035390,1345198,2380588,2.1572428448519165,2.873646533037118,0.19304819405078888,3,12,9,1.2222222
12,11,3255,00:00:00.1370000,12,614,849,2011104,2036092,19448,2055540,2145345,4200885,2.442322724235047,2.3239311721138436,0.19584546983242035,3,12,9,1.2222222
12,12,3308,00:00:00.1830000,14,1139,1528,3940519,3992924,124020,4116944,3570227,7687171,2.6542993448324954,1.8888537228162727,0.17883391678333282,3,14,10,1.3
12,13,3361,00:00:00.2590000,15,2196,2876,7576712,7699873,517388,8217261,6156299,14373560,2.810968398957226,1.6569724856207837,0.16962015628814697,3,15,11,1.2727273
12,14,3418,00:00:00.3920000,19,4280,5540,14516827,14784951,1780598,16565549,11082322,27647871,2.9377087017707106,1.5863162691745238,0.14665764570236206,3,19,15,1.2
12,15,3479,00:00:00.6670000,23,8155,10711,27065814,27712862,5262452,32975314,20163480,53138794,3.054559341906362,1.6514333394978686,0.12729977071285248,4,23,16,1.375
12,16,3547,00:00:01.2080000,28,15562,20688,50190822,51731233,14356384,66087617,37267480,103355097,3.1927350183665055,1.9044423377816748,0.11909426748752594,4,28,20,1.35
12,17,3621,00:00:02.3130000,30,29517,39983,91322927,95465762,36191777,131657539,68269729,199927268,3.3637942090927506,2.4675960673675132,0.11016587913036346,4,30,23,1.2608696
12,18,3701,00:00:05,41,55801,77239,167063212,176706171,86456074,263162245,123439945,386602190,3.6160626134735154,3.782252579410135,0.1213948056101799,5,41,31,1.2903225
12,19,3785,00:00:12.8960000,52,106308,148769,305872575,329330371,197516184,526846555,217792990,744639545,3.9482552432168854,6.596701862887944,0.13920854032039642,5,53,39,1.3333334
12,20,3871,00:00:30.3840000,65,201717,285476,562751240,617490265,433558469,1051048734,374690800,1425739534,4.347775356301303,11.452547499399804,0.22229409217834473,5,66,50,1.3
13,0,1600,00:00:00.0410000,3,3,3,1004,1004,0,1004,2615,3619,1.092629482071713,1.1957854429977521,0,2,3,1,2
13,1,1738,00:00:00.0570000,3,3,3,2007,2007,0,2007,4560,6567,1.2127553562531141,1.4871974648108348,0,2,3,1,2
13,2,1855,00:00:00.0740000,3,3,5,4018,4018,0,4018,7853,11871,1.4044300647088104,1.9468889260084528,0,2,3,1,2
13,3,1949,00:00:00.0760000,3,6,8,8038,8045,0,8045,13240,21285,1.7021647175914407,2.636518593284984,0,2,3,1,2
13,4,2023,00:00:00.0770000,4,10,12,16041,16080,0,16080,21492,37572,1.9656505205411134,2.978509259658918,0.015133938752114773,2,4,2,1.5
13,5,2085,00:00:00.0880000,7,20,24,31992,32045,0,32045,35633,67678,2.2337146786696676,2.8239912905839235,0.026752090081572533,3,7,4,1.5
13,6,2140,00:00:00.0890000,7,31,38,64469,64643,0,64643,60774,125417,2.4546681350726707,2.3558813969630927,0.03260962665081024,3,7,4,1.5
13,7,2189,00:00:00.0910000,8,45,55,127801,128159,0,128159,105692,233851,2.620816738523173,1.9677803191821563,0.03443693742156029,3,8,5,1.4
13,8,2235,00:00:00.0940000,8,69,84,255523,256836,0,256836,189531,446367,2.7468877557010525,1.7068623241588468,0.03663885220885277,3,8,5,1.4
13,9,2279,00:00:00.0980000,10,154,179,516049,519161,0,519161,351819,870980,2.850289410501716,1.5650971255646218,0.03888656198978424,3,10,7,1.2857143
13,10,2320,00:00:00.1050000,13,295,348,1021762,1028557,677,1029234,653370,1682604,2.9361015578970444,1.515528372688381,0.03979988023638725,3,13,10,1.2
13,11,2361,00:00:00.1180000,16,572,681,2043581,2055713,15224,2070937,1242078,3313015,3.022998843696433,1.5504746079654548,0.04229917749762535,4,16,12,1.25
13,12,2402,00:00:00.1440000,16,1036,1275,3988658,4025077,102050,4127127,2350328,6477455,3.11008514643271,1.6597846565487586,0.04687736555933952,4,16,12,1.25
13,13,2445,00:00:00.1950000,17,2085,2551,7711256,7809675,442801,8252476,4455550,12708026,3.214730518608123,1.8845587511891448,0.05549679696559906,4,17,12,1.3333334
13,14,2491,00:00:00.2960000,19,4059,4993,14795878,15040098,1529388,16569486,8426766,24996252,3.3477754412411347,2.2891940797317876,0.06757531315088272,4,19,14,1.2857143
13,15,2540,00:00:00.4810000,19,7932,9792,27975233,28662813,4556261,33219074,15724689,48943763,3.5201160612317333,2.938128624211375,0.08334178477525711,3,19,15,1.2
13,16,2592,00:00:00.9150000,24,15227,19039,52622647,54121276,12233389,66354665,28820760,95175425,3.7389648605095824,3.8968490727948977,0.10194671899080276,4,24,18,1.2777778
13,17,2647,00:00:01.7230000,29,29049,36897,98242934,101634445,30538935,132173380,51883495,184056875,3.998629641903814,4.786824315918453,0.11697296798229218,4,29,23,1.2173913
13,18,2705,00:00:03.9640000,34,55146,71165,182112335,190441451,72462038,262903489,91764238,354667727,4.299519491636851,5.00311829972157,0.13008971512317657,5,34,26,1.2692307
13,19,2767,00:00:09.6910000,38,106048,138320,340861086,361736540,167719704,529456244,161490323,690946567,4.6554679051864545,4.914504422087786,0.22052645683288574,6,38,29,1.2758621
13,20,2829,00:00:20.8470000,48,202678,266065,642366351,687358996,366616942,1053975938,274624208,1328600146,5.147032323304245,5.745429238066689,0.2184208631515503,6,48,38,1.2368422
14,0,1728,00:00:00.0300000,2,2,2,1001,1001,0,1001,2599,3600,1.003996003996004,1.0080239645142173,0,1,2,1,1
14,1,1901,00:00:00.0400000,2,2,2,2003,2003,0,2003,5082,7085,1.0139790314528208,1.0283487038546895,0,1,2,1,1
14,2,2072,00:00:00.0600000,2,3,5,4005,4006,0,4006,9897,13903,1.033458177278402,1.0691498856899837,0,1,2,1,1
14,3,2230,00:00:00.0620000,2,4,8,8015,8018,0,8018,18852,26870,1.070991890205864,1.1519463989687306,0,1,2,1,1
14,4,2381,00:00:00.0650000,2,7,12,16001,16023,0,16023,36251,52274,1.1511780513717893,1.345255011210465,0,1,2,1,1
14,5,2512,00:00:00.0670000,2,13,21,32144,32203,0,32203,66098,98301,1.2812655550024887,1.67872688324671,0,1,2,1,1
14,6,2628,00:00:00.0700000,4,31,44,64101,64222,0,64222,119508,183730,1.4246735620349136,1.9626852230706726,0.011228877119719982,2,4,2,1.5
14,7,2730,00:00:00.0840000,5,44,67,127631,128097,0,128097,213493,341590,1.5702376381913485,1.998919701412072,0.01541119534522295,2,5,3,1.3333334
14,8,2822,00:00:00.0900000,7,95,137,256086,257229,0,257229,381813,639042,1.7061651164062073,1.830244939047394,0.018779275938868523,2,7,5,1.2
14,9,2905,00:00:00.1010000,9,195,267,512229,514875,0,514875,687182,1202057,1.8204377339041717,1.667530288076797,0.021515294909477234,2,9,7,1.1428572
14,10,2982,00:00:00.1180000,10,324,469,1016781,1024285,1184,1025469,1252218,2277687,1.9237869315024572,1.5941094296422356,0.024888021871447563,2,10,8,1.125
14,11,3056,00:00:00.1480000,11,652,912,2014311,2035959,24596,2060555,2313612,4374167,2.0297863636747255,1.6387084961350717,0.03090149722993374,2,11,9,1.1111112
14,12,3128,00:00:00.2090000,12,1293,1745,3902484,3961916,157049,4118965,4256742,8375707,2.145895537303933,1.8246076317737898,0.04378502070903778,3,12,9,1.2222222
14,13,3201,00:00:00.3160000,15,2435,3304,7449254,7595918,648411,8244329,7827043,16071372,2.2808004667312995,2.199814457075653,0.06370045244693756,3,15,11,1.2727273
14,14,3276,00:00:00.5110000,21,4545,6219,14030605,14329461,2129183,16458644,14292833,30751477,2.4427164758754167,2.8408233781104153,0.08971398323774338,4,21,16,1.25
14,15,3354,00:00:00.9140000,23,8539,11804,26056241,26801949,6089727,32891676,25847658,58739334,2.634343879456749,3.7418945014683898,0.12401900440454483,4,23,18,1.2222222
14,16,3434,00:00:01.5710000,24,16029,22341,47903000,49843841,15725355,65569196,45823706,111392902,2.892820574911801,4.921141979924164,0.35405445098876953,4,24,18,1.2777778
14,17,3514,00:00:02.9130000,27,30061,42097,88869050,93597322,37679825,131277147,79064669,210341816,3.267475302143997,6.251063871969619,0.3574775755405426,5,27,19,1.3684211
14,18,3591,00:00:06.6310000,32,56566,79172,167490092,178193786,85251872,263445658,131883622,395329280,3.7558259446176674,5.900775562233946,0.26858264207839966,5,32,22,1.4090909
14,19,3665,00:00:14.2120000,36,106752,148414,316816314,340380441,186726821,527107262,214840735,741947997,4.268473434736066,4.210175193962271,0.22838057577610016,5,36,27,1.2962962
14,20,3739,00:00:28.6950000,41,202930,280913,597758213,649063071,404389685,1053452756,349892624,1403345380,4.720764238165306,3.474153920735458,0.1744781881570816,6,41,30,1.3333334
15,0,1502,00:00:00.0220000,1,1,1,1003,1003,0,1003,2828,3831,1,1,0,0,1,1,0
15,1,1682,00:00:00.0410000,1,1,1,2013,2013,0,2013,5475,7488,1,1,0,0,1,1,0
15,2,1852,00:00:00.0590000,4,5,5,4003,4004,0,4004,10388,14392,1.010242318261304,1.0207597329246079,0,1,4,3,1
15,3,2026,00:00:00.0710000,4,7,7,8022,8028,0,8028,20472,28500,1.0362752430815259,1.076188657928981,0.034324340522289276,1,4,3,1
15,4,2191,00:00:00.0730000,4,11,11,16006,16042,0,16042,39829,55871,1.0813444958140697,1.181720034956702,0.07919521629810333,1,4,3,1
15,5,2337,00:00:00.0760000,5,18,20,31978,32055,0,32055,73083,105138,1.1754643817624617,1.4489568466014981,0.14458151161670685,1,5,4,1
15,6,2469,00:00:00.0790000,7,24,35,64093,64243,0,64243,133613,197856,1.3112664409529902,1.9762053905756867,0.20780324935913086,1,7,6,1
15,7,2583,00:00:00.0830000,8,40,64,128567,128872,0,128872,238152,367024,1.4601725170533653,2.775670703931627,0.2861010432243347,1,8,7,1
15,8,2682,00:00:00.0890000,8,91,136,256180,257477,0,257477,420267,677744,1.595499258333984,3.5862405958422734,0.37109747529029846,1,8,7,1
15,9,2772,00:00:00.1010000,11,181,261,510698,513912,0,513912,751112,1265024,1.7110934446580954,4.064070726804329,0.43911147117614746,2,11,8,1.25
15,10,2856,00:00:00.1190000,13,332,478,1019323,1027800,1308,1029108,1368244,2397352,1.8068090291301186,4.14347605544024,0.48967602849006653,2,13,9,1.3333334
15,11,2937,00:00:00.1530000,15,657,914,2011823,2032168,26633,2058801,2534639,4593440,1.8857469071583335,4.079784159330838,0.5181645750999451,2,15,11,1.2727273
15,12,3018,00:00:00.2310000,15,1236,1759,3863146,3926594,169465,4096059,4717315,8813374,1.9549429402875274,4.042790028712299,0.5336933135986328,2,15,11,1.2727273
15,13,3103,00:00:00.3470000,19,2434,3435,7314495,7483231,709372,8192603,8867767,17060370,2.0327850384749735,4.210759404336451,0.5336745977401733,3,19,14,1.2857143
15,14,3194,00:00:00.5890000,25,4678,6669,13678534,14110806,2378783,16489589,16709597,33199186,2.138566311272831,4.756772553000866,0.5187272429466248,3,25,19,1.2631578
15,15,3288,00:00:01.0580000,31,8847,12764,25090363,26207742,6760604,32968346,30657992,63626338,2.322426742092173,6.09373051282492,0.5003868341445923,3,31,24,1.25
15,16,3376,00:00:01.8500000,40,16534,23792,46703636,49291778,16572286,65864064,52528667,118392731,2.8018608444104864,9.126506451384184,0.4717552363872528,5,40,28,1.3928572
15,17,3445,00:00:03.1120000,42,30537,42602,91184596,96865399,35507365,132372764,80991415,213364179,3.6969281412399964,8.372116455230433,0.47198209166526794,7,42,26,1.5769231
15,18,3496,00:00:05.3980000,39,56863,75916,181908626,193366356,70307165,263673521,115641734,379315255,4.745100383529916,5.904795998591191,0.3086279630661011,8,39,22,1.7272727
15,19,3533,00:00:08.8220000,29,109052,137771,377018320,400707156,131115339,531822495,156539372,688361867,6.088195303082355,5.97780168782774,0.1945260912179947,7,30,14,2.0714285
15,20,3560,00:00:13.2900000,30,210000,252869,779092642,820882694,236784913,1057667607,205381732,1263049339,7.24548603425265,4.5545834258984055,0.11872226744890213,7,31,16,1.875
16,0,1267,00:00:00.0260000,1,1,1,1004,1004,0,1004,2517,3521,1,1,0,0,1,1,0
16,1,1402,00:00:00.0360000,2,2,2,2002,2002,0,2002,4309,6311,1.0054945054945055,1.0110494464112565,0,1,2,1,1
16,2,1564,00:00:00.0560000,2,2,5,4005,4005,0,4005,8970,12975,1.0087390761548065,1.01763082639674,0,1,2,1,1
16,3,1731,00:00:00.0580000,2,8,11,8009,8023,0,8023,18421,26444,1.0254713447371706,1.0522384641487854,0,1,2,1,1
16,4,1905,00:00:00.0610000,4,10,17,16051,16072,0,16072,38863,54935,1.0798704130583765,1.1728560837469375,0.011851441115140915,1,4,3,1
16,5,2058,00:00:00.0740000,4,12,25,31953,32014,0,32014,74110,106124,1.1577942603198448,1.365413869960284,0.026596257463097572,1,4,3,1
16,6,2190,00:00:00.0780000,5,27,46,64116,64226,0,64226,134538,198764,1.2763896687254352,1.6833557325619568,0.041681572794914246,1,5,4,1
16,7,2306,00:00:00.0830000,5,46,81,128085,128539,0,128539,240569,369108,1.4211500175664598,2.0050693364879653,0.06298383325338364,1,5,4,1
16,8,2409,00:00:00.0900000,7,89,144,255807,256858,0,256858,429832,686690,1.5672792378629201,2.0757618852368935,0.07783609628677368,2,7,5,1.2
16,9,2501,00:00:00.1010000,8,177,258,509564,512257,0,512257,767646,1279903,1.6914793823739511,1.902897715896006,0.0936192199587822,2,8,6,1.1666666
16,10,2587,00:00:00.1200000,8,343,512,1021679,1030511,1342,1031853,1399443,2431296,1.7910557034058643,1.6857798196437623,0.10412067919969559,2,8,6,1.1666666
16,11,2668,00:00:00.1550000,9,654,959,2003998,2031179,26577,2057756,2563617,4621373,1.8708860986887212,1.5350029790410313,0.11179585009813309,2,9,7,1.1428572
16,12,2750,00:00:00.2350000,12,1283,1829,3871917,3947992,172207,4120199,4780263,8900462,1.9437020473321096,1.4715452986983986,0.11414383351802826,2,12,10,1.1
16,13,2835,00:00:00.3660000,20,2490,3524,7345183,7517968,716084,8234052,8946689,17180741,2.0321953857378365,1.5215743285033367,0.1157548800110817,2,20,17,1.117647
16,14,2924,00:00:00.6070000,25,4613,6662,13606520,14076997,2351422,16428419,16611220,33039639,2.149692573854299,1.7238036328491053,0.11831579357385635,3,25,20,1.2
16,15,3016,00:00:01.0850000,36,8572,12502,25040252,26128694,6642098,32770792,30203602,62974394,2.3520675830259217,2.2925635841472896,0.12991362810134888,4,36,28,1.25
16,16,3108,00:00:02.0370000,46,16133,23564,46457120,48898385,16933359,65831744,53153866,118985610,2.6744423890245455,3.683132402542476,0.16070032119750977,4,46,36,1.25
16,17,3196,00:00:04.4870000,55,30488,44118,87179206,92207186,39914476,132121662,89838737,221960399,3.1126432488958433,6.182382492671825,0.1995549350976944,5,55,41,1.3170732
16,18,3278,00:00:09.3760000,52,56686,81385,162239934,173997861,88371627,262369488,146142772,408512260,3.6160385149071868,7.9756244705954815,0.2173089236021042,6,52,37,1.3783784
16,19,3354,00:00:17.9590000,49,106904,150799,311267661,336819086,188639113,525458199,230770172,756228371,4.279389448041632,8.671856983995818,0.2002561092376709,6,50,34,1.4411764
16,20,3420,00:00:31.4460000,44,204898,281119,616397389,671622536,384193279,1055815815,350316503,1406132318,5.121988303879723,7.911998302540797,0.21722330152988434,5,44,31,1.3870968
17,0,1446,00:00:00.0240000,2,2,3,1001,1001,0,1001,2682,3683,1.05994005994006,1.1270075033251516,0,1,2,1,1
17,1,1601,00:00:00.0340000,2,2,3,2020,2020,0,2020,4839,6859,1.100990099009901,1.2218698509666055,0,1,2,1,1
17,2,1744,00:00:00.0520000,2,2,3,4010,4010,0,4010,9052,13062,1.211720698254364,1.5010284210350808,0,1,2,1,1
17,3,1879,00:00:00.0540000,2,3,4,7999,8005,0,8005,16807,24812,1.3651706463307913,1.864426708682967,0,1,2,1,1
17,4,1989,00:00:00.0560000,2,6,7,16052,16071,0,16071,29514,45585,1.5125841016695738,1.9987339273617357,0,1,2,1,1
17,5,2085,00:00:00.0580000,3,14,15,32069,32097,0,32097,51781,83878,1.6383423243630921,1.8624543281632275,0.011317690834403038,1,3,2,1
17,6,2172,00:00:00.0700000,3,29,36,63854,64014,0,64014,91657,155671,1.738058696401165,1.6367467403395466,0.016580326482653618,1,3,2,1
17,7,2255,00:00:00.0730000,3,52,68,127614,128282,0,128282,167787,296069,1.8168696224552165,1.4338381941788323,0.0208914652466774,1,3,2,1
17,8,2334,00:00:00.0780000,6,99,129,254701,256041,0,256041,312601,568642,1.878304364725698,1.3035759008264958,0.020973747596144676,2,6,4,1.25
17,9,2411,00:00:00.0880000,8,179,241,508665,512467,0,512467,595429,1107896,1.925670136533868,1.2229338257851583,0.021703921258449554,2,8,6,1.1666666
17,10,2486,00:00:00.1030000,11,312,434,1018547,1028108,1186,1029294,1147688,2176982,1.9679062429126981,1.191450891623593,0.02212963066995144,2,11,9,1.1111112
17,11,2560,00:00:00.1320000,13,605,830,2011158,2038813,24849,2063662,2212479,4276141,2.0093274620890056,1.2009753085711627,0.023468950763344765,2,13,11,1.0909091
17,12,2635,00:00:00.1930000,16,1208,1651,3861399,3939114,161293,4100407,4239798,8340205,2.058493566709889,1.2643680503543577,0.026677146553993225,2,16,14,1.0714285
17,13,2715,00:00:00.3120000,23,2266,3139,7369052,7555200,687401,8242601,8162439,16405040,2.1348880425867534,1.428225586454449,0.03426642715930939,3,23,19,1.1578947
17,14,2799,00:00:00.5080000,30,4511,6289,13758507,14199639,2281774,16481413,15417793,31899206,2.2474601350277323,1.7729383837320611,0.052157554775476456,3,30,25,1.16
17,15,2887,00:00:00.9520000,39,8494,12065,25389821,26429587,6528306,32957893,28475114,61433007,2.4252193034366014,2.5249933299257052,0.08735870569944382,4,39,31,1.2258065
17,16,2976,00:00:01.9490000,48,15991,22891,46591688,49048711,16695002,65743713,50725577,116469290,2.7023873872094955,4.26016815954198,0.13664540648460388,4,48,38,1.2368422
17,17,3062,00:00:04.4780000,56,30213,43278,86862132,92429735,39291477,131721212,86476931,218198143,3.1523492768977857,8.193772299501388,0.40947380661964417,5,56,40,1.375
17,18,3140,00:00:08.9880000,57,56713,80187,164620757,177079261,86256848,263336109,139923268,403259377,3.755193641832178,11.911514235273874,0.33981263637542725,4,57,41,1.3658537
17,19,3211,00:00:16.6260000,55,107048,148641,315518834,342625588,183425613,526051201,219265164,745316365,4.38099306300048,10.127655455029647,0.3645387887954712,5,55,38,1.4210526
17,20,3280,00:00:30.5770000,54,204477,280458,608907053,665564092,391628455,1057192547,345135231,1402327778,4.937868298924105,7.5377921840427655,0.3026142716407776,5,54,36,1.4722222
18,0,1811,00:00:00.0830000,1,1,1,1004,1004,0,1004,2707,3711,1,1,0,0,1,1,0
18,1,1971,00:00:00.0980000,2,2,3,2013,2013,0,2013,4927,6940,1.00347739692002,1.00697897310243,0,1,2,1,1
18,2,2129,00:00:00.1290000,1,3,4,4004,4007,0,4007,9501,13508,1,1,0,0,1,1,0
18,3,2298,00:00:00.1340000,4,7,9,8012,8019,0,8019,19136,27155,1.0044932601098353,1.009040521718993,0,1,4,3,1
18,4,2467,00:00:00.1540000,4,8,11,15993,16019,0,16019,38604,54623,1.0070655911961484,1.0142622010487896,0,1,4,3,1
18,5,2640,00:00:00.1600000,6,20,28,31990,32048,0,32048,78589,110637,1.0168802750859645,1.0345505387968519,0.014708119444549084,1,6,5,1
18,6,2809,00:00:00.1700000,7,42,57,63958,64300,0,64300,156431,220731,1.0392914099878046,1.083002432182855,0.03324215114116669,1,7,6,1
18,7,2967,00:00:00.1840000,9,73,107,127055,128238,0,128238,301727,429965,1.088804061233324,1.2015876915731885,0.0693516731262207,1,9,8,1
18,8,3111,00:00:00.2020000,15,93,151,253979,256815,0,256815,565057,821872,1.1920158753282752,1.503348403072256,0.13447608053684235,2,15,13,1.0769231
18,9,3235,00:00:00.2260000,23,216,310,508988,514131,0,514131,1017957,1532088,1.385657422178912,2.191200571875024,0.2307223528623581,3,23,19,1.1578947
18,10,3328,00:00:00.2580000,26,363,530,1012896,1025997,1245,1027242,1690336,2717578,1.7760214276687833,3.686524384327327,0.30946701765060425,4,26,20,1.25
18,11,3391,00:00:00.2970000,27,665,921,2019170,2048123,20569,2068692,2579081,4647773,2.375769746975242,4.972047333825019,0.30617526173591614,4,27,20,1.3
18,12,3437,00:00:00.3520000,25,1200,1616,3978373,4046078,112355,4158433,3812459,7970892,2.950535306769878,3.691316340225325,0.26369166374206543,4,25,18,1.3333334
18,13,3476,00:00:00.4110000,23,2189,2805,7679228,7830853,419179,8250032,5715123,13965155,3.3874899924836193,2.634630459160262,0.21266229450702667,4,23,17,1.2941177
18,14,3514,00:00:00.5150000,24,4100,5092,14832870,15123158,1337384,16460542,8974904,25435446,3.7200549859872027,2.2030914853671524,0.1771952509880066,5,24,15,1.5333333
18,15,3554,00:00:00.7850000,23,7891,9698,28650836,29276207,3935055,33211262,14907754,48119016,3.969175210105562,2.100946308517779,0.13810893893241882,4,23,15,1.4666667
18,16,3596,00:00:01.2130000,24,14733,18236,53918478,55219885,10529077,65748962,25449677,91198639,4.172552496752598,2.2143527213876535,0.11125048249959946,4,24,16,1.4375
18,17,3643,00:00:02.2810000,24,28318,35243,101656328,104676209,27188477,131864686,45094006,176958692,4.369293311479832,2.4893992929006914,0.09270361810922623,4,24,17,1.3529412
18,18,3695,00:00:04.9300000,26,54864,69100,190156652,197213800,67283757,264497557,80937212,345434769,4.581541675439258,2.9126155462495436,0.08215795457363129,4,26,19,1.3157895
18,19,3752,00:00:10.9410000,28,105224,134731,351520618,368404839,159135482,527540321,145213431,672753752,4.812121996212467,3.4531033378375855,0.08332424610853195,5,28,20,1.35
18,20,3815,00:00:24.0170000,30,200819,262139,645242300,688173735,366205236,1054378971,260592733,1314971704,5.0715039513063545,4.052460547570825,0.1273445338010788,4,30,22,1.3181819
1,0,1831,00:00:00.0280000,1,2,2,1003,1004,0,1004,2186,3190,1,1,0,0,1,1,0
1,1,2019,00:00:00.0370000,1,1,2,2001,2001,0,2001,4872,6873,1,1,0,0,1,1,0
1,2,2185,00:00:00.0550000,1,2,3,4000,4002,0,4002,9504,13506,1,1,0,0,1,1,0
1,3,2363,00:00:00.0650000,2,3,5,8007,8012,0,8012,19786,27798,1.0012489072061945,1.0025009116894863,0,1,2,1,1
1,4,2541,00:00:00.0690000,3,6,12,16043,16052,0,16052,40247,56299,1.0062955806270648,1.0126902598454361,0,1,3,2,1
1,5,2719,00:00:00.0810000,4,13,23,32089,32106,0,32106,81601,113707,1.0136183738975972,1.027717456734896,0.009579767473042011,1,4,3,1
1,6,2887,00:00:00.0850000,4,28,42,63937,64056,0,64056,159567,223623,1.0315935999499508,1.0658245099461536,0.02619750425219536,1,4,3,1
1,7,3051,00:00:00.0930000,6,58,92,127540,128034,0,128034,309950,437984,1.0832131096126705,1.1766809927373834,0.05561329424381256,2,6,4,1.25
1,8,3197,00:00:00.1030000,8,100,164,254979,256503,0,256503,578037,834540,1.1970946626977124,1.4443888877249336,0.10440374910831451,2,8,6,1.1666666
1,9,3317,00:00:00.1190000,10,195,309,509033,513362,0,513362,1015053,1528415,1.428730553814782,2.1090064512937006,0.1632348597049713,2,10,8,1.125
1,10,3409,00:00:00.1420000,11,365,546,1018020,1029652,1338,1030990,1683372,2714362,1.7520864030176224,3.2463341651243427,0.20933161675930023,2,11,9,1.1111112
1,11,3481,00:00:00.1740000,13,649,946,2003387,2027870,23475,2051345,2707381,4758726,2.0812369252670604,3.8064422084957075,0.23412005603313446,3,13,10,1.2
1,12,3545,00:00:00.2370000,12,1267,1749,3923131,3981982,143028,4125010,4425060,8550070,2.3657540367629832,3.2132174952448764,0.24653631448745728,3,12,9,1.2222222
1,13,3606,00:00:00.3190000,12,2335,3163,7553728,7693108,577714,8270822,7412272,15683094,2.586002567209198,2.532813744150451,0.23557889461517334,3,12,9,1.2222222
1,14,3668,00:00:00.4600000,11,4337,5812,14228294,14596822,1896452,16493274,12765824,29259098,2.7549047693279323,2.119103157950715,0.22707396745681763,3,11,8,1.25
1,15,3734,00:00:00.7690000,17,8297,11117,26531765,27287370,5504894,32792264,22547918,55340182,2.9060795993029487,1.9759640624338661,0.2147437036037445,4,17,12,1.3333334
1,16,3807,00:00:01.3750000,21,15776,21338,49057382,50857789,14886294,65744083,40833698,106577781,3.0550867961115413,2.0401586029971712,0.20540851354599,4,21,13,1.5384616
1,17,3887,00:00:02.8860000,27,29881,41200,90125053,94294356,37708438,132002794,74333784,206336578,3.2399094622446434,2.421964585011662,0.18253375589847565,4,27,19,1.3684211
1,18,3972,00:00:07.2370000,34,56513,79218,164272137,174129216,89463500,263592716,133076215,396668931,3.496032489064168,3.357054781584721,0.1702752560377121,4,34,26,1.2692307
1,19,4060,00:00:16.6040000,44,106991,151649,299910298,323606194,202295802,525901996,231877548,757779544,3.842890533222037,5.051406680881961,0.17533870041370392,5,44,32,1.34375
1,20,4150,00:00:35.1080000,54,202006,289577,551447891,606509925,442475292,1048985217,395849384,1444834601,4.253720527874863,6.448900634447907,0.1924641877412796,5,55,41,1.3170732
19,0,1492,00:00:00.0240000,1,1,1,1005,1005,0,1005,2688,3693,1,1,0,0,1,1,0
19,1,1648,00:00:00.0330000,1,1,1,2007,2007,0,2007,4998,7005,1,1,0,0,1,1,0
19,2,1840,00:00:00.0530000,1,2,4,4016,4018,0,4018,10684,14702,1,1,0,0,1,1,0
19,3,2012,00:00:00.0550000,1,4,6,8024,8033,0,8033,20635,28668,1,1,0,0,1,1,0
19,4,2179,00:00:00.0580000,2,9,15,16028,16054,0,16054,39729,55783,1.0018717244821562,1.003750416547501,0,1,2,1,1
19,5,2355,00:00:00.0620000,3,19,26,31939,32052,0,32052,80267,112319,1.0041641879833432,1.0083705172093,0,1,3,2,1
19,6,2526,00:00:00.0770000,6,36,53,63980,64224,0,64224,159014,223238,1.016161300406377,1.033038063560428,0.013319943100214005,1,6,5,1
19,7,2691,00:00:00.0840000,9,61,95,127705,128176,0,128176,312485,440661,1.0407971496809052,1.0863790240605171,0.032862015068531036,1,9,8,1
19,8,2850,00:00:00.0980000,10,115,181,254767,256835,0,256835,605070,861905,1.0932224346167283,1.2131013820796928,0.07374100387096405,1,10,9,1
19,9,2993,00:00:00.1190000,15,206,336,506889,512211,0,512211,1128423,1640634,1.1913140746790718,1.510427135617474,0.13688479363918304,1,15,14,1
19,10,3120,00:00:00.1540000,18,396,635,1009557,1025539,1772,1027311,2057234,3084545,1.3306995048323176,2.1088349065068583,0.2269269973039627,2,18,16,1.0625
19,11,3232,00:00:00.2320000,25,749,1172,1988358,2025647,33082,2058729,3660646,5719375,1.4915875310180562,3.1695846972446513,0.31139010190963745,2,25,22,1.0909091
19,12,3335,00:00:00.3170000,30,1367,2082,3816185,3915209,198475,4113684,6434837,10548521,1.6557522761606158,4.635264376011607,0.38503384590148926,2,30,24,1.2083334
19,13,3434,00:00:00.4840000,36,2586,3844,7209824,7447286,781434,8228720,11265732,19494452,1.8346715537022817,6.28411340961163,0.4353167712688446,3,36,28,1.25
19,14,3530,00:00:00.7500000,45,4838,7137,13441410,13943712,2446566,16390278,19503046,35893324,2.0694748542005637,8.13480178049371,0.4423370659351349,4,45,34,1.2941177
19,15,3619,00:00:01.1970000,51,9002,13144,25428446,26483518,6531559,33015077,32572557,65587634,2.5181425557818202,11.018719798730208,0.37062960863113403,5,51,39,1.2820513
19,16,3688,00:00:01.8360000,46,16344,23044,48491291,50824982,14711075,65536057,49606927,115142984,3.2769326558041114,11.704373746920936,0.2833039164543152,5,46,34,1.3235294
19,17,3744,00:00:03.0250000,40,30187,40887,95701109,100762510,31734850,132497360,72778887,205276247,4.092183539900254,7.833903199867793,0.2007082849740982,6,40,30,1.3
19,18,3793,00:00:05.5520000,36,56224,73737,185052482,195245320,67583143,262828463,106342104,369170567,4.713777084059862,5.459203533895485,0.162136048078537,6,36,25,1.4
19,19,3843,00:00:10.4270000,32,106997,138074,356827074,379905606,149593661,529499267,162508106,692007373,5.175644345865975,4.235064502155936,0.1283452957868576,7,32,21,1.4761904
19,20,3895,00:00:19.9990000,40,204816,263100,682195014,726187964,331686274,1057874238,257802788,1315677026,5.579618487214566,3.8077496600027723,0.12590263783931732,7,40,30,1.3
20,0,1608,00:00:00.0410000,2,3,3,1005,1006,0,1006,2394,3400,1.0049751243781095,1.0099997819129871,0,1,2,1,1
20,1,1762,00:00:00.0770000,3,3,3,2005,2005,0,2005,4424,6429,1.0084788029925187,1.0171230173594217,0,1,3,2,1
20,2,1924,00:00:00.1040000,3,5,5,4006,4008,0,4008,9045,13053,1.0144782825761358,1.0294484911195005,0,1,3,2,1
20,3,2089,00:00:00.1070000,4,8,10,8026,8037,0,8037,18531,26568,1.037503114876651,1.0783532720857822,0.019933048635721207,1,4,3,1
20,4,2250,00:00:00.1090000,6,10,17,16042,16054,0,16054,37074,53128,1.0973070689440219,1.2178907600831805,0.04235528036952019,1,6,5,1
20,5,2394,00:00:00.1120000,6,12,26,31977,32005,0,32005,70340,102345,1.1917002845795415,1.4797654244890102,0.09495045989751816,1,6,5,1
20,6,2522,00:00:00.1160000,6,22,42,64049,64170,0,64170,128654,192824,1.3285141063872972,1.9364835302605108,0.16319489479064941,1,6,5,1
20,7,2632,00:00:00.1200000,6,41,75,127675,128051,0,128051,228703,356754,1.474086547875465,2.43004777765312,0.23832255601882935,1,6,5,1
20,8,2731,00:00:00.1260000,7,88,136,255447,256591,0,256591,409872,666463,1.6089443211311936,2.6859938498174523,0.28248316049575806,1,7,6,1
20,9,2821,00:00:00.1360000,8,158,242,510899,514480,0,514480,740349,1254829,1.7241685734362369,2.605718514882491,0.3371632397174835,2,8,6,1.1666666
20,10,2904,00:00:00.1530000,10,313,451,1015061,1024251,1285,1025536,1349673,2375209,1.81138079386362,2.407803365391766,0.3789251446723938,2,10,6,1.5
20,11,2985,00:00:00.1850000,13,669,935,1999703,2022958,26313,2049271,2512183,4561454,1.880792797730463,2.2442750646446457,0.37913423776626587,2,13,9,1.3333334
20,12,3068,00:00:00.2550000,17,1320,1816,3895891,3952910,173564,4126474,4755136,8881610,1.9431719213910246,2.162085711981504,0.3985987901687622,2,17,13,1.2307693
20,13,3154,00:00:00.3880000,19,2460,3464,7326426,7493316,720890,8214206,8970570,17184776,2.0027504543142864,2.1722143165989873,0.4083242118358612,2,19,15,1.2
20,14,3247,00:00:00.6370000,25,4703,6703,13557823,14021344,2409072,16430416,16990366,33420782,2.078551696684637,2.341805331561342,0.44740375876426697,2,25,21,1.1428572
20,15,3347,00:00:01.1580000,39,8905,12933,24824227,25895381,6957710,32853091,31823899,64676990,2.2044802039555953,2.8471305700514584,0.45430639386177063,3,39,31,1.2258065
20,16,3452,00:00:02.1270000,51,16972,24854,45017362,47636147,18082657,65718804,58093481,123812285,2.4081918660626984,4.0850723008487755,0.46708443760871887,4,51,39,1.2820513
20,17,3557,00:00:04.3020000,64,31409,46824,82391803,88507953,43192359,131700312,101827238,233527550,2.763902241585853,7.36548572468334,0.5061144828796387,4,64,48,1.3125
20,18,3654,00:00:09.7100000,72,57746,85784,152962238,166792447,95370766,262163213,168260058,430423271,3.2861950476953665,13.937962008174235,0.5042451620101929,5,72,50,1.42
20,19,3743,00:00:19.8580000,76,108042,157835,291869484,321213062,203835834,525048896,267589134,792638030,3.9065500043848367,12.92113326622447,0.43468230962753296,6,77,49,1.5510204
20,20,3826,00:00:37.3260000,71,204281,293797,554242136,622203443,428136504,1050339947,418293058,1468633005,4.50332663267594,8.5914716025893,0.4533255100250244,6,72,41,1.7317073
21,0,1315,00:00:00.0250000,2,2,2,1005,1005,0,1005,2519,3524,1.0517412935323383,1.1088051415381233,0,1,2,1,1
21,1,1456,00:00:00.0360000,2,2,2,2005,2005,0,2005,4544,6549,1.0987531172069827,1.2165477316626743,0,1,2,1,1
21,2,1607,00:00:00.0550000,2,3,3,4016,4018,0,4018,8965,12983,1.2300796812749004,1.5486734634715251,0,1,2,1,1
21,3,1720,00:00:00.0570000,2,3,5,8008,8011,0,8011,15240,23251,1.3545204795204795,1.8439007167601718,0,1,2,1,1
21,4,1828,00:00:00.0590000,2,7,11,15996,16018,0,16018,27435,43453,1.498062015503876,1.9999699541514713,0,1,2,1,1
21,5,1924,00:00:00.0600000,2,11,17,32101,32180,0,32180,49308,81488,1.6353073112987135,1.8635294959734505,0,1,2,1,1
21,6,2014,00:00:00.0620000,3,16,25,64223,64397,0,64397,90845,155242,1.743954657988571,1.6277864798300492,0,2,3,1,2
21,7,2096,00:00:00.0650000,4,36,51,127563,128055,0,128055,166348,294403,1.8262192014925958,1.433227503720505,0.01138446107506752,2,4,2,1.5
21,8,2175,00:00:00.0790000,7,72,98,257312,257896,0,257896,311406,569302,1.89011394727024,1.3139330486983454,0.015507706440985203,2,7,5,1.2
21,9,2250,00:00:00.0870000,8,152,198,512538,514237,0,514237,587213,1101450,1.9403010118274158,1.2497371097243382,0.015921780839562416,2,8,6,1.1666666
21,10,2323,00:00:00.1000000,9,296,387,1017306,1022860,1147,1024007,1123826,2147833,1.9893375247958824,1.2342980483462442,0.017268486320972443,3,9,6,1.3333334
21,11,2396,00:00:00.1270000,10,600,805,2023805,2040572,24504,2065076,2169811,4234887,2.052770894429058,1.2837569384218939,0.020471137017011642,3,10,6,1.5
21,12,2468,00:00:00.1810000,11,1185,1602,3928232,3977089,158256,4135345,4121100,8256445,2.1571864900036455,1.4470265298808376,0.03038456290960312,3,11,6,1.6666666
21,13,2538,00:00:00.2870000,13,2271,3081,7446838,7574894,629837,8204731,7536548,15741279,2.345601448561121,1.8449704393919586,0.051675718277692795,4,13,7,1.7142857
21,14,2606,00:00:00.4370000,15,4313,5807,14170497,14467480,1994896,16462376,13361358,29823734,2.650696796308556,2.751052250757332,0.2630468010902405,4,15,9,1.5555556
21,15,2670,00:00:00.7790000,17,8255,11062,27026237,27679556,5459317,33138873,22822782,55961655,3.0421573673020035,4.2497860744337865,0.3329135477542877,4,17,10,1.6
21,16,2730,00:00:01.3960000,16,15472,20556,50550255,52143918,13498833,65642751,37816819,103459570,3.4329690720650174,5.32088761287982,0.4324497580528259,4,16,9,1.6666666
21,17,2791,00:00:02.9590000,20,29153,38748,95437194,98884820,32487770,131372590,63204209,194576799,3.795842520265212,5.363887853556645,0.42490261793136597,5,20,11,1.7272727
21,18,2855,00:00:06.2960000,25,55477,73861,179872086,187069507,76864026,263933533,107242064,371175597,4.12251618074858,4.864534148820263,0.43276649713516235,4,25,17,1.4117647
21,19,2923,00:00:13.2830000,25,105033,141150,330753405,348791436,176920383,525711819,183751529,709463348,4.391694755190804,4.191999580780662,0.3718434274196625,4,25,17,1.4117647
21,20,2998,00:00:28.6160000,32,201103,274061,604916034,649074032,402849659,1051923691,320905981,1372829672,4.648407854899082,3.720971386479915,0.304291307926178,4,32,23,1.3478261
22,0,1438,00:00:00.0370000,1,2,2,1002,1003,0,1003,2333,3336,1,1,0,0,1,1,0
22,1,1599,00:00:00.0460000,2,2,3,2001,2001,0,2001,4612,6613,1.0034982508745627,1.007020987440732,0,1,2,1,1
22,2,1765,00:00:00.0660000,2,3,6,4016,4018,0,4018,9293,13311,1.0089641434262948,1.0180889269157036,0,1,2,1,1
22,3,1934,00:00:00.0680000,2,4,7,8041,8045,0,8045,18946,26991,1.0254943414998134,1.0522868182474325,0,1,2,1,1
22,4,2103,00:00:00.0700000,4,9,15,15986,16009,0,16009,38524,54533,1.0617415238333543,1.131470677476202,0.011927411891520023,1,4,3,1
22,5,2255,00:00:00.0830000,5,12,22,32080,32127,0,32127,73266,105393,1.1382793017456359,1.3153889612601584,0.020625319331884384,1,5,4,1
22,6,2390,00:00:00.0860000,7,24,39,63927,64031,0,64031,134538,198569,1.2589985452156365,1.635323928559749,0.040872056037187576,2,7,5,1.2
22,7,2508,00:00:00.0910000,7,49,70,127566,128009,0,128009,241872,369881,1.4173290688741513,2.022939088680966,0.0639272928237915,2,7,5,1.2
22,8,2610,00:00:00.0970000,8,88,130,255609,256803,0,256803,427791,684594,1.589541056848546,2.245410822579339,0.08278341591358185,2,8,6,1.1666666
22,9,2697,00:00:00.1070000,9,175,249,510553,513727,0,513727,745125,1258852,1.760095425940108,2.2828235216728476,0.08993597328662872,2,9,7,1.1428572
22,10,2775,00:00:00.1240000,10,337,479,1022056,1031140,1206,1032346,1316234,2348580,1.9302954045570888,2.3083859950575785,0.0929519310593605,2,10,8,1.125
22,11,2845,00:00:00.1520000,12,609,871,2009795,2035001,23516,2058517,2319256,4377773,2.10476192845539,2.4132453449727533,0.09064209461212158,3,12,9,1.2222222
22,12,2911,00:00:00.2020000,16,1199,1647,3902679,3957555,146419,4103974,4094534,8198508,2.2843895180720732,2.5538077231998377,0.08303035795688629,4,16,12,1.25
22,13,2976,00:00:00.3000000,18,2303,3115,7480964,7609590,596017,8205607,7261252,15466859,2.4742396835488045,2.633246505241482,0.07613470405340195,4,18,14,1.2142857
22,14,3041,00:00:00.4440000,18,4375,5874,14161996,14496194,1935696,16431890,12840164,29272054,2.7040500505719676,2.708674542638773,0.07328052073717117,4,18,14,1.2142857
22,15,3105,00:00:00.7430000,23,8321,11077,26949465,27649508,5419887,33069395,22291100,55360495,3.041996343897736,3.0854115442663907,0.07055148482322693,5,23,17,1.2941177
22,16,3164,00:00:01.2200000,25,15490,20522,50717675,52233687,13312462,65546149,36984354,102530503,3.4898278953047432,3.6764582574926448,0.06932977586984634,5,25,19,1.2631578
22,17,3221,00:00:02.1470000,23,29515,38673,96913129,100669951,31354910,132024861,60680069,192704930,3.983203472875177,3.4953167275445898,0.06691602617502213,5,23,17,1.2941177
22,18,3277,00:00:04.4790000,26,55787,72676,184419047,192771615,71869406,264641021,99217576,363858597,4.422952071756449,2.824809675904115,0.08701149374246597,6,26,19,1.3157895
22,19,3335,00:00:10.0050000,29,106115,138307,346701150,365314556,162823720,528138276,164563791,692702067,4.7787846795431745,2.4812824121458075,0.07589571177959442,5,29,23,1.2173913
22,20,3397,00:00:21.2380000,32,201747,265100,641738525,685387175,364721305,1050108480,277902266,1328010746,5.093451456728424,2.5587894982946637,0.07312697172164917,6,32,23,1.3478261
23,0,1083,00:00:00.0200000,1,1,1,1004,1004,0,1004,2101,3105,1,1,0,0,1,1,0
23,1,1258,00:00:00.0290000,2,3,3,1999,2001,0,2001,4566,6567,1.0015007503751876,1.0030059557529671,0,1,2,1,1
23,2,1421,00:00:00.0480000,4,5,5,4008,4010,0,4010,9401,13411,1.0072355289421158,1.0146049693448658,0,1,4,3,1
23,3,1590,00:00:00.0600000,3,7,9,8006,8023,0,8023,18918,26941,1.0227329502872846,1.0466091359563363,0.010979876853525639,1,3,2,1
23,4,1762,00:00:00.0630000,5,10,14,15999,16029,0,16029,38790,54819,1.0546284142758922,1.1163288679546668,0.02495451644062996,1,5,4,1
23,5,1916,00:00:00.0670000,7,17,24,32054,32083,0,32083,74366,106449,1.1284083109752292,1.2969980159036254,0.050990503281354904,1,7,6,1
23,6,2055,00:00:00.0710000,8,32,54,64103,64184,0,64184,137959,202143,1.240004367970298,1.6167050537989418,0.09432903677225113,2,8,6,1.1666666
23,7,2174,00:00:00.0770000,9,63,96,128067,128378,0,128378,245826,374204,1.387414400274856,2.0871909641607496,0.14962494373321533,2,9,7,1.1428572
23,8,2279,00:00:00.0860000,9,112,163,256132,257575,0,257575,439725,697300,1.5518951165805133,2.5088343611694723,0.20115216076374054,2,9,7,1.1428572
23,9,2370,00:00:00.0980000,11,187,260,511711,515874,0,515874,774325,1290199,1.7147667335664076,2.7062948671675873,0.23838229477405548,2,11,8,1.25
23,10,2450,00:00:00.1160000,13,342,462,1013852,1027402,1213,1028615,1360865,2389480,1.8737527765393767,2.7916627307533983,0.25716087222099304,2,13,10,1.2
23,11,2523,00:00:00.1540000,19,622,851,2007624,2038341,24202,2062543,2406105,4468648,2.0516486154777986,3.021379348254265,0.2554801106452942,3,19,13,1.3846154
23,12,2590,00:00:00.2140000,25,1198,1603,3898817,3962872,147981,4110853,4206333,8317186,2.2708134287913486,3.484475270786585,0.2426222860813141,5,25,17,1.4117647
23,13,2652,00:00:00.3020000,25,2298,3023,7526352,7693566,578963,8272529,7222686,15495215,2.6137479352546893,4.4311889905942,0.2301136702299118,5,25,17,1.4117647
23,14,2702,00:00:00.4270000,27,4265,5557,14538388,14916307,1652171,16568478,11477323,28045801,3.266616491456962,6.320802031414902,0.20004011690616608,6,27,18,1.4444444
23,15,2740,00:00:00.6100000,27,7962,10005,28540458,29348577,3986609,33335186,17058443,50393629,4.116237237678527,5.932398179068316,0.16367824375629425,6,27,18,1.4444444
23,16,2772,00:00:00.9380000,29,15023,18230,56251367,57828170,9192064,67020234,25082093,92102327,4.837501513518774,3.7764053077631865,0.12313870340585709,6,29,20,1.4
23,17,2802,00:00:01.5090000,29,28378,33794,107769440,111061751,20899198,131960949,37614648,169575597,5.3481141871016495,2.7263937001525846,0.09334622323513031,6,29,20,1.4
23,18,2834,00:00:02.9120000,31,54406,64389,206581127,213459241,48879097,262338338,59518539,321856877,5.7100536488021,2.34041169943448,0.07167281210422516,7,31,21,1.4285715
23,19,2870,00:00:05.8950000,28,105710,125868,394470821,411396181,116814326,528210507,99962045,628172552,5.981878903027912,2.285301239946168,0.06812018901109695,6,28,20,1.35
23,20,2910,00:00:12.5180000,33,202806,244416,741562930,777281207,273530225,1050811432,173108827,1223920259,6.1898420272976695,2.5233435227664125,0.058305952697992325,6,33,24,1.3333334
24,0,1705,00:00:00.0420000,1,2,2,1000,1001,0,1001,2475,3476,1,1,0,0,1,1,0
24,1,1872,00:00:00.0540000,2,2,2,2002,2002,0,2002,4862,6864,1.0024975024975025,1.0050074631975408,0,1,2,1,1
24,2,2045,00:00:00.0730000,2,3,3,4013,4014,0,4014,9809,13823,1.0017443309244953,1.0034947451916665,0,1,2,1,1
24,3,2216,00:00:00.0750000,1,7,9,8006,8027,0,8027,19646,27673,1,1,0,0,1,1,0
24,4,2388,00:00:00.0780000,3,8,13,16030,16056,0,16056,39409,55465,1.0055520898315657,1.0111813929265658,0,1,3,2,1
24,5,2553,00:00:00.0910000,6,15,24,32043,32070,0,32070,77505,109575,1.0189120868832506,1.038815980759955,0.01575835607945919,1,6,5,1
24,6,2725,00:00:00.0950000,6,26,44,64049,64199,0,64199,156717,220916,1.04793205202267,1.1024157361203553,0.04116179794073105,1,6,5,1
24,7,2882,00:00:00.1020000,8,50,84,127917,128418,0,128418,301550,429968,1.109101995825418,1.2513599708952572,0.0843634381890297,2,8,6,1.1666666
24,8,3022,00:00:00.1130000,10,111,172,254750,256506,0,256506,557520,814026,1.224792934249264,1.6029339320152538,0.1527823656797409,2,10,8,1.125
24,9,3142,00:00:00.1300000,15,187,303,510446,513767,0,513767,996492,1510259,1.4105409778899236,2.3546814102757936,0.2312220185995102,2,15,12,1.1666666
24,10,3240,00:00:00.1540000,17,362,562,1015454,1024373,1386,1025759,1709199,2734958,1.635519678882549,3.6350790139076525,0.29422399401664734,2,17,14,1.1428572
24,11,3323,00:00:00.1940000,18,689,1005,2004372,2032576,26364,2058940,2890992,4949932,1.8898413069031097,5.348399517062061,0.34267550706863403,3,18,14,1.2142857
24,12,3396,00:00:00.2740000,22,1292,1813,3907850,3971817,158114,4129931,4854911,8984842,2.1553419399414,6.493722537858115,0.3605012893676758,3,22,17,1.2352941
24,13,3464,00:00:00.3600000,26,2483,3367,7510864,7642407,622436,8264843,8180500,16445343,2.411071882009846,6.346088835203567,0.34999141097068787,3,26,21,1.1904762
24,14,3530,00:00:00.5200000,29,4532,6123,14142206,14429948,1969331,16399279,13854604,30253883,2.649314824009776,5.734539620699106,0.32982367277145386,3,29,24,1.1666666
24,15,3598,00:00:00.8570000,29,8576,11485,26466989,27223191,5599956,32823147,23897869,56721016,2.879236546325689,5.402280051957814,0.31405049562454224,3,29,24,1.1666666
24,16,3669,00:00:01.4820000,32,15910,21568,49169371,51012533,14702903,65715436,41650665,107366101,3.112137025303822,5.574666101972937,0.29938066005706787,4,32,24,1.2916666
24,17,3744,00:00:03.1430000,38,30042,41165,90595379,94865379,36389624,131255003,72955597,204210600,3.3528820382770297,6.187268862641438,0.2922695577144623,4,38,27,1.3703704
24,18,3825,00:00:07.5210000,44,56807,79052,166907344,177069441,87146617,264216058,128866523,393082581,3.617748976941362,7.069225918359642,0.3114492893218994,4,44,31,1.3870968
24,19,3910,00:00:16.5570000,52,106694,150350,303639536,326610624,199036722,525647346,224471640,750118986,3.8982536845926417,8.279685737103973,0.31263798475265503,5,52,35,1.4571428
24,20,4001,00:00:35.1120000,57,202351,289377,553133951,608551091,444478318,1053029409,390665153,1443694562,4.240746021391842,10.171058678603918,0.36837148666381836,6,58,36,1.5833334
25,0,1593,00:00:00.0270000,1,1,2,1005,1005,0,1005,2094,3099,1,1,0,0,1,1,0
25,1,1765,00:00:00.0370000,1,1,2,2004,2004,0,2004,4636,6640,1,1,0,0,1,1,0
25,2,1932,00:00:00.0550000,1,1,3,4021,4021,0,4021,9446,13467,1,1,0,0,1,1,0
25,3,2109,00:00:00.0570000,2,4,6,8006,8009,0,8009,19658,27667,1.0017486884836373,1.003503477844025,0,1,2,1,1
25,4,2281,00:00:00.0610000,2,8,11,16007,16021,0,16021,39531,55552,1.004560504779159,1.0091626557342972,0,1,2,1,1
25,5,2444,00:00:00.0640000,3,19,25,31921,32015,0,32015,76763,108778,1.0114971335484477,1.0232824585784264,0.004949728958308697,1,3,2,1
25,6,2614,00:00:00.0780000,4,26,46,63848,64198,0,64198,155198,219396,1.0279413607317378,1.0576877305152264,0.01345016062259674,1,4,3,1
25,7,2774,00:00:00.0860000,10,54,90,127688,128229,0,128229,302552,430781,1.0780417893615688,1.1718286124655206,0.037828460335731506,1,10,9,1
25,8,2922,00:00:00.0970000,13,90,160,254612,256211,0,256211,572676,828887,1.1665593137793977,1.411019370327653,0.08202680945396423,1,13,12,1
25,9,3053,00:00:00.1140000,16,187,295,509535,514056,0,514056,1051960,1566016,1.300530876191037,1.862651978817954,0.1465655118227005,2,16,14,1.0714285
25,10,3166,00:00:00.1440000,20,374,570,1015722,1025556,1583,1027139,1879586,2906725,1.4627457119172371,2.520368070088368,0.21700641512870789,2,20,17,1.117647
25,11,3266,00:00:00.1920000,21,725,1066,1997927,2026892,30557,2057449,3309860,5367309,1.6317878481045605,3.157328613820055,0.2914573848247528,2,21,18,1.1111112
25,12,3358,00:00:00.2910000,25,1363,1982,3854522,3922302,184174,4106476,5782731,9889207,1.8065256859345984,3.608351423206605,0.34536993503570557,3,25,21,1.1428572
25,13,3447,00:00:00.4130000,27,2475,3587,7311354,7489807,732166,8221973,10122391,18344364,1.9924801890320178,3.970246518489775,0.38891732692718506,3,27,23,1.1304348
25,14,3534,00:00:00.6600000,29,4730,6748,13628784,14077135,2315515,16392650,17583833,33976483,2.2094676971914735,4.413202288077549,0.40596044063568115,4,29,24,1.1666666
25,15,3621,00:00:01.0940000,32,8812,12619,25406851,26484690,6467084,32951774,30436212,63387986,2.4802094521670552,4.942543907716268,0.3904305398464203,4,32,26,1.1923077
25,16,3704,00:00:01.8800000,34,16194,23206,47038719,49584750,16114374,65699124,51125867,116824991,2.8538483371539094,5.685648304751428,0.3538244664669037,4,34,27,1.2222222
25,17,3782,00:00:03.5970000,41,30438,43125,89586362,94745683,37523901,132269584,83565986,215835570,3.3759824402736656,6.816434573398962,0.28502705693244934,5,41,32,1.25
25,18,3852,00:00:07.4430000,40,56535,78767,169838238,180420291,81827018,262247309,131539709,393787018,3.947945179459528,6.843686486614423,0.23648355901241302,6,40,31,1.2580645
25,19,3920,00:00:14.5050000,38,107055,146890,326636085,348399749,178323263,526723012,207609795,734332807,4.486955808939481,6.069572798093978,0.20899175107479095,5,38,28,1.3214285
25,20,3988,00:00:28.1240000,33,204049,278141,619545692,670374449,387469706,1057844155,331876202,1389720357,4.952548549074569,5.966129404054997,0.20602287352085114,5,34,24,1.375
26,0,1252,00:00:00.0230000,1,1,1,1003,1003,0,1003,2598,3601,1,1,0,0,1,1,0
26,1,1413,00:00:00.0330000,1,2,2,2018,2020,0,2020,4944,6964,1,1,0,0,1,1,0
26,2,1600,00:00:00.0520000,2,4,4,4009,4012,0,4012,10298,14310,1.0027438263906212,1.0055027376017056,0,1,2,1,1
26,3,1771,00:00:00.0550000,3,5,6,7999,8004,0,8004,20327,28331,1.0160020002500312,1.032616069721662,0.012479049153625965,1,3,2,1
26,4,1940,00:00:00.0670000,4,9,11,16013,16038,0,16038,39671,55709,1.0449010179229377,1.094872629449186,0.03090078756213188,1,4,3,1
26,5,2099,00:00:00.0700000,4,12,19,31973,32067,0,32067,76512,108579,1.0996465767991743,1.2253871879600051,0.07151307165622711,1,4,3,1
26,6,2242,00:00:00.0730000,6,25,36,63999,64184,0,64184,141547,205731,1.2063157236831825,1.514071651050407,0.11883681267499924,2,6,4,1.25
26,7,2368,00:00:00.0790000,7,60,91,128331,128863,0,128863,257012,385875,1.3785211679173388,2.088325196537137,0.19148413836956024,2,7,5,1.2
26,8,2468,00:00:00.0870000,10,116,169,255115,256133,0,256133,438495,694628,1.5996197793152107,2.913242493564932,0.2682078182697296,3,10,6,1.5
26,9,2552,00:00:00.1000000,10,191,279,512601,515993,0,515993,745913,1261906,1.8518808976182255,3.731296076373279,0.3518775701522827,3,10,6,1.5
26,10,2621,00:00:00.1150000,11,331,475,1016672,1026751,1056,1027807,1250810,2278617,2.108049597116868,4.031854730365153,0.39233940839767456,3,11,7,1.4285715
26,11,2681,00:00:00.1400000,14,597,829,2022018,2043842,20523,2064365,2106732,4171097,2.368738557223526,3.8119744563538753,0.39475691318511963,3,14,9,1.4444444
26,12,2735,00:00:00.1800000,15,1175,1557,3927258,3979504,125896,4105400,3558743,7664143,2.6141694790614722,3.453338854771778,0.3963422477245331,3,15,10,1.4
26,13,2788,00:00:00.2630000,16,2224,2904,7631196,7760316,519016,8279332,6145981,14425313,2.851933432190708,3.2210272210846185,0.3363661468029022,4,16,10,1.5
26,14,2840,00:00:00.3710000,17,4245,5466,14440923,14755174,1679094,16434268,10621023,27055291,3.0753557096038806,3.1279321093654753,0.31249433755874634,4,17,10,1.6
26,15,2895,00:00:00.6110000,18,8187,10487,27341493,28145973,4903408,33049381,18769479,51818860,3.289801072677341,3.057791710306682,0.29841214418411255,4,18,11,1.5454545
26,16,2953,00:00:01.1190000,24,15505,20076,51146570,52869973,13065747,65935720,33330008,99265728,3.497081348759066,2.9787054820467245,0.2348303347826004,4,24,17,1.3529412
26,17,3016,00:00:02.3830000,29,29381,38547,94630790,98573452,32936770,131510222,59678203,191188425,3.697429103149197,2.9020841451819694,0.19141192734241486,4,29,23,1.2173913
26,18,3086,00:00:05.9210000,37,55677,74586,175101311,183808456,80475110,264283566,107995902,372279468,3.9083419369715626,3.0065127941141596,0.16495999693870544,5,37,28,1.2857143
26,19,3162,00:00:13.7620000,40,105643,143883,316980208,338660028,187574161,526234189,193627832,719862021,4.137201957416849,3.4404145824623664,0.1511305719614029,5,41,32,1.25
26,20,3245,00:00:30.1100000,47,201021,279296,572282197,625855196,423991176,1049846372,345236516,1395082888,4.4080237358842735,4.594287777744042,0.15715806186199188,5,48,37,1.2702702
27,0,1269,00:00:00.0440000,2,3,3,1005,1006,0,1006,2374,3380,1.0149253731343284,1.030296049245238,0,1,2,1,1
27,1,1431,00:00:00.0700000,2,2,4,2001,2001,0,2001,4703,6704,1.0274862568715641,1.0564811073227436,0,1,2,1,1
27,2,1593,00:00:00.0970000,2,2,5,4020,4020,0,4020,9330,13350,1.0562189054726367,1.1187142806102042,0,1,2,1,1
27,3,1751,00:00:00.1020000,2,3,7,8049,8050,0,8050,18420,26470,1.1188967573611628,1.2650552331761986,0,1,2,1,1
27,4,1890,00:00:00.1060000,2,8,15,16030,16049,0,16049,34410,50459,1.2330630068621335,1.5563941769972331,0,1,2,1,1
27,5,2011,00:00:00.1100000,2,15,25,32068,32133,0,32133,61896,94029,1.3681239865286268,1.8699189656271322,0,1,2,1,1
27,6,2117,00:00:00.1150000,2,26,42,63957,64153,0,64153,110309,174462,1.5142204918929907,1.9983836476373344,0,1,2,1,1
27,7,2213,00:00:00.1210000,3,44,70,127988,128528,0,128528,197939,326467,1.6435681470137826,1.8541209291632,0,2,3,1,2
27,8,2300,00:00:00.1300000,3,84,128,254993,256859,0,256859,357037,613896,1.745514582753252,1.628912152045449,0,2,3,1,2
27,9,2382,00:00:00.1430000,7,186,263,511612,515415,0,515415,658356,1173771,1.8349452319335746,1.4505412549026737,0.01579912006855011,3,7,4,1.5
27,10,2459,00:00:00.1810000,9,371,509,1014903,1025249,1200,1026449,1224511,2250960,1.915984089119847,1.3567303715531551,0.01562516950070858,3,9,6,1.3333334
27,11,2533,00:00:00.2250000,13,706,947,2014506,2038479,24644,2063123,2285051,4348174,2.0353779040618396,1.3899939118996225,0.017283251509070396,3,13,10,1.2
27,12,2601,00:00:00.3020000,14,1263,1722,3888988,3956057,149141,4105198,4109747,8214945,2.2466276573751323,1.624785650079028,0.01901872083544731,3,14,11,1.1818181
27,13,2663,00:00:00.4160000,17,2384,3186,7512705,7660426,576877,8237303,7118564,15355867,2.594972250341255,2.1415299976801307,0.07551994174718857,4,17,13,1.2307693
27,14,2719,00:00:00.6160000,20,4436,5834,14501098,14810405,1781007,16591412,11929965,28521377,3.004831703088966,2.4818822763837094,0.055457524955272675,4,20,16,1.1875
27,15,2771,00:00:00.9450000,24,8172,10594,27468064,28089214,4804753,32893967,19623755,52517722,3.379266882442097,2.2881517439709573,0.051584094762802124,5,24,19,1.2105263
27,16,2824,00:00:01.5320000,21,15333,19749,51723539,53277536,12352608,65630144,32861993,98492137,3.694103104584549,2.024679398463362,0.04607487842440605,5,21,16,1.25
27,17,2880,00:00:02.9330000,25,29046,37522,97544178,100744079,30648515,131392594,56205108,187597702,3.976526369415917,2.0340699315485224,0.04376140981912613,5,25,19,1.2631578
27,18,2940,00:00:06.2600000,23,55586,72501,182908349,190855678,73772070,264627748,97500034,362127782,4.285451174238088,2.406794527312608,0.04925448074936867,4,23,17,1.2941177
27,19,3002,00:00:13.1750000,24,106535,139744,341138527,359991349,168567324,528558673,167301596,695860269,4.640723107185135,3.4204069686639547,0.06746773421764374,4,24,18,1.2777778
27,20,3065,00:00:26.6660000,27,202086,267100,636249863,681494813,369430723,1050925536,282235386,1333160922,5.080086880898865,5.2441511945816615,0.2918131351470947,5,27,19,1.3684211
28,0,1227,00:00:00.0440000,1,1,2,1008,1008,0,1008,2541,3549,1,1,0,0,1,1,0
28,1,1390,00:00:00.0590000,1,2,3,2012,2014,0,2014,4840,6854,1,1,0,0,1,1,0
28,2,1550,00:00:00.0880000,2,2,3,4010,4010,0,4010,9380,13390,1.0094763092269328,1.0191321758020426,0,1,2,1,1
28,3,1727,00:00:00.0930000,2,3,5,8010,8011,0,8011,19549,27560,1.0176029962546818,1.0358252916356183,0,1,2,1,1
28,4,1890,00:00:00.0980000,3,6,9,16015,16019,0,16019,38341,54360,1.040649391195754,1.0816185360604054,0,2,3,1,2
28,5,2048,00:00:00.1040000,3,18,23,31928,32006,0,32006,74065,106071,1.114413680781759,1.2262619008085496,0,2,3,1,2
28,6,2183,00:00:00.1110000,6,33,44,63787,64034,0,64034,135178,199212,1.3026478749588475,1.6104830971586923,0.02833491563796997,2,6,4,1.25
28,7,2286,00:00:00.1320000,8,51,75,128103,128667,0,128667,228503,357170,1.6451917597558214,2.42803637056369,0.05715286359190941,3,8,5,1.4
28,8,2361,00:00:00.1400000,8,89,132,256995,258647,0,258647,364559,623206,2.0227475242709003,3.1266349017451147,0.08203588426113129,3,8,5,1.4
28,9,2420,00:00:00.1490000,9,150,218,514870,518474,0,518474,581407,1099881,2.3517548118942644,2.9794982349038044,0.09754856675863266,3,9,6,1.3333334
28,10,2470,00:00:00.1620000,10,296,394,1023611,1031281,811,1032092,948502,1980594,2.605691029111645,2.5861225064833566,0.10724902153015137,3,10,6,1.5
28,11,2516,00:00:00.1840000,10,567,735,2039669,2057803,16857,2074660,1609016,3683676,2.8085512894494156,2.3463979777220825,0.21464943885803223,3,10,6,1.5
28,12,2560,00:00:00.2230000,10,1063,1367,3970520,4014682,108291,4122973,2797785,6920758,2.97011902723069,2.28875273192405,0.21083763241767883,3,10,6,1.5
28,13,2605,00:00:00.2980000,10,2131,2673,7642233,7757607,457539,8215146,4995649,13210795,3.1126199633013023,2.360122976273546,0.20374512672424316,3,10,6,1.5
28,14,2653,00:00:00.4450000,12,4169,5218,14623322,14900523,1568381,16468904,9125073,25593977,3.2508876574009653,2.5132851937225835,0.1918926239013672,4,12,7,1.5714285
28,15,2705,00:00:00.7770000,17,7860,9934,27709728,28303041,4708464,33011505,16850174,49861679,3.390022738584803,2.6724190993861603,0.1832418441772461,4,17,11,1.4545455
28,16,2762,00:00:01.4630000,21,15142,19329,51628276,53025908,12853915,65879823,31171065,97050888,3.52998329829956,2.725217097567106,0.18006068468093872,4,21,15,1.3333334
28,17,2826,00:00:03.2740000,24,28970,37914,95159772,98806780,33176807,131983587,58004483,189988070,3.671061464922383,2.6659201282113534,0.18078571557998657,4,24,18,1.2777778
28,18,2897,00:00:07.4190000,32,55047,73816,173149279,181658321,80964441,262622762,106986142,369608904,3.8418393933941823,2.663562426843106,0.19241389632225037,4,32,24,1.2916666
28,19,2977,00:00:16.7240000,41,105757,144996,315994656,336259885,191895831,528155716,197089143,725244859,4.052464545476364,2.9466918215133426,0.21744447946548462,4,41,31,1.2903225
28,20,3062,00:00:35.6700000,48,200865,280816,571737607,622887470,430635175,1053522645,352575015,1406097660,4.370756769197447,3.9678555779778395,0.26616308093070984,5,48,36,1.3055556
2,0,1649,00:00:00.0250000,2,2,2,1001,1001,0,1001,2193,3194,1.05994005994006,1.1270075033251516,0,1,2,1,1
2,1,1787,00:00:00.0360000,2,3,3,2011,2012,0,2012,4126,6138,1.1352560914967678,1.3053531679144637,0,1,2,1,1
2,2,1920,00:00:00.0540000,2,2,4,4003,4003,0,4003,7876,11879,1.2735448413689732,1.6595751037461053,0,1,2,1,1
2,3,2037,00:00:00.0560000,2,5,9,8014,8017,0,8017,14581,22598,1.4056650860993263,1.9312544976568133,0,1,2,1,1
2,4,2141,00:00:00.0580000,2,8,14,16019,16027,0,16027,26619,42646,1.5598976215743805,1.9717043892380122,0,1,2,1,1
2,5,2234,00:00:00.0590000,2,11,21,32092,32124,0,32124,47827,79951,1.6827246665835722,1.764363599389512,0,1,2,1,1
2,6,2322,00:00:00.0620000,3,27,43,63975,64109,0,64109,88635,152744,1.7773817897616255,1.5371394735366797,0,2,3,1,2
2,7,2403,00:00:00.0650000,4,44,69,128081,128459,0,128459,163190,291649,1.8500792467266807,1.3629749832016818,0.0037478413432836533,2,4,2,1.5
2,8,2481,00:00:00.0790000,5,85,127,255821,257127,0,257127,306665,563792,1.9038194675183038,1.2537809380602074,0.008032022975385189,2,5,3,1.3333334
2,9,2556,00:00:00.0870000,6,174,236,511264,515092,0,515092,583014,1098106,1.9463369218251236,1.194861853158512,0.015862364321947098,2,6,4,1.25
2,10,2629,00:00:00.1020000,9,310,423,1019921,1028714,1174,1029888,1120244,2150132,1.9879049455791185,1.185714234156317,0.030555834993720055,2,9,7,1.1428572
2,11,2702,00:00:00.1290000,12,588,814,2018183,2040287,24698,2064985,2172320,4237305,2.035728672771498,1.2246441646520487,0.05496595799922943,3,12,9,1.2222222
2,12,2776,00:00:00.1860000,13,1221,1648,3898580,3965547,161044,4126591,4176341,8302932,2.09693888544034,1.3255322897283388,0.09188487380743027,3,13,10,1.2
2,13,2852,00:00:00.2970000,17,2362,3183,7356806,7532716,664754,8197470,7898165,16095635,2.1918846303681243,1.549216049689352,0.14360709488391876,3,17,13,1.2307693
2,14,2932,00:00:00.4860000,25,4533,6159,13888662,14280836,2205550,16486386,14785557,31271943,2.3520906477528216,2.0512412649196614,0.21147790551185608,3,25,19,1.2631578
2,15,3012,00:00:00.9140000,31,8642,11879,25713528,26639882,6179363,32819245,26616987,59436232,2.588516208277604,3.0688284136609125,0.2887026071548462,4,31,24,1.25
2,16,3092,00:00:01.7210000,38,16131,22369,47811427,49858655,15735111,65593766,46567617,112161383,2.9057442899581307,4.667721693380517,0.3442576825618744,4,38,30,1.2333333
2,17,3172,00:00:03.9570000,38,30212,42179,88669962,93713045,37803976,131517021,79885883,211402904,3.2578887763592363,5.3230271254266555,0.37976494431495667,4,38,30,1.2333333
2,18,3253,00:00:08.6130000,39,56855,79599,163915875,175988100,87475226,263463326,135682710,399146036,3.6174644585217877,4.801008650994982,0.3796664774417877,4,39,31,1.2258065
2,19,3336,00:00:17.7200000,40,107389,151292,300547843,329347031,196946452,526293483,228878667,755172150,3.9708769096040393,4.679383300987231,0.37478575110435486,4,40,31,1.2580645
2,20,3422,00:00:36.1380000,55,202944,287978,557117679,619532660,433834809,1053367469,385879517,1439246986,4.364619032310407,5.711355785388457,0.34275588393211365,4,55,42,1.2857143
29,0,1167,00:00:00.0230000,1,1,1,1001,1001,0,1001,2683,3684,1,1,0,0,1,1,0
29,1,1335,00:00:00.0360000,1,1,1,2004,2004,0,2004,5209,7213,1,1,0,0,1,1,0
29,2,1492,00:00:00.0550000,1,3,3,4014,4018,0,4018,9582,13600,1,1,0,0,1,1,0
29,3,1660,00:00:00.0570000,2,3,7,8007,8010,0,8010,19221,27231,1.0014986886474335,1.0030018905866827,0,1,2,1,1
29,4,1833,00:00:00.0600000,3,7,14,16065,16073,0,16073,39034,55107,1.0090258325552444,1.0182354491557797,0.004115472547709942,1,3,2,1
29,5,2002,00:00:00.0730000,3,12,20,31977,32039,0,32039,78459,110498,1.0288644963567564,1.059532015035198,0.011453297920525074,1,3,2,1
29,6,2164,00:00:00.0780000,4,29,46,63874,64060,0,64060,152913,216973,1.0650342862510567,1.1394997755454135,0.023793578147888184,1,4,3,1
29,7,2314,00:00:00.0850000,6,57,89,127734,128322,0,128322,289780,418102,1.1415363176601374,1.3295112262495323,0.04738884046673775,1,6,5,1
29,8,2450,00:00:00.0950000,8,102,168,254376,256492,0,256492,539306,795798,1.2571508318394817,1.6644186620291566,0.07944469153881073,1,8,7,1
29,9,2567,00:00:00.1110000,12,196,305,508288,513723,0,513723,966908,1480631,1.408665953160413,2.117087686108803,0.11833087354898453,2,12,10,1.1
29,10,2669,00:00:00.1360000,16,365,544,1011059,1025142,1456,1026598,1711648,2738246,1.5714671448451574,2.462295540683485,0.1477605551481247,2,16,14,1.0714285
29,11,2761,00:00:00.1800000,21,715,1007,1995901,2028548,28741,2057289,3028674,5085963,1.7337418038269434,2.597622871156006,0.16754485666751862,2,21,19,1.0526316
29,12,2847,00:00:00.2760000,25,1293,1856,3860856,3947583,177012,4124595,5345189,9469784,1.9026293650941657,2.7021928893349414,0.18240483105182648,3,25,21,1.1428572
29,13,2929,00:00:00.3840000,32,2455,3491,7315455,7507503,696768,8204271,9343947,17548218,2.1026611468459584,3.0672839365915654,0.19082501530647278,4,32,26,1.1923077
29,14,3009,00:00:00.5900000,36,4553,6474,13827027,14269664,2206370,16476034,16202194,32678228,2.3760690566381335,4.054347056610936,0.2064172476530075,4,36,30,1.1666666
29,15,3083,00:00:00.9970000,39,8535,11903,26079357,27074248,5936477,33010725,27113662,60124387,2.782886901697768,6.316966162896443,0.23572702705860138,5,39,31,1.2258065
29,16,3148,00:00:01.7050000,40,15894,21689,49584752,51548707,14164942,65713649,43267204,108980853,3.34342081614122,8.875425453310086,0.260550320148468,5,40,30,1.3
29,17,3206,00:00:03.2520000,37,29711,39682,95470734,99593066,31950551,131543617,67308723,198852340,3.957955031538775,7.152862239744439,0.2598606050014496,5,37,27,1.3333334
29,18,3260,00:00:06.0690000,33,56017,73350,183287895,192210207,70506786,262716993,104240109,366957102,4.514790401188251,5.117035110046765,0.24139849841594696,6,33,23,1.3913044
29,19,3314,00:00:11.5680000,36,106175,138002,351691316,369531389,155950448,525481837,164719980,690201817,4.971216761576223,4.338574309510115,0.1985113024711609,6,36,25,1.4
29,20,3371,00:00:22.5930000,33,203942,265116,664952264,707422280,347980136,1055402416,268852308,1324254724,5.358938513216342,4.1033759260910285,0.26550188660621643,6,33,22,1.4545455
30,0,2012,00:00:00.0430000,1,1,1,1004,1004,0,1004,2390,3394,1,1,0,0,1,1,0
30,1,2184,00:00:00.0530000,2,2,2,2007,2007,0,2007,4973,6980,1.00548081714001,1.0110217271570539,0,1,2,1,1
30,2,2363,00:00:00.0730000,2,2,3,4013,4013,0,4013,10133,14146,1.0271617243957138,1.055796653533819,0,1,2,1,1
30,3,2527,00:00:00.0750000,3,5,6,8027,8031,0,8031,19365,27396,1.0737510900710103,1.1585334599735775,0.01038358360528946,1,3,2,1
30,4,2670,00:00:00.0870000,3,10,12,16041,16059,0,16059,35651,51710,1.1431332211208778,1.3264300137007814,0.02023373171687126,1,3,2,1
30,5,2811,00:00:00.0890000,3,12,21,31975,32025,0,32025,68202,100227,1.257357310398749,1.6271703492453684,0.04293876141309738,1,3,2,1
30,6,2930,00:00:00.0920000,4,20,33,63962,64096,0,64096,122830,186926,1.4032081548419375,1.9606097489028302,0.049448151141405106,1,4,3,1
30,7,3034,00:00:00.0960000,7,51,69,127957,128315,0,128315,217850,346165,1.5558664238767712,2.0622689920849746,0.06298483163118362,2,7,5,1.2
30,8,3126,00:00:00.1030000,7,96,133,255021,256455,0,256455,386335,642790,1.6836417393077432,1.917814647783675,0.07535786926746368,2,7,5,1.2
30,9,3210,00:00:00.1120000,8,176,237,508123,512475,0,512475,693099,1205574,1.7959411402357304,1.743441130455195,0.08523815870285034,2,8,6,1.1666666
30,10,3289,00:00:00.1280000,12,308,429,1019994,1029703,1248,1030951,1272779,2303730,1.900578826934276,1.647103998560756,0.07865548878908157,2,12,10,1.1
30,11,3363,00:00:00.1570000,13,629,841,1998262,2027258,24478,2051736,2332167,4383903,1.9980017635325098,1.660131447673695,0.08242252469062805,2,13,11,1.0909091
30,12,3437,00:00:00.2140000,20,1230,1650,3896311,3955022,159139,4114161,4325414,8439575,2.110541483983183,1.8313552495918686,0.08629856258630753,2,20,18,1.0555556
30,13,3512,00:00:00.3220000,21,2374,3247,7405503,7568297,660006,8228303,7997271,16225574,2.2331323071505067,2.1741365247390316,0.10853380709886551,3,21,18,1.1111112
30,14,3590,00:00:00.5080000,26,4480,6200,13901266,14268315,2177975,16446290,14719826,31166116,2.3731416980295177,2.825787631320576,0.12693102657794952,3,26,22,1.1363636
30,15,3673,00:00:00.9610000,29,8663,12013,25738350,26675598,6320345,32995943,27047960,60043903,2.5239870077141697,3.8429063109355375,0.17119421064853668,3,29,24,1.1666666
30,16,3761,00:00:02.0350000,35,16439,23153,46850783,49096769,16611181,65707950,49132402,114840352,2.6920625638209716,5.218521206064127,0.19653013348579407,4,35,28,1.2142857
30,17,3856,00:00:05.1320000,47,30700,44309,85293830,90400136,41174341,131574477,88833003,220407480,2.9027680431280904,6.943741962808121,0.21829795837402344,4,47,37,1.2432432
30,18,3955,00:00:11.4560000,55,57869,84466,155231996,167565365,96245742,263811107,157087252,420898359,3.2230365188372634,9.100693511235336,0.2333674132823944,5,55,43,1.255814
30,19,4051,00:00:23.2570000,55,107717,158225,283388822,314022637,210851565,524874202,264639525,789513727,3.692183479982143,9.576923992761113,0.23864762485027313,6,56,41,1.3414634
30,20,4142,00:00:44.1410000,60,203803,296415,535031188,604302211,445545221,1049847432,429723792,1479571224,4.295557789053598,7.183580398447926,0.3349769711494446,5,60,41,1.4390244
31,0,2315,00:00:00.0500000,1,2,2,1005,1006,0,1006,2347,3353,1,1,0,0,1,1,0
31,1,2476,00:00:00.0590000,2,2,2,2001,2001,0,2001,4670,6671,1.0074962518740629,1.015104849633118,0,1,2,1,1
31,2,2655,00:00:00.0790000,2,3,3,4002,4003,0,4003,9900,13903,1.0174912543728136,1.0355940651318811,0,1,2,1,1
31,3,2810,00:00:00.0810000,2,4,5,8009,8018,0,8018,18741,26759,1.0514421276064427,1.108145842964591,0,1,2,1,1
31,4,2961,00:00:00.0830000,3,7,9,16032,16043,0,16043,35902,51945,1.1061002994011977,1.2347034605349028,0.01389973983168602,1,3,2,1
31,5,3105,00:00:00.0960000,4,18,26,32027,32063,0,32063,68696,100759,1.2062634652012365,1.4914129374325888,0.024263620376586914,1,4,3,1
31,6,3233,00:00:00.1000000,4,22,36,63870,64045,0,64045,127762,191807,1.3496320651323,1.8528340854692904,0.03960592299699783,1,4,3,1
31,7,3343,00:00:00.1040000,5,47,68,128127,128488,0,128488,228785,357273,1.4970927283086313,2.0491408586159943,0.05015922337770462,1,5,4,1
31,8,3440,00:00:00.1100000,5,99,139,256196,257529,0,257529,406744,664273,1.6290418273509344,1.9447141575128775,0.06304554641246796,1,5,4,1
31,9,3528,00:00:00.1210000,6,192,264,510629,514110,0,514110,730244,1244354,1.7371907980157806,1.7193733749057691,0.07358459383249283,2,6,4,1.25
31,10,3611,00:00:00.1400000,7,354,475,1013117,1023199,1272,1024471,1340329,2364800,1.8196703835785994,1.5208426014756264,0.08145857602357864,2,7,5,1.2
31,11,3692,00:00:00.1750000,8,671,900,2000271,2031102,26424,2057526,2502605,4560131,1.8851585610149824,1.383635586069381,0.08539862185716629,2,8,6,1.1666666
31,12,3774,00:00:00.2540000,12,1299,1767,3865597,3947152,172262,4119414,4720553,8839967,1.9421892659788385,1.3205677469253152,0.08723215013742447,2,12,10,1.1
31,13,3860,00:00:00.3740000,19,2461,3447,7306040,7499763,721142,8220905,8939922,17160827,2.005776179708844,1.3342151181054327,0.08716500550508499,3,19,16,1.125
31,14,3953,00:00:00.6240000,24,4654,6655,13533085,14049885,2413049,16462934,16965369,33428303,2.084279822376051,1.4394620644912364,0.0877036303281784,3,24,21,1.0952381
31,15,4052,00:00:01.1610000,33,8718,12696,24656517,25872428,6921689,32794117,31643822,64437939,2.2129205434814656,1.750435568382723,0.09441918879747391,3,33,30,1.0666667
31,16,4157,00:00:02.6930000,45,16811,24767,45042411,47836260,18095162,65931422,57927973,123859395,2.4278598008441423,2.5379242253381866,0.11891121417284012,3,45,42,1.0476191
31,17,4262,00:00:06.2420000,54,31088,46542,81950550,88535191,43362548,131897739,101777818,233675557,2.74432023946148,4.202247991224438,0.1506909430027008,4,54,50,1.06
31,18,4365,00:00:12.9700000,60,57919,86876,149471680,165159221,98379163,263538384,172735682,436274066,3.137653427057219,5.675561073476356,0.17486794292926788,4,60,51,1.1568627
31,19,4466,00:00:24.9550000,68,108486,162126,274881575,309261709,216102409,525364118,286110557,811474675,3.5820339140591724,5.393371842634964,0.18257766962051392,5,69,52,1.3076923
31,20,4567,00:00:47.7620000,73,203819,304136,510437453,585894960,467454347,1053349307,470109472,1523458779,4.047004289867421,5.627637406535113,0.2682398855686188,4,73,54,1.3333334
32,0,1935,00:00:00.0430000,1,1,1,1003,1003,0,1003,2552,3555,1,1,0,0,1,1,0
32,1,2109,00:00:00.0530000,1,1,1,2014,2014,0,2014,5080,7094,1,1,0,0,1,1,0
32,2,2298,00:00:00.0720000,1,3,4,4002,4005,0,4005,10671,14676,1,1,0,0,1,1,0
32,3,2473,00:00:00.0860000,3,3,5,8038,8038,0,8038,20780,28818,1.0029858173675044,1.0059939801624933,0,1,3,2,1
32,4,2650,00:00:00.0990000,3,5,8,16065,16067,0,16067,41226,57293,1.0095860566448802,1.0193963183995682,0.005763302557170391,1,3,2,1
32,5,2818,00:00:00.1020000,3,11,18,32072,32114,0,32114,79510,111624,1.026440508855076,1.0546018304480798,0.02277321182191372,1,3,2,1
32,6,2987,00:00:00.1070000,3,22,37,63958,64153,0,64153,157299,221452,1.066012070421214,1.1430131291685908,0.05757209286093712,1,3,2,1
32,7,3142,00:00:00.1130000,5,42,76,128083,128515,0,128515,299806,428321,1.1436724623876704,1.3428747180538434,0.07516239583492279,1,5,4,1
32,8,3278,00:00:00.1220000,6,96,157,255384,256724,0,256724,548965,805689,1.2638027441029978,1.7243081297581386,0.12330097705125809,1,6,5,1
32,9,3395,00:00:00.1360000,7,179,283,509235,513757,0,513757,976752,1490509,1.4079923807279546,2.2703928262066504,0.1762702763080597,1,7,6,1
32,10,3498,00:00:00.1600000,12,347,521,1017674,1028196,1528,1029724,1732249,2761973,1.5599022869799168,2.7729133750966724,0.21995505690574646,2,12,10,1.1
32,11,3592,00:00:00.2020000,14,667,976,1999753,2031025,29540,2060565,3081984,5142549,1.6934381396102418,2.956314403201474,0.25072339177131653,2,14,12,1.0833334
32,12,3682,00:00:00.2950000,20,1261,1810,3860507,3928628,182745,4111373,5512382,9623755,1.8246709564313703,2.9697410099392902,0.2783236503601074,3,20,16,1.1875
32,13,3772,00:00:00.4090000,24,2438,3493,7309174,7471635,737865,8209500,9907605,18117105,1.9609572846398238,3.0466571847871275,0.2895527482032776,3,24,20,1.15
32,14,3864,00:00:00.6450000,27,4684,6701,13705267,14106307,2398410,16504717,17830017,34334734,2.1409571955073914,3.4821595693339225,0.29447266459465027,3,27,23,1.1304348
32,15,3954,00:00:01.1080000,27,8799,12606,25213187,26350019,6615875,32965894,31144457,64110351,2.409210426274156,4.599029422061241,0.3144364058971405,4,27,22,1.1818181
32,16,4039,00:00:01.9100000,35,16386,23442,47170030,49714064,16381289,66095353,52361419,118456772,2.838043456830534,6.226445311587223,0.2967064380645752,5,35,28,1.2142857
32,17,4113,00:00:03.3960000,42,30466,42847,89855487,94858029,36628024,131486053,83024495,214510548,3.475264688065182,6.807778374987748,0.26247236132621765,6,42,31,1.3225807
32,18,4175,00:00:06.5770000,45,56991,77851,176312111,186309641,76968663,263278304,125254008,388532312,4.272899653501398,6.07806995934515,0.21815747022628784,6,45,33,1.3333334
32,19,4229,00:00:11.9620000,43,107368,142268,345290440,367205786,159179634,526385420,185543336,711928756,4.9893292151384205,4.192556255448079,0.17285417020320892,6,43,31,1.3548387
32,20,4282,00:00:21.7810000,51,206067,268152,676346220,720895267,339083177,1059978444,282357403,1342335847,5.5539266013788025,3.2375904594003284,0.1357889175415039,7,52,38,1.3421053
33,0,1283,00:00:00.0400000,3,3,3,1002,1002,0,1002,2091,3093,1.157684630738523,1.3656462243971899,0.0397501215338707,1,3,2,1
33,1,1423,00:00:00.0640000,3,4,4,2001,2003,0,2003,4083,6086,1.255872063968016,1.6260332065682064,0.05378404259681702,1,3,2,1
33,2,1533,00:00:00.0810000,3,5,5,4011,4014,0,4014,7218,11232,1.4073797058090252,1.9600165872287265,0.060777876526117325,1,3,2,1
33,3,1638,00:00:00.0900000,3,7,8,7997,8004,0,8004,13318,21322,1.5600850318869577,2.029533821196005,0.0904630497097969,1,3,2,1
33,4,1730,00:00:00.0920000,5,8,10,16038,16050,0,16050,23721,39771,1.6835016835016836,1.8670998778532195,0.1126614585518837,2,5,3,1.3333334
33,5,1815,00:00:00.0930000,5,12,14,32058,32101,0,32101,43172,75273,1.7886954894254163,1.6384206242221502,0.12709161639213562,2,5,3,1.3333334
33,6,1896,00:00:00.0950000,6,25,31,64172,64251,0,64251,80427,144678,1.8633983668889857,1.4934037172476777,0.09444243460893631,2,6,4,1.25
33,7,1973,00:00:00.1070000,7,44,58,128573,128808,0,128808,151476,280284,1.932575268524496,1.4092697046307707,0.09279412776231766,2,7,5,1.2
33,8,2046,00:00:00.1110000,7,84,110,255729,256630,0,256630,286207,542837,1.995604722186377,1.4018146414435824,0.09461039304733276,2,7,5,1.2
33,9,2116,00:00:00.1300000,6,149,207,509375,513183,0,513183,543592,1056775,2.065122944785276,1.4599317770629647,0.13559211790561676,2,6,4,1.25
33,10,2182,00:00:00.1420000,8,292,406,1016966,1025409,1044,1026453,1027107,2053560,2.1477945182041482,1.6223892686080772,0.13039009273052216,2,8,6,1.1666666
33,11,2246,00:00:00.1640000,10,577,778,2017409,2038332,21882,2060214,1943652,4003866,2.2448214516739045,1.8898186447511012,0.12453293800354004,2,10,8,1.125
33,12,2309,00:00:00.2090000,12,1153,1552,3915151,3966168,141906,4108074,3643818,7751892,2.3520117104040175,2.2473917489852466,0.12171363830566406,2,12,10,1.1
33,13,2374,00:00:00.3140000,13,2311,3054,7495908,7635086,597644,8232730,6820893,15053623,2.4670268098274417,2.620958857204673,0.12609463930130005,3,13,10,1.2
33,14,2442,00:00:00.4610000,16,4408,5887,14046557,14390737,1993513,16384250,12676724,29060974,2.5834604878619007,2.877451925216012,0.13033533096313477,3,16,12,1.25
33,15,2517,00:00:00.8180000,20,8450,11565,26178112,27104297,5940299,33044596,23812576,56857172,2.701877774837238,2.9289341277343492,0.13941019773483276,3,20,16,1.1875
33,16,2598,00:00:01.6320000,28,16143,22389,47728703,49963721,15901651,65865372,44184997,110050369,2.8316052921027417,2.919511057175099,0.14709991216659546,3,28,24,1.125
33,17,2687,00:00:04.1860000,41,30671,43296,87256066,92125044,39936858,132061902,81478191,213540093,3.0327247162392124,3.1826151033665,0.15335552394390106,5,42,34,1.2058823
33,18,2777,00:00:09.5640000,50,57712,82285,160791503,172051881,92093374,264145255,143463527,407608782,3.4429395874233477,4.380818918668652,0.15514016151428223,5,51,40,1.25
33,19,2856,00:00:18.4310000,53,107782,151893,307784783,333401702,193315300,526717002,231521599,758238601,4.195132941318935,6.321914765235183,0.22795052826404572,5,53,42,1.2380953
33,20,2922,00:00:31.8310000,56,206400,282519,618576816,673988107,386938512,1060926619,351135846,1412062465,5.143891277037451,5.376291714891268,0.17366190254688263,7,56,43,1.2790698
34,0,1387,00:00:00.0440000,1,1,1,1002,1002,0,1002,2612,3614,1,1,0,0,1,1,0
34,1,1583,00:00:00.0640000,1,1,1,2015,2015,0,2015,5423,7438,1,1,0,0,1,1,0
34,2,1741,00:00:00.0820000,1,1,1,4014,4014,0,4014,9945,13959,1,1,0,0,1,1,0
34,3,1909,00:00:00.0900000,1,2,2,8018,8019,0,8019,19754,27773,1,1,0,0,1,1,0
34,4,2080,00:00:00.0930000,1,6,7,15998,16007,0,16007,39198,55205,1,1,0,0,1,1,0
34,5,2249,00:00:00.0960000,2,13,22,32017,32072,0,32072,78097,110169,1.0013742699191055,1.0027522663926967,0,1,2,1,1
34,6,2417,00:00:00.1090000,3,18,37,64129,64273,0,64273,155057,219330,1.0072042289759704,1.0145290185785611,0.004619584418833256,1,3,2,1
34,7,2584,00:00:00.1290000,4,43,79,127726,128259,0,128259,308849,437108,1.0190955639415624,1.0391079957344966,0.014062127098441124,1,4,3,1
34,8,2749,00:00:00.1420000,7,96,165,254712,256189,0,256189,611434,867623,1.0520195357894406,1.1113207425111178,0.03401665762066841,1,7,6,1
34,9,2904,00:00:00.1620000,10,195,320,508869,514128,0,514128,1180344,1694472,1.120146835433088,1.2790580986933937,0.0743410587310791,2,10,8,1.125
34,10,3042,00:00:00.1990000,16,410,645,1014877,1026903,1911,1028814,2192564,3221378,1.2508550297228136,1.6707478837134075,0.1338517665863037,2,16,13,1.1538461
34,11,3160,00:00:00.2650000,20,787,1211,1989792,2023341,34004,2057345,3872458,5929803,1.4423824198710218,2.427138794614822,0.20652548968791962,2,20,16,1.1875
34,12,3262,00:00:00.3680000,24,1457,2191,3823645,3904974,194848,4099822,6604185,10704007,1.6913374541831159,3.7481192768465745,0.25615349411964417,2,24,20,1.15
34,13,3354,00:00:00.5360000,28,2671,3929,7307305,7497297,746432,8243729,11077127,19320856,1.9734913213558214,5.455033027716159,0.3031180202960968,3,28,22,1.2272727
34,14,3439,00:00:00.8030000,30,4888,7066,13658612,14122524,2297684,16420208,18374324,34794532,2.2475909704441417,6.403887045338541,0.32852184772491455,3,30,23,1.2608696
34,15,3524,00:00:01.2620000,33,8930,12979,25499209,26590082,6416457,33006539,30963775,63970314,2.5061172681866326,6.120785643612636,0.3417414128780365,3,33,25,1.28
34,16,3610,00:00:02.2300000,42,16563,23927,46878909,49213814,16441497,65655311,52502077,118157388,2.741361109747669,5.651309013864905,0.31651628017425537,4,42,32,1.28125
34,17,3701,00:00:04.9880000,48,30611,44450,85843445,91250543,40342062,131592605,90493815,222086420,2.997306026103682,5.802744127664655,0.32650092244148254,4,48,36,1.3055556
34,18,3795,00:00:10.7600000,55,57608,84101,157130865,169523869,93975362,263499231,155294235,418793466,3.3177704520369056,7.364076842240175,0.3420472741127014,5,55,40,1.35
34,19,3888,00:00:21.7070000,62,108045,157719,290046284,318417625,207914686,526332311,259568177,785900488,3.7664802525103203,11.470252692963147,0.3301885426044464,5,62,45,1.3555555
34,20,3976,00:00:40.3510000,69,204287,295268,549754562,612617130,439606673,1052223803,419442572,1471666375,4.382767437589722,16.85063457158588,0.3344065845012665,6,69,47,1.4468085
35,0,2252,00:00:00.0640000,1,1,1,1002,1002,0,1002,3051,4053,1,1,0,0,1,1,0
35,1,2415,00:00:00.0800000,1,1,2,2005,2005,0,2005,5476,7481,1,1,0,0,1,1,0
35,2,2598,00:00:00.1080000,1,2,3,4005,4006,0,4006,10734,14740,1,1,0,0,1,1,0
35,3,2773,00:00:00.1130000,2,3,6,8008,8010,0,8010,20768,28778,1.001123876123876,1.0022503367488023,0,1,2,1,1
35,4,2944,00:00:00.1190000,3,6,10,16053,16063,0,16063,40479,56542,1.0043605556593782,1.0087672673095291,0,1,3,2,1
35,5,3113,00:00:00.1390000,4,11,18,32053,32075,0,32075,79280,111355,1.0147568090350356,1.030072280176669,0.010250292718410492,1,4,3,1
35,6,3284,00:00:00.1470000,5,27,42,64175,64278,0,64278,158352,222630,1.0342345149980523,1.0716062076782027,0.026079870760440826,1,5,4,1
35,7,3445,00:00:00.1580000,5,56,88,127695,128386,0,128386,306892,435278,1.079995301303888,1.1778557856130252,0.06135522201657295,1,5,4,1
35,8,3591,00:00:00.1750000,9,101,166,255313,256775,0,256775,574184,830959,1.1761289084378783,1.4320379690530383,0.1085042878985405,2,9,6,1.3333334
35,9,3720,00:00:00.2010000,10,220,330,509594,514545,0,514545,1047246,1561791,1.3275843122171769,1.942255454734873,0.17849673330783844,2,10,7,1.2857143
35,10,3826,00:00:00.2400000,12,394,591,1009036,1022970,1496,1024466,1820419,2844885,1.538295957725988,2.871000386407428,0.24104030430316925,2,12,9,1.2222222
35,11,3916,00:00:00.3000000,16,703,1043,2004668,2035446,27973,2063419,3101255,5164674,1.7961433015342192,4.215174737642107,0.2431556135416031,2,16,13,1.1538461
35,12,3994,00:00:00.3870000,18,1254,1830,3891075,3966829,165785,4132614,5200899,9333513,2.0577493366229125,5.191679218210824,0.2564348876476288,3,18,14,1.2142857
35,13,4066,00:00:00.5580000,20,2358,3345,7415737,7591408,645281,8236689,8718557,16955246,2.305671034450116,5.054969046823412,0.26298990845680237,3,20,15,1.2666667
35,14,4137,00:00:00.8070000,23,4396,6141,13977786,14357277,2057166,16414443,14818932,31233375,2.533767579500788,4.337756732822129,0.26067593693733215,3,23,18,1.2222222
35,15,4211,00:00:01.2850000,24,8472,11693,26217745,27072446,5911598,32984044,25784956,58769000,2.739823161755521,3.7729150907042492,0.2562110424041748,3,24,19,1.2105263
35,16,4289,00:00:02.4150000,26,15983,22199,48366576,50368321,15594013,65962334,45375564,111337898,2.930779429166125,3.6117283933257873,0.25040382146835327,3,26,21,1.1904762
35,17,4373,00:00:05.1690000,28,30158,42532,88106222,93021852,38841640,131863492,80568618,212432110,3.1281521525233487,3.9200354554139354,0.23999878764152527,4,28,21,1.2857143
35,18,4464,00:00:11.1710000,38,57080,81771,160170898,171291772,92616050,263907822,143521356,407429178,3.3560978786545856,4.895374865313826,0.27199268341064453,4,38,27,1.3703704
35,19,4561,00:00:23.2370000,47,107204,155975,287614108,313812127,211782410,525594537,252695284,778289821,3.6103419551310743,6.670210455062771,0.2709636688232422,4,47,35,1.3142858
35,20,4665,00:00:47.8420000,58,202168,299273,517416837,581457520,472641470,1054098990,442730919,1496829909,3.930266973511726,9.436968818169024,0.3146810829639435,5,59,43,1.3488373
36,0,1275,00:00:00.0440000,1,1,1,1004,1004,0,1004,2221,3225,1,1,0,0,1,1,0
36,1,1456,00:00:00.0600000,1,2,2,2003,2004,0,2004,4841,6845,1,1,0,0,1,1,0
36,2,1624,00:00:00.0910000,1,2,3,4001,4004,0,4004,9723,13727,1,1,0,0,1,1,0
36,3,1791,00:00:00.0960000,2,4,7,7998,8006,0,8006,19472,27478,1.001625406351588,1.0032561213100757,0,1,2,1,1
36,4,1961,00:00:00.1030000,3,5,8,16060,16067,0,16067,38951,55018,1.0084059775840597,1.0169897573026832,0.007400076370686293,1,3,2,1
36,5,2128,00:00:00.1230000,3,10,15,32018,32060,0,32060,77702,109762,1.0188643887813105,1.038626848636179,0.017864543944597244,1,3,2,1
36,6,2294,00:00:00.1310000,4,26,34,64040,64108,0,64108,154167,218275,1.0503591505309182,1.1073625522182096,0.03727288916707039,1,4,3,1
36,7,2453,00:00:00.1430000,4,46,68,128182,128529,0,128529,300903,429432,1.1146806883961866,1.2655898393534597,0.08499106019735336,1,4,3,1
36,8,2594,00:00:00.1610000,4,78,134,254985,256475,0,256475,559954,816429,1.2213267447104732,1.587692023535703,0.16632306575775146,1,4,3,1
36,9,2717,00:00:00.1880000,5,173,269,509010,514240,0,514240,1010289,1524529,1.3601579536747805,2.122158499336531,0.21955063939094543,1,5,4,1
36,10,2824,00:00:00.2360000,10,378,549,1013470,1024802,1557,1026359,1793001,2819360,1.5165135623156087,2.7808991129140517,0.25033387541770935,2,10,7,1.2857143
36,11,2920,00:00:00.3500000,12,709,1022,1990590,2021486,29584,2051070,3164608,5215678,1.6652967210726468,3.237418869687547,0.29750701785087585,2,12,9,1.2222222
36,12,3012,00:00:00.4770000,15,1281,1864,3850772,3930547,184509,4115056,5641058,9756114,1.8058181580213006,3.4311525505488305,0.350937157869339,2,15,11,1.2727273
36,13,3103,00:00:00.6950000,18,2539,3614,7294239,7500312,746939,8247251,10097864,18345115,1.9498554955492957,3.615821106684604,0.378686785697937,3,18,13,1.3076923
36,14,3195,00:00:01.1540000,24,4761,6871,13604729,14098336,2408584,16506920,18036539,34543459,2.124607847756468,4.141654333252716,0.4383794665336609,3,24,19,1.2105263
36,15,3287,00:00:01.9420000,34,8996,12926,25273050,26311236,6703906,33015142,31671633,64686775,2.3740803741534955,5.490497653887003,0.46117502450942993,4,34,25,1.32
36,16,3375,00:00:02.7870000,37,16558,23923,46441444,48958288,16614343,65572631,53613469,119186100,2.7369257510597644,7.922461117160584,0.463904470205307,4,37,28,1.2857143
36,17,3457,00:00:04.6400000,43,30864,43970,87798083,93172222,38361537,131533759,87608772,219142531,3.2633363646447724,9.351771952304155,0.45419079065322876,5,43,31,1.3548387
36,18,3531,00:00:08.6680000,39,57347,80562,165387037,178284204,83900884,262185088,138230311,400415399,3.828255898919091,6.624483639956879,0.3387848436832428,6,39,25,1.52
36,19,3602,00:00:15.8110000,46,107771,148978,317615531,343564421,182373534,525937955,217589037,743526992,4.372344014877535,4.591918703773573,0.23023423552513123,6,46,31,1.451613
36,20,3672,00:00:28.9220000,47,203119,278822,601269048,658125778,392203325,1050329103,345025030,1395354133,4.860331984027224,4.095417378620353,0.16299137473106384,6,48,33,1.4242424
37,0,1730,00:00:00.0540000,1,1,1,1005,1005,0,1005,2199,3204,1,1,0,0,1,1,0
37,1,1917,00:00:00.0690000,1,1,1,2007,2007,0,2007,5023,7030,1,1,0,0,1,1,0
37,2,2083,00:00:00.0990000,1,1,2,4005,4005,0,4005,9575,13580,1,1,0,0,1,1,0
37,3,2270,00:00:00.1040000,1,2,4,7999,8001,0,8001,20377,28378,1,1,0,0,1,1,0
37,4,2446,00:00:00.1090000,1,7,11,16045,16055,0,16055,40702,56757,1,1,0,0,1,1,0
37,5,2621,00:00:00.1150000,1,10,18,31951,32003,0,32003,81129,113132,1,1,0,0,1,1,0
37,6,2795,00:00:00.1220000,2,24,39,63980,64161,0,64161,161297,225458,1.003032197561738,1.0060828032638,0,1,2,1,1
37,7,2965,00:00:00.1350000,4,61,93,127764,128274,0,128274,317345,445619,1.0110124917817225,1.0223212213107338,0.007347611710429192,1,4,3,1
37,8,3133,00:00:00.1700000,6,122,200,254463,256085,0,256085,626563,882648,1.0317727921151603,1.0661575642005612,0.02089168131351471,1,6,5,1
37,9,3295,00:00:00.2060000,8,208,364,507162,513735,0,513735,1223831,1737566,1.0765435896222508,1.1690274720242866,0.046912841498851776,1,8,7,1
37,10,3443,00:00:00.2650000,15,416,692,1007802,1025711,2042,1027753,2309893,3337646,1.1661348161642862,1.4156538941172991,0.09171990305185318,1,15,14,1
37,11,3575,00:00:00.3590000,24,808,1294,1974434,2016136,36767,2052903,4194836,6247739,1.3008958516719222,1.9092770843768516,0.15946905314922333,2,24,22,1.0454545
37,12,3697,00:00:00.5210000,27,1451,2327,3766136,3888649,218795,4107444,7474573,11582017,1.457424532730629,2.6813634726690427,0.23868678510189056,2,27,25,1.04
37,13,3813,00:00:00.8220000,37,2725,4272,7073647,7373427,852972,8226399,13136421,21362820,1.6298791839626716,3.6055387633984686,0.31025242805480957,2,37,32,1.125
37,14,3927,00:00:01.2770000,47,5054,7850,13069206,13758481,2688605,16447086,22945636,39392722,1.8096667846539416,4.367668203258165,0.37232470512390137,3,47,38,1.2105263
37,15,4042,00:00:02.2470000,62,9442,14592,23999097,25432269,7466773,32899042,39985856,72884898,2.0205871495915035,5.21373568395224,0.411538302898407,3,62,50,1.22
37,16,4157,00:00:04.6040000,65,17325,26854,43390835,46767122,18884777,65651899,68723416,134375315,2.2815357436656845,6.6629839967409685,0.4336549639701843,3,65,51,1.254902
37,17,4271,00:00:09.2980000,66,31979,49452,78838238,86902188,44865187,131767375,116225647,247993022,2.6217327561278068,9.266429902484202,0.4367274045944214,3,66,50,1.3
37,18,4380,00:00:17.5430000,73,58902,90465,144406020,161792361,100594280,262386641,191131575,453518216,3.047002860407066,11.701296212284579,0.41497766971588135,5,73,52,1.3846154
37,19,4486,00:00:32.0520000,72,109439,166730,267404268,305173924,219918013,525091937,309856643,834948580,3.5311556657726944,11.88705616568416,0.38060519099235535,6,72,50,1.42
37,20,4583,00:00:56.4040000,78,205333,307252,515212940,592405264,457384375,1049789639,485178474,1534968113,4.254901790704247,13.965046427189433,0.31398701667785645,7,78,54,1.425926
38,0,1647,00:00:00.0250000,1,1,2,1008,1008,0,1008,2380,3388,1,1,0,0,1,1,0
38,1,1801,00:00:00.0530000,1,1,3,2005,2005,0,2005,4580,6585,1,1,0,0,1,1,0
38,2,1971,00:00:00.0710000,1,2,5,4028,4029,0,4029,9463,13492,1,1,0,0,1,1,0
38,3,2130,00:00:00.0730000,1,2,6,8003,8006,0,8006,18664,26670,1,1,0,0,1,1,0
38,4,2305,00:00:00.0760000,1,5,10,15998,16019,0,16019,38730,54749,1,1,0,0,1,1,0
38,5,2481,00:00:00.0780000,3,6,17,32032,32060,0,32060,79318,111378,1.005400849150849,1.0108737151196967,0,1,3,2,1
38,6,2655,00:00:00.0930000,4,33,52,64105,64215,0,64215,159706,223921,1.015583807815303,1.0317884514599698,0.01196976751089096,1,4,3,1
38,7,2823,00:00:00.1010000,4,63,101,127625,128107,0,128107,314712,442819,1.037798237022527,1.0792703730281241,0.028647752478718758,1,4,3,1
38,8,2984,00:00:00.1140000,5,113,179,254373,256699,0,256699,611555,868254,1.0881029040031764,1.197106931433361,0.05730000510811806,1,5,4,1
38,9,3128,00:00:00.1340000,8,222,357,504782,512257,0,512257,1138842,1651099,1.1838476807810103,1.4665165178529362,0.09524515271186829,1,8,7,1
38,10,3256,00:00:00.1700000,14,395,632,1006225,1026559,1805,1028364,2074672,3103036,1.3193430892692986,1.9660126306763739,0.1416984498500824,1,14,13,1
38,11,3368,00:00:00.2290000,26,756,1170,1980913,2018824,32760,2051584,3675201,5726785,1.494161025749238,2.722923612278846,0.19133712351322174,3,26,22,1.1363636
38,12,3468,00:00:00.3260000,30,1397,2120,3827752,3918874,192419,4111293,6349861,10461154,1.7319578175388584,3.604104235678009,0.22883814573287964,3,30,25,1.16
38,13,3552,00:00:00.4840000,31,2594,3804,7317184,7541651,702693,8244344,10414993,18659337,2.1540946626461763,4.625552435822763,0.22737842798233032,4,31,25,1.2
38,14,3618,00:00:00.6590000,34,4654,6595,14035282,14483557,1982685,16466242,16034619,32500861,2.732244923899641,4.384118625172142,0.1878688484430313,5,34,27,1.2222222
38,15,3673,00:00:00.9460000,26,8372,11425,26704337,27790640,5000372,32791012,24097697,56888709,3.3198374481268718,3.2933774698211344,0.15656957030296326,5,26,19,1.3157895
38,16,3724,00:00:01.3640000,28,15765,20782,52148085,53990424,12214165,66204589,36805491,103010080,3.8574088195184926,3.0428140922293156,0.12106871604919434,5,28,20,1.35
38,17,3772,00:00:02.2500000,26,29274,37775,99896321,103541268,28434507,131975775,56827115,188802890,4.334582011283478,3.4332144635310273,0.1149384155869484,5,26,18,1.3888888
38,18,3820,00:00:04.3980000,28,55898,71113,191871652,199131393,65212720,264344113,89779359,354123472,4.782467995845473,3.8970516455186193,0.09739115089178085,6,28,20,1.35
38,19,3869,00:00:09.0240000,28,105873,134155,362461983,378725624,146642846,525368470,144806724,670175194,5.171931407769184,3.62250955003695,0.0909842923283577,6,28,21,1.2857143
38,20,3922,00:00:18.5670000,29,202954,258467,680821031,719875622,331211072,1051086694,241538930,1292625624,5.50137462337,3.0171247330732536,0.1219390332698822,5,29,23,1.2173913
3,0,1783,00:00:00.0430000,1,2,2,1001,1002,0,1002,2285,3287,1,1,0,0,1,1,0
3,1,1930,00:00:00.0520000,1,2,3,2002,2003,0,2003,4446,6449,1,1,0,0,1,1,0
3,2,2109,00:00:00.0700000,1,1,3,4006,4006,0,4006,9638,13644,1,1,0,0,1,1,0
3,3,2282,00:00:00.0720000,1,1,5,8047,8047,0,8047,19634,27681,1,1,0,0,1,1,0
3,4,2455,00:00:00.0740000,1,6,10,16020,16038,0,16038,39710,55748,1,1,0,0,1,1,0
3,5,2629,00:00:00.0770000,2,11,20,32100,32133,0,32133,80223,112356,1.0014641744548287,1.002932663913075,0,1,2,1,1
3,6,2800,00:00:00.0820000,2,33,50,63842,64058,0,64058,158292,222350,1.0025061871495253,1.0050249549280774,0,1,2,1,1
3,7,2969,00:00:00.0900000,5,63,94,127841,128414,0,128414,313809,442223,1.0115143029231624,1.023370399451574,0.008267286233603954,1,5,4,1
3,8,3136,00:00:00.1130000,6,111,178,253874,256471,0,256471,621737,878208,1.0313777700749192,1.0653585808656751,0.02240752801299095,1,6,5,1
3,9,3296,00:00:00.1370000,14,211,353,505002,512288,0,512288,1209948,1722236,1.0832570960115009,1.1838000253600138,0.05403473973274231,2,14,12,1.0833334
3,10,3441,00:00:00.1780000,23,380,633,1004881,1023896,1918,1025814,2267407,3293221,1.1910713805913338,1.472145221356167,0.11189429461956024,2,23,20,1.1
3,11,3566,00:00:00.2680000,37,765,1194,1986082,2020770,35166,2055936,4047763,6103699,1.393508425130483,2.165824358920784,0.19054503738880157,3,37,32,1.125
3,12,3669,00:00:00.3550000,40,1428,2181,3827339,3922446,195760,4118206,6798876,10917082,1.7141042379574947,3.6791688113729206,0.27536246180534363,3,40,34,1.1470588
3,13,3751,00:00:00.4890000,42,2569,3813,7326868,7550729,695409,8246138,10768253,19014391,2.179352487311086,6.316052191249821,0.33783742785453796,4,42,34,1.2058823
3,14,3817,00:00:00.6630000,41,4630,6574,13978908,14481904,1984817,16466721,16397190,32863911,2.717725876727996,7.295032337613844,0.3525446355342865,4,41,33,1.2121212
3,15,3875,00:00:00.9570000,35,8488,11609,26788151,27951989,5180596,33132585,24955439,58088024,3.2372705753375812,5.729883619432485,0.33969783782958984,5,35,26,1.3076923
3,16,3929,00:00:01.4120000,32,15734,20913,51052313,53493263,12749504,66242767,38494187,104736954,3.693114746828415,4.608464072512032,0.29741984605789185,5,32,24,1.2916666
3,17,3983,00:00:02.6270000,31,29586,38723,97178671,102123729,30550551,132674280,61117914,193792194,4.079550110332338,4.168050566612825,0.255014032125473,4,31,23,1.3043479
3,18,4038,00:00:05.3470000,32,55329,72171,181707850,191919806,70772361,262692167,98948713,361640880,4.42076598231722,4.080847934571433,0.24428269267082214,4,32,23,1.3478261
3,19,4097,00:00:11.1410000,39,105017,137456,340607478,362033375,162508130,524541505,165107278,689648783,4.735188098248389,4.235271024468752,0.19380179047584534,5,39,29,1.3103448
3,20,4161,00:00:23.2370000,46,202226,267083,638167933,686102775,369677113,1055779888,282062531,1337842419,5.069819473364231,4.617777219020092,0.22713303565979004,5,46,34,1.3235294
39,0,1566,00:00:00.0400000,3,3,4,1004,1004,0,1004,2742,3746,1.0547808764940239,1.1168732157650558,0.04303312674164772,1,3,2,1
39,1,1730,00:00:00.0590000,3,4,5,2014,2015,0,2015,5218,7233,1.131578947368421,1.3106800950476964,0.12668274343013763,1,3,2,1
39,2,1867,00:00:00.0780000,3,3,6,4020,4020,0,4020,9213,13233,1.2569651741293533,1.708553682430862,0.255558043718338,1,3,2,1
39,3,1985,00:00:00.0790000,3,4,7,8007,8012,0,8012,15995,24007,1.3944048957162483,2.2428578163785784,0.38933536410331726,1,3,2,1
39,4,2090,00:00:00.0810000,4,6,10,16044,16061,0,16061,27939,44000,1.543380703066567,2.7842979513147297,0.5317234396934509,2,4,2,1.5
39,5,2182,00:00:00.0830000,5,12,16,32026,32069,0,32069,48767,80836,1.6753887466433524,3.000047682473679,0.6554952263832092,2,5,2,2
39,6,2267,00:00:00.0850000,6,23,32,64212,64291,0,64291,87794,152085,1.7825017130754377,2.9562931352519897,0.7430344820022583,2,6,3,1.6666666
39,7,2347,00:00:00.0880000,6,52,64,127762,128218,0,128218,161031,289249,1.8724972996665674,2.8402756841660413,0.8074904680252075,2,6,3,1.6666666
39,8,2421,00:00:00.0920000,7,73,104,255397,256880,0,256880,296022,552902,1.9592242665340627,2.8257805289256455,0.848444402217865,2,7,4,1.5
39,9,2492,00:00:00.0990000,10,142,192,513480,516796,0,516796,557611,1074407,2.049121679520137,2.94294816340984,0.8061441779136658,2,10,7,1.2857143
39,10,2558,00:00:00.1110000,11,291,384,1018983,1028445,1052,1029497,1043804,2073301,2.1457423725420344,3.218958956963348,0.785825252532959,2,11,8,1.25
39,11,2621,00:00:00.1330000,14,548,730,2013736,2034720,21638,2056358,1947338,4003696,2.2583084376502183,3.6720462225021118,0.7513871192932129,3,14,10,1.3
39,12,2683,00:00:00.1760000,15,1138,1485,3917609,3975345,139990,4115335,3615511,7730846,2.3803904371263185,4.180599819695804,0.7165095806121826,3,15,11,1.2727273
39,13,2746,00:00:00.2710000,19,2155,2879,7503345,7631251,585076,8216327,6693012,14909339,2.5136767668286613,4.5920601329889426,0.6776288747787476,3,19,14,1.2857143
39,14,2812,00:00:00.4070000,21,4171,5563,14146748,14468725,1954055,16422780,12370098,28792878,2.65144399264057,4.734817920024766,0.6446533799171448,3,21,16,1.25
39,15,2883,00:00:00.7390000,25,8186,10944,26466829,27231793,5753540,32985333,22902257,55887590,2.8014437997086845,4.745470568174347,0.6084510684013367,3,25,20,1.2
39,16,2959,00:00:01.4290000,31,15625,21363,48737970,50516963,15324210,65841173,41975694,107816867,2.9695847200857974,4.840572665167692,0.572340190410614,5,31,22,1.3636364
39,17,3041,00:00:03.6410000,33,29776,41339,89327946,93856048,38285464,132141512,76293321,208434833,3.205371049279472,5.222249824979873,0.5320329070091248,5,34,24,1.375
39,18,3122,00:00:08.2990000,39,56282,78535,165685904,175681720,87324099,263005819,131940044,394945863,3.652185481029213,6.275428060443128,0.4855717718601227,6,40,28,1.3928572
39,19,3194,00:00:16.1230000,41,106853,147459,320019241,342518664,184174670,526693334,212103454,738796788,4.400574851685246,5.43205427171033,0.4163302183151245,6,42,30,1.3666667
39,20,3257,00:00:28.6720000,44,203397,274829,628525000,673649381,375469991,1049119372,326405051,1375524423,5.125889638439203,3.2592816187397275,0.27048856019973755,6,45,31,1.4193548
40,0,1771,00:00:00.1230000,2,2,2,1002,1002,0,1002,2596,3598,1.001996007984032,1.0039999291840536,0,1,2,1,1
40,1,1937,00:00:00.1400000,2,2,3,2017,2017,0,2017,4961,6978,1.0014873574615766,1.0029791732069795,0,1,2,1,1
40,2,2100,00:00:00.1700000,2,3,4,4006,4007,0,4007,9763,13770,1.0017473789316027,1.0035008460648835,0,1,2,1,1
40,3,2276,00:00:00.1750000,2,3,5,8002,8004,0,8004,20019,28023,1.007998000499875,1.0161238981700838,0,1,2,1,1
40,4,2449,00:00:00.1800000,3,4,7,16006,16017,0,16017,40029,56046,1.0173060102461577,1.0352496903514496,0.005009557586163282,1,3,2,1
40,5,2619,00:00:00.2000000,4,15,21,32022,32074,0,32074,79380,111454,1.0478108800199863,1.1007459926841043,0.018778497353196144,1,4,3,1
40,6,2780,00:00:00.2080000,5,25,41,64135,64242,0,64242,153750,217992,1.105387074140485,1.236948877327889,0.04304235056042671,1,5,4,1
40,7,2921,00:00:00.2180000,6,57,83,128047,128576,0,128576,282737,411313,1.2034955914625098,1.5035207889967785,0.07149554044008255,1,6,5,1
40,8,3047,00:00:00.2310000,8,106,156,255765,257428,0,257428,514151,771579,1.3434441772721053,1.9220209304679605,0.11923500150442123,2,8,5,1.4
40,9,3155,00:00:00.2510000,11,190,285,510091,513827,0,513827,910106,1423933,1.5032690245466005,2.335793078052098,0.1515704244375229,2,11,8,1.25
40,10,3250,00:00:00.2830000,11,380,540,1013298,1025805,1416,1027221,1605219,2632440,1.6596410927486287,2.50218346800991,0.19743788242340088,2,11,8,1.25
40,11,3336,00:00:00.3380000,13,686,974,1992381,2026900,27339,2054239,2835820,4890059,1.8121689576441453,2.535442286096276,0.2273615002632141,2,13,10,1.2
40,12,3418,00:00:00.4300000,20,1269,1807,3882238,3957481,171504,4128985,5044988,9173973,1.9739070608241946,2.6611627173045704,0.2510780692100525,3,20,15,1.2666667
40,13,3497,00:00:00.5690000,23,2433,3394,7323363,7519297,682254,8201551,8904608,17106159,2.140046178238058,2.9874122507372016,0.28951379656791687,3,23,18,1.2222222
40,14,3577,00:00:00.9090000,31,4564,6416,13776308,14189790,2201352,16391142,15767953,32159095,2.336566371773918,3.6687388711557922,0.29140526056289673,3,31,25,1.2
40,15,3659,00:00:01.4850000,35,8688,12177,25663017,26660147,6253353,32913500,27889187,60802687,2.562303644968945,4.70115773810088,0.34239742159843445,4,35,28,1.2142857
40,16,3742,00:00:02.8620000,43,15974,22702,47434493,49510386,16076707,65587093,48644188,114231281,2.8245942462165665,6.141810593902761,0.3369736969470978,4,43,35,1.2
40,17,3827,00:00:05.7800000,49,30164,42979,87601667,92299442,38900448,131199890,84024717,215224607,3.1355347153382365,7.949827804288931,0.3239125609397888,5,49,38,1.2631578
40,18,3913,00:00:11.5720000,53,57400,81955,163146234,174168915,89993024,264161939,143215294,407377233,3.5299146776504813,9.84178276655627,0.32732462882995605,5,53,40,1.3
40,19,3995,00:00:21.8300000,58,107450,152928,305337498,330474936,196521580,526996516,235099119,762095635,4.053657196077502,10.65839345465196,0.42663392424583435,6,58,39,1.4615384
40,20,4071,00:00:39.5170000,62,203816,285756,586890393,640900635,410688684,1051589319,373089189,1424678508,4.729230430595922,10.886433485272486,0.3496114909648895,7,63,41,1.5121951
41,0,1306,00:00:00.0220000,1,1,1,1004,1004,0,1004,2421,3425,1,1,0,0,1,1,0
41,1,1494,00:00:00.0310000,1,1,1,2008,2008,0,2008,5166,7174,1,1,0,0,1,1,0
41,2,1675,00:00:00.0510000,2,2,3,4007,4007,0,4007,10628,14635,1.0017469428500125,1.003500008750365,0,1,2,1,1
41,3,1845,00:00:00.0530000,2,4,6,8014,8018,0,8018,20385,28403,1.0013725979535812,1.0027489193725965,0,1,2,1,1
41,4,2018,00:00:00.0560000,3,7,10,16024,16035,0,16035,40104,56139,1.0040564153769347,1.0081538180224054,0,1,3,2,1
41,5,2193,00:00:00.0700000,4,14,21,32046,32077,0,32077,80330,112407,1.011327466766523,1.022989070320608,0.009371727705001831,1,4,3,1
41,6,2362,00:00:00.0740000,4,24,40,63988,64163,0,64163,158257,222420,1.0297868350315684,1.0619119492022107,0.024315819144248962,1,4,3,1
41,7,2524,00:00:00.0800000,7,49,79,127766,128125,0,128125,307028,435153,1.0713961460795516,1.1569490029139282,0.0437910333275795,1,7,6,1
41,8,2675,00:00:00.0910000,8,100,152,254662,256226,0,256226,584427,840653,1.1512004146672845,1.3708380052041969,0.08804595470428467,1,8,7,1
41,9,2809,00:00:00.1080000,10,179,287,509251,513982,0,513982,1075752,1589734,1.2762881172545562,1.8068841691965498,0.1480083465576172,1,10,9,1
41,10,2925,00:00:00.1350000,14,343,524,1013636,1026044,1652,1027696,1924141,2951837,1.4260188075403795,2.500818659934625,0.20796805620193481,2,14,12,1.0833334
41,11,3029,00:00:00.1850000,17,703,1042,1990872,2027152,31542,2058694,3412921,5471615,1.5729695329483764,3.250988417020626,0.2631525695323944,2,17,15,1.0666667
41,12,3127,00:00:00.2940000,24,1361,1972,3839426,3922038,192724,4114762,6051672,10166434,1.714814141488858,3.7795802029635017,0.3063208758831024,2,24,20,1.15
41,13,3224,00:00:00.4290000,30,2570,3748,7229862,7424602,771554,8196156,10793238,18989394,1.850261318957402,4.033416305442286,0.33892878890037537,2,30,26,1.1153846
41,14,3324,00:00:00.7210000,34,4715,6957,13388857,13909606,2502773,16412379,19393127,35805506,1.9871618615390396,4.308443016739809,0.3560704290866852,2,34,30,1.1
41,15,3428,00:00:01.3030000,44,8963,13247,24577323,25786239,7097570,32883809,34795353,67679162,2.1597812341075553,5.0797531923272246,0.37014463543891907,3,44,35,1.2285714
41,16,3534,00:00:02.8650000,60,16835,25044,44937411,47389617,18160909,65550526,61276617,126827143,2.404432355927225,6.958742389243503,0.3818144202232361,4,60,46,1.2826087
41,17,3641,00:00:06.4290000,63,31474,47200,82337566,88270187,43558849,131829036,105852390,237681426,2.7455020713145686,10.762397905775861,0.4209754467010498,4,63,47,1.3191489
41,18,3742,00:00:13.0750000,64,58653,87675,152453677,166481251,97534556,264015807,175323801,439339608,3.226253604890094,16.15318136033292,0.4467219412326813,4,64,48,1.3125
41,19,3835,00:00:24.4120000,68,109037,161244,287205513,317487399,209075422,526562821,279564994,806127815,3.7966787218321953,14.236759145819,0.4537379741668701,6,68,46,1.4565217
41,20,3923,00:00:43.9800000,65,204797,298333,544966343,611250208,440886742,1052136950,439654858,1491791808,4.38315946605165,9.149733130779959,0.3913898766040802,6,65,47,1.3617021
42,0,1587,00:00:00.0260000,1,1,1,1004,1004,0,1004,2415,3419,1,1,0,0,1,1,0
42,1,1761,00:00:00.0350000,1,2,2,2004,2006,0,2006,4802,6808,1,1,0,0,1,1,0
42,2,1934,00:00:00.0550000,1,4,4,4003,4009,0,4009,9907,13916,1,1,0,0,1,1,0
42,3,2104,00:00:00.0570000,1,3,5,8016,8021,0,8021,19744,27765,1,1,0,0,1,1,0
42,4,2264,00:00:00.0590000,3,7,9,15986,16002,0,16002,37858,53860,1.0030026272988866,1.0060275959038087,0,1,3,2,1
42,5,2438,00:00:00.0730000,4,16,21,31964,32021,0,32021,77844,109865,1.0085095732699287,1.0172086352261491,0.006597451400011778,1,4,3,1
42,6,2610,00:00:00.0770000,6,23,37,63940,64123,0,64123,157539,221662,1.024929621520175,1.051556147819012,0.01951044425368309,1,6,5,1
42,7,2771,00:00:00.0840000,8,51,77,127532,128127,0,128127,304737,432864,1.06617946868237,1.1450059010943938,0.049036115407943726,1,8,7,1
42,8,2922,00:00:00.0950000,10,98,145,254793,256483,0,256483,581262,837745,1.1441994089319565,1.3538053096121692,0.0989842638373375,1,10,9,1
42,9,3056,00:00:00.1190000,13,199,310,506946,512017,0,512017,1071973,1583990,1.2658350199035007,1.7818676039105787,0.17128944396972656,2,13,11,1.0909091
42,10,3173,00:00:00.1490000,18,364,564,1012502,1024020,1640,1025660,1924387,2950047,1.4179142362187926,2.5429035614063746,0.2442960888147354,2,18,15,1.1333333
42,11,3277,00:00:00.2060000,22,686,1046,1995578,2023426,31332,2054758,3410076,5464834,1.5750158600666073,3.5918999566600465,0.31118664145469666,2,22,19,1.1052631
42,12,3374,00:00:00.3100000,26,1295,1958,3839236,3907305,189971,4097276,6016422,10113698,1.7331364886138805,4.644158180496243,0.3732079565525055,2,26,20,1.25
42,13,3469,00:00:00.4400000,28,2419,3594,7256710,7443912,759430,8203342,10644543,18847885,1.893378404263089,5.474011904721074,0.41600391268730164,3,28,21,1.2857143
42,14,3564,00:00:00.7080000,34,4628,6818,13545306,13986339,2431585,16417924,18796984,35214908,2.0779562307414836,6.345928515204078,0.3892644941806793,3,34,27,1.2222222
42,15,3660,00:00:01.2260000,40,8731,12878,25090430,26168902,6830895,32999797,33011435,66011232,2.3089930304103996,7.460773950425028,0.35940268635749817,3,40,31,1.2580645
42,16,3754,00:00:02.6520000,45,16354,24189,46064845,48658279,17230665,65888944,56525938,122414882,2.623260536315709,8.475103769947559,0.3284824788570404,4,45,34,1.2941177
42,17,3845,00:00:05.7390000,47,30708,45011,84814754,90710553,40454911,131165464,94400580,225566044,3.013722966171664,8.339248525111113,0.30006253719329834,4,47,34,1.3529412
42,18,3934,00:00:11.5560000,52,57464,83684,158819625,171326263,91557396,262883659,155503581,418387240,3.4573254407318994,7.35254508551773,0.24591878056526184,4,52,37,1.3783784
42,19,4022,00:00:22.3670000,57,108133,156599,298490131,325172787,203246580,528419367,254325532,782744899,3.9026185726723406,6.812723447942479,0.2075141966342926,5,57,39,1.4358975
42,20,4110,00:00:42.3160000,56,202489,292784,548461419,609722968,440192276,1049915244,415008483,1464923727,4.301458413066608,6.777873513544877,0.19713439047336578,6,56,36,1.5277778
43,0,983,00:00:00.0210000,1,1,2,1006,1006,0,1006,1982,2988,1,1,0,0,1,1,0
43,1,1155,00:00:00.0300000,1,1,2,2011,2011,0,2011,4463,6474,1,1,0,0,1,1,0
43,2,1329,00:00:00.0480000,1,2,3,4013,4017,0,4017,9640,13657,1,1,0,0,1,1,0
43,3,1493,00:00:00.0500000,1,4,5,8006,8017,0,8017,19239,27256,1,1,0,0,1,1,0
43,4,1667,00:00:00.0530000,3,8,10,16044,16071,0,16071,39231,55302,1.0026801296434804,1.0053781456426705,0,1,3,2,1
43,5,1844,00:00:00.0660000,4,21,27,31946,32030,0,32030,80011,112041,1.009422149877919,1.0190757746763672,0.005850909743458033,1,4,3,1
43,6,2009,00:00:00.0720000,5,30,46,63801,64135,0,64135,155744,219879,1.0293569066315575,1.061049867854912,0.023741737008094788,1,5,4,1
43,7,2171,00:00:00.0800000,9,67,98,127113,128077,0,128077,305215,433292,1.0793309889625766,1.1677365758130511,0.05261872336268425,1,9,8,1
43,8,2316,00:00:00.0930000,15,119,183,254590,256561,0,256561,570127,826688,1.195643976589811,1.4465615826391336,0.11677417159080505,2,15,13,1.0769231
43,9,2436,00:00:00.1100000,19,197,313,509332,513875,0,513875,1007163,1521038,1.4254906426456613,2.128173136524316,0.2106126993894577,2,19,16,1.125
43,10,2528,00:00:00.1340000,20,368,554,1014689,1026740,1282,1028022,1675205,2703227,1.747135329150114,3.2795048553271093,0.2983386814594269,2,20,16,1.1875
43,11,2601,00:00:00.1670000,21,719,1012,2007181,2035982,23779,2059761,2715186,4774947,2.0751347287564,3.703876188447386,0.334993839263916,2,21,17,1.1764706
43,12,2665,00:00:00.2340000,22,1308,1802,3919712,3986601,143858,4130459,4436777,8567236,2.3523008833302037,2.972719893378275,0.33230096101760864,3,22,17,1.2352941
43,13,2726,00:00:00.3180000,22,2375,3204,7492994,7653533,576136,8229669,7419252,15648921,2.567243347585758,2.25099292901054,0.31119289994239807,3,22,17,1.2352941
43,14,2789,00:00:00.4620000,25,4395,5889,14179102,14525770,1902027,16427797,12841009,29268806,2.728147311444688,1.8324398312759154,0.2680252194404602,3,25,19,1.2631578
43,15,2857,00:00:00.7770000,27,8282,11137,26377854,27210411,5589282,32799693,22914126,55713819,2.8592054152699458,1.620838700174012,0.2323060929775238,3,27,22,1.1818181
43,16,2933,00:00:01.3910000,25,15755,21500,48343481,50599893,15245111,65845004,41982302,107827306,2.9768347256582537,1.5578600837112946,0.22524812817573547,3,25,20,1.2
43,17,3017,00:00:02.7460000,30,29741,41683,87524575,92754769,38637154,131391923,77147117,208539040,3.1148676357468745,1.7030038100551317,0.21948713064193726,4,30,24,1.2083334
43,18,3109,00:00:06.8430000,40,56370,80452,158357522,169962118,92489484,262451602,140575981,403027583,3.3288607281945217,2.2271345725755323,0.20263360440731049,4,40,32,1.21875
43,19,3206,00:00:17.4050000,50,107184,155422,289129365,315948315,211219677,527167992,249498004,776665996,3.6671143209545667,3.4607917384278957,0.23077382147312164,4,50,37,1.3243244
43,20,3303,00:00:37.8780000,56,201892,295054,527512383,591767390,458975644,1050743034,426347498,1477090532,4.09229687220442,4.489271098423265,0.27338454127311707,4,57,40,1.4
44,0,1500,00:00:00.0240000,2,2,3,1008,1008,0,1008,2485,3493,1.0089285714285714,1.0180166082210083,0,1,2,1,1
44,1,1675,00:00:00.0350000,3,3,4,2011,2011,0,2011,4979,6990,1.017901541521631,1.0364961802056931,0,1,3,2,1
44,2,1837,00:00:00.0640000,4,5,6,4000,4002,0,4002,9594,13596,1.046,1.097040358412682,0.023051567375659943,1,4,3,1
44,3,1991,00:00:00.0670000,5,9,11,8049,8055,0,8055,18275,26330,1.105478941483414,1.2397214956156513,0.0575094148516655,1,5,4,1
44,4,2131,00:00:00.0700000,6,10,17,16034,16039,0,16039,34325,50364,1.2132343769489835,1.544191710367631,0.09232708811759949,1,6,5,1
44,5,2257,00:00:00.0720000,6,15,25,32167,32186,0,32186,63365,95551,1.3571983710013367,2.038385682424577,0.16328808665275574,1,6,5,1
44,6,2366,00:00:00.0750000,7,28,43,64196,64280,0,64280,113434,177714,1.5082403888092717,2.5193350340438543,0.23484554886817932,2,7,5,1.2
44,7,2463,00:00:00.0790000,7,36,59,128143,128529,0,128529,202807,331336,1.6411821168538274,2.6718733280562814,0.29204580187797546,2,7,5,1.2
44,8,2550,00:00:00.0840000,9,74,113,255119,256094,0,256094,362773,618867,1.7558707897099002,2.5743341639326323,0.33542317152023315,2,9,7,1.1428572
44,9,2632,00:00:00.0920000,11,150,216,513722,515979,0,515979,664394,1180373,1.8509894456534857,2.4187635602587316,0.3636685907840729,2,11,8,1.25
44,10,2709,00:00:00.1070000,11,314,431,1023283,1031121,1225,1032346,1232792,2265138,1.9332745682279486,2.324652298721835,0.3751274645328522,2,11,8,1.25
44,11,2783,00:00:00.1360000,13,654,868,2019902,2041426,25021,2066447,2299249,4365696,2.0155215451046633,2.3598173990525857,0.3720635771751404,2,13,10,1.2
44,12,2856,00:00:00.1950000,19,1237,1664,3898718,3941239,158143,4099382,4269289,8368671,2.111139097518723,2.5601841572012614,0.35666245222091675,3,19,14,1.2857143
44,13,2932,00:00:00.3160000,20,2401,3223,7449067,7582551,663896,8246447,7981558,16228005,2.224089003361092,2.927591432698298,0.3361096680164337,3,20,15,1.2666667
44,14,3010,00:00:00.5040000,25,4510,6189,13959477,14268952,2180364,16449316,14705787,31155103,2.371931842432206,3.505149755511509,0.31163761019706726,3,25,19,1.2631578
44,15,3092,00:00:00.9450000,28,8630,11971,25901033,26706834,6273578,32980412,26865693,59846105,2.5521647727331955,4.1873381782298,0.29026952385902405,3,28,22,1.2272727
44,16,3177,00:00:01.9810000,32,16329,22958,47401169,49421614,16307293,65728907,48163887,113892794,2.7698069851399656,4.903852871473635,0.2737303376197815,4,32,24,1.2916666
44,17,3266,00:00:04.8430000,39,30738,43770,86725474,91639053,39909157,131548210,85321224,216869434,3.0322870532826376,5.856112867003131,0.257306843996048,4,39,30,1.2666667
44,18,3358,00:00:10.4770000,46,57370,82621,158021088,170015821,92942210,262958031,148713292,411671323,3.3387833907332674,7.383506315280151,0.24503092467784882,5,46,34,1.3235294
44,19,3452,00:00:21.4090000,57,107583,156402,289192167,317302205,208578855,525881060,254177655,780058715,3.718266598140606,9.926140038920858,0.2527976930141449,5,58,40,1.425
44,20,3546,00:00:41.9690000,73,202755,295755,538684300,600847934,452403169,1053251103,425413700,1478664803,4.193285247036158,14.079046933803086,0.2463189959526062,6,74,47,1.5531915
45,0,1194,00:00:00.0220000,1,1,1,1001,1001,0,1001,2380,3381,1,1,0,0,1,1,0
45,1,1350,00:00:00.0310000,1,1,1,2009,2009,0,2009,4578,6587,1,1,0,0,1,1,0
45,2,1520,00:00:00.0510000,1,1,1,4010,4010,0,4010,9650,13660,1,1,0,0,1,1,0
45,3,1688,00:00:00.0530000,1,3,5,8010,8020,0,8020,19198,27218,1,1,0,0,1,1,0
45,4,1856,00:00:00.0550000,2,5,10,16032,16059,0,16059,38462,54521,1.003617764471058,1.0072617027673194,0,1,2,1,1
45,5,2027,00:00:00.0590000,4,11,19,32059,32082,0,32082,78207,110289,1.0143797373592438,1.0292799775678596,0.010083986446261406,1,4,3,1
45,6,2199,00:00:00.0730000,4,29,42,63979,64062,0,64062,157715,221777,1.037371637568577,1.0781883355102984,0.024952460080385208,1,4,3,1
45,7,2359,00:00:00.0790000,4,50,84,128163,128596,0,128596,304688,433284,1.085266418545134,1.1892458846765437,0.05981601029634476,1,4,3,1
45,8,2506,00:00:00.0890000,6,84,144,255544,257026,0,257026,573983,831009,1.1730465203643992,1.4274422859806313,0.08977971225976944,1,6,5,1
45,9,2636,00:00:00.1050000,8,179,285,508206,512515,0,512515,1049057,1561572,1.3075563846156872,1.8720732273759608,0.14638444781303406,2,8,6,1.1666666
45,10,2748,00:00:00.1310000,13,348,556,1016405,1025815,1601,1027416,1865578,2892994,1.470996305606525,2.4915512955861505,0.18193142116069794,2,13,10,1.2
45,11,2847,00:00:00.1790000,14,702,1043,1997680,2027556,30368,2057924,3279932,5337856,1.6393256177165512,3.0227377658668595,0.23651966452598572,2,14,10,1.3
45,12,2938,00:00:00.2750000,19,1301,1911,3849625,3915740,182387,4098127,5724672,9822799,1.8177762769100887,3.3881077958783075,0.251566618680954,2,19,15,1.2
45,13,3027,00:00:00.3970000,21,2566,3663,7335953,7509229,733139,8242368,10068116,18310484,2.0011136930675537,3.684245521991321,0.26354295015335083,2,21,17,1.1764706
45,14,3114,00:00:00.6340000,26,4667,6740,13636864,14068207,2321361,16389568,17545099,33934667,2.1963304759804014,4.007954256741326,0.2625938355922699,3,26,20,1.25
45,15,3204,00:00:01.1700000,31,8919,12878,25364189,26399679,6598230,32997909,30875853,63873762,2.4080132820331848,4.237937014743886,0.25561413168907166,3,31,25,1.2
45,16,3296,00:00:02.5890000,34,16656,24169,46326721,48942398,17063382,66005780,53966963,119972743,2.6404335415839166,4.271305766447224,0.2897059917449951,4,34,26,1.2692307
45,17,3391,00:00:05.7420000,43,30845,45134,84530940,90235993,41369661,131605654,93690133,225295787,2.90615230352342,4.569118401191267,0.2764039933681488,4,43,31,1.3548387
45,18,3489,00:00:12.1470000,48,57595,84974,153658407,166871764,95741857,262613621,161182052,423795673,3.2246475911988335,5.722821623911184,0.3062572181224823,4,48,35,1.3428571
45,19,3589,00:00:24.3010000,56,107915,159890,282629412,312544488,214718194,527262682,273476222,800738904,3.6097994040337174,8.798009519407058,0.3281238079071045,4,56,41,1.3414634
45,20,3688,00:00:47.0230000,66,202424,300325,517452613,585497702,463352463,1048850165,453880057,1502730222,4.038966773948825,13.015298371645311,0.30841779708862305,5,67,46,1.4347826
46,0,1373,00:00:00.0740000,3,3,3,1002,1002,0,1002,2289,3291,1.0209580838323353,1.0430321400254086,0,1,3,2,1
46,1,1540,00:00:00.1200000,3,3,3,2007,2007,0,2007,4616,6623,1.0378674638764325,1.0791488086755272,0.01953914575278759,1,3,2,1
46,2,1694,00:00:00.1640000,3,3,3,4016,4016,0,4016,8901,12917,1.0779382470119523,1.1716418085625555,0.07171978056430817,1,3,2,1
46,3,1846,00:00:00.1710000,3,4,4,8022,8027,0,8027,17610,25637,1.1844926452256295,1.4632107165696917,0.1736997663974762,1,3,2,1
46,4,1975,00:00:00.1770000,3,5,5,16083,16089,0,16089,32429,48518,1.3137474351800038,1.909737129116834,0.29756221175193787,1,3,2,1
46,5,2086,00:00:00.1850000,3,9,12,32145,32178,0,32178,57836,90014,1.4617825478301447,2.4764981908578174,0.43803516030311584,1,3,2,1
46,6,2187,00:00:00.1920000,3,19,24,64295,64384,0,64384,104519,168903,1.5971070845322342,2.825346602715908,0.5644288063049316,1,3,2,1
46,7,2278,00:00:00.2000000,3,37,48,128447,128721,0,128721,188177,316898,1.7131034590142238,2.802666386503552,0.671599805355072,1,3,2,1
46,8,2361,00:00:00.2120000,4,81,103,256787,257541,0,257541,340685,598226,1.8009361844641667,2.6040289004190345,0.7531462907791138,2,4,2,1.5
46,9,2441,00:00:00.2320000,5,152,206,513063,515275,0,515275,635956,1151231,1.8673613182006887,2.404918042437018,0.8114297986030579,2,5,3,1.3333334
46,10,2518,00:00:00.2680000,5,313,425,1022668,1030592,1250,1031842,1203389,2235231,1.9160304223853684,2.255761150465898,0.850945770740509,2,5,3,1.3333334
46,11,2594,00:00:00.3380000,8,601,852,2014292,2032185,25417,2057602,2296931,4354533,1.962821676301152,2.1994411344168467,0.8702574968338013,2,8,5,1.4
46,12,2672,00:00:00.4950000,9,1267,1722,3887539,3942101,165806,4107907,4404375,8512282,2.0187064361283578,2.2268465386856415,0.8723401427268982,2,9,6,1.3333334
46,13,2753,00:00:00.6500000,12,2386,3295,7394995,7539156,691530,8230686,8367562,16598248,2.1258425462086183,2.4499484745403795,0.8414736390113831,2,12,9,1.2222222
46,14,2833,00:00:00.9170000,16,4551,6294,13836068,14194816,2201148,16395964,15227677,31623641,2.354317281470429,3.0596496813053804,0.7620606422424316,3,16,12,1.25
46,15,2908,00:00:01.4260000,19,8618,11840,25962757,26834072,5934764,32768836,26242147,59010983,2.743101743778598,3.8211162062724546,0.6318715810775757,3,19,14,1.2857143
46,16,2977,00:00:02.3600000,21,16022,21777,49122617,51122834,14557386,65680220,43386359,109066579,3.2069120014513883,3.604161947602042,0.4852081835269928,3,21,16,1.25
46,17,3043,00:00:04.4160000,23,29966,40642,92953284,97470722,34225892,131696614,70857320,202553934,3.6459486036017834,3.0693513485313413,0.35133883357048035,3,23,18,1.2222222
46,18,3109,00:00:08.4930000,27,56421,76232,173489306,183801026,78493977,262295003,116171433,378466436,4.023574911297414,2.9464282777344284,0.24719533324241638,4,28,21,1.2857143
46,19,3179,00:00:16.7280000,37,107553,145579,326770082,349281879,179884663,529166542,194852323,724018865,4.385650501504602,3.284436640551659,0.17400284111499786,4,38,30,1.2333333
46,20,3250,00:00:32.1730000,45,202443,275739,606418273,657834735,394696470,1052531205,324554802,1377086007,4.796425525917488,4.152148713838088,0.14186851680278778,5,46,35,1.2857143
47,0,1299,00:00:00.0260000,1,2,3,1004,1005,0,1005,2479,3484,1,1,0,0,1,1,0
47,1,1464,00:00:00.0360000,2,3,5,2005,2006,0,2006,4811,6817,1.0029925187032418,1.006002931462258,0,1,2,1,1
47,2,1646,00:00:00.0560000,3,5,7,4004,4006,0,4006,10069,14075,1.011988011988012,1.024305189087418,0,1,3,2,1
47,3,1812,00:00:00.0680000,3,5,11,8013,8016,0,8016,19514,27530,1.0203419443404467,1.0416712596545887,0.01441887952387333,1,3,2,1
47,4,1976,00:00:00.0710000,3,5,12,16035,16044,0,16044,38343,54387,1.042843779232928,1.0901021895660594,0.03240640461444855,1,3,2,1
47,5,2133,00:00:00.0750000,3,20,31,31993,32080,0,32080,74443,106523,1.0988341199637421,1.2210291305238485,0.0671616867184639,1,3,2,1
47,6,2277,00:00:00.0790000,5,25,48,63943,64149,0,64149,140658,204807,1.20280562375866,1.5055342889661416,0.07646045833826065,1,5,4,1
47,7,2403,00:00:00.0850000,7,49,88,128004,128385,0,128385,255634,384019,1.3389034717665074,1.9369829292169813,0.1066349595785141,1,7,6,1
47,8,2513,00:00:00.0940000,7,105,159,255553,256960,0,256960,456744,713704,1.4803387164306425,2.3347052036278484,0.15232282876968384,1,7,6,1
47,9,2611,00:00:00.1070000,8,194,286,511310,515472,0,515472,817845,1333317,1.6194852437855705,2.4645313066629564,0.19490543007850647,2,8,6,1.1666666
47,10,2699,00:00:00.1280000,9,366,533,1011648,1024746,1335,1026081,1463030,2489111,1.7313788985892327,2.3303464323811793,0.21491755545139313,2,9,7,1.1428572
47,11,2783,00:00:00.1670000,15,663,959,1992675,2022184,26877,2049061,2666054,4715115,1.8292109852334173,2.167242149435985,0.23271185159683228,2,15,12,1.1666666
47,12,2867,00:00:00.2560000,19,1254,1807,3852504,3929680,173491,4103171,4930224,9033395,1.9131448014070849,2.0652291107314436,0.22237874567508698,2,19,16,1.125
47,13,2954,00:00:00.3680000,27,2330,3373,7335245,7506701,723571,8230272,9186759,17417031,2.009249316144178,2.11155080259154,0.23450522124767303,3,27,22,1.1818181
47,14,3045,00:00:00.6130000,31,4544,6549,13622211,14075587,2385258,16460845,17033422,33494267,2.1271859612217137,2.352607862434061,0.24387682974338531,3,31,25,1.2
47,15,3140,00:00:01.0730000,37,8779,12648,25001116,26158479,6795077,32953556,31120935,64074491,2.3025106559243196,2.997010595077645,0.2448452115058899,3,37,29,1.2413793
47,16,3236,00:00:01.9400000,48,16590,24072,46014819,48565052,17387066,65952118,55154325,121106443,2.5871021463759316,4.516239068957539,0.24480457603931427,4,48,39,1.2051282
47,17,3329,00:00:03.7290000,55,30596,44706,85134365,90905085,40986492,131891577,93930265,225821842,2.9906058499408554,6.97629445710536,0.25926631689071655,5,55,42,1.2857143
47,18,3416,00:00:08.2450000,55,57677,83302,158946751,172366903,90991490,263358393,153686535,417044928,3.5188202683048235,8.525387772936961,0.30207857489585876,5,55,38,1.4210526
47,19,3496,00:00:16.7830000,56,108127,153868,305132950,333050099,194574633,527624732,243132808,770757540,4.1530104500349765,9.282616840629894,0.2734975218772888,6,56,37,1.4864864
47,20,3568,00:00:31.1650000,59,205269,286012,597959186,654354959,402016925,1056371884,374012712,1430384596,4.882174167318503,10.269530757051161,0.2548786699771881,8,60,40,1.475
48,0,1252,00:00:00.0200000,1,1,1,1003,1003,0,1003,2427,3430,1,1,0,0,1,1,0
48,1,1445,00:00:00.0290000,1,1,1,2011,2011,0,2011,5350,7361,1,1,0,0,1,1,0
48,2,1618,00:00:00.0470000,1,2,2,4006,4010,0,4010,10268,14278,1,1,0,0,1,1,0
48,3,1794,00:00:00.0490000,2,2,2,8017,8017,0,8017,20467,28484,1.0021204939503554,1.0042499826045785,0,1,2,1,1
48,4,1968,00:00:00.0520000,2,3,6,16008,16009,0,16009,40765,56774,1.002936031984008,1.0058892509870745,0,1,2,1,1
48,5,2146,00:00:00.0560000,2,9,15,32007,32051,0,32051,82131,114182,1.0056237698003563,1.0113107647973651,0,1,2,1,1
48,6,2315,00:00:00.0600000,3,27,38,63912,64080,0,64080,160072,224152,1.015615220928777,1.0317816008352496,0.008909545838832855,1,3,2,1
48,7,2480,00:00:00.0750000,4,48,71,127401,128136,0,128136,312519,440655,1.0400310829585324,1.0838406889079601,0.020862309262156487,1,4,3,1
48,8,2637,00:00:00.0860000,9,108,154,254665,256179,0,256179,600783,856962,1.106119804448982,1.2316360099632224,0.04423859715461731,2,9,7,1.1428572
48,9,2775,00:00:00.1040000,11,202,305,507370,512749,0,512749,1103875,1616624,1.23763131442537,1.558580940417075,0.08448834717273712,2,11,9,1.1111112
48,10,2889,00:00:00.1330000,16,371,548,1009350,1022599,1537,1024136,1930049,2954185,1.4728706593352157,2.2736673947280197,0.1269131749868393,2,16,14,1.0714285
48,11,2980,00:00:00.1770000,20,698,1013,1997464,2027616,27792,2055408,3221288,5276696,1.7905634344348633,3.428715284001796,0.1613374650478363,3,20,17,1.117647
48,12,3055,00:00:00.2580000,23,1315,1835,3878124,3950251,159369,4109620,5228142,9337762,2.1152085389739987,4.164367096390357,0.18559835851192474,3,23,18,1.2222222
48,13,3123,00:00:00.3430000,23,2455,3363,7433019,7622270,618181,8240451,8539090,16779541,2.414070110677774,3.900527953769805,0.19498780369758606,4,23,18,1.2222222
48,14,3188,00:00:00.5010000,25,4528,6109,14032404,14458760,1947402,16406162,14117305,30523467,2.681280199743394,3.476266734720883,0.18701621890068054,4,25,19,1.2631578
48,15,3254,00:00:00.8300000,28,8330,11246,26479334,27406369,5510702,32917071,23867894,56784965,2.9493495569035084,3.410888551807436,0.17972080409526825,4,28,21,1.2857143
48,16,3321,00:00:01.3950000,33,15867,21239,49843873,51747507,14289141,66036648,40641944,106678592,3.25223796312939,3.886263238331525,0.1651235967874527,4,33,26,1.2307693
48,17,3388,00:00:02.6270000,34,29827,40111,93117900,97512120,34457809,131969929,68623189,200593118,3.610795174719361,4.680542339229226,0.1612616330385208,5,34,26,1.2692307
48,18,3455,00:00:06.0440000,37,56050,75465,173841512,183708858,79209093,262917951,114668296,377586247,4.006649453210002,4.779671513203557,0.141933411359787,5,37,27,1.3333334
48,19,3524,00:00:13.1000000,40,106551,143947,324718226,347627803,178677560,526305363,192087372,718392735,4.390451917534189,4.001131036973701,0.13145709037780762,5,40,29,1.3448275
48,20,3596,00:00:27.2540000,43,202266,275356,600041911,654769379,396046020,1050815399,323496021,1374311420,4.761207661709483,3.5215171218331265,0.15472100675106049,6,43,30,1.4
4,0,1284,00:00:00.0250000,1,1,1,1006,1006,0,1006,2469,3475,1,1,0,0,1,1,0
4,1,1452,00:00:00.0470000,1,1,1,2009,2009,0,2009,4900,6909,1,1,0,0,1,1,0
4,2,1620,00:00:00.0670000,1,2,4,4006,4007,0,4007,9709,13716,1,1,0,0,1,1,0
4,3,1794,00:00:00.0690000,1,2,6,8021,8025,0,8025,19666,27691,1,1,0,0,1,1,0
4,4,1968,00:00:00.0720000,1,5,11,15990,16003,0,16003,39356,55359,1,1,0,0,1,1,0
4,5,2146,00:00:00.0750000,2,14,25,32056,32113,0,32113,80664,112777,1.0013414025455454,1.0026864037698533,0,1,2,1,1
4,6,2321,00:00:00.0810000,3,24,44,63960,64216,0,64216,161915,226131,1.0048780487804878,1.0098126974435575,0.0025838410947471857,1,3,2,1
4,7,2492,00:00:00.0980000,7,55,87,127574,128175,0,128175,319926,448101,1.017527082320849,1.0359074897459715,0.015019131824374199,1,7,6,1
4,8,2656,00:00:00.1100000,11,99,170,254869,256203,0,256203,621350,877553,1.0507397918146184,1.109097652756086,0.04232276976108551,1,11,10,1
4,9,2811,00:00:00.1320000,13,202,331,508508,513056,0,513056,1190164,1703220,1.1166569650821618,1.2770093582698323,0.09354029595851898,1,13,12,1
4,10,2950,00:00:00.1700000,19,382,613,1014033,1025228,1907,1027135,2206213,3233348,1.2272430976112216,1.6428153432408454,0.16832686960697174,2,19,17,1.0588236
4,11,3074,00:00:00.2500000,21,727,1149,1978242,2015036,35299,2050335,3977476,6027811,1.3732622196879856,2.3583071364562938,0.2666867673397064,2,21,19,1.0526316
4,12,3188,00:00:00.3490000,29,1432,2197,3818663,3909139,210554,4119693,7040447,11160140,1.5497390055105675,3.6646273964650375,0.35391926765441895,2,29,24,1.1666666
4,13,3294,00:00:00.5360000,33,2703,4113,7158416,7395767,810868,8206635,12208536,20415171,1.7436734607209192,5.572374151091247,0.4223749041557312,3,33,26,1.2307693
4,14,3396,00:00:00.8420000,41,5111,7655,13398604,13950300,2532220,16482520,20960283,37442803,2.001010702308987,8.080870768606815,0.4529493749141693,3,41,31,1.2903225
4,15,3490,00:00:01.3300000,48,9245,13721,24991737,26241127,6774456,33015583,34840509,67856092,2.372456024165107,10.10802363550061,0.4415792226791382,4,48,34,1.382353
4,16,3573,00:00:02.1230000,52,16867,24516,46606401,49361306,16189400,65550706,55483362,121034068,2.855666199155777,8.089301177506435,0.39486512541770935,4,52,37,1.3783784
4,17,3650,00:00:03.7100000,56,30846,44043,89035047,94497299,37290160,131787459,87468542,219256001,3.3850139597275666,5.464338903965228,0.2611749470233917,5,56,40,1.375
4,18,3723,00:00:06.4130000,52,57513,80730,168398997,180120474,83487657,263608131,137651780,401259911,3.866136150442749,4.617340365724261,0.2117229849100113,5,52,38,1.3421053
4,19,3796,00:00:13.4080000,48,108445,150599,317222364,342861951,185392403,528254354,219672033,747926387,4.299554103947098,4.9365128763926,0.1764574497938156,5,48,34,1.382353
4,20,3870,00:00:28.1290000,45,202992,281764,587984375,645754162,403601468,1049355630,354737906,1404093536,4.70254474364221,5.6681865309244195,0.20294027030467987,6,45,28,1.5714285
49,0,1352,00:00:00.0450000,1,1,1,1003,1003,0,1003,2084,3087,1,1,0,0,1,1,0
49,1,1522,00:00:00.0610000,1,1,1,2003,2003,0,2003,4547,6550,1,1,0,0,1,1,0
49,2,1686,00:00:00.0920000,1,2,2,4014,4015,0,4015,9138,13153,1,1,0,0,1,1,0
49,3,1851,00:00:00.0960000,1,5,8,8018,8027,0,8027,18470,26497,1,1,0,0,1,1,0
49,4,2021,00:00:00.1020000,2,9,14,16054,16084,0,16084,38074,54158,1.0012457954403886,1.0024946973731865,0,1,2,1,1
49,5,2191,00:00:00.1100000,4,24,32,32019,32123,0,32123,77238,109361,1.005871513788688,1.011835339400084,0.005275599658489227,1,4,3,1
49,6,2359,00:00:00.1340000,5,36,51,63553,64003,0,64003,155201,219204,1.018221012383365,1.0373593425141785,0.01695048250257969,1,5,4,1
49,7,2524,00:00:00.1490000,11,77,105,127095,128161,0,128161,306883,435044,1.0615995908572329,1.1346725796362893,0.05064315348863602,1,11,10,1
49,8,2675,00:00:00.1700000,17,133,201,254457,257038,0,257038,583223,840261,1.143474142978971,1.3570626205349992,0.1123410016298294,1,17,16,1
49,9,2809,00:00:00.2000000,23,206,333,505424,512878,0,512878,1074585,1587463,1.2740728576403177,1.8262548548548923,0.20225481688976288,2,23,19,1.1578947
49,10,2923,00:00:00.2440000,31,379,597,1010906,1025066,1531,1026597,1905825,2932422,1.453911639657891,2.826313030620549,0.2953421473503113,2,31,26,1.1538461
49,11,3022,00:00:00.3210000,33,717,1090,1987954,2024518,29971,2054489,3319037,5373526,1.6545976415953287,4.614181821044508,0.3863057494163513,2,33,28,1.1428572
49,12,3111,00:00:00.4100000,35,1356,1985,3852208,3940226,180200,4120426,5711884,9832310,1.8722511868518004,7.46020054781268,0.45564162731170654,2,35,30,1.1333333
49,13,3194,00:00:00.5720000,37,2557,3633,7320576,7520951,704406,8225357,9762972,17988329,2.0948373461323264,10.707819247051312,0.4787081182003021,2,37,31,1.1612903
49,14,3276,00:00:00.9300000,40,4759,6723,13785542,14227715,2249800,16477515,16820265,33297780,2.313286485217629,12.223571316015883,0.502467930316925,3,40,30,1.3
49,15,3360,00:00:01.5230000,41,8842,12536,25550958,26585271,6379628,32964899,29291611,62256510,2.5080419685242332,11.197948324600816,0.5068144798278809,3,41,31,1.2903225
49,16,3449,00:00:03.0240000,43,16476,23497,46791123,49164567,16740784,65905351,51639654,117545005,2.6939849253030324,9.556595138672,0.5153177380561829,4,43,29,1.4482758
49,17,3545,00:00:06.4960000,45,31095,44988,84605239,90378075,41542789,131920864,91861576,223782440,2.886300740785095,8.712964428357676,0.4773802161216736,4,45,30,1.4666667
49,18,3644,00:00:13.5050000,54,57996,85058,153762175,166866502,96103220,262969722,160007662,422977384,3.2373613861796633,9.580440606452143,0.4361517131328583,5,54,37,1.4324324
49,19,3727,00:00:23.9640000,51,108999,156486,303531009,331955833,196626711,528582544,251811679,780394223,4.272647662170161,9.229996476469491,0.3306628167629242,7,51,33,1.5151515
49,20,3783,00:00:36.7600000,43,207609,282491,639637455,692981729,363866188,1056847917,352897764,1409745681,5.558860797168296,3.5384334015194443,0.23818975687026978,7,44,27,1.5925926
5,0,1430,00:00:00.0270000,1,2,2,1005,1006,0,1006,2517,3523,1,1,0,0,1,1,0
5,1,1573,00:00:00.0390000,2,2,2,2004,2004,0,2004,4480,6484,1.0029940119760479,1.00600592951527,0,1,2,1,1
5,2,1758,00:00:00.0590000,3,6,6,3999,4005,0,4005,9931,13936,1.0062515628907227,1.0126013095731723,0,1,3,2,1
5,3,1930,00:00:00.0710000,4,7,10,8029,8040,0,8040,19575,27615,1.0164404035371777,1.0335687488354075,0.011970706284046173,1,4,3,1
5,4,2092,00:00:00.0730000,5,7,11,16013,16022,0,16022,38198,54220,1.0488977705614189,1.1039195439524434,0.029247155413031578,1,5,4,1
5,5,2249,00:00:00.0760000,5,14,21,31988,32056,0,32056,74480,106536,1.1040077529073402,1.2367765787593177,0.06307864189147949,1,5,4,1
5,6,2389,00:00:00.0800000,6,29,42,64011,64194,0,64194,138234,202428,1.2081985908671946,1.537922472585903,0.11021243780851364,1,6,5,1
5,7,2515,00:00:00.0860000,7,52,75,127567,128139,0,128139,254081,382220,1.3519640659418188,2.0498212071510267,0.18309952318668365,2,7,5,1.2
5,8,2624,00:00:00.0930000,8,98,142,255266,257103,0,257103,454113,711216,1.5079015615083873,2.6310266916170475,0.23688767850399017,2,8,6,1.1666666
5,9,2719,00:00:00.1050000,11,196,275,511119,515804,0,515804,802746,1318550,1.6589365685877457,2.9963134062965255,0.26909536123275757,2,11,8,1.25
5,10,2803,00:00:00.1240000,15,345,494,1013663,1023638,1266,1024904,1417027,2441931,1.798174541242997,3.125765157089775,0.2860942780971527,2,15,12,1.1666666
5,11,2882,00:00:00.1600000,17,684,972,2005421,2031281,25750,2057031,2548047,4605078,1.9329527316209414,3.2077149972414043,0.29688021540641785,2,17,14,1.1428572
5,12,2958,00:00:00.2370000,19,1283,1812,3889336,3956955,162721,4119676,4597961,8717637,2.0750757969997964,3.399732040230564,0.29421278834342957,3,19,15,1.2
5,13,3033,00:00:00.3490000,20,2421,3335,7371547,7548599,658325,8206924,8259429,16466353,2.2272425313166964,3.6814830512417265,0.29544398188591003,3,20,16,1.1875
5,14,3110,00:00:00.5370000,26,4559,6298,13894383,14266024,2152843,16418867,14876049,31294916,2.4009206454147693,3.9628313414994136,0.2702375054359436,3,26,22,1.1363636
5,15,3190,00:00:00.9400000,29,8555,11844,25810794,26740411,6172060,32912471,26722507,59634978,2.595224695528545,4.033928156823985,0.2809990346431732,4,29,23,1.2173913
5,16,3273,00:00:01.6980000,33,16185,22745,47567907,49701409,16083728,65785137,47502241,113287378,2.8256732002103857,4.100731558058784,0.24757841229438782,4,33,27,1.1851852
5,17,3359,00:00:04.0270000,34,30341,42962,87484494,92704941,39302029,132006970,83433057,215440027,3.1216389272366367,4.459704023707025,0.2323523312807083,4,34,28,1.1785715
5,18,3445,00:00:09.0710000,40,57146,81266,161838406,173582710,90357164,263939874,142756612,406696486,3.504561204093916,5.438125843116671,0.195258229970932,4,40,34,1.1470588
5,19,3530,00:00:18.6850000,44,107581,153165,299590298,326636281,199860442,526496723,238171123,764667846,3.941447252741142,6.709276357520112,0.1730625033378601,5,45,35,1.2571429
5,20,3616,00:00:37.5280000,54,202725,289636,557569173,616075267,434469815,1050545082,395012608,1445557690,4.362595352810152,7.527948222201723,0.17078016698360443,5,55,45,1.2
6,0,1064,00:00:00.0370000,1,2,2,1005,1006,0,1006,2280,3286,1,1,0,0,1,1,0
6,1,1258,00:00:00.0530000,1,2,3,1999,2001,0,2001,5004,7005,1,1,0,0,1,1,0
6,2,1428,00:00:00.0720000,2,2,3,4003,4003,0,4003,9918,13921,1.0029977516862354,1.0060134847926585,0,1,2,1,1
6,3,1605,00:00:00.0750000,3,4,7,8009,8016,0,8016,20138,28154,1.0109876389062304,1.0222442722305025,0,1,3,2,1
6,4,1773,00:00:00.0860000,4,8,11,16045,16071,0,16071,39362,55433,1.0390775942661266,1.0817270862885016,0.018808476626873016,1,4,3,1
6,5,1938,00:00:00.1010000,5,11,18,32076,32114,0,32114,77468,109582,1.0994513031550068,1.2230439027308726,0.04565365985035896,1,5,4,1
6,6,2084,00:00:00.1040000,5,26,37,64074,64198,0,64198,144892,209090,1.1898742079470612,1.4690027099053318,0.0839734897017479,1,5,4,1
6,7,2212,00:00:00.1090000,6,49,73,128572,128861,0,128861,262474,391335,1.3220452353545096,1.8884808339284531,0.1272241622209549,1,6,5,1
6,8,2324,00:00:00.1170000,6,96,142,255533,256794,0,256794,468130,724924,1.4714420446674206,2.329652755877752,0.18605828285217285,1,6,5,1
6,9,2422,00:00:00.1290000,8,197,285,508878,512946,0,512946,826200,1339146,1.60976108222403,2.4968838513367637,0.22058847546577454,2,8,6,1.1666666
6,10,2511,00:00:00.1510000,13,371,523,1014611,1023974,1342,1025316,1478748,2504064,1.7336023362648345,2.4016187588211397,0.2541777491569519,3,13,10,1.2
6,11,2595,00:00:00.1890000,15,691,960,2008440,2037323,27097,2064420,2680877,4745297,1.8469976698333035,2.2602210342436155,0.2752426564693451,3,15,12,1.1666666
6,12,2675,00:00:00.2710000,19,1276,1787,3871034,3945511,168359,4113870,4836277,8950147,1.993213699492177,2.2991155377586616,0.27893930673599243,3,19,14,1.2857143
6,13,2751,00:00:00.3720000,23,2386,3326,7366761,7548485,660827,8209312,8534069,16743381,2.238684002372277,2.7059410495810665,0.2630482316017151,3,23,17,1.2941177
6,14,2821,00:00:00.5400000,27,4485,6115,14069208,14479869,2040173,16520042,14527325,31047367,2.614952312880725,3.471467934154256,0.23725083470344543,3,27,20,1.3
6,15,2884,00:00:00.8510000,29,8339,11209,26547940,27455141,5419374,32874515,23819276,56693791,3.0272638479671117,3.508476055910596,0.22553350031375885,4,29,20,1.4
6,16,2946,00:00:01.3860000,31,15607,20868,50097785,52118129,13689357,65807486,39304057,105111543,3.382776643717881,2.7649615397074188,0.19918742775917053,4,31,22,1.3636364
6,17,3011,00:00:02.8870000,36,29463,39547,94063557,98383805,33793917,132177722,66511566,198689288,3.662337976438633,2.2171774744436026,0.18233492970466614,5,36,24,1.4583334
6,18,3081,00:00:06.5730000,37,55686,75407,171572845,182029406,80810767,262840173,114824586,377664759,3.867051041789276,1.9878715249632906,0.15973243117332458,5,37,25,1.44
6,19,3160,00:00:14.9750000,44,106092,146134,312575849,337072720,190960595,528033315,203855776,731889091,4.069736616151685,2.0924655935067094,0.1478479951620102,5,44,31,1.3870968
6,20,3246,00:00:32.8680000,57,201489,283065,567986270,622613740,433240857,1055854597,361439561,1417294158,4.35389658802844,2.757179567303537,0.14870603382587433,6,58,41,1.3902439
7,0,1305,00:00:00.0260000,2,2,2,1004,1004,0,1004,2242,3246,1.1673306772908367,1.3863131385096654,0,1,2,1,1
7,1,1432,00:00:00.0350000,3,4,4,2003,2004,0,2004,4071,6075,1.2626060908637045,1.6409927183789388,0.04385337606072426,1,3,2,1
7,2,1547,00:00:00.0640000,4,4,5,4002,4002,0,4002,7303,11305,1.4182908545727135,1.978487674581928,0.058342449367046356,2,4,2,1.5
7,3,1655,00:00:00.0650000,4,4,5,8036,8036,0,8036,13420,21456,1.5793927327028372,2.088505631567187,0.05565626919269562,2,4,2,1.5
7,4,1746,00:00:00.0660000,4,8,9,16121,16130,0,16130,23855,39985,1.7331431052664226,2.009499558230682,0.05761769041419029,2,4,2,1.5
7,5,1825,00:00:00.0680000,4,14,19,32237,32284,0,32284,41881,74165,1.8829295529981078,1.9264576277341028,0.07390880584716797,2,4,2,1.5
7,6,1896,00:00:00.0700000,4,28,36,64390,64574,0,64574,74542,139116,2.020344774033235,1.9302879594934081,0.06926735490560532,2,4,2,1.5
7,7,1962,00:00:00.0730000,5,42,60,128662,129306,0,129306,135467,264773,2.1612675071116567,2.0361897849730255,0.05211662873625755,2,5,3,1.3333334
7,8,2022,00:00:00.0760000,8,81,105,256370,257605,0,257605,246427,504032,2.306939189452744,2.178265905057763,0.045047879219055176,3,8,5,1.4
7,9,2077,00:00:00.0810000,9,141,184,511775,515192,0,515192,448229,963421,2.445889306824288,2.2278681261296573,0.040011778473854065,3,9,6,1.3333334
7,10,2128,00:00:00.0900000,13,269,344,1028736,1034799,846,1035645,823381,1859026,2.580804987868608,2.1661540876253165,0.03710087388753891,4,13,9,1.3333334
7,11,2176,00:00:00.1060000,15,559,699,2030951,2045398,17450,2062848,1513977,3576825,2.7095730029921943,2.05797432503078,0.03410683572292328,4,15,11,1.2727273
7,12,2223,00:00:00.1370000,17,1102,1378,3955875,3989738,112725,4102463,2776147,6878610,2.8514240212342403,2.014947919051534,0.0329551175236702,4,17,13,1.2307693
7,13,2271,00:00:00.1970000,18,2118,2644,7692392,7781444,479193,8260637,5116713,13377350,3.036853946080751,2.133775307281843,0.03458140045404434,4,18,14,1.2142857
7,14,2318,00:00:00.3110000,21,4099,5134,14686375,14901864,1557164,16459028,9154697,25613725,3.297526040292448,2.5332582642352013,0.0408526286482811,5,21,16,1.25
7,15,2365,00:00:00.5290000,18,7817,9842,28116282,28816113,4436544,33252657,16114096,49366753,3.6479534171694534,3.1168573834896764,0.08027651906013489,6,18,12,1.4166666
7,16,2410,00:00:00.9890000,20,14928,18629,53250749,54863790,11220518,66084308,27387699,93472007,4.041251814129413,3.344714420352419,0.09198526293039322,5,20,15,1.2666667
7,17,2455,00:00:01.9380000,23,28404,35442,101437295,105055994,26958839,132014833,46154044,178168877,4.466350339882387,3.1616563738730052,0.09194055199623108,6,23,17,1.2941177
7,18,2499,00:00:03.9410000,24,54499,67543,192880809,201090843,61357656,262448499,76221693,338670192,4.9640469000728835,3.296023198539401,0.15963532030582428,6,24,17,1.3529412
7,19,2542,00:00:07.8330000,30,106124,130842,379309994,395359663,135306255,530665918,124311093,654977011,5.596288662512805,4.158199878771763,0.1368761509656906,6,30,21,1.3809524
7,20,2582,00:00:14.7770000,30,205091,251091,740281915,775480333,285493823,1060974156,197336108,1258310264,6.247042602681979,4.944225513197819,0.13025346398353577,7,30,20,1.45
8,0,1474,00:00:00.0780000,1,2,3,1008,1009,0,1009,2265,3274,1,1,0,0,1,1,0
8,1,1649,00:00:00.0940000,2,2,6,2002,2002,0,2002,4795,6797,1.0024975024975025,1.0050074631975408,0,1,2,1,1
8,2,1810,00:00:00.1260000,2,2,6,4002,4002,0,4002,9561,13563,1.0057471264367817,1.0115603338706656,0,1,2,1,1
8,3,1989,00:00:00.1310000,2,3,8,8005,8006,0,8006,20307,28313,1.0171143035602748,1.0348140046573742,0,1,2,1,1
8,4,2156,00:00:00.1360000,2,9,15,16045,16060,0,16060,39695,55755,1.0453723901526955,1.0948434747450067,0,1,2,1,1
8,5,2314,00:00:00.1420000,3,16,24,32061,32141,0,32141,76044,108185,1.101400455381928,1.2231754234869092,0.00868585892021656,1,3,2,1
8,6,2459,00:00:00.1640000,4,25,39,64112,64384,0,64384,142438,206822,1.2102102570501623,1.5005926173537876,0.01946233958005905,1,4,3,1
8,7,2583,00:00:00.1730000,7,49,82,127966,128383,0,128383,256420,384803,1.35062438460216,1.8602488484976611,0.03438912704586983,1,7,6,1
8,8,2691,00:00:00.1850000,8,103,149,254904,256402,0,256402,454033,710435,1.4978933245457113,2.063894141601271,0.04865574464201927,2,8,6,1.1666666
8,9,2787,00:00:00.2030000,11,188,276,509851,513215,0,513215,804955,1318170,1.6374607483362786,1.9970590350554236,0.06028882414102554,2,11,9,1.1111112
8,10,2875,00:00:00.2320000,13,359,507,1020734,1030917,1355,1032272,1451418,2483690,1.7563459236196697,1.8062605013094974,0.06881885230541229,2,13,11,1.0909091
8,11,2957,00:00:00.2830000,15,702,983,2000063,2028860,26597,2055457,2626782,4682239,1.8586319530934776,1.665958724507592,0.07452687621116638,2,15,13,1.0769231
8,12,3039,00:00:00.3840000,17,1338,1872,3869796,3948662,171859,4120521,4842610,8963131,1.957881500730271,1.6255718339444027,0.07789943367242813,2,17,15,1.0666667
8,13,3122,00:00:00.5280000,21,2469,3439,7308584,7515542,704262,8219804,8906191,17125995,2.0659855588989604,1.7251553842587466,0.08545420318841934,2,21,18,1.1111112
8,14,3209,00:00:00.8840000,29,4650,6551,13685886,14163515,2323841,16487356,16406736,32894092,2.2010186260502245,2.0521142577591442,0.09768594801425934,3,29,24,1.1666666
8,15,3299,00:00:01.5000000,40,8714,12501,25253465,26266704,6603969,32870673,29754673,62625346,2.3791851534037014,2.770742548647995,0.12559515237808228,3,40,32,1.21875
8,16,3393,00:00:03.0830000,50,16416,23812,46372015,48678955,17164241,65843196,53294364,119137560,2.604783833525457,4.213976930724172,0.16865740716457367,4,50,39,1.2564102
8,17,3489,00:00:06.5660000,65,30865,45018,85311317,90126334,41507246,131633580,93381060,225014640,2.9003891593890176,6.966307503774111,0.2239374965429306,4,65,50,1.28
8,18,3585,00:00:13.1690000,71,57552,84371,156063445,168005144,94913174,262918318,159421271,422339589,3.282069430160279,11.045361423934228,0.27707886695861816,5,71,51,1.372549
8,19,3677,00:00:24.9460000,75,107894,157658,290317080,319358467,206689224,526047691,262285027,788332718,3.827937074870001,15.714647922597695,0.316076397895813,6,75,52,1.4230769
8,20,3760,00:00:44.7360000,78,205196,294215,562281542,627258301,429330889,1056589190,412934220,1469523410,4.568523670300385,19.69345510312077,0.31138211488723755,6,79,57,1.3684211
