RepeatId,GenerationId,Generations,Time,SubcloneSelect,SubcloneAlive,SubcloneTotal,CellSelectCount,CellAliveCount,CellNecroCount,CellTumorCount,CellLostCount,CellTotalCount,MeanDriversPerCell,ClonalDiversity,TreeBalance,TreeDepth,NodeCount,LeafCount,Branching
0,0,2638,00:00:00.0780000,1,1,1,1002,1002,0,1002,5687,6689,1,1,0,0,1,1,0
0,1,2975,00:00:00.0990000,1,1,1,2008,2008,0,2008,10512,12520,1,1,0,0,1,1,0
0,2,3322,00:00:00.1250000,1,2,2,4009,4011,0,4011,20673,24684,1,1,0,0,1,1,0
0,3,3623,00:00:00.1290000,2,2,2,8001,8001,0,8001,38202,46203,1.0046244219472567,1.0092916215613663,0,1,2,1,1
0,4,3958,00:00:00.1350000,2,3,4,16025,16033,0,16033,76735,92768,1.009609984399376,1.0194046641229528,0,1,2,1,1
0,5,4282,00:00:00.1400000,3,6,10,32008,32013,0,32013,151329,183342,1.0198387903024244,1.0405348623431816,0.008332386612892151,1,3,2,1
0,6,4615,00:00:00.1590000,3,12,21,63960,64010,0,64010,305451,369461,1.0458880550343965,1.0963752763609214,0.01965876668691635,1,3,2,1
0,7,4936,00:00:00.1680000,4,19,40,127541,127666,414,128080,596859,724939,1.09030821461334,1.1987396147690192,0.029843170195817947,1,4,3,1
0,8,5247,00:00:00.1820000,4,33,72,248616,249139,7486,256625,1155174,1411799,1.172241529105126,1.4099528174889668,0.0583413764834404,1,4,3,1
0,9,5541,00:00:00.2030000,4,60,143,468826,470698,41351,512049,2142559,2654608,1.2936590547452573,1.7584548762847947,0.10022832453250885,1,4,3,1
0,10,5830,00:00:00.2400000,6,113,273,865814,869426,156115,1025541,3905343,4930884,1.4423605993897073,2.1380068991615,0.11219891905784607,1,6,5,1
0,11,6121,00:00:00.3050000,7,200,471,1562848,1571873,480191,2052064,7033083,9085147,1.6000500368557915,2.236835460031713,0.14196749031543732,1,7,6,1
0,12,6424,00:00:00.4190000,10,317,802,2771514,2784887,1313030,4097917,12651816,16749733,1.7455502660278823,2.0103400866990317,0.16892997920513153,2,10,7,1.2857143
0,13,6755,00:00:00.6590000,10,593,1513,4829044,4866743,3337519,8204262,23033621,31237883,1.8593835550059183,1.7210612426830356,0.19517190754413605,2,10,7,1.2857143
0,14,7126,00:00:01.1250000,12,1184,2930,8259554,8366855,8028642,16395497,42459527,58855024,1.9509536471339737,1.5649248239089806,0.21615350246429443,3,12,8,1.375
0,15,7550,00:00:02.0580000,15,2182,5568,13947052,14256050,18519894,32775944,79055743,111831687,2.0555313051102124,1.607968191652507,0.23413541913032532,3,15,11,1.2727273
0,16,8018,00:00:04.1040000,25,3837,10520,23764074,24509420,41119769,65629189,144969735,210598924,2.317120120060222,2.257044314239686,0.264363169670105,3,25,20,1.2
0,17,8475,00:00:10.0420000,27,6793,18897,41737739,43663802,87465135,131128937,249038291,380167228,2.9009172490153334,4.161764563454273,0.27644622325897217,4,27,20,1.3
0,18,8904,00:00:23.3960000,29,12001,33260,75043070,78553159,183893183,262446342,407459921,669906263,3.513853271194795,3.005522629966457,0.25353431701660156,4,30,20,1.45
0,19,9348,00:00:48.0790000,26,21190,59688,129710627,136850208,387650399,524500607,672845778,1197346385,3.8789510515587904,2.0547949131436103,0.2969820201396942,4,27,17,1.5294118
0,20,9846,00:01:37.2960000,37,37596,109462,218493968,234193661,815699094,1049892755,1151882528,2201775283,4.1414245358022885,2.1986961792783237,0.2638572156429291,5,38,27,1.3703704
9,0,2735,00:00:00.0430000,1,1,1,1004,1004,0,1004,5044,6048,1,1,0,0,1,1,0
9,1,3050,00:00:00.0560000,1,1,1,2008,2008,0,2008,9636,11644,1,1,0,0,1,1,0
9,2,3402,00:00:00.0810000,1,1,1,4004,4004,0,4004,20025,24029,1,1,0,0,1,1,0
9,3,3763,00:00:00.0860000,1,2,2,8012,8013,0,8013,40391,48404,1,1,0,0,1,1,0
9,4,4117,00:00:00.0900000,1,2,4,16022,16024,0,16024,81122,97146,1,1,0,0,1,1,0
9,5,4467,00:00:00.0950000,1,2,7,32020,32025,0,32025,161237,193262,1,1,0,0,1,1,0
9,6,4823,00:00:00.1020000,1,9,21,64075,64099,0,64099,325522,389621,1,1,0,0,1,1,0
9,7,5170,00:00:00.1110000,1,13,34,127350,127596,473,128069,644929,772998,1,1,0,0,1,1,0
9,8,5529,00:00:00.1270000,2,34,86,247409,248251,7995,256246,1292071,1548317,1.0021826206807352,1.0043747331063637,0,1,2,1,1
9,9,5905,00:00:00.1580000,5,66,163,465443,467103,45161,512264,2563165,3075429,1.009464101941591,1.0191685876120868,0.008206385187804699,1,5,4,1
9,10,6313,00:00:00.2340000,7,142,334,847085,851697,172613,1024310,5067310,6091620,1.027278254248393,1.056656715925313,0.023778358474373817,1,7,6,1
9,11,6762,00:00:00.3690000,10,242,604,1504217,1517576,533057,2050633,9921939,11972572,1.0777839899429404,1.1739017132279332,0.06308712065219879,1,10,9,1
9,12,7235,00:00:00.6270000,14,455,1172,2622587,2666637,1433716,4100353,18680453,22780806,1.1931016969122474,1.5170673992268424,0.14234717190265656,1,14,13,1
9,13,7710,00:00:01.0690000,23,761,2072,4545576,4655569,3539792,8195361,33507991,41703352,1.405813916652147,2.56313677932402,0.26764386892318726,2,23,21,1.0476191
9,14,8178,00:00:01.7810000,35,1363,3685,7874822,8111161,8292108,16403269,57871330,74274599,1.6734220786196818,4.961940345950393,0.4012703001499176,2,35,30,1.1333333
9,15,8646,00:00:03.0790000,44,2301,6502,13550296,14063757,18705904,32769661,98105434,130875095,1.9665775566821566,7.594832457079233,0.4648914337158203,3,44,38,1.1315789
9,16,9113,00:00:06.5270000,50,4077,11494,23604316,24657951,40939355,65597306,163631437,229228743,2.38881783314543,9.779454900660834,0.4542250633239746,3,50,40,1.225
9,17,9552,00:00:14.6370000,46,6971,19656,42125202,44142520,86994499,131137019,263616411,394753430,3.0006056232086435,6.047226663473117,0.38734981417655945,3,46,35,1.2857143
9,18,9974,00:00:28.2580000,37,12095,33863,74980708,78695018,183591554,262286572,419617345,681903917,3.5305251318779227,2.4599095797810557,0.3050515651702881,4,37,25,1.44
9,19,10419,00:00:53.4960000,33,21110,60049,129533176,136777563,387546698,524324261,685521670,1209845931,3.885557395736209,1.605523899088277,0.1906667798757553,4,34,25,1.32
9,20,10898,00:01:40.8160000,30,37878,109189,225714116,241707520,807732521,1049440041,1144307076,2193747117,4.415181029262698,1.987294847543979,0.15645653009414673,3,31,25,1.2
10,0,2607,00:00:00.0350000,1,1,1,1004,1004,0,1004,4118,5122,1,1,0,0,1,1,0
10,1,2926,00:00:00.0450000,1,1,1,2002,2002,0,2002,8581,10583,1,1,0,0,1,1,0
10,2,3297,00:00:00.0640000,1,1,1,4003,4003,0,4003,19020,23023,1,1,0,0,1,1,0
10,3,3641,00:00:00.0690000,2,3,3,8003,8006,0,8006,38744,46750,1.00162439085343,1.003254088173474,0,1,2,1,1
10,4,3988,00:00:00.0740000,2,4,4,16006,16014,0,16014,78241,94255,1.004560789703861,1.009163136487902,0,1,2,1,1
10,5,4330,00:00:00.0790000,3,4,6,31995,32001,0,32001,157179,189180,1.0131583059853102,1.026694187754392,0.0053798239678144455,1,3,2,1
10,6,4679,00:00:00.0930000,3,11,16,63991,64022,0,64022,318231,382253,1.0281758372271101,1.0580933074193426,0.012795054353773594,1,3,2,1
10,7,5016,00:00:00.1000000,3,19,34,127692,127847,458,128305,629157,757462,1.0558139899132286,1.1184766099529855,0.02499939687550068,1,3,2,1
10,8,5340,00:00:00.1110000,4,31,64,248160,248483,7558,256041,1209675,1465716,1.1148774983881367,1.2595502791821105,0.04108324646949768,1,4,3,1
10,9,5658,00:00:00.1300000,4,64,138,468204,469670,42691,512361,2280816,2793177,1.212371103194334,1.524104642495097,0.07695414125919342,1,4,3,1
10,10,5971,00:00:00.1610000,4,109,265,860670,865499,159545,1025044,4192078,5217122,1.3534827518096366,1.9353303188035875,0.1293448507785797,1,4,3,1
10,11,6281,00:00:00.2170000,7,205,476,1552148,1561397,487986,2049383,7525089,9574472,1.5220938982622791,2.2660523091775557,0.1386125087738037,2,7,5,1.2
10,12,6599,00:00:00.3280000,8,340,885,2753843,2776057,1328279,4104336,13414185,17518521,1.6852979636093997,2.175732813896058,0.179509699344635,2,8,6,1.1666666
10,13,6938,00:00:00.5370000,9,643,1607,4790911,4846067,3351048,8197115,24049124,32246239,1.8236892732926995,1.8801566361093272,0.19386422634124756,2,9,7,1.1428572
10,14,7314,00:00:00.9270000,11,1117,2946,8216921,8355432,8038237,16393669,43720320,60113989,1.9395280787049065,1.6926077400162034,0.20938214659690857,2,11,8,1.25
10,15,7738,00:00:01.6850000,19,2135,5678,13983423,14261330,18518474,32779804,80322532,113102336,2.067341522887493,1.7730021414088233,0.20407859981060028,2,19,16,1.125
10,16,8209,00:00:03.2580000,22,3747,10522,23502640,24351564,41199806,65551370,146728195,212279565,2.255956990363636,2.3229678803327705,0.20749440789222717,3,22,18,1.1666666
10,17,8712,00:00:06.2810000,32,6811,19444,39839814,42054286,89108592,131162878,261801251,392964129,2.576417952152086,3.790261102065365,0.22855211794376373,3,32,25,1.24
10,18,9229,00:00:12.1930000,45,12133,35437,68543872,73499061,188862863,262361924,453037268,715399192,3.0104177511302543,5.710830491319388,0.2684873342514038,3,46,37,1.2162162
10,19,9757,00:00:29.1770000,59,21536,64150,119737565,128999659,395414738,524414397,767878182,1292292579,3.487321927750911,8.755479567333014,0.3154512047767639,4,60,47,1.2553191
10,20,10309,00:01:15.4360000,67,38486,116793,207511961,226138306,823368042,1049506348,1297232269,2346738617,3.9376450256763755,11.316895026701868,0.3240513205528259,5,68,50,1.34
11,0,4228,00:00:00.0600000,1,1,2,1006,1006,0,1006,5056,6062,1,1,0,0,1,1,0
11,1,4551,00:00:00.0720000,1,1,2,2002,2002,0,2002,9809,11811,1,1,0,0,1,1,0
11,2,4898,00:00:00.0930000,1,1,3,4011,4011,0,4011,19929,23940,1,1,0,0,1,1,0
11,3,5245,00:00:00.0980000,1,2,5,8010,8011,0,8011,40201,48212,1,1,0,0,1,1,0
11,4,5585,00:00:00.1020000,1,4,7,16013,16022,0,16022,79545,95567,1,1,0,0,1,1,0
11,5,5933,00:00:00.1080000,1,4,10,32003,32019,0,32019,160389,192408,1,1,0,0,1,1,0
11,6,6283,00:00:00.1140000,2,6,14,63980,64007,0,64007,321971,385978,1.0011097217880587,1.0022219014948122,0,1,2,1,1
11,7,6628,00:00:00.1220000,2,17,31,127647,127770,486,128256,640255,768511,1.0020368672980955,1.00408203666718,0,1,2,1,1
11,8,6986,00:00:00.1340000,2,25,64,247725,248380,7981,256361,1285120,1541481,1.0051468362095064,1.0103466999339612,0,1,2,1,1
11,9,7356,00:00:00.1540000,3,56,127,465174,467230,45085,512315,2536980,3049295,1.0146676297471484,1.0298171540715173,0.008193575777113438,1,3,2,1
11,10,7759,00:00:00.2090000,5,125,295,847225,852570,171963,1024533,5009193,6033726,1.039186756764732,1.082157643998672,0.022626345977187157,1,5,4,1
11,11,8194,00:00:00.3020000,9,235,595,1509287,1521757,528589,2050346,9696581,11746927,1.1037178482289982,1.2364717329855075,0.05599081143736839,1,9,8,1
11,12,8650,00:00:00.4940000,12,450,1114,2635516,2674496,1423919,4098415,18136534,22234949,1.240270595966786,1.6535498212576956,0.12454826384782791,1,12,11,1
11,13,9106,00:00:00.8330000,19,775,2035,4585133,4684367,3519153,8203520,32371865,40575385,1.464251527709229,2.576279953428065,0.21834728121757507,2,19,17,1.0588236
11,14,9557,00:00:01.4080000,27,1334,3626,7919695,8143700,8242362,16386062,55861048,72247110,1.716465217410519,3.4345629250383536,0.29171139001846313,2,27,25,1.04
11,15,10019,00:00:02.3750000,36,2339,6389,13597328,14099536,18693991,32793527,95595621,128389148,1.974395263540013,3.75763247970256,0.3208773136138916,3,36,32,1.09375
11,16,10495,00:00:04.1700000,43,4069,11418,23345663,24415133,41135185,65550318,162542469,228092787,2.2984694844605613,4.916950261788774,0.30705034732818604,3,43,39,1.0769231
11,17,10973,00:00:07.2620000,44,7038,20147,40552828,42866002,88291979,131157981,271653223,402811204,2.750801547058568,7.245696012514476,0.28403496742248535,3,44,37,1.1621622
11,18,11444,00:00:12.7550000,44,12225,35277,71475880,75919863,186404244,262324107,445717315,708041422,3.267740669999446,5.951597139256635,0.24641308188438416,4,44,34,1.2647059
11,19,11927,00:00:23.5860000,41,21351,62581,124334232,132964588,391537785,524502373,734042071,1258544444,3.690057658457246,3.3902972656196235,0.202180415391922,4,42,31,1.3225807
11,20,12451,00:00:56.8370000,41,38007,113828,210910528,229894137,819672875,1049567012,1237396056,2286963068,4.0358513018373365,2.843748826352677,0.17261527478694916,5,42,32,1.28125
12,0,2607,00:00:00.0860000,1,1,1,1002,1002,0,1002,5316,6318,1,1,0,0,1,1,0
12,1,3021,00:00:00.1090000,1,1,1,2003,2003,0,2003,11075,13078,1,1,0,0,1,1,0
12,2,3381,00:00:00.1510000,1,2,2,4001,4003,0,4003,21271,25274,1,1,0,0,1,1,0
12,3,3699,00:00:00.1590000,2,2,3,8005,8005,0,8005,39224,47229,1.0091193004372268,1.0184048380154598,0,1,2,1,1
12,4,4064,00:00:00.1710000,2,3,6,16011,16012,0,16012,81376,97388,1.0134282680657047,1.027217045028236,0,1,2,1,1
12,5,4387,00:00:00.1820000,2,7,13,31993,32005,0,32005,155540,187545,1.030506673334792,1.0628709722749796,0,1,2,1,1
12,6,4717,00:00:00.1970000,2,8,24,64087,64116,0,64116,308063,372179,1.0659572144116591,1.140528734293443,0,1,2,1,1
12,7,5030,00:00:00.2160000,2,15,42,127433,127623,429,128052,594905,722957,1.128271326893348,1.288054959822658,0,1,2,1,1
12,8,5324,00:00:00.2430000,2,39,82,248626,249444,7288,256732,1121630,1378362,1.2268226171036014,1.5402345434106943,0,1,2,1,1
12,9,5605,00:00:00.2890000,5,70,148,470004,471552,40752,512304,2068953,2581257,1.364107539510302,1.8694305909755273,0.0152568519115448,2,5,3,1.3333334
12,10,5877,00:00:00.3760000,7,110,254,869263,872632,153580,1026212,3729245,4755457,1.5190845578380767,2.0373660486382645,0.02102438546717167,2,7,5,1.2
12,11,6151,00:00:00.4700000,7,199,450,1566768,1577188,472411,2049599,6676131,8725730,1.6732196470696363,1.912408916194862,0.027965765446424484,2,7,5,1.2
12,12,6439,00:00:00.6030000,8,335,809,2782699,2807484,1297530,4105014,12014344,16119358,1.8224601367233755,1.6943034120200775,0.03334297984838486,2,8,6,1.1666666
12,13,6748,00:00:00.8230000,12,646,1526,4868230,4915566,3282829,8198395,21697501,29895896,1.9727966838049968,1.618955431547004,0.03907909616827965,3,12,9,1.2222222
12,14,7087,00:00:01.2380000,13,1118,2804,8419433,8532144,7876249,16408393,39422622,55831015,2.1455355722885376,1.8138137473106495,0.05500444397330284,3,13,10,1.2
12,15,7451,00:00:02.0060000,15,2110,5247,14480059,14772472,18002834,32775306,70774790,103550096,2.3766948739642566,2.55940981913528,0.09379984438419342,3,15,12,1.1666666
12,16,7837,00:00:03.5730000,23,3843,9701,25110062,25719051,39922727,65641778,125114600,190756378,2.6997061178104618,4.307125881020039,0.1615980565547943,3,23,16,1.375
12,17,8237,00:00:07.1280000,28,6790,17666,43604261,44897609,86195364,131092973,216646994,347739967,3.08842833043312,5.549638396785225,0.49760866165161133,4,28,20,1.35
12,18,8658,00:00:16.2330000,29,11915,32128,75393240,78362571,183920198,262282769,372590227,634872996,3.4693711664334894,3.856889230158359,0.5430607199668884,3,29,21,1.3333334
12,19,9115,00:00:39.5650000,36,21187,58870,128807560,135394037,389560301,524954338,645927701,1170882039,3.788187191807686,2.5095972076587985,0.4840376079082489,3,36,26,1.3461539
12,20,9622,00:01:28.4860000,52,37897,109456,218611083,232978053,816832497,1049810550,1133352261,2183162811,4.114252935657429,2.4998870695501862,0.36911383271217346,4,52,41,1.2439024
13,0,2234,00:00:00.0380000,1,1,1,1003,1003,0,1003,4987,5990,1,1,0,0,1,1,0
13,1,2574,00:00:00.0600000,1,2,2,2000,2002,0,2002,9689,11691,1,1,0,0,1,1,0
13,2,2911,00:00:00.0850000,2,2,2,4002,4002,0,4002,19466,23468,1.0057471264367817,1.0115603338706656,0,1,2,1,1
13,3,3248,00:00:00.0910000,2,2,4,8015,8015,0,8015,38865,46880,1.0091079226450406,1.0183817765520784,0,1,2,1,1
13,4,3601,00:00:00.0960000,2,3,7,15999,16004,0,16004,79240,95244,1.0278767422963935,1.0573051396401365,0,1,2,1,1
13,5,3936,00:00:00.1010000,2,6,12,31977,32010,0,32010,156343,188353,1.0603558807893174,1.1279376045760259,0,1,2,1,1
13,6,4246,00:00:00.1070000,3,8,18,64046,64065,0,64065,299154,363219,1.1147768791181338,1.255707595933633,0.013976749032735825,1,3,2,1
13,7,4533,00:00:00.1270000,3,21,41,127749,127841,431,128272,563736,692008,1.2003146795669632,1.4738585452870518,0.021658891811966896,1,3,2,1
13,8,4806,00:00:00.1400000,4,33,70,249179,249502,7082,256584,1054656,1311240,1.3200269685647668,1.7778401695720742,0.029790034517645836,2,4,2,1.5
13,9,5064,00:00:00.1570000,4,55,124,471613,472782,39396,512178,1922125,2434303,1.4677076331653283,2.0227865938092258,0.04222787544131279,2,4,2,1.5
13,10,5318,00:00:00.1860000,5,100,227,872561,875643,150142,1025785,3473976,4499761,1.6170101574560403,1.9927466154487232,0.0563175231218338,2,5,3,1.3333334
13,11,5575,00:00:00.2380000,7,186,405,1579868,1584522,463990,2048512,6238001,8286513,1.7607141862484714,1.7947535031732866,0.0669054314494133,2,7,5,1.2
13,12,5849,00:00:00.3340000,7,375,780,2804659,2817759,1279251,4097010,11313550,15410560,1.8926275885945494,1.6275091369614731,0.07296815514564514,2,7,5,1.2
13,13,6148,00:00:00.5340000,8,629,1431,4909528,4939819,3255003,8194822,20680447,28875269,2.0306463268974126,1.6230066952309588,0.07606830447912216,2,8,6,1.1666666
13,14,6476,00:00:00.9550000,10,1147,2738,8502524,8574122,7815088,16389210,37817288,54206498,2.1974530151282137,1.8818649608583764,0.08239144831895828,3,10,7,1.2857143
13,15,6834,00:00:01.7150000,11,2117,5237,14628465,14836619,17978306,32814925,68666010,101480935,2.408708774297235,2.4661913588176056,0.10481980443000793,3,11,7,1.4285715
13,16,7221,00:00:03.2970000,15,3681,9572,25093672,25614952,40023110,65638062,123251420,188889482,2.657838039805414,3.0107161486884713,0.13426722586154938,3,15,11,1.2727273
13,17,7641,00:00:09.4280000,20,6514,17545,42794592,44093434,87088162,131181596,219567756,350749352,2.9312876262495973,3.1912221302640287,0.16554135084152222,4,20,15,1.2666667
13,18,8096,00:00:22.6660000,30,11710,32544,73165957,76256459,186094751,262351210,388215053,650566263,3.2657655116846214,3.824269140867832,0.30532100796699524,3,30,25,1.16
13,19,8577,00:00:48.7370000,42,21155,59845,126504844,133676085,391017691,524693776,675167806,1199861582,3.721331935716232,5.127675334176212,0.2865043580532074,4,42,33,1.2424242
13,20,9068,00:01:36.9450000,49,37871,109622,222877753,239192349,809544801,1048737150,1145131356,2193868506,4.329246418775588,7.356325876858105,0.2732895016670227,4,49,37,1.2972972
14,0,2458,00:00:00.1550000,1,1,1,1005,1005,0,1005,4883,5888,1,1,0,0,1,1,0
14,1,2783,00:00:00.1850000,1,1,1,2008,2008,0,2008,9451,11459,1,1,0,0,1,1,0
14,2,3160,00:00:00.2390000,1,3,4,4002,4004,0,4004,20516,24520,1,1,0,0,1,1,0
14,3,3515,00:00:00.2550000,2,5,6,7996,8004,0,8004,41364,49368,1.0016258129064533,1.0032569585228144,0,1,2,1,1
14,4,3838,00:00:00.2730000,3,4,7,15996,16004,0,16004,78881,94885,1.0046261565391348,1.0093057245328791,0,1,3,2,1
14,5,4164,00:00:00.3110000,4,6,12,32024,32036,0,32036,153659,185695,1.0147701723707219,1.0300968323598234,0.010325497947633266,1,4,3,1
14,6,4507,00:00:00.3350000,4,14,25,64010,64086,0,64086,313355,377441,1.0329479768786127,1.068649920416125,0.024753788486123085,1,4,3,1
14,7,4825,00:00:00.3590000,5,17,38,127669,127811,444,128255,605763,734018,1.0704243003391583,1.1538523121824191,0.04638447239995003,1,5,4,1
14,8,5143,00:00:00.3920000,5,31,76,248349,248866,7587,256453,1177149,1433602,1.1383818738952038,1.3300596943567435,0.09462318569421768,1,5,4,1
14,9,5449,00:00:00.4450000,7,56,147,469357,470002,42082,512084,2207036,2719120,1.2462667010399333,1.6734122238287508,0.13858918845653534,1,7,6,1
14,10,5752,00:00:00.5480000,7,102,269,865389,867395,158462,1025857,4056152,5082009,1.3924212117325272,2.2526377618777476,0.22095614671707153,1,7,6,1
14,11,6053,00:00:00.6490000,7,195,482,1558265,1564905,484676,2049581,7294888,9344469,1.5548112804946528,2.872262366878382,0.3116721510887146,1,7,6,1
14,12,6366,00:00:00.7620000,8,365,860,2757228,2775856,1321918,4097774,13096064,17193838,1.705715305371917,3.0477489623873004,0.3691376745700836,1,8,7,1
14,13,6703,00:00:01.0130000,9,676,1603,4787979,4851077,3344282,8195359,23663122,31858481,1.8254802287144534,2.794908372422255,0.43387195467948914,2,9,7,1.1428572
14,14,7080,00:00:01.5290000,18,1230,3033,8224496,8351089,8047857,16398946,43396973,59795919,1.9264725765566668,2.5593906223200333,0.4717247486114502,2,18,14,1.2142857
14,15,7511,00:00:02.5460000,25,2209,5681,13885415,14214718,18592725,32807443,80639272,113446715,2.0250989257433067,2.5686214326023107,0.47874030470848083,3,25,19,1.2631578
14,16,7994,00:00:04.8950000,36,3878,10700,23373986,24224854,41357288,65582142,148771126,214353268,2.2153488070027936,3.3129615482260824,0.4328315854072571,3,36,29,1.2068965
14,17,8490,00:00:12.1460000,42,6896,19590,40209221,42574713,88659115,131233828,261922041,393155869,2.686709100880119,6.106474492616577,0.4202558696269989,3,42,34,1.2058823
14,18,8955,00:00:26.2810000,49,12167,34719,72039651,76652390,185711713,262364103,433426594,695790697,3.3465090912225546,3.7303714048035213,0.3338910937309265,4,50,37,1.3243244
14,19,9416,00:00:51.4040000,47,21417,61354,127163856,135695159,388803928,524499087,708406306,1232905393,3.8447668730649376,2.0594508619942706,0.15308289229869843,5,48,35,1.3428571
14,20,9899,00:01:38.8760000,45,38027,110512,223466887,240363170,808759048,1049122218,1171179097,2220301315,4.376702974342682,2.574417650224178,0.11945187300443649,5,46,35,1.2857143
15,0,3064,00:00:00.0400000,2,2,2,1002,1002,0,1002,5256,6258,1.001996007984032,1.0039999291840536,0,1,2,1,1
15,1,3444,00:00:00.0520000,1,1,2,2003,2003,0,2003,10665,12668,1,1,0,0,1,1,0
15,2,3806,00:00:00.0740000,1,1,2,4001,4001,0,4001,21357,25358,1,1,0,0,1,1,0
15,3,4154,00:00:00.0780000,1,2,3,8005,8006,0,8006,41443,49449,1,1,0,0,1,1,0
15,4,4506,00:00:00.0820000,1,1,3,16001,16001,0,16001,82467,98468,1,1,0,0,1,1,0
15,5,4853,00:00:00.0860000,1,3,7,32024,32027,0,32027,162399,194426,1,1,0,0,1,1,0
15,6,5191,00:00:00.0910000,1,8,19,64077,64124,0,64124,318567,382691,1,1,0,0,1,1,0
15,7,5538,00:00:00.0980000,2,20,38,127455,127607,477,128084,635630,763714,1.0011455023341571,1.002293588331379,0,1,2,1,1
15,8,5892,00:00:00.1110000,3,40,86,248004,248436,7910,256346,1271638,1527984,1.0036652634634926,1.0073635601744741,0.0030656971503049135,1,3,2,1
15,9,6267,00:00:00.1440000,3,67,174,464974,466961,45382,512343,2543149,3055492,1.0084198256246586,1.0170130981239829,0.007358144037425518,1,3,2,1
15,10,6676,00:00:00.1920000,6,137,324,848324,852593,172848,1025441,5054223,6079664,1.027720540736794,1.0575218831345652,0.02145293727517128,1,6,5,1
15,11,7124,00:00:00.2910000,10,237,646,1508568,1518339,532126,2050465,9889212,11939677,1.0790610698357648,1.176515266514886,0.05687863379716873,1,10,9,1
15,12,7596,00:00:00.4970000,12,436,1174,2629996,2667737,1433972,4101709,18626097,22727806,1.1945862275075703,1.5160903862943886,0.13288408517837524,1,12,11,1
15,13,8071,00:00:00.8580000,18,774,2098,4549058,4657231,3543613,8200844,33464092,41664936,1.4078193771106018,2.4961516693518297,0.2489376664161682,2,18,16,1.0625
15,14,8538,00:00:01.4770000,27,1293,3723,7862064,8107235,8281264,16388499,57781025,74169524,1.6753150317779149,4.361017023592815,0.34995079040527344,2,27,25,1.04
15,15,9009,00:00:02.4840000,39,2322,6613,13551548,14048879,18730844,32779723,98274488,131054211,1.9524012312098957,5.824730275239302,0.39111363887786865,3,39,35,1.0857143
15,16,9491,00:00:04.3420000,43,4036,11705,23199778,24347647,41225545,65573192,166053611,231626803,2.272374158063064,6.690327218402538,0.38108935952186584,3,43,36,1.1666666
15,17,9979,00:00:08.7830000,43,7126,20504,40039877,42493225,88581873,131075098,277515342,408590440,2.6822696283507566,6.423184069477754,0.3379349112510681,3,43,35,1.2
15,18,10471,00:00:19.9930000,43,12332,36045,69852436,74762965,187617235,262380200,459434310,721814510,3.1475348977092223,6.066845455335191,0.28356724977493286,3,43,34,1.2352941
15,19,10976,00:00:44.8750000,48,21808,64055,121476772,130839949,393650519,524490468,760826919,1285317387,3.5816788332175964,5.502566073491191,0.23562590777873993,4,49,36,1.3333334
15,20,11520,00:01:34.7640000,58,38682,116779,207600219,226436721,823384884,1049821605,1283399778,2333221383,3.9323319596305435,4.741787792248032,0.2117547243833542,4,59,46,1.2608696
16,0,2262,00:00:00.0310000,1,1,1,1007,1007,0,1007,3984,4991,1,1,0,0,1,1,0
16,1,2639,00:00:00.0420000,1,1,1,2003,2003,0,2003,9634,11637,1,1,0,0,1,1,0
16,2,2988,00:00:00.0620000,1,1,1,4011,4011,0,4011,19724,23735,1,1,0,0,1,1,0
16,3,3346,00:00:00.0650000,1,1,1,8009,8009,0,8009,40904,48913,1,1,0,0,1,1,0
16,4,3717,00:00:00.0700000,1,3,3,16003,16011,0,16011,83054,99065,1,1,0,0,1,1,0
16,5,4065,00:00:00.0740000,1,5,6,31984,32030,0,32030,164154,196184,1,1,0,0,1,1,0
16,6,4399,00:00:00.0800000,3,7,13,64034,64070,0,64070,318044,382114,1.0044507605334665,1.0089483455054569,0.0027606156654655933,1,3,2,1
16,7,4748,00:00:00.0970000,4,13,31,127648,127681,484,128165,640252,768417,1.0122681123088493,1.0249175873990266,0.009504569694399834,1,4,3,1
16,8,5093,00:00:00.1080000,4,35,70,248092,248315,7878,256193,1261626,1517819,1.0279573706528224,1.0579179568925314,0.021742813289165497,1,4,3,1
16,9,5452,00:00:00.1280000,4,69,148,466290,467460,44597,512057,2473688,2985745,1.0623839241673636,1.1349423375978995,0.0477229580283165,1,4,3,1
16,10,5824,00:00:00.1650000,5,104,270,854395,857483,167785,1025268,4745029,5770297,1.1444179799741336,1.333335800051569,0.10386798530817032,2,5,3,1.3333334
16,11,6199,00:00:00.2330000,6,192,515,1531297,1540173,509460,2049633,8771386,10821019,1.3084378797842613,1.8197223498320558,0.16403794288635254,2,6,4,1.25
16,12,6556,00:00:00.3550000,6,393,972,2722066,2749698,1352198,4101896,15347997,19449893,1.5894283974010917,2.867311868161228,0.26364371180534363,2,6,4,1.25
16,13,6887,00:00:00.5790000,7,675,1689,4827138,4894416,3301594,8196010,25647075,33843085,1.955142778184506,3.895127330521172,0.28683191537857056,2,7,5,1.2
16,14,7205,00:00:00.9170000,11,1228,2994,8551219,8677025,7738051,16415076,42204242,58619318,2.322885544154582,3.2188238151361386,0.2173408716917038,3,11,7,1.4285715
16,15,7529,00:00:01.4990000,12,2086,5219,14901644,15174518,17617110,32791628,70102626,102894254,2.61285566881077,2.1413186430373807,0.1653030961751938,3,12,8,1.375
16,16,7883,00:00:02.5880000,18,3683,9396,25653134,26189472,39468727,65658199,120089214,185747413,2.8292957499851674,1.6062533275879418,0.1355040967464447,4,18,13,1.3076923
16,17,8281,00:00:05.1200000,24,6519,17224,43394189,44622246,86474555,131096801,211487937,342584738,3.0112771090156794,1.4969792001800941,0.08625265210866928,4,24,19,1.2105263
16,18,8728,00:00:12.9070000,31,11826,32237,73597641,76753270,185781772,262535042,377271290,639806332,3.3084366386145447,2.0215852803545196,0.06707832217216492,4,32,26,1.1923077
16,19,9189,00:00:32.8280000,32,21349,59152,128841923,136777538,387995677,524773215,651809130,1176582345,3.9031394230277052,3.8428895786691446,0.09271200746297836,4,33,27,1.1851852
16,20,9646,00:01:11.3740000,31,37702,106804,231250868,246412814,803500739,1049913553,1089165617,2139079170,4.5384108698783345,2.495437124399264,0.31338053941726685,3,31,27,1.1111112
17,0,3340,00:00:00.0460000,1,1,1,1002,1002,0,1002,5379,6381,1,1,0,0,1,1,0
17,1,3647,00:00:00.0570000,1,1,1,2005,2005,0,2005,9873,11878,1,1,0,0,1,1,0
17,2,3995,00:00:00.0780000,1,1,2,4001,4001,0,4001,19974,23975,1,1,0,0,1,1,0
17,3,4340,00:00:00.0820000,1,1,3,8029,8029,0,8029,40008,48037,1,1,0,0,1,1,0
17,4,4690,00:00:00.0870000,1,2,4,16009,16011,0,16011,80689,96700,1,1,0,0,1,1,0
17,5,5028,00:00:00.0910000,1,3,5,32013,32019,0,32019,158603,190622,1,1,0,0,1,1,0
17,6,5375,00:00:00.0970000,1,8,18,63958,64026,0,64026,318859,382885,1,1,0,0,1,1,0
17,7,5725,00:00:00.1060000,2,18,41,127526,127630,475,128105,640253,768358,1.0014350014898923,1.0028740819178004,0,1,2,1,1
17,8,6080,00:00:00.1200000,2,36,76,247583,248156,7928,256084,1279741,1535825,1.0030010138014323,1.0060200807309105,0,1,2,1,1
17,9,6452,00:00:00.1450000,3,70,165,465453,467335,45273,512608,2540193,3052801,1.0080394798185854,1.0162334145904888,0.006539513356983662,1,3,2,1
17,10,6861,00:00:00.2030000,6,129,312,846834,851887,172753,1024640,5050285,6074925,1.0240129706648529,1.0495383956943716,0.016624893993139267,1,6,5,1
17,11,7309,00:00:00.2960000,10,225,582,1501807,1516224,532205,2048429,9886559,11934988,1.066387358695225,1.1452378243702848,0.044042959809303284,1,10,9,1
17,12,7789,00:00:00.4980000,15,419,1132,2621522,2663665,1436564,4100229,18771890,22872119,1.178308249940302,1.4538203187901466,0.11244947463274002,2,15,13,1.0769231
17,13,8271,00:00:00.8520000,27,764,2102,4556521,4651659,3548401,8200060,33818691,42018751,1.4004482806070684,2.3924417585033537,0.22374580800533295,2,27,23,1.1304348
17,14,8735,00:00:01.4290000,35,1315,3679,7926144,8130803,8265784,16396587,57946238,74342825,1.7120351333510972,4.3690574802164495,0.3428806662559509,3,35,30,1.1333333
17,15,9180,00:00:02.3760000,36,2284,6371,13783034,14270649,18508615,32779264,96095350,128874614,2.0985452840064096,6.321625830658088,0.4049820899963379,3,36,31,1.1290323
17,16,9600,00:00:03.9470000,40,3943,10906,24458178,25348144,40216005,65564149,154930613,220494762,2.6247754023214647,6.675481218858922,0.3695554733276367,3,40,34,1.1470588
17,17,9995,00:00:07.0630000,30,6805,18622,43544303,45389679,85720569,131110248,245013268,376123516,3.2064657459323667,4.039171526974169,0.32080334424972534,4,30,23,1.2608696
17,18,10392,00:00:15.8030000,28,11692,32261,76948498,80040283,182103775,262144058,391952550,654096608,3.6448248801425596,2.292604877951981,0.23928405344486237,4,28,20,1.35
17,19,10824,00:00:35.2840000,27,21086,58460,132238483,138153804,386363508,524517312,650310214,1174827526,3.9420757647378637,1.8037007687521072,0.249103382229805,4,28,18,1.5
17,20,11311,00:01:17.8590000,30,37695,108270,222176168,236551135,813247551,1049798686,1118698565,2168497251,4.206719142802031,2.142849072989926,0.1717412918806076,4,31,23,1.3043479
18,0,3068,00:00:00.0410000,1,1,1,1007,1007,0,1007,4265,5272,1,1,0,0,1,1,0
18,1,3415,00:00:00.0520000,1,2,2,2000,2001,0,2001,9250,11251,1,1,0,0,1,1,0
18,2,3805,00:00:00.0720000,1,2,2,4015,4019,0,4019,20577,24596,1,1,0,0,1,1,0
18,3,4168,00:00:00.0760000,1,4,4,8016,8028,0,8028,42052,50080,1,1,0,0,1,1,0
18,4,4510,00:00:00.0810000,2,5,5,16025,16039,0,16039,80960,96999,1.001560062402496,1.0031250517876962,0,1,2,1,1
18,5,4854,00:00:00.0860000,2,5,10,31964,32008,0,32008,160391,192399,1.0049743461394067,1.0099982168078687,0,1,2,1,1
18,6,5205,00:00:00.1050000,4,8,16,64061,64090,0,64090,322702,386792,1.015126207833159,1.0308071253936937,0.009354712441563606,1,4,3,1
18,7,5536,00:00:00.1220000,4,18,35,127547,127728,463,128191,625977,754168,1.0307102479870165,1.063792158869501,0.022228194400668144,1,4,3,1
18,8,5870,00:00:00.1340000,5,33,76,248082,248476,7661,256137,1225114,1481251,1.0665384832434437,1.1446446315364391,0.043380722403526306,1,5,4,1
18,9,6208,00:00:00.1540000,5,64,145,467453,469016,43733,512749,2366373,2879122,1.1383989406421609,1.329340894148758,0.09038714319467545,1,5,4,1
18,10,6543,00:00:00.1880000,7,112,260,857564,861212,163238,1024450,4410142,5434592,1.2591631644985097,1.7154922122354253,0.13755713403224945,1,7,6,1
18,11,6880,00:00:00.2480000,9,202,489,1542747,1552773,497066,2049839,8030467,10080306,1.4258903112435157,2.3720355322582347,0.2123347371816635,2,9,7,1.1428572
18,12,7219,00:00:00.3570000,10,376,869,2724866,2758254,1343201,4101455,14298237,18399692,1.6073722524336977,2.950481984165549,0.30056849122047424,2,10,7,1.2857143
18,13,7571,00:00:00.5880000,14,694,1645,4746321,4828768,3369248,8198016,25316977,33514993,1.7814975009064915,2.99420367189208,0.37102392315864563,2,14,10,1.3
18,14,7949,00:00:00.9900000,21,1163,2947,8200934,8360065,8035983,16396048,45064334,61460382,1.945794466825364,2.9174555471475947,0.39303427934646606,2,21,16,1.25
18,15,8363,00:00:01.7340000,28,2143,5572,14015705,14366462,18425953,32792415,80773283,113565698,2.1307150799763552,3.325960715065279,0.4319538474082947,2,28,23,1.173913
18,16,8809,00:00:03.2280000,38,3868,10435,23983169,24718196,40835612,65553808,143602797,209156605,2.3848546870515737,5.067435683396262,0.45050036907196045,3,38,31,1.1935484
18,17,9282,00:00:06.1080000,43,6857,19000,40971594,42728826,88440504,131169330,251890885,383060215,2.70081823030854,8.960266497320527,0.47508731484413147,3,43,36,1.1666666
18,18,9780,00:00:13.7450000,43,12147,34578,69622632,74065091,188164232,262229323,436340176,698569499,3.0636977498925924,12.356423802034758,0.615081250667572,3,44,34,1.2647059
18,19,10306,00:00:36.4630000,51,21785,63274,118697838,128798641,395587843,524386484,750246943,1274633427,3.4559344543411146,11.47136655423548,0.6168067455291748,4,52,36,1.4166666
18,20,10868,00:01:24.2070000,61,38654,116527,201580085,223888355,825830756,1049719111,1289670680,2339389791,3.8488854442143925,8.445124592693276,0.562810480594635,4,62,42,1.4523809
1,0,2917,00:00:00.0370000,1,1,2,1005,1005,0,1005,4821,5826,1,1,0,0,1,1,0
1,1,3220,00:00:00.0550000,1,1,2,2007,2007,0,2007,9208,11215,1,1,0,0,1,1,0
1,2,3564,00:00:00.0740000,1,1,2,4008,4008,0,4008,18974,22982,1,1,0,0,1,1,0
1,3,3869,00:00:00.0860000,1,3,4,7994,8002,0,8002,36084,44086,1,1,0,0,1,1,0
1,4,4220,00:00:00.0910000,2,5,8,16011,16024,0,16024,76134,92158,1.0018737118231216,1.0037544849918667,0,1,2,1,1
1,5,4564,00:00:00.0960000,2,5,13,32057,32079,0,32079,155311,187390,1.0026203325326761,1.0052544109904968,0,1,2,1,1
1,6,4910,00:00:00.1020000,2,10,24,64020,64077,0,64077,314765,378842,1.0049828178694158,1.010015312982511,0,1,2,1,1
1,7,5258,00:00:00.1100000,3,14,41,127425,127552,464,128016,634066,762082,1.013458897390622,1.0273198641601757,0.007036117371171713,1,3,2,1
1,8,5607,00:00:00.1320000,3,38,85,247802,248376,7853,256229,1260756,1516985,1.0294146132799573,1.0607092731791439,0.01240653544664383,1,3,2,1
1,9,5964,00:00:00.1530000,4,56,156,466209,468612,44391,513003,2464974,2977977,1.0649494111010298,1.1392770896782776,0.022158900275826454,1,4,3,1
1,10,6331,00:00:00.1920000,7,115,304,852223,857496,167235,1024731,4707738,5732469,1.1460063856525815,1.341379602779616,0.044805094599723816,1,7,6,1
1,11,6708,00:00:00.2650000,11,206,557,1529199,1539311,511818,2051129,8762359,10813488,1.2871836824376683,1.7617662420057556,0.08505057543516159,1,11,10,1
1,12,7085,00:00:00.3940000,13,368,980,2700563,2727671,1373923,4101594,15735005,19836599,1.4760881342149768,2.296249375119968,0.13850021362304688,1,13,12,1
1,13,7467,00:00:00.6500000,17,692,1753,4715809,4776492,3418718,8195210,27683190,35878400,1.6719790814259017,2.370221289932643,0.1856164187192917,2,17,15,1.0666667
1,14,7873,00:00:01.1160000,22,1204,3168,8120666,8262056,8136855,16398911,48898085,65296996,1.839162822359644,2.0617623351357786,0.21863600611686707,2,22,20,1.05
1,15,8320,00:00:01.9660000,29,2212,5931,13762570,14131644,18672176,32803820,87473399,120277219,1.9816677408361956,1.9196484142411085,0.2338716834783554,2,29,25,1.12
1,16,8815,00:00:03.7600000,38,4027,11100,23067160,24079130,41514965,65594095,157321651,222915746,2.1613686730399406,2.2920408852620344,0.2310277223587036,3,38,32,1.15625
1,17,9341,00:00:07.1530000,57,7027,20336,39312639,41561430,89583626,131145056,277642012,408787068,2.4955726325063043,4.277427758495257,0.2704078257083893,3,57,44,1.2727273
1,18,9871,00:00:13.8780000,61,12413,36697,67744064,73135486,189200396,262335882,473430094,735765976,2.984685964514913,10.212117360374608,0.3519168198108673,3,61,48,1.25
1,19,10399,00:00:30.2730000,68,21738,65360,119099478,129328157,395299206,524627363,788061644,1312689007,3.514291389253612,14.017586008587472,0.42087313532829285,4,69,53,1.2830188
1,20,10947,00:01:13.6690000,64,38547,117874,206783248,226797032,823016670,1049813702,1313776003,2363589705,3.9673409279266183,12.694744506635145,0.5176543593406677,4,65,46,1.3913044
19,0,2468,00:00:00.1230000,1,1,1,1001,1001,0,1001,5244,6245,1,1,0,0,1,1,0
19,1,2796,00:00:00.1530000,1,1,2,2008,2008,0,2008,10022,12030,1,1,0,0,1,1,0
19,2,3086,00:00:00.2040000,1,1,3,4003,4003,0,4003,18358,22361,1,1,0,0,1,1,0
19,3,3418,00:00:00.2180000,1,1,3,8006,8006,0,8006,37468,45474,1,1,0,0,1,1,0
19,4,3774,00:00:00.2340000,2,3,9,16002,16004,0,16004,79006,95010,1.0013748281464816,1.0027534618673104,0,1,2,1,1
19,5,4119,00:00:00.2540000,2,5,13,32002,32026,0,32026,159028,191054,1.0012811699268795,1.0025655670382942,0,1,2,1,1
19,6,4465,00:00:00.2730000,3,9,21,64008,64039,0,64039,318853,382892,1.0028746406699163,1.0057696703321513,0,1,3,2,1
19,7,4808,00:00:00.3190000,4,16,41,127486,127580,478,128058,635155,763213,1.0082989504729931,1.0167740963703595,0.006308176554739475,1,4,3,1
19,8,5158,00:00:00.3560000,4,36,84,247996,248497,7890,256387,1264436,1520823,1.016927692382135,1.034588861228914,0.013853505253791809,1,4,3,1
19,9,5524,00:00:00.4230000,6,77,172,467062,467841,44905,512746,2503042,3015788,1.043687990031302,1.0924879860885348,0.030210645869374275,1,6,5,1
19,10,5910,00:00:00.5600000,6,126,316,851745,854955,169574,1024529,4865055,5889584,1.1027408437971458,1.2350591658049497,0.07007616013288498,1,6,5,1
19,11,6309,00:00:00.7550000,7,218,586,1522621,1533465,517397,2050862,9155426,11206288,1.2188568264853827,1.5847092321153677,0.13685938715934753,1,7,6,1
19,12,6709,00:00:00.9890000,9,391,1073,2676146,2709955,1387068,4097023,16543209,20640232,1.4010016643337098,2.3328788349869214,0.23541298508644104,2,9,7,1.1428572
19,13,7111,00:00:01.3280000,14,678,1893,4665723,4749110,3446510,8195620,29112536,37308156,1.6251577729753781,3.292850911361894,0.315735787153244,3,14,10,1.3
19,14,7515,00:00:01.9070000,21,1178,3304,8142138,8295401,8090003,16385404,50147995,66533399,1.9024203470881973,3.8212252093681727,0.3944109380245209,3,21,15,1.3333334
19,15,7902,00:00:02.8360000,22,2166,5785,14443279,14774845,18048939,32823784,83244685,116068469,2.419448381492873,4.590153827563583,0.45410746335983276,3,22,16,1.3125
19,16,8239,00:00:04.2870000,20,3727,9815,26294698,26930042,38663352,65593394,130381888,195975282,3.1394547676493567,2.8983066125535615,0.4433385133743286,4,20,13,1.4615384
19,17,8560,00:00:07.0670000,18,6409,16667,47052068,48165338,82925351,131090689,203786986,334877675,3.643307388742191,1.5950599551270552,0.17759758234024048,4,18,11,1.5454545
19,18,8910,00:00:14.7630000,20,11386,29696,81135293,83247943,179078171,262326114,333782064,596108178,3.8891281874091463,1.2316629817037792,0.08336783945560455,4,20,13,1.4615384
19,19,9318,00:00:32.5740000,23,20338,54843,135252432,140363761,384070728,524434489,578398887,1102833376,4.024432447913395,1.1943893240146166,0.034980397671461105,4,24,19,1.2105263
19,20,9801,00:01:12.3840000,33,37176,104290,222881151,236243659,813240566,1049484225,1043540430,2093024655,4.186491427442422,1.50223529185586,0.023375460878014565,4,34,30,1.1
20,0,2317,00:00:00.0500000,1,1,1,1003,1003,0,1003,5277,6280,1,1,0,0,1,1,0
20,1,2651,00:00:00.0600000,1,1,1,2001,2001,0,2001,10047,12048,1,1,0,0,1,1,0
20,2,2955,00:00:00.0800000,1,1,1,4003,4003,0,4003,18652,22655,1,1,0,0,1,1,0
20,3,3313,00:00:00.0830000,1,1,1,8001,8001,0,8001,39215,47216,1,1,0,0,1,1,0
20,4,3658,00:00:00.0870000,1,1,2,16060,16060,0,16060,79122,95182,1,1,0,0,1,1,0
20,5,3992,00:00:00.0910000,1,2,3,32004,32005,0,32005,155497,187502,1,1,0,0,1,1,0
20,6,4338,00:00:00.0950000,1,7,13,64122,64132,0,64132,314863,378995,1,1,0,0,1,1,0
20,7,4687,00:00:00.1020000,1,16,31,127714,127812,475,128287,636377,764664,1,1,0,0,1,1,0
20,8,5045,00:00:00.1140000,1,33,76,247903,248332,7982,256314,1281947,1538261,1,1,0,0,1,1,0
20,9,5421,00:00:00.1360000,2,60,148,465587,467061,45488,512549,2557160,3069709,1.0018943827898974,1.0037958866425045,0,1,2,1,1
20,10,5835,00:00:00.1800000,3,108,280,845286,852325,173023,1025348,5097194,6122542,1.0064096648944854,1.0129129397296708,0.004022167529910803,1,3,2,1
20,11,6295,00:00:00.2780000,11,211,565,1500280,1513810,534645,2048455,10066323,12114778,1.0317953981923373,1.0664655403833205,0.025377672165632248,1,11,10,1
20,12,6804,00:00:00.4880000,19,409,1140,2615126,2646740,1454019,4100759,19506989,23607748,1.1028921742202862,1.239482379677483,0.08128248900175095,1,19,18,1
20,13,7336,00:00:00.8790000,28,717,2180,4510200,4595249,3605346,8200595,36135900,44336495,1.2766498159726842,1.8455511592499003,0.20485229790210724,2,28,26,1.0384616
20,14,7852,00:00:01.5450000,37,1336,3947,7796272,8007314,8394190,16401504,62968663,79370167,1.5623276099140717,3.8476662303097937,0.38302335143089294,2,37,35,1.0285715
20,15,8347,00:00:02.6090000,48,2277,6784,13493063,13966181,18828756,32794937,105433497,138228434,1.901499311164559,7.5906465661341125,0.5268958210945129,3,48,41,1.1463414
20,16,8832,00:00:04.4880000,56,4074,11964,23416236,24400425,41208719,65609144,173556010,239165154,2.2943253134278283,7.143216302244214,0.5329117178916931,3,56,48,1.1458334
20,17,9308,00:00:07.6680000,53,7012,20621,40633424,42892817,88288969,131181786,282269579,413451365,2.7550276097825277,4.434143957965372,0.4155462384223938,3,53,44,1.1818181
20,18,9782,00:00:13.3410000,52,12115,35667,71446678,75643938,186661963,262305901,457530681,719836582,3.24126517120922,4.039499095196839,0.2786003649234772,4,52,41,1.2439024
20,19,10272,00:00:30.4300000,46,21502,63464,123904564,132208974,392226165,524435139,750026380,1274461519,3.6626260030260065,3.9836179075844638,0.22330981492996216,4,47,37,1.2432432
20,20,10803,00:01:13.1740000,42,38249,115308,211572655,228492683,820660309,1049152992,1260019218,2309172210,4.006014557977731,3.8992562172269776,0.21610821783542633,4,43,35,1.2
21,0,1714,00:00:00.0270000,2,2,2,1007,1007,0,1007,2698,3705,1.894736842105263,1.2320819536211238,0,1,2,1,1
21,1,1874,00:00:00.0370000,2,2,2,2007,2007,0,2007,4979,6986,1.9422022919780768,1.1222265246093979,0,1,2,1,1
21,2,2036,00:00:00.0550000,2,2,2,4006,4006,0,4006,9661,13667,1.95581627558662,1.0922552163829542,0,1,2,1,1
21,3,2204,00:00:00.0570000,2,3,3,8002,8003,0,8003,19343,27346,1.9715071232191952,1.058606631478358,0,1,2,1,1
21,4,2365,00:00:00.0590000,2,4,4,16028,16036,0,16036,37787,53823,1.9783503868230596,1.0442356901177077,0,1,2,1,1
21,5,2525,00:00:00.0610000,3,5,5,32057,32064,0,32064,74935,106999,1.986773559596968,1.0322361438879453,0,2,3,1,2
21,6,2685,00:00:00.0640000,3,6,9,64191,64201,0,64201,148648,212849,1.9916031842470128,1.0256343247709263,0,2,3,1,2
21,7,2846,00:00:00.0660000,3,15,22,128157,128210,287,128497,297243,425740,1.997183142551714,1.0221931538330102,0,2,3,1,2
21,8,3006,00:00:00.0710000,3,30,45,250874,251090,5330,256420,584829,841249,2.0011758890917353,1.0213985356221085,0,2,3,1,2
21,9,3178,00:00:00.0790000,3,52,94,479140,479799,33585,513384,1166823,1680207,2.006104687565221,1.0248227749698642,0,2,3,1,2
21,10,3366,00:00:00.0940000,3,101,183,887540,889602,135118,1024720,2319488,3344208,2.012939135137571,1.034421312999528,0,2,3,1,2
21,11,3580,00:00:00.1230000,4,175,348,1608028,1612730,440518,2053248,4633553,6686801,2.0245387518127793,1.0556847051566245,0.006706679705530405,2,4,2,1.5
21,12,3823,00:00:00.1960000,4,312,674,2839128,2853478,1242846,4096324,9150139,13246463,2.0465213262663746,1.0976901769650713,0.01255042850971222,1,4,3,1
21,13,4106,00:00:00.3350000,6,586,1290,4939692,4971989,3223016,8195005,18035784,26230789,2.0909447390647027,1.1961205843201779,0.02240106463432312,2,6,4,1.25
21,14,4432,00:00:00.6490000,7,1123,2544,8485535,8573171,7825588,16398759,35099833,51498592,2.183259040237298,1.421749896756988,0.04352797940373421,2,7,5,1.2
21,15,4796,00:00:01.2740000,10,2038,4905,14549376,14779761,18037354,32817115,66487955,99305070,2.3724088923126323,1.941835701132013,0.0715448260307312,2,10,8,1.125
21,16,5182,00:00:02.4320000,13,3625,9243,25136806,25693865,39892082,65585947,120821428,186407375,2.704186084739644,2.8177673133143126,0.08936533331871033,2,13,11,1.0909091
21,17,5577,00:00:05.1460000,14,6522,17074,43823518,45199316,85942944,131142260,211121361,342263621,3.1365684060325782,3.137749087346102,0.0915440246462822,2,14,12,1.0833334
21,18,5987,00:00:13.3320000,20,11690,31303,76342574,79213550,183345478,262559028,363055628,625614656,3.543311796115232,2.3441598365327363,0.07579626888036728,3,20,17,1.117647
21,19,6432,00:00:31.8580000,22,20877,57830,129947761,136639135,388346483,524985618,629369738,1154355356,3.8490726746727093,1.7462400779357217,0.06264171749353409,3,22,19,1.1052631
21,20,6932,00:01:13.9860000,35,37344,107898,218201944,233776110,815984918,1049761028,1110363203,2160124231,4.125459826334086,1.8869644389306877,0.05735979974269867,4,35,31,1.0967742
22,0,2262,00:00:00.0320000,1,1,1,1007,1007,0,1007,4668,5675,1,1,0,0,1,1,0
22,1,2630,00:00:00.0420000,1,1,1,2004,2004,0,2004,9826,11830,1,1,0,0,1,1,0
22,2,2985,00:00:00.0620000,1,1,1,4002,4002,0,4002,19686,23688,1,1,0,0,1,1,0
22,3,3325,00:00:00.0720000,1,3,4,8006,8014,0,8014,39383,47397,1,1,0,0,1,1,0
22,4,3694,00:00:00.0760000,2,3,6,16022,16025,0,16025,82035,98060,1.0114217950318312,1.0231044447962199,0,1,2,1,1
22,5,4029,00:00:00.0810000,2,6,10,32056,32060,0,32060,158088,190148,1.0251123034689293,1.051484249034083,0,1,2,1,1
22,6,4353,00:00:00.0870000,2,11,20,63965,64011,0,64011,307615,371626,1.0517001485187212,1.1087144845163612,0,1,2,1,1
22,7,4671,00:00:00.0940000,2,14,38,127393,127595,436,128031,599540,727571,1.105594498912813,1.232876320666381,0,1,2,1,1
22,8,4973,00:00:00.1040000,3,35,79,248321,248851,7346,256197,1140221,1396418,1.2006113055279255,1.468876051441832,0,2,3,1,2
22,9,5262,00:00:00.1210000,4,53,141,470552,471651,41264,512915,2113787,2626702,1.3362667675411006,1.8090178637539962,0.013882030732929707,2,4,2,1.5
22,10,5539,00:00:00.1570000,4,109,255,867927,871425,154399,1025824,3806769,4832593,1.5051346484208925,2.088194238619469,0.02407992258667946,2,4,2,1.5
22,11,5813,00:00:00.2020000,4,188,442,1567583,1578616,471480,2050096,6750832,8800928,1.6931039696143682,2.114413362162488,0.029223976656794548,2,4,2,1.5
22,12,6092,00:00:00.2870000,6,358,789,2793833,2821322,1283673,4104995,11913976,16018971,1.8972758930115008,2.049348453983345,0.029303302988409996,2,6,4,1.25
22,13,6380,00:00:00.4580000,9,628,1414,4927149,4982423,3226972,8209395,20928265,29137660,2.1203641294387485,2.1344806464605885,0.03221071511507034,2,9,7,1.1428572
22,14,6682,00:00:00.7320000,12,1124,2627,8600038,8719966,7670453,16390419,36693608,53084027,2.3669173322257415,2.3377509941135797,0.04026617109775543,3,12,9,1.2222222
22,15,7003,00:00:01.2960000,18,2052,4898,15010516,15214441,17575590,32790031,64325643,97115674,2.6402138340880486,2.421360022027129,0.061025213450193405,3,18,15,1.1333333
22,16,7346,00:00:02.2830000,20,3645,9001,26008157,26444824,39118146,65562970,112651223,178214193,2.9291848322816567,2.4266815463419187,0.09834574162960052,3,20,17,1.117647
22,17,7717,00:00:04.2750000,20,6576,16636,44798664,45871115,85337999,131209114,197686669,328895783,3.234026845086273,2.784384624541831,0.27612629532814026,3,20,17,1.117647
22,18,8121,00:00:09.2030000,21,11608,30734,76423026,79178152,183016374,262194526,347556290,609750816,3.534583634518738,3.320957360151461,0.35630354285240173,3,21,16,1.25
22,19,8572,00:00:25.7000000,29,20934,57283,129506280,135640314,388856619,524496933,617374803,1141871736,3.7966054773560014,3.2903564510664127,0.39800241589546204,3,29,24,1.1666666
22,20,9084,00:01:05.1830000,39,37628,107913,214625518,230965571,818057528,1049023099,1109805561,2158828660,4.041078242150125,3.363685618777227,0.7935290336608887,3,39,34,1.117647
23,0,2503,00:00:00.0500000,1,1,1,1006,1006,0,1006,4621,5627,1,1,0,0,1,1,0
23,1,2912,00:00:00.0620000,1,1,1,2009,2009,0,2009,10441,12450,1,1,0,0,1,1,0
23,2,3302,00:00:00.0830000,2,2,2,4005,4005,0,4005,21944,25949,1.0074906367041199,1.0150934762473998,0,1,2,1,1
23,3,3650,00:00:00.0880000,2,3,3,8000,8005,0,8005,42610,50615,1.010125,1.0204549500133846,0,1,2,1,1
23,4,3986,00:00:00.0920000,3,6,8,16000,16004,0,16004,81282,97286,1.0264375,1.0544243451583935,0.013087096624076366,1,3,2,1
23,5,4323,00:00:00.1080000,4,6,12,32009,32014,0,32014,158556,190570,1.056671561123434,1.120660997227466,0.022899582982063293,1,4,3,1
23,6,4630,00:00:00.1140000,4,10,19,64015,64036,0,64036,299155,363191,1.1104584862922753,1.2485941397649456,0.04108361154794693,1,4,3,1
23,7,4923,00:00:00.1220000,4,22,40,127582,127708,423,128131,568565,696696,1.2020817983728111,1.4970121215659762,0.08181419968605042,1,4,3,1
23,8,5193,00:00:00.1320000,4,34,75,248708,249173,6953,256126,1051298,1307424,1.3231621017418016,1.8574543808517827,0.13063612580299377,1,4,3,1
23,9,5451,00:00:00.1470000,4,58,128,471196,472507,39499,512006,1918938,2430944,1.4633655633749014,2.205929439971761,0.18668948113918304,1,4,3,1
23,10,5704,00:00:00.1710000,4,117,233,870777,874979,149704,1024683,3462470,4487153,1.6064629635371628,2.2844403739483687,0.24611730873584747,1,4,3,1
23,11,5966,00:00:00.2140000,6,199,422,1572645,1582215,467129,2049344,6285283,8334627,1.7337981553370276,2.0768499869050423,0.2949846386909485,2,6,4,1.25
23,12,6248,00:00:00.3140000,8,355,789,2787282,2806036,1292230,4098266,11521313,15619579,1.8394299536250727,1.8185631981702974,0.33205246925354004,2,8,6,1.1666666
23,13,6563,00:00:00.4640000,9,651,1515,4848870,4894065,3301859,8195924,21411218,29607142,1.923710472749321,1.6370107131821126,0.3553338348865509,2,9,6,1.3333334
23,14,6923,00:00:00.8400000,11,1164,2847,8299565,8411072,7981704,16392776,40261837,56654613,2.001304526201072,1.5941235341014115,0.3624022603034973,2,11,8,1.25
23,15,7335,00:00:01.5880000,13,2167,5511,13986992,14338070,18446315,32784385,75837474,108621859,2.101827969873723,1.7637771666067215,0.35111725330352783,2,13,10,1.2
23,16,7796,00:00:03.1480000,27,3910,10499,23704354,24487804,41093884,65581688,140852884,206434572,2.2995976182265925,2.5772220496367595,0.32819828391075134,3,27,21,1.2380953
23,17,8285,00:00:06.5700000,36,6914,19386,40485881,42432281,88733054,131165335,252686377,383851712,2.6533001467845048,5.399612696808012,0.33215948939323425,4,36,27,1.2962962
23,18,8768,00:00:18.7310000,37,12318,34885,70984630,75784698,186486522,262271220,430798803,693070023,3.2622992188590687,11.146571718118091,0.34882715344429016,4,38,28,1.3214285
23,19,9213,00:00:40.6590000,34,21591,61294,130520763,139640681,384851418,524492099,694949560,1219441659,4.088565939504966,4.838256377399692,0.23048940300941467,4,35,22,1.5454545
23,20,9648,00:01:17.0780000,29,38038,108118,235379490,250720053,798461947,1049182000,1111210729,2160392729,4.65729740513925,1.9877608424058517,0.1807415783405304,5,30,18,1.6111112
24,0,2749,00:00:00.0450000,1,1,1,1003,1003,0,1003,4578,5581,1,1,0,0,1,1,0
24,1,3121,00:00:00.0580000,1,1,1,2003,2003,0,2003,9883,11886,1,1,0,0,1,1,0
24,2,3465,00:00:00.0800000,1,1,1,4001,4001,0,4001,19988,23989,1,1,0,0,1,1,0
24,3,3804,00:00:00.0850000,1,2,2,8038,8042,0,8042,39231,47273,1,1,0,0,1,1,0
24,4,4159,00:00:00.0900000,1,2,2,16026,16030,0,16030,80391,96421,1,1,0,0,1,1,0
24,5,4517,00:00:00.0960000,1,6,8,32021,32031,0,32031,163529,195560,1,1,0,0,1,1,0
24,6,4861,00:00:00.1020000,1,7,16,64084,64132,0,64132,322731,386863,1,1,0,0,1,1,0
24,7,5208,00:00:00.1110000,1,12,35,127367,127611,484,128095,642763,770858,1,1,0,0,1,1,0
24,8,5563,00:00:00.1230000,3,23,63,247963,248354,7908,256262,1280371,1536633,1.002831067538302,1.0056820769846369,0.001401865272782743,1,3,2,1
24,9,5941,00:00:00.1560000,5,64,151,466166,467136,45516,512652,2559991,3072643,1.0091684078203902,1.0185653060230944,0.00837127584964037,1,5,4,1
24,10,6348,00:00:00.2020000,6,122,303,848885,852220,172564,1024784,5054469,6079253,1.0242376764815022,1.0501248714192475,0.02176358923316002,1,6,5,1
24,11,6799,00:00:00.2960000,9,224,615,1508317,1517333,532560,2049893,9919197,11969090,1.0672358662005401,1.1479645869735011,0.053506240248680115,1,9,8,1
24,12,7280,00:00:00.5140000,12,441,1191,2630295,2660314,1438554,4098868,18825736,22924604,1.1733109784263742,1.4490955208169598,0.12719137966632843,1,12,11,1
24,13,7769,00:00:00.8850000,19,762,2156,4559616,4640018,3556865,8196883,34094137,42291020,1.3788358493346808,2.3874914753615526,0.2458270639181137,2,19,17,1.0588236
24,14,8250,00:00:01.5140000,25,1352,3803,7865700,8076948,8318866,16395814,59140040,75535854,1.6372153781608758,4.533577893806231,0.37593966722488403,2,25,22,1.0909091
24,15,8735,00:00:02.5660000,34,2321,6619,13433481,13956918,18815720,32772638,100851307,133623945,1.8892345178438856,6.605872327333525,0.44901320338249207,2,34,29,1.137931
24,16,9239,00:00:04.5340000,48,4058,11707,23044850,24104499,41518615,65623114,171778518,237401632,2.1874756832871554,8.058543768587326,0.4444068372249603,3,48,40,1.175
24,17,9745,00:00:08.1620000,50,7051,20840,39718888,42196227,88933599,131129826,287281585,418411411,2.626430427760213,8.640684751899283,0.4162728190422058,4,50,41,1.195122
24,18,10233,00:00:17.8500000,53,12330,36410,70735048,75315662,186853886,262169548,467285391,729454939,3.2267636688392436,6.70652273452311,0.3654786944389343,4,53,41,1.2682927
24,19,10709,00:00:41.9740000,46,21651,63863,126625542,134994614,390052868,525047482,750780918,1275828400,3.8241770921699194,4.811788881270964,0.27005627751350403,4,47,37,1.2432432
24,20,11193,00:01:26.0970000,36,37941,113027,222536097,239069336,809583269,1048652605,1214869674,2263522279,4.335948342798517,4.767085024974652,0.2227144092321396,5,37,26,1.3846154
25,0,3195,00:00:00.0410000,1,1,3,1002,1002,0,1002,5277,6279,1,1,0,0,1,1,0
25,1,3502,00:00:00.0520000,1,1,3,2003,2003,0,2003,9732,11735,1,1,0,0,1,1,0
25,2,3858,00:00:00.0720000,1,1,6,4002,4002,0,4002,20120,24122,1,1,0,0,1,1,0
25,3,4181,00:00:00.0760000,1,2,7,8003,8006,0,8006,38133,46139,1,1,0,0,1,1,0
25,4,4525,00:00:00.0810000,1,3,10,16043,16052,0,16052,77540,93592,1,1,0,0,1,1,0
25,5,4875,00:00:00.0860000,2,4,15,32035,32039,0,32039,158985,191024,1.0018729514593414,1.0037529294099128,0,1,2,1,1
25,6,5209,00:00:00.0920000,2,8,28,64031,64047,0,64047,312096,376143,1.002358232731021,1.004727638295924,0,1,2,1,1
25,7,5563,00:00:00.1010000,2,14,47,127720,127797,483,128280,638685,766965,1.0036172878171,1.0072607421917779,0,1,2,1,1
25,8,5907,00:00:00.1130000,2,27,80,247844,248295,7831,256126,1256309,1512435,1.0077145301076484,1.0155480325495418,0,1,2,1,1
25,9,6278,00:00:00.1340000,3,60,149,465307,467273,45007,512280,2508835,3021115,1.01908847277174,1.0389591097689492,0.007256746292114258,1,3,2,1
25,10,6677,00:00:00.1850000,6,114,300,850011,854233,171091,1025324,4951534,5976858,1.05875218085413,1.116742390130889,0.021407360211014748,2,6,4,1.25
25,11,7096,00:00:00.2700000,9,202,552,1515021,1527203,521965,2049168,9456254,11505422,1.1760596057744415,1.360235241210015,0.050031378865242004,2,9,7,1.1428572
25,12,7491,00:00:00.4200000,11,392,1025,2693050,2726133,1375117,4101250,16710847,20812097,1.4859352778448227,2.135232330976514,0.09283500164747238,2,11,9,1.1111112
25,13,7830,00:00:00.6490000,12,680,1759,4820593,4897105,3306125,8203230,27228614,35431844,1.973009752119708,3.140311079468158,0.11595071852207184,2,12,10,1.1
25,14,8135,00:00:00.9880000,13,1169,2953,8618386,8759084,7661500,16420584,43093733,59514317,2.4252847342878354,2.373480153866586,0.07180167734622955,3,13,10,1.2
25,15,8442,00:00:01.5250000,14,2021,5042,15127034,15347121,17427237,32774358,69533623,102307981,2.7238356838491935,1.636222225499695,0.05373586714267731,3,14,11,1.1818181
25,16,8782,00:00:02.5580000,12,3538,9052,25938032,26398042,39141168,65539210,117521352,183060562,2.90501214587136,1.3361820365777377,0.0388505794107914,3,12,9,1.2222222
25,17,9175,00:00:04.7490000,12,6410,16828,43638124,44803181,86449761,131252942,207853896,339106838,3.030168253795695,1.305446014892934,0.02775142341852188,3,12,9,1.2222222
25,18,9629,00:00:12.9660000,18,11498,31766,72559324,75823127,186602797,262425924,376588310,639014234,3.200694165783573,1.6276134451957809,0.027261992916464806,5,18,13,1.3076923
25,19,10131,00:00:34.8250000,29,20982,59895,122694695,131290104,393225891,524515995,676238291,1200754286,3.5869199397740874,3.155082698933689,0.09632424265146255,4,29,24,1.1666666
25,20,10617,00:01:14.7890000,36,38021,109089,226592411,245234316,803755477,1048989793,1138669373,2187659166,4.57536791026951,6.121874096282442,0.2379859983921051,4,36,30,1.1666666
26,0,3003,00:00:00.0400000,1,1,1,1002,1002,0,1002,5504,6506,1,1,0,0,1,1,0
26,1,3378,00:00:00.0520000,2,2,2,2025,2025,0,2025,10963,12988,1.002962962962963,1.0059434514856802,0,1,2,1,1
26,2,3756,00:00:00.0740000,2,2,4,4004,4004,0,4004,22337,26341,1.002997002997003,1.0060119256224525,0,1,2,1,1
26,3,4097,00:00:00.0780000,2,2,6,8011,8011,0,8011,42014,50025,1.0087379852702534,1.017628643476731,0,1,2,1,1
26,4,4429,00:00:00.0820000,2,3,10,16031,16032,0,16032,80239,96271,1.01752853845674,1.0356711756560881,0,1,2,1,1
26,5,4758,00:00:00.0880000,2,7,19,31963,32018,0,32018,155506,187524,1.0462096799424334,1.0966700568338217,0,1,2,1,1
26,6,5079,00:00:00.0940000,3,13,33,63998,64076,0,64076,302735,366811,1.0930497828057126,1.2033875577349777,0.009562025777995586,1,3,2,1
26,7,5376,00:00:00.1120000,4,20,51,127496,127692,428,128120,575594,703714,1.1633855179770345,1.378552740196572,0.018557002767920494,1,4,3,1
26,8,5658,00:00:00.1240000,4,32,84,248679,249353,7092,256445,1080063,1336508,1.2795853288777903,1.6843335097629497,0.030916783958673477,1,4,3,1
26,9,5926,00:00:00.1400000,6,61,152,471516,472670,40204,512874,1984772,2497646,1.4208764919960297,1.9869076824273026,0.03995756059885025,1,6,5,1
26,10,6188,00:00:00.1680000,6,128,272,870505,874181,152115,1026296,3585826,4612122,1.564368958248373,2.035146348367494,0.054327599704265594,1,6,5,1
26,11,6456,00:00:00.2160000,8,189,445,1572426,1579678,469783,2049461,6470228,8519689,1.7023694596756858,1.8217491097347884,0.06718361377716064,2,8,6,1.1666666
26,12,6743,00:00:00.3040000,9,328,789,2785470,2803244,1296214,4099458,11794505,15893963,1.8169845663388944,1.5540344444313432,0.07253976911306381,2,9,7,1.1428572
26,13,7061,00:00:00.4910000,10,630,1469,4839870,4892790,3310353,8203143,21779848,29982991,1.9105506966096197,1.3686817265724671,0.08096873015165329,2,10,7,1.2857143
26,14,7421,00:00:00.8650000,14,1185,2839,8275807,8413195,7984556,16397751,40627144,57024895,1.9957325007700155,1.3216075195598134,0.08589762449264526,2,14,11,1.1818181
26,15,7832,00:00:01.6180000,22,2129,5488,14017091,14353069,18432103,32785172,76119483,108904655,2.111871642982128,1.4835614495967484,0.09599623829126358,3,22,17,1.2352941
26,16,8289,00:00:03.1830000,31,3820,10264,23636657,24552622,41027636,65580258,140552818,206133076,2.3150035557058684,2.161722746147526,0.13716812431812286,3,31,24,1.25
26,17,8771,00:00:06.7210000,50,6861,19020,40647887,42598153,88520443,131118596,250764609,381883205,2.6866274500320273,4.38430423788493,0.2123173624277115,4,50,39,1.2564102
26,18,9248,00:00:16.3530000,56,11993,34335,71854864,76094367,186303865,262398232,426710632,689108864,3.2918858909815762,8.20840551842193,0.2632735073566437,4,57,43,1.3023256
26,19,9692,00:00:36.7450000,46,21273,60415,130885191,139769432,385248913,525018345,690520367,1215538712,4.088561356036069,4.6698971574404995,0.2303323596715927,5,47,34,1.3529412
26,20,10126,00:01:13.4060000,40,37896,107694,236750231,251436590,798510221,1049946811,1105912694,2155859505,4.68091458799886,2.161038320443637,0.163510262966156,5,41,30,1.3333334
27,0,3024,00:00:00.0560000,1,1,1,1001,1001,0,1001,4502,5503,1,1,0,0,1,1,0
27,1,3357,00:00:00.0660000,1,1,1,2004,2004,0,2004,9229,11233,1,1,0,0,1,1,0
27,2,3708,00:00:00.0870000,1,2,2,4012,4014,0,4014,19481,23495,1,1,0,0,1,1,0
27,3,4056,00:00:00.0900000,1,1,3,8001,8001,0,8001,39510,47511,1,1,0,0,1,1,0
27,4,4409,00:00:00.0940000,1,3,6,16009,16013,0,16013,80010,96023,1,1,0,0,1,1,0
27,5,4749,00:00:00.0990000,1,7,14,32026,32054,0,32054,159073,191127,1,1,0,0,1,1,0
27,6,5105,00:00:00.1040000,1,7,26,64076,64134,0,64134,323569,387703,1,1,0,0,1,1,0
27,7,5452,00:00:00.1120000,1,17,44,127277,127589,484,128073,643747,771820,1,1,0,0,1,1,0
27,8,5808,00:00:00.1240000,2,35,81,247841,248504,7905,256409,1283055,1539464,1.001997248235764,1.0040024426214325,0,1,2,1,1
27,9,6185,00:00:00.1500000,4,71,175,465453,466784,45294,512078,2559276,3071354,1.0085228798611245,1.0172347006997176,0.007394030690193176,1,4,3,1
27,10,6592,00:00:00.2040000,5,129,312,847811,852584,172470,1025054,5053704,6078758,1.022942613389069,1.0473161184321251,0.0200350284576416,1,5,4,1
27,11,7041,00:00:00.3000000,8,234,608,1501521,1518256,532320,2050576,9897956,11948532,1.064518578161744,1.1411063271944268,0.049342069774866104,1,8,7,1
27,12,7519,00:00:00.5050000,18,435,1155,2620504,2663593,1436793,4100386,18753693,22854079,1.1804015563418335,1.4537214589602268,0.11551790684461594,2,18,16,1.0625
27,13,7995,00:00:00.8640000,28,747,2064,4573735,4659755,3537903,8197658,33592580,41790238,1.4249430716908609,2.485802378946994,0.24742820858955383,2,28,26,1.0384616
27,14,8442,00:00:01.4300000,34,1320,3639,8018179,8203680,8204073,16407753,56794562,73202315,1.793761152002219,5.1401231144776585,0.38242343068122864,2,34,32,1.03125
27,15,8859,00:00:02.2850000,38,2279,6283,14083731,14460317,18331881,32792198,92554376,125346574,2.213913131399627,6.389033339787488,0.43980351090431213,2,38,35,1.0571429
27,16,9269,00:00:03.7660000,36,4026,10817,24505367,25319489,40221586,65541075,150181492,215722567,2.5949051895448045,4.152891989515218,0.4050668179988861,3,36,32,1.09375
27,17,9697,00:00:06.6610000,30,6833,18941,42046795,43946393,87222724,131169117,248187545,379356662,2.925226310352549,3.120176165576323,0.3455875515937805,3,30,23,1.2608696
27,18,10154,00:00:11.7630000,29,12029,34069,72578019,76249502,186183474,262432976,417531892,679964868,3.2783049782607043,3.769209679064882,0.30042773485183716,3,29,23,1.2173913
27,19,10632,00:00:25.1450000,34,21405,61823,127125549,134229448,390666688,524896136,702636500,1227532636,3.761657430482365,6.8017043446795125,0.27869436144828796,3,35,28,1.2142857
27,20,11121,00:01:01.0490000,36,37929,111256,223923259,238632630,810386112,1049018742,1171281332,2220300074,4.312140839286373,7.286822973223796,0.2573670446872711,4,37,29,1.2413793
28,0,2610,00:00:00.0360000,1,1,1,1007,1007,0,1007,5540,6547,1,1,0,0,1,1,0
28,1,2973,00:00:00.0500000,1,1,1,2004,2004,0,2004,10720,12724,1,1,0,0,1,1,0
28,2,3337,00:00:00.0710000,1,1,2,4002,4002,0,4002,21161,25163,1,1,0,0,1,1,0
28,3,3709,00:00:00.0750000,1,3,4,8008,8011,0,8011,42584,50595,1,1,0,0,1,1,0
28,4,4022,00:00:00.0780000,1,2,6,16025,16027,0,16027,78771,94798,1,1,0,0,1,1,0
28,5,4378,00:00:00.0830000,1,3,7,31994,32006,0,32006,160162,192168,1,1,0,0,1,1,0
28,6,4718,00:00:00.0880000,2,6,13,64123,64160,0,64160,317204,381364,1.0012164122077882,1.0024357824852659,0,1,2,1,1
28,7,5060,00:00:00.0950000,2,12,31,127414,127542,473,128015,632704,760719,1.002354529329587,1.0047200924718727,0,1,2,1,1
28,8,5412,00:00:00.1050000,3,21,58,248053,248320,7879,256199,1265868,1522067,1.007506460312917,1.0151432706658725,0.004843874368816614,1,3,2,1
28,9,5788,00:00:00.1340000,4,48,127,466548,467288,45215,512503,2536250,3048753,1.0210996510541253,1.043255614134173,0.012213004752993584,1,4,3,1
28,10,6189,00:00:00.1700000,5,118,275,850239,852889,171693,1024582,4993843,6018425,1.051442006306462,1.109369036681508,0.027371173724532127,1,5,4,1
28,11,6617,00:00:00.2550000,6,214,549,1513960,1523939,527177,2051116,9603182,11654298,1.1267345240296969,1.2951591092720256,0.06503608822822571,1,6,5,1
28,12,7061,00:00:00.4300000,10,405,1068,2657786,2681114,1416558,4097672,17821966,21919638,1.2814229588085722,1.7820978220307055,0.12113434821367264,1,10,9,1
28,13,7503,00:00:00.7450000,11,750,2008,4612631,4696286,3501749,8198035,31625182,39823217,1.4968990582598087,2.5527951044988852,0.20782585442066193,1,11,10,1
28,14,7948,00:00:01.3160000,18,1291,3548,7953362,8154979,8231697,16386676,54817429,71204105,1.7253496068706542,2.8186701914054124,0.2904600501060486,2,18,14,1.2142857
28,15,8414,00:00:02.2770000,27,2310,6410,13615858,14060639,18739833,32800472,94939148,127739620,1.949315570124189,2.7161700389721104,0.3449113070964813,3,27,21,1.2380953
28,16,8894,00:00:04.0730000,33,4088,11469,23387045,24467122,41130098,65597220,162368093,227965313,2.3166607410213644,3.587429547738041,0.3286876976490021,3,33,25,1.28
28,17,9337,00:00:06.9640000,40,7087,19836,42121102,44265375,86968167,131233542,263092264,394325806,3.011748624240648,4.625431613006274,0.28202199935913086,4,40,30,1.3
28,18,9744,00:00:11.7610000,40,12207,33996,76262717,79926462,182418617,262345079,413415558,675760637,3.6520912308959566,2.555284622096047,0.26866477727890015,4,40,29,1.3448275
28,19,10165,00:00:26.4970000,38,21427,59938,133762192,140082013,384456435,524538448,664942859,1189481307,4.05453334676214,2.195028927992769,0.3097692131996155,4,39,28,1.3571428
28,20,10625,00:01:03.2460000,33,37740,108217,228749732,243424925,805883909,1049308834,1106379415,2155688249,4.4330391084348895,3.2043330392643985,0.38061410188674927,5,34,24,1.375
2,0,2559,00:00:00.0330000,1,1,2,1003,1003,0,1003,5408,6411,1,1,0,0,1,1,0
2,1,2875,00:00:00.0440000,2,2,3,2013,2013,0,2013,9894,11907,1.0024838549428714,1.0049800282793064,0,1,2,1,1
2,2,3222,00:00:00.0650000,1,2,3,4000,4002,0,4002,19683,23685,1,1,0,0,1,1,0
2,3,3571,00:00:00.0690000,1,1,3,8020,8020,0,8020,39652,47672,1,1,0,0,1,1,0
2,4,3924,00:00:00.0720000,1,1,3,16016,16016,0,16016,81462,97478,1,1,0,0,1,1,0
2,5,4267,00:00:00.0760000,1,6,8,32025,32047,0,32047,160444,192491,1,1,0,0,1,1,0
2,6,4617,00:00:00.0820000,1,17,23,63941,64022,0,64022,322080,386102,1,1,0,0,1,1,0
2,7,4963,00:00:00.0900000,2,15,39,127493,127646,478,128124,641164,769288,1.0010588816640913,1.0021199954518822,0,1,2,1,1
2,8,5318,00:00:00.1020000,3,32,76,247838,248487,7905,256392,1278387,1534779,1.003098798408638,1.0062211705862902,0.002420758595690131,1,3,2,1
2,9,5692,00:00:00.1330000,5,72,164,465750,467416,45215,512631,2544555,3057186,1.0106709608158884,1.0216466318531021,0.009229151532053947,1,5,4,1
2,10,6100,00:00:00.1820000,8,126,311,846544,851823,172331,1024154,5049387,6073541,1.0293073957171748,1.0610365858874553,0.02363208867609501,1,8,7,1
2,11,6543,00:00:00.2690000,15,224,581,1511434,1519372,529977,2049349,9823244,11872593,1.0907681049916833,1.201118379450003,0.06517806649208069,2,15,13,1.0769231
2,12,7003,00:00:00.4650000,17,410,1120,2644835,2673591,1423648,4097239,18326925,22424164,1.2429160987358379,1.6269358790929447,0.15648174285888672,2,17,15,1.0666667
2,13,7441,00:00:00.7940000,19,727,2006,4636081,4721749,3478453,8200202,31950179,40150381,1.5701975440032216,3.060807554075935,0.29641205072402954,2,19,17,1.0588236
2,14,7829,00:00:01.2710000,21,1248,3390,8193909,8401271,7991750,16393021,52053137,68446158,2.0291695941460905,5.336136932500354,0.3038219213485718,2,21,18,1.1111112
2,15,8192,00:00:01.9520000,27,2196,5794,14521735,14877444,17943135,32820579,83217771,116038350,2.4544094076912986,3.8808323077048095,0.2802576422691345,3,27,22,1.1818181
2,16,8563,00:00:03.2070000,29,3833,10112,25160627,25883173,39691463,65574636,135505996,201080632,2.7544524625717792,2.505876799887923,0.23537993431091309,3,29,23,1.2173913
2,17,8972,00:00:05.6780000,37,6666,17996,43038069,44357679,86851435,131209114,229401417,360610531,2.969155981417289,2.1512704615197147,0.1781843602657318,3,37,31,1.1612903
2,18,9431,00:00:13.2900000,41,11753,33047,72344448,75604086,186546704,262150790,399782811,661933601,3.2009492974498888,2.581144382458359,0.1713445484638214,4,41,33,1.2121212
2,19,9938,00:00:35.4560000,47,21004,60810,121914856,130379361,394139731,524519092,702603154,1227122246,3.5321476079994714,4.898431072141854,0.20838555693626404,5,48,39,1.2051282
2,20,10474,00:01:20.8230000,64,37830,112377,210064337,229647587,819393691,1049041278,1216144153,2265185431,4.042138175981771,11.495975297433892,0.41508346796035767,4,65,51,1.254902
29,0,2825,00:00:00.0400000,1,1,1,1003,1003,0,1003,5248,6251,1,1,0,0,1,1,0
29,1,3108,00:00:00.0510000,1,1,2,2008,2008,0,2008,9195,11203,1,1,0,0,1,1,0
29,2,3419,00:00:00.0700000,1,1,3,4016,4016,0,4016,18120,22136,1,1,0,0,1,1,0
29,3,3751,00:00:00.0730000,1,1,5,8008,8008,0,8008,37292,45300,1,1,0,0,1,1,0
29,4,4106,00:00:00.0780000,1,5,10,15993,16002,0,16002,78155,94157,1,1,0,0,1,1,0
29,5,4457,00:00:00.0830000,1,6,17,31967,32013,0,32013,159037,191050,1,1,0,0,1,1,0
29,6,4805,00:00:00.0890000,3,10,26,63984,64014,0,64014,319341,383355,1.0043292073018255,1.0087052176036948,0.003552845912054181,1,3,2,1
29,7,5148,00:00:00.1080000,3,15,45,127711,127805,479,128284,635271,763555,1.0102731949479684,1.0208120960937312,0.009861831553280354,1,3,2,1
29,8,5502,00:00:00.1200000,4,27,77,248253,248493,7879,256372,1272893,1529265,1.0235968951029797,1.0486401180363778,0.018433161079883575,1,4,3,1
29,9,5865,00:00:00.1400000,4,64,147,466869,467873,44926,512799,2500870,3013669,1.0529099169145948,1.113302692497388,0.04229141026735306,1,4,3,1
29,10,6243,00:00:00.1780000,5,96,279,854085,856915,168743,1025658,4812283,5837941,1.119082995252229,1.2783268035913635,0.07900691032409668,1,5,4,1
29,11,6633,00:00:00.2500000,5,191,530,1525753,1536075,515278,2051353,9008318,11059671,1.2426159411123556,1.6678607435341455,0.16122998297214508,1,5,4,1
29,12,7026,00:00:00.3850000,8,364,975,2693110,2716523,1385029,4101552,16278771,20380323,1.4292037829869555,2.465586328297998,0.21430690586566925,1,8,7,1
29,13,7421,00:00:00.6500000,12,678,1800,4704287,4755149,3438032,8193181,28628818,36821999,1.6314971854395788,3.263333648330395,0.27611052989959717,2,12,10,1.1
29,14,7837,00:00:01.1180000,15,1183,3265,8105753,8222040,8162276,16384316,50351775,66736091,1.8056215135102192,3.254818225211471,0.3393402099609375,2,15,11,1.2727273
29,15,8295,00:00:02.0090000,18,2145,6046,13716169,14055602,18740474,32796076,89882963,122679039,1.9373029014151109,2.970957549113633,0.38126644492149353,2,18,14,1.2142857
29,16,8809,00:00:03.8590000,27,3872,11225,22855966,23819294,41733245,65552539,162460145,228012684,2.075177833218688,3.173762926030981,0.39278990030288696,2,27,22,1.1818181
29,17,9369,00:00:08.7680000,48,6919,20823,38549964,40800903,90296964,131097867,290603936,421701803,2.3507025324329747,5.019168853002521,0.3828589916229248,3,48,38,1.2368422
29,18,9934,00:00:25.4200000,59,12395,37796,65735574,71802454,190372182,262174636,499106746,761281382,2.852522319193562,11.139106554547837,0.4809618890285492,4,59,45,1.2888889
29,19,10475,00:00:55.4810000,71,22056,67228,118173731,129376246,395506550,524882796,820678843,1345561639,3.533404213157999,15.51231564206713,0.4421887993812561,5,72,48,1.4791666
29,20,10978,00:01:44.0910000,60,39007,117526,219945507,240917650,809140907,1050058557,1300297970,2350356527,4.456968261688565,11.474847669537503,0.44027507305145264,4,61,39,1.5384616
30,0,2541,00:00:00.0520000,1,1,1,1005,1005,0,1005,5368,6373,1,1,0,0,1,1,0
30,1,2881,00:00:00.0630000,3,3,3,2008,2008,0,2008,10322,12330,1.0034860557768925,1.0070024145968646,0,1,3,2,1
30,2,3232,00:00:00.0930000,2,3,4,4011,4014,0,4014,20429,24443,1.0107205185739216,1.0216707861066507,0,1,2,1,1
30,3,3553,00:00:00.0970000,3,4,6,8003,8004,0,8004,38855,46859,1.026365113082594,1.054369118979051,0.017285462468862534,1,3,2,1
30,4,3882,00:00:00.1020000,3,6,8,15998,16021,0,16021,76710,92731,1.0744468058507313,1.16278470403446,0.06221194565296173,1,3,2,1
30,5,4199,00:00:00.1060000,4,5,10,31992,32009,0,32009,150134,182143,1.1397224306076519,1.3298941156946287,0.07779072970151901,1,4,3,1
30,6,4487,00:00:00.1110000,4,12,21,64097,64200,0,64200,282575,346775,1.239605597765886,1.6326432619961857,0.14052905142307281,1,4,3,1
30,7,4741,00:00:00.1170000,5,20,38,127729,127829,374,128203,516133,644336,1.3749500896429159,2.11129895185573,0.182456836104393,1,5,4,1
30,8,4971,00:00:00.1250000,5,32,63,249637,250003,6442,256445,926397,1182842,1.5046447441685327,2.521620707073832,0.2437354028224945,1,5,4,1
30,9,5195,00:00:00.1370000,5,56,119,473865,475050,37392,512442,1679205,2191647,1.6349276692728942,2.6762183677616416,0.30512115359306335,1,5,4,1
30,10,5422,00:00:00.1560000,5,102,220,876387,879428,144608,1024036,3066993,4091029,1.7413471445833861,2.540298273475683,0.3576470911502838,1,5,4,1
30,11,5665,00:00:00.1940000,6,189,412,1587425,1594115,457839,2051954,5685336,7737290,1.8310553254484463,2.294475341742853,0.40132588148117065,2,6,4,1.25
30,12,5934,00:00:00.2940000,8,361,789,2808039,2821031,1276257,4097288,10682660,14779948,1.9002068703461739,2.078468889929182,0.43024733662605286,2,8,6,1.1666666
30,13,6242,00:00:00.4420000,8,634,1470,4873892,4912670,3293387,8206057,20362592,28568649,1.9519390253210371,1.9386342342066316,0.4492107331752777,2,8,6,1.1666666
30,14,6600,00:00:00.8030000,10,1147,2803,8313102,8418681,7992975,16411656,39143942,55555598,1.998685448584656,1.8991572562924557,0.45179516077041626,2,10,8,1.125
30,15,7018,00:00:01.5540000,12,2122,5462,13926235,14283964,18520973,32804937,75293673,108098610,2.059638014150989,2.0159403421234745,0.43523141741752625,2,12,9,1.2222222
30,16,7497,00:00:03.1610000,27,3858,10407,23260837,24220155,41362345,65582500,142939348,208521848,2.2007544698413044,2.6124106935428864,0.38733699917793274,3,27,23,1.1304348
30,17,8017,00:00:07.1110000,47,6918,19553,39436361,41670296,89542352,131212648,261980181,393192829,2.5027468178415346,4.743401632907739,0.3446918725967407,3,47,41,1.1219512
30,18,8546,00:00:20.8500000,62,12239,35632,68129705,73155932,189226926,262382858,457485310,719868168,2.984495588231301,9.205440986630615,0.3228575885295868,4,63,51,1.2156863
30,19,9064,00:00:47.5020000,61,21749,64246,120508325,131019656,393492836,524512492,765605383,1290117875,3.6231343021322386,11.158960023904378,0.358336865901947,5,62,46,1.326087
30,20,9561,00:01:33.0760000,44,38587,114387,219145228,239912862,809158314,1049071176,1240294210,2289365386,4.40544133591629,8.754097179030316,0.326210081577301,5,45,30,1.4666667
31,0,3700,00:00:00.0440000,1,1,1,1001,1001,0,1001,5877,6878,1,1,0,0,1,1,0
31,1,4110,00:00:00.0560000,1,1,2,2003,2003,0,2003,11904,13907,1,1,0,0,1,1,0
31,2,4473,00:00:00.0750000,1,1,2,4004,4004,0,4004,22265,26269,1,1,0,0,1,1,0
31,3,4836,00:00:00.0790000,1,2,4,7999,8003,0,8003,43618,51621,1,1,0,0,1,1,0
31,4,5182,00:00:00.0830000,1,4,6,16012,16027,0,16027,82919,98946,1,1,0,0,1,1,0
31,5,5523,00:00:00.0870000,2,5,8,32092,32103,0,32103,161190,193293,1.0010906144833602,1.002183551059722,0,1,2,1,1
31,6,5875,00:00:00.0930000,2,10,16,64026,64074,0,64074,324085,388159,1.0015150095273795,1.0030346524026272,0,1,2,1,1
31,7,6219,00:00:00.1000000,2,14,26,127588,127809,483,128292,641796,770088,1.0035191397310093,1.007063003270972,0,1,2,1,1
31,8,6577,00:00:00.1110000,3,38,62,247584,248304,7928,256232,1286939,1543171,1.0096088600232649,1.0194224678002104,0.00486752949655056,1,3,2,1
31,9,6944,00:00:00.1430000,4,74,158,465256,467585,44917,512502,2528263,3040765,1.023335540003783,1.0479462001964557,0.012476597912609577,1,4,3,1
31,10,7340,00:00:00.1870000,8,122,309,850074,854452,170625,1025077,4949275,5974352,1.0629298155219429,1.1360175760140474,0.032562386244535446,1,8,7,1
31,11,7760,00:00:00.2720000,10,216,578,1511692,1526276,523770,2050046,9470318,11520364,1.1486671888188864,1.3581405963403788,0.0752449557185173,1,10,9,1
31,12,8188,00:00:00.4450000,15,377,1052,2654236,2691228,1406884,4098112,17379762,21477874,1.3168312840305083,1.9232169631004035,0.1453332155942917,2,15,13,1.0769231
31,13,8614,00:00:00.7430000,21,704,1922,4634028,4715818,3476908,8192726,30681478,38874204,1.5490823534083091,2.8629034822582473,0.2282831370830536,2,21,19,1.0526316
31,14,9041,00:00:01.2650000,29,1241,3411,8043334,8217681,8179072,16396753,52932360,69329113,1.8026136922823297,3.4114860194890895,0.27712923288345337,2,29,26,1.0769231
31,15,9480,00:00:02.1210000,33,2228,6132,13845164,14242087,18563049,32805136,90717433,123522569,2.063361112948897,3.638272768932386,0.28244665265083313,2,33,30,1.0666667
31,16,9936,00:00:03.7750000,36,3927,11072,23685681,24637541,40963243,65600784,154914628,220515412,2.3595160299591975,3.8356584084455916,0.25130021572113037,3,36,31,1.1290323
31,17,10413,00:00:06.7750000,39,6873,19722,40381421,42617863,88570873,131188736,264118839,395307575,2.678672055646581,3.1662392895334555,0.2192503660917282,3,39,32,1.1875
31,18,10919,00:00:13.0730000,52,12209,35566,69382526,73682139,188693334,262375473,451619600,713995073,3.0252896384890917,2.9487419718637646,0.18977601826190948,3,52,42,1.2142857
31,19,11446,00:00:35.5000000,59,21729,64446,120294084,129575773,395043942,524619715,765650209,1290269924,3.523757943075571,4.8433095973032705,0.18597830832004547,5,60,47,1.2553191
31,20,11963,00:01:22.4870000,54,38707,115507,215927672,235774822,813951863,1049726685,1259735574,2309462259,4.2591801758507355,5.9633985131116365,0.19083862006664276,5,55,43,1.255814
32,0,2709,00:00:00.0350000,1,1,1,1001,1001,0,1001,4391,5392,1,1,0,0,1,1,0
32,1,3044,00:00:00.0460000,1,1,1,2004,2004,0,2004,9340,11344,1,1,0,0,1,1,0
32,2,3374,00:00:00.0660000,1,2,2,3999,4003,0,4003,18552,22555,1,1,0,0,1,1,0
32,3,3747,00:00:00.0710000,3,3,3,8004,8004,0,8004,40255,48259,1.0053723138430786,1.0108135187482954,0,1,3,2,1
32,4,4078,00:00:00.0850000,3,3,3,16042,16042,0,16042,78420,94462,1.0193866101483606,1.0396425295720773,0.012986523099243641,1,3,2,1
32,5,4404,00:00:00.0890000,3,6,9,32067,32070,0,32070,154000,186070,1.0383260049271836,1.0799987860960447,0.02258102037012577,1,3,2,1
32,6,4734,00:00:00.0940000,3,7,20,64088,64105,0,64105,305393,369498,1.0805454999375859,1.1763095694117265,0.051516853272914886,1,3,2,1
32,7,5043,00:00:00.1010000,3,11,36,127778,127825,430,128255,588832,717087,1.1527649517131275,1.3624043163563935,0.1067347526550293,1,3,2,1
32,8,5330,00:00:00.1100000,3,24,66,248882,248992,7113,256105,1101225,1357330,1.2630644241045959,1.6927260253114298,0.1858934760093689,1,3,2,1
32,9,5600,00:00:00.1240000,3,59,134,471888,472291,40237,512528,2009155,2521683,1.3982131353202454,2.1197554527553506,0.280010849237442,1,3,2,1
32,10,5865,00:00:00.1480000,3,105,246,872293,873745,152646,1026391,3628169,4654560,1.5464115841810033,2.436750783193734,0.38952818512916565,1,3,2,1
32,11,6137,00:00:00.1940000,3,187,455,1573099,1578561,473195,2051756,6560534,8612290,1.6850255451182665,2.3791738768617985,0.48964250087738037,1,3,2,1
32,12,6427,00:00:00.2800000,4,345,817,2784000,2800607,1301750,4102357,11944619,16046976,1.7999730603448276,2.103395655733213,0.5714644193649292,2,4,2,1.5
32,13,6748,00:00:00.4730000,5,597,1474,4826494,4878187,3315276,8193463,22022023,30215486,1.8885379325033864,1.8469955002378236,0.6351908445358276,2,5,2,2
32,14,7115,00:00:00.8480000,13,1162,2817,8257947,8377147,8008103,16385250,41238610,57623860,1.962287115671728,1.7240692022190285,0.6618520617485046,2,13,10,1.2
32,15,7539,00:00:01.6260000,24,2146,5502,13975950,14237513,18536030,32773543,77866252,110639795,2.0464326217537985,1.799489118043975,0.6584305167198181,2,24,21,1.0952381
32,16,8023,00:00:03.2730000,33,3874,10539,23422527,24169915,41421779,65591694,146183602,211775296,2.1897274363265757,2.310561696329292,0.6292812824249268,3,33,29,1.1034483
32,17,8550,00:00:06.6490000,47,6968,19921,39257193,41466622,89752988,131219610,266866881,398086491,2.459369140325443,4.402392726342851,0.6151859760284424,3,47,40,1.15
32,18,9097,00:00:13.6490000,68,12517,36653,66994653,72163896,190188486,262352382,469237672,731590054,2.876086857260086,11.824895844939944,0.6291249990463257,4,69,55,1.2363636
32,19,9645,00:00:35.7530000,73,21908,65939,116313847,128135179,396355475,524490654,795372252,1319862906,3.45020153963268,16.744806955688112,0.596320390701294,4,74,55,1.3272728
32,20,10176,00:01:23.1370000,73,39171,117912,211465147,232443565,816537881,1048981446,1302821797,2351803243,4.171384615924439,8.615650877260544,0.5354616641998291,4,74,51,1.4313725
33,0,3241,00:00:00.0370000,1,1,1,1006,1006,0,1006,5071,6077,1,1,0,0,1,1,0
33,1,3559,00:00:00.0470000,1,1,1,2001,2001,0,2001,9584,11585,1,1,0,0,1,1,0
33,2,3924,00:00:00.0830000,1,1,2,4013,4013,0,4013,20031,24044,1,1,0,0,1,1,0
33,3,4294,00:00:00.0860000,1,1,2,8011,8011,0,8011,41207,49218,1,1,0,0,1,1,0
33,4,4657,00:00:00.0900000,1,3,4,16028,16030,0,16030,82607,98637,1,1,0,0,1,1,0
33,5,5010,00:00:00.0950000,1,6,13,31998,32007,0,32007,164369,196376,1,1,0,0,1,1,0
33,6,5353,00:00:00.1000000,2,11,25,64117,64174,0,64174,324148,388322,1.0010761576492975,1.002154639975226,0,1,2,1,1
33,7,5701,00:00:00.1090000,2,19,46,127494,127778,479,128257,645040,773297,1.0021883382747423,1.0043862272378246,0,1,2,1,1
33,8,6051,00:00:00.1230000,3,43,92,247119,248150,7977,256127,1277321,1533448,1.0074579453623558,1.0150474079725076,0.005475231446325779,1,3,2,1
33,9,6423,00:00:00.1570000,5,73,169,464444,467500,44891,512391,2532971,3045362,1.0215332741945207,1.0442777152967841,0.016415080055594444,1,5,4,1
33,10,6818,00:00:00.2020000,10,141,316,847355,854931,170425,1025356,4949319,5974675,1.058409993450207,1.126454123404543,0.03991280123591423,1,10,9,1
33,11,7239,00:00:00.2870000,19,222,571,1513025,1525986,524140,2050126,9482392,11532518,1.1469909618149072,1.3630536345360438,0.09486700594425201,1,19,18,1
33,12,7669,00:00:00.4630000,24,418,1046,2653700,2689171,1408465,4097636,17434811,21532447,1.3114138749670272,1.9881990193867745,0.19463342428207397,2,24,22,1.0454545
33,13,8096,00:00:00.7590000,30,727,1892,4632390,4720950,3479308,8200258,30764452,38964710,1.5484767042498582,3.462039727364997,0.32148128747940063,2,30,27,1.074074
33,14,8520,00:00:01.2730000,39,1270,3389,8047163,8232854,8164107,16396961,52843926,69240887,1.8115873880024551,5.422101179053435,0.396441251039505,2,39,36,1.0555556
33,15,8952,00:00:02.1110000,48,2259,6165,13900873,14285734,18489505,32775239,89985745,122760984,2.096145616178207,6.808516669433182,0.41334468126296997,3,48,43,1.0930233
33,16,9396,00:00:03.6980000,54,3932,10966,24025525,24848773,40767226,65615999,152444789,218060788,2.438444362818294,7.441578255610873,0.3794829249382019,3,54,45,1.1777778
33,17,9848,00:00:06.4880000,50,6795,19260,41521434,43409865,87785175,131195040,255814856,387009896,2.8361404618154564,6.730583324359391,0.33038780093193054,3,50,39,1.2564102
33,18,10311,00:00:11.5970000,48,11982,34382,72111516,76046582,186168146,262214728,427117155,689331883,3.2756502720037117,6.597332292158813,0.2847549319267273,4,48,36,1.3055556
33,19,10795,00:00:21.8400000,43,21553,62353,125259520,133095563,391738939,524834502,716028897,1240863399,3.7052902805311723,6.0890510170772325,0.27142786979675293,4,44,32,1.34375
33,20,11310,00:00:53.9230000,42,38053,113394,215233830,232092905,816687115,1048780020,1210250484,2259030504,4.112850707530503,6.208489428652652,0.3255763649940491,4,43,29,1.4482758
34,0,2863,00:00:00.0560000,1,1,1,1003,1003,0,1003,4883,5886,1,1,0,0,1,1,0
34,1,3212,00:00:00.0750000,1,1,1,2001,2001,0,2001,10032,12033,1,1,0,0,1,1,0
34,2,3577,00:00:00.1210000,1,2,2,4006,4008,0,4008,20603,24611,1,1,0,0,1,1,0
34,3,3912,00:00:00.1250000,2,2,2,8011,8011,0,8011,40250,48261,1.0017475970540506,1.0035013246402587,0,1,2,1,1
34,4,4266,00:00:00.1310000,2,5,7,16032,16037,0,16037,80950,96987,1.001933632734531,1.0038747463951463,0,1,2,1,1
34,5,4624,00:00:00.1360000,3,6,12,32013,32019,0,32019,163142,195161,1.005560241152032,1.0111936645543227,0,1,3,2,1
34,6,4970,00:00:00.1510000,3,9,19,64035,64101,0,64101,323155,387256,1.0121808386038884,1.0247202373601696,0.009759753942489624,1,3,2,1
34,7,5314,00:00:00.1590000,4,10,28,127657,127734,468,128202,639734,767936,1.026868875188983,1.0555712304121971,0.01975506730377674,1,4,3,1
34,8,5657,00:00:00.1690000,4,23,61,247912,248287,7771,256058,1256564,1512622,1.0552050727677562,1.1183463858579796,0.041167717427015305,1,4,3,1
34,9,6000,00:00:00.1860000,5,54,121,468091,468824,43843,512667,2413329,2925996,1.1147426461948637,1.2660136545088028,0.07651972770690918,1,5,4,1
34,10,6348,00:00:00.2200000,5,109,266,857208,860339,164582,1024921,4537932,5562853,1.2250737277300259,1.601852300288365,0.15083971619606018,1,5,4,1
34,11,6694,00:00:00.2800000,7,189,481,1541239,1548052,500397,2048449,8252780,10301229,1.387395465596186,2.239448314565549,0.233458012342453,2,7,5,1.2
34,12,7040,00:00:00.3990000,9,345,878,2733162,2749506,1348800,4098306,14644960,18743266,1.5811704538552782,3.0439404844290547,0.3241947889328003,2,9,6,1.3333334
34,13,7396,00:00:00.6340000,12,667,1635,4791649,4829494,3378312,8207806,25783951,33991757,1.7798123360037432,3.4217520927051424,0.4391954839229584,2,12,7,1.5714285
34,14,7771,00:00:01.0730000,14,1214,3032,8289295,8377367,8016666,16394033,45362396,61756429,1.9765174239787582,3.5033514233855505,0.5418538451194763,2,14,9,1.4444444
34,15,8173,00:00:01.8170000,14,2166,5640,14189115,14464837,18312858,32777695,79986305,112764000,2.193670711668769,3.8433585225433387,0.6150423884391785,2,14,9,1.4444444
34,16,8602,00:00:03.2600000,18,3829,10379,24196195,24946838,40593746,65540584,140402641,205943225,2.4557106602918353,3.9932720902798686,0.6173480749130249,3,18,11,1.5454545
34,17,9062,00:00:06.0140000,27,6797,19031,41253174,42952729,88163630,131116359,245777677,376894036,2.7361616344962933,3.2840114226398005,0.6717612147331238,3,27,19,1.3684211
34,18,9562,00:00:12.2690000,38,12148,35025,69577384,73725571,188502687,262228258,431169613,693397871,3.0136900950458267,3.0306264135657153,0.5619971752166748,4,38,28,1.3214285
34,19,10100,00:00:28.9210000,52,21690,64128,117863642,127840511,396465849,524306360,752171418,1276477778,3.4070832292794755,4.73830840368622,0.47212302684783936,4,53,37,1.4054054
34,20,10650,00:01:13.0680000,71,38946,117087,207799898,228602851,820316363,1048919214,1278118686,2327037900,4.032842518527127,12.315185388581614,0.4132438898086548,5,72,51,1.3921568
35,0,2576,00:00:00.0430000,1,1,1,1001,1001,0,1001,4827,5828,1,1,0,0,1,1,0
35,1,2864,00:00:00.0560000,1,1,1,2006,2006,0,2006,8947,10953,1,1,0,0,1,1,0
35,2,3197,00:00:00.0810000,1,1,1,4010,4010,0,4010,18324,22334,1,1,0,0,1,1,0
35,3,3587,00:00:00.0860000,1,1,2,8006,8006,0,8006,40869,48875,1,1,0,0,1,1,0
35,4,3932,00:00:00.0910000,1,1,2,16059,16059,0,16059,80660,96719,1,1,0,0,1,1,0
35,5,4292,00:00:00.0960000,1,2,5,32005,32006,0,32006,164700,196706,1,1,0,0,1,1,0
35,6,4632,00:00:00.1010000,1,5,11,64097,64102,0,64102,321458,385560,1,1,0,0,1,1,0
35,7,4966,00:00:00.1090000,1,10,28,127610,127631,473,128104,629303,757407,1,1,0,0,1,1,0
35,8,5321,00:00:00.1230000,1,28,68,247862,248070,7980,256050,1268946,1524996,1,1,0,0,1,1,0
35,9,5696,00:00:00.1510000,1,62,149,465828,466888,45270,512158,2536640,3048798,1,1,0,0,1,1,0
35,10,6114,00:00:00.2040000,2,123,290,848465,851474,173950,1025424,5104123,6129547,1.0024102349537105,1.0048320843432874,0,1,2,1,1
35,11,6582,00:00:00.3300000,3,242,627,1498073,1511399,538317,2049716,10168235,12217951,1.0079602262373062,1.0160662941649325,0.005333930253982544,1,3,2,1
35,12,7113,00:00:00.6330000,10,413,1196,2585613,2632931,1467512,4100443,20038765,24139208,1.0349155113313555,1.0731398648989239,0.023486223071813583,1,10,9,1
35,13,7696,00:00:01.1770000,27,793,2308,4439210,4542475,3656732,8199207,38296453,46495660,1.1480747700604388,1.3555020330727412,0.10483350604772568,2,27,25,1.04
35,14,8273,00:00:02.1280000,42,1371,4210,7631117,7895413,8501046,16396459,68258010,84654469,1.4333411478293414,2.5174264924799483,0.2766421437263489,2,42,39,1.051282
35,15,8790,00:00:03.6720000,53,2298,7184,13328569,13941812,18855360,32797172,112435998,145233170,1.900051160781026,5.661249580533035,0.4407489597797394,3,53,48,1.0833334
35,16,9249,00:00:06.3680000,53,3991,12042,23594060,24886660,40728876,65615536,176686407,242301943,2.481419560686037,4.571430048406775,0.4186933636665344,4,53,45,1.1555556
35,17,9653,00:00:12.8940000,42,6902,19960,43159889,45586519,85502123,131088642,268393740,399482382,3.296334033667232,3.7968594447258313,0.26975974440574646,4,42,33,1.2424242
35,18,10002,00:00:23.4860000,22,12034,33018,81170147,85343847,177240617,262584464,396883524,659467988,4.2051728451348005,2.5467487648905536,0.1721392124891281,5,22,15,1.4
35,19,10343,00:00:41.0110000,12,21075,56582,147852147,153241232,371836608,525077840,600435559,1125513399,4.71487137078909,1.5289455359463395,0.1392928659915924,4,13,7,1.7142857
35,20,10723,00:01:15.8370000,13,37118,100811,254174516,263099568,786049645,1049149213,965289132,2014438345,4.943627712071654,1.2618784139427186,0.14725038409233093,3,13,9,1.3333334
36,0,2601,00:00:00.0370000,1,1,1,1002,1002,0,1002,4643,5645,1,1,0,0,1,1,0
36,1,3053,00:00:00.0490000,1,1,1,2001,2001,0,2001,11478,13479,1,1,0,0,1,1,0
36,2,3397,00:00:00.0710000,1,2,2,4007,4009,0,4009,21583,25592,1,1,0,0,1,1,0
36,3,3723,00:00:00.0760000,2,2,3,8020,8020,0,8020,40368,48388,1.0028678304239402,1.005752084171154,0,1,2,1,1
36,4,4063,00:00:00.0810000,2,3,4,16005,16006,0,16006,80402,96408,1.0038737894407999,1.007777541958574,0,1,2,1,1
36,5,4418,00:00:00.0860000,2,4,7,32014,32026,0,32026,162920,194946,1.009714499906291,1.019617674194337,0,1,2,1,1
36,6,4756,00:00:00.0910000,2,6,17,64065,64088,0,64088,318863,382951,1.0173261531257316,1.0352523727453458,0,1,2,1,1
36,7,5093,00:00:00.0980000,2,11,31,127717,127792,455,128247,627961,756208,1.034662574285334,1.0717218826174,0,1,2,1,1
36,8,5430,00:00:00.1080000,2,19,59,247997,248347,7749,256096,1233515,1489611,1.073827505977895,1.1584183542802602,0,1,2,1,1
36,9,5765,00:00:00.1240000,2,51,120,468032,469349,43538,512887,2364260,2877147,1.1473617188568304,1.33563497786865,0,1,2,1,1
36,10,6101,00:00:00.1540000,4,104,253,859624,862038,162894,1024932,4412702,5437634,1.2712197425851302,1.6585519976648073,0.018034501001238823,1,4,3,1
36,11,6433,00:00:00.2240000,6,199,481,1548010,1552506,495811,2048317,7975989,10024306,1.435217472755344,1.993878626958056,0.03121872805058956,1,6,5,1
36,12,6770,00:00:00.3340000,7,366,884,2746095,2759537,1341805,4101342,14205996,18307338,1.6122417469169859,1.9640067520978794,0.04340114817023277,2,7,5,1.2
36,13,7124,00:00:00.5620000,8,658,1598,4777142,4820956,3376375,8197331,25295156,33492487,1.7694776500258942,1.6417058749086921,0.054252739995718,2,8,6,1.1666666
36,14,7511,00:00:00.9720000,13,1185,2989,8209813,8317921,8079582,16397503,45537458,61934961,1.898842397506496,1.399137464461546,0.06133772060275078,2,13,11,1.0909091
36,15,7945,00:00:01.7840000,20,2194,5720,13909317,14197500,18578755,32776255,82989528,115765783,2.02128551675111,1.3664790625134764,0.07174035161733627,3,20,17,1.117647
36,16,8427,00:00:03.4780000,28,3859,10659,23405103,24246824,41296022,65542846,150909909,216452755,2.2264193411154825,1.763469206164878,0.09373684972524643,3,28,24,1.125
36,17,8922,00:00:07.2870000,38,6949,19647,40394381,42545659,88658879,131204538,263833580,395038118,2.678091985120406,3.720560992039227,0.14727230370044708,3,38,33,1.1212121
36,18,9392,00:00:20.0210000,47,12199,34819,71773227,76236156,185951139,262187295,437217680,699404975,3.302261385014777,5.174463531539219,0.19207632541656494,4,47,37,1.2432432
36,19,9862,00:00:42.5710000,50,21326,61622,126703229,134513911,389787299,524301210,717555395,1241856605,3.7797915315954578,3.299452245461905,0.19729727506637573,4,51,39,1.2820513
36,20,10369,00:01:27.3840000,52,37989,112170,217879471,233479398,816255272,1049734670,1204483892,2254218562,4.146351892877507,3.32662570098789,0.1815972924232483,5,53,38,1.3684211
37,0,2333,00:00:00.0300000,1,1,1,1004,1004,0,1004,4529,5533,1,1,0,0,1,1,0
37,1,2681,00:00:00.0400000,2,2,2,2005,2005,0,2005,9601,11606,1.0029925187032418,1.006002931462258,0,1,2,1,1
37,2,3045,00:00:00.0600000,2,3,3,4001,4002,0,4002,20356,24358,1.0052486878280429,1.0105524253024933,0,1,2,1,1
37,3,3377,00:00:00.0640000,2,4,5,7994,8006,0,8006,39102,47108,1.015511633725294,1.031504246452612,0,1,2,1,1
37,4,3722,00:00:00.0680000,3,4,6,16004,16005,0,16005,78685,94690,1.043114221444639,1.0901723394528868,0.01342142652720213,1,3,2,1
37,5,4054,00:00:00.0810000,3,5,9,32009,32016,0,32016,154681,186697,1.090537036458496,1.1978001668193043,0.016953809186816216,1,3,2,1
37,6,4355,00:00:00.0860000,3,9,17,64071,64086,0,64086,292352,356438,1.1698428306097923,1.3949930578038703,0.024487826973199844,1,3,2,1
37,7,4631,00:00:00.0910000,3,17,37,127824,127892,407,128299,544313,672612,1.2783984228313932,1.6789589762017159,0.034774791449308395,1,3,2,1
37,8,4885,00:00:00.0990000,3,24,67,249220,249465,6765,256230,999443,1255673,1.4144250060187786,1.965175477435823,0.05182419344782829,1,3,2,1
37,9,5126,00:00:00.1110000,3,53,120,473557,474353,38753,513106,1813166,2326272,1.551471100627802,2.020906197259587,0.07019837200641632,1,3,2,1
37,10,5366,00:00:00.1310000,3,111,227,875205,877785,147628,1025413,3282316,4307729,1.6770905102233191,1.8284297542919454,0.086278036236763,1,3,2,1
37,11,5617,00:00:00.1720000,4,189,437,1581080,1587015,462061,2049076,5987303,8036379,1.7856857338022112,1.567230272917126,0.10006403177976608,2,4,2,1.5
37,12,5893,00:00:00.2560000,4,340,802,2796598,2815209,1284377,4099586,11106802,15206388,1.8686389677744173,1.3598634138700427,0.11142818629741669,2,4,2,1.5
37,13,6204,00:00:00.4400000,5,616,1467,4844841,4900068,3295173,8195241,20874291,29069532,1.9316867158282387,1.2302135990983691,0.11742690205574036,2,5,3,1.3333334
37,14,6563,00:00:00.8010000,11,1171,2850,8288006,8407038,7979607,16386645,39675391,56062036,1.9907361312238432,1.1923131220970913,0.11809644103050232,2,11,9,1.1111112
37,15,6982,00:00:01.5520000,19,2134,5486,13992337,14294720,18517918,32812638,75896515,108709153,2.0718433239565344,1.2856501069588568,0.11350526660680771,3,19,15,1.2
37,16,7453,00:00:03.1100000,31,3938,10518,23640740,24351412,41212719,65564131,142337584,207901715,2.258901244208092,1.7822662129832125,0.11436964571475983,3,31,27,1.1111112
37,17,7944,00:00:06.1080000,39,6942,19401,40610656,42523885,88586111,131109996,254415975,385525971,2.6786345436035313,3.9186620651233754,0.15885692834854126,3,39,34,1.117647
37,18,8420,00:00:11.3850000,45,12210,34740,71909114,75937673,186525441,262463114,430143169,692606283,3.2641526775034384,7.345921736944664,0.21770645678043365,4,46,37,1.2162162
37,19,8899,00:00:21.9100000,48,21388,62079,125484059,133284815,391043657,524328472,716055073,1240383545,3.7092121557846642,5.032131728583186,0.3892691135406494,4,48,38,1.2368422
37,20,9423,00:01:01.8290000,45,38231,113738,211810954,229535192,819790860,1049326052,1219556208,2268882260,4.025242495248853,4.211844724844108,0.3692636489868164,4,45,32,1.375
38,0,3697,00:00:00.0610000,1,1,1,1008,1008,0,1008,5098,6106,1,1,0,0,1,1,0
38,1,4054,00:00:00.0750000,1,1,1,2001,2001,0,2001,10306,12307,1,1,0,0,1,1,0
38,2,4423,00:00:00.0980000,1,2,2,4009,4012,0,4012,20691,24703,1,1,0,0,1,1,0
38,3,4783,00:00:00.1040000,2,2,3,8015,8015,0,8015,41500,49515,1.0017467248908296,1.0034995301752334,0,1,2,1,1
38,4,5137,00:00:00.1110000,2,5,8,16002,16011,0,16011,82306,98317,1.0033745781777277,1.0067719281378547,0,1,2,1,1
38,5,5474,00:00:00.1170000,2,8,15,31993,32014,0,32014,159350,191364,1.0063763948363704,1.0128340811473784,0,1,2,1,1
38,6,5811,00:00:00.1250000,2,13,28,63971,64050,0,64050,313509,377559,1.0120210720482719,1.0243310557642409,0,1,2,1,1
38,7,6153,00:00:00.1360000,3,21,47,127481,127779,464,128243,627770,756013,1.0272903413057632,1.056159999621855,0.008731613866984844,1,3,2,1
38,8,6492,00:00:00.1610000,3,34,80,247494,248533,7680,256213,1234788,1491001,1.0599368065488457,1.1274180125881546,0.016667744144797325,1,3,2,1
38,9,6835,00:00:00.1860000,5,76,154,466749,468874,43975,512849,2393401,2906250,1.127661762531896,1.2904585022028896,0.031186113134026527,1,5,4,1
38,10,7177,00:00:00.2250000,8,119,262,857312,861352,164277,1025629,4484228,5509857,1.246554346608936,1.619395458336446,0.05762888118624687,1,8,7,1
38,11,7517,00:00:00.2920000,10,234,512,1542640,1551424,497825,2049249,8133139,10182388,1.4089813566353784,2.0615282848472853,0.09163480997085571,1,10,9,1
38,12,7860,00:00:00.4310000,11,397,934,2724355,2751089,1346476,4097565,14476639,18574204,1.589705086158008,2.221382466260943,0.128562331199646,1,11,10,1
38,13,8218,00:00:00.6620000,14,716,1728,4751190,4816454,3380896,8197350,25684306,33881656,1.7555928093803868,1.9569436918192558,0.1624835580587387,2,14,11,1.1818181
38,14,8607,00:00:01.1140000,19,1245,3180,8180848,8314818,8085459,16400277,46031488,62431765,1.8945825665016633,1.6929076609417246,0.18706728518009186,2,19,16,1.125
38,15,9042,00:00:01.9540000,22,2252,5903,13823303,14188040,18593013,32781053,83584078,116365131,2.0180483636942634,1.6492554968764372,0.20215745270252228,2,22,19,1.1052631
38,16,9528,00:00:03.6860000,30,3893,10969,23142505,24156274,41381938,65538212,152138298,217676510,2.1885365910043015,2.0685258844907293,0.21990056335926056,2,30,27,1.074074
38,17,10052,00:00:07.1120000,52,6889,19998,39316418,41551757,89631351,131183108,272065465,403248573,2.4824953534678564,3.9907712053570554,0.267309308052063,3,52,43,1.1860465
38,18,10597,00:00:19.8290000,63,12442,36901,66450967,72146260,190171729,262317989,473746143,736064132,2.867402080093131,9.589557493256919,0.360885888338089,4,63,51,1.2156863
38,19,11152,00:00:48.8680000,77,21864,66507,115105385,127279124,397210706,524489830,804242879,1328732709,3.4004563383372552,17.88326859787419,0.4288523495197296,5,78,61,1.2622951
38,20,11691,00:01:39.2870000,69,38828,118390,208919222,232333704,817204105,1049537809,1318869870,2368407679,4.186972848290618,18.91299493551095,0.42981284856796265,5,70,52,1.3269231
3,0,2295,00:00:00.0400000,1,1,1,1003,1003,0,1003,4219,5222,1,1,0,0,1,1,0
3,1,2607,00:00:00.0530000,1,1,1,2001,2001,0,2001,8700,10701,1,1,0,0,1,1,0
3,2,2972,00:00:00.0780000,1,1,1,4025,4025,0,4025,19328,23353,1,1,0,0,1,1,0
3,3,3304,00:00:00.0830000,1,3,3,8006,8010,0,8010,38815,46825,1,1,0,0,1,1,0
3,4,3624,00:00:00.0880000,1,3,6,16019,16030,0,16030,75373,91403,1,1,0,0,1,1,0
3,5,3979,00:00:00.0940000,2,7,15,32022,32037,0,32037,157760,189797,1.001904940353507,1.0038171867127685,0,1,2,1,1
3,6,4324,00:00:00.1030000,2,11,26,64012,64078,0,64078,316060,380138,1.0055927013684933,1.011247960379848,0,1,2,1,1
3,7,4663,00:00:00.1130000,2,18,44,127469,127704,472,128176,629014,757190,1.013705293051644,1.0277861531745405,0,1,2,1,1
3,8,5004,00:00:00.1280000,4,27,75,248378,248717,7821,256538,1242560,1499098,1.0334933045599852,1.0694258631267146,0.010489732027053833,1,4,3,1
3,9,5360,00:00:00.1660000,5,64,159,467909,468549,44473,513022,2446388,2959410,1.0742729889786262,1.1609917811888413,0.02534114569425583,1,5,4,1
3,10,5728,00:00:00.2140000,5,114,281,854099,857172,167438,1024610,4693662,5718272,1.1550370624482642,1.364096553232793,0.051983095705509186,1,5,4,1
3,11,6099,00:00:00.3050000,6,226,540,1528437,1540019,509099,2049118,8679915,10729033,1.2977623546145507,1.7709981697617283,0.09778311848640442,2,6,4,1.25
3,12,6472,00:00:00.4820000,10,412,992,2706368,2731475,1369615,4101090,15574224,19675314,1.498869333364864,2.263573626937935,0.12888576090335846,2,10,8,1.125
3,13,6844,00:00:00.7950000,12,734,1813,4731588,4797250,3397551,8194801,27195198,35389999,1.7219884740598717,2.3609304454941444,0.17110487818717957,2,12,10,1.1
3,14,7228,00:00:01.3400000,16,1277,3246,8209496,8355676,8039493,16395169,47217628,63612797,1.9566142671852207,2.3328045120264194,0.1917732208967209,3,16,13,1.1538461
3,15,7629,00:00:02.2760000,21,2193,5775,14197195,14509977,18294412,32804389,81741823,114546212,2.2262189819890477,2.842712909270271,0.1966692954301834,3,21,17,1.1764706
3,16,8043,00:00:04.0690000,26,3865,10322,24590146,25230913,40308709,65539622,139976639,205516261,2.560515297469157,4.430212435568208,0.2111891806125641,3,26,21,1.1904762
3,17,8470,00:00:09.5650000,29,6892,18597,42677395,44170425,87100204,131270629,237645843,368916472,2.954431637638614,6.381652098577051,0.2480844408273697,3,29,21,1.3333334
3,18,8911,00:00:23.1820000,34,12080,33352,73698000,77291854,185220079,262511933,401002401,663514334,3.361321582675242,5.709708902807394,0.24681471288204193,4,34,24,1.375
3,19,9379,00:00:49.2360000,40,21066,60177,125586894,134189979,390105514,524295493,680608130,1204903623,3.734364495072233,3.8689491717077042,0.2314363569021225,4,41,30,1.3333334
3,20,9892,00:01:40.8380000,52,38058,111242,213023106,232026038,817253343,1049279381,1173303146,2222582527,4.084731127711564,3.731268028574808,0.3239721953868866,4,52,39,1.3076923
39,0,1911,00:00:00.0280000,1,1,1,1002,1002,0,1002,4246,5248,1,1,0,0,1,1,0
39,1,2238,00:00:00.0390000,2,2,2,2001,2001,0,2001,8934,10935,1.0024987506246876,1.0050099791186529,0,1,2,1,1
39,2,2561,00:00:00.0600000,2,2,3,4002,4002,0,4002,18379,22381,1.0119940029985008,1.0242756360106107,0,1,2,1,1
39,3,2912,00:00:00.0640000,2,2,4,8004,8004,0,8004,38738,46742,1.0458520739630184,1.095889577175023,0,1,2,1,1
39,4,3248,00:00:00.0750000,2,3,5,16003,16008,0,16008,77842,93850,1.0940448665875149,1.2054014357511877,0,1,2,1,1
39,5,3554,00:00:00.0790000,2,6,13,32003,32016,0,32016,148320,180336,1.1659219448176734,1.3827121536612241,0,1,2,1,1
39,6,3828,00:00:00.0830000,2,11,24,64056,64120,0,64120,273446,337566,1.278599975021856,1.6721403066742018,0,1,2,1,1
39,7,4074,00:00:00.0890000,3,16,39,127745,127964,375,128339,498133,626472,1.4209949508787036,1.9551963301343462,0,2,3,1,2
39,8,4297,00:00:00.0960000,3,23,58,249150,249861,6338,256199,897087,1153286,1.5569937788480834,2.002890250022364,0,2,3,1,2
39,9,4514,00:00:00.1050000,5,48,98,474972,476010,36982,512992,1628502,2141494,1.6890174578712007,1.8559754883112027,0.013983144424855709,2,5,3,1.3333334
39,10,4733,00:00:00.1320000,6,89,182,880416,883025,143061,1026086,2969907,3995993,1.805506715007451,1.6733439806570083,0.02432311698794365,2,6,4,1.25
39,11,4965,00:00:00.1620000,7,179,348,1596070,1601570,450682,2052252,5470099,7522351,1.9187955415489295,1.5625228973153524,0.042217694222927094,2,7,5,1.2
39,12,5215,00:00:00.2310000,9,348,711,2835915,2847831,1248481,4096312,10103556,14199868,2.0383932522660233,1.5828325222350554,0.0728931874036789,3,9,6,1.3333334
39,13,5489,00:00:00.3730000,10,621,1366,4978708,5004708,3190512,8195220,18690521,26885741,2.1871646218255822,1.8068333424890688,0.11494211852550507,3,10,7,1.2857143
39,14,5787,00:00:00.6670000,10,1088,2527,8669097,8745101,7659684,16404785,34264158,50668943,2.3882212876381472,2.344705721106676,0.17984117567539215,3,10,7,1.2857143
39,15,6105,00:00:01.2030000,12,1995,4731,15065596,15246562,17542908,32789470,61638798,94428268,2.660231297852405,3.225689735808449,0.24003711342811584,3,12,9,1.2222222
39,16,6441,00:00:02.1360000,13,3513,8695,26162280,26648001,38947061,65595062,108948953,174544015,2.9936750925378064,4.134999188894029,0.2807813286781311,4,13,9,1.3333334
39,17,6796,00:00:03.9900000,16,6436,16135,45459639,46596237,84638189,131234426,190255485,321489911,3.3585293539176586,4.674827569894829,0.29748302698135376,3,16,11,1.3636364
39,18,7177,00:00:07.6220000,23,11479,29736,78661740,81100710,181360376,262461086,331580093,594041179,3.70826181826133,4.493294963533818,0.2634465992450714,4,23,17,1.2941177
39,19,7591,00:00:15.0600000,29,20902,55320,135293566,140958377,383450487,524408864,578966315,1103375179,4.08491756363344,4.728866809788751,0.2435917854309082,4,29,22,1.2727273
39,20,8032,00:00:39.4400000,31,37473,102722,235626356,249774452,799107653,1048882105,1000892986,2049775091,4.619129474633135,7.039852473856846,0.27691829204559326,4,31,23,1.3043479
40,0,2736,00:00:00.0550000,1,1,2,1002,1002,0,1002,5074,6076,1,1,0,0,1,1,0
40,1,3107,00:00:00.0660000,1,1,2,2004,2004,0,2004,10234,12238,1,1,0,0,1,1,0
40,2,3469,00:00:00.0870000,1,1,2,4012,4012,0,4012,20411,24423,1,1,0,0,1,1,0
40,3,3821,00:00:00.0910000,1,2,3,8011,8012,0,8012,41349,49361,1,1,0,0,1,1,0
40,4,4176,00:00:00.0950000,1,3,7,16036,16039,0,16039,82307,98346,1,1,0,0,1,1,0
40,5,4532,00:00:00.1000000,1,5,12,32047,32057,0,32057,164762,196819,1,1,0,0,1,1,0
40,6,4870,00:00:00.1050000,1,10,24,63955,64044,0,64044,318480,382524,1,1,0,0,1,1,0
40,7,5227,00:00:00.1140000,2,15,45,127505,127632,485,128117,646900,775017,1.0029410611348575,1.0058994435472526,0,1,2,1,1
40,8,5580,00:00:00.1270000,2,32,76,247569,248376,7894,256270,1280423,1536693,1.0055943999450658,1.011251335240452,0,1,2,1,1
40,9,5947,00:00:00.1490000,6,66,154,466819,467811,45028,512839,2522304,3035143,1.0175999691529265,1.0359834739738547,0.011293774470686913,1,6,5,1
40,10,6350,00:00:00.2020000,7,123,308,850003,853290,172075,1025365,4995602,6020967,1.043204553395694,1.0913313034428958,0.02830362878739834,1,7,6,1
40,11,6783,00:00:00.2970000,8,236,607,1506773,1521377,527147,2048524,9656609,11705133,1.108016934203095,1.2488519622097911,0.06901959329843521,1,8,7,1
40,12,7236,00:00:00.4940000,14,419,1111,2643432,2677272,1422184,4099456,18036684,22136140,1.2503215516797859,1.702854141389485,0.13976457715034485,1,14,13,1
40,13,7688,00:00:00.8120000,19,754,1986,4589813,4685843,3513560,8199403,32151978,40351381,1.4734057792768465,2.7266796108311744,0.25448963046073914,2,19,16,1.125
40,14,8137,00:00:01.3920000,26,1359,3626,7921243,8155007,8246452,16401459,55554134,71955593,1.7210577935811338,3.775270616735409,0.3521636426448822,2,26,22,1.1363636
40,15,8598,00:00:02.3590000,34,2330,6445,13548097,14085145,18694172,32779317,95222670,128001987,1.964960614025719,4.1931553640461425,0.41539761424064636,2,34,28,1.1785715
40,16,9081,00:00:04.2240000,45,4051,11583,23176826,24323511,41294276,65617787,163213856,228831643,2.252009571975041,5.474579851563955,0.44522207975387573,3,45,36,1.2222222
40,17,9579,00:00:08.6920000,59,7083,20581,39968196,42174712,88930800,131105512,277116643,408222155,2.6148261983102765,8.642533132724058,0.4586169123649597,3,59,47,1.2340425
40,18,10088,00:00:23.1340000,62,12343,36628,69024735,73918622,188341192,262259814,465295052,727554866,3.066213423347442,11.187169318832693,0.48219242691993713,3,62,47,1.2978723
40,19,10591,00:00:48.7140000,59,21640,64550,122467099,132748927,392148056,524896983,764479621,1289376604,3.7145601856707655,9.471103949255353,0.4576988220214844,4,60,42,1.4047619
40,20,11076,00:01:33.7670000,54,38567,113919,223375353,240987803,808129919,1049117722,1228354452,2277472174,4.423576409524466,3.8415709162395486,0.36291685700416565,4,55,37,1.4594594
41,0,3126,00:00:00.0500000,1,1,1,1002,1002,0,1002,5966,6968,1,1,0,0,1,1,0
41,1,3466,00:00:00.0640000,1,1,2,2011,2011,0,2011,10771,12782,1,1,0,0,1,1,0
41,2,3813,00:00:00.0890000,1,3,4,4007,4009,0,4009,20780,24789,1,1,0,0,1,1,0
41,3,4175,00:00:00.0940000,1,1,4,8002,8002,0,8002,41700,49702,1,1,0,0,1,1,0
41,4,4517,00:00:00.0990000,1,1,5,16019,16019,0,16019,80888,96907,1,1,0,0,1,1,0
41,5,4867,00:00:00.1040000,1,6,11,32039,32051,0,32051,162185,194236,1,1,0,0,1,1,0
41,6,5210,00:00:00.1110000,1,8,20,64003,64059,0,64059,320583,384642,1,1,0,0,1,1,0
41,7,5561,00:00:00.1200000,2,10,29,127466,127609,488,128097,645194,773291,1.0018985454944849,1.0038042629788761,0,1,2,1,1
41,8,5911,00:00:00.1360000,3,35,76,247809,248285,7869,256154,1273654,1529808,1.0056575830579195,1.0113925308887675,0.004320826381444931,1,3,2,1
41,9,6289,00:00:00.1760000,5,44,144,466045,467104,45593,512697,2555748,3068445,1.0158782950144298,1.0324167573480225,0.012229295447468758,1,5,4,1
41,10,6692,00:00:00.2290000,5,119,299,848391,853523,171891,1025414,5025190,6050604,1.0378009667712176,1.0793929446919757,0.028578028082847595,1,5,4,1
41,11,7127,00:00:00.3530000,10,207,588,1510157,1520653,527598,2048251,9711299,11759550,1.1022681747659349,1.234956936179469,0.06362176686525345,1,10,9,1
41,12,7586,00:00:00.5760000,15,362,1075,2643585,2674598,1424712,4099310,18199617,22298927,1.2410518292394608,1.6780791741081054,0.13809308409690857,1,15,14,1
41,13,8039,00:00:00.9660000,22,677,2005,4618573,4682570,3510495,8193065,32333982,40527047,1.476938872677773,2.8021443753152746,0.25912097096443176,2,22,17,1.2352941
41,14,8482,00:00:01.6160000,24,1318,3622,8004513,8177908,8207201,16385109,55368620,71753729,1.7597075549755494,4.420963800922294,0.38369840383529663,2,24,19,1.2105263
41,15,8924,00:00:02.7750000,28,2191,6280,13832785,14249253,18543758,32793011,93335030,126128041,2.0730468954733268,5.862891596044806,0.4496806263923645,3,28,22,1.2272727
41,16,9368,00:00:04.9040000,37,3920,11130,24054688,24858297,40719698,65577995,155733299,221311294,2.4419324416097186,8.22299734897727,0.46652817726135254,3,37,26,1.3846154
41,17,9816,00:00:11.2540000,40,6958,19632,41862720,43593143,87660751,131253894,258154160,389408054,2.864382008622469,10.024588082689505,0.4450863301753998,4,40,29,1.3448275
41,18,10271,00:00:25.0170000,39,12346,34726,72684424,76492904,185746308,262239212,426533874,688773086,3.310031720138554,7.893019418409134,0.4485923647880554,4,39,27,1.4074074
41,19,10748,00:00:51.8280000,40,21538,62013,125977851,133700449,391067295,524767744,711342902,1236110646,3.7261994729533843,5.000641849605593,0.47413256764411926,4,41,30,1.3333334
41,20,11260,00:01:43.0290000,45,38246,112754,215180547,232415276,816341183,1048756459,1202842354,2251598813,4.111013896623286,4.482551851791687,0.4262990355491638,4,46,35,1.2857143
42,0,2152,00:00:00.0640000,1,1,2,1002,1002,0,1002,4687,5689,1,1,0,0,1,1,0
42,1,2532,00:00:00.0840000,1,1,2,2014,2014,0,2014,10178,12192,1,1,0,0,1,1,0
42,2,2919,00:00:00.1190000,1,1,2,4002,4002,0,4002,21675,25677,1,1,0,0,1,1,0
42,3,3254,00:00:00.1270000,1,1,4,8017,8017,0,8017,41129,49146,1,1,0,0,1,1,0
42,4,3587,00:00:00.1350000,1,1,6,16028,16028,0,16028,79535,95563,1,1,0,0,1,1,0
42,5,3944,00:00:00.1460000,1,7,15,31966,32016,0,32016,161551,193567,1,1,0,0,1,1,0
42,6,4297,00:00:00.1580000,2,7,22,63987,64109,0,64109,325212,389321,1.0037038773500868,1.0074352214509033,0,1,2,1,1
42,7,4647,00:00:00.1740000,3,18,44,127308,127608,477,128085,647338,775423,1.0091588902504163,1.0185082804857213,0.005323145072907209,1,3,2,1
42,8,4998,00:00:00.2110000,6,39,91,247987,248258,7847,256105,1276576,1532681,1.025916681116349,1.053533033914602,0.016063321381807327,1,6,5,1
42,9,5361,00:00:00.2470000,6,64,165,466569,467783,44566,512349,2503266,3015615,1.0590052060895603,1.1270527540512967,0.036767780780792236,1,6,5,1
42,10,5737,00:00:00.3090000,7,111,292,852945,857061,168244,1025305,4801344,5826649,1.1295722467451008,1.3051767346217904,0.07572976499795914,1,7,6,1
42,11,6122,00:00:00.4150000,10,232,554,1525063,1535184,513860,2049044,8945244,10994288,1.2611282288010397,1.7247830056808426,0.13273783028125763,1,10,9,1
42,12,6509,00:00:00.6440000,13,405,1034,2695788,2721831,1381480,4103311,16105455,20208766,1.4508444284194455,2.494448023482663,0.21657608449459076,2,13,11,1.0909091
42,13,6898,00:00:00.9740000,17,712,1873,4719625,4772833,3432775,8205608,28274084,36479692,1.6576145350531026,3.1209054043090556,0.29240408539772034,2,17,14,1.1428572
42,14,7305,00:00:01.5730000,18,1301,3382,8096441,8257360,8131483,16388843,49535255,65924098,1.8364163957966222,3.0483822030457595,0.35720551013946533,2,18,15,1.1333333
42,15,7747,00:00:02.7380000,28,2292,6146,13805543,14179456,18618444,32797900,87638742,120436642,2.0113059660166934,3.0355379152189466,0.3689061999320984,3,28,22,1.2272727
42,16,8226,00:00:05.0100000,37,3974,11154,23361667,24328784,41297125,65625909,155161383,220787292,2.2514600092536203,3.8405259047938327,0.3591013252735138,3,37,28,1.2857143
42,17,8718,00:00:11.4490000,50,6975,20097,40404886,42505729,88716472,131222201,267572593,398794794,2.674482462343787,6.184765199366375,0.32147833704948425,4,50,39,1.2564102
42,18,9193,00:00:25.5450000,50,12056,35290,71551521,76147447,186227452,262374899,442789317,705164216,3.2989557692281624,6.995643461000658,0.2881746292114258,4,50,38,1.2894737
42,19,9645,00:00:49.1000000,43,21495,61894,129708045,138088390,386557012,524645402,711639139,1236284541,4.0039770239386465,5.817784931354135,0.2050645500421524,5,44,29,1.4827586
42,20,10092,00:01:29.9290000,33,37851,109325,234628957,248624307,800312986,1048937293,1139132621,2188069914,4.6271007120404155,5.431572211481235,0.1789916306734085,5,34,21,1.5714285
43,0,3177,00:00:00.0390000,1,1,1,1007,1007,0,1007,5330,6337,1,1,0,0,1,1,0
43,1,3518,00:00:00.0590000,1,1,2,2005,2005,0,2005,10255,12260,1,1,0,0,1,1,0
43,2,3853,00:00:00.0780000,1,1,2,4003,4003,0,4003,19850,23853,1,1,0,0,1,1,0
43,3,4217,00:00:00.0820000,1,1,3,8012,8012,0,8012,41437,49449,1,1,0,0,1,1,0
43,4,4589,00:00:00.0870000,1,4,7,15996,16006,0,16006,83938,99944,1,1,0,0,1,1,0
43,5,4948,00:00:00.0910000,2,6,11,32020,32066,0,32066,167522,199588,1.0015927545284198,1.0031905843511675,0,1,2,1,1
43,6,5289,00:00:00.0980000,3,9,21,64013,64073,0,64073,325355,389428,1.004670926218112,1.0093962850486595,0.0032793963328003883,1,3,2,1
43,7,5632,00:00:00.1150000,5,20,43,127781,127837,483,128320,641856,770176,1.01335096767125,1.027176309544192,0.01048317365348339,1,5,4,1
43,8,5981,00:00:00.1270000,5,34,77,248273,248522,7783,256305,1269053,1525358,1.0307524378406028,1.064071614881362,0.025247234851121902,1,5,4,1
43,9,6340,00:00:00.1500000,5,76,166,466953,468177,44678,512855,2482034,2994889,1.0697286450670624,1.153153574555486,0.05742920562624931,1,5,4,1
43,10,6708,00:00:00.1900000,6,123,287,854069,858012,167336,1025348,4729186,5754534,1.1554733868106675,1.3734608472284422,0.1254177689552307,2,6,4,1.25
43,11,7077,00:00:00.2630000,10,224,544,1533709,1543786,507932,2051718,8690883,10742601,1.3234388009720228,1.9281297000525772,0.20701864361763,2,10,7,1.2857143
43,12,7430,00:00:00.3850000,13,371,952,2729952,2750314,1349253,4099567,15198768,19298335,1.595007897574756,3.20983675861873,0.2814272344112396,2,13,10,1.2
43,13,7764,00:00:00.6050000,13,677,1679,4833725,4888020,3313651,8201671,25610554,33812225,1.9419453940801348,4.9890047815683,0.359357088804245,2,13,10,1.2
43,14,8086,00:00:00.9440000,15,1152,2882,8530289,8642075,7753382,16395457,42377131,58772588,2.2937355346342896,4.875062793783076,0.36582300066947937,2,15,12,1.1666666
43,15,8416,00:00:01.5210000,15,2056,5112,14862333,15119083,17680564,32799647,70787820,103587467,2.58371461600275,3.3702746437006548,0.3778769075870514,3,15,11,1.2727273
43,16,8775,00:00:02.6040000,19,3639,9324,25555058,26036874,39524986,65561860,121455377,187017237,2.7927317558817513,2.443165578172437,0.35600775480270386,3,19,13,1.3846154
43,17,9185,00:00:04.9310000,20,6540,17373,42983090,44243448,87015929,131259377,215677060,346936437,2.934554146758644,2.0617128476391526,0.30603548884391785,3,20,14,1.3571428
43,18,9659,00:00:10.4690000,30,12017,32956,71321224,74581950,187699021,262280971,391899606,654180577,3.0817072348618133,2.1845220895773854,0.2801322042942047,3,31,24,1.25
43,19,10197,00:00:33.2190000,48,21426,61982,117921784,127108093,397274132,524382225,713562670,1237944895,3.336821142393843,3.4520956921231414,0.3180202543735504,4,49,37,1.2972972
43,20,10773,00:01:24.3440000,69,38588,115782,199885873,222950595,826375711,1049326306,1265443232,2314769538,3.8304793505842207,9.92585378620966,0.5639283061027527,4,70,52,1.3269231
44,0,2618,00:00:00.0340000,1,1,1,1001,1001,0,1001,5241,6242,1,1,0,0,1,1,0
44,1,2933,00:00:00.0440000,1,1,1,2005,2005,0,2005,9738,11743,1,1,0,0,1,1,0
44,2,3246,00:00:00.0650000,1,1,1,4012,4012,0,4012,18586,22598,1,1,0,0,1,1,0
44,3,3562,00:00:00.0680000,1,2,4,8009,8012,0,8012,36830,44842,1,1,0,0,1,1,0
44,4,3904,00:00:00.0720000,1,4,7,16006,16028,0,16028,76918,92946,1,1,0,0,1,1,0
44,5,4231,00:00:00.0770000,3,5,10,31996,32027,0,32027,151739,183766,1.0026878359794975,1.0053935633625475,0,1,3,2,1
44,6,4573,00:00:00.0930000,4,14,23,63958,64033,0,64033,308928,372961,1.0103349072829044,1.0209536851516579,0.008662110194563866,1,4,3,1
44,7,4910,00:00:00.1020000,4,21,46,127466,127726,459,128185,619283,747468,1.0269091365540615,1.0557569937354208,0.02480253204703331,1,4,3,1
44,8,5251,00:00:00.1160000,5,42,91,248036,248680,7775,256455,1233045,1489500,1.0602291602831846,1.1305183963416965,0.047362811863422394,1,5,4,1
44,9,5595,00:00:00.1380000,7,64,158,467109,468382,43631,512013,2393508,2905521,1.124797424155818,1.2959714674703164,0.08320444077253342,1,7,6,1
44,10,5940,00:00:00.1770000,7,127,296,855763,860721,163770,1024491,4497675,5522166,1.2360454939042702,1.6555415377069835,0.1563176065683365,1,7,6,1
44,11,6283,00:00:00.2430000,7,232,528,1533622,1551188,500719,2051907,8185713,10237620,1.3938878028614612,2.3576734169114766,0.26064664125442505,1,7,6,1
44,12,6627,00:00:00.3630000,13,388,933,2716957,2750125,1346838,4096963,14545153,18642116,1.5855138671683062,3.3832153840783734,0.31926968693733215,2,13,10,1.2
44,13,6984,00:00:00.5980000,16,664,1669,4747111,4822366,3376905,8199271,25718185,33917456,1.7653490723094531,3.9539002643780083,0.3772575259208679,2,16,12,1.25
44,14,7367,00:00:01.0370000,20,1159,3053,8188981,8348877,8058772,16407649,45735184,62142833,1.931155048473064,4.0273072754214185,0.4167340397834778,2,20,15,1.2666667
44,15,7785,00:00:01.8230000,23,2102,5764,13924455,14324055,18452546,32776601,81781477,114558078,2.107996040060455,4.4615891511624115,0.44456297159194946,2,23,18,1.2222222
44,16,8238,00:00:03.3690000,27,3791,10568,23616836,24610529,40944377,65554906,145595680,211150586,2.3462722102147806,6.032217976470109,0.4514898955821991,3,27,21,1.2380953
44,17,8722,00:00:06.4130000,35,6664,19250,40184649,42392452,88754065,131146517,256436908,387583425,2.64000705841676,7.875627330058932,0.493776798248291,3,35,25,1.36
44,18,9240,00:00:17.0170000,51,12028,35368,68441068,72991238,189309070,262300308,448451401,710751709,2.944427562118113,8.210200350420688,0.477131724357605,3,51,40,1.25
44,19,9794,00:00:45.1090000,61,21610,64908,115529280,126329477,397981398,524310875,779065828,1303376703,3.3312017871140545,9.14494849168791,0.434156596660614,4,62,51,1.1960784
44,20,10372,00:01:38.9890000,74,38603,118743,200113509,223007329,826242914,1049250243,1332529164,2381779407,3.853885041813944,9.378317194585183,0.4123581647872925,5,75,57,1.2982457
45,0,3216,00:00:00.0400000,1,1,1,1004,1004,0,1004,5873,6877,1,1,0,0,1,1,0
45,1,3609,00:00:00.0530000,1,2,2,2001,2002,0,2002,11266,13268,1,1,0,0,1,1,0
45,2,3979,00:00:00.0740000,2,3,3,4003,4004,0,4004,21960,25964,1.0039970022483138,1.0080260073905203,0,1,2,1,1
45,3,4299,00:00:00.0790000,2,4,4,7996,8007,0,8007,40552,48559,1.004752376188094,1.0095499637868046,0,1,2,1,1
45,4,4661,00:00:00.0840000,3,5,6,16016,16019,0,16019,82816,98835,1.0182942057942057,1.0373716733163707,0.012249377556145191,1,3,2,1
45,5,4991,00:00:00.0980000,3,5,10,32012,32025,0,32025,159390,191415,1.0394851930526052,1.0825526449561658,0.02397601678967476,1,3,2,1
45,6,5317,00:00:00.1040000,3,10,18,63911,64010,0,64010,308603,372613,1.0859007056688208,1.1885875764527503,0.04679792746901512,1,3,2,1
45,7,5618,00:00:00.1110000,5,20,35,127514,127601,420,128021,584219,712240,1.1601157519958594,1.3828628916179617,0.06335926800966263,1,5,4,1
45,8,5902,00:00:00.1210000,5,34,68,249001,249318,7141,256459,1092578,1349037,1.2727900691161882,1.7229171102840883,0.10839839279651642,1,5,4,1
45,9,6168,00:00:00.1360000,5,63,134,471681,472913,40031,512944,1986214,2499158,1.4113203627027588,2.151110586011875,0.15977104008197784,1,5,4,1
45,10,6431,00:00:00.1620000,5,112,234,869913,873758,152051,1025809,3593413,4619222,1.5584592942052826,2.4191783263828133,0.2170153260231018,1,5,4,1
45,11,6701,00:00:00.2080000,7,203,449,1570579,1578963,470914,2049877,6503510,8553387,1.6952932644585212,2.32845879408642,0.23583780229091644,2,7,5,1.2
45,12,6990,00:00:00.2960000,9,365,810,2783336,2802635,1299644,4102279,11868909,15971188,1.8116055697192146,2.062327327126651,0.27126044034957886,2,9,7,1.1428572
45,13,7309,00:00:00.4900000,11,654,1483,4845443,4892683,3315781,8208464,21886526,30094990,1.9052885360533598,1.8433661772288277,0.29445427656173706,2,11,9,1.1111112
45,14,7671,00:00:00.8750000,12,1154,2832,8255311,8399034,7995748,16394782,40852133,57246915,1.9846388585481516,1.7568985130250492,0.3065561056137085,2,12,9,1.2222222
45,15,8087,00:00:01.6360000,21,2139,5537,14006280,14323728,18491248,32814976,76797451,109612427,2.0898756129393385,1.9292754316746532,0.2969617545604706,2,21,17,1.1764706
45,16,8554,00:00:03.2270000,29,3884,10508,23544621,24409420,41213870,65623290,142712735,208336025,2.2646105877006897,2.6901230103818192,0.2836977541446686,2,29,25,1.12
45,17,9059,00:00:08.4970000,44,7090,19722,39854742,41924943,89312051,131236994,258425187,389662181,2.545509666076875,5.108470216402158,0.2978886365890503,3,44,38,1.1315789
45,18,9594,00:00:23.8250000,58,12494,36367,67100455,72381688,190008379,262390067,456652708,719042775,2.8787621335801674,8.975471265414056,0.32473763823509216,3,59,51,1.137255
45,19,10157,00:00:53.5570000,79,21706,66215,114963217,125849244,398529837,524379081,792509197,1316888278,3.306709814844517,13.920467202768029,0.33703356981277466,4,80,67,1.1791044
45,20,10735,00:01:49.1230000,86,38887,120258,199815573,223206411,825703494,1048909905,1345657084,2394566989,3.87076365664452,19.435061716202096,0.3264697790145874,4,87,70,1.2285714
46,0,2618,00:00:00.0500000,1,1,1,1001,1001,0,1001,4924,5925,1,1,0,0,1,1,0
46,1,2978,00:00:00.0650000,1,1,1,2002,2002,0,2002,10396,12398,1,1,0,0,1,1,0
46,2,3335,00:00:00.0910000,1,1,1,4007,4007,0,4007,20830,24837,1,1,0,0,1,1,0
46,3,3680,00:00:00.0970000,1,2,3,8018,8020,0,8020,40979,48999,1,1,0,0,1,1,0
46,4,3997,00:00:00.1020000,1,2,5,16003,16015,0,16015,77103,93118,1,1,0,0,1,1,0
46,5,4371,00:00:00.1090000,2,4,8,32027,32030,0,32030,164198,196228,1.0023105504730383,1.0046318256095024,0,1,2,1,1
46,6,4721,00:00:00.1190000,2,10,29,64037,64090,0,64090,325180,389270,1.0042319284163843,1.008499676735574,0,1,2,1,1
46,7,5069,00:00:00.1310000,2,17,48,127365,127531,480,128011,644247,772258,1.010316806029914,1.0208464039574947,0,1,2,1,1
46,8,5417,00:00:00.1490000,2,31,80,248003,248765,7919,256684,1270826,1527510,1.0242255134010476,1.0496233739481529,0,1,2,1,1
46,9,5777,00:00:00.1780000,4,61,147,465891,467646,44473,512119,2486496,2998615,1.0583205084451084,1.1239088048110046,0.014759748242795467,1,4,3,1
46,10,6153,00:00:00.2440000,6,139,313,850566,855766,168244,1024010,4786388,5810398,1.1262441715281353,1.287143429981385,0.030227655544877052,1,6,5,1
46,11,6539,00:00:00.3680000,9,236,575,1523913,1536344,513587,2049931,8934448,10984379,1.257547510914337,1.6523301346709656,0.06074101850390434,1,9,8,1
46,12,6924,00:00:00.5470000,12,402,1019,2690141,2723825,1378060,4101885,16048736,20150621,1.446808921911528,2.148363628606484,0.10280722379684448,2,12,10,1.1
46,13,7313,00:00:00.8630000,16,751,1793,4676429,4769488,3431882,8201370,28219279,36420649,1.6530363232286858,2.2417681959939446,0.14072519540786743,2,16,14,1.0714285
46,14,7717,00:00:01.4100000,31,1250,3266,8127287,8275909,8117531,16393440,49304288,65697728,1.8603984330810515,2.042780976455816,0.162628173828125,2,31,28,1.0714285
46,15,8146,00:00:02.4180000,34,2219,5891,13914386,14290839,18507536,32798375,86246700,119045075,2.0924866537409557,2.1448582873150293,0.17378568649291992,3,34,28,1.1785715
46,16,8582,00:00:04.2990000,37,3971,10663,24142549,25035227,40519708,65554935,147440069,212995004,2.5134587487013076,3.5598712229932947,0.19909946620464325,3,37,30,1.2
46,17,8995,00:00:07.3810000,37,6853,18627,43140224,44972582,86324644,131297226,241579629,372876855,3.123724554605929,6.990280185867651,0.25173065066337585,4,37,28,1.2857143
46,18,9398,00:00:12.6570000,35,11775,32453,76463069,79787486,182619370,262406856,390780297,653187153,3.6202082079650766,5.533467678276616,0.2818708121776581,4,35,23,1.4782609
46,19,9833,00:00:24.4380000,34,21004,58569,131332579,137610423,386826936,524437359,651055497,1175492856,3.914630595962027,4.237008713352729,0.2840929925441742,5,35,23,1.4782609
46,20,10323,00:01:03.9280000,36,37788,108673,221149806,236727789,812641905,1049369694,1121863118,2171232812,4.235243412332001,4.878561369635609,0.4867728352546692,4,36,24,1.4583334
47,0,4166,00:00:00.0630000,1,1,2,1003,1003,0,1003,5866,6869,1,1,0,0,1,1,0
47,1,4512,00:00:00.0810000,1,1,3,2014,2014,0,2014,10872,12886,1,1,0,0,1,1,0
47,2,4873,00:00:00.1020000,1,1,4,4015,4015,0,4015,21168,25183,1,1,0,0,1,1,0
47,3,5210,00:00:00.1060000,2,2,7,8012,8012,0,8012,40289,48301,1.0023714428357464,1.0047541079721338,0,1,2,1,1
47,4,5534,00:00:00.1110000,2,2,8,16035,16035,0,16035,77891,93926,1.0064234487059558,1.012929462163657,0,1,2,1,1
47,5,5885,00:00:00.1160000,2,7,15,32023,32036,0,32036,159177,191213,1.0099928176623052,1.0201853491661474,0,1,2,1,1
47,6,6234,00:00:00.1220000,2,10,27,63902,64032,0,64032,321024,385056,1.0210165566022973,1.042915651317933,0,1,2,1,1
47,7,6571,00:00:00.1310000,3,21,48,127287,127668,458,128126,630920,759046,1.0483867166324918,1.1015938368020246,0.009256569668650627,1,3,2,1
47,8,6897,00:00:00.1530000,6,35,76,247992,248528,7624,256152,1216471,1472623,1.1019145778896093,1.2264371418123035,0.024267906323075294,1,6,5,1
47,9,7215,00:00:00.1720000,6,68,137,467639,469741,42643,512384,2286827,2799211,1.1917932422231678,1.4623341447210372,0.049533501267433167,1,6,5,1
47,10,7535,00:00:00.2030000,8,116,242,860099,864346,160989,1025335,4242010,5267345,1.3287947085161127,1.8556026461484243,0.07937543839216232,1,8,7,1
47,11,7851,00:00:00.2620000,9,207,463,1549707,1560493,490925,2051418,7641923,9693341,1.495660147369793,2.207296073561513,0.11832193285226822,1,9,8,1
47,12,8175,00:00:00.3610000,11,368,859,2743967,2768202,1332679,4100881,13642941,17743822,1.6594299421239396,2.154590549354635,0.15032115578651428,1,11,10,1
47,13,8521,00:00:00.5820000,12,671,1594,4777017,4837386,3368007,8205393,24499331,32704724,1.798579741290433,1.8331449476974668,0.18169577419757843,2,12,10,1.1
47,14,8903,00:00:00.9990000,14,1251,3045,8168303,8323133,8062095,16385228,44484882,60870110,1.902836488803121,1.5778446492561562,0.20059069991111755,2,14,12,1.0833334
47,15,9342,00:00:01.8270000,20,2189,5777,13752881,14155940,18647396,32803336,82417752,115221088,1.98891432275172,1.4940115630476103,0.2044343650341034,2,20,18,1.0555556
47,16,9842,00:00:03.5760000,35,3978,11025,23043089,23971203,41599100,65570303,153020406,218590709,2.123724557935787,1.7343949968038805,0.19344700872898102,3,35,30,1.1333333
47,17,10383,00:00:07.3790000,48,7053,20428,38680810,41285437,89844238,131129675,276736282,407865957,2.4414898240238507,3.0612145084465845,0.1915910840034485,3,48,40,1.175
47,18,10909,00:00:15.1490000,55,12312,36515,67785226,73776589,188451811,262228400,470538518,732766918,3.072079910156234,6.564365572543914,0.21477051079273224,4,56,46,1.1956521
47,19,11403,00:00:33.2330000,52,21862,64484,122487155,133399007,391144662,524543669,764278888,1288822557,3.7520500823127128,4.580411505908023,0.19286631047725677,4,53,39,1.3333334
47,20,11896,00:01:13.9790000,47,38476,114423,219635589,238102776,811542266,1049645042,1236736622,2286381664,4.318918324297616,4.3927413991212605,0.22429560124874115,4,47,35,1.3142858
48,0,2696,00:00:00.0370000,1,1,1,1003,1003,0,1003,4211,5214,1,1,0,0,1,1,0
48,1,3049,00:00:00.0510000,1,1,1,2002,2002,0,2002,9203,11205,1,1,0,0,1,1,0
48,2,3418,00:00:00.0720000,1,1,1,4004,4004,0,4004,20398,24402,1,1,0,0,1,1,0
48,3,3764,00:00:00.0760000,1,1,1,8008,8008,0,8008,40075,48083,1,1,0,0,1,1,0
48,4,4117,00:00:00.0810000,1,3,5,16003,16009,0,16009,80233,96242,1,1,0,0,1,1,0
48,5,4459,00:00:00.0850000,1,5,12,32041,32049,0,32049,159665,191714,1,1,0,0,1,1,0
48,6,4815,00:00:00.0910000,2,9,19,64056,64090,0,64090,323745,387835,1.0013113525665043,1.0026261629312812,0,1,2,1,1
48,7,5164,00:00:00.1000000,2,14,32,127469,127634,470,128104,643005,771109,1.0033419890326276,1.0067062826078725,0,1,2,1,1
48,8,5520,00:00:00.1110000,4,27,79,247932,248157,7927,256084,1283328,1539412,1.010531113369795,1.0213328035593936,0.007087026722729206,1,4,3,1
48,9,5888,00:00:00.1420000,5,63,159,466708,467226,45083,512309,2527348,3039657,1.0268090540552122,1.055441333065829,0.0178634412586689,1,5,4,1
48,10,6284,00:00:00.1890000,5,133,318,850326,853324,171040,1024364,4955682,5980046,1.0612953149733162,1.1323544299685357,0.0408148355782032,1,5,4,1
48,11,6707,00:00:00.2790000,7,222,588,1515156,1525546,524140,2049686,9509344,11559030,1.1454457494805816,1.3495008919184102,0.08032676577568054,1,7,6,1
48,12,7138,00:00:00.4620000,10,408,1094,2657537,2690593,1408690,4099283,17474313,21573596,1.311288986757287,1.8976548403561204,0.1564718335866928,2,10,8,1.125
48,13,7564,00:00:00.7610000,13,721,1961,4633676,4722541,3478757,8201298,30767393,38968691,1.5552602296751004,2.8649312059877663,0.24376243352890015,2,13,11,1.0909091
48,14,7984,00:00:01.2950000,19,1297,3525,8049401,8252544,8149051,16401595,52636991,69038586,1.8405102441784178,3.6463253265606834,0.279449999332428,3,19,16,1.125
48,15,8405,00:00:02.1510000,25,2211,6056,13986529,14398824,18414961,32813785,88830512,121644297,2.1614444870489313,4.4644419802443815,0.2941632866859436,3,25,21,1.1428572
48,16,8830,00:00:03.6780000,27,3826,10620,24293007,25133037,40505075,65638112,148625084,214263196,2.5303677720917794,5.93932746627292,0.3200993835926056,3,27,20,1.3
48,17,9261,00:00:07.4450000,28,6727,18870,42218743,43991205,87163414,131154619,247193995,378348614,2.9353354741044755,6.431075593619609,0.3013036847114563,4,28,20,1.35
48,18,9704,00:00:19.1450000,34,11889,33581,73665399,77174237,185042017,262216254,411105033,673321287,3.3719366944581406,4.601842396630209,0.26194268465042114,4,34,25,1.32
48,19,10167,00:00:41.9290000,41,21139,60749,128082363,135272047,389045751,524317798,687345052,1211662850,3.80392499473171,3.1150806940649254,0.19533886015415192,4,42,34,1.2058823
48,20,10658,00:01:24.9730000,44,38070,110595,221938570,237916282,811857831,1049774113,1158335651,2208109764,4.279314442730707,3.600017471570588,0.241190105676651,5,45,34,1.2941177
4,0,1953,00:00:00.0520000,1,1,1,1005,1005,0,1005,3940,4945,1,1,0,0,1,1,0
4,1,2302,00:00:00.0640000,1,1,1,2008,2008,0,2008,8893,10901,1,1,0,0,1,1,0
4,2,2648,00:00:00.0840000,1,1,1,4006,4006,0,4006,19059,23065,1,1,0,0,1,1,0
4,3,3005,00:00:00.0880000,2,3,3,8014,8015,0,8015,39395,47410,1.0012478163214376,1.0024987606099192,0,1,2,1,1
4,4,3358,00:00:00.0930000,2,3,6,16017,16026,0,16026,80091,96117,1.001498407941562,1.003001292701539,0,1,2,1,1
4,5,3711,00:00:00.0980000,2,6,9,32036,32052,0,32052,162015,194067,1.004276439006118,1.0085894838070977,0,1,2,1,1
4,6,4059,00:00:00.1040000,2,14,22,63967,64065,0,64065,322226,386291,1.009426735660575,1.0190311191900003,0,1,2,1,1
4,7,4398,00:00:00.1130000,3,21,44,127340,127670,476,128146,634396,762542,1.0270692633893515,1.05337953802828,0,2,3,1,2
4,8,4736,00:00:00.1260000,5,36,76,247941,248526,7746,256272,1242553,1498825,1.0716259110030208,1.1394117167903566,0.013653743080794811,2,5,3,1.3333334
4,9,5062,00:00:00.1570000,7,75,162,468159,469444,42766,512210,2336946,2849156,1.1769206615701076,1.3420534571164473,0.029631754383444786,2,7,4,1.5
4,10,5369,00:00:00.1920000,7,130,277,864073,868530,157252,1025782,4195518,5221300,1.4304659444283063,1.8977151303422548,0.059385381639003754,2,7,4,1.5
4,11,5632,00:00:00.2410000,8,213,467,1579015,1589935,461410,2051345,7000778,9052123,1.827525387662562,2.8093299302889734,0.08407989144325256,2,8,5,1.4
4,12,5867,00:00:00.3300000,10,376,800,2864470,2883887,1217354,4101241,11330748,15431989,2.241647494999075,2.791954433418093,0.06989514827728271,3,10,6,1.5
4,13,6096,00:00:00.4360000,10,597,1332,5127786,5171629,3037702,8209331,18492285,26701616,2.5633419569381406,2.0810595874680975,0.08090371638536453,3,10,6,1.5
4,14,6339,00:00:00.6680000,10,1125,2391,8990606,9098725,7304462,16403187,31195535,47598722,2.779205317194414,1.6250524116208112,0.08000340312719345,3,10,6,1.5
4,15,6612,00:00:01.1090000,16,1949,4415,15566593,15759541,17045907,32805448,54772353,87577801,2.9313377050456704,1.4508806843851896,0.07667235285043716,4,16,11,1.3636364
4,16,6927,00:00:01.9870000,17,3517,8341,26475854,26995973,38670453,65666426,99318574,164985000,3.066849515033585,1.483099374787501,0.11747750639915466,4,17,13,1.2307693
4,17,7286,00:00:04.3420000,23,6296,15721,45156311,46231639,85015523,131247162,181755190,313002352,3.2844915963130825,1.9303711103590442,0.1085418313741684,4,23,18,1.2222222
4,18,7673,00:00:12.3130000,26,11550,29708,78464889,81030091,181303110,262333201,325003072,587336273,3.7296008027233682,3.452871976282241,0.10902786254882812,5,27,21,1.2380953
4,19,8066,00:00:28.8960000,27,20773,54335,139858946,145286661,379395607,524682268,559212864,1083895132,4.327804164919132,3.9650643846361526,0.16708503663539886,6,28,21,1.2857143
4,20,8472,00:01:00.5810000,26,37245,99685,247378569,258394895,790632602,1049027497,947674262,1996701759,4.85176175467326,2.8780996124952694,0.15805688500404358,5,27,20,1.3
49,0,2184,00:00:00.0320000,1,1,1,1003,1003,0,1003,5452,6455,1,1,0,0,1,1,0
49,1,2567,00:00:00.0460000,2,2,2,2009,2009,0,2009,10922,12931,1.011448481831757,1.0231590716862498,0,1,2,1,1
49,2,2909,00:00:00.0680000,2,2,2,4004,4004,0,4004,20809,24813,1.0302197802197801,1.0622625156382015,0,1,2,1,1
49,3,3210,00:00:00.0710000,2,3,3,8001,8005,0,8005,38038,46043,1.062992125984252,1.1338489289191627,0,1,2,1,1
49,4,3532,00:00:00.0750000,3,4,4,16009,16010,0,16010,75124,91134,1.145168342807171,1.3306949046015664,0.009489960968494415,1,3,2,1
49,5,3807,00:00:00.0890000,3,4,5,32020,32022,0,32022,137735,169757,1.2580886945658962,1.6231607389298977,0.016002105548977852,1,3,2,1
49,6,4051,00:00:00.0930000,3,10,14,64018,64053,0,64053,250052,314105,1.393389359242713,1.919220204838949,0.01929372362792492,1,3,2,1
49,7,4276,00:00:00.0980000,3,17,31,127695,127823,360,128183,456600,584783,1.5218685148204707,2.0090855140100694,0.027392582967877388,1,3,2,1
49,8,4483,00:00:00.1040000,3,27,53,250021,250612,6154,256766,827070,1083836,1.6402862159578595,1.8702936150016003,0.03268123045563698,1,3,2,1
49,9,4688,00:00:00.1150000,4,55,108,475715,477066,36300,513366,1518889,2032255,1.740378167600349,1.6438797280332982,0.029209783300757408,1,4,3,1
49,10,4904,00:00:00.1320000,7,94,195,882080,883497,142718,1026215,2843401,3869616,1.8261688282241975,1.4413871515361778,0.031806427985429764,2,7,5,1.2
49,11,5137,00:00:00.1660000,7,175,360,1594815,1599684,452681,2052365,5360095,7412460,1.8917253725353724,1.2917231301814431,0.035492632538080215,2,7,5,1.2
49,12,5398,00:00:00.2390000,8,331,694,2819416,2831070,1267890,4098960,10212081,14311041,1.9451624024266019,1.2031168439891207,0.036100614815950394,2,8,6,1.1666666
49,13,5697,00:00:00.3970000,9,651,1400,4892022,4927406,3265706,8193112,19597390,27790502,1.992727751428755,1.173186398391995,0.03627612069249153,2,9,7,1.1428572
49,14,6045,00:00:00.7570000,10,1158,2684,8348774,8465410,7937712,16403122,37826462,54229584,2.051555234337401,1.2231856896754785,0.03844339773058891,2,10,8,1.125
49,15,6444,00:00:01.4670000,17,2107,5260,14133734,14437210,18343789,32780999,72281882,105062881,2.165287531235553,1.4838491232963478,0.04644071310758591,3,17,14,1.1428572
49,16,6886,00:00:02.9320000,27,3774,9939,24021856,24785436,40826181,65611617,134584976,200196593,2.397199741768496,2.402539347511173,0.08502001315355301,3,27,23,1.1304348
49,17,7346,00:00:07.2740000,33,6728,18418,41274243,43191345,87924884,131116229,239724337,370840566,2.790038596225738,5.152410976471333,0.1441952884197235,3,34,28,1.1785715
49,18,7811,00:00:19.3340000,37,12006,33477,71727917,76124449,186142731,262267180,411623125,673890305,3.269249447185257,5.529289178984062,0.31083443760871887,3,37,29,1.2413793
49,19,8292,00:00:42.5930000,41,21390,61102,123936846,133255974,391396700,524652674,698746666,1223399340,3.696348009372451,3.041127377114892,0.2627728581428528,3,41,33,1.2121212
49,20,8812,00:01:28.9590000,48,38132,112419,211854560,230434280,818506352,1048940632,1198205611,2247146243,4.058709748801253,2.6324786071328585,0.23079945147037506,3,48,39,1.2051282
5,0,2222,00:00:00.0340000,2,2,2,1001,1001,0,1001,4686,5687,1.046953046953047,1.0982938629310968,0,1,2,1,1
5,1,2545,00:00:00.0460000,2,2,2,2006,2006,0,2006,9271,11277,1.080259222333001,1.173206762638734,0,1,2,1,1
5,2,2845,00:00:00.0680000,2,2,2,4003,4003,0,4003,18043,22046,1.1378965775668248,1.3119266364461883,0,1,2,1,1
5,3,3127,00:00:00.0710000,2,2,2,8007,8007,0,8007,34183,42190,1.254402397901836,1.6112494519161904,0,1,2,1,1
5,4,3368,00:00:00.0740000,3,4,4,16013,16019,0,16019,61737,77756,1.3966776993692624,1.9202251570773612,0,2,3,1,2
5,5,3593,00:00:00.0780000,3,5,9,32029,32073,0,32073,113265,145338,1.5377626525960848,2.0075499213481813,0,2,3,1,2
5,6,3791,00:00:00.0810000,4,7,14,64166,64218,0,64218,203912,268130,1.6572172178412243,1.8746909332148398,0.010420728474855423,2,4,2,1.5
5,7,3980,00:00:00.0950000,4,17,31,127937,128052,310,128362,377936,506298,1.768401635179815,1.6783565690030406,0.020097948610782623,2,4,2,1.5
5,8,4161,00:00:00.1020000,4,33,61,250524,250829,5682,256511,701894,958405,1.8562892177994923,1.535286637141494,0.03420010954141617,2,4,2,1.5
5,9,4342,00:00:00.1120000,4,62,113,478412,479161,34209,513370,1312892,1826262,1.9347737932994993,1.4625715261807188,0.0543864406645298,2,4,2,1.5
5,10,4532,00:00:00.1290000,4,104,205,889541,891311,135735,1027046,2477114,3504160,2.017005399413855,1.4688940706192535,0.08795250207185745,2,4,2,1.5
5,11,4738,00:00:00.1590000,4,188,367,1613313,1618146,434053,2052199,4700953,6753152,2.1099984937826695,1.5716240901493672,0.13755439221858978,2,4,2,1.5
5,12,4963,00:00:00.2180000,4,308,656,2882408,2895145,1213083,4108228,8874809,12983037,2.224158411994416,1.8092588451561742,0.2110763043165207,2,4,2,1.5
5,13,5211,00:00:00.3380000,4,594,1267,5058467,5094270,3118217,8212487,16666752,24879239,2.36443313754938,2.194752978967524,0.3114085793495178,2,4,2,1.5
5,14,5485,00:00:00.6010000,5,1047,2374,8793441,8879248,7532671,16411919,31008318,47420237,2.5276342901487596,2.5733888444225292,0.43511974811553955,3,5,2,2
5,15,5791,00:00:01.0830000,7,1886,4458,15137677,15343713,17478538,32822251,57432723,90254974,2.692104541535666,2.5907077018055555,0.559228777885437,3,7,3,2
5,16,6139,00:00:02.0510000,7,3451,8570,25693905,26246787,39395035,65641822,106628204,172270026,2.8408798117685885,2.319238425151564,0.6675072312355042,2,7,4,1.5
5,17,6540,00:00:04.9430000,11,6373,16561,43113538,44456059,86681879,131137938,198799003,329936941,2.9750782457241156,2.187706984495736,0.3860315978527069,2,11,8,1.25
5,18,7003,00:00:15.9170000,21,11704,31626,71704158,75245963,186928203,262174166,370790896,632965062,3.1498137806736395,2.528703884692637,0.4765886962413788,3,21,17,1.1764706
5,19,7523,00:00:40.3020000,33,21104,60325,118892629,128859214,395590856,524450070,681560839,1206010909,3.4356941926147497,3.9393110645782694,0.4735928177833557,3,33,25,1.28
5,20,8083,00:01:29.8940000,53,38139,113203,201018757,224907936,824658373,1049566309,1218618459,2268184768,3.877715083075556,6.447450950630929,0.45700258016586304,3,53,44,1.1818181
6,0,3999,00:00:00.0480000,1,1,1,1003,1003,0,1003,4548,5551,1,1,0,0,1,1,0
6,1,4339,00:00:00.0690000,1,1,1,2003,2003,0,2003,9366,11369,1,1,0,0,1,1,0
6,2,4691,00:00:00.0900000,1,2,2,4000,4004,0,4004,19471,23475,1,1,0,0,1,1,0
6,3,5025,00:00:00.0940000,2,2,2,8006,8006,0,8006,38545,46551,1.001249063202598,1.002501270267976,0,1,2,1,1
6,4,5373,00:00:00.0980000,2,2,4,16036,16036,0,16036,78941,94977,1.0033050636068845,1.006632001793962,0,1,2,1,1
6,5,5712,00:00:00.1030000,2,5,10,32022,32042,0,32042,157488,189530,1.0078383611267254,1.0157996016529602,0,1,2,1,1
6,6,6059,00:00:00.1090000,2,12,21,64033,64143,0,64143,317053,381196,1.0194118657567193,1.0395767739483077,0,1,2,1,1
6,7,6392,00:00:00.1180000,3,23,45,127369,127589,457,128046,623735,751781,1.046329954698553,1.0972477873206121,0.016095755621790886,1,3,2,1
6,8,6724,00:00:00.1400000,5,31,77,248007,248618,7661,256279,1219519,1475798,1.1002471704427697,1.2181335195011194,0.02665846236050129,2,5,3,1.3333334
6,9,7045,00:00:00.1580000,5,60,133,467955,469707,42780,512487,2301733,2814220,1.201429624643395,1.4677811980667335,0.04974624142050743,2,5,3,1.3333334
6,10,7357,00:00:00.1900000,5,115,265,861053,866784,159675,1026459,4205480,5231939,1.3738074195200527,1.9314084373538718,0.084650918841362,2,5,3,1.3333334
6,11,7651,00:00:00.2450000,7,209,466,1556988,1570067,478940,2049007,7358746,9407753,1.6226425637191808,2.5579688520968467,0.08799707144498825,2,7,5,1.2
6,12,7931,00:00:00.3300000,10,351,810,2796796,2820538,1278645,4099183,12525787,16624970,1.932246756645819,3.032438979524438,0.08882502466440201,3,10,7,1.2857143
6,13,8203,00:00:00.4960000,9,619,1468,4972041,5026802,3168777,8195579,21013347,29208926,2.252538343911484,2.9530205795845554,0.09366297721862793,3,9,6,1.3333334
6,14,8481,00:00:00.7710000,8,1113,2583,8758787,8877919,7526406,16404325,35512918,51917243,2.542923123943989,2.44398424149592,0.094239242374897,3,8,5,1.4
6,15,8777,00:00:01.2750000,10,1977,4675,15262346,15477789,17298960,32776749,61014771,93791520,2.7919706446178063,2.0210967909536546,0.07129060477018356,3,10,7,1.2857143
6,16,9103,00:00:02.1930000,12,3621,8676,26299435,26768497,38803895,65572392,106997390,172569782,3.019218093468548,1.911653076906116,0.054706793278455734,4,12,8,1.375
6,17,9465,00:00:04.1890000,15,6469,16154,45096834,46119522,85028605,131148127,190036001,321184128,3.2746196772926455,2.1613814698773117,0.048308588564395905,4,15,11,1.2727273
6,18,9864,00:00:09.9210000,19,11589,30083,77322915,79789703,182776055,262565758,338076945,600642703,3.5868737618078677,2.5102801280407725,0.04062395170331001,4,20,16,1.1875
6,19,10296,00:00:27.7870000,26,20901,56158,133076097,138583050,385782305,524365355,596215852,1120581207,3.9661677258238193,2.765030930798675,0.06233507767319679,3,26,23,1.0869565
6,20,10764,00:01:05.8920000,31,37451,104893,228158193,241779618,807270612,1049050230,1045278958,2094329188,4.374706320539627,3.5666250730978173,0.0813293531537056,4,32,27,1.1481482
7,0,2849,00:00:00.0370000,1,1,1,1007,1007,0,1007,5060,6067,1,1,0,0,1,1,0
7,1,3167,00:00:00.0470000,1,1,1,2002,2002,0,2002,9570,11572,1,1,0,0,1,1,0
7,2,3507,00:00:00.0680000,1,1,1,4007,4007,0,4007,19347,23354,1,1,0,0,1,1,0
7,3,3856,00:00:00.0720000,2,2,3,8021,8021,0,8021,39520,47541,1.001994763745169,1.0039975356934847,0,1,2,1,1
7,4,4209,00:00:00.0770000,2,7,10,15991,16004,0,16004,80477,96481,1.0025639422174975,1.005141054397536,0,1,2,1,1
7,5,4554,00:00:00.0830000,2,10,17,32001,32077,0,32077,160669,192746,1.0064685478578794,1.0130207455421187,0,1,2,1,1
7,6,4905,00:00:00.0900000,4,12,24,63893,64037,0,64037,322776,386813,1.0186248884854365,1.038062945928223,0.01017644815146923,1,4,3,1
7,7,5235,00:00:00.1080000,5,22,42,127397,127643,450,128093,625892,753985,1.0390511550507469,1.0818147419232407,0.02139454334974289,1,5,4,1
7,8,5565,00:00:00.1210000,6,41,82,248075,248926,7614,256540,1216947,1473487,1.0832006449662401,1.1837483814306433,0.04181378707289696,1,6,5,1
7,9,5895,00:00:00.1450000,8,72,158,467216,469048,43073,512121,2329910,2842031,1.1701140371905072,1.417111965274227,0.07957113534212112,1,8,7,1
7,10,6221,00:00:00.1800000,9,128,283,857745,863006,161756,1024762,4319737,5344499,1.2994677905438097,1.8412689161587112,0.13354264199733734,1,9,8,1
7,11,6544,00:00:00.2420000,12,231,532,1545052,1556518,492059,2048577,7789207,9837784,1.4672438209199432,2.444123186024328,0.19563686847686768,2,12,10,1.1
7,12,6873,00:00:00.3700000,14,387,924,2733791,2763055,1334635,4097690,13874144,17971834,1.6443799105344923,2.774145442795877,0.26286208629608154,2,14,12,1.0833334
7,13,7219,00:00:00.5780000,15,694,1708,4758200,4836545,3360946,8197491,24716631,32914122,1.8024534487831534,2.619679753493456,0.3147538900375366,2,15,13,1.0769231
7,14,7596,00:00:00.9760000,20,1213,3049,8206584,8367465,8041506,16408971,44432659,60841630,1.9494961606436978,2.467321793667037,0.3394419252872467,2,20,16,1.1875
7,15,8013,00:00:01.7460000,22,2175,5689,13913567,14335916,18469596,32805512,80427881,113233393,2.1055611404322128,2.6864324271751463,0.3321235477924347,2,22,18,1.1666666
7,16,8468,00:00:03.3020000,31,3929,10560,23534073,24563262,40973586,65536848,144555768,210092616,2.324852353436653,3.803228951928008,0.30791518092155457,3,31,26,1.1538461
7,17,8956,00:00:06.4960000,44,6878,19282,40064780,42281988,88803110,131085098,256272064,387357162,2.620376600096144,6.1461144059461175,0.30977338552474976,3,44,36,1.1944444
7,18,9478,00:00:16.6240000,51,12290,35418,67575139,72852971,189471712,262324683,449711853,712036536,2.934856012652819,7.761032961818308,0.3227371871471405,3,52,42,1.2142857
7,19,10036,00:00:45.0460000,59,21758,65146,113567456,126190461,398706429,524896890,782882005,1307778895,3.3105066384510717,10.648329461946293,0.33407360315322876,4,60,44,1.3409091
7,20,10619,00:01:39.4470000,73,39155,119578,196428517,221809764,827855663,1049665427,1341616365,2391281792,3.8196873573097334,16.90227299666527,0.3431012034416199,4,74,54,1.3518518
8,0,2601,00:00:00.0350000,1,1,1,1002,1002,0,1002,4131,5133,1,1,0,0,1,1,0
8,1,2928,00:00:00.0460000,1,1,1,2002,2002,0,2002,8764,10766,1,1,0,0,1,1,0
8,2,3207,00:00:00.0660000,1,2,2,4018,4019,0,4019,16695,20714,1,1,0,0,1,1,0
8,3,3534,00:00:00.0700000,1,1,2,8012,8012,0,8012,35505,43517,1,1,0,0,1,1,0
8,4,3900,00:00:00.0740000,1,1,5,16020,16020,0,16020,78197,94217,1,1,0,0,1,1,0
8,5,4243,00:00:00.0780000,1,4,10,32054,32081,0,32081,157377,189458,1,1,0,0,1,1,0
8,6,4593,00:00:00.0830000,2,9,20,64095,64121,0,64121,319791,383912,1.0023246743115688,1.004660209179553,0,1,2,1,1
8,7,4930,00:00:00.0930000,3,19,47,127427,127530,472,128002,629086,757088,1.0058072465019188,1.011692760984758,0.003858083626255393,1,3,2,1
8,8,5279,00:00:00.1160000,3,32,86,247929,248403,7810,256213,1254189,1510402,1.013342529514498,1.0271027147758458,0.009803188033401966,1,3,2,1
8,9,5648,00:00:00.1380000,3,60,150,464896,467140,45061,512201,2503997,3016198,1.0304132537169604,1.0629779496221907,0.020517027005553246,1,3,2,1
8,10,6039,00:00:00.1790000,7,108,294,849574,854429,170507,1024936,4898042,5922978,1.076330019515663,1.1672671835235624,0.034512959420681,1,7,6,1
8,11,6450,00:00:00.2620000,11,216,581,1517706,1528039,520832,2048871,9320406,11369277,1.1796197682555118,1.446464582612422,0.07666191458702087,1,11,10,1
8,12,6868,00:00:00.4350000,14,396,1066,2671823,2698862,1401209,4100071,17049529,21149600,1.3514551675017394,2.045010861595455,0.14357179403305054,1,14,13,1
8,13,7286,00:00:00.7240000,17,744,1916,4653863,4729800,3474664,8204464,30118787,38323251,1.5652654579647058,2.7513748332915355,0.2246113419532776,2,17,15,1.0666667
8,14,7715,00:00:01.2570000,24,1346,3467,8034145,8197504,8200555,16398059,52515671,68913730,1.7699049494376813,2.7912553518180268,0.28444018959999084,2,24,21,1.0952381
8,15,8174,00:00:02.1970000,29,2300,6291,13639480,14082653,18727529,32810182,92092452,124902634,1.9523043400481543,2.605576575193611,0.3206404745578766,3,29,25,1.12
8,16,8660,00:00:04.0240000,40,4012,11332,23233126,24310678,41245695,65556373,160452096,226008469,2.2575514805885355,3.3046832611576504,0.322976291179657,3,40,36,1.0833334
8,17,9120,00:00:07.4500000,46,7123,19892,41511297,43785639,87387297,131172936,265001751,396174687,2.941095456497059,4.812696196083785,0.28078746795654297,4,46,38,1.1842105
8,18,9533,00:00:17.9650000,39,12349,34133,75812025,79942006,182610566,262552572,417322318,679874890,3.66580602483577,2.853742805408691,0.2114626169204712,4,39,31,1.2258065
8,19,9944,00:00:37.4240000,30,21344,59324,135334263,141990318,382791160,524781478,662687994,1187469472,4.176149442658139,2.612247526039047,0.20782330632209778,5,31,20,1.5
8,20,10384,00:01:14.3120000,24,37530,106401,235536347,248338965,801100956,1049439921,1084558236,2133998157,4.572139331005248,3.503765096174661,0.13710917532444,4,25,17,1.4117647
