RepeatId,GenerationId,Generations,Time,SubcloneSelect,SubcloneAlive,SubcloneTotal,CellSelectCount,CellAliveCount,CellNecroCount,CellTumorCount,CellLostCount,CellTotalCount,MeanDriversPerCell,ClonalDiversity,TreeBalance,TreeDepth,NodeCount,LeafCount,Branching
0,0,1562,00:00:00.0480000,1,2,2,1000,1001,0,1001,2385,3386,1,1,0,0,1,1,0
0,1,1741,00:00:00.0620000,1,1,2,2008,2008,0,2008,4970,6978,1,1,0,0,1,1,0
0,2,1914,00:00:00.0880000,1,1,3,4005,4005,0,4005,10030,14035,1,1,0,0,1,1,0
0,3,2079,00:00:00.0920000,1,5,7,7993,8002,0,8002,19526,27528,1,1,0,0,1,1,0
0,4,2250,00:00:00.0970000,2,4,9,16044,16059,0,16059,39320,55379,1.0018075292944404,1.0036215557867671,0,1,2,1,1
0,5,2424,00:00:00.1030000,3,10,16,32021,32034,0,32034,79227,111261,1.007963523937416,1.0160802037014585,0.006692585069686174,1,3,2,1
0,6,2601,00:00:00.1210000,3,9,19,64085,64145,0,64145,160842,224987,1.0186627135835218,1.0381731157680738,0.01575913093984127,1,3,2,1
0,7,2768,00:00:00.1280000,3,26,44,127756,128147,0,128147,314623,442770,1.0467923228654623,1.0989357508999393,0.0379311740398407,1,3,2,1
0,8,2924,00:00:00.1380000,7,46,81,255940,256234,0,256234,600135,856369,1.109896850824412,1.2515160291759957,0.050715237855911255,1,7,6,1
0,9,3066,00:00:00.1530000,7,94,159,511396,512886,0,512886,1121378,1634264,1.2150759880796878,1.5573163676526622,0.09782711416482925,1,7,6,1
0,10,3190,00:00:00.1750000,8,191,299,1018278,1023317,1748,1025065,2026702,3051767,1.3550533351403056,2.0527172826563658,0.15128912031650543,1,8,7,1
0,11,3301,00:00:00.2120000,9,359,543,2004138,2019362,32897,2052259,3610827,5663086,1.506533981192912,2.57693561901689,0.2142198085784912,2,9,7,1.1428572
0,12,3405,00:00:00.2760000,12,679,999,3872104,3909992,199730,4109722,6406512,10516234,1.6523985409482804,2.837327627596494,0.2660871148109436,2,12,9,1.2222222
0,13,3508,00:00:00.3890000,14,1319,1925,7316956,7423761,801461,8225222,11442155,19667377,1.7844685686233455,2.812914301428909,0.3042343854904175,2,14,11,1.1818181
0,14,3614,00:00:00.6310000,17,2481,3661,13579464,13876843,2597854,16474697,20583697,37058394,1.91651680802718,2.778790032103164,0.3250732421875,2,17,14,1.1428572
0,15,3724,00:00:01.0230000,25,4586,6964,24954790,25578336,7325046,32903382,36898538,69801920,2.08661371223721,3.062008655319736,0.3298260271549225,3,25,20,1.2
0,16,3835,00:00:01.6980000,32,8569,12986,45617536,47026560,18559915,65586475,64605585,130192060,2.355167977507597,4.065962462969341,0.33620214462280273,3,32,23,1.3478261
0,17,3941,00:00:02.9800000,34,15713,23875,84545848,88005360,43293232,131298592,108545992,239844584,2.7854868047452785,6.570560161371809,0.3612176775932312,3,34,24,1.375
0,18,4037,00:00:05.1460000,42,29264,43822,161003384,167808956,95131097,262940053,174234962,437175015,3.35203583050155,9.324147172315454,0.38442957401275635,4,42,29,1.4137931
0,19,4126,00:00:09.7550000,44,54293,79815,308594945,322108189,204712926,526821115,274005127,800826242,3.902441878949119,7.459388947553484,0.35603171586990356,4,44,30,1.4333333
0,20,4214,00:00:19.5210000,40,102240,148792,583800747,614827349,441433909,1056261258,434962162,1491223420,4.370719758602844,4.884649612146351,0.39551979303359985,5,40,26,1.5
9,0,1640,00:00:00.0250000,1,1,1,1002,1002,0,1002,2790,3792,1,1,0,0,1,1,0
9,1,1792,00:00:00.0380000,1,1,1,2003,2003,0,2003,4969,6972,1,1,0,0,1,1,0
9,2,1961,00:00:00.0560000,1,2,2,4001,4004,0,4004,9901,13905,1,1,0,0,1,1,0
9,3,2142,00:00:00.0590000,2,3,4,8002,8003,0,8003,20413,28416,1.0019995001249689,1.00400699073163,0,1,2,1,1
9,4,2330,00:00:00.0710000,2,7,9,16008,16018,0,16018,42349,58367,1.0048725637181408,1.0097926023847,0,1,2,1,1
9,5,2500,00:00:00.0740000,3,16,21,32033,32081,0,32081,81456,113537,1.012643211687947,1.0256366314166805,0.005838233046233654,1,3,2,1
9,6,2671,00:00:00.0890000,4,21,37,63877,64044,0,64044,160676,224720,1.030621350407815,1.0633952541104337,0.013925190083682537,1,4,3,1
9,7,2831,00:00:00.0940000,7,35,55,127913,128201,0,128201,307839,436040,1.0840414969549617,1.1692854201051985,0.03775326535105705,2,7,5,1.2
9,8,2974,00:00:00.1010000,7,61,90,255237,256452,0,256452,569309,825761,1.2249399577647442,1.4678007781890752,0.10252776741981506,2,7,5,1.2
9,9,3088,00:00:00.1100000,9,101,156,513281,515651,0,515651,983982,1499633,1.5115599447476138,2.222926822855518,0.19318296015262604,2,9,7,1.1428572
9,10,3172,00:00:00.1200000,9,187,277,1022627,1028361,1231,1029592,1594858,2624450,1.8698743530143445,3.4212195060375006,0.28389281034469604,2,9,7,1.1428572
9,11,3239,00:00:00.1340000,8,304,445,2030563,2045592,22604,2068196,2549395,4617591,2.203313071300915,4.040933867044218,0.35162410140037537,2,8,6,1.1666666
9,12,3298,00:00:00.1570000,8,598,815,3935138,3968786,135367,4104153,4134697,8238850,2.4574919608918417,3.6449720705855038,0.391396701335907,2,8,6,1.1666666
9,13,3357,00:00:00.2030000,8,1189,1557,7599448,7679405,560216,8239621,7015216,15254837,2.645373321851798,3.0481994456385073,0.42314332723617554,3,8,5,1.4
9,14,3419,00:00:00.2920000,9,2180,2873,14459878,14641709,1892329,16534038,12373278,28907316,2.775550457617969,2.621681651379699,0.4386054277420044,3,9,6,1.3333334
9,15,3487,00:00:00.4340000,12,4107,5484,27039755,27420565,5643099,33063664,22514822,55578486,2.8683778015000505,2.375739444425097,0.4482120871543884,3,12,8,1.375
9,16,3564,00:00:00.7730000,13,7914,10730,49493028,50504789,15463795,65968584,41918079,107886663,2.935090352523996,2.2436468042150843,0.45342355966567993,3,13,9,1.3333334
9,17,3653,00:00:01.5170000,20,14818,20855,89424791,91631938,39881271,131513209,79271505,210784714,3.0014474956950137,2.254496193943091,0.4537726938724518,3,20,16,1.1875
9,18,3757,00:00:04.1350000,26,28726,41598,159139644,164939710,98274928,263214638,151240789,414455427,3.077289704129287,2.4237915898990927,0.4491135776042938,4,26,21,1.1904762
9,19,3876,00:00:11.0200000,40,54110,81708,281794309,295751499,231078194,526829693,285756186,812585879,3.216975542256249,3.0060928029176828,0.43460893630981445,5,40,31,1.2580645
9,20,4004,00:00:25.5760000,48,101714,157811,501958137,540365585,513940993,1054306578,519805267,1574111845,3.5413354898956446,4.815826147579067,0.6889060735702515,4,48,36,1.3055556
10,0,1473,00:00:00.0400000,2,2,2,1009,1009,0,1009,2498,3507,1.250743310208127,1.6019023920943753,0,1,2,1,1
10,1,1580,00:00:00.0560000,2,2,2,2005,2005,0,2005,4017,6022,1.3730673316708228,1.8789087967976876,0,1,2,1,1
10,2,1692,00:00:00.0770000,2,3,3,4014,4015,0,4015,7337,11352,1.5099651220727455,1.9992058862222801,0,1,2,1,1
10,3,1787,00:00:00.0850000,3,4,5,8006,8013,0,8013,12740,20753,1.6370222333250062,1.8728955580196254,0,2,3,1,2
10,4,1875,00:00:00.0870000,4,6,7,16047,16049,0,16049,22843,38892,1.7598304979123824,1.6346580391983885,0.005353749264031649,2,4,2,1.5
10,5,1957,00:00:00.1010000,4,9,10,32254,32286,0,32286,41809,74095,1.846282631611583,1.463349854870879,0.01839432306587696,2,4,2,1.5
10,6,2034,00:00:00.1030000,5,10,14,64088,64117,0,64117,77433,141550,1.9210616652103358,1.3597604086429658,0.02488495409488678,2,5,3,1.3333334
10,7,2108,00:00:00.1140000,5,18,26,129079,129240,0,129240,145401,274641,1.9887975580845838,1.342741616050635,0.043253570795059204,2,5,3,1.3333334
10,8,2178,00:00:00.1160000,5,30,43,256885,257403,0,257403,275072,532475,2.0590147342195926,1.404717353947966,0.07151756435632706,2,5,3,1.3333334
10,9,2245,00:00:00.1200000,6,75,99,516406,517439,0,517439,523210,1040649,2.144159827732443,1.5589155263586512,0.09659982472658157,2,6,4,1.25
10,10,2307,00:00:00.1250000,6,138,180,1023439,1026886,1007,1027893,979154,2007047,2.2390098481687724,1.8022566359614003,0.14052744209766388,2,6,4,1.25
10,11,2367,00:00:00.1360000,7,295,379,2030298,2039309,20970,2060279,1840798,3901077,2.346334380470256,2.1427272833949362,0.17061081528663635,2,7,5,1.2
10,12,2426,00:00:00.1560000,8,578,737,3943111,3968886,135117,4104003,3429565,7533568,2.4567895755407343,2.4975745401803207,0.20130306482315063,2,8,6,1.1666666
10,13,2488,00:00:00.1990000,11,1131,1446,7642124,7699247,581661,8280908,6469383,14750291,2.5722774192096334,2.7597150784373206,0.24360132217407227,3,11,8,1.25
10,14,2553,00:00:00.3010000,12,2205,2856,14410303,14563724,1958268,16521992,12098479,28620471,2.6788161914430253,2.821354963586652,0.28297966718673706,3,12,8,1.375
10,15,2624,00:00:00.4460000,14,4159,5545,26748762,27152515,5776343,32928858,22654848,55583706,2.780298430260062,2.747735197263708,0.3137498199939728,3,14,10,1.3
10,16,2704,00:00:00.7980000,18,8005,10859,49244592,50245766,15765765,66011531,42778242,108789773,2.884911687358482,2.6759897765917415,0.3111445903778076,2,18,15,1.1333333
10,17,2794,00:00:01.5690000,22,15210,21339,89311460,91767094,40230681,131997775,80561317,212559092,2.9974448295884986,2.747505514096121,0.32116419076919556,3,22,17,1.2352941
10,18,2895,00:00:04.1700000,31,28752,41537,160733361,166173860,97257987,263431847,150455411,413887258,3.1449212711977075,3.1668605197136706,0.32296022772789,3,31,26,1.1538461
10,19,3006,00:00:10.4910000,40,53736,80051,287938616,301401789,224295302,525697091,275600175,801297266,3.3676625749982767,4.323869421706844,0.32537227869033813,4,40,32,1.21875
10,20,3122,00:00:23.3530000,48,101275,153980,526360534,559971212,493917948,1053889160,487313700,1541202860,3.7627381995170635,7.168773923024406,0.30506250262260437,4,48,37,1.2702702
11,0,1698,00:00:00.0300000,1,1,1,1005,1005,0,1005,2285,3290,1,1,0,0,1,1,0
11,1,1880,00:00:00.0400000,1,1,1,2001,2001,0,2001,5000,7001,1,1,0,0,1,1,0
11,2,2054,00:00:00.0590000,1,1,1,4003,4003,0,4003,10056,14059,1,1,0,0,1,1,0
11,3,2216,00:00:00.0610000,2,2,2,8003,8003,0,8003,19245,27248,1.0012495314257153,1.002502226346802,0,1,2,1,1
11,4,2390,00:00:00.0640000,2,4,6,16002,16008,0,16008,39408,55416,1.004124484439445,1.0082829462419471,0,1,2,1,1
11,5,2551,00:00:00.0660000,3,7,10,32031,32053,0,32053,76357,108410,1.011707408448066,1.023721533990277,0.005965479649603367,1,3,2,1
11,6,2718,00:00:00.0790000,4,16,20,64010,64084,0,64084,153497,217581,1.0302921418528355,1.0626998468958084,0.014413059689104557,1,4,3,1
11,7,2878,00:00:00.0830000,5,29,40,127981,128207,0,128207,299932,428139,1.069510317937819,1.1505231806445173,0.031248589977622032,1,5,4,1
11,8,3030,00:00:00.0900000,5,49,73,255434,256645,0,256645,579351,835996,1.1463587462906268,1.3449754517961905,0.06676555424928665,1,5,4,1
11,9,3164,00:00:00.0990000,7,93,150,510517,513706,0,513706,1069688,1583394,1.2747058374157962,1.7186237480431787,0.11338217556476593,2,7,5,1.2
11,10,3280,00:00:00.1130000,11,174,275,1021137,1026327,1672,1027999,1917975,2945974,1.4396060469848806,2.24778852941682,0.15095795691013336,2,11,9,1.1111112
11,11,3381,00:00:00.1350000,12,357,525,2004839,2018521,30605,2049126,3358933,5408059,1.6243972708032914,2.7198631552517227,0.2179836481809616,2,12,9,1.2222222
11,12,3474,00:00:00.1770000,13,670,983,3903874,3937986,185949,4123935,5857999,9981934,1.821680720228163,3.0163206739932087,0.276747465133667,2,13,10,1.2
11,13,3561,00:00:00.2690000,14,1242,1813,7408795,7488262,725582,8213844,10103397,18317241,2.024349168791956,3.1837425100171513,0.2739904522895813,2,14,11,1.1818181
11,14,3648,00:00:00.3760000,15,2389,3441,13971372,14167583,2330340,16497923,17590271,34088194,2.2323744582851277,3.1564694817135512,0.27838218212127686,3,15,11,1.2727273
11,15,3736,00:00:00.6100000,16,4426,6405,25838109,26317035,6542035,32859070,30638149,63497219,2.4286356637012405,2.8326189471444088,0.2674957513809204,3,16,12,1.25
11,16,3830,00:00:01.0530000,18,8238,12023,47514091,48695942,17196318,65892260,54215873,120108133,2.6136753831615973,2.3709922313548537,0.2531892955303192,3,18,14,1.2142857
11,17,3932,00:00:01.9620000,22,15462,22726,86408131,89049022,42817573,131866595,96968417,228835012,2.783892548260302,2.0387376272797737,0.2356305718421936,3,22,18,1.1666666
11,18,4044,00:00:04.2030000,24,28939,43290,154134564,160878767,101847225,262725992,174356893,437082885,2.944902650128494,1.9286397294041346,0.20974956452846527,3,24,20,1.15
11,19,4168,00:00:11.0250000,31,54361,83524,272962796,290147971,234385945,524533916,314172934,838706850,3.1354665051130266,2.157224344491043,0.16730250418186188,4,31,23,1.3043479
11,20,4303,00:00:26.0590000,40,102291,160901,484070125,528627087,524081607,1052708694,560987817,1613696511,3.4047252100096035,3.0119674231022358,0.17461015284061432,4,41,29,1.3793104
12,0,1235,00:00:00.0450000,1,1,1,1001,1001,0,1001,2319,3320,1,1,0,0,1,1,0
12,1,1393,00:00:00.0630000,1,1,1,2006,2006,0,2006,4513,6519,1,1,0,0,1,1,0
12,2,1571,00:00:00.0990000,1,1,1,4012,4012,0,4012,9793,13805,1,1,0,0,1,1,0
12,3,1731,00:00:00.1030000,1,1,1,8017,8017,0,8017,18956,26973,1,1,0,0,1,1,0
12,4,1905,00:00:00.1070000,1,2,3,16042,16043,0,16043,38855,54898,1,1,0,0,1,1,0
12,5,2075,00:00:00.1130000,1,8,11,32027,32082,0,32082,78180,110262,1,1,0,0,1,1,0
12,6,2250,00:00:00.1170000,2,16,21,64068,64227,0,64227,159058,223285,1.0022163950802272,1.0044426221981861,0,1,2,1,1
12,7,2420,00:00:00.1240000,6,30,48,127867,128065,0,128065,315607,443672,1.0105813071394496,1.0214668461841285,0.008871477097272873,1,6,5,1
12,8,2588,00:00:00.1450000,6,50,89,255130,256014,0,256014,624903,880917,1.027558499588445,1.0572285370217058,0.023940660059452057,1,6,5,1
12,9,2751,00:00:00.1600000,9,97,174,511601,513691,0,513691,1226051,1739742,1.0702735139298007,1.1551518882463592,0.05448617786169052,1,9,8,1
12,10,2901,00:00:00.1860000,12,212,339,1017423,1023399,2066,1025465,2324141,3349606,1.1515967301702439,1.3782898927169718,0.10824813693761826,1,12,11,1
12,11,3038,00:00:00.2340000,13,400,638,1996483,2016628,38000,2054628,4281835,6336463,1.2746304376245627,1.8352445466875116,0.19136378169059753,1,13,12,1
12,12,3164,00:00:00.3180000,16,753,1169,3820939,3875530,223220,4098750,7668376,11767126,1.425534142261889,2.672912170347527,0.279179185628891,1,16,15,1
12,13,3286,00:00:00.4740000,22,1377,2173,7222686,7354636,877589,8232225,13624182,21856407,1.5827171498248713,3.903509702348231,0.35998615622520447,2,22,19,1.1052631
12,14,3407,00:00:00.7450000,28,2627,4121,13324229,13629187,2769966,16399153,24036622,40435775,1.731841144429445,5.045540631957054,0.44524937868118286,2,28,20,1.35
12,15,3534,00:00:01.2030000,31,4787,7558,24148888,24987701,7800693,32788394,42842458,75630852,1.8658710496317676,5.690577726056684,0.5104926228523254,2,31,21,1.4285715
12,16,3670,00:00:02.1630000,43,8863,14202,43539756,45458748,20327143,65785891,76924546,142710437,2.0154987777147855,6.395558297552544,0.5488825440406799,2,43,31,1.3548387
12,17,3814,00:00:04.6210000,56,16494,26898,77381997,82032884,49421622,131454506,137114434,268568940,2.1962253313260964,8.04966969262084,0.5755963921546936,3,56,43,1.2790698
12,18,3965,00:00:11.0790000,76,30468,50409,137717061,148349593,114343354,262692947,241109579,503802526,2.4414129851347903,12.124168386312368,0.5915132761001587,3,76,57,1.3157895
12,19,4120,00:00:23.8300000,88,56042,93796,244713147,270082805,254272327,524355132,415520411,939875543,2.753990871606093,19.857106792390915,0.62533038854599,3,88,64,1.359375
12,20,4277,00:00:47.7970000,109,103498,174315,442654716,499473806,551559990,1051033796,701932654,1752966450,3.1436363122357425,30.61334922088193,0.6093327403068542,5,109,75,1.44
13,0,1372,00:00:00.0230000,1,2,2,1003,1004,0,1004,2700,3704,1,1,0,0,1,1,0
13,1,1530,00:00:00.0320000,1,1,2,2005,2005,0,2005,4955,6960,1,1,0,0,1,1,0
13,2,1715,00:00:00.0510000,1,1,2,4024,4024,0,4024,10295,14319,1,1,0,0,1,1,0
13,3,1881,00:00:00.0530000,1,1,2,8025,8025,0,8025,19898,27923,1,1,0,0,1,1,0
13,4,2054,00:00:00.0550000,1,2,5,16009,16010,0,16010,39838,55848,1,1,0,0,1,1,0
13,5,2230,00:00:00.0570000,1,4,9,32027,32031,0,32031,80102,112133,1,1,0,0,1,1,0
13,6,2400,00:00:00.0610000,1,9,18,64088,64124,0,64124,158674,222798,1,1,0,0,1,1,0
13,7,2574,00:00:00.0650000,1,23,38,128242,128430,0,128430,319319,447749,1,1,0,0,1,1,0
13,8,2744,00:00:00.0720000,1,56,86,255499,256453,0,256453,633132,889585,1,1,0,0,1,1,0
13,9,2914,00:00:00.0850000,5,105,175,510225,512219,0,512219,1258603,1770822,1.006046352099564,1.012193460957889,0.005733323749154806,1,5,4,1
13,10,3082,00:00:00.1190000,7,191,338,1015441,1023708,2297,1026005,2491421,3517426,1.0263383101529286,1.0434902964687407,0.01802103780210018,2,7,5,1.2
13,11,3243,00:00:00.1650000,11,399,677,1983162,2010409,41798,2052207,4791729,6843936,1.121292662929201,1.1830625377171076,0.05052194371819496,2,11,9,1.1111112
13,12,3376,00:00:00.2390000,18,765,1228,3818930,3872657,224396,4097053,8321845,12418898,1.4466340048128665,1.7189749925329616,0.1001792922616005,3,18,15,1.1333333
13,13,3474,00:00:00.3350000,19,1359,2094,7360882,7485550,770428,8255978,13040267,21296245,1.963642128755766,2.5536156182233265,0.12467676401138306,3,19,16,1.125
13,14,3551,00:00:00.4750000,20,2391,3525,14083670,14326824,2194585,16521409,19630324,36151733,2.460661816131733,2.7061625481941385,0.10375350713729858,3,20,17,1.117647
13,15,3621,00:00:00.6510000,16,4352,6190,26662197,27263101,5817439,33080540,29993183,63073723,2.860870505157546,2.525943278427387,0.08201801776885986,3,16,13,1.1538461
13,16,3690,00:00:01.0100000,15,8131,11335,49815753,51055345,14650616,65705961,47272358,112978319,3.167093027781794,2.450746834726079,0.06606597453355789,4,15,11,1.2727273
13,17,3764,00:00:01.7720000,15,14997,20949,93007982,95620872,36298067,131918939,78206364,210125303,3.411703621308545,2.3818787211284875,0.059236008673906326,4,15,11,1.2727273
13,18,3844,00:00:03.9470000,17,28229,39559,170279674,176026246,86702647,262728893,133432586,396161479,3.6119614546595855,2.249980810577091,0.06276262551546097,4,17,13,1.2307693
13,19,3934,00:00:08.9810000,23,53500,76161,310438362,323016212,203789291,526805503,234911340,761716843,3.8060605119414976,2.1541543721500958,0.08536821603775024,4,23,17,1.2941177
13,20,4034,00:00:19.7700000,28,100502,146629,557467474,586694308,463547657,1050241965,418155164,1468397129,4.007457617159562,2.2546391225353695,0.11630718410015106,3,28,24,1.125
14,0,2030,00:00:00.0370000,1,1,2,1002,1002,0,1002,2580,3582,1,1,0,0,1,1,0
14,1,2204,00:00:00.0470000,1,2,3,2001,2002,0,2002,5060,7062,1,1,0,0,1,1,0
14,2,2384,00:00:00.0660000,2,3,5,4006,4007,0,4007,10150,14157,1.0027458811782326,1.005506812810926,0,1,2,1,1
14,3,2545,00:00:00.0690000,2,3,6,8003,8004,0,8004,19206,27210,1.0027489691365739,1.0055130458181007,0,1,2,1,1
14,4,2713,00:00:00.0720000,2,7,12,16062,16068,0,16068,38454,54522,1.0080936371560205,1.0163183075758306,0,1,2,1,1
14,5,2883,00:00:00.0750000,2,7,17,32089,32114,0,32114,77310,109424,1.023621801863567,1.0483582679358334,0,1,2,1,1
14,6,3049,00:00:00.0790000,2,16,28,63912,64075,0,64075,154143,218218,1.0556859431718613,1.1175307375387913,0,1,2,1,1
14,7,3203,00:00:00.0840000,4,30,46,127662,128082,0,128082,295082,423164,1.119659726465197,1.267924131485531,0.013294029980897903,1,4,3,1
14,8,3343,00:00:00.1000000,6,49,77,254792,256013,0,256013,551270,807283,1.2259882570881346,1.5428397438984387,0.025733331218361855,2,6,4,1.25
14,9,3466,00:00:00.1090000,8,97,149,510614,513374,0,513374,1000950,1514324,1.3716584347471867,1.9129162370272683,0.04181373864412308,2,8,6,1.1666666
14,10,3572,00:00:00.1230000,9,187,281,1018158,1026102,1546,1027648,1775812,2803460,1.534368928987446,2.1533933157288097,0.05800360441207886,2,9,7,1.1428572
14,11,3667,00:00:00.1450000,12,346,498,2014078,2028642,29574,2058216,3133102,5191318,1.6987470197281336,2.173146821523079,0.06600314378738403,2,12,10,1.1
14,12,3756,00:00:00.1840000,13,686,956,3898833,3933254,181462,4114716,5532096,9646812,1.8606241919056292,2.13336421112274,0.07215696573257446,2,13,11,1.0909091
14,13,3843,00:00:00.2580000,14,1328,1841,7425068,7508597,726184,8234781,9784749,18019530,2.0278774551290306,2.1955767305633986,0.0753939300775528,2,14,12,1.0833334
14,14,3931,00:00:00.3920000,14,2435,3456,13907368,14135254,2346966,16482220,17367770,33849990,2.2013961232635824,2.365185767118122,0.07748335599899292,2,14,12,1.0833334
14,15,4022,00:00:00.6350000,16,4515,6512,25723388,26307745,6665781,32973526,30875479,63849005,2.380775930448975,2.5175231152805533,0.08019480854272842,3,16,13,1.1538461
14,16,4118,00:00:01.1030000,22,8371,12259,47073765,48394574,17400360,65794934,54960784,120755718,2.5618476236179535,2.4947848500265843,0.08220938593149185,3,22,19,1.1052631
14,17,4222,00:00:01.9790000,27,15460,23119,85116862,88461918,43099878,131561796,98460883,230022679,2.7376918101139585,2.3333601670319686,0.08649978786706924,4,27,23,1.1304348
14,18,4335,00:00:03.8350000,37,28911,43921,153249744,160918236,102130338,263048574,176438857,439487431,2.947779808363008,2.355137836778773,0.0960235446691513,4,37,28,1.2857143
14,19,4454,00:00:08.4570000,45,54189,83408,276176100,293900930,230407578,524308508,310272477,834580985,3.246826126518551,2.9946171210798154,0.11621442437171936,4,45,34,1.2941177
14,20,4573,00:00:21.1910000,53,101891,157528,510415146,551697354,497743605,1049440959,526685910,1576126869,3.72458309260282,5.382842601014138,0.24677008390426636,4,53,39,1.3333334
15,0,2091,00:00:00.0290000,2,2,2,1006,1006,0,1006,2192,3198,1.4333996023856859,1.9651338252617268,0,1,2,1,1
15,1,2203,00:00:00.0400000,2,2,2,2015,2015,0,2015,3809,5824,1.6168734491315135,1.896386006948481,0,1,2,1,1
15,2,2287,00:00:00.0570000,2,3,3,4017,4019,0,4019,6244,10263,1.7174508339556884,1.6818884087707346,0,1,2,1,1
15,3,2370,00:00:00.0580000,3,3,3,8004,8004,0,8004,11034,19038,1.8103448275862069,1.4505005942041125,0,2,3,1,2
15,4,2450,00:00:00.0590000,3,5,5,16122,16125,0,16125,20252,36377,1.8709837489145267,1.2979107955315698,0,2,3,1,2
15,5,2525,00:00:00.0600000,3,8,8,32007,32026,0,32026,37302,69328,1.912394163776674,1.2045278065218517,0,2,3,1,2
15,6,2601,00:00:00.0620000,3,11,14,63997,64072,0,64072,72229,136301,1.9436223572979983,1.1431616888892255,0,2,3,1,2
15,7,2675,00:00:00.0630000,3,17,24,127738,128008,0,128008,140128,268136,1.9685684760995161,1.108168079683602,0,2,3,1,2
15,8,2748,00:00:00.0650000,5,35,47,256970,257211,0,257211,274325,531536,1.992322060940966,1.0997762637438706,0.009468999691307545,2,5,3,1.3333334
15,9,2820,00:00:00.0780000,5,76,101,514418,515423,0,515423,540672,1056095,2.015623481293423,1.1090966913585543,0.01564287394285202,2,5,3,1.3333334
15,10,2890,00:00:00.0850000,6,147,197,1021533,1024393,1119,1025512,1054416,2079928,2.047125251949766,1.150287710947474,0.026537617668509483,3,6,3,1.6666666
15,11,2960,00:00:00.0980000,7,304,401,2020201,2027597,23601,2051198,2057748,4108946,2.095276658114712,1.2406629356892063,0.03989183530211449,3,7,4,1.5
15,12,3031,00:00:00.1230000,8,614,816,3925383,3944713,154221,4098934,3968721,8067655,2.1729629949485183,1.4095550651444138,0.058193475008010864,3,8,5,1.4
15,13,3104,00:00:00.1770000,8,1156,1583,7537427,7599788,646525,8246313,7533600,15779913,2.3036914321027586,1.7306393312786699,0.08673116564750671,3,8,5,1.4
15,14,3177,00:00:00.2820000,10,2187,3006,14255291,14407821,2099746,16507567,13820884,30328451,2.511239651298595,2.318910624702329,0.09206075221300125,3,10,7,1.2857143
15,15,3249,00:00:00.4390000,11,4173,5693,26687643,27077197,5839643,32916840,24474603,57391443,2.7952220059298605,3.0911421197180755,0.1031346395611763,3,11,8,1.25
15,16,3321,00:00:00.7840000,13,7967,10838,50091385,50890623,14915116,65805739,42467279,108273018,3.1102693207624426,3.3467552775982767,0.10651004314422607,3,13,9,1.3333334
15,17,3395,00:00:01.5060000,15,15030,20658,93542931,95368955,36346691,131715646,73359315,205074961,3.4062601480810986,2.819416616246493,0.09773623943328857,3,15,11,1.2727273
15,18,3474,00:00:03.6060000,17,28306,39276,172870930,177560338,86351700,263912038,127900981,391813019,3.660018864941607,2.286973253246691,0.0894598439335823,3,17,13,1.2307693
15,19,3560,00:00:08.3580000,20,53424,75367,314695894,326810751,200103974,526914725,224939186,751853911,3.8887194092211446,2.069908713656043,0.07943759858608246,5,20,14,1.3571428
15,20,3654,00:00:18.6220000,28,100931,145266,571661604,600299206,450750550,1051049756,396978196,1448027952,4.160684993284943,2.2628491807911066,0.07080650329589844,5,28,22,1.2272727
16,0,1446,00:00:00.0230000,2,2,3,1002,1002,0,1002,2456,3458,1.003992015968064,1.0080159136498887,0,1,2,1,1
16,1,1627,00:00:00.0370000,2,3,4,2012,2013,0,2013,5026,7039,1.0248508946322068,1.0509353421862462,0,1,2,1,1
16,2,1784,00:00:00.0650000,2,3,4,4032,4033,0,4033,9378,13411,1.0612599206349207,1.1299617536552566,0,1,2,1,1
16,3,1946,00:00:00.0670000,2,6,8,8020,8033,0,8033,18715,26748,1.1330423940149625,1.2998563686843754,0,1,2,1,1
16,4,2081,00:00:00.0690000,2,7,10,16036,16062,0,16062,34396,50458,1.2495634821651285,1.598882213934518,0,1,2,1,1
16,5,2202,00:00:00.0710000,2,7,13,31984,32062,0,32062,62303,94365,1.3833791895947973,1.896810249077821,0,1,2,1,1
16,6,2308,00:00:00.0730000,3,13,20,64286,64460,0,64460,110791,175251,1.5317643032697632,2.0004434311687906,0,2,3,1,2
16,7,2402,00:00:00.0760000,5,26,38,128545,128761,0,128761,197557,326318,1.663082967054339,1.8504670841521136,0.015842968598008156,2,5,3,1.3333334
16,8,2489,00:00:00.0880000,5,53,70,257413,258096,0,258096,358197,616293,1.7690326440389568,1.633622206281872,0.019136864691972733,2,5,3,1.3333334
16,9,2569,00:00:00.0940000,6,92,130,510524,512199,0,512199,652000,1164199,1.8556835721729048,1.4758833996454555,0.02050635777413845,2,6,4,1.25
16,10,2646,00:00:00.1020000,7,180,248,1024274,1028720,1228,1029948,1217683,2247631,1.931604238709564,1.3966310534352258,0.021383818238973618,2,7,5,1.2
16,11,2720,00:00:00.1180000,9,311,425,2016927,2025784,24678,2050462,2278372,4328834,2.00583015647071,1.3998779398097936,0.02221309207379818,2,9,7,1.1428572
16,12,2795,00:00:00.1460000,9,613,815,3913635,3942933,160608,4103541,4294949,8398490,2.086421191552099,1.4822606376853538,0.023561794310808182,2,9,7,1.1428572
16,13,2873,00:00:00.2060000,12,1197,1618,7496448,7565787,676887,8242674,8113987,16356661,2.188672421925691,1.675966494936154,0.027156909927725792,3,12,9,1.2222222
16,14,2954,00:00:00.3270000,12,2183,3051,13989532,14194907,2230643,16425550,15097548,31523098,2.312961648752796,1.9664367408581622,0.034316375851631165,3,12,9,1.2222222
16,15,3040,00:00:00.5190000,14,4254,5950,25855896,26364002,6415821,32779823,27821980,60601803,2.462817571667213,2.3104910724133307,0.04627123475074768,3,14,11,1.1818181
16,16,3133,00:00:00.9590000,17,8059,11509,47673178,48919710,17063663,65983373,51138936,117122309,2.642477117846014,2.5818643896895006,0.13602130115032196,3,17,14,1.1428572
16,17,3231,00:00:01.8400000,24,15377,22262,86649503,89363899,41920710,131284609,92111671,223396280,2.843718538120178,2.8045031051247196,0.1453690528869629,3,24,21,1.0952381
16,18,3337,00:00:04.4980000,29,28705,42557,157350201,163945873,99205627,263151500,165178137,428329637,3.0813867215841686,3.1885591576782466,0.16052646934986115,4,29,23,1.2173913
16,19,3449,00:00:11.1080000,34,54134,81634,284009998,300289085,225293493,525582578,291312687,816895265,3.365528561427616,3.98271334478018,0.18448235094547272,4,34,26,1.2692307
16,20,3565,00:00:24.0830000,42,101523,155079,518549534,556396089,493586286,1049982375,502878144,1552860519,3.745285176555573,5.514986941362912,0.2000652402639389,4,42,32,1.28125
17,0,1549,00:00:00.0380000,1,1,1,1008,1008,0,1008,2478,3486,1,1,0,0,1,1,0
17,1,1741,00:00:00.0560000,2,2,2,2007,2007,0,2007,5337,7344,1.0029895366218236,1.0059969353546403,0,1,2,1,1
17,2,1917,00:00:00.0750000,2,2,2,4015,4015,0,4015,10461,14476,1.0042341220423412,1.008504124918499,0,1,2,1,1
17,3,2086,00:00:00.0770000,2,2,2,8055,8055,0,8055,20386,28441,1.0084419615145872,1.0170264832614242,0,1,2,1,1
17,4,2253,00:00:00.0790000,2,4,4,16001,16004,0,16004,39856,55860,1.0183113555402787,1.0372929105870352,0,1,2,1,1
17,5,2418,00:00:00.0810000,2,5,8,32040,32054,0,32054,77819,109873,1.0442259675405743,1.0923471444774246,0,1,2,1,1
17,6,2576,00:00:00.0840000,2,14,23,64227,64319,0,64319,150707,215026,1.1031030563470192,1.226911979315172,0,1,2,1,1
17,7,2720,00:00:00.0880000,3,25,39,128283,128543,0,128543,282971,411514,1.2035031921610813,1.4811239769494842,0.0136863449588418,1,3,2,1
17,8,2846,00:00:00.1020000,4,44,65,255375,256033,0,256033,512773,768806,1.339954968184043,1.8231321686246897,0.022313192486763,1,4,3,1
17,9,2956,00:00:00.1090000,5,86,134,513150,515080,0,515080,914672,1429752,1.4887420832115366,2.0266616681297567,0.03168219327926636,1,5,4,1
17,10,3053,00:00:00.1190000,6,169,249,1023159,1028389,1494,1029883,1626147,2656030,1.6238043158492472,1.9422718872666567,0.04049577936530113,2,6,4,1.25
17,11,3143,00:00:00.1380000,7,330,476,2007767,2021902,28498,2050400,2915265,4965665,1.7398707120896,1.7248003082564074,0.05448298528790474,2,7,4,1.5
17,12,3233,00:00:00.1750000,9,644,913,3898572,3934849,183073,4117922,5343721,9461643,1.8358935015179918,1.5417470651203733,0.06556673347949982,2,9,6,1.3333334
17,13,3325,00:00:00.2680000,12,1245,1797,7366033,7449553,750617,8200170,9846609,18046779,1.9218983949705357,1.4485847165530126,0.08038748800754547,2,12,9,1.2222222
17,14,3424,00:00:00.3940000,13,2339,3443,13699534,13929790,2494723,16424513,18378983,34803496,2.0082607919364266,1.4525117768737368,0.10070915520191193,2,13,10,1.2
17,15,3531,00:00:00.6680000,18,4541,6750,25094587,25635994,7205664,32841658,34249986,67091644,2.114853533951366,1.6081234431249698,0.1278204619884491,2,18,15,1.1333333
17,16,3647,00:00:01.2790000,22,8600,12924,45284947,46769086,18974826,65743912,63328940,129072852,2.2506191295752207,1.9942700061527627,0.16402043402194977,2,22,19,1.1052631
17,17,3771,00:00:02.6250000,29,16108,24860,80715989,84736854,46475001,131211855,115119549,246331404,2.427985104661234,2.7460598561542207,0.205849751830101,3,29,25,1.12
17,18,3903,00:00:06.9080000,41,29922,47057,144272862,154255765,108669734,262925499,206005486,468930985,2.673159904459371,3.9760516145733233,0.2825203537940979,3,41,33,1.2121212
17,19,4037,00:00:15.7000000,53,55641,88475,260753299,284381373,241457977,525839350,356772971,882612321,3.0500127632134,5.9717042666988505,0.30459368228912354,4,53,40,1.3
17,20,4163,00:00:30.9450000,59,103324,164035,487549262,539983178,509838495,1049821673,585659447,1635481120,3.6306804398362518,7.58054624459293,0.358638733625412,5,60,45,1.3111111
18,0,1459,00:00:00.0250000,1,1,1,1003,1003,0,1003,2488,3491,1,1,0,0,1,1,0
18,1,1637,00:00:00.0350000,1,2,2,2006,2007,0,2007,4977,6984,1,1,0,0,1,1,0
18,2,1800,00:00:00.0530000,1,2,2,4020,4021,0,4021,9675,13696,1,1,0,0,1,1,0
18,3,1979,00:00:00.0550000,1,1,4,8008,8008,0,8008,20083,28091,1,1,0,0,1,1,0
18,4,2153,00:00:00.0570000,1,2,6,16026,16030,0,16030,40103,56133,1,1,0,0,1,1,0
18,5,2334,00:00:00.0600000,1,9,14,31983,32050,0,32050,82259,114309,1,1,0,0,1,1,0
18,6,2509,00:00:00.0630000,5,12,22,64153,64203,0,64203,162906,227109,1.0056583480117842,1.0114046776445538,0.0053777615539729595,1,5,4,1
18,7,2677,00:00:00.0780000,6,30,46,127952,128084,0,128084,317818,445902,1.0149665499562335,1.0305609589631288,0.013567549176514149,1,6,5,1
18,8,2845,00:00:00.0860000,6,60,86,255497,256401,0,256401,628002,884403,1.0372333138940966,1.0784505312727222,0.03468308970332146,1,6,5,1
18,9,3005,00:00:00.0980000,9,106,169,511131,513052,0,513052,1216236,1729288,1.0941226417493755,1.206253852818408,0.07511954754590988,2,9,7,1.1428572
18,10,3149,00:00:00.1180000,11,200,320,1019184,1024607,1988,1026595,2269498,3296093,1.2151564388765914,1.5211532974970705,0.14475709199905396,2,11,9,1.1111112
18,11,3270,00:00:00.1480000,12,358,560,1999720,2016264,34321,2050585,3987148,6037733,1.4367466445302342,2.2677820918548877,0.24032273888587952,2,12,10,1.1
18,12,3370,00:00:00.1940000,13,665,1032,3873205,3914698,192403,4107101,6656931,10764032,1.748696492956092,3.563557674538127,0.32642459869384766,2,13,10,1.2
18,13,3456,00:00:00.2720000,13,1263,1885,7422681,7526073,720048,8246121,10839960,19086081,2.0787815076520197,3.9616759197904146,0.362021803855896,2,13,10,1.2
18,14,3535,00:00:00.3710000,15,2277,3307,13979281,14191045,2206618,16397663,17623306,34020969,2.3676680510249417,2.9898927324528533,0.3452194631099701,3,15,11,1.2727273
18,15,3615,00:00:00.5800000,15,4298,6135,26092242,26609524,6175629,32785153,29435997,62221150,2.5928066664413123,2.1473536644343305,0.31042879819869995,3,15,10,1.4
18,16,3701,00:00:01.0010000,19,8060,11540,48382071,49500370,16394766,65895136,50999105,116894241,2.7671624267592843,1.7146847352995211,0.2457866072654724,3,19,14,1.2857143
18,17,3795,00:00:01.9500000,22,15137,21930,87556669,90182681,41026839,131209520,90343262,221552782,2.9072248168783124,1.5415440929781792,0.1996992826461792,3,22,17,1.2352941
18,18,3902,00:00:04.8100000,29,28388,42059,157413384,163634553,99542501,263177054,164260578,427437632,3.0436253755906804,1.5809268499712128,0.14921675622463226,4,29,23,1.2173913
18,19,4021,00:00:11.8380000,37,53920,81969,278824476,294069911,230744698,524814609,298532262,823346871,3.2124792121908263,1.915337475975265,0.12994572520256042,4,37,28,1.2857143
18,20,4152,00:00:27.0380000,46,101425,158440,496650896,535454821,518462525,1053917346,538224683,1592142029,3.470734123069014,2.9293505138446165,0.13861417770385742,4,46,37,1.2162162
1,0,1638,00:00:00.0250000,1,1,1,1004,1004,0,1004,2385,3389,1,1,0,0,1,1,0
1,1,1822,00:00:00.0340000,1,1,2,2008,2008,0,2008,5150,7158,1,1,0,0,1,1,0
1,2,2002,00:00:00.0520000,1,2,3,4005,4006,0,4006,10328,14334,1,1,0,0,1,1,0
1,3,2172,00:00:00.0540000,2,3,4,8011,8012,0,8012,20196,28208,1.001997253776058,1.0040024425989325,0,1,2,1,1
1,4,2351,00:00:00.0570000,2,4,6,16067,16071,0,16071,40944,57015,1.0047924316922885,1.009630836971947,0,1,2,1,1
1,5,2522,00:00:00.0590000,2,6,12,32059,32093,0,32093,80534,112627,1.0156898218908887,1.0318717932902206,0,1,2,1,1
1,6,2686,00:00:00.0620000,3,9,19,64129,64174,0,64174,155561,219735,1.042398914687583,1.0886329277132913,0.014451131224632263,1,3,2,1
1,7,2844,00:00:00.0750000,3,21,41,128068,128361,0,128361,300789,429150,1.0960349189493082,1.2116696392548385,0.03209172934293747,1,3,2,1
1,8,2989,00:00:00.0810000,5,49,78,256122,256597,0,256597,566732,823329,1.196320503510046,1.4743734053618722,0.04891086742281914,1,5,4,1
1,9,3116,00:00:00.0900000,5,96,151,511251,513596,0,513596,1031957,1545553,1.331330403265715,1.8548314010321958,0.08259831368923187,1,5,4,1
1,10,3227,00:00:00.1040000,7,210,309,1018097,1024453,1604,1026057,1844382,2870439,1.4821406997565065,2.17087845449964,0.10869605839252472,2,7,5,1.2
1,11,3327,00:00:00.1290000,11,385,558,2006397,2019684,30577,2050261,3275516,5325777,1.6258437388014435,2.2089243470805244,0.12197276949882507,2,11,9,1.1111112
1,12,3423,00:00:00.1750000,14,702,1046,3898945,3930343,190638,4120981,5860759,9981740,1.7564143633726559,2.057191443515162,0.1391967236995697,2,14,12,1.0833334
1,13,3519,00:00:00.2860000,16,1296,1914,7363632,7455929,771994,8227923,10562603,18790526,1.8737565918557582,1.9287349404579222,0.15079253911972046,2,16,13,1.1538461
1,14,3618,00:00:00.4170000,19,2378,3523,13662143,13902171,2496453,16398624,19083564,35482188,2.0018251895035792,1.9570102891267616,0.15568643808364868,3,19,15,1.2
1,15,3723,00:00:00.7080000,23,4531,6736,25207050,25830715,7147126,32977841,34649796,67627637,2.1677927008515474,2.2687794801711307,0.16988186538219452,3,23,16,1.375
1,16,3829,00:00:01.2200000,29,8328,12601,45948858,47406531,18208423,65614954,61155796,126770750,2.4094509813497433,3.1483754303362588,0.1899838149547577,3,29,20,1.4
1,17,3936,00:00:02.3490000,33,15703,23627,84729643,88227215,43643831,131871046,105734493,237605539,2.7493364276301744,4.86830934852626,0.2242870032787323,3,33,21,1.5238096
1,18,4041,00:00:05.2910000,36,29503,44249,156554014,164361537,99389840,263751377,178083813,441835190,3.1267995849662467,5.552512230496434,0.2295135259628296,4,36,24,1.4583334
1,19,4147,00:00:11.5810000,40,54846,82515,286840873,303846088,220676622,524522710,297359808,821882518,3.471582761498568,4.231964061368107,0.2211505025625229,4,40,27,1.4444444
1,20,4261,00:00:24.3130000,42,102610,156626,522223489,562793040,491743148,1054536188,506003227,1560539415,3.7661209624372143,3.3008465515349763,0.2201065570116043,5,42,26,1.5769231
19,0,2260,00:00:00.0330000,2,2,2,1001,1001,0,1001,2401,3402,1.011988011988012,1.0242633065708067,0,1,2,1,1
19,1,2406,00:00:00.0420000,2,2,2,2011,2011,0,2011,4561,6572,1.0283441074092492,1.0582922318716041,0,1,2,1,1
19,2,2562,00:00:00.0590000,2,2,2,4015,4015,0,4015,8897,12912,1.0764632627646327,1.164460616269929,0,1,2,1,1
19,3,2721,00:00:00.0620000,3,4,5,8015,8021,0,8021,18196,26217,1.1474734872114785,1.333170394891385,0,2,3,1,2
19,4,2854,00:00:00.0630000,4,6,7,16084,16086,0,16086,33256,49342,1.2784755036060682,1.6583403827660037,0.04130682349205017,2,4,2,1.5
19,5,2969,00:00:00.0740000,4,5,9,32068,32070,0,32070,59594,91664,1.4658849943869279,2.0868539241525155,0.09213043749332428,2,4,2,1.5
19,6,3064,00:00:00.0760000,4,11,18,64257,64294,0,64294,102884,167178,1.677918359089282,2.436859541375266,0.172690287232399,2,4,2,1.5
19,7,3143,00:00:00.0780000,4,21,32,128504,128722,0,128722,174827,303549,1.912920998568138,2.7666741158833053,0.28024810552597046,2,4,2,1.5
19,8,3210,00:00:00.0800000,5,34,52,257216,257794,0,257794,297451,555245,2.1429887720826075,3.116217878943095,0.4003778398036957,3,5,2,2
19,9,3268,00:00:00.0830000,6,71,93,512457,513788,0,513788,509011,1022799,2.3402763548941667,3.365002854282769,0.33069995045661926,3,6,3,1.6666666
19,10,3321,00:00:00.0880000,7,147,198,1021361,1024842,841,1025683,895795,1921478,2.5095123075974115,3.40692488545047,0.3198607563972473,3,7,4,1.5
19,11,3371,00:00:00.0960000,9,287,362,2028942,2036220,17720,2053940,1609067,3663007,2.647711467355893,3.285262102759085,0.3627842962741852,3,9,5,1.6
19,12,3421,00:00:00.1240000,11,549,703,3990043,4004238,119167,4123405,2957235,7080640,2.762470730265313,3.1153177682896485,0.38801485300064087,3,11,7,1.4285715
19,13,3473,00:00:00.1570000,11,1048,1333,7697799,7744449,512942,8257391,5507004,13764395,2.8599329496652226,2.9780019458788636,0.41016721725463867,3,11,7,1.4285715
19,14,3529,00:00:00.2310000,14,2035,2606,14663292,14755575,1762829,16518404,10346958,26865362,2.955031107612124,2.959904373759913,0.4216974377632141,4,14,9,1.4444444
19,15,3591,00:00:00.3540000,14,4021,5236,27519208,27809943,5310658,33120601,19580035,52700636,3.0532713005403354,3.0710299988150256,0.4258938133716583,4,14,9,1.4444444
19,16,3659,00:00:00.6360000,16,7657,10201,50751553,51497824,14384112,65881936,36682418,102564354,3.1800408156968123,3.4020427098826467,0.4209793508052826,5,16,10,1.5
19,17,3734,00:00:01.2090000,19,14681,20006,93793327,95750739,36445113,132195852,68076238,200272090,3.389553821883299,4.119332452351904,0.4088534414768219,5,19,12,1.5
19,18,3809,00:00:02.2800000,22,27764,38046,174779780,179611670,83997229,263608899,119607107,383216006,3.8191708731982614,5.479499920899997,0.4682958722114563,4,22,15,1.4
19,19,3877,00:00:04.4620000,25,52807,71635,335795206,346136927,178486792,524623719,195479892,720103611,4.48609669847401,5.202756307387688,0.6074854731559753,5,25,14,1.7142857
19,20,3940,00:00:09.7930000,28,101594,135911,654497323,676538708,372465849,1049004557,309889147,1358893704,5.127827486927704,3.228266428940588,0.3832935392856598,5,28,17,1.5882353
20,0,2009,00:00:00.0420000,1,1,1,1004,1004,0,1004,2625,3629,1,1,0,0,1,1,0
20,1,2182,00:00:00.0570000,1,1,2,2002,2002,0,2002,5082,7084,1,1,0,0,1,1,0
20,2,2356,00:00:00.0760000,1,1,2,4014,4014,0,4014,9959,13973,1,1,0,0,1,1,0
20,3,2531,00:00:00.0780000,1,2,4,8015,8018,0,8018,20050,28068,1,1,0,0,1,1,0
20,4,2711,00:00:00.0800000,2,4,6,16031,16039,0,16039,40995,57034,1.001559478510386,1.0031238559379647,0,1,2,1,1
20,5,2885,00:00:00.0830000,2,5,9,32033,32056,0,32056,81132,113188,1.003621265569881,1.0072687871420476,0,1,2,1,1
20,6,3057,00:00:00.0860000,2,11,19,64131,64221,0,64221,160542,224763,1.0094026289937783,1.0189820526448254,0,1,2,1,1
20,7,3229,00:00:00.0900000,4,17,35,128244,128409,0,128409,319574,447983,1.0258569601696765,1.0531918414571009,0.009487778879702091,1,4,3,1
20,8,3393,00:00:00.1050000,6,41,77,256010,256145,0,256145,621589,877734,1.0655560329674623,1.1409274922747568,0.022307874634861946,1,6,5,1
20,9,3545,00:00:00.1160000,6,106,179,513354,514372,0,514372,1178573,1692945,1.1427124362525665,1.3320615298347525,0.04735708236694336,1,6,5,1
20,10,3681,00:00:00.1350000,7,209,337,1019926,1023713,1893,1025606,2175277,3200883,1.267582157921261,1.684030407840125,0.08590473234653473,2,7,5,1.2
20,11,3801,00:00:00.1680000,8,388,609,2005210,2016885,34682,2051567,3889027,5940594,1.4258486642296817,2.1312382585914924,0.1298452466726303,2,8,6,1.1666666
20,12,3911,00:00:00.2320000,8,727,1112,3872528,3913783,206957,4120740,6846039,10966779,1.6019762800940367,2.4479497918055584,0.1691310852766037,2,8,6,1.1666666
20,13,4014,00:00:00.3350000,13,1368,2041,7338444,7420005,801114,8221119,11874553,20095672,1.798667265158663,2.608716717820733,0.19056060910224915,3,13,10,1.2
20,14,4114,00:00:00.4770000,13,2518,3718,13660226,13892296,2504396,16396692,20456314,36853006,2.017480384292324,2.824746786194787,0.19613251090049744,3,13,10,1.2
20,15,4212,00:00:00.7610000,18,4569,6828,25572163,26040020,6893159,32933179,34918262,67851441,2.3061190795631954,3.427931701828758,0.18013352155685425,3,18,14,1.2142857
20,16,4305,00:00:01.2450000,19,8420,12446,47373967,48470882,17093951,65564833,58092939,123657772,2.6539653730075,4.313724301190966,0.1675368994474411,4,19,14,1.2857143
20,17,4396,00:00:02.5550000,20,15661,22922,88384728,90876322,40401870,131278192,95917583,227195775,3.0321071758007787,4.550872567118666,0.15462258458137512,4,20,15,1.2666667
20,18,4488,00:00:05.4750000,22,29051,42528,164765383,170636608,93323000,263959608,159291605,423251213,3.37964958938007,3.7349633374856523,0.14099127054214478,4,22,17,1.2352941
20,19,4583,00:00:11.2510000,28,53880,79235,301559854,315135693,210236282,525371975,266278119,791650094,3.679914472302404,3.0329330286472294,0.12663008272647858,4,28,21,1.2857143
20,20,4686,00:00:23.0920000,33,101582,150860,549273071,581487156,470184915,1051672071,454697737,1506369808,3.9693700257881384,2.86789481070901,0.11680839955806732,4,33,25,1.28
21,0,1193,00:00:00.0380000,1,1,1,1001,1001,0,1001,2338,3339,1,1,0,0,1,1,0
21,1,1366,00:00:00.0550000,1,1,1,2003,2003,0,2003,4869,6872,1,1,0,0,1,1,0
21,2,1540,00:00:00.1030000,1,1,1,4008,4008,0,4008,9867,13875,1,1,0,0,1,1,0
21,3,1717,00:00:00.1060000,2,3,3,8012,8015,0,8015,19922,27937,1.0023714428357464,1.0047541079721338,0,1,2,1,1
21,4,1889,00:00:00.1090000,2,4,6,16005,16011,0,16011,39980,55991,1.0081849422055607,1.0165039085072989,0,1,2,1,1
21,5,2062,00:00:00.1120000,2,7,10,32084,32090,0,32090,79790,111880,1.0241865104101733,1.0495415190767023,0,1,2,1,1
21,6,2227,00:00:00.1140000,2,8,15,64183,64230,0,64230,155845,220075,1.0631164015393484,1.134128241826465,0,1,2,1,1
21,7,2378,00:00:00.1180000,3,22,35,128105,128320,0,128320,293789,422109,1.1460676788571875,1.327588795852119,0,2,3,1,2
21,8,2512,00:00:00.1230000,3,46,75,255126,256065,0,256065,539077,795142,1.2783604963821797,1.6572419608516409,0,2,3,1,2
21,9,2626,00:00:00.1310000,5,90,143,512096,514391,0,514391,956443,1470834,1.4692381897144287,2.101550378981295,0.015035640448331833,2,5,3,1.3333334
21,10,2719,00:00:00.1520000,7,168,250,1017700,1023457,1369,1024826,1632983,2657809,1.6941927876584455,2.4923537535002445,0.022136997431516647,2,7,5,1.2
21,11,2799,00:00:00.1690000,8,332,470,2014215,2029718,25693,2055411,2771975,4827386,1.9396544063071717,2.7579710055985753,0.029042402282357216,2,8,6,1.1666666
21,12,2871,00:00:00.1990000,11,648,881,3942011,3973600,156823,4130423,4707912,8838335,2.1800017808169483,2.8246019226013264,0.035158492624759674,3,11,8,1.25
21,13,2939,00:00:00.2510000,12,1197,1611,7524041,7601493,621246,8222739,8030434,16253173,2.39155647875922,2.6332022261962096,0.044309113174676895,3,12,8,1.375
21,14,3009,00:00:00.3510000,13,2281,3070,14289665,14491252,2046989,16538241,14066628,30604869,2.575365972540294,2.3088378732544035,0.050668347626924515,3,13,9,1.3333334
21,15,3082,00:00:00.5310000,14,4171,5720,26496936,26993438,5886092,32879530,24910324,57789854,2.730746528579757,2.0314088836200583,0.1228354424238205,3,14,10,1.3
21,16,3163,00:00:00.9380000,17,7989,11015,48977702,50174767,15888223,66062990,45267784,111330774,2.871169557934752,1.8830522269942809,0.141792431473732,3,17,13,1.2307693
21,17,3252,00:00:01.8090000,23,15018,21287,89092176,91760001,40027883,131787884,82594608,214382492,3.0163558357806863,1.9269651910467906,0.16373896598815918,4,23,17,1.2941177
21,18,3351,00:00:04.5980000,28,28633,41560,160539395,167096949,96304353,263401302,151041318,414442620,3.188769846803023,2.2419023035257237,0.18400754034519196,4,28,22,1.2272727
21,19,3459,00:00:10.9650000,37,53760,80089,289450414,304639442,221947385,526586827,272826761,799413588,3.4286348334606287,3.0951424536772354,0.21715515851974487,4,37,30,1.2
21,20,3573,00:00:24.1120000,49,101086,153427,524882848,558455936,490499630,1048955566,481096121,1530051687,3.7528306087837717,4.87750389474264,0.23855826258659363,3,49,39,1.2307693
22,0,1125,00:00:00.0470000,1,1,1,1003,1003,0,1003,2444,3447,1,1,0,0,1,1,0
22,1,1289,00:00:00.0610000,1,1,1,2008,2008,0,2008,4822,6830,1,1,0,0,1,1,0
22,2,1469,00:00:00.0880000,1,1,1,4004,4004,0,4004,10064,14068,1,1,0,0,1,1,0
22,3,1638,00:00:00.0920000,1,1,1,8016,8016,0,8016,19760,27776,1,1,0,0,1,1,0
22,4,1809,00:00:00.0960000,1,3,4,16023,16027,0,16027,39488,55515,1,1,0,0,1,1,0
22,5,1979,00:00:00.1010000,2,9,14,31967,32001,0,32001,78965,110966,1.001595395251353,1.003195846223848,0,1,2,1,1
22,6,2152,00:00:00.1080000,3,18,25,63948,64063,0,64063,158570,222633,1.0048164133358353,1.009688313690729,0.0026829680427908897,1,3,2,1
22,7,2327,00:00:00.1300000,4,25,44,128100,128438,0,128438,320094,448532,1.0151990632318502,1.030989316829244,0.012266268022358418,1,4,3,1
22,8,2493,00:00:00.1410000,6,49,80,255329,256088,0,256088,626036,882124,1.0411038307438638,1.0867798446449455,0.030433110892772675,1,6,5,1
22,9,2652,00:00:00.1580000,7,100,167,511381,514024,0,514024,1211040,1725064,1.0935897109982577,1.2122043958393085,0.06546549499034882,1,7,6,1
22,10,2796,00:00:00.1860000,10,203,313,1015846,1022731,1994,1024725,2266075,3290800,1.1895730258326558,1.4924155207340584,0.11641671508550644,1,10,9,1
22,11,2927,00:00:00.2320000,11,399,607,1990350,2014553,36622,2051175,4137188,6188363,1.3261521842891955,2.027598381601582,0.19415676593780518,1,11,10,1
22,12,3047,00:00:00.3200000,16,767,1178,3829873,3888767,216967,4105734,7359701,11465435,1.4883404749974738,2.8510820649518647,0.2708721160888672,2,16,12,1.25
22,13,3161,00:00:00.4730000,21,1371,2121,7208040,7349829,844214,8194043,12916374,21110417,1.65455574608354,3.7079946833108406,0.33372947573661804,2,21,17,1.1764706
22,14,3276,00:00:00.7330000,29,2589,3946,13499052,13780396,2701728,16482124,22812161,39294285,1.8256442007927667,4.358134255798816,0.36523863673210144,2,29,24,1.1666666
22,15,3392,00:00:01.1490000,32,4698,7258,24595509,25341083,7513712,32854795,40011267,72866062,1.9990821901673188,4.940941625524166,0.39552873373031616,2,32,27,1.1481482
22,16,3512,00:00:01.9290000,39,8755,13567,44550014,46342840,19239927,65582767,70015001,135597768,2.209077936541165,6.110632665115037,0.4404008388519287,3,39,30,1.2666667
22,17,3636,00:00:03.5570000,45,16208,25365,80579962,84800736,46402615,131203351,121668424,252871775,2.4632149367357608,8.405631792338625,0.47406306862831116,3,45,32,1.375
22,18,3763,00:00:07.6120000,50,29661,46976,145977306,155919946,107058305,262978251,209022623,472000874,2.764096749394731,11.892142333753705,0.490033894777298,3,50,37,1.3243244
22,19,3891,00:00:16.3320000,65,54929,87384,266690971,287847426,237695163,525542589,353090377,878632966,3.130528768444883,15.770800002810109,0.514112651348114,4,65,45,1.4222223
22,20,4019,00:00:33.0220000,71,102701,163526,490523674,538564961,514145136,1052710097,586502427,1639212524,3.564974955724563,18.520045707726055,0.560837984085083,4,71,49,1.4285715
23,0,2135,00:00:00.0310000,1,1,1,1006,1006,0,1006,2880,3886,1,1,0,0,1,1,0
23,1,2295,00:00:00.0420000,1,1,2,2001,2001,0,2001,5178,7179,1,1,0,0,1,1,0
23,2,2475,00:00:00.0600000,1,1,4,4007,4007,0,4007,10282,14289,1,1,0,0,1,1,0
23,3,2644,00:00:00.0620000,1,3,7,8004,8011,0,8011,20037,28048,1,1,0,0,1,1,0
23,4,2826,00:00:00.0650000,2,7,11,15993,16019,0,16019,41167,57186,1.0026261489401613,1.0052660347722493,0,1,2,1,1
23,5,3000,00:00:00.0690000,4,8,16,32018,32057,0,32057,81493,113550,1.0118058592041976,1.023960351892475,0.008044729940593243,1,4,3,1
23,6,3169,00:00:00.0810000,6,14,23,64210,64283,0,64283,159086,223369,1.0302445102009032,1.0629060823445764,0.02084551937878132,1,6,5,1
23,7,3332,00:00:00.0860000,7,29,48,128386,128526,0,128526,309871,438397,1.0720950882494975,1.1586144459093832,0.04934053495526314,1,7,6,1
23,8,3483,00:00:00.0920000,8,47,77,255771,256354,0,256354,587134,843488,1.1537234479280294,1.374753022116753,0.10394161194562912,2,8,6,1.1666666
23,9,3616,00:00:00.1010000,10,96,144,511256,512959,0,512959,1073231,1586190,1.28501572597681,1.8153330837418509,0.17699378728866577,2,10,7,1.2857143
23,10,3730,00:00:00.1160000,12,193,289,1021631,1025766,1647,1027413,1904856,2932269,1.455408068079375,2.557274204710408,0.2532534599304199,2,12,9,1.2222222
23,11,3829,00:00:00.1390000,12,325,493,2012030,2026485,30347,2056832,3318043,5374875,1.6512010258296348,3.5300883590631527,0.33254796266555786,2,12,9,1.2222222
23,12,3918,00:00:00.1760000,13,646,933,3886987,3926159,180165,4106324,5707379,9813703,1.8605138118547861,4.490538892955121,0.3471340239048004,2,13,10,1.2
23,13,4002,00:00:00.2590000,15,1172,1696,7399361,7496429,706197,8202626,9795278,17997904,2.080175707064434,5.176320676163414,0.36334213614463806,3,15,10,1.4
23,14,4085,00:00:00.3570000,18,2272,3247,13981360,14198936,2261373,16460309,16926211,33386520,2.300335089004217,5.267351355096259,0.35685569047927856,3,18,13,1.3076923
23,15,4169,00:00:00.5530000,20,4209,6083,25940257,26489703,6366539,32856242,29367452,62223694,2.50769890213501,4.759863533207715,0.3414950966835022,3,20,15,1.2666667
23,16,4258,00:00:00.9870000,24,8136,11672,47927815,49187944,16716451,65904395,51685026,117589421,2.709703728409067,4.196770135122848,0.3129133880138397,3,24,18,1.2777778
23,17,4353,00:00:01.8560000,31,15338,22260,87645664,90371096,41347830,131718926,91447136,223166062,2.9144346946815305,3.988331495497049,0.29560908675193787,4,31,23,1.3043479
23,18,4455,00:00:04.6120000,35,28934,42453,158282443,164723047,97486417,262209464,161748519,423957983,3.1325107358874917,4.272240218983835,0.2629571557044983,4,35,26,1.3076923
23,19,4565,00:00:11.1540000,41,54091,81251,286378079,301909291,222841968,524751259,285399009,810150268,3.4001961756297696,5.16371768211087,0.25510895252227783,5,41,29,1.3793104
23,20,4681,00:00:24.5060000,48,102168,155929,522975079,559922144,494423345,1054345489,497367403,1551712892,3.7532840986482263,6.756598389437991,0.24869748950004578,5,49,35,1.3714286
24,0,1664,00:00:00.0270000,1,1,1,1002,1002,0,1002,2615,3617,1,1,0,0,1,1,0
24,1,1842,00:00:00.0370000,1,1,1,2013,2013,0,2013,5195,7208,1,1,0,0,1,1,0
24,2,2030,00:00:00.0560000,1,1,2,4018,4018,0,4018,10696,14714,1,1,0,0,1,1,0
24,3,2209,00:00:00.0580000,1,1,2,8008,8008,0,8008,20805,28813,1,1,0,0,1,1,0
24,4,2375,00:00:00.0600000,1,1,3,16042,16042,0,16042,39975,56017,1,1,0,0,1,1,0
24,5,2546,00:00:00.0620000,1,1,4,32090,32090,0,32090,79260,111350,1,1,0,0,1,1,0
24,6,2719,00:00:00.0650000,1,9,15,64044,64091,0,64091,158795,222886,1,1,0,0,1,1,0
24,7,2894,00:00:00.0700000,2,31,43,128191,128364,0,128364,319875,448239,1.0010297134744248,1.0020615804028168,0,1,2,1,1
24,8,3066,00:00:00.0790000,2,65,96,255094,256188,0,256188,638329,894517,1.003339945275075,1.006702202527362,0,1,2,1,1
24,9,3237,00:00:00.0940000,5,131,200,510357,513471,0,513471,1269441,1782912,1.0156733423858202,1.0319895590775379,0.012412776239216328,1,5,4,1
24,10,3404,00:00:00.1300000,8,238,374,1014653,1025845,2297,1028142,2497457,3525599,1.042832377177222,1.0907421955028662,0.0310561191290617,1,8,7,1
24,11,3564,00:00:00.1790000,15,420,704,1984939,2012557,42192,2054749,4794811,6849560,1.1064843806283216,1.2475649639584685,0.0720864087343216,1,15,14,1
24,12,3717,00:00:00.2740000,24,803,1328,3797557,3862591,249741,4112332,8913681,13026013,1.2198618743576461,1.610472100284461,0.14047546684741974,1,24,23,1
24,13,3863,00:00:00.4400000,31,1511,2444,7106287,7263182,959786,8222968,16045528,24268496,1.3772358194933585,2.3663905769582474,0.23420248925685883,1,31,30,1
24,14,4004,00:00:00.7050000,39,2747,4454,13067425,13433765,2966828,16400593,28160253,44560846,1.5538312253561815,3.644806059496091,0.3313386142253876,2,39,36,1.0555556
24,15,4146,00:00:01.1710000,43,4915,8075,23608659,24597784,8179824,32777608,49155385,81932993,1.7252204371285975,5.024515648741379,0.4124700427055359,2,43,39,1.0769231
24,16,4293,00:00:02.0090000,51,9192,15002,42141390,44683613,20908248,65591861,85907703,151499564,1.9008617418647082,6.039737289505693,0.4578028619289398,3,51,46,1.0869565
24,17,4444,00:00:04.4060000,70,16749,27730,75616358,81225022,50091535,131316557,148780527,280097084,2.153824401328612,7.742955140265716,0.46299636363983154,4,70,56,1.2321428
24,18,4586,00:00:09.6070000,79,30390,50236,138540455,151209791,110957739,262167530,245768937,507936467,2.64436524335076,12.128011709167726,0.4368835687637329,4,79,61,1.2786885
24,19,4704,00:00:17.3770000,78,55845,89579,270666671,296419076,229525937,525945013,377158810,903103823,3.4555916564991485,9.867010404412401,0.33051797747612,5,78,55,1.4
24,20,4803,00:00:28.9850000,64,103234,159753,531954494,582734801,465998625,1048733426,556848723,1605582149,4.179458408711178,4.363580593117694,0.22581101953983307,5,64,45,1.4
25,0,1435,00:00:00.0230000,1,1,1,1001,1001,0,1001,2726,3727,1,1,0,0,1,1,0
25,1,1587,00:00:00.0330000,1,1,1,2015,2015,0,2015,4939,6954,1,1,0,0,1,1,0
25,2,1795,00:00:00.0500000,1,1,1,4007,4007,0,4007,11191,15198,1,1,0,0,1,1,0
25,3,1969,00:00:00.0520000,1,2,3,8040,8047,0,8047,21259,29306,1,1,0,0,1,1,0
25,4,2143,00:00:00.0540000,2,3,5,16061,16063,0,16063,41434,57497,1.0031753938110952,1.0063709212278633,0,1,2,1,1
25,5,2316,00:00:00.0570000,2,6,8,32060,32081,0,32081,81688,113769,1.0073300062383033,1.0147674468037404,0,1,2,1,1
25,6,2487,00:00:00.0600000,4,12,18,64106,64161,0,64161,161235,225396,1.018952984120051,1.0387333479617664,0.009433229453861713,1,4,3,1
25,7,2654,00:00:00.0730000,5,26,38,127934,128133,0,128133,314638,442771,1.0589679053261838,1.113459744432096,0.02173560857772827,2,5,3,1.3333334
25,8,2805,00:00:00.0790000,5,46,75,256159,257093,0,257093,591557,848650,1.178069089901194,1.3344427647972161,0.04838326945900917,2,5,3,1.3333334
25,9,2924,00:00:00.0870000,6,98,147,510705,513763,0,513763,1023731,1537494,1.4525117239893872,1.9108347396028798,0.06925977766513824,2,6,4,1.25
25,10,3010,00:00:00.1050000,7,180,263,1015042,1023348,1213,1024561,1644780,2669341,1.8409287497463158,2.685031500290741,0.08580726385116577,3,7,4,1.5
25,11,3077,00:00:00.1200000,9,332,464,2017060,2034620,22123,2056743,2595334,4652077,2.2089942788018204,2.6555710469639555,0.08898179233074188,3,9,5,1.6
25,12,3135,00:00:00.1430000,11,634,859,3929583,3963556,132594,4096150,4149590,8245740,2.495881878560651,2.163365398459717,0.0800592228770256,3,11,7,1.4285715
25,13,3192,00:00:00.1910000,11,1231,1621,7619183,7694584,545571,8240155,6927913,15168068,2.714292989156449,1.8094279970757114,0.07948417961597443,3,11,7,1.4285715
25,14,3250,00:00:00.2750000,12,2172,2883,14433265,14597835,1801992,16399827,11921759,28321586,2.87817905373455,1.660437544631499,0.04179473593831062,3,12,8,1.375
25,15,3313,00:00:00.4020000,15,4158,5490,27212669,27543117,5328050,32871167,21252837,54124004,3.0220903359387497,1.6788794365958875,0.037027038633823395,4,15,10,1.4
25,16,3382,00:00:00.7020000,17,7840,10512,50465559,51226011,14416593,65642604,38538030,104180634,3.160996413415335,1.858178609427428,0.055957116186618805,4,17,12,1.3333334
25,17,3459,00:00:01.2980000,18,15032,20412,92612859,94774374,36829005,131603379,70730081,202333460,3.31086875311775,2.2311648345989736,0.06905277818441391,4,18,12,1.4166666
25,18,3544,00:00:02.5530000,22,28327,39486,169275727,174395272,89226957,263622229,129442590,393064819,3.511730787013545,2.8912090857938963,0.09374291449785233,5,22,14,1.5
25,19,3635,00:00:05.6330000,24,53516,76173,307559168,320615905,205024564,525640469,231837195,757477664,3.7893452618521843,3.918417814175843,0.3221152424812317,5,24,15,1.5333333
25,20,3728,00:00:14.0270000,32,100781,145421,573562186,602202353,448325398,1050527751,401242406,1451770157,4.242854453100226,5.530552456904313,0.34546738862991333,5,32,20,1.55
26,0,1478,00:00:00.0400000,1,1,2,1004,1004,0,1004,2364,3368,1,1,0,0,1,1,0
26,1,1655,00:00:00.0490000,1,1,2,2011,2011,0,2011,4948,6959,1,1,0,0,1,1,0
26,2,1835,00:00:00.0670000,1,2,3,4002,4003,0,4003,10128,14131,1,1,0,0,1,1,0
26,3,2017,00:00:00.0770000,1,1,3,8004,8004,0,8004,20656,28660,1,1,0,0,1,1,0
26,4,2195,00:00:00.0910000,1,2,5,16014,16015,0,16015,41242,57257,1,1,0,0,1,1,0
26,5,2371,00:00:00.0930000,1,9,13,31993,32035,0,32035,81891,113926,1,1,0,0,1,1,0
26,6,2540,00:00:00.0970000,1,19,25,63909,64091,0,64091,159824,223915,1,1,0,0,1,1,0
26,7,2713,00:00:00.1020000,2,40,55,127413,128166,0,128166,320216,448382,1.0024722751995478,1.0049567871443996,0,1,2,1,1
26,8,2881,00:00:00.1110000,7,63,91,254094,256034,0,256034,629886,885920,1.0132273882893732,1.026940797642171,0.011410977691411972,1,7,6,1
26,9,3048,00:00:00.1420000,17,103,163,510927,513514,0,513514,1245327,1758841,1.0461024764790274,1.0986584242480442,0.040183089673519135,1,17,16,1
26,10,3204,00:00:00.1650000,19,225,358,1013754,1022752,2066,1024818,2390120,3414938,1.1056410135003167,1.2480241312551144,0.09112598747015,1,19,18,1
26,11,3349,00:00:00.2060000,24,407,651,1989554,2011911,39193,2051104,4459625,6510729,1.216071541662101,1.6046146769898502,0.17993639409542084,2,24,22,1.0454545
26,12,3483,00:00:00.2820000,28,791,1247,3823769,3881781,231999,4113780,8065283,12179063,1.3711952787942996,2.37410537777751,0.2967866063117981,2,28,26,1.0384616
26,13,3607,00:00:00.4070000,31,1473,2286,7165497,7325787,883363,8209150,14107290,22316440,1.558231061990536,3.9507734161552275,0.4257503151893616,2,31,28,1.0714285
26,14,3726,00:00:00.6230000,38,2576,4058,13275744,13657855,2734637,16392492,24312825,40705317,1.7717239802153462,6.802672848688234,0.5290358662605286,2,38,32,1.15625
26,15,3843,00:00:00.9930000,44,4775,7481,24463618,25399200,7522613,32921813,41607547,74529360,2.0147752470628015,9.483038882294634,0.5929682850837708,3,44,35,1.2285714
26,16,3958,00:00:01.5760000,55,8751,13686,44948842,46890712,18949534,65840246,70372524,136212770,2.2949042157749027,8.529772850925117,0.5840153694152832,3,55,42,1.2857143
26,17,4072,00:00:02.6280000,68,16034,24938,82777061,86553355,44953606,131506961,117896433,249403394,2.619485306442566,6.4613185516128215,0.5228541493415833,4,68,47,1.4255319
26,18,4185,00:00:04.7530000,73,29553,45865,152922740,160969943,102166177,263136120,195552703,458688823,3.0104266049640493,5.791131746952489,0.4293205142021179,4,73,52,1.3846154
26,19,4290,00:00:10.1710000,70,54719,83794,287683960,306242659,218758132,525000791,312846179,837846970,3.609124863965304,6.790601659707207,0.34081321954727173,5,70,49,1.4081633
26,20,4378,00:00:19.5150000,62,103382,152986,574663894,615015339,441799331,1056814670,472153760,1528968430,4.523039703969987,5.68663748125918,0.23259353637695312,5,62,45,1.3555555
27,0,1686,00:00:00.0450000,1,1,1,1002,1002,0,1002,2360,3362,1,1,0,0,1,1,0
27,1,1864,00:00:00.0540000,1,1,1,2008,2008,0,2008,4982,6990,1,1,0,0,1,1,0
27,2,2037,00:00:00.0730000,1,1,1,4011,4011,0,4011,9908,13919,1,1,0,0,1,1,0
27,3,2215,00:00:00.0750000,2,2,5,8049,8049,0,8049,20333,28382,1.003105975897627,1.0062312902906552,0,1,2,1,1
27,4,2387,00:00:00.0780000,2,3,7,16080,16084,0,16084,39935,56019,1.006405472636816,1.0128929988526154,0,1,2,1,1
27,5,2558,00:00:00.0810000,3,8,16,32020,32036,0,32036,79388,111424,1.0179887570268582,1.0366803660693127,0.007492765784263611,1,3,2,1
27,6,2722,00:00:00.0940000,3,18,30,64130,64215,0,64215,155452,219667,1.0422111336348043,1.0882419522977653,0.015206761658191681,1,3,2,1
27,7,2883,00:00:00.0990000,4,33,53,127819,128263,0,128263,304608,432871,1.0974111830009623,1.2155028003607773,0.028841905295848846,1,4,3,1
27,8,3026,00:00:00.1060000,7,69,101,255172,256065,0,256065,566319,822384,1.1991793770476384,1.4774881249155238,0.05096295475959778,2,7,5,1.2
27,9,3151,00:00:00.1170000,10,115,174,511277,513447,0,513447,1022702,1536149,1.347150370542778,1.8939726586062533,0.08585160970687866,2,10,7,1.2857143
27,10,3258,00:00:00.1330000,11,221,321,1020705,1028213,1564,1029777,1804660,2834437,1.5268495794573358,2.325978721951683,0.14005222916603088,2,11,8,1.25
27,11,3351,00:00:00.1590000,11,365,553,2002639,2027564,28956,2056520,3132747,5189267,1.7243047798429971,2.6187309669875556,0.20561829209327698,2,11,8,1.25
27,12,3435,00:00:00.1990000,16,670,975,3876193,3927091,173042,4100133,5387953,9488086,1.9400935402339357,2.8658985341850527,0.2706214189529419,2,16,13,1.1538461
27,13,3515,00:00:00.2850000,19,1232,1787,7410536,7525931,685018,8210949,9282570,17493519,2.1538571568912155,3.0587547562939412,0.3235735297203064,2,19,15,1.2
27,14,3595,00:00:00.3830000,24,2311,3307,14062241,14277532,2217512,16495044,16170921,32665965,2.362191844102231,3.1108496928025486,0.35144609212875366,3,24,19,1.2105263
27,15,3677,00:00:00.5770000,25,4257,6062,26073545,26587449,6289918,32877367,28330848,61208215,2.5418886077823326,2.8922643659491336,0.35678666830062866,3,25,20,1.2
27,16,3766,00:00:01.0170000,29,8184,11615,48148505,49242193,16721790,65963983,50670015,116633998,2.7070966377876116,2.585481872688716,0.40268445014953613,3,29,24,1.1666666
27,17,3863,00:00:01.9800000,30,15165,22032,86807103,89495661,41680370,131176031,91271185,222447216,2.849296410686577,2.3616406917613317,0.42444029450416565,3,30,25,1.16
27,18,3973,00:00:04.9320000,34,28672,42633,155897022,162481810,100809281,263291091,167258869,430549960,2.9935222046768795,2.3665999614844657,0.3799498379230499,3,34,29,1.137931
27,19,4095,00:00:12.2090000,38,54452,83187,275301622,293099746,233697675,526797421,305153580,831951001,3.1720940750577924,2.7423243591285527,0.39620476961135864,4,38,30,1.2333333
27,20,4227,00:00:27.5600000,51,101702,159908,486143305,530027545,520088241,1050115786,546643234,1596759020,3.424625094857575,3.9399514219057803,0.3455232083797455,5,52,39,1.3076923
28,0,1254,00:00:00.0350000,1,1,1,1004,1004,0,1004,2784,3788,1,1,0,0,1,1,0
28,1,1453,00:00:00.0450000,1,2,2,2007,2008,0,2008,5774,7782,1,1,0,0,1,1,0
28,2,1622,00:00:00.0620000,2,2,2,4004,4004,0,4004,10588,14592,1.0064935064935066,1.0130713417713142,0,1,2,1,1
28,3,1817,00:00:00.0660000,2,3,3,8000,8002,0,8002,21983,29985,1.019,1.0387214454338511,0,1,2,1,1
28,4,1980,00:00:00.0680000,3,7,7,16003,16023,0,16023,40537,56560,1.0501780916078236,1.1055133266920796,0.008376935496926308,1,3,2,1
28,5,2142,00:00:00.0790000,4,13,15,31994,32048,0,32048,77996,110044,1.1134900293805088,1.253535732871436,0.0205486211925745,1,4,3,1
28,6,2285,00:00:00.0830000,6,16,24,64229,64288,0,64288,144234,208522,1.2303009543975463,1.5535015514611674,0.0335027240216732,2,6,4,1.25
28,7,2407,00:00:00.0860000,6,30,41,128372,128581,0,128581,256044,384625,1.3846555323590815,1.946849517330138,0.054432012140750885,2,6,4,1.25
28,8,2511,00:00:00.0910000,6,63,85,255333,256106,0,256106,446594,702700,1.5604367629722755,2.2365411629816183,0.07386625558137894,2,6,4,1.25
28,9,2601,00:00:00.0980000,7,119,155,511748,513769,0,513769,775825,1289594,1.747100135222805,2.3402581471419985,0.08328112214803696,2,7,5,1.2
28,10,2679,00:00:00.1080000,7,194,259,1021770,1027980,1213,1029193,1346587,2375780,1.932818540376014,2.3900634787113875,0.08882389217615128,2,7,5,1.2
28,11,2749,00:00:00.1240000,7,342,460,2019725,2038265,23532,2061797,2346846,4408643,2.1138778794142765,2.4603645645342027,0.0884370356798172,2,7,5,1.2
28,12,2815,00:00:00.1510000,11,649,856,3937480,3972135,147413,4119548,4125640,8245188,2.289764011499741,2.4877619333461856,0.06248639523983002,3,11,8,1.25
28,13,2881,00:00:00.2020000,11,1183,1584,7553576,7640488,607897,8248385,7355054,15603439,2.453776330575081,2.350505339302786,0.057963062077760696,3,11,8,1.25
28,14,2949,00:00:00.3010000,11,2246,3015,14219864,14429072,2004059,16433131,13212753,29645884,2.5987773160137113,2.096273071991128,0.04910697788000107,3,11,8,1.25
28,15,3023,00:00:00.4680000,11,4322,5818,26519235,27048183,5903092,32951275,24197873,57149148,2.726975533042337,1.837652978984902,0.04176423326134682,3,11,8,1.25
28,16,3104,00:00:00.8630000,12,8063,11161,48456200,49798795,15848258,65647053,44524290,110171343,2.8437396865622975,1.6631458802374688,0.037535473704338074,3,12,9,1.2222222
28,17,3195,00:00:01.6130000,19,15342,21678,88081309,90901254,40181135,131082389,82554151,213636540,2.9749395527262203,1.6444281680340935,0.03290048614144325,4,19,15,1.2
28,18,3297,00:00:03.5600000,24,28716,41816,159087756,165712857,97178585,262891442,152888081,415779523,3.145602996625334,1.8524485543925628,0.03597676008939743,4,24,18,1.2777778
28,19,3407,00:00:09.5320000,28,53928,80356,287148429,303814581,223492542,527307123,276828599,804135722,3.416112640476957,2.569602462223077,0.08039692789316177,3,28,23,1.173913
28,20,3519,00:00:22.1200000,35,101896,153805,526116316,566224937,488614526,1054839463,481550985,1536390448,3.8258911780261156,4.4855255328962365,0.12791118025779724,4,35,28,1.2142857
2,0,1560,00:00:00.0390000,1,1,1,1008,1008,0,1008,2470,3478,1,1,0,0,1,1,0
2,1,1723,00:00:00.0480000,1,1,1,2008,2008,0,2008,4780,6788,1,1,0,0,1,1,0
2,2,1921,00:00:00.0660000,1,1,2,4009,4009,0,4009,10524,14533,1,1,0,0,1,1,0
2,3,2098,00:00:00.0680000,1,1,2,8018,8018,0,8018,20762,28780,1,1,0,0,1,1,0
2,4,2270,00:00:00.0800000,1,1,3,16050,16050,0,16050,40552,56602,1,1,0,0,1,1,0
2,5,2445,00:00:00.0820000,1,5,7,32021,32030,0,32030,80478,112508,1,1,0,0,1,1,0
2,6,2619,00:00:00.0860000,1,11,15,64044,64145,0,64145,160686,224831,1,1,0,0,1,1,0
2,7,2796,00:00:00.0900000,2,25,37,127931,128283,0,128283,324708,452991,1.0018681945736374,1.0037433569459127,0,1,2,1,1
2,8,2969,00:00:00.0980000,5,58,93,255613,256445,0,256445,644840,901285,1.0139312163309377,1.0226211470877244,0.008036602288484573,2,5,3,1.3333334
2,9,3133,00:00:00.1200000,6,100,175,510912,514122,0,514122,1246447,1760569,1.066584852185895,1.0928494534499926,0.023846857249736786,2,6,4,1.25
2,10,3272,00:00:00.1400000,11,204,333,1019911,1026618,1859,1028477,2255692,3284169,1.2959846496409981,1.4169669680652164,0.055929478257894516,2,11,9,1.1111112
2,11,3370,00:00:00.1640000,12,363,580,2004543,2020080,28844,2048924,3634996,5683920,1.7265032478724578,2.0738061866296382,0.06970696896314621,2,12,10,1.1
2,12,3445,00:00:00.1990000,12,670,1006,3937848,3976371,159860,4136231,5636927,9773158,2.1604617547452314,2.190292736554795,0.07131562381982803,2,12,10,1.1
2,13,3510,00:00:00.2710000,13,1213,1738,7577886,7661486,608011,8269497,8814584,17084081,2.4847786044815137,1.7828328242068032,0.06743580847978592,3,13,10,1.2
2,14,3574,00:00:00.3510000,10,2254,3119,14268481,14509128,1941044,16450172,14329723,30779895,2.7010102897428254,1.4510361250878363,0.06308462470769882,3,10,7,1.2857143
2,15,3643,00:00:00.5050000,12,4246,5815,26754356,27252463,5670359,32922822,24567587,57490409,2.845385738307437,1.2829801160229568,0.05740164592862129,3,12,9,1.2222222
2,16,3720,00:00:00.8850000,19,8032,11080,49530112,50371144,15411807,65782951,43909534,109692485,2.947224225941585,1.2318131242712171,0.05070732161402702,3,19,16,1.125
2,17,3808,00:00:01.6790000,21,15110,21320,89557618,91607735,39528602,131136337,80737816,211874153,3.026774115408027,1.2549768781722623,0.04558337852358818,3,21,18,1.1111112
2,18,3911,00:00:04.5190000,23,28678,41706,160034729,165821488,97751356,263572844,151980443,415553287,3.1122174487513896,1.3864979856893813,0.04345773160457611,4,23,19,1.1578947
2,19,4027,00:00:11.5370000,35,54024,80993,281967059,296074361,228274565,524348926,282924576,807273502,3.2480216705030074,1.7664111897019168,0.08263035118579865,5,35,28,1.2142857
2,20,4156,00:00:26.5790000,43,101788,157467,501090226,539373327,514686239,1054059566,518786414,1572845980,3.513208471561766,2.8391361336362495,0.12426391243934631,4,43,34,1.2352941
29,0,1510,00:00:00.0650000,1,1,1,1001,1001,0,1001,2734,3735,1,1,0,0,1,1,0
29,1,1695,00:00:00.0850000,1,1,1,2002,2002,0,2002,5419,7421,1,1,0,0,1,1,0
29,2,1879,00:00:00.1230000,1,2,2,4008,4011,0,4011,10690,14701,1,1,0,0,1,1,0
29,3,2049,00:00:00.1290000,1,3,3,7989,8001,0,8001,20429,28430,1,1,0,0,1,1,0
29,4,2227,00:00:00.1350000,3,3,4,16009,16009,0,16009,40856,56865,1.0093072646636267,1.0188136538708017,0.004482473712414503,1,3,2,1
29,5,2397,00:00:00.1620000,3,8,10,32023,32041,0,32041,80047,112088,1.0196109046622739,1.0400857494574467,0.01076460350304842,1,3,2,1
29,6,2566,00:00:00.1690000,3,12,17,64192,64228,0,64228,157923,222151,1.0467659521435693,1.0984890157191298,0.026239916682243347,1,3,2,1
29,7,2724,00:00:00.1800000,4,25,42,128255,128388,0,128388,302488,430876,1.1057424661806556,1.237206121991721,0.04103339463472366,1,4,3,1
29,8,2869,00:00:00.1950000,4,49,80,256294,256920,0,256920,568771,825691,1.2042576104005556,1.5045371146856545,0.08302484452724457,1,4,3,1
29,9,2995,00:00:00.2170000,5,107,155,510657,512602,0,512602,1030616,1543218,1.3458250841562929,1.927483999834491,0.13922885060310364,2,5,3,1.3333334
29,10,3104,00:00:00.2530000,7,201,301,1022287,1027095,1594,1028689,1826820,2855509,1.5068126661103975,2.3280315055141076,0.16071733832359314,2,7,5,1.2
29,11,3201,00:00:00.3250000,7,357,533,2008006,2024897,30083,2054980,3216565,5271545,1.6612928447424957,2.458728523727874,0.19597230851650238,2,7,5,1.2
29,12,3293,00:00:00.4420000,9,645,952,3896318,3939650,185758,4125408,5695257,9820665,1.8156102761632906,2.4492132795682013,0.21622678637504578,2,9,7,1.1428572
29,13,3382,00:00:00.5420000,12,1268,1783,7353923,7458908,734742,8193650,10039507,18233157,1.971069998965178,2.501708464708324,0.22288931906223297,2,12,9,1.2222222
29,14,3474,00:00:00.7160000,15,2333,3340,13830832,14099851,2398939,16498790,17956465,34455255,2.143390795289828,2.7179983252764517,0.2178482711315155,3,15,10,1.4
29,15,3567,00:00:01.0030000,22,4395,6338,25553825,26087056,6728761,32815817,31741988,64557805,2.33663324375118,3.0881733975037964,0.2046157568693161,3,22,17,1.2352941
29,16,3665,00:00:01.5480000,25,8388,12152,47004317,48285626,17523820,65809446,56274722,122084168,2.549827689231183,3.405338532706613,0.19708381593227386,3,25,20,1.2
29,17,3767,00:00:02.6400000,28,15525,23013,85684175,88681158,42695559,131376717,98856957,230233674,2.7907081558525832,3.656537900454631,0.22532637417316437,3,28,22,1.2272727
29,18,3874,00:00:04.9570000,32,28906,43418,155820176,162903441,99546353,262449794,172472017,434921811,3.0648117160386215,4.162699739392151,0.23396465182304382,4,32,24,1.2916666
29,19,3986,00:00:11.3330000,42,54378,82516,287177657,301901792,225389933,527291725,298530610,825822335,3.3993157030318693,5.427987682875115,0.24741753935813904,4,42,32,1.28125
29,20,4100,00:00:25.4320000,41,102022,156202,523662548,561495649,492658385,1054154034,507062602,1561216636,3.784515242820077,7.175622600285174,0.33953478932380676,4,42,32,1.28125
30,0,2143,00:00:00.0710000,1,1,1,1002,1002,0,1002,2549,3551,1,1,0,0,1,1,0
30,1,2317,00:00:00.0920000,1,1,1,2018,2018,0,2018,5076,7094,1,1,0,0,1,1,0
30,2,2478,00:00:00.1290000,1,3,3,3998,4004,0,4004,9631,13635,1,1,0,0,1,1,0
30,3,2640,00:00:00.1340000,3,5,5,8006,8011,0,8011,18800,26811,1.005745690731951,1.0115717442479168,0,1,3,2,1
30,4,2807,00:00:00.1600000,4,7,8,15987,16005,0,16005,38093,54098,1.0098204791393006,1.019893622639034,0.005796751938760281,1,4,3,1
30,5,2978,00:00:00.1670000,5,11,15,32017,32045,0,32045,77685,109730,1.028297466970672,1.0587622879033565,0.023134859278798103,1,5,4,1
30,6,3142,00:00:00.1760000,6,16,23,64059,64165,0,64165,153704,217869,1.074540657831062,1.1648665867605472,0.05698150023818016,1,6,5,1
30,7,3290,00:00:00.1880000,8,34,48,127895,128118,0,128118,289555,417673,1.1582235427499121,1.3940262870807927,0.10628048330545425,1,8,7,1
30,8,3423,00:00:00.2030000,10,54,76,256150,256845,0,256845,532956,789801,1.2864649619363655,1.8519033437408563,0.19285961985588074,2,10,7,1.2857143
30,9,3539,00:00:00.2240000,11,114,151,511486,513663,0,513663,958942,1472605,1.4414939998357725,2.6099990537221687,0.2787884771823883,2,11,8,1.25
30,10,3639,00:00:00.2560000,12,196,276,1019426,1026016,1478,1027494,1690336,2717830,1.604078177327241,3.539495111952148,0.37195202708244324,2,12,8,1.375
30,11,3729,00:00:00.3060000,15,347,496,2017638,2033738,28674,2062412,2981558,5043970,1.768542226107954,4.363790005374984,0.43341049551963806,3,15,10,1.4
30,12,3813,00:00:00.3810000,17,645,906,3913810,3950628,175113,4125741,5244244,9369985,1.9383976227767827,5.037770997211024,0.47670942544937134,3,17,12,1.3333334
30,13,3894,00:00:00.4480000,18,1195,1653,7441448,7533778,694551,8228329,9201461,17429790,2.1347658412717525,5.828447875793639,0.4984138309955597,3,18,13,1.3076923
30,14,3973,00:00:00.5640000,19,2209,3069,14025842,14242727,2196914,16439641,15983928,32423569,2.3820355312714914,6.805362317523937,0.46830669045448303,3,19,14,1.2857143
30,15,4050,00:00:00.8000000,20,4294,5958,26306464,26780404,6050751,32831155,27341316,60172471,2.6807375175926342,7.06845007763849,0.42467015981674194,3,20,15,1.2666667
30,16,4127,00:00:01.2440000,20,8069,11207,49447123,50560857,15500630,66061487,46594640,112656127,3.005104685261466,5.462080888462285,0.3843003213405609,4,20,14,1.3571428
30,17,4205,00:00:02.2370000,22,15016,21005,92072560,94579676,37605710,132185386,79252578,211437964,3.3043062341266496,3.5790956077433473,0.3140753209590912,4,22,15,1.4
30,18,4287,00:00:04.7960000,28,28100,39629,169488390,174368268,88088287,262456555,135843254,398299809,3.5605138558458194,2.509476567809208,0.24633021652698517,4,28,21,1.2857143
30,19,4378,00:00:10.5420000,29,53043,76072,308014200,320046548,204647809,524694357,238243648,762938005,3.7733321678026535,1.9968695921035118,0.21200019121170044,4,29,22,1.2727273
30,20,4481,00:00:23.5210000,31,100794,148139,553260836,584734668,469841681,1054576349,427146586,1481722935,3.9593115750560735,1.8704665836763392,0.17298771440982819,4,32,25,1.24
31,0,1459,00:00:00.0270000,1,1,2,1012,1012,0,1012,2314,3326,1,1,0,0,1,1,0
31,1,1635,00:00:00.0360000,1,1,2,2004,2004,0,2004,4878,6882,1,1,0,0,1,1,0
31,2,1792,00:00:00.0560000,1,2,4,4006,4007,0,4007,9319,13326,1,1,0,0,1,1,0
31,3,1960,00:00:00.0590000,1,3,5,8015,8022,0,8022,18975,26997,1,1,0,0,1,1,0
31,4,2134,00:00:00.0620000,3,4,8,16043,16045,0,16045,38866,54911,1.0038022813688212,1.0076406140975975,0,1,3,2,1
31,5,2307,00:00:00.0750000,3,8,15,32022,32034,0,32034,78965,110999,1.0090250452813692,1.018251521681482,0.006482126656919718,1,3,2,1
31,6,2482,00:00:00.0780000,3,13,28,64135,64237,0,64237,160335,224572,1.0256178373742886,1.0528978537143279,0.024940595030784607,1,3,2,1
31,7,2646,00:00:00.0850000,4,18,40,128255,128528,0,128528,312522,441050,1.0660637012202254,1.1437342091330507,0.04935968667268753,1,4,3,1
31,8,2796,00:00:00.0930000,6,52,88,255265,256139,0,256139,588337,844476,1.1431962862123675,1.338344117670858,0.08744172751903534,2,6,4,1.25
31,9,2931,00:00:00.1020000,8,103,165,510279,512166,0,512166,1082172,1594338,1.2727703863964615,1.7428426631278955,0.13411308825016022,2,8,6,1.1666666
31,10,3046,00:00:00.1180000,8,177,282,1016928,1024096,1638,1025734,1919511,2945245,1.4542779823153655,2.4493423966576504,0.20889559388160706,2,8,6,1.1666666
31,11,3144,00:00:00.1400000,10,332,515,2013394,2030627,30032,2060659,3315361,5376020,1.6802945672829064,3.429171984243135,0.22480672597885132,2,10,8,1.125
31,12,3229,00:00:00.1770000,11,660,960,3880556,3927406,174674,4102080,5594265,9696345,1.9214687276771678,4.186377582076242,0.24173220992088318,2,11,9,1.1111112
31,13,3309,00:00:00.2580000,16,1238,1768,7462237,7559720,687953,8247673,9492631,17740304,2.170832017262384,4.115840690695092,0.22534720599651337,3,16,12,1.25
31,14,3386,00:00:00.3550000,20,2292,3250,14056453,14242102,2169676,16411778,16114207,32525985,2.4042862022161637,3.404049209874807,0.2130410373210907,3,20,15,1.2666667
31,15,3466,00:00:00.5450000,22,4357,6180,26429961,26834748,6198064,33032812,27974379,61007191,2.617766216151435,2.726012425740838,0.18629378080368042,4,22,16,1.3125
31,16,3549,00:00:00.9760000,24,8026,11435,48715943,49677602,16152380,65829982,48798163,114628145,2.823049632848121,2.391115686531947,0.1668282300233841,4,24,17,1.3529412
31,17,3637,00:00:01.8080000,29,15340,21870,89853887,91881532,39714316,131595848,85539385,217135233,3.076287250656168,2.5199830750861767,0.1755354404449463,5,29,19,1.4736842
31,18,3726,00:00:04.0790000,28,28550,40969,165692589,171107331,91326235,262433566,146619934,409053500,3.4522210525662076,3.3857895675145206,0.2424602210521698,5,28,18,1.5
31,19,3810,00:00:08.7260000,29,53925,76780,316403795,329257347,197812222,527069569,240445732,767515301,4.0721120174933425,5.4176688922983365,0.282424658536911,6,29,18,1.5555556
31,20,3880,00:00:15.8500000,28,102529,142169,627547087,657041844,396012002,1053053846,366964007,1420017853,4.997007078769214,7.77005236028624,0.39687708020210266,7,29,18,1.5555556
32,0,1759,00:00:00.0950000,2,2,2,1001,1001,0,1001,2436,3437,1.001998001998002,1.0040039986189238,0,1,2,1,1
32,1,1915,00:00:00.1170000,2,2,3,2008,2008,0,2008,4729,6737,1.0014940239043826,1.0029925644812367,0,1,2,1,1
32,2,2078,00:00:00.1550000,2,2,3,4015,4015,0,4015,9439,13454,1.0054794520547945,1.0110189552281699,0,1,2,1,1
32,3,2247,00:00:00.1610000,2,2,3,8008,8008,0,8008,19195,27203,1.0118631368631368,1.0240076100452742,0,1,2,1,1
32,4,2411,00:00:00.1670000,2,4,5,16074,16088,0,16088,38065,54153,1.0363319646634317,1.0752964288935936,0,1,2,1,1
32,5,2567,00:00:00.1730000,2,5,7,32015,32064,0,32064,73847,105911,1.0850538809932844,1.18432811747718,0,1,2,1,1
32,6,2715,00:00:00.1790000,3,14,17,64166,64257,0,64257,141655,205912,1.1829006015646917,1.427175151205572,0.010085494257509708,1,3,2,1
32,7,2845,00:00:00.2070000,4,31,38,128215,128426,0,128426,260764,389190,1.3153999142066062,1.7672294781067661,0.020514756441116333,1,4,3,1
32,8,2957,00:00:00.2180000,4,49,66,256021,256730,0,256730,465746,722476,1.4636885255506384,2.009775498541018,0.03071689046919346,1,4,3,1
32,9,3057,00:00:00.2350000,6,97,136,513384,514804,0,514804,833167,1347971,1.6057668334034563,1.9605798907147778,0.036705609411001205,2,6,4,1.25
32,10,3147,00:00:00.2670000,6,163,244,1025851,1030831,1424,1032255,1495653,2527908,1.7202420234517488,1.739267092547283,0.04278697073459625,2,6,4,1.25
32,11,3232,00:00:00.3080000,8,305,443,2019717,2031619,27742,2059361,2716422,4775783,1.813593686640257,1.5425023392600254,0.04702717438340187,2,8,6,1.1666666
32,12,3317,00:00:00.3870000,10,661,920,3893383,3924458,175949,4100407,5007961,9108368,1.890768773583282,1.4160274681954035,0.049267809838056564,2,10,8,1.125
32,13,3407,00:00:00.4780000,13,1206,1715,7404953,7485704,739474,8225178,9410891,17636069,1.9646551436585755,1.3707277144857362,0.05096229910850525,3,13,10,1.2
32,14,3503,00:00:00.6280000,13,2347,3389,13719217,13982636,2459979,16442615,17697383,34139998,2.046031635770467,1.4181695755998012,0.053331125527620316,3,13,10,1.2
32,15,3606,00:00:00.9700000,18,4451,6538,25095869,25789036,7071717,32860753,32969019,65829772,2.171329751522053,1.6456408539583098,0.059778906404972076,3,18,14,1.2142857
32,16,3714,00:00:01.5860000,27,8314,12404,45850806,47501221,18353933,65855154,59995461,125850615,2.391977013446612,2.27589077424687,0.08207929879426956,4,27,22,1.1818181
32,17,3820,00:00:02.7880000,40,15525,23297,84416478,87758585,43384512,131143097,104079280,235222377,2.747711969220038,3.736210681168678,0.11034835129976273,4,40,34,1.1470588
32,18,3922,00:00:05.4730000,45,28944,43252,157926329,165461287,97579580,263040867,173992112,437032979,3.2091835364576857,5.419832598274972,0.13295938074588776,4,45,38,1.1578947
32,19,4019,00:00:11.6360000,42,53799,80044,294000352,312940843,212181603,525122446,282736539,807858985,3.693838291731025,5.625279938710011,0.22337976098060608,5,42,33,1.2424242
32,20,4115,00:00:23.5030000,44,101725,150268,555917323,595334134,456947828,1052281962,457738206,1510020168,4.187065122271788,5.656697679375822,0.23168814182281494,4,44,33,1.3030303
33,0,1383,00:00:00.0220000,1,1,1,1003,1003,0,1003,2595,3598,1,1,0,0,1,1,0
33,1,1578,00:00:00.0310000,1,2,2,2014,2016,0,2016,5533,7549,1,1,0,0,1,1,0
33,2,1760,00:00:00.0480000,2,2,2,4010,4010,0,4010,10911,14921,1.0064837905236907,1.0130516585429896,0,1,2,1,1
33,3,1932,00:00:00.0510000,2,4,5,8024,8026,0,8026,20856,28882,1.0176969092721835,1.036019789683119,0,1,2,1,1
33,4,2097,00:00:00.0530000,2,6,9,16002,16016,0,16016,40053,56069,1.0412448443944506,1.0858794388382784,0,1,2,1,1
33,5,2262,00:00:00.0560000,4,6,14,32099,32104,0,32104,77957,110061,1.0954546870619022,1.209833568229996,0.017822274938225746,1,4,3,1
33,6,2408,00:00:00.0670000,4,14,26,64127,64182,0,64182,144398,208580,1.1863489637750089,1.4399446261373052,0.028941594064235687,1,4,3,1
33,7,2538,00:00:00.0710000,4,26,40,128552,128690,0,128690,264369,393059,1.3195905159001804,1.7909452652579512,0.04976315423846245,1,4,3,1
33,8,2649,00:00:00.0750000,4,42,66,256038,256601,0,256601,467701,724302,1.4688210343777095,2.05096582955307,0.07255280762910843,1,4,3,1
33,9,2749,00:00:00.0810000,4,88,135,513401,515444,0,515444,835146,1350590,1.6058811728064417,2.007482219379015,0.09469679743051529,1,4,3,1
33,10,2839,00:00:00.0920000,5,192,276,1021756,1027102,1396,1028498,1496608,2525106,1.7185355407749012,1.793027430252837,0.11270999163389206,2,5,3,1.3333334
33,11,2925,00:00:00.1110000,7,329,495,2023886,2036193,28015,2064208,2732475,4796683,1.8090099936458872,1.5848601998404626,0.1253957748413086,2,7,5,1.2
33,12,3011,00:00:00.1470000,7,661,948,3893763,3931800,178640,4110440,5061119,9171559,1.877091646307184,1.436577336121105,0.13333331048488617,2,7,5,1.2
33,13,3102,00:00:00.2360000,8,1282,1859,7366157,7479097,746522,8225619,9516894,17742513,1.936038696975913,1.3534934957433868,0.13733206689357758,2,8,6,1.1666666
33,14,3201,00:00:00.3610000,16,2421,3556,13741449,13976800,2506537,16483337,18071158,34554495,2.0034549486011266,1.3623121448788102,0.13535135984420776,2,16,14,1.0714285
33,15,3309,00:00:00.6540000,19,4539,6722,25008792,25654527,7265081,32919608,34128436,67048044,2.0921801420876305,1.4800946905015089,0.13168515264987946,3,19,16,1.125
33,16,3425,00:00:01.2150000,27,8566,12889,45095598,46671266,18957450,65628716,63181163,128809879,2.2533326423567996,1.8732867293071769,0.13211415708065033,4,27,21,1.2380953
33,17,3544,00:00:02.2870000,36,16072,24578,82535023,86131954,45618269,131750223,112725645,244475868,2.5711502861033915,3.048461806976651,0.1516573280096054,4,36,28,1.25
33,18,3654,00:00:04.1610000,39,29716,45394,153063531,161511289,100841640,262352929,188029803,450382732,3.0685923350350515,5.860218283775214,0.18156538903713226,4,39,30,1.2666667
33,19,3754,00:00:08.1210000,44,54869,82705,291531511,310063809,214827710,524891519,299801051,824692570,3.6682529834656536,8.222622695778028,0.19685693085193634,5,44,33,1.3030303
33,20,3848,00:00:17.8520000,47,102625,152341,557374519,596221105,453352755,1049573860,470827124,1520400984,4.22390286915861,7.184827683895755,0.18974655866622925,5,48,37,1.2702702
34,0,1461,00:00:00.0460000,2,2,2,1001,1001,0,1001,2640,3641,1.001998001998002,1.0040039986189238,0,1,2,1,1
34,1,1660,00:00:00.0620000,1,1,2,2001,2001,0,2001,5499,7500,1,1,0,0,1,1,0
34,2,1822,00:00:00.0900000,2,2,3,4008,4008,0,4008,10178,14186,1.0017465069860279,1.0034991714356913,0,1,2,1,1
34,3,1991,00:00:00.0940000,2,4,5,8005,8012,0,8012,19822,27834,1.00262336039975,1.0052605226077151,0,1,2,1,1
34,4,2156,00:00:00.0990000,3,7,8,16053,16062,0,16062,38740,54802,1.0143898336759485,1.0292669000892911,0.00968205090612173,1,3,2,1
34,5,2322,00:00:00.1170000,3,11,15,32036,32086,0,32086,77050,109136,1.034398801348483,1.0715293483003356,0.021563373506069183,1,3,2,1
34,6,2484,00:00:00.1230000,4,13,22,64173,64260,0,64260,152082,216342,1.0796129213220513,1.1743376848076954,0.0379328727722168,1,4,3,1
34,7,2631,00:00:00.1300000,5,25,44,128141,128363,0,128363,287211,415574,1.1595430034103058,1.380520241264712,0.06158993020653725,1,5,4,1
34,8,2764,00:00:00.1390000,6,51,82,255582,256225,0,256225,530984,787209,1.2854387241668037,1.761670249904529,0.0998089611530304,1,6,5,1
34,9,2880,00:00:00.1510000,7,98,150,513049,514729,0,514729,955947,1470676,1.4355997185454021,2.2146348617405867,0.15037944912910461,2,7,5,1.2
34,10,2982,00:00:00.1690000,7,181,272,1023744,1029326,1551,1030877,1705601,2736478,1.5818134221055264,2.4473889385520846,0.19967538118362427,2,7,5,1.2
34,11,3075,00:00:00.1990000,8,345,516,2012456,2029411,29537,2058948,3040331,5099279,1.7071642808588112,2.3790695503182335,0.21875636279582977,2,8,6,1.1666666
34,12,3165,00:00:00.2520000,9,693,984,3866659,3919707,182676,4102383,5466711,9569094,1.8148357535536492,2.2127123661028723,0.2374788075685501,2,9,7,1.1428572
34,13,3258,00:00:00.3550000,15,1281,1865,7378399,7490172,757003,8247175,10023847,18271022,1.9255442813542614,2.1418495538553577,0.24525387585163116,3,15,12,1.1666666
34,14,3354,00:00:00.5720000,19,2462,3567,13695105,13980158,2463994,16444152,18305654,34749806,2.0493427396138983,2.235326597953336,0.23984427750110626,3,19,15,1.2
34,15,3454,00:00:00.9150000,26,4506,6653,25283305,25922917,6970030,32892947,33113330,66006277,2.23612059420238,2.663381896964921,0.21805590391159058,3,26,21,1.1904762
34,16,3554,00:00:01.5230000,31,8453,12449,46502151,47976599,17673942,65650541,58063039,123713580,2.52825268233291,3.6144241710331326,0.2039468139410019,3,31,25,1.2
34,17,3652,00:00:02.7770000,35,15612,23153,86530494,89739232,41918239,131657471,98847460,230504931,2.904379628296124,4.533613450200768,0.17650951445102692,3,35,28,1.2142857
34,18,3749,00:00:05.7710000,37,29027,42980,160826894,168039210,95886129,263925339,165689401,429614740,3.2798454716162087,3.8945906341473955,0.15168499946594238,4,37,30,1.2
34,19,3849,00:00:12.0660000,41,54251,80617,295090189,310098442,215365957,525464399,278368603,803833002,3.584653280356942,2.910543101417825,0.13741233944892883,4,41,33,1.2121212
34,20,3959,00:00:25.0470000,38,101369,152946,529682989,568095284,484274080,1052369364,479905606,1532274970,3.817430395145274,2.3745001674274615,0.13192656636238098,4,39,30,1.2666667
35,0,1599,00:00:00.0410000,1,1,1,1013,1013,0,1013,2269,3282,1,1,0,0,1,1,0
35,1,1763,00:00:00.0510000,1,1,1,2004,2004,0,2004,4641,6645,1,1,0,0,1,1,0
35,2,1922,00:00:00.0680000,1,1,1,4001,4001,0,4001,9247,13248,1,1,0,0,1,1,0
35,3,2084,00:00:00.0730000,1,2,3,8002,8004,0,8004,18443,26447,1,1,0,0,1,1,0
35,4,2268,00:00:00.0760000,1,3,5,16025,16041,0,16041,39768,55809,1,1,0,0,1,1,0
35,5,2442,00:00:00.0780000,3,7,11,32045,32056,0,32056,79996,112052,1.0039943828990483,1.0080275894381183,0,1,3,2,1
35,6,2613,00:00:00.0910000,3,12,22,64116,64147,0,64147,158697,222844,1.0133508016719694,1.0271500963246847,0.012667695060372353,1,3,2,1
35,7,2784,00:00:00.0950000,3,20,36,127891,128087,0,128087,317270,445357,1.0333643493287252,1.0695768663093093,0.03292810544371605,1,3,2,1
35,8,2946,00:00:00.1010000,4,46,74,256085,256635,0,256635,615898,872533,1.0815705722709257,1.1809180784598234,0.0561358705163002,1,4,3,1
35,9,3095,00:00:00.1110000,5,110,160,510219,512178,0,512178,1162350,1674528,1.1677083762070797,1.415840636631809,0.09698344022035599,1,5,4,1
35,10,3226,00:00:00.1360000,8,209,307,1017489,1022431,1835,1024266,2119585,3143851,1.3035600384869026,1.8751331983330966,0.15072190761566162,2,8,6,1.1666666
35,11,3341,00:00:00.1670000,10,401,589,2005123,2020491,33574,2054065,3757675,5811740,1.4734791830725595,2.56990983484846,0.22196537256240845,2,10,8,1.125
35,12,3445,00:00:00.2190000,14,715,1068,3872750,3910029,199343,4109372,6549282,10658654,1.661591633851914,3.3346362079707377,0.25849559903144836,2,14,12,1.0833334
35,13,3543,00:00:00.3250000,15,1327,1979,7325492,7438407,776567,8214974,11326345,19541319,1.8623184627053035,4.005888201877706,0.2995201647281647,2,15,13,1.0769231
35,14,3638,00:00:00.4550000,20,2456,3624,13699370,13960594,2437000,16397594,19477706,35875300,2.0835228189325496,4.7352450200372775,0.32286298274993896,3,20,16,1.1875
35,15,3733,00:00:00.7200000,26,4515,6614,25466626,26030385,6772919,32803304,33501323,66304627,2.322683067635265,5.587158991028012,0.35663750767707825,3,26,19,1.3157895
35,16,3830,00:00:01.1870000,31,8434,12459,47098554,48409006,17451672,65860678,57768231,123628909,2.5743214961546377,6.341398006206425,0.3530633747577667,3,31,24,1.25
35,17,3929,00:00:02.0880000,41,15582,23171,86587400,89219241,42134172,131353413,99074492,230427905,2.8460448055952714,7.082134864919056,0.3363368809223175,4,41,31,1.2903225
35,18,4032,00:00:04.6000000,44,28884,43285,158040032,164675288,97927832,262603120,169938580,432541700,3.1397504462666777,8.065147190613057,0.3329422175884247,4,44,34,1.2647059
35,19,4139,00:00:10.7410000,48,54564,82309,289182397,305252178,220958006,526210184,290270303,816480487,3.4757699757222773,9.527084427791312,0.3492640554904938,4,48,36,1.3055556
35,20,4249,00:00:22.9590000,52,101677,154642,528056979,565672106,483901178,1049573284,491146356,1540719640,3.839264495356665,11.113279119331647,0.39640381932258606,4,52,35,1.4571428
36,0,1318,00:00:00.0210000,1,1,1,1003,1003,0,1003,2516,3519,1,1,0,0,1,1,0
36,1,1523,00:00:00.0310000,1,1,1,2005,2005,0,2005,5540,7545,1,1,0,0,1,1,0
36,2,1698,00:00:00.0490000,1,2,2,4001,4002,0,4002,10508,14510,1,1,0,0,1,1,0
36,3,1873,00:00:00.0510000,1,4,5,8041,8047,0,8047,20646,28693,1,1,0,0,1,1,0
36,4,2046,00:00:00.0530000,2,5,8,16005,16014,0,16014,40532,56546,1.0013745704467354,1.002752864070764,0,1,2,1,1
36,5,2219,00:00:00.0570000,2,8,11,32046,32089,0,32089,80517,112606,1.0044311302502653,1.008901525230738,0,1,2,1,1
36,6,2391,00:00:00.0710000,4,16,21,63847,64004,0,64004,159466,223470,1.0143937851426066,1.0292643027089787,0.007149767596274614,1,4,3,1
36,7,2556,00:00:00.0870000,7,21,36,128041,128409,0,128409,310361,438770,1.0394561117142165,1.0827928925972452,0.02072405070066452,1,7,6,1
36,8,2716,00:00:00.0930000,10,47,75,256531,256880,0,256880,605310,862190,1.0940120297351976,1.2113259722517726,0.047779541462659836,1,10,9,1
36,9,2861,00:00:00.1030000,10,100,165,512355,513875,0,513875,1137147,1651022,1.1891169208849333,1.478015663719423,0.09655573219060898,1,10,9,1
36,10,2989,00:00:00.1210000,12,187,303,1020057,1023642,1782,1025424,2073417,3098841,1.3238054344021952,1.9507147596085994,0.15595173835754395,1,12,11,1
36,11,3103,00:00:00.1490000,14,367,570,2009625,2019518,33598,2053116,3699843,5752959,1.4766217577906326,2.540427290196573,0.22445663809776306,2,14,12,1.0833334
36,12,3210,00:00:00.2000000,14,674,1036,3878699,3914249,204088,4118337,6580036,10698373,1.62136530831601,2.9180322852421643,0.29549673199653625,2,14,12,1.0833334
36,13,3315,00:00:00.2930000,16,1276,1922,7302645,7406946,812430,8219376,11720841,19940217,1.7516109573996819,2.9525455114688053,0.36131542921066284,2,16,12,1.25
36,14,3424,00:00:00.4730000,23,2422,3676,13638007,13827734,2634835,16462569,21119637,37582206,1.882291158818147,2.913642204341886,0.411519855260849,3,23,18,1.2222222
36,15,3539,00:00:00.8010000,26,4613,7011,24958997,25428272,7484050,32912322,38188121,71100443,2.0188284008367803,3.0379581288329454,0.459810346364975,3,26,21,1.1904762
36,16,3660,00:00:01.3980000,26,8592,13301,44940402,46349960,19340781,65690741,68493299,134184040,2.197460739225252,3.603013660795915,0.5008407831192017,3,26,21,1.1904762
36,17,3784,00:00:02.5380000,33,15931,24983,81585002,85145778,46475890,131621668,120175118,251796786,2.4812759335349406,5.118799138669828,0.502101719379425,4,33,25,1.28
36,18,3904,00:00:04.8500000,39,29572,46215,150358324,158633411,104807886,263441297,202600631,466041928,2.9020379876008726,6.683284908361552,0.38756120204925537,4,39,29,1.3103448
36,19,4017,00:00:11.0590000,42,54954,85225,280196252,298925361,226592519,525517880,329398121,854916001,3.3962695832205494,5.603410467127249,0.29599103331565857,4,42,32,1.28125
36,20,4126,00:00:23.2840000,48,102186,157418,526335492,567078562,482720321,1049798883,527895079,1577693962,3.890730448783796,4.717980967533524,0.21295730769634247,5,48,36,1.3055556
37,0,1320,00:00:00.0280000,1,1,1,1001,1001,0,1001,2189,3190,1,1,0,0,1,1,0
37,1,1485,00:00:00.0390000,1,1,1,2003,2003,0,2003,4591,6594,1,1,0,0,1,1,0
37,2,1661,00:00:00.0610000,1,1,1,4012,4012,0,4012,9700,13712,1,1,0,0,1,1,0
37,3,1839,00:00:00.0640000,1,5,5,8002,8012,0,8012,20044,28056,1,1,0,0,1,1,0
37,4,2016,00:00:00.0670000,4,5,8,16001,16006,0,16006,40493,56499,1.0064995937753891,1.0131119527040018,0,1,4,3,1
37,5,2190,00:00:00.0820000,4,10,15,32027,32055,0,32055,80513,112568,1.0196084553657851,1.0402439731152202,0.01781509816646576,1,4,3,1
37,6,2356,00:00:00.0870000,5,17,28,64143,64187,0,64187,157154,221341,1.052788301139641,1.1133971539645897,0.04404442384839058,1,5,4,1
37,7,2510,00:00:00.0930000,5,29,51,127904,128128,0,128128,298467,426595,1.1154225043782837,1.2706809772052798,0.09705150127410889,1,5,4,1
37,8,2652,00:00:00.1000000,5,52,85,256032,257043,0,257043,558842,815885,1.223507217847769,1.613802648350681,0.1892845779657364,1,5,4,1
37,9,2775,00:00:00.1120000,6,96,151,510746,513823,0,513823,1011066,1524889,1.3655202390229195,2.236379371791929,0.2700159251689911,1,6,5,1
37,10,2882,00:00:00.1280000,8,171,263,1017705,1024705,1577,1026282,1793282,2819564,1.5157417915800748,3.088359625587736,0.3438478708267212,2,8,6,1.1666666
37,11,2979,00:00:00.1540000,9,341,490,2000103,2018489,29820,2048309,3178013,5226322,1.6528323791324746,3.8351221484516946,0.4313618540763855,2,9,6,1.3333334
37,12,3074,00:00:00.2080000,12,706,1001,3892266,3929837,189104,4118941,5738413,9857354,1.7770681654337088,4.227207784969042,0.4638090431690216,2,12,8,1.375
37,13,3169,00:00:00.3090000,13,1300,1873,7368331,7461925,768141,8230066,10393699,18623765,1.8880773678598315,4.343185352617312,0.5081763863563538,2,13,9,1.3333334
37,14,3269,00:00:00.5170000,15,2510,3673,13736898,13959778,2520394,16480172,19023779,35503951,2.0012245850555197,4.514415811103916,0.4701302647590637,2,15,11,1.2727273
37,15,3375,00:00:00.8950000,16,4613,6915,25099019,25721804,7203527,32925331,34773211,67698542,2.1305495645068837,4.903729904782993,0.47998711466789246,2,16,12,1.25
37,16,3488,00:00:01.5860000,21,8689,13199,45503369,46997231,18784045,65781276,63109825,128891101,2.298881122406563,5.507357888302595,0.4446721374988556,3,21,15,1.3333334
37,17,3608,00:00:03.0990000,26,16051,24906,82037332,85724570,45955780,131680350,113285917,244966267,2.5069677668210857,5.8538336556617185,0.42923596501350403,3,26,20,1.25
37,18,3733,00:00:07.3910000,34,29915,46751,146813710,155860543,106438941,262299484,199372510,461671994,2.7582476323226217,5.910671723613535,0.4182910919189453,3,34,27,1.2222222
37,19,3863,00:00:16.8720000,48,55191,87612,265909165,286010980,238427295,524438275,345571490,870009765,3.0842553884895243,6.733764920816362,0.42972758412361145,4,48,33,1.4242424
37,20,3995,00:00:34.8940000,58,103044,164259,484834176,531035044,518869801,1049904845,586070924,1635975769,3.4843448701108066,9.431080742121582,0.3974575102329254,5,59,40,1.45
38,0,1360,00:00:00.0240000,1,1,1,1008,1008,0,1008,2366,3374,1,1,0,0,1,1,0
38,1,1528,00:00:00.0400000,1,1,2,2013,2013,0,2013,4854,6867,1,1,0,0,1,1,0
38,2,1705,00:00:00.0590000,1,1,2,4014,4014,0,4014,10053,14067,1,1,0,0,1,1,0
38,3,1881,00:00:00.0610000,1,1,3,8052,8052,0,8052,20351,28403,1,1,0,0,1,1,0
38,4,2059,00:00:00.0630000,1,1,3,16017,16017,0,16017,41100,57117,1,1,0,0,1,1,0
38,5,2237,00:00:00.0650000,1,4,10,32011,32016,0,32016,82651,114667,1,1,0,0,1,1,0
38,6,2412,00:00:00.0680000,1,7,15,64231,64273,0,64273,164018,228291,1,1,0,0,1,1,0
38,7,2583,00:00:00.0720000,1,19,34,127890,128105,0,128105,321213,449318,1,1,0,0,1,1,0
38,8,2757,00:00:00.0780000,3,46,78,255538,256050,0,256050,642476,898526,1.003279355712262,1.0065852568537994,0.0022731099743396044,1,3,2,1
38,9,2929,00:00:00.1010000,4,108,181,510115,512535,0,512535,1275551,1788086,1.009725258030052,1.0196976897531291,0.008631226606667042,1,4,3,1
38,10,3098,00:00:00.1270000,8,216,370,1016976,1023821,2331,1026152,2522294,3548446,1.0302072025298532,1.0629717602166096,0.02356516197323799,1,8,7,1
38,11,3263,00:00:00.1770000,11,430,731,1990829,2013099,43321,2056420,4892932,6949352,1.0758809521058814,1.1690139162248812,0.05750295892357826,1,11,10,1
38,12,3423,00:00:00.2910000,15,848,1388,3774519,3847656,254824,4102480,9199881,13302361,1.1678219132027154,1.4260372545155113,0.12098990380764008,2,15,13,1.0769231
38,13,3577,00:00:00.4340000,24,1520,2525,7064376,7236625,980770,8217395,16707754,24925149,1.3240521172712212,2.0492821441643043,0.21121515333652496,2,24,22,1.0454545
38,14,3722,00:00:00.7140000,31,2782,4591,12959480,13394225,2994272,16388497,29137089,45525586,1.527133959078605,3.3308569740450857,0.3218025267124176,2,31,28,1.0714285
38,15,3862,00:00:01.1740000,39,5035,8325,23726249,24758423,8127205,32885628,49800448,82686076,1.7757924145531812,5.470303702361409,0.42519766092300415,3,39,32,1.1875
38,16,3997,00:00:01.9570000,43,9153,14906,43019618,45551971,20268528,65820499,83534299,149354798,2.0587711401807427,7.071035833307302,0.4792921841144562,3,43,35,1.2
38,17,4128,00:00:04.0760000,51,16507,26778,78335782,83621641,47541494,131163135,138065033,269228168,2.3855955507024875,6.376083525435367,0.4639715850353241,3,51,42,1.1904762
38,18,4258,00:00:08.7060000,54,30162,48737,143638758,154660232,107980446,262640678,227331406,489972084,2.7542452086643636,5.19892415112375,0.41178810596466064,3,54,41,1.2926829
38,19,4388,00:00:17.4640000,48,55693,89939,261932660,286708112,239229566,525937678,373674143,899611821,3.118977053109757,4.737903316097027,0.35148245096206665,3,48,35,1.3428571
38,20,4521,00:00:34.1280000,55,103063,166569,480308994,529713892,522604281,1052318173,616791762,1669109935,3.464417468309994,4.606421367313698,0.3083896338939667,4,55,36,1.5
3,0,1351,00:00:00.0210000,1,1,1,1002,1002,0,1002,2509,3511,1,1,0,0,1,1,0
3,1,1535,00:00:00.0310000,1,1,1,2001,2001,0,2001,5099,7100,1,1,0,0,1,1,0
3,2,1700,00:00:00.0490000,1,1,1,4009,4009,0,4009,9735,13744,1,1,0,0,1,1,0
3,3,1871,00:00:00.0530000,1,3,3,8007,8009,0,8009,19657,27666,1,1,0,0,1,1,0
3,4,2048,00:00:00.0550000,1,2,3,16001,16005,0,16005,40498,56503,1,1,0,0,1,1,0
3,5,2224,00:00:00.0570000,1,4,5,32052,32065,0,32065,80806,112871,1,1,0,0,1,1,0
3,6,2396,00:00:00.0590000,1,7,16,64137,64191,0,64191,159973,224164,1,1,0,0,1,1,0
3,7,2569,00:00:00.0630000,2,22,35,128243,128390,0,128390,321022,449412,1.0013723945946367,1.0027485608308582,0,1,2,1,1
3,8,2739,00:00:00.0710000,3,52,79,255788,256232,0,256232,634674,890906,1.0048907689180102,1.0098376606790054,0.003637327579781413,1,3,2,1
3,9,2911,00:00:00.0930000,3,114,180,509963,512333,0,512333,1266743,1779076,1.0131166378737282,1.0266373978132994,0.009637758135795593,1,3,2,1
3,10,3078,00:00:00.1180000,5,211,344,1013965,1022480,2301,1024781,2493825,3518606,1.0363168353937267,1.0759658112728765,0.022671980783343315,1,5,4,1
3,11,3241,00:00:00.1650000,8,422,667,1976444,2006265,42331,2048596,4827584,6876180,1.0877950501000788,1.1964464622434117,0.049796607345342636,1,8,7,1
3,12,3398,00:00:00.2600000,18,802,1281,3787138,3855811,252294,4108105,9050229,13158334,1.1942239759945372,1.500655370639539,0.100675567984581,2,18,16,1.0625
3,13,3547,00:00:00.4260000,24,1462,2376,7055841,7256055,968189,8224244,16320251,24544495,1.3539572391157908,2.110127579804815,0.1768740564584732,2,24,20,1.15
3,14,3688,00:00:00.6860000,35,2697,4344,13052767,13485086,2968508,16453594,28433238,44886832,1.5729927608452676,3.18910693318707,0.2713668644428253,3,35,29,1.1724138
3,15,3820,00:00:01.1120000,39,4936,7930,23852819,24925026,7922676,32847702,47899196,80746898,1.8658387505476817,4.623603640879524,0.3692813515663147,3,39,31,1.2258065
3,16,3934,00:00:01.7280000,47,8820,13944,45121338,47169027,18705944,65874971,76090996,141965967,2.448032015362665,7.227426622532086,0.4089585840702057,5,47,33,1.3939394
3,17,4015,00:00:02.8340000,40,15836,23781,88657728,92613953,38576560,131190513,109303110,240493623,3.4071525496344774,7.834588522342635,0.4101516008377075,5,40,26,1.5
3,18,4077,00:00:04.6320000,31,29099,41358,177979445,185700236,78055153,263755389,151538932,415294321,4.30405163360297,5.001393537658665,0.31391671299934387,6,31,18,1.6666666
3,19,4133,00:00:07.7390000,28,54212,73964,351177952,364570990,162928053,527499043,214362386,741861429,4.921403898385967,3.493124910195372,0.2641740143299103,5,28,16,1.6875
3,20,4191,00:00:13.5390000,25,102714,137223,676538824,702915225,355498007,1058413232,320671796,1379085028,5.32864687895576,2.683646753569214,0.21052123606204987,5,25,14,1.7142857
39,0,1244,00:00:00.0360000,1,1,1,1002,1002,0,1002,2322,3324,1,1,0,0,1,1,0
39,1,1412,00:00:00.0450000,1,1,1,2003,2003,0,2003,4716,6719,1,1,0,0,1,1,0
39,2,1588,00:00:00.0630000,1,2,2,4011,4013,0,4013,9774,13787,1,1,0,0,1,1,0
39,3,1759,00:00:00.0740000,2,2,3,8002,8002,0,8002,19537,27539,1.0044988752811796,1.0090382767142319,0,1,2,1,1
39,4,1925,00:00:00.0860000,2,5,7,16024,16027,0,16027,38768,54795,1.009735396904643,1.0196603306602474,0,1,2,1,1
39,5,2098,00:00:00.0890000,2,7,12,32043,32061,0,32061,78751,110812,1.0266828948600317,1.054787644697314,0,1,2,1,1
39,6,2266,00:00:00.0920000,3,11,21,64136,64173,0,64173,156878,221051,1.064363228140202,1.1370996980112154,0.00750052509829402,1,3,2,1
39,7,2418,00:00:00.1050000,3,16,36,127828,128056,0,128056,296130,424186,1.139257439684576,1.3161447251495122,0.013420621864497662,1,3,2,1
39,8,2553,00:00:00.1100000,4,43,70,255617,256310,0,256310,543648,799958,1.2580462175833376,1.6258345891306647,0.020801112055778503,1,4,3,1
39,9,2671,00:00:00.1180000,6,106,159,511788,513069,0,513069,975573,1488642,1.40303406879411,1.9536900508560984,0.03281842917203903,1,6,5,1
39,10,2776,00:00:00.1320000,7,199,295,1025658,1029667,1576,1031243,1744116,2775359,1.5483669995261578,2.0374970266638157,0.04411013796925545,1,7,6,1
39,11,2871,00:00:00.1540000,8,353,524,2007275,2019431,29603,2049034,3104488,5153522,1.673217670722746,1.8693479394384016,0.05500268563628197,2,8,6,1.1666666
39,12,2965,00:00:00.1960000,11,680,1000,3898927,3930494,188272,4118766,5639018,9757784,1.7789104540813407,1.6500408150787373,0.06276492774486542,2,11,9,1.1111112
39,13,3061,00:00:00.2830000,12,1323,1914,7346382,7449368,772010,8221378,10348118,18569496,1.8643747357542801,1.4798484792810034,0.06750079244375229,2,12,10,1.1
39,14,3164,00:00:00.4540000,16,2489,3645,13633260,13919856,2561046,16480902,19243975,35724877,1.9445077699684448,1.407081497411994,0.06968453526496887,2,16,14,1.0714285
39,15,3275,00:00:00.7710000,24,4681,6954,24855662,25590221,7366506,32956727,35744275,68701002,2.0581997775798526,1.4802617095539912,0.07151748239994049,3,24,21,1.0952381
39,16,3385,00:00:01.3130000,34,8680,12994,45815529,47436744,18438506,65875250,63125418,129000668,2.4326698486882035,2.033735146928131,0.08255460858345032,4,34,28,1.1785715
39,17,3470,00:00:02.0550000,33,15671,22949,89004098,92767754,39397686,132165440,98115957,230281397,3.305826884510419,2.9584225527757053,0.0797940343618393,5,33,27,1.1851852
39,18,3536,00:00:03.2490000,28,28835,40530,174727230,182386291,80784438,263170729,143266766,406437495,4.102833284771927,2.1358057116662033,0.06144602969288826,5,28,22,1.2272727
39,19,3600,00:00:06.3050000,22,53777,73898,337439350,352663947,174001767,526665714,215173351,741839065,4.590167050760381,1.5512319682785032,0.04076959192752838,5,22,17,1.2352941
39,20,3669,00:00:12.8940000,20,101842,139169,632279691,662900709,387967454,1050868163,341544670,1392412833,4.8736063625994275,1.372802423651383,0.035860225558280945,4,20,16,1.1875
40,0,1946,00:00:00.0290000,1,1,1,1006,1006,0,1006,2795,3801,1,1,0,0,1,1,0
40,1,2112,00:00:00.0380000,1,1,1,2008,2008,0,2008,5270,7278,1,1,0,0,1,1,0
40,2,2288,00:00:00.0550000,1,1,2,4011,4011,0,4011,10354,14365,1,1,0,0,1,1,0
40,3,2458,00:00:00.0640000,1,1,3,8034,8034,0,8034,20000,28034,1,1,0,0,1,1,0
40,4,2638,00:00:00.0660000,1,4,7,16027,16033,0,16033,40992,57025,1,1,0,0,1,1,0
40,5,2813,00:00:00.0680000,1,4,10,32059,32074,0,32074,81377,113451,1,1,0,0,1,1,0
40,6,2989,00:00:00.0720000,2,18,29,63986,64067,0,64067,162282,226349,1.0011721314037445,1.0023469984128133,0,1,2,1,1
40,7,3162,00:00:00.0770000,3,24,43,127952,128231,0,128231,322045,450276,1.0044469801175442,1.008943212447712,0.0034213161561638117,1,3,2,1
40,8,3332,00:00:00.0980000,5,45,74,255659,256342,0,256342,635147,891489,1.01489092893268,1.030382243219588,0.012974093668162823,1,5,4,1
40,9,3499,00:00:00.1180000,5,95,156,509496,512999,0,512999,1249993,1762992,1.0371916560679573,1.0782258284631379,0.03320041671395302,1,5,4,1
40,10,3658,00:00:00.1400000,11,202,322,1017124,1024091,2188,1026279,2418551,3444830,1.0946197317141273,1.2164440043923674,0.06701266765594482,1,11,10,1
40,11,3806,00:00:00.1810000,14,410,667,1995245,2015853,39943,2055796,4534900,6590696,1.1961252878719155,1.520950797503457,0.13410654664039612,2,14,12,1.0833334
40,12,3942,00:00:00.2820000,16,771,1222,3806142,3866328,233007,4099335,8186803,12286138,1.342707392419936,2.144861592398673,0.22264091670513153,2,16,14,1.0714285
40,13,4071,00:00:00.3860000,21,1409,2230,7174382,7325968,901381,8227349,14473889,22701238,1.52297689194693,3.2925177516554878,0.29750487208366394,2,21,19,1.0526316
40,14,4195,00:00:00.5970000,26,2625,4139,13292422,13661996,2806697,16468693,25139696,41608389,1.7213996064825507,4.898811021634227,0.35676634311676025,2,26,24,1.0416666
40,15,4317,00:00:00.9640000,32,4722,7561,24327538,25194545,7686148,32880693,43203358,76084051,1.9458752052920438,6.407896680085231,0.38189512491226196,2,32,28,1.1071428
40,16,4438,00:00:01.5610000,37,8831,13927,44286718,46334523,19317127,65651650,73412151,139063801,2.212718269165938,7.023116584782839,0.3710141181945801,3,37,32,1.125
40,17,4557,00:00:02.6730000,43,16284,25580,81196261,85925223,45697787,131623010,122943054,254566064,2.566605499235981,6.572980336499691,0.3587387800216675,3,43,35,1.2
40,18,4670,00:00:04.6420000,54,29712,46354,152012371,161063047,102251825,263314872,200509353,463824225,3.0255633997051463,6.1774621644735,0.3275095224380493,5,54,42,1.2619047
40,19,4774,00:00:09.0970000,50,55243,84554,287875006,308655546,219095869,527751415,317036589,844788004,3.6191630127139276,6.443509849144846,0.29133886098861694,4,50,39,1.2564102
40,20,4865,00:00:18.8660000,49,102577,153046,557974192,600634625,448232436,1048867061,482210041,1531077102,4.340776933281531,7.2718466349144,0.35413995385169983,5,49,36,1.3333334
41,0,1639,00:00:00.0310000,1,1,1,1002,1002,0,1002,2523,3525,1,1,0,0,1,1,0
41,1,1819,00:00:00.0410000,1,1,1,2009,2009,0,2009,5188,7197,1,1,0,0,1,1,0
41,2,1983,00:00:00.0590000,2,2,2,4028,4028,0,4028,9827,13855,1.0024826216484608,1.0049775123593645,0,1,2,1,1
41,3,2161,00:00:00.0620000,2,3,4,8025,8027,0,8027,20275,28302,1.0014953271028038,1.0029950752050385,0,1,2,1,1
41,4,2335,00:00:00.0640000,2,5,6,16033,16047,0,16047,40119,56166,1.0022453689265889,1.0045008163760831,0,1,2,1,1
41,5,2515,00:00:00.0670000,2,8,12,31999,32054,0,32054,81716,113770,1.0042501328166504,1.0085363437261472,0,1,2,1,1
41,6,2681,00:00:00.0700000,3,14,20,63979,64085,0,64085,157912,221997,1.0149424029759766,1.0303948908159453,0.009290517307817936,1,3,2,1
41,7,2847,00:00:00.0840000,4,28,47,127838,128151,0,128151,309735,437886,1.0422487836167649,1.0887345635311312,0.0231573898345232,1,4,3,1
41,8,3005,00:00:00.0920000,7,54,86,255550,256104,0,256104,599497,855601,1.0975425552729408,1.219482989864785,0.04686182737350464,1,7,6,1
41,9,3150,00:00:00.1030000,7,108,170,510295,512995,0,512995,1130880,1643875,1.1924886585210515,1.483985858260137,0.09232424944639206,1,7,6,1
41,10,3277,00:00:00.1210000,9,198,332,1017435,1026703,1815,1028518,2059318,3087836,1.3281300525340685,1.9418345707702167,0.14795158803462982,2,9,7,1.1428572
41,11,3389,00:00:00.1510000,13,358,574,1995795,2015853,32976,2048829,3657408,5706237,1.4894936604210351,2.509135815593373,0.19420097768306732,2,13,11,1.0909091
41,12,3493,00:00:00.2030000,16,687,1061,3853370,3901877,198579,4100456,6446208,10546664,1.6525685309222835,2.914275758583085,0.2353440374135971,2,16,13,1.1538461
41,13,3594,00:00:00.2960000,18,1259,1916,7292905,7422286,789453,8211739,11372407,19584146,1.8158762523301757,3.106319218456057,0.2690538763999939,2,18,15,1.1333333
41,14,3695,00:00:00.4830000,24,2398,3621,13618410,13900702,2521693,16422395,20050385,36472780,1.992922374932169,3.3763093201827674,0.29291924834251404,3,24,19,1.2105263
41,15,3798,00:00:00.7710000,28,4489,6772,25144710,25774698,7068589,32843287,35282919,68126206,2.191574569760399,4.02867957346828,0.3161170184612274,3,28,22,1.2272727
41,16,3904,00:00:01.3200000,29,8541,12768,45894518,47504941,18193552,65698493,61789949,127488442,2.416517763624841,5.280084016153106,0.3507860004901886,3,29,21,1.3333334
41,17,4013,00:00:02.6820000,37,15687,23835,83891325,87239567,43938292,131177859,107225427,238403286,2.6802524575693614,7.244625249880182,0.34682297706604004,3,37,28,1.2857143
41,18,4126,00:00:06.1370000,44,29321,44774,153397368,160961704,102020548,262982252,184978132,447960384,2.978252038848541,8.995233504023934,0.34179192781448364,4,44,31,1.3870968
41,19,4242,00:00:13.1750000,48,54463,84026,278408237,297629564,228901549,526531113,315587420,842118533,3.306306440207802,8.90060682099841,0.3164008557796478,4,48,34,1.382353
41,20,4360,00:00:26.6460000,56,102161,158196,507558538,552898305,498383122,1051281427,531045944,1582327371,3.700394572024715,8.185940511425276,0.2893417775630951,6,56,41,1.3414634
42,0,1507,00:00:00.0260000,2,2,2,1011,1011,0,1011,2747,3758,1.0039564787339268,1.0079443003216488,0,1,2,1,1
42,1,1695,00:00:00.0360000,2,2,2,2003,2003,0,2003,5378,7381,1.0059910134797803,1.0120538636143537,0,1,2,1,1
42,2,1861,00:00:00.0550000,2,2,2,4016,4016,0,4016,10186,14202,1.0069721115537849,1.0140414802706015,0,1,2,1,1
42,3,2029,00:00:00.0570000,2,3,3,8027,8028,0,8028,19831,27859,1.02092936339853,1.0427339458608647,0,1,2,1,1
42,4,2205,00:00:00.0590000,2,7,8,15979,16009,0,16009,39920,55929,1.0523812503911383,1.1102167211652334,0,1,2,1,1
42,5,2362,00:00:00.0620000,3,11,13,32019,32098,0,32098,75810,107908,1.1280489709235142,1.2882391686084682,0.013339046388864517,1,3,2,1
42,6,2501,00:00:00.0740000,5,14,19,64069,64199,0,64199,139395,203594,1.248372848023225,1.6038776904927285,0.02615714631974697,1,5,4,1
42,7,2623,00:00:00.0770000,6,29,38,128198,128536,0,128536,252423,380959,1.3934538760355075,1.944955010768136,0.04199895262718201,2,6,4,1.25
42,8,2728,00:00:00.0810000,8,40,63,256295,256784,0,256784,445204,701988,1.5430382957139235,2.0856873095894914,0.05723995715379715,2,8,6,1.1666666
42,9,2822,00:00:00.0870000,8,80,122,511365,513302,0,513302,790443,1303745,1.6781907248247339,1.9509377771046144,0.07073892652988434,2,8,6,1.1666666
42,10,2907,00:00:00.0970000,11,167,248,1021970,1025070,1297,1026367,1412268,2438635,1.792550661956809,1.776154420214748,0.07484228909015656,2,11,9,1.1111112
42,11,2988,00:00:00.1140000,12,353,491,2020821,2029522,26397,2055919,2572175,4628094,1.8941573746511937,1.6640334300297632,0.07915295660495758,2,12,10,1.1
42,12,3068,00:00:00.1490000,13,658,912,3918883,3943904,168885,4112789,4729275,8842064,1.9932940075016274,1.6546876530697254,0.07972165197134018,2,13,11,1.0909091
42,13,3150,00:00:00.2280000,14,1243,1709,7456729,7530207,699553,8229760,8742339,16972099,2.102272859855843,1.7691566881092171,0.07924150675535202,2,14,12,1.0833334
42,14,3236,00:00:00.3520000,16,2422,3397,13996181,14182194,2315319,16497513,16162909,32660422,2.2326068089573865,2.0272259976555045,0.08016334474086761,3,16,13,1.1538461
42,15,3326,00:00:00.5800000,17,4482,6403,25712921,26234268,6607621,32841889,29515429,62357318,2.382199361947248,2.375597993850844,0.08498463034629822,3,17,14,1.1428572
42,16,3423,00:00:01.0640000,20,8311,12143,47070555,48429535,17440789,65870324,53830071,119700395,2.55635815213991,2.6817581260279746,0.09259619563817978,3,20,17,1.117647
42,17,3526,00:00:02.2680000,27,15564,23073,85504349,88640219,42909325,131549544,96896098,228445642,2.7680065957814612,2.8882851049798393,0.09935153275728226,5,27,22,1.1818181
42,18,3631,00:00:05.3900000,32,28759,43060,156864957,164019549,98483552,262503101,168927670,431430771,3.1524898833842157,3.4753461117409103,0.10712938010692596,5,32,26,1.1923077
42,19,3721,00:00:10.5080000,33,54524,79834,309354863,324130003,204787324,528917327,269015866,797933193,4.02833127274938,4.613135142672368,0.10075906664133072,5,33,27,1.1851852
42,20,3792,00:00:18.0290000,26,103791,146206,621834238,653590040,405104011,1058694051,398274850,1456968901,4.914421820562412,2.750607332546843,0.1083376556634903,5,26,21,1.1904762
43,0,1990,00:00:00.0290000,1,1,1,1012,1012,0,1012,2311,3323,1,1,0,0,1,1,0
43,1,2173,00:00:00.0390000,1,1,2,2003,2003,0,2003,4933,6936,1,1,0,0,1,1,0
43,2,2342,00:00:00.0570000,1,2,3,4014,4016,0,4016,9608,13624,1,1,0,0,1,1,0
43,3,2516,00:00:00.0590000,1,3,4,7999,8001,0,8001,19745,27746,1,1,0,0,1,1,0
43,4,2694,00:00:00.0610000,1,4,8,16040,16049,0,16049,40503,56552,1,1,0,0,1,1,0
43,5,2864,00:00:00.0630000,1,8,17,32024,32103,0,32103,79719,111822,1,1,0,0,1,1,0
43,6,3039,00:00:00.0670000,3,14,28,63991,64087,0,64087,160103,224190,1.0035786282445969,1.007189063316026,0,1,3,2,1
43,7,3210,00:00:00.0810000,5,30,49,127837,128051,0,128051,317519,445570,1.0119761884274505,1.024345054131072,0.010916398838162422,1,5,4,1
43,8,3378,00:00:00.0890000,6,59,98,255608,256278,0,256278,626764,883042,1.0337900222215266,1.0708164313034783,0.029952390119433403,1,6,5,1
43,9,3538,00:00:00.1020000,7,108,183,510242,512897,0,512897,1214130,1727027,1.0805441339599642,1.1805512023181601,0.06737824529409409,1,7,6,1
43,10,3686,00:00:00.1230000,8,187,310,1016927,1026840,2089,1028929,2300125,3329054,1.1678891405184444,1.4296664818393507,0.13324908912181854,1,8,7,1
43,11,3820,00:00:00.1570000,12,389,606,1996358,2018961,37550,2056511,4218769,6275280,1.3000143260878059,1.9541218239615787,0.20416505634784698,1,12,11,1
43,12,3943,00:00:00.2380000,14,738,1116,3818488,3879077,220498,4099575,7525525,11625100,1.4518945718829024,2.862473154043279,0.2921709716320038,1,14,13,1
43,13,4062,00:00:00.3360000,18,1366,2104,7187531,7329236,863798,8193034,13329800,21522834,1.6031361812561227,4.097977120346922,0.3664439916610718,2,18,16,1.0625
43,14,4183,00:00:00.5360000,22,2613,4055,13304726,13647707,2765615,16413322,23740181,40153503,1.7376678031550594,5.112839784640758,0.4262150228023529,2,22,20,1.05
43,15,4311,00:00:00.9180000,28,4870,7617,24208027,25024760,7852460,32877220,42730020,75607240,1.8560768293921681,5.5415774978032895,0.4684692919254303,2,28,24,1.125
43,16,4449,00:00:01.6410000,35,8902,14336,43121647,45120649,20438380,65559029,77323154,142882183,1.9725969418561402,5.82626188047611,0.48622143268585205,2,35,31,1.0967742
43,17,4600,00:00:03.1860000,43,16616,27354,76040222,81375241,50279011,131654252,140435608,272089860,2.128086409321635,6.721523696829155,0.4868699312210083,3,43,36,1.1666666
43,18,4756,00:00:07.0560000,60,30820,51359,134454069,147051336,115573686,262625022,247798628,510423650,2.393801640915754,9.575443166287116,0.4745187759399414,4,60,48,1.2291666
43,19,4907,00:00:15.1040000,75,56353,94270,245391637,273574629,251162050,524736679,417046121,941782800,2.8684374643134234,16.01355238558031,0.4497719407081604,4,75,57,1.2982457
43,20,5041,00:00:31.1470000,78,104853,171903,470404799,530022210,520804872,1050827082,659950918,1710778000,3.574391856916409,20.763793161965054,0.41063350439071655,5,78,53,1.4528302
44,0,1708,00:00:00.0310000,1,1,1,1007,1007,0,1007,2735,3742,1,1,0,0,1,1,0
44,1,1883,00:00:00.0410000,1,2,2,2005,2006,0,2006,5300,7306,1,1,0,0,1,1,0
44,2,2052,00:00:00.0590000,1,1,2,4015,4015,0,4015,10114,14129,1,1,0,0,1,1,0
44,3,2216,00:00:00.0620000,1,3,5,8018,8022,0,8022,19497,27519,1,1,0,0,1,1,0
44,4,2393,00:00:00.0640000,1,5,10,16043,16052,0,16052,40103,56155,1,1,0,0,1,1,0
44,5,2565,00:00:00.0670000,1,7,14,32006,32027,0,32027,79677,111704,1,1,0,0,1,1,0
44,6,2738,00:00:00.0710000,2,12,23,64056,64129,0,64129,159750,223879,1.0011396278256526,1.0022818792016452,0,1,2,1,1
44,7,2914,00:00:00.0770000,2,21,37,128181,128526,0,128526,322282,450808,1.0021376022967523,1.0042843413425524,0,1,2,1,1
44,8,3085,00:00:00.0840000,4,49,86,255484,256362,0,256362,638382,894744,1.0080083292887225,1.0161805196993348,0.0065361191518604755,1,4,3,1
44,9,3254,00:00:00.1070000,6,102,181,509510,512046,0,512046,1261062,1773108,1.0234264293144393,1.048353294391057,0.019318347796797752,1,6,5,1
44,10,3418,00:00:00.1300000,10,182,323,1016438,1023075,2246,1025321,2465724,3491045,1.0608772989597004,1.1326011100195206,0.04631372541189194,1,10,9,1
44,11,3574,00:00:00.1700000,13,375,650,1990393,2009462,41296,2050758,4697741,6748499,1.1365423813287125,1.3331932398898163,0.0995006337761879,1,13,12,1
44,12,3721,00:00:00.2660000,17,752,1243,3802651,3855190,242981,4098171,8643347,12741518,1.2642364497820073,1.783724518559669,0.18049488961696625,2,17,15,1.0666667
44,13,3861,00:00:00.3840000,23,1505,2385,7173577,7291765,939004,8230769,15468169,23698938,1.4361046100153383,2.7138917219770873,0.27207645773887634,2,23,21,1.0476191
44,14,3994,00:00:00.6230000,28,2677,4369,13233895,13552335,2896411,16448746,26899319,43348065,1.6371210441068182,4.255176751259612,0.3656213879585266,3,28,23,1.173913
44,15,4121,00:00:01.0150000,35,4848,7830,24302612,25079224,7792305,32871529,45633271,78504800,1.9196289682771548,6.346394559461275,0.3741139769554138,4,35,27,1.2592592
44,16,4230,00:00:01.5630000,40,8958,13876,45653144,47384044,18325000,65709044,72569225,138278269,2.498779120228828,8.864976519113084,0.2694784104824066,4,40,32,1.21875
44,17,4312,00:00:02.3120000,37,16053,23901,89180182,92858020,38820087,131678107,106330619,238008726,3.3456148923311235,6.833613336545361,0.17473359405994415,5,37,28,1.2857143
44,18,4380,00:00:03.4130000,32,29022,41550,175089512,182213470,81573490,263786960,152895072,416682032,4.053175229593421,3.766911310633539,0.11751271039247513,5,32,24,1.2916666
44,19,4446,00:00:05.6740000,32,54145,75367,337651852,350337259,176825377,527162636,227112514,754275150,4.519392886374573,2.6225816461949045,0.08691775053739548,5,32,24,1.2916666
44,20,4517,00:00:11.9590000,28,102203,141164,635672797,662846981,395190481,1058037462,357417914,1415455376,4.844003604577718,2.266427262140073,0.07191839069128036,6,28,22,1.2272727
45,0,1824,00:00:00.0340000,1,1,1,1009,1009,0,1009,2707,3716,1,1,0,0,1,1,0
45,1,1992,00:00:00.0460000,1,1,1,2010,2010,0,2010,5068,7078,1,1,0,0,1,1,0
45,2,2173,00:00:00.0690000,2,2,2,4016,4016,0,4016,10340,14356,1.0032370517928286,1.0064950942010304,0,1,2,1,1
45,3,2346,00:00:00.0730000,2,3,3,8002,8005,0,8005,20521,28526,1.0081229692576856,1.0163779093041634,0,1,2,1,1
45,4,2518,00:00:00.0760000,2,7,7,16025,16057,0,16057,40541,56598,1.0180343213728549,1.0367187146611514,0,1,2,1,1
45,5,2680,00:00:00.0790000,4,10,14,31985,32005,0,32005,77588,109593,1.0518367984992965,1.1097411854266854,0.021068697795271873,1,4,3,1
45,6,2839,00:00:00.0950000,4,14,24,63944,64065,0,64065,150992,215057,1.1170555486050293,1.264579239793702,0.04165656864643097,1,4,3,1
45,7,2982,00:00:00.1000000,6,28,43,128214,128541,0,128541,282081,410622,1.2292885332335002,1.5691325743091515,0.06910445541143417,2,6,4,1.25
45,8,3104,00:00:00.1070000,8,51,79,256298,256765,0,256765,507150,763915,1.3801668370412568,1.9967892088352,0.09216296672821045,2,8,6,1.1666666
45,9,3210,00:00:00.1160000,8,90,137,513369,515085,0,515085,895482,1410567,1.5378002956937407,2.2972825712384854,0.12710611522197723,2,8,6,1.1666666
45,10,3303,00:00:00.1290000,9,172,259,1025119,1029692,1448,1031140,1579027,2610167,1.6942608614219423,2.3533073593211165,0.14852535724639893,2,9,7,1.1428572
45,11,3387,00:00:00.1530000,11,338,484,2021337,2031436,27278,2058714,2782484,4841198,1.8477067406375087,2.3190418501793633,0.15900906920433044,3,11,8,1.25
45,12,3467,00:00:00.1970000,11,683,928,3918849,3948095,168868,4116963,4937366,9054329,2.00631333332823,2.377236488376415,0.15838098526000977,3,11,8,1.25
45,13,3545,00:00:00.2750000,12,1240,1699,7473935,7545537,676792,8222329,8745709,16968038,2.19067425659977,2.5988306822276206,0.14673535525798798,3,12,9,1.2222222
45,14,3622,00:00:00.4190000,13,2202,3057,14081891,14270869,2160362,16431231,15356516,31787747,2.4185814248952786,2.973022895205123,0.1312679797410965,4,13,9,1.3333334
45,15,3698,00:00:00.6540000,14,4205,5791,26446655,26888948,6005101,32894049,26576657,59470706,2.712291819135539,3.425504303001947,0.11260475218296051,4,14,10,1.3
45,16,3772,00:00:01.1040000,14,8029,11068,49573796,50614246,15141472,65755718,45031964,110787682,3.0716734905674765,3.77806618126483,0.08995649963617325,4,14,10,1.3
45,17,3845,00:00:02.1120000,14,14996,20720,93708982,96014569,36193067,132207636,75467840,207675476,3.474309196956168,3.960746579444918,0.07580694556236267,4,14,10,1.3
45,18,3917,00:00:04.3950000,16,28124,38642,175895770,180818909,82731244,263550153,125046995,388597148,3.865145620045326,4.042788229915992,0.06238793209195137,4,16,12,1.25
45,19,3992,00:00:09.1330000,19,53214,73541,330007217,341001559,187393745,528395304,209540182,737935486,4.225185823739121,3.9962494231842336,0.06171137094497681,5,19,13,1.3846154
45,20,4071,00:00:18.7130000,21,100529,140203,611280894,637153642,416688862,1053842504,354290761,1408133265,4.568436012659018,3.8957435260973283,0.0902261957526207,5,21,15,1.3333334
46,0,1651,00:00:00.0330000,1,1,1,1003,1003,0,1003,2411,3414,1,1,0,0,1,1,0
46,1,1844,00:00:00.0460000,1,1,1,2005,2005,0,2005,5179,7184,1,1,0,0,1,1,0
46,2,2041,00:00:00.0690000,1,1,1,4003,4003,0,4003,10880,14883,1,1,0,0,1,1,0
46,3,2213,00:00:00.0720000,2,4,4,8006,8014,0,8014,20674,28688,1.001249063202598,1.002501270267976,0,1,2,1,1
46,4,2391,00:00:00.0760000,3,6,6,16012,16015,0,16015,41085,57100,1.0054334249313015,1.0109390918313768,0,1,3,2,1
46,5,2562,00:00:00.0910000,3,12,15,31963,32006,0,32006,80231,112237,1.0130150486500016,1.02644161883245,0.010379496961832047,1,3,2,1
46,6,2730,00:00:00.0960000,4,24,29,63830,64009,0,64009,157404,221413,1.033056556478145,1.0687990117301052,0.02069268189370632,1,4,3,1
46,7,2891,00:00:00.1030000,7,40,50,127914,128194,0,128194,305371,433565,1.0831965226636646,1.1843591953663575,0.04193348437547684,1,7,6,1
46,8,3040,00:00:00.1130000,7,70,95,254895,256393,0,256393,578911,835304,1.1737499754800997,1.430764912281877,0.08884068578481674,1,7,6,1
46,9,3170,00:00:00.1280000,10,128,181,510825,514399,0,514399,1055969,1570368,1.3062614398277297,1.8842531458205372,0.13651473820209503,1,10,9,1
46,10,3283,00:00:00.1500000,11,226,337,1014543,1026021,1646,1027667,1885002,2912669,1.4546815659858676,2.4615142855691174,0.20299199223518372,2,11,9,1.1111112
46,11,3385,00:00:00.1850000,15,369,553,2000061,2025985,31117,2057102,3345012,5402114,1.6014206566699716,2.8992231536392725,0.24740637838840485,2,15,12,1.1666666
46,12,3482,00:00:00.2470000,18,710,1028,3855679,3914297,191545,4105842,5958488,10064330,1.729524942299398,2.995959851402515,0.27562645077705383,2,18,15,1.1333333
46,13,3580,00:00:00.3510000,20,1330,1905,7296420,7449284,778972,8228256,10749784,18978040,1.8452998867937975,2.9156628426085756,0.3018873333930969,2,20,17,1.117647
46,14,3682,00:00:00.5600000,23,2448,3563,13495282,13883262,2540039,16423301,19542100,35965401,1.9573937024806152,2.909082565423718,0.318935751914978,2,23,19,1.1578947
46,15,3791,00:00:00.9520000,30,4583,6811,24743183,25623757,7282464,32906221,35711552,68617773,2.088685315870638,3.1802448323373023,0.3213835060596466,2,30,26,1.1153846
46,16,3907,00:00:01.6750000,41,8547,12991,44947691,46841015,19018060,65859075,64803494,130662569,2.259320017128355,3.9062039509416966,0.3209763169288635,3,41,35,1.1428572
46,17,4029,00:00:03.7090000,43,15937,24705,80220588,85091546,46238579,131330125,115780996,247111121,2.470331718336445,5.115180167367677,0.35104507207870483,3,43,34,1.2352941
46,18,4157,00:00:08.7190000,55,29501,46681,144887311,155251510,107368030,262619540,203872522,466492062,2.7344299391407714,6.869089148312329,0.34228822588920593,3,55,45,1.2
46,19,4289,00:00:18.6780000,65,54934,87769,262091366,285119998,240194735,525314733,352485730,877800463,3.0670557190350176,9.13100389060385,0.37180861830711365,4,65,50,1.28
46,20,4421,00:00:37.2060000,71,103132,164893,482615006,534479321,519677273,1054156594,593047114,1647203708,3.5322755297832575,12.864739933900115,0.36587637662887573,4,71,53,1.3207548
47,0,1336,00:00:00.0230000,2,2,2,1013,1013,0,1013,2341,3354,1.0118460019743336,1.0239725869821923,0,1,2,1,1
47,1,1498,00:00:00.0400000,2,2,2,2008,2008,0,2008,4749,6757,1.0224103585657371,1.0458240559548546,0,1,2,1,1
47,2,1669,00:00:00.0590000,2,2,3,4018,4018,0,4018,9637,13655,1.0639621702339472,1.1360305804831408,0,1,2,1,1
47,3,1827,00:00:00.0610000,2,3,4,8038,8039,0,8039,18677,26716,1.1509081861159491,1.3445735865362691,0,1,2,1,1
47,4,1961,00:00:00.0620000,2,3,6,16042,16043,0,16043,34081,50124,1.2830071063458421,1.6830147230016081,0,1,2,1,1
47,5,2081,00:00:00.0640000,2,4,9,32194,32196,0,32196,61917,94113,1.4340870969745916,1.965837590243393,0,1,2,1,1
47,6,2181,00:00:00.0660000,2,9,16,64076,64098,0,64098,107836,171934,1.573943442162432,1.9571951114776336,0,1,2,1,1
47,7,2274,00:00:00.0680000,2,18,29,128640,128742,0,128742,193032,321774,1.6935478855721393,1.7393675909530757,0,1,2,1,1
47,8,2359,00:00:00.0700000,2,38,61,255773,256128,0,256128,349399,605527,1.7838278473490166,1.5125927422834327,0,1,2,1,1
47,9,2441,00:00:00.0750000,2,63,110,513581,514990,0,514990,652006,1166996,1.850987478119323,1.3397921204450873,0,1,2,1,1
47,10,2519,00:00:00.0820000,3,145,217,1022314,1026191,1253,1027444,1225688,2253132,1.8996472707993826,1.2264227320392274,0,2,3,1,2
47,11,2597,00:00:00.0970000,5,312,439,2026118,2033590,26020,2059610,2346424,4406034,1.9368042729989072,1.1598031819387855,0.00565941771492362,2,5,3,1.3333334
47,12,2678,00:00:00.1390000,5,625,867,3913819,3939788,171227,4111015,4537688,8648703,1.9638567854057636,1.1190898715985442,0.010077126324176788,2,5,3,1.3333334
47,13,2766,00:00:00.2080000,8,1242,1723,7447789,7507920,733306,8241226,8860834,17102060,1.9922912692612533,1.1112168324513503,0.01955108903348446,2,8,6,1.1666666
47,14,2863,00:00:00.3550000,9,2366,3394,13806385,13995530,2482032,16477562,17255822,33733384,2.022913094195186,1.1322952918877087,0.03540882095694542,2,9,7,1.1428572
47,15,2972,00:00:00.6610000,13,4486,6573,25092274,25610763,7297996,32908759,33485854,66394613,2.071636273380404,1.2167621100519028,0.06444768607616425,2,13,11,1.0909091
47,16,3094,00:00:01.2670000,19,8530,12914,44900152,46336328,19438961,65775289,64134872,129910161,2.158365722236308,1.432690950357915,0.11639180034399033,3,19,16,1.125
47,17,3227,00:00:02.6390000,32,16043,24945,79972256,83456332,47836397,131292729,119708612,251001341,2.320377782014803,1.9981793588021695,0.19237734377384186,3,32,27,1.1481482
47,18,3366,00:00:06.8110000,45,29824,47402,142953768,151725025,110636428,262361453,215264569,477626022,2.5926064362290893,3.4957389649199215,0.2890607714653015,4,45,37,1.1891892
47,19,3504,00:00:15.5770000,54,55593,89496,258574581,280946130,243619771,524565901,370207954,894773855,2.993553739916918,6.959194370066834,0.3527410328388214,3,54,45,1.1777778
47,20,3637,00:00:31.5900000,71,102968,165879,482740322,528978446,520164704,1049143150,612115088,1661258238,3.4912689166247026,10.576471765523197,0.3565886318683624,3,71,57,1.2280701
48,0,1485,00:00:00.0590000,1,2,2,1002,1003,0,1003,2323,3326,1,1,0,0,1,1,0
48,1,1658,00:00:00.0770000,1,1,2,2002,2002,0,2002,4821,6823,1,1,0,0,1,1,0
48,2,1824,00:00:00.1070000,1,2,3,4009,4010,0,4010,9606,13616,1,1,0,0,1,1,0
48,3,2009,00:00:00.1110000,1,4,6,8013,8022,0,8022,20288,28310,1,1,0,0,1,1,0
48,4,2184,00:00:00.1150000,2,7,12,16043,16067,0,16067,40492,56559,1.0011843171476658,1.0023714939828423,0,1,2,1,1
48,5,2357,00:00:00.1200000,3,13,20,32018,32061,0,32061,80567,112628,1.00708976200887,1.014305155135957,0.0043204836547374725,1,3,2,1
48,6,2529,00:00:00.1370000,6,22,33,63932,64091,0,64091,160009,224100,1.0241663016955516,1.0468068052912636,0.01612503081560135,1,6,5,1
48,7,2691,00:00:00.1440000,10,41,60,127832,128111,0,128111,308799,436910,1.0812707303335627,1.1518974228685293,0.050532590597867966,2,10,8,1.125
48,8,2833,00:00:00.1540000,11,60,97,255304,256063,0,256063,567656,823719,1.2609947356876507,1.489819379901931,0.12453778088092804,2,11,9,1.1111112
48,9,2938,00:00:00.1650000,12,111,174,510238,512562,0,512562,946674,1459236,1.6158282997346336,2.2744737689530723,0.20874370634555817,3,12,9,1.2222222
48,10,3013,00:00:00.1790000,13,196,283,1018434,1023814,1053,1024867,1487992,2512859,2.0268971774312328,2.8653749371866124,0.24845106899738312,3,13,9,1.3333334
48,11,3073,00:00:00.1960000,14,349,479,2034880,2045942,20485,2066427,2342133,4408560,2.3897286326466425,2.591294737415882,0.2304987758398056,3,14,10,1.3
48,12,3126,00:00:00.2240000,14,633,829,3993614,4022329,126057,4148386,3773327,7921713,2.671219351694981,2.209191757095341,0.19512474536895752,3,14,10,1.3
48,13,3177,00:00:00.2720000,15,1161,1478,7701740,7770514,511307,8281821,6275445,14557266,2.891886119240587,2.046875926224445,0.15356548130512238,3,15,11,1.2727273
48,14,3229,00:00:00.3520000,17,2154,2735,14614178,14770786,1680584,16451370,10757820,27209190,3.076743830545926,2.0629027307609054,0.1169675663113594,4,17,12,1.3333334
48,15,3285,00:00:00.5180000,13,4084,5231,27460479,27967548,4951677,32919225,19059086,51978311,3.247910824862159,2.1624443854895596,0.10434652119874954,3,13,9,1.3333334
48,16,3346,00:00:00.8560000,17,7763,10039,51367956,52363820,13405374,65769194,34348337,100117531,3.4066034669551577,2.3010448732370716,0.08009346574544907,3,17,13,1.2307693
48,17,3414,00:00:01.4890000,17,14773,19558,94889971,97325697,34370616,131696313,62802031,194498344,3.56179106641312,2.330121593688059,0.07685539126396179,3,17,13,1.2307693
48,18,3490,00:00:02.9100000,23,28192,38070,173660826,178719573,83998019,262717592,115255465,377973057,3.7175439209301007,2.2927072862357183,0.06657569855451584,3,23,19,1.1578947
48,19,3576,00:00:07.6940000,26,52986,73766,313432631,326292998,198614598,524907596,212125294,737032890,3.879621257430596,2.2745343804801554,0.06089141219854355,3,26,23,1.0869565
48,20,3673,00:00:19.0910000,30,100402,144237,559504058,594567984,455834449,1050402433,389699786,1440102219,4.073001670704594,2.462290374754486,0.11617949604988098,3,30,25,1.16
4,0,1386,00:00:00.0280000,1,1,1,1002,1002,0,1002,2539,3541,1,1,0,0,1,1,0
4,1,1536,00:00:00.0370000,1,1,1,2012,2012,0,2012,4697,6709,1,1,0,0,1,1,0
4,2,1711,00:00:00.0560000,1,1,1,4001,4001,0,4001,9726,13727,1,1,0,0,1,1,0
4,3,1886,00:00:00.0590000,1,1,2,8022,8022,0,8022,19670,27692,1,1,0,0,1,1,0
4,4,2062,00:00:00.0610000,1,1,3,16023,16023,0,16023,40136,56159,1,1,0,0,1,1,0
4,5,2237,00:00:00.0640000,1,7,10,32153,32172,0,32172,80466,112638,1,1,0,0,1,1,0
4,6,2407,00:00:00.0680000,1,13,22,64129,64203,0,64203,159712,223915,1,1,0,0,1,1,0
4,7,2579,00:00:00.0730000,1,30,52,127751,128153,0,128153,317941,446094,1,1,0,0,1,1,0
4,8,2751,00:00:00.0810000,6,54,91,255279,256125,0,256125,635494,891619,1.0055703759416168,1.0112281008020478,0.004913131706416607,1,6,5,1
4,9,2922,00:00:00.1070000,8,121,198,511094,513696,0,513696,1264290,1777986,1.0187695414150821,1.0385676126400487,0.01865362375974655,1,8,7,1
4,10,3087,00:00:00.1340000,10,220,372,1012415,1023391,2223,1025614,2476430,3502044,1.0475259651427526,1.1019278428223478,0.04518108442425728,1,10,9,1
4,11,3246,00:00:00.1810000,16,407,689,1980683,2012204,41994,2054198,4758221,6812419,1.113500242088209,1.2701234921357194,0.09778022766113281,1,16,15,1
4,12,3397,00:00:00.2740000,23,815,1333,3777617,3855446,246870,4102316,8818034,12920350,1.2313251978694506,1.676918774477267,0.1871880143880844,1,23,22,1
4,13,3541,00:00:00.4360000,33,1495,2455,7107752,7276554,951978,8228532,15840430,24068962,1.3940131844780177,2.608613897629461,0.3009760081768036,2,33,31,1.032258
4,14,3680,00:00:00.6970000,39,2698,4457,13054252,13485649,2956242,16441891,27800299,44242190,1.5700489771455308,4.527464263805467,0.42276427149772644,2,39,35,1.0857143
4,15,3819,00:00:01.1440000,48,4951,8144,23619247,24700386,8125027,32825413,48368432,81193845,1.7496393513307178,7.9564275874558525,0.5280876159667969,3,48,39,1.2051282
4,16,3962,00:00:01.9550000,59,9135,15108,42509348,45079371,20734001,65813372,84151739,149965111,1.956253880911088,12.697262219027882,0.5595298409461975,3,59,48,1.2083334
4,17,4103,00:00:03.4200000,68,16762,27531,76457466,82291586,48812753,131104339,142802118,273906457,2.270988303483665,17.418329379680284,0.5484423041343689,3,68,53,1.264151
4,18,4236,00:00:06.4360000,74,30673,49841,142139249,154320480,108751719,263072199,233867089,496939288,2.7519518271832153,10.796504818577286,0.46734854578971863,3,74,56,1.3035715
4,19,4359,00:00:13.9580000,65,56248,90122,264819081,292037777,234777302,526815079,372098228,898913307,3.2597013883603045,4.148200492739544,0.35664159059524536,4,65,48,1.3333334
4,20,4480,00:00:28.2660000,62,103289,164504,490181810,544661774,504335801,1048997575,593027465,1642025040,3.6675450992357304,2.4560766557189346,0.24766235053539276,4,62,47,1.2978723
49,0,1844,00:00:00.0280000,2,2,2,1002,1002,0,1002,2418,3420,1.0249500998003993,1.051143557777076,0,1,2,1,1
49,1,1997,00:00:00.0380000,2,2,2,2019,2019,0,2019,4626,6645,1.0331847449232294,1.0685668092996083,0,1,2,1,1
49,2,2159,00:00:00.0570000,2,2,2,4013,4013,0,4013,9316,13329,1.0919511587341142,1.2004690043317907,0,1,2,1,1
49,3,2309,00:00:00.0580000,2,2,2,8024,8024,0,8024,17974,25998,1.1850697906281156,1.4319220095661849,0,1,2,1,1
49,4,2436,00:00:00.0600000,2,3,3,16076,16080,0,16080,32340,48420,1.3099029609355561,1.7474154185705941,0,1,2,1,1
49,5,2549,00:00:00.0610000,2,7,9,31997,32014,0,32014,58307,90321,1.4618557989811545,1.9884276372062313,0,1,2,1,1
49,6,2649,00:00:00.0630000,2,16,19,64054,64102,0,64102,103985,168087,1.6014924907109627,1.9208553173559002,0,1,2,1,1
49,7,2739,00:00:00.0650000,2,28,33,127967,128138,0,128138,186418,314556,1.715606367266561,1.6864195612577129,0,1,2,1,1
49,8,2822,00:00:00.0680000,2,47,63,255423,256008,0,256008,337936,593944,1.799086221679332,1.4729598745023942,0,1,2,1,1
49,9,2903,00:00:00.0740000,3,99,124,513912,515536,0,515536,635964,1151500,1.8626982829745171,1.3175761024098953,0,2,3,1,2
49,10,2981,00:00:00.0830000,3,193,248,1025828,1031715,1284,1032999,1211521,2244520,1.9085236511383974,1.2127906546152025,0,2,3,1,2
49,11,3058,00:00:00.0990000,3,332,446,2015838,2037204,25948,2063152,2322229,4385381,1.9409744235399868,1.1481480421837993,0,2,3,1,2
49,12,3138,00:00:00.1320000,8,657,895,3898631,3945549,170117,4115666,4489235,8604901,1.9735109580773353,1.125407585175209,0.01303213182836771,2,8,6,1.1666666
49,13,3224,00:00:00.2160000,13,1245,1742,7378940,7485316,720517,8205833,8706698,16912531,2.008090863999436,1.1385235592497402,0.029849261045455933,2,13,11,1.0909091
49,14,3319,00:00:00.3570000,18,2418,3402,13721445,13981165,2437749,16418914,16900114,33319028,2.053828514416667,1.2019646013141458,0.058492809534072876,2,18,16,1.0625
49,15,3425,00:00:00.6650000,26,4560,6630,25155468,25755406,7184313,32939719,32658666,65598385,2.1263774539992655,1.3684310138185602,0.1086851954460144,2,26,24,1.0416666
49,16,3541,00:00:01.3270000,34,8591,12871,45304278,46794484,19018267,65812751,61795212,127607963,2.241754586619833,1.7442459301614277,0.18968363106250763,3,34,30,1.1
49,17,3666,00:00:03.3690000,45,15957,24714,81014413,84712954,46679082,131392036,114035220,245427256,2.4224671108830966,2.6277603604569943,0.302441269159317,3,45,37,1.1891892
49,18,3797,00:00:07.9340000,58,29924,46988,145019470,154332666,108304007,262636673,204165628,466802301,2.6921176790950896,4.783028855803596,0.4261321425437927,4,58,45,1.2666667
49,19,3929,00:00:16.7910000,68,55694,88380,264372514,286698663,240323831,527022494,352655828,879678322,3.0947102995737295,9.908447958368953,0.5151526927947998,3,68,53,1.264151
49,20,4051,00:00:32.2890000,81,103177,162992,499557228,545889213,503959533,1049848746,574248737,1624097483,3.707640128469926,17.431581503781132,0.5053224563598633,4,81,59,1.3559322
5,0,1526,00:00:00.0240000,1,1,1,1008,1008,0,1008,2443,3451,1,1,0,0,1,1,0
5,1,1715,00:00:00.0330000,1,1,1,2012,2012,0,2012,5176,7188,1,1,0,0,1,1,0
5,2,1891,00:00:00.0510000,1,1,1,4005,4005,0,4005,10155,14160,1,1,0,0,1,1,0
5,3,2054,00:00:00.0630000,1,1,1,8044,8044,0,8044,19500,27544,1,1,0,0,1,1,0
5,4,2219,00:00:00.0650000,1,1,1,16028,16028,0,16028,38303,54331,1,1,0,0,1,1,0
5,5,2387,00:00:00.0670000,1,4,5,32025,32029,0,32029,77123,109152,1,1,0,0,1,1,0
5,6,2558,00:00:00.0690000,1,8,15,64166,64234,0,64234,156114,220348,1,1,0,0,1,1,0
5,7,2731,00:00:00.0730000,2,27,43,127990,128202,0,128202,315846,444048,1.001218845222283,1.002440681994864,0,1,2,1,1
5,8,2904,00:00:00.0810000,3,52,90,255833,256547,0,256547,634786,891333,1.0042097774720227,1.0084636415313188,0.0036163602489978075,1,3,2,1
5,9,3075,00:00:00.1050000,4,117,190,509726,512768,0,512768,1266498,1779266,1.0133875847023694,1.0272467245836028,0.012043199501931667,1,4,3,1
5,10,3240,00:00:00.1300000,8,239,378,1014194,1022328,2250,1024578,2478467,3503045,1.0510602508001428,1.094429004890156,0.0319155678153038,2,8,6,1.1666666
5,11,3394,00:00:00.1770000,12,426,693,1991131,2015129,40712,2055841,4678103,6733944,1.176998399402149,1.3170548589303428,0.0734589546918869,2,12,10,1.1
5,12,3519,00:00:00.2670000,16,778,1234,3836669,3892785,218698,4111483,8009230,12120713,1.513043997279932,2.0014409107524047,0.12643693387508392,3,16,13,1.1538461
5,13,3612,00:00:00.3410000,16,1322,2067,7312340,7450059,746554,8196613,12488986,20685599,1.9994089443324572,2.9497152129837443,0.15150749683380127,3,16,13,1.1538461
5,14,3688,00:00:00.4440000,17,2361,3518,14007488,14301092,2156769,16457861,18969189,35427050,2.4823285945345805,3.1017716929572714,0.08490404486656189,3,17,14,1.1428572
5,15,3757,00:00:00.6250000,17,4311,6190,26688380,27286438,5741192,33027630,29161372,62189002,2.8909192315157384,2.856208865402212,0.06203070655465126,4,17,13,1.2307693
5,16,3825,00:00:00.9450000,16,7836,11050,50186556,51485230,14541519,66026749,46202601,112229350,3.2131850011784033,2.64546532984736,0.04762640967965126,4,16,12,1.25
5,17,3896,00:00:01.4880000,16,14953,20758,93166823,96060601,35585148,131645749,75894624,207540373,3.4733301359862834,2.44957399571041,0.05235835909843445,4,16,12,1.25
5,18,3973,00:00:02.6710000,19,28316,39413,171947205,178306178,84955354,263261532,128987994,392249526,3.708583591108678,2.314476418387363,0.0438246950507164,4,19,15,1.2
5,19,4057,00:00:06.2090000,27,52994,74874,316450399,329929139,197348089,527277228,223657019,750934247,3.960394908524037,2.410624618530651,0.04173519089818001,5,27,20,1.3
5,20,4146,00:00:14.7340000,32,100389,143351,577743710,611031984,439715757,1050747741,386358953,1437106694,4.291072920551572,2.973620181065384,0.0903140977025032,6,32,23,1.3478261
6,0,1633,00:00:00.0320000,1,1,1,1002,1002,0,1002,1939,2941,1,1,0,0,1,1,0
6,1,1815,00:00:00.0440000,1,2,2,2013,2014,0,2014,4581,6595,1,1,0,0,1,1,0
6,2,1991,00:00:00.0670000,1,2,3,4011,4012,0,4012,9739,13751,1,1,0,0,1,1,0
6,3,2166,00:00:00.0690000,1,1,3,8025,8025,0,8025,19811,27836,1,1,0,0,1,1,0
6,4,2341,00:00:00.0720000,1,4,9,16036,16049,0,16049,40111,56160,1,1,0,0,1,1,0
6,5,2518,00:00:00.0750000,2,5,11,32023,32030,0,32030,80708,112738,1.0017799706460981,1.0035662835953647,0,1,2,1,1
6,6,2696,00:00:00.0800000,3,13,28,64156,64175,0,64175,163134,227309,1.006250389675167,1.0125944704839895,0.0041557298973202705,1,3,2,1
6,7,2866,00:00:00.0970000,3,22,44,128380,128528,0,128528,321011,449539,1.0155008568312822,1.0315861821609424,0.012996097095310688,1,3,2,1
6,8,3032,00:00:00.1060000,3,43,81,255539,256149,0,256149,627244,883393,1.0382172584223934,1.0800488405405484,0.03322435915470123,1,3,2,1
6,9,3191,00:00:00.1200000,4,99,164,509557,512347,0,512347,1211004,1723351,1.089171574524538,1.1988360329333565,0.05403122678399086,1,4,3,1
6,10,3336,00:00:00.1450000,10,189,317,1020973,1026996,2036,1029032,2270843,3299875,1.1923537644972002,1.478833892664173,0.07773208618164062,2,10,8,1.125
6,11,3464,00:00:00.1870000,12,381,613,1997343,2016828,36253,2053081,4100246,6153327,1.3516516692425888,1.9999798710230285,0.13054870069026947,2,12,10,1.1
6,12,3577,00:00:00.2580000,18,714,1097,3855375,3888352,208248,4096600,7125536,11222136,1.5715278020944785,2.8676682949922045,0.17112022638320923,2,18,15,1.1333333
6,13,3680,00:00:00.3950000,19,1349,2009,7354884,7442004,798232,8240236,12138532,20378768,1.830264216267721,4.011102219907309,0.2217889130115509,2,19,16,1.125
6,14,3775,00:00:00.5910000,21,2473,3645,13795638,14008896,2451893,16460789,20304397,36765186,2.1007760568956653,5.321725711152639,0.2629656195640564,3,21,17,1.1764706
6,15,3868,00:00:00.9090000,23,4522,6701,25653602,26158101,6739681,32897782,34066373,66964155,2.3571654382101976,6.46538866083582,0.2980799973011017,3,23,18,1.2222222
6,16,3963,00:00:01.4670000,27,8297,12308,47192289,48284119,17270669,65554788,57824905,123379693,2.586925058879852,6.993504070016397,0.3256385624408722,3,27,19,1.3684211
6,17,4065,00:00:02.8160000,31,15502,23095,86255158,88641834,42582675,131224509,100384770,231609279,2.786861870915592,7.049729782239714,0.33998557925224304,3,31,22,1.3636364
6,18,4176,00:00:06.7400000,33,29173,43907,155099891,161210093,101077021,262287114,176864910,439152024,2.9799567621875376,7.274948366217318,0.3531423509120941,4,33,23,1.3913044
6,19,4298,00:00:15.3270000,35,54691,84246,276789191,293044846,233101190,526146036,314443398,840589434,3.1906818536132793,8.284005950213302,0.4363994002342224,4,35,24,1.4166666
6,20,4428,00:00:33.1290000,47,101947,160276,492999720,533298348,516830704,1050129052,552085774,1602214826,3.4681686168097623,10.409266779846687,0.4492320418357849,4,47,32,1.4375
7,0,1317,00:00:00.0240000,3,3,3,1006,1006,0,1006,1404,2410,1.5834990059642147,2.8605880396744454,0.5680477023124695,1,3,2,1
7,1,1409,00:00:00.0430000,3,3,3,2011,2011,0,2011,2759,4770,1.7155643958229736,2.8786135398116777,0.6938394904136658,1,3,2,1
7,2,1500,00:00:00.0610000,3,3,3,4033,4033,0,4033,5300,9333,1.8031242251425739,2.671708995214726,0.7794655561447144,1,3,2,1
7,3,1580,00:00:00.0620000,3,3,3,8021,8021,0,8021,9896,17917,1.8582471013589328,2.5094863079912115,0.841166079044342,1,3,2,1
7,4,1659,00:00:00.0630000,3,3,3,16039,16039,0,16039,19173,35212,1.9070390922127314,2.312234384285284,0.8870459794998169,1,3,2,1
7,5,1734,00:00:00.0640000,3,4,4,32146,32147,0,32147,36242,68389,1.9353574317177875,2.181771828731528,0.9093948006629944,1,3,2,1
7,6,1809,00:00:00.0650000,3,10,12,64355,64381,0,64381,70971,135352,1.9572838163312873,2.096123693832764,0.931419312953949,1,3,2,1
7,7,1883,00:00:00.0670000,3,26,32,128398,128545,0,128545,139490,268035,1.9706381719341424,2.04613620314748,0.9455196857452393,1,3,2,1
7,8,1956,00:00:00.0700000,3,46,58,255407,256016,0,256016,274036,530052,1.9800749392146653,2.009189041887535,0.9548354148864746,1,3,2,1
7,9,2030,00:00:00.0740000,3,86,115,513827,516068,0,516068,547352,1063420,1.98690026020431,1.9844676346951786,0.9622630476951599,1,3,2,1
7,10,2102,00:00:00.0820000,5,164,218,1018764,1023491,1160,1024651,1077627,2102278,1.9940486707421934,1.9805963940243985,0.9668911695480347,2,5,2,2
7,11,2177,00:00:00.0970000,6,304,421,2023942,2038400,25257,2063657,2157103,4220760,2.0003829161112323,1.9837995235295418,0.9665343165397644,2,6,3,1.6666666
7,12,2255,00:00:00.1280000,10,632,864,3923874,3954822,167798,4122620,4272504,8395124,2.0119871331240504,2.014202752060126,0.957172155380249,2,10,7,1.2857143
7,13,2340,00:00:00.1950000,13,1226,1673,7431849,7509665,718209,8227874,8451158,16679032,2.0292200500844406,2.074191337060605,0.9446937441825867,2,13,10,1.2
7,14,2435,00:00:00.3290000,17,2339,3262,13846181,14030740,2451244,16481984,16676437,33158421,2.0611600411694746,2.2077959971062397,0.9204942584037781,2,17,14,1.1428572
7,15,2541,00:00:00.6000000,19,4520,6488,25192642,25723678,7202719,32926397,32457436,65383833,2.1164542011909666,2.4686801627956245,0.8851428627967834,2,20,17,1.117647
7,16,2659,00:00:01.1940000,24,8395,12636,45123457,46577463,19145089,65722552,62089043,127811595,2.2103331090080265,3.039388514078241,0.837501585483551,3,25,21,1.1428572
7,17,2788,00:00:02.7640000,34,15947,24687,80301669,84038626,47240002,131278628,115994752,247273380,2.3673633483259233,4.337836672259491,0.7924020886421204,3,35,28,1.2142857
7,18,2925,00:00:07.1890000,45,29847,47315,142683096,152117955,110083128,262201083,210260338,472461421,2.599025731821799,7.228322983357162,0.762051522731781,4,46,34,1.3235294
7,19,3067,00:00:16.5620000,61,55906,89824,256774385,279375475,246709218,526084693,370115084,896199777,2.9275953440605065,12.802883398305703,0.7438220977783203,4,62,47,1.2978723
7,20,3207,00:00:34.1830000,74,103657,167906,468059572,520099877,530797273,1050897150,625313830,1676210980,3.37039405958351,18.21332673318169,0.7314995527267456,5,75,54,1.3703704
8,0,1020,00:00:00.0620000,1,1,1,1003,1003,0,1003,2143,3146,1,1,0,0,1,1,0
8,1,1184,00:00:00.0780000,2,2,2,2008,2008,0,2008,4499,6507,1.0014940239043826,1.0029925644812367,0,1,2,1,1
8,2,1356,00:00:00.1060000,3,3,3,4009,4009,0,4009,9426,13435,1.0054876527812422,1.0110509783490138,0,1,3,2,1
8,3,1539,00:00:00.1240000,3,5,5,8004,8011,0,8011,20049,28060,1.0223638180909544,1.045998533855815,0.022233039140701294,1,3,2,1
8,4,1701,00:00:00.1290000,3,5,6,16019,16032,0,16032,38714,54746,1.053748673450278,1.114997847783912,0.052712395787239075,1,3,2,1
8,5,1852,00:00:00.1340000,3,12,16,32018,32099,0,32099,73232,105331,1.1174651758385907,1.2721153016762596,0.11323272436857224,1,3,2,1
8,6,1991,00:00:00.1400000,5,17,26,64022,64117,0,64117,136908,201025,1.221611321108369,1.5845281271106837,0.11762291193008423,1,5,4,1
8,7,2113,00:00:00.1460000,5,31,45,127851,128207,0,128207,248561,376768,1.3576115947470102,2.0901297520030577,0.18925027549266815,1,5,4,1
8,8,2222,00:00:00.1550000,6,55,77,255116,256100,0,256100,448815,704915,1.5085176939117892,2.6738035810924385,0.26889729499816895,2,6,4,1.25
8,9,2318,00:00:00.1660000,6,100,135,510142,513185,0,513185,801151,1314336,1.6432385492666748,2.9798408352063865,0.33808720111846924,2,6,4,1.25
8,10,2406,00:00:00.1840000,7,181,260,1022013,1029568,1374,1030942,1447996,2478938,1.7602750649942809,2.9679326044131,0.3865143060684204,2,7,5,1.2
8,11,2489,00:00:00.2130000,10,320,469,2019361,2034516,27292,2061808,2642690,4704498,1.859262410237694,2.858908709571152,0.3687109351158142,2,10,6,1.5
8,12,2571,00:00:00.2650000,12,622,867,3895722,3931806,172042,4103848,4857788,8961636,1.9509464484375425,2.8164717397687236,0.3825007677078247,3,12,7,1.5714285
8,13,2656,00:00:00.3720000,14,1216,1692,7418715,7506839,713899,8220738,9015549,17236287,2.054131881329853,2.9297810027148086,0.37969836592674255,3,14,9,1.4444444
8,14,2744,00:00:00.5650000,16,2328,3270,13855520,14075985,2335166,16411151,16588093,32999244,2.190922607018719,3.2761745593513694,0.4096086621284485,3,16,11,1.3636364
8,15,2835,00:00:00.9040000,18,4363,6249,25700063,26195212,6612479,32807691,30030933,62838624,2.3935343271337506,3.9522364232320446,0.3680797219276428,3,18,13,1.3076923
8,16,2927,00:00:01.4380000,20,8249,11855,47601105,48753964,16942094,65696058,52988413,118684471,2.673979900256517,4.864875551518765,0.3201747536659241,3,20,15,1.2666667
8,17,3019,00:00:02.5100000,24,15565,22431,88616394,91215598,40704760,131920358,91346417,223266775,3.017019458047458,5.432130044186724,0.2702619433403015,4,24,18,1.2777778
8,18,3110,00:00:04.9520000,24,28913,41974,164180261,170697096,92935413,263632509,154007194,417639703,3.4089531993130406,5.209394690545401,0.2695806324481964,5,24,16,1.4375
8,19,3196,00:00:10.1510000,28,54044,77795,311741421,325753587,200486413,526240000,250172737,776412737,4.00278205570892,5.317006388710982,0.24014371633529663,6,28,19,1.4210526
8,20,3270,00:00:18.7060000,23,102417,143985,612430273,644531243,406595373,1051126616,384163955,1435290571,4.828028920771525,4.872126807180025,0.22521914541721344,6,24,15,1.5333333
