RepeatId,GenerationId,Generations,Time,SubcloneSelect,SubcloneAlive,SubcloneTotal,CellSelectCount,CellAliveCount,CellNecroCount,CellTumorCount,CellLostCount,CellTotalCount,MeanDriversPerCell,ClonalDiversity,TreeBalance,TreeDepth,NodeCount,LeafCount,Branching
0,0,2036,00:00:00.0600000,1,1,1,995,995,8,1003,4839,5842,1,1,0,0,1,1,0
0,1,2337,00:00:00.0780000,1,1,2,1850,1850,162,2012,8711,10723,1,1,0,0,1,1,0
0,2,2750,00:00:00.1120000,1,1,3,3359,3359,647,4006,18793,22799,1,1,0,0,1,1,0
0,3,3266,00:00:00.1250000,1,2,6,5890,5893,2115,8008,40863,48871,1,1,0,0,1,1,0
0,4,3820,00:00:00.1400000,2,4,13,10341,10345,5665,16010,81326,97336,1.0015472391451503,1.0030992224105564,0,1,2,1,1
0,5,4470,00:00:00.1610000,2,4,22,17586,17590,14441,32031,162503,194534,1.0064255657909702,1.0129336876850046,0,1,2,1,1
0,6,5248,00:00:00.1940000,3,12,42,29604,29678,34333,64011,324550,388561,1.0318875827590865,1.06587778620319,0.006624002009630203,1,3,2,1
0,7,6084,00:00:00.2550000,7,19,74,50392,50586,77448,128034,609760,737794,1.1841363708525163,1.4397769035338543,0.040374405682086945,1,7,6,1
0,8,6895,00:00:00.3210000,12,36,128,87032,87333,168856,256189,1059640,1315829,1.5324823053589485,2.202018824101389,0.10703922808170319,1,12,11,1
0,9,7662,00:00:00.4200000,18,62,230,148931,149622,362663,512285,1755283,2267568,1.8274771538497694,1.714235816324179,0.15846595168113708,2,18,16,1.0625
0,10,8483,00:00:00.6110000,24,110,401,249469,251276,772893,1024169,2962578,3986747,2.001174494626587,1.4779474631064113,0.1750776767730713,2,24,21,1.0952381
0,11,9392,00:00:00.8750000,31,185,719,419236,424714,1624764,2049478,5114472,7163950,2.255374061387858,2.251523711162207,0.1859642118215561,2,31,26,1.1538461
0,12,10320,00:00:01.3240000,33,328,1288,720832,738290,3359808,4098098,8638368,12736466,2.6908933010743143,6.800137814827265,0.2831158936023712,2,34,29,1.137931
0,13,11295,00:00:02.2140000,43,589,2279,1209269,1253339,6943298,8196637,14594324,22790961,2.970107560848744,8.544796222637276,0.37422189116477966,3,44,34,1.2647059
0,14,12370,00:00:03.9670000,66,1056,4184,2030415,2148417,14237986,16386403,25092191,41478594,3.3606750344141467,14.645390350116982,0.41675880551338196,4,67,49,1.3469387
0,15,13387,00:00:07.0160000,72,1885,7402,3788636,4066373,28715105,32781478,40797653,73579131,4.372578416084311,16.701509657909458,0.5652895569801331,4,73,47,1.531915
0,16,14305,00:00:12.8460000,54,3284,12926,7066951,7581862,57961349,65543211,63362012,128905223,5.237471577204936,7.998712664910969,0.42202407121658325,4,55,37,1.4594594
0,17,15209,00:00:30.5270000,54,5746,23001,13110244,14057178,117108469,131165647,98838495,230004142,6.07087434833402,5.819827156602931,0.44081911444664,4,55,43,1.255814
0,18,16100,00:01:03.5090000,50,10538,41722,24147985,26468128,235709857,262177985,154548918,416726903,6.996148664163904,7.0693406405766055,0.4066590964794159,5,51,35,1.4285715
0,19,16973,00:02:04.2590000,56,19655,76636,46031156,50731004,473619685,524350689,241412067,765762756,8.03112055234937,5.522142357459746,0.36056721210479736,5,57,44,1.2727273
0,20,17842,00:03:52.3860000,54,36589,142875,84316782,95426865,953164370,1048591235,378707064,1427298299,8.921009271914576,4.8452978275852745,0.2937057912349701,5,55,42,1.2857143
9,0,2781,00:00:00.0340000,2,2,2,998,998,8,1006,6248,7254,1.0100200400801602,1.0202407951505437,0,1,2,1,1
9,1,3139,00:00:00.0460000,2,2,2,1841,1841,165,2006,11064,13070,1.0206409560021728,1.0421332816978333,0,1,2,1,1
9,2,3538,00:00:00.0650000,2,2,3,3381,3381,624,4005,20594,24599,1.0603371783496007,1.1278957292693716,0,1,2,1,1
9,3,3940,00:00:00.0700000,3,3,5,6025,6025,1982,8007,37587,45594,1.1201659751037345,1.2700604361872168,0.030650099739432335,1,3,2,1
9,4,4381,00:00:00.0840000,4,6,10,10561,10565,5468,16033,69814,85847,1.2518700880598428,1.6081562063715196,0.033832572400569916,2,4,2,1.5
9,5,4839,00:00:00.0910000,4,7,14,18479,18494,13519,32013,126808,158821,1.4759997835380703,2.061326890037092,0.07659472525119781,2,4,2,1.5
9,6,5293,00:00:00.1000000,5,17,31,31997,32060,31988,64048,220585,284633,1.700784448542051,1.9755368512466969,0.0738443061709404,2,5,3,1.3333334
9,7,5767,00:00:00.1130000,7,27,55,54977,55132,72948,128080,382479,510559,1.9338086836313368,1.7454459312542712,0.06568506360054016,2,7,5,1.2
9,8,6261,00:00:00.1410000,7,32,99,94886,95476,160812,256288,657957,914245,2.1930000210779252,1.9030848474019022,0.09987515211105347,2,7,4,1.5
9,9,6777,00:00:00.1730000,10,55,168,163444,164334,347786,512120,1125166,1637286,2.4809659577592327,2.208771842915367,0.08223000913858414,3,10,6,1.5
9,10,7331,00:00:00.2480000,14,99,292,280118,281482,742693,1024175,1939390,2963565,2.782602331874424,1.847394923510426,0.07233566045761108,3,14,10,1.3
9,11,7939,00:00:00.3370000,19,171,520,476128,479885,1569957,2049842,3381862,5431704,3.054155605215404,1.7263856480657684,0.06414863467216492,3,20,16,1.1875
9,12,8603,00:00:00.5390000,22,318,988,809297,823912,3273428,4097340,5909874,10007214,3.396719622091766,2.3500355370617814,0.054323483258485794,4,23,19,1.1578947
9,13,9316,00:00:00.9610000,31,549,1841,1388073,1424926,6768190,8193116,10265376,18458492,3.793486365630626,2.347738834994951,0.10364536941051483,3,31,26,1.1538461
9,14,10091,00:00:01.7700000,42,1003,3419,2383722,2464802,13931681,16396483,17834853,34231336,4.195507278113807,2.710424224251415,0.12449785321950912,4,43,35,1.2
9,15,10914,00:00:03.3450000,47,1742,6241,4109004,4329005,28457877,32786882,30566816,63353698,4.70991096625849,5.441045974427469,0.2716931104660034,3,47,37,1.2432432
9,16,11783,00:00:06.4340000,52,3230,11545,7151811,7693808,57879644,65573452,52017376,117590828,5.297087548873985,6.809598650176985,0.316790908575058,4,53,41,1.2682927
9,17,12685,00:00:12.2850000,65,5799,21601,12825414,13934999,117178381,131113380,87475917,218589297,6.003657893616533,5.343409000655515,0.2985229194164276,4,66,47,1.3829787
9,18,13603,00:00:23.2990000,69,10639,40397,23502958,25994228,236205288,262199516,144886288,407085804,6.909237169210786,5.315707504899961,0.3508588671684265,4,70,51,1.3529412
9,19,14428,00:00:49.5130000,47,20033,74669,50466840,54742493,470001760,524744253,226430940,751175193,8.540390937891098,1.9674724974126239,0.13049569725990295,5,48,32,1.46875
9,20,15217,00:02:01.5820000,37,36558,139799,93897272,102160352,947317265,1049477617,351407203,1400884820,9.339854729751893,1.7986492388841802,0.06474339216947556,5,38,30,1.2333333
10,0,2888,00:00:00.0370000,1,1,3,1003,1003,5,1008,5139,6147,1,1,0,0,1,1,0
10,1,3325,00:00:00.0500000,1,1,3,1832,1832,172,2004,10914,12918,1,1,0,0,1,1,0
10,2,3741,00:00:00.0710000,1,1,5,3367,3367,646,4013,20948,24961,1,1,0,0,1,1,0
10,3,4211,00:00:00.0760000,1,3,8,5962,5967,2047,8014,40858,48872,1,1,0,0,1,1,0
10,4,4741,00:00:00.0840000,3,6,15,10395,10402,5613,16015,79406,95421,1.0027898027898028,1.0055990495000338,0,1,3,2,1
10,5,5361,00:00:00.1040000,3,7,27,17651,17664,14370,32034,156438,188472,1.01110418673163,1.0225160823128838,0.009829954244196415,1,3,2,1
10,6,6115,00:00:00.1210000,6,13,44,29786,29806,34222,64028,313699,377727,1.0542536762237293,1.1156062702173726,0.024305103346705437,1,6,5,1
10,7,6937,00:00:00.1460000,8,18,72,50711,50794,77263,128057,594104,722161,1.2318629094279347,1.597849853346655,0.09141543507575989,1,8,7,1
10,8,7712,00:00:00.1830000,11,36,131,87410,87672,168569,256241,1025098,1281339,1.5810776798993251,2.4814956802453048,0.2011815309524536,2,11,9,1.1111112
10,9,8457,00:00:00.2420000,14,61,229,150167,150958,361332,512290,1701522,2213812,1.8742999460600531,2.034234430762684,0.2664378881454468,2,14,12,1.0833334
10,10,9239,00:00:00.3430000,21,119,396,252595,254977,769762,1024739,2850514,3875253,2.1095231497060514,2.1194907127479867,0.25470930337905884,3,21,18,1.1111112
10,11,10046,00:00:00.5400000,30,217,714,437348,444368,1604497,2048865,4755975,6804840,2.5644635393325226,4.203804524229218,0.2315128892660141,3,30,25,1.16
10,12,10796,00:00:00.8200000,36,358,1165,789316,808324,3291665,4099989,7594582,11694571,3.307941306143547,5.722694341843166,0.248878613114357,5,37,29,1.2413793
10,13,11468,00:00:01.2250000,34,561,1903,1464302,1504965,6691684,8196649,11676676,19873325,4.192473956875016,4.834784884177175,0.19343328475952148,5,35,26,1.3076923
10,14,12076,00:00:01.8660000,27,1009,3299,2758483,2833496,13551378,16384874,17545653,33930527,5.130060979168623,3.9418850515864623,0.18046732246875763,3,28,21,1.2857143
10,15,12682,00:00:03.0260000,25,1809,5906,4953877,5095695,27700459,32796154,26938282,59734436,5.716058351872685,1.9483887485681153,0.10693488270044327,4,26,19,1.3157895
10,16,13357,00:00:05.3630000,29,3301,10853,8365615,8719198,56846593,65565791,43676961,109242752,6.029656636122986,1.6100794128404263,0.06553041934967041,4,30,25,1.16
10,17,14128,00:00:10.3470000,43,5940,20582,13850559,15066039,116043845,131109884,74096131,205206015,6.417730865591778,3.0876701743763952,0.11382514238357544,4,44,38,1.1315789
10,18,14966,00:00:27.2200000,77,10830,38987,23927213,27085827,235140682,262226509,126660588,388887097,7.096050551311596,13.80722157734498,0.2937653064727783,4,78,63,1.2222222
10,19,15847,00:01:18.6970000,89,20413,74228,42514518,49375048,475020890,524395938,214656325,739052263,7.829005352947903,14.562541300018564,0.38226407766342163,4,90,65,1.3692307
10,20,16762,00:03:00.0990000,99,38045,141460,77819403,92795467,956167924,1048963391,359033469,1407996860,8.797981706438945,17.22561778665442,0.5924897193908691,4,100,71,1.3943661
11,0,3411,00:00:00.0450000,1,1,2,996,996,8,1004,6644,7648,1,1,0,0,1,1,0
11,1,3850,00:00:00.0570000,1,1,3,1825,1825,176,2001,12842,14843,1,1,0,0,1,1,0
11,2,4307,00:00:00.0790000,2,2,4,3334,3334,676,4010,23923,27933,1.0053989202159568,1.0108561517716868,0,1,2,1,1
11,3,4753,00:00:00.0850000,2,3,7,5979,5980,2026,8006,43092,51098,1.0214082622512126,1.0437322698820903,0,1,2,1,1
11,4,5315,00:00:00.0930000,3,3,8,10351,10351,5679,16030,85095,101125,1.0601874215051685,1.1277488860390223,0.008687571622431278,1,3,2,1
11,5,5882,00:00:00.1110000,3,7,19,17882,17922,14093,32015,154976,186991,1.1818588524773515,1.424616998975761,0.011426469311118126,1,3,2,1
11,6,6463,00:00:00.1240000,3,17,37,31260,31338,32686,64024,274259,338283,1.4392194497760717,1.9867705083992773,0.03731536120176315,1,3,2,1
11,7,7031,00:00:00.1410000,3,24,60,53557,53845,74282,128127,467938,596065,1.6999271803872509,1.7508979236531086,0.05218781903386116,1,3,2,1
11,8,7618,00:00:00.1670000,8,37,103,91275,91832,164364,256196,797013,1053209,1.8828047110380717,1.3233024021589601,0.04673951119184494,2,8,6,1.1666666
11,9,8275,00:00:00.2150000,13,76,193,152466,153690,358336,512026,1395809,1907835,2.000603413219997,1.2050033438536882,0.04856150224804878,2,13,11,1.0909091
11,10,9018,00:00:00.3130000,20,119,364,254820,258122,766102,1024224,2487446,3511670,2.1761400204065615,1.5568975155352789,0.059323593974113464,3,20,17,1.117647
11,11,9809,00:00:00.4940000,31,207,651,439077,445751,1603770,2049521,4356022,6405543,2.5754594296672337,3.9594540491442203,0.14266015589237213,3,31,26,1.1538461
11,12,10586,00:00:00.7950000,34,351,1147,771112,788984,3307442,4096426,7303451,11399877,3.1147654296652107,7.965657624253255,0.4073938727378845,3,34,28,1.1785715
11,13,11351,00:00:01.2730000,32,602,2008,1364811,1405343,6788864,8194207,11962383,20156590,3.7286994316429163,4.5079826429102665,0.28317156434059143,3,32,26,1.1923077
11,14,12110,00:00:02.1380000,31,1052,3595,2430414,2513410,13881208,16394618,19344950,35739568,4.349737122975756,4.093747070909936,0.19136124849319458,4,31,23,1.3043479
11,15,12888,00:00:03.7630000,33,1844,6429,4270690,4450268,28327251,32777519,31383208,64160727,4.880997450060763,3.6484543701352417,0.20873388648033142,4,34,25,1.32
11,16,13717,00:00:06.8280000,43,3299,11774,7420214,7883036,57661099,65544135,51851854,117395989,5.4339374848218664,4.873149939722635,0.4004248082637787,4,44,35,1.2285714
11,17,14578,00:00:15.8180000,60,5892,21641,13174908,14376233,116747467,131123700,85686057,216809757,6.179536889365755,6.209249499684267,0.6201313138008118,5,61,46,1.3043479
11,18,15453,00:00:44.3790000,77,10762,40100,24205503,26525420,235644772,262170192,140469115,402639307,7.004192848213069,6.821958422841215,0.3685568571090698,4,78,60,1.2833333
11,19,16352,00:01:40.1030000,81,19719,75242,44282401,49139879,475474240,524614119,230155174,754769293,7.8286146679354625,17.078870663636337,0.4388180673122406,4,82,61,1.3278688
11,20,17216,00:03:16.7180000,65,37212,141259,90788225,100217061,949240508,1049457569,365987070,1415444639,9.298483443199821,4.158134821897435,0.30021601915359497,5,66,44,1.4772727
12,0,2916,00:00:00.0510000,2,2,2,997,997,7,1004,5519,6523,1.0160481444332998,1.032611077568706,0,1,2,1,1
12,1,3350,00:00:00.0680000,2,2,2,1836,1836,173,2009,11038,13047,1.0076252723311547,1.0153668398821996,0,1,2,1,1
12,2,3735,00:00:00.0940000,2,2,2,3357,3357,653,4010,20295,24305,1.0336610068513554,1.0695826500043901,0,1,2,1,1
12,3,4212,00:00:00.1020000,3,4,7,6009,6010,1995,8005,40664,48669,1.0961890497586952,1.211109365623962,0.015655770897865295,1,3,2,1
12,4,4708,00:00:00.1230000,2,4,9,10461,10474,5529,16003,77202,93205,1.1859286875059745,1.4341409056236079,0,1,2,1,1
12,5,5207,00:00:00.1330000,3,7,16,18158,18169,13840,32009,139438,171447,1.4009802841722656,1.9333924653904342,0,2,3,1,2
12,6,5676,00:00:00.1470000,5,9,28,31888,31924,32122,64046,236139,300185,1.6462619167084798,2.051702567493808,0.01370495930314064,2,5,3,1.3333334
12,7,6157,00:00:00.1630000,6,18,45,55101,55165,72924,128089,400184,528273,1.926698245040925,1.914530636897036,0.023219475522637367,2,6,4,1.25
12,8,6646,00:00:00.1880000,6,30,92,95315,95586,160689,256275,672675,928950,2.232334889576667,2.106455253805918,0.03546423092484474,2,6,4,1.25
12,9,7149,00:00:00.2290000,6,60,164,164316,165273,346895,512168,1128596,1640764,2.544937802770272,2.2923519927908393,0.15283499658107758,2,6,4,1.25
12,10,7695,00:00:00.3010000,9,106,285,280023,282748,742191,1024939,1931043,2955982,2.797555915049835,1.8067351462367438,0.2094273865222931,3,9,6,1.3333334
12,11,8312,00:00:00.4480000,13,159,500,467443,473922,1574860,2048782,3398381,5447163,2.9623889971611512,1.5209521110512028,0.19754570722579956,2,13,10,1.2
12,12,9027,00:00:00.7010000,26,299,997,782507,796000,3302231,4098231,6125232,10223463,3.1565660115500562,1.8446404379066932,0.22770698368549347,2,26,23,1.0869565
12,13,9818,00:00:01.2830000,40,536,1841,1336713,1367903,6829419,8197322,10954666,19151988,3.535161250021508,4.547273728860436,0.29957443475723267,3,40,33,1.1818181
12,14,10654,00:00:02.3720000,52,978,3457,2300982,2387978,13997190,16385168,19127361,35512529,4.001239905396913,10.704589473041125,0.42121776938438416,3,53,43,1.2093023
12,15,11523,00:00:04.5780000,67,1772,6438,4015569,4241090,28534468,32775558,32562080,65337638,4.600457120771677,13.31096323415846,0.4057893753051758,5,68,50,1.34
12,16,12376,00:00:08.4570000,64,3268,11804,7491172,8010974,57529343,65540317,53515908,119056225,5.613995380162143,12.530393025092506,0.4374384582042694,4,65,45,1.4222223
12,17,13123,00:00:14.7960000,40,6011,21408,15443321,16254854,114845210,131100064,82700155,213800219,6.998152081407879,3.618658440675535,0.25417616963386536,4,41,28,1.4285715
12,18,13838,00:00:29.5320000,32,10818,39020,28616292,30053992,232172286,262226278,127566707,389792985,7.738857256558607,2.14147054704945,0.13251255452632904,5,33,22,1.4545455
12,19,14612,00:01:14.6320000,31,19594,72893,50028487,54141618,470597364,524738982,204732802,729471784,8.390545230760226,2.7334309182088243,0.11681337654590607,5,32,24,1.2916666
12,20,15376,00:02:43.3540000,45,37916,137116,98552440,107272044,941876224,1049148268,325231638,1374379906,9.651699694091795,4.433866238973104,0.22264228761196136,4,45,35,1.2571429
13,0,2913,00:00:00.0460000,1,1,2,998,998,6,1004,4452,5456,1,1,0,0,1,1,0
13,1,3342,00:00:00.0590000,1,1,2,1837,1837,171,2008,10184,12192,1,1,0,0,1,1,0
13,2,3744,00:00:00.0800000,1,1,2,3332,3332,669,4001,20146,24147,1,1,0,0,1,1,0
13,3,4266,00:00:00.0880000,1,1,4,5904,5904,2100,8004,42424,50428,1,1,0,0,1,1,0
13,4,4813,00:00:00.0960000,1,2,15,10347,10348,5662,16010,82523,98533,1,1,0,0,1,1,0
13,5,5444,00:00:00.1080000,2,6,24,17725,17746,14260,32006,161381,193387,1.0023695345557122,1.0047502751944783,0,1,2,1,1
13,6,6218,00:00:00.1270000,4,14,42,29666,29712,34299,64011,322027,386038,1.0110564282343424,1.022424691799294,0.00753394840285182,1,4,3,1
13,7,7121,00:00:00.1690000,9,25,81,49663,49829,78225,128054,630574,758628,1.0799589231419768,1.178429266231917,0.055041130632162094,1,9,8,1
13,8,8052,00:00:00.2220000,15,42,137,84748,85273,170871,256144,1148591,1404735,1.3728583565393873,2.2949716618332405,0.23015239834785461,2,15,13,1.0769231
13,9,8875,00:00:00.3010000,21,81,251,147466,148697,363343,512040,1892498,2404538,1.8055890849416136,4.955791190788916,0.4122943878173828,2,21,18,1.1111112
13,10,9652,00:00:00.4130000,23,104,380,254722,258311,766017,1024328,3029972,4054300,2.1931988599335748,5.845272451379004,0.42777618765830994,2,23,19,1.1578947
13,11,10420,00:00:00.6030000,22,216,672,439308,449618,1600096,2049714,4844549,6894263,2.618798200806723,4.002963171026401,0.36273878812789917,2,22,17,1.2352941
13,12,11225,00:00:00.9120000,29,369,1168,745107,766805,3331542,4098347,7911713,12010060,2.913321174005881,2.4943700279072245,0.2888564169406891,3,30,22,1.3181819
13,13,12121,00:00:01.5230000,43,628,2188,1237442,1294591,6897826,8192417,13391869,21584286,3.1774903389411384,2.9793502084697594,0.26458540558815,4,44,35,1.2285714
13,14,13072,00:00:02.7330000,67,1057,3909,2144218,2280466,14103611,16384077,22662471,39046548,3.7171803426703813,9.496135527795067,0.38538166880607605,4,68,58,1.1551725
13,15,13990,00:00:04.7800000,75,1833,6940,3933701,4235465,28550795,32786260,36837055,69623315,4.632108032613561,8.624113709587775,0.428335040807724,4,76,53,1.4150944
13,16,14812,00:00:07.9160000,48,3329,12309,7578192,8102361,57443245,65545606,57035317,122580923,5.65972846821511,2.8354744177809947,0.33238768577575684,4,49,35,1.3714286
13,17,15646,00:00:13.5040000,48,5763,22049,13551057,14461787,116655023,131116810,89876634,220993444,6.215402163831206,2.708549388814484,0.15079472959041595,4,49,39,1.2307693
13,18,16533,00:00:24.3500000,65,10633,40856,23837171,26229201,236001563,262230764,145470425,407701189,6.911385289806412,5.764485255324854,0.18491685390472412,5,66,56,1.1607143
13,19,17435,00:00:53.5910000,79,19958,76389,43816562,49366090,475241409,524607499,235356150,759963649,7.8575857457734815,12.804412489312575,0.28300440311431885,5,80,62,1.2741935
13,20,18324,00:02:26.3140000,65,36897,142277,82759186,95316699,953557679,1048874378,375559111,1424433489,8.9668367206995,7.145386103527021,0.3339311480522156,5,66,46,1.4130435
14,0,4156,00:00:00.0600000,1,1,1,996,996,5,1001,4838,5839,1,1,0,0,1,1,0
14,1,4532,00:00:00.0720000,1,1,2,1842,1842,166,2008,9620,11628,1,1,0,0,1,1,0
14,2,4948,00:00:00.0940000,1,2,3,3351,3352,652,4004,19500,23504,1,1,0,0,1,1,0
14,3,5398,00:00:00.1000000,1,1,7,5972,5972,2034,8006,38575,46581,1,1,0,0,1,1,0
14,4,5924,00:00:00.1080000,2,5,13,10304,10315,5700,16015,77462,93477,1.001164596273292,1.0023319430022046,0,1,2,1,1
14,5,6575,00:00:00.1230000,6,10,24,17720,17749,14267,32016,157712,189728,1.0100451467268623,1.0203686009212531,0.005099731031805277,1,6,5,1
14,6,7323,00:00:00.1530000,9,15,43,29911,29987,34064,64051,312827,376878,1.0578382534853399,1.1253337228922746,0.044751763343811035,1,9,8,1
14,7,8113,00:00:00.1820000,14,22,68,50993,51049,77046,128095,582122,710217,1.263957798129155,1.7621026820287253,0.17705748975276947,2,14,12,1.0833334
14,8,8849,00:00:00.2220000,17,39,123,88140,88494,167558,256052,990457,1246509,1.6698774676650783,3.979718533700341,0.3912413716316223,2,17,14,1.1428572
14,9,9515,00:00:00.2760000,20,63,207,155491,156154,355998,512152,1591604,2103756,2.1379694001582084,5.2654772264033,0.47327613830566406,3,20,16,1.1875
14,10,10150,00:00:00.3530000,21,113,351,270893,272682,751796,1024478,2522468,3546946,2.5876157744939885,3.1118066903343755,0.35967981815338135,3,21,17,1.1764706
14,11,10791,00:00:00.5000000,22,195,613,468047,473800,1574718,2048518,4040419,6088937,2.9718788925043853,2.160660775735472,0.22216036915779114,4,22,17,1.2352941
14,12,11463,00:00:00.7390000,21,343,1086,808472,827129,3272618,4099747,6595845,10695592,3.4227493345471456,2.6880881784228956,0.1346188485622406,4,22,17,1.2352941
14,13,12138,00:00:01.1480000,23,598,1919,1441413,1480976,6714411,8195387,10707586,18902973,4.067428974207948,3.39616209384243,0.11659765243530273,3,24,20,1.15
14,14,12813,00:00:01.9040000,21,996,3399,2554928,2639668,13756128,16395796,17254430,33650226,4.636004223993788,2.9481339475303416,0.09813889861106873,4,22,18,1.1666666
14,15,13547,00:00:03.3840000,30,1795,6203,4351974,4537987,28254273,32792260,28649741,61442001,4.972915049584396,2.3739520611658556,0.15745893120765686,3,30,26,1.1153846
14,16,14368,00:00:06.4730000,59,3236,11569,7428248,7925640,57649006,65574646,48936622,114511268,5.4706797619034795,4.434895501368085,0.28284740447998047,4,59,50,1.16
14,17,15118,00:00:11.2720000,47,6054,20965,15725822,16766188,114370859,131137047,78107750,209244797,7.248192685889488,3.0468461324620986,0.24443143606185913,5,48,35,1.3428571
14,18,15778,00:00:19.2910000,23,10831,38316,30222152,31757112,230547713,262304825,119508868,381813693,8.085620573941922,1.777956278276709,0.08840299397706985,4,24,19,1.2105263
14,19,16505,00:00:48.8380000,34,20032,71896,52138380,55583697,468915238,524498935,192056227,716555162,8.510458226741989,3.471269356514272,0.1671222746372223,4,35,27,1.2592592
14,20,17310,00:02:06.5340000,65,37784,137498,88851491,100066493,949146659,1049213152,319576134,1368789286,9.166220440802732,7.966118319051078,0.23951031267642975,5,66,53,1.226415
15,0,2567,00:00:00.0620000,1,1,1,993,993,9,1002,5319,6321,1,1,0,0,1,1,0
15,1,2944,00:00:00.0750000,1,1,1,1843,1843,159,2002,10149,12151,1,1,0,0,1,1,0
15,2,3359,00:00:00.0970000,2,2,3,3347,3347,657,4004,20142,24146,1.0059755004481625,1.012022377179487,0,1,2,1,1
15,3,3808,00:00:00.1050000,2,2,6,5967,5967,2037,8004,39437,47441,1.0234623764035529,1.0480244031012174,0,1,2,1,1
15,4,4340,00:00:00.1150000,3,7,13,10304,10316,5686,16002,78843,94845,1.0703610248447204,1.1510638001297246,0.0183566901832819,1,3,2,1
15,5,4882,00:00:00.1420000,4,9,22,18184,18211,13809,32020,145307,177327,1.2080400351957765,1.4993258683884707,0.06469358503818512,2,4,2,1.5
15,6,5435,00:00:00.1570000,5,17,39,31246,31322,32758,64080,259085,323165,1.4506176790629202,2.080451438417513,0.09169722348451614,2,5,3,1.3333334
15,7,5977,00:00:00.1770000,7,24,69,54010,54201,73917,128118,443499,571617,1.7491760785039807,2.083655384318336,0.14481112360954285,2,7,5,1.2
15,8,6521,00:00:00.2060000,11,48,120,92811,93319,162682,256001,747969,1003970,2.0472896531661116,2.023405227035178,0.1363006830215454,3,11,8,1.25
15,9,7072,00:00:00.2500000,13,63,184,160799,161998,350092,512090,1247808,1759898,2.4241630855913283,2.5895910048967408,0.1290387511253357,3,13,10,1.2
15,10,7615,00:00:00.3240000,17,119,330,283967,286820,737945,1024765,2042808,3067573,2.946124021453197,3.117153576907447,0.09692023694515228,4,17,13,1.2307693
15,11,8134,00:00:00.4150000,16,195,565,508919,516611,1532972,2049583,3269105,5318688,3.59999724907107,3.5700861843571823,0.077875517308712,4,17,13,1.2307693
15,12,8635,00:00:00.5940000,16,315,973,919336,935645,3162545,4098190,5172790,9270980,4.263676174978463,3.2525676367051575,0.09365353733301163,4,16,12,1.25
15,13,9147,00:00:00.8910000,21,559,1715,1633291,1655921,6542913,8198834,8283259,16482093,4.774347620846499,2.437566327733455,0.07265105098485947,4,21,16,1.25
15,14,9704,00:00:01.4640000,20,997,3082,2834853,2883358,13514886,16398244,13698632,30096876,5.187136334758804,2.5737572520600223,0.10383571684360504,3,20,16,1.1875
15,15,10322,00:00:02.5410000,17,1813,5667,4822502,4996695,27783969,32780664,23300926,56081590,5.579872439658915,3.3883480516015707,0.11885825544595718,4,18,14,1.2142857
15,16,11019,00:00:04.8540000,36,3175,10530,8175036,8586688,57001550,65588238,40572950,106161188,5.929078966747058,3.2543280787441997,0.23012445867061615,3,36,30,1.1666666
15,17,11794,00:00:09.5460000,52,5837,20064,14152787,15303660,115880627,131184287,71091514,202275801,6.56470771445935,5.959492762163651,0.25021669268608093,5,53,41,1.2682927
15,18,12521,00:00:18.2890000,49,10944,37610,29075015,31316596,230874055,262190651,116371323,378561974,8.080626097699348,5.66155080746589,0.3299579322338104,5,49,39,1.2307693
15,19,13187,00:00:46.1310000,30,20619,70639,57483134,61151520,463340940,524492460,182510930,707003390,9.17194090357008,5.661685791317233,0.339656800031662,4,31,21,1.4285715
15,20,13869,00:01:51.0560000,38,38536,134049,106569783,113837832,935201330,1049039162,290580888,1339620050,9.968135629965579,7.5392291964462546,0.3361198604106903,4,39,27,1.4074074
16,0,2650,00:00:00.0550000,1,1,1,995,995,9,1004,5144,6148,1,1,0,0,1,1,0
16,1,3144,00:00:00.0740000,1,1,2,1833,1833,173,2006,11638,13644,1,1,0,0,1,1,0
16,2,3564,00:00:00.1010000,1,1,4,3324,3324,682,4006,22019,26025,1,1,0,0,1,1,0
16,3,4007,00:00:00.1100000,1,1,4,5997,5997,2006,8003,40607,48610,1,1,0,0,1,1,0
16,4,4574,00:00:00.1210000,1,2,9,10363,10372,5651,16023,82124,98147,1,1,0,0,1,1,0
16,5,5238,00:00:00.1350000,1,3,12,17609,17622,14384,32006,164933,196939,1,1,0,0,1,1,0
16,6,5990,00:00:00.1580000,2,11,35,29806,29848,34171,64019,320550,384569,1.0028182245185533,1.0056523381928122,0,1,2,1,1
16,7,6898,00:00:00.1940000,5,20,66,49480,49618,78441,128059,631006,759065,1.032477768795473,1.0676047430790703,0.02011260576546192,1,5,4,1
16,8,7908,00:00:00.2700000,12,41,137,83773,84001,172114,256115,1192963,1449078,1.2366991751518985,1.6149170242243427,0.11520305275917053,2,12,10,1.1
16,9,8776,00:00:00.3650000,15,73,243,148584,149598,362585,512183,1972530,2484713,1.8520500188445592,4.147176264718095,0.2746826112270355,3,15,12,1.1666666
16,10,9457,00:00:00.4990000,17,120,410,268905,271294,752985,1024279,2963231,3987510,2.552451609304401,4.386901379933951,0.3439640700817108,3,17,13,1.2307693
16,11,10075,00:00:00.6430000,20,189,670,478800,485342,1564901,2050243,4422916,6473159,3.1605534670008355,3.433357031009684,0.28363969922065735,4,20,14,1.3571428
16,12,10684,00:00:00.9210000,21,294,1095,844490,859296,3240834,4100130,6740175,10840305,3.6944617461426423,2.5511880935525126,0.17251545190811157,4,22,15,1.4
16,13,11312,00:00:01.3880000,23,564,1936,1487184,1515301,6683300,8198601,10575393,18773994,4.197991640577091,2.688528206314032,0.19284489750862122,4,23,15,1.4666667
16,14,11956,00:00:02.2090000,25,964,3351,2650669,2718896,13680283,16399179,16812484,33211663,4.8418327599560715,5.329380033242262,0.36667680740356445,5,26,18,1.3888888
16,15,12607,00:00:03.7240000,25,1770,5979,4778454,4932105,27839763,32771868,26885188,59657056,5.527796437927413,4.903665181260312,0.5635803937911987,5,26,18,1.3888888
16,16,13289,00:00:06.5090000,32,3051,10710,8480131,8810818,56726013,65536831,43738378,109275209,6.118262324013626,3.806222619981892,0.4258445203304291,5,33,24,1.3333334
16,17,14019,00:00:11.9690000,42,5618,19941,14788568,15750283,115369450,131119733,72511485,203631218,6.71603416909602,3.721053174407031,0.26651838421821594,5,43,35,1.2
16,18,14795,00:00:29.6930000,62,10697,37843,26157620,28518183,233643740,262161923,121186446,383348369,7.410177225603858,5.4803221901637835,0.24230113625526428,5,63,51,1.2156863
16,19,15589,00:01:16.4430000,65,20096,71774,48657839,54383614,469976648,524360262,200103580,724463842,8.466827595857678,9.61125228207191,0.25784415006637573,5,66,51,1.2745098
16,20,16340,00:02:42.4800000,47,38451,136260,97933334,108384750,940297096,1048681846,318542223,1367224069,9.746085607582808,5.551133303584528,0.19829605519771576,4,47,35,1.3142858
17,0,2029,00:00:00.0310000,2,2,2,992,992,11,1003,5065,6068,1.003024193548387,1.0060667325808141,0,1,2,1,1
17,1,2520,00:00:00.0540000,1,1,4,1841,1841,167,2008,11515,13523,1,1,0,0,1,1,0
17,2,2978,00:00:00.0770000,1,1,6,3348,3348,661,4009,22726,26735,1,1,0,0,1,1,0
17,3,3441,00:00:00.0830000,1,3,8,5927,5932,2092,8024,42662,50686,1,1,0,0,1,1,0
17,4,3998,00:00:00.0900000,2,4,14,10366,10368,5633,16001,83614,99615,1.005884622805325,1.0118385483320007,0,1,2,1,1
17,5,4644,00:00:00.1010000,3,5,24,17709,17714,14297,32011,163870,195881,1.0250719972895137,1.0514564327924525,0.006316420156508684,1,3,2,1
17,6,5357,00:00:00.1270000,5,13,43,30142,30204,33851,64055,310951,375006,1.1170791586490612,1.2637200151637735,0.02794601209461689,1,5,4,1
17,7,6106,00:00:00.1550000,9,26,81,51425,51626,76451,128077,566310,694387,1.3775984443364122,1.9623211328441779,0.07037857919931412,1,9,8,1
17,8,6794,00:00:00.1910000,13,41,134,88492,89159,167021,256180,950600,1206780,1.728246621163495,1.989926743237776,0.13076160848140717,2,13,10,1.2
17,9,7480,00:00:00.2460000,17,62,210,151945,153133,358892,512025,1572468,2084493,1.9980321826976866,1.7490648370300241,0.17739617824554443,2,17,14,1.1428572
17,10,8197,00:00:00.3360000,20,112,356,259489,262059,762549,1024608,2624270,3648878,2.310475588560594,2.5988076712522186,0.2564083933830261,2,20,17,1.117647
17,11,8929,00:00:00.4950000,30,183,618,447416,453317,1595021,2048338,4356058,6404396,2.6979768269351116,5.107757845057889,0.3552940785884857,3,30,22,1.3181819
17,12,9704,00:00:00.7650000,34,316,1105,762760,776364,3319840,4096204,7307608,11403812,3.022480203471603,5.94903238836701,0.4581858217716217,3,35,26,1.3076923
17,13,10536,00:00:01.2770000,40,541,1995,1307517,1343752,6848523,8192275,12381624,20573899,3.4217390672549572,11.183752720544858,0.5322207808494568,3,41,32,1.25
17,14,11410,00:00:02.2900000,54,993,3641,2249361,2342244,14049851,16392095,20921907,37314002,3.8782187474576113,21.123935716111593,0.6151010394096375,4,55,37,1.4594594
17,15,12327,00:00:04.1890000,70,1750,6720,3876230,4138178,28638466,32776644,35134052,67910696,4.44048495574308,28.56699850870274,0.681973397731781,4,71,46,1.5217391
17,16,13216,00:00:07.5760000,73,3192,12248,7248605,7762845,57788154,65550999,56977517,122528516,5.389982072412554,20.320804367738763,0.5904685854911804,4,74,45,1.6222222
17,17,14104,00:00:14.2920000,61,5726,22288,12840168,13906596,117191873,131098469,91935585,223034054,5.990375515335937,11.434546431561253,0.6012241244316101,3,62,46,1.326087
17,18,15066,00:00:38.1460000,79,10514,41369,22088560,24729948,237509509,262239457,152248721,414488178,6.549000251714009,19.555383328349567,0.5447171926498413,4,80,64,1.234375
17,19,16000,00:01:34.5260000,74,19728,76597,44469936,50634046,473810878,524444924,244696361,769141285,8.113846059953852,4.173286184135,0.344096839427948,5,75,55,1.3454546
17,20,16831,00:03:08.4900000,33,36780,142358,90352824,99621439,949532440,1049153879,375898179,1425052058,9.231698214546123,1.9353823869519051,0.15073339641094208,6,34,23,1.4347826
18,0,3113,00:00:00.0370000,1,1,1,996,996,6,1002,5539,6541,1,1,0,0,1,1,0
18,1,3535,00:00:00.0500000,2,2,2,1834,1834,171,2005,11157,13162,1.0038167938931297,1.0076627015912574,0,1,2,1,1
18,2,3897,00:00:00.0720000,3,3,3,3382,3382,624,4006,19946,23952,1.0056179775280898,1.0113130206303655,0,1,3,2,1
18,3,4400,00:00:00.0870000,3,4,5,5964,5965,2066,8031,41542,49573,1.0204560697518443,1.0419129240483394,0.012970538809895515,1,3,2,1
18,4,4912,00:00:00.0930000,3,3,11,10443,10443,5559,16002,78758,94760,1.0552523221296561,1.117831603391608,0.03980674967169762,1,3,2,1
18,5,5470,00:00:00.1020000,3,5,21,18201,18205,13838,32043,147344,179387,1.1776825449151145,1.434851477168741,0.13497360050678253,1,3,2,1
18,6,6046,00:00:00.1130000,3,11,31,31004,31034,32997,64031,265964,329995,1.4119145916655915,2.2103263787803074,0.3320944011211395,1,3,2,1
18,7,6601,00:00:00.1280000,6,26,62,53686,53781,74265,128046,454950,582996,1.6925269157694744,2.516777362413499,0.5296396613121033,2,6,4,1.25
18,8,7182,00:00:00.1550000,8,39,112,91553,91877,164196,256073,779364,1035437,1.893307701549922,2.1101447068958024,0.6445932388305664,2,8,6,1.1666666
18,9,7818,00:00:00.2020000,13,61,205,154690,155642,356672,512314,1357910,1870224,2.1238089081388583,2.290846447042177,0.6131077408790588,3,13,10,1.2
18,10,8440,00:00:00.2800000,15,117,355,275389,278115,746671,1024786,2265476,3290262,2.7378689780637573,4.230270526958515,0.4538916349411011,3,15,12,1.1666666
18,11,8982,00:00:00.3880000,16,161,587,504364,509422,1538760,2048182,3542012,5590194,3.4992782990062734,2.2791926375233276,0.27653589844703674,4,16,11,1.3636364
18,12,9529,00:00:00.5840000,14,317,1034,875852,886629,3214139,4100768,5628444,9729212,3.878624470801003,1.3672852846322339,0.13113726675510406,3,15,11,1.2727273
18,13,10154,00:00:00.9660000,16,529,1811,1464691,1490145,6708338,8198483,9464581,17663064,4.076674875451546,1.3441948318153072,0.09950321912765503,2,16,13,1.1538461
18,14,10871,00:00:01.7180000,21,970,3306,2453654,2531714,13860270,16391984,16444341,32836325,4.360907854163627,2.1221688751600913,0.05980977788567543,3,22,19,1.1052631
18,15,11659,00:00:03.1840000,36,1717,6075,4171773,4402796,28369130,32771926,28649748,61421674,4.797833678869871,3.0804867297224834,0.13190537691116333,4,37,30,1.2
18,16,12506,00:00:06.2350000,64,3148,11294,7328488,7818258,57749012,65567270,49561689,115128959,5.395553352888072,5.136501747852245,0.21199268102645874,4,65,53,1.2075472
18,17,13353,00:00:15.5190000,68,5882,21236,13674713,14701969,116389720,131091689,82775711,213867400,6.3531274111566365,5.749077035187034,0.45599165558815,4,68,52,1.2884616
18,18,14193,00:00:42.6820000,50,10820,39870,24829267,27176579,235092114,262268693,135410071,397678764,7.144628917156515,3.275518153079594,0.33457571268081665,4,51,37,1.3513514
18,19,15073,00:01:36.7140000,64,19704,75070,43539439,49300797,475138357,524439154,223330561,747769715,7.80997851166617,5.497739513405922,0.2445032149553299,4,65,51,1.254902
18,20,15982,00:03:19.0610000,90,37149,142255,82058909,96409162,952383496,1048792658,366495964,1415288622,9.12728199932563,13.448694233530619,0.24713373184204102,6,91,68,1.3235294
1,0,2993,00:00:00.0480000,1,1,2,997,997,4,1001,5654,6655,1,1,0,0,1,1,0
1,1,3383,00:00:00.0610000,1,1,2,1824,1824,180,2004,11014,13018,1,1,0,0,1,1,0
1,2,3777,00:00:00.0830000,1,1,2,3364,3364,641,4005,20317,24322,1,1,0,0,1,1,0
1,3,4253,00:00:00.0900000,2,5,6,5936,5940,2064,8004,40663,48667,1.0058962264150944,1.0118619468584733,0,1,2,1,1
1,4,4828,00:00:00.1000000,2,7,14,10264,10285,5726,16011,83241,99252,1.0208495713172252,1.0425677941250717,0,1,2,1,1
1,5,5445,00:00:00.1130000,6,12,25,17673,17699,14340,32039,159703,191742,1.0798393028914164,1.1746316101582344,0.030237112194299698,1,6,5,1
1,6,6075,00:00:00.1390000,7,14,41,30608,30653,33378,64031,289507,353538,1.2801228437009933,1.6918360525010356,0.08703319728374481,2,7,5,1.2
1,7,6680,00:00:00.1600000,10,21,66,53500,53596,74453,128049,494577,622626,1.7220560747663551,2.989930130637322,0.12894494831562042,2,10,8,1.125
1,8,7192,00:00:00.1860000,9,41,116,95451,95931,160088,256019,777948,1033967,2.256330473227101,3.0695325608171755,0.13290764391422272,2,9,7,1.1428572
1,9,7677,00:00:00.2230000,11,72,188,167043,168130,344577,512707,1217630,1730337,2.654190837089851,1.9457640766800328,0.1005224734544754,3,11,8,1.25
1,10,8198,00:00:00.2880000,14,110,326,283344,285871,739235,1025106,1984689,3009795,2.8783210514427693,1.410132483189282,0.06484667211771011,3,14,11,1.1818181
1,11,8796,00:00:00.4200000,19,181,584,472499,479369,1570731,2050100,3406959,5457059,3.04648898727828,1.36684254432865,0.04929292947053909,3,19,16,1.125
1,12,9478,00:00:00.6620000,27,311,1025,796361,811402,3285387,4096789,6007430,10104219,3.294234649863567,2.0934173849137068,0.08945593982934952,2,27,25,1.04
1,13,10222,00:00:01.1370000,37,539,1858,1364894,1400769,6791817,8192586,10551256,18743842,3.6857462923860753,5.118757944654363,0.19113433361053467,3,37,33,1.0909091
1,14,11024,00:00:01.9890000,48,965,3409,2333878,2427664,13959790,16387454,18395009,34782463,4.094203295973482,8.021772019946127,0.26683464646339417,4,49,40,1.2
1,15,11861,00:00:03.6460000,61,1793,6319,4125756,4341360,28440880,32782240,31317377,64099617,4.743147922465604,12.868002277579729,0.46894821524620056,3,61,49,1.2244898
1,16,12682,00:00:06.5860000,58,3259,11669,7597188,8057125,57484963,65542088,51521877,117063965,5.608390367593905,8.118172642358234,0.3936598002910614,4,59,40,1.45
1,17,13507,00:00:11.9300000,58,5853,21451,13906118,14713516,116451300,131164816,83957390,215122206,6.324207374049322,8.687763846836878,0.3859133720397949,5,59,42,1.3809524
1,18,14372,00:00:22.1790000,72,10548,39976,24422576,26441985,235831731,262273716,138231307,400505023,6.954351989732778,14.669856851163809,0.5636852383613586,4,73,52,1.3846154
1,19,15273,00:00:47.9520000,83,19754,75292,44266714,49593634,474751608,524345242,227992050,752337292,7.9036705322197625,17.618462656700736,0.5561142563819885,4,84,61,1.3606558
1,20,16130,00:02:02.4860000,60,37194,141532,88496498,98717730,950271273,1048989003,362973882,1411962885,9.18651542572905,4.648906758698874,0.25371599197387695,4,61,43,1.3953488
19,0,2485,00:00:00.0340000,1,1,1,993,993,10,1003,5829,6832,1,1,0,0,1,1,0
19,1,2891,00:00:00.0450000,1,1,1,1838,1838,172,2010,11217,13227,1,1,0,0,1,1,0
19,2,3304,00:00:00.0650000,1,1,2,3349,3349,658,4007,21165,25172,1,1,0,0,1,1,0
19,3,3763,00:00:00.0710000,1,2,6,5962,5965,2041,8006,40570,48576,1,1,0,0,1,1,0
19,4,4278,00:00:00.0770000,1,4,12,10404,10409,5598,16007,78171,94178,1,1,0,0,1,1,0
19,5,4918,00:00:00.0870000,3,9,20,17677,17714,14315,32029,157853,189882,1.0042993720653957,1.0086446382822722,0,1,3,2,1
19,6,5681,00:00:00.1140000,9,20,41,29647,29683,34318,64001,317129,381130,1.043613181772186,1.0927836444004566,0.0363648496568203,1,9,8,1
19,7,6511,00:00:00.1440000,12,30,79,50616,50818,77206,128024,599973,727997,1.212245139876719,1.5804270762658759,0.16750580072402954,2,12,10,1.1
19,8,7286,00:00:00.1880000,16,45,142,87895,88206,167898,256104,1029640,1285744,1.6104329028955002,4.131023681406625,0.40076783299446106,2,16,14,1.0714285
19,9,7972,00:00:00.2480000,19,79,240,154229,155324,356739,512063,1648579,2160642,2.0896524000025933,6.771579323921691,0.5503113269805908,2,19,15,1.2
19,10,8622,00:00:00.3400000,21,132,400,268935,271503,753001,1024504,2600935,3625439,2.54213099819659,3.122401097553506,0.45431551337242126,3,21,15,1.3333334
19,11,9286,00:00:00.5060000,23,209,668,460177,468245,1581256,2049501,4173087,6222588,2.878679290794629,1.732025767458554,0.1793663054704666,3,23,17,1.2941177
19,12,10009,00:00:00.7580000,30,331,1148,777758,796422,3302207,4098629,6929512,11028141,3.173355979623482,1.8886237021152041,0.10251866281032562,3,31,25,1.2
19,13,10788,00:00:01.2510000,37,599,2029,1328492,1376604,6817484,8194088,11687182,19881270,3.5803836229348764,3.1510947384778514,0.15824191272258759,4,38,32,1.15625
19,14,11626,00:00:02.2480000,55,1028,3702,2266980,2371867,14021601,16393468,19893846,36287314,3.946534596688105,3.0754586015318917,0.1896827071905136,3,56,50,1.1
19,15,12531,00:00:04.2140000,74,1898,6807,3852583,4139350,28634718,32774068,33912948,66687016,4.438237151542225,5.861072834691908,0.22083638608455658,4,75,63,1.1746032
19,16,13432,00:00:07.6380000,80,3323,12330,7097718,7686762,57884324,65571086,56056976,121628062,5.327372262465204,15.21064433053125,0.4023649990558624,4,80,59,1.338983
19,17,14325,00:00:13.7550000,65,5902,22434,12828447,13960744,117148295,131109039,91166795,222275834,6.016067182566993,7.803373615284867,0.3233620524406433,4,66,50,1.3
19,18,15263,00:00:26.9500000,82,10694,41525,22793145,25280841,236993228,262274069,149929304,412203373,6.696114292257606,11.164191274988774,0.45786553621292114,4,83,61,1.3442622
19,19,16207,00:01:12.7740000,94,19649,77253,42537565,48373848,475977132,524350980,243829741,768180721,7.762218805895448,25.316206490141195,0.5415980815887451,5,95,66,1.4242424
19,20,17087,00:02:39.1550000,71,36801,143385,86633444,97418477,951922269,1049340746,382391219,1431731965,9.12003295170858,10.87349864872393,0.43046388030052185,5,72,48,1.4791666
20,0,2463,00:00:00.0340000,1,1,2,994,994,11,1005,5349,6354,1,1,0,0,1,1,0
20,1,2860,00:00:00.0460000,1,1,3,1829,1829,173,2002,10688,12690,1,1,0,0,1,1,0
20,2,3297,00:00:00.0670000,1,1,3,3338,3338,665,4003,21253,25256,1,1,0,0,1,1,0
20,3,3773,00:00:00.0720000,1,1,5,5928,5928,2096,8024,41673,49697,1,1,0,0,1,1,0
20,4,4322,00:00:00.0780000,1,3,8,10386,10391,5619,16010,81633,97643,1,1,0,0,1,1,0
20,5,4969,00:00:00.0870000,1,5,16,17743,17756,14247,32003,161897,193900,1,1,0,0,1,1,0
20,6,5746,00:00:00.1030000,4,10,34,29658,29696,34349,64045,323263,387308,1.009474677995819,1.0191744962354505,0.005466974340379238,1,4,3,1
20,7,6639,00:00:00.1380000,6,20,68,49860,49939,78135,128074,628708,756782,1.0785800240673886,1.17435854238549,0.0588604211807251,1,6,5,1
20,8,7572,00:00:00.1810000,8,24,128,84916,85189,170948,256137,1146916,1403053,1.3595671016062933,2.1433490567252407,0.21821229159832,1,8,7,1
20,9,8407,00:00:00.2390000,11,49,218,147346,147937,364350,512287,1899898,2412185,1.742069686316561,3.313168585957368,0.3928848206996918,1,11,10,1
20,10,9262,00:00:00.3350000,13,83,382,247397,249167,775337,1024504,3157107,4181611,1.9427034280933075,2.6928349973917283,0.47947898507118225,2,13,11,1.0909091
20,11,10223,00:00:00.5600000,22,188,734,410250,415818,1632601,2048419,5435674,7484093,2.1132163315051797,3.047184776291263,0.4750974774360657,3,22,18,1.1666666
20,12,11164,00:00:00.9110000,30,327,1293,745303,761396,3337367,4098763,8977968,13076731,2.928798086147513,5.412942653863062,0.3467009961605072,4,30,22,1.3181819
20,13,11928,00:00:01.4120000,28,567,2157,1383555,1415291,6780567,8195858,13616903,21812761,3.7737263787850863,1.7778766060052105,0.14553846418857574,4,29,24,1.1666666
20,14,12705,00:00:02.3310000,24,1011,3749,2371017,2457622,13934534,16392156,21213953,37606109,4.181539398494401,1.7922806758118834,0.06054675579071045,4,25,20,1.2
20,15,13534,00:00:04.0980000,39,1774,6588,4097128,4320307,28471897,32792204,34034600,66826804,4.695453010010915,4.00539804486823,0.15185782313346863,4,40,32,1.21875
20,16,14371,00:00:07.1620000,48,3193,11893,7558787,8082787,57509114,65591901,54613180,120205081,5.644666399516218,7.689068970819515,0.49056509137153625,4,48,36,1.3055556
20,17,15132,00:00:12.6370000,40,5909,21467,14813225,15748835,115374125,131122960,84445930,215568890,6.760262468166115,2.3628265000313777,0.36276301741600037,5,40,27,1.4444444
20,18,15899,00:00:33.1920000,45,10736,39507,26878078,28797335,233386608,262183943,132548901,394732844,7.483527095947857,3.410214737183041,0.1930253803730011,4,46,34,1.3235294
20,19,16684,00:01:19.7670000,55,20120,73888,49765391,54284247,470359844,524644091,210643079,735287170,8.421767810485001,8.709930245314576,0.22842025756835938,4,56,43,1.2790698
20,20,17489,00:02:48.7320000,63,37433,138804,89368543,100337087,948549741,1048886828,338046835,1386933663,9.20771318829714,9.032056268518433,0.3873681128025055,4,63,46,1.3478261
21,0,2988,00:00:00.0470000,2,2,3,992,992,10,1002,6598,7600,1.002016129032258,1.0040403836821707,0,1,2,1,1
21,1,3305,00:00:00.0620000,2,2,3,1832,1832,169,2001,10789,12790,1.0081877729257642,1.016509602564242,0,1,2,1,1
21,2,3674,00:00:00.0860000,2,2,4,3383,3383,627,4010,19465,23475,1.0026603606266626,1.005334822631514,0,1,2,1,1
21,3,4129,00:00:00.0930000,3,3,6,5974,5974,2042,8016,38904,46920,1.0115500502176096,1.0233955149002731,0,1,3,2,1
21,4,4661,00:00:00.1130000,3,3,6,10486,10486,5522,16008,77883,93891,1.0476826244516497,1.100629657369306,0.02917824126780033,1,3,2,1
21,5,5237,00:00:00.1240000,3,6,17,17884,17903,14109,32012,148921,180933,1.1536009841198838,1.3646550530146013,0.10681072622537613,1,3,2,1
21,6,5838,00:00:00.1370000,4,10,26,31014,31056,33021,64077,272644,336721,1.3990133488102148,2.1130481263590166,0.17788833379745483,1,4,3,1
21,7,6414,00:00:00.1570000,5,24,59,53477,53592,74457,128049,468721,596770,1.6840136881276062,2.335132870434298,0.3021603524684906,2,5,3,1.3333334
21,8,7004,00:00:00.1880000,9,33,109,91190,91322,164781,256103,798574,1054677,1.8817743173593595,1.9024803824499703,0.31785887479782104,2,9,6,1.3333334
21,9,7651,00:00:00.2400000,9,45,174,153673,154520,357859,512379,1387836,1900215,2.025007646105692,1.7987777486816288,0.3378191292285919,2,9,6,1.3333334
21,10,8372,00:00:00.3320000,13,90,312,259051,260904,763715,1024619,2447874,3472493,2.2540426402523055,2.4827802280991644,0.2971673607826233,2,13,10,1.2
21,11,9132,00:00:00.5190000,16,166,576,443174,448824,1599706,2048530,4246006,6294536,2.6228930397541372,3.7408404034259854,0.3462461531162262,2,16,13,1.1538461
21,12,9937,00:00:00.8320000,26,326,1078,748135,764884,3331505,4096389,7311521,11407910,2.900131660729681,3.0181895584689187,0.46813327074050903,3,27,21,1.2380953
21,13,10843,00:00:01.5290000,42,608,2044,1235840,1286733,6905797,8192530,12850370,21042900,3.1278887234593475,3.419325129464814,0.464165061712265,4,43,34,1.2352941
21,14,11804,00:00:02.9280000,63,1029,3869,2155997,2287109,14098130,16385239,22207437,38592676,3.7484124514087913,12.17378876287347,0.3912610113620758,4,64,50,1.26
21,15,12707,00:00:05.3590000,61,1853,6909,3944958,4209580,28574615,32784195,36153828,68938023,4.568569551310812,6.320853619229109,0.4224541187286377,3,62,48,1.2708334
21,16,13628,00:00:09.7410000,60,3241,12468,6849674,7375059,58169073,65544132,58906999,124451131,5.038361679694537,3.7493608186160072,0.3082749545574188,4,61,43,1.3953488
21,17,14613,00:00:19.8320000,77,5842,23010,11932826,13312811,117799476,131112287,97588206,228700493,5.7300051136252215,9.394142335407352,0.49283382296562195,3,78,60,1.2833333
21,18,15566,00:00:46.6860000,78,10728,41948,22829893,25583258,236722284,262305542,157058069,419363611,6.8167716335770825,5.395818515174687,0.3769609034061432,4,79,56,1.3928572
21,19,16481,00:01:45.2190000,57,19633,77073,44171554,49335944,475015648,524351592,248091709,772443301,7.8968110109959,7.5743316561199245,0.28855764865875244,5,58,43,1.3255814
21,20,17371,00:03:32.9770000,57,36286,143379,84206359,94236959,954768546,1049005505,388649603,1437655108,8.858323027599376,6.184390387515538,0.36673906445503235,4,58,46,1.2391304
22,0,2582,00:00:00.0360000,3,3,4,994,994,8,1002,6099,7101,1.0613682092555332,1.1318202135338906,0.036757100373506546,1,3,2,1
22,1,2999,00:00:00.0590000,3,3,4,1836,1836,165,2001,11757,13758,1.1285403050108933,1.2956880772379717,0.076980821788311,1,3,2,1
22,2,3357,00:00:00.0630000,3,3,4,3421,3421,598,4019,20456,24475,1.2440806781642795,1.6272018059763067,0.1572382152080536,1,3,2,1
22,3,3699,00:00:00.0840000,3,3,4,6136,6136,1879,8015,34947,42962,1.4203063885267275,2.169140957775689,0.2837170958518982,1,3,2,1
22,4,4036,00:00:00.0890000,3,5,7,10838,10850,5166,16016,59604,75620,1.622716368333641,2.3459688032196753,0.39385807514190674,1,3,2,1
22,5,4383,00:00:00.0950000,3,10,15,19007,19031,12970,32001,102512,134513,1.7836060398800442,1.986388330098575,0.47983068227767944,1,3,2,1
22,6,4769,00:00:00.1020000,4,15,25,32837,32887,31155,64042,182367,246409,1.8922252337302434,1.6688086447753143,0.5489539504051208,2,4,2,1.5
22,7,5213,00:00:00.1150000,6,25,42,55293,55471,72670,128141,335185,463326,1.9554916535546996,1.5154790883664924,0.5802873969078064,2,6,4,1.25
22,8,5736,00:00:00.1360000,10,39,89,92877,93204,162811,256015,628852,884867,2.0065139916233297,1.5058827214295132,0.5906220078468323,2,10,7,1.2857143
22,9,6357,00:00:00.1750000,14,61,154,155189,155992,356569,512561,1193792,1706353,2.100103744466425,1.7236395899593049,0.5629064440727234,3,14,10,1.3
22,10,7041,00:00:00.2490000,20,109,309,262794,265164,759623,1024787,2197596,3222383,2.386713547493474,3.063548467613015,0.4795195162296295,3,20,15,1.2666667
22,11,7717,00:00:00.3800000,26,185,569,468359,473344,1576440,2049784,3789243,5839027,2.9784502913363466,6.51378427134221,0.39564844965934753,3,27,21,1.2380953
22,12,8358,00:00:00.6210000,25,339,1053,829447,844635,3252844,4097479,6222173,10319652,3.570704336744843,3.109480383638646,0.3184691071510315,4,26,19,1.3157895
22,13,9033,00:00:01.0580000,26,547,1857,1415502,1451924,6746290,8198214,10354884,18553098,3.9095847268318944,1.871845429160596,0.2366466224193573,4,27,19,1.3684211
22,14,9791,00:00:01.8510000,29,1014,3436,2356001,2472602,13912409,16385011,17764987,34149998,4.204304242655245,2.24576840495121,0.15816138684749603,4,30,24,1.2083334
22,15,10606,00:00:03.5060000,55,1864,6464,4115568,4366178,28407352,32773530,30358252,63131782,4.772985891619334,6.417789148425281,0.24815423786640167,3,56,42,1.3095238
22,16,11436,00:00:06.6080000,60,3336,11791,7359395,7945663,57594463,65540126,50809500,116349626,5.50436550830605,5.761243477244381,0.23429971933364868,4,61,48,1.25
22,17,12297,00:00:12.4350000,61,5942,21603,13069096,14239453,116917476,131156929,84694685,215851614,6.121909809217103,4.178137361329016,0.2043411284685135,5,62,49,1.244898
22,18,13193,00:00:31.4920000,56,10668,40322,23386376,26243842,235963119,262206961,140778896,402985857,6.942137336712623,8.943175891795455,0.2339426726102829,4,57,44,1.2727273
22,19,14091,00:01:23.3870000,56,19840,75406,43812780,49412476,475237115,524649591,230297008,754946599,7.873761537158792,4.441299517643124,0.21610456705093384,5,57,45,1.2444445
22,20,14893,00:02:50.6350000,37,38231,140218,102915735,111831864,937304830,1049136694,355519235,1404655929,10.054925721513818,3.141974386483095,0.13607633113861084,5,38,26,1.4230769
23,0,3015,00:00:00.0840000,3,3,6,991,991,10,1001,6060,7061,1.0040363269424823,1.0081114059450056,0,1,3,2,1
23,1,3375,00:00:00.1180000,1,1,6,1843,1843,162,2005,10703,12708,1,1,0,0,1,1,0
23,2,3789,00:00:00.1520000,1,1,7,3374,3374,628,4002,20542,24544,1,1,0,0,1,1,0
23,3,4254,00:00:00.1650000,4,4,12,5972,5972,2051,8023,40333,48356,1.0058606831882118,1.0118122804780185,0,1,4,3,1
23,4,4791,00:00:00.1810000,4,4,12,10384,10384,5631,16015,79671,95686,1.0135785824345147,1.0276343662274914,0.0061126998625695705,1,4,3,1
23,5,5428,00:00:00.2010000,4,8,18,17636,17652,14369,32021,159406,191427,1.0520526196416422,1.1113142372955815,0.0433170460164547,1,4,3,1
23,6,6099,00:00:00.2270000,5,14,35,30367,30429,33625,64054,297915,361969,1.2123686896960517,1.563329731460849,0.15125766396522522,1,5,4,1
23,7,6757,00:00:00.2610000,6,22,69,52376,52554,75560,128114,521026,649140,1.490510921032534,2.767795699200148,0.30706560611724854,1,6,5,1
23,8,7406,00:00:00.3100000,10,39,117,90191,90537,165721,256258,882420,1138678,1.782217737911765,3.3450986920018537,0.41308164596557617,2,10,7,1.2857143
23,9,8087,00:00:00.3830000,16,62,199,151905,152604,359479,512083,1503812,2015895,1.9855896777591258,3.057264583358322,0.4844561517238617,3,16,10,1.5
23,10,8817,00:00:00.5030000,19,100,339,259752,261936,762546,1024482,2573871,3598353,2.310784902522406,4.118311102726652,0.4477628767490387,3,19,12,1.5
23,11,9479,00:00:00.7200000,21,201,624,475847,482099,1566435,2048534,4125419,6173953,3.1316137329856026,4.510393589640689,0.2942013740539551,4,21,13,1.5384616
23,12,10075,00:00:00.9830000,24,326,1049,857788,868397,3229740,4098137,6388650,10486787,3.7441209249837955,1.9653684678986358,0.17071817815303802,4,25,16,1.5
23,13,10715,00:00:01.4730000,27,555,1838,1447560,1484373,6713523,8197896,10309315,18507211,4.036485534278372,1.6335232276568719,0.11627338081598282,4,28,19,1.4210526
23,14,11430,00:00:02.4030000,37,963,3395,2461243,2551935,13840631,16392566,17266693,33659259,4.417320435243493,2.7158077882020786,0.1749657243490219,5,38,30,1.2333333
23,15,12163,00:00:04.2490000,47,1856,6231,4503196,4720941,28051255,32772196,28564766,61336962,5.3045301603572215,6.830126091126917,0.2878812253475189,5,48,39,1.2051282
23,16,12792,00:00:07.0820000,31,3319,11076,9401170,9808116,55772209,65580325,43952267,109532592,6.8918805850761125,5.819472150572208,0.31936803460121155,6,32,22,1.4090909
23,17,13361,00:00:13.3620000,25,6057,19868,18111845,18676759,112493271,131170030,66354040,197524070,7.79057036983256,3.9941907962493075,0.24998675286769867,5,26,17,1.4705882
23,18,13971,00:00:31.4910000,28,10941,36870,31800073,33168923,229028336,262197259,104654894,366852153,8.31958914056581,4.713713391324705,0.23597581684589386,4,29,21,1.3333334
23,19,14646,00:01:08.9440000,40,20549,70075,55012289,59125748,465516089,524641837,171978274,696620111,8.887536655673426,6.40434702299523,0.4234616160392761,4,40,30,1.3
23,20,15368,00:02:26.7110000,58,38891,133731,97398617,109495933,939604942,1049100875,286281874,1335382749,9.729593018759187,10.945540150972821,0.3895014226436615,4,59,44,1.3181819
24,0,2389,00:00:00.0520000,2,2,3,995,995,6,1001,6259,7260,1.0010050251256282,1.0020121273587996,0,1,2,1,1
24,1,2721,00:00:00.0650000,2,2,4,1851,1851,163,2014,10620,12634,1.001080497028633,1.002163361046816,0,1,2,1,1
24,2,3109,00:00:00.0860000,2,2,4,3345,3345,663,4008,20088,24096,1.0029895366218236,1.0059969353546403,0,1,2,1,1
24,3,3586,00:00:00.0930000,2,4,10,5938,5943,2059,8002,40461,48463,1.0035365442910071,1.007098057970977,0,1,2,1,1
24,4,4115,00:00:00.1010000,3,4,12,10342,10344,5665,16009,79570,95579,1.01382711274415,1.02811904913054,0.00604501785710454,1,3,2,1
24,5,4723,00:00:00.1220000,4,7,21,17817,17825,14188,32013,155321,187334,1.0648818544087109,1.1410551312548536,0.05088599771261215,1,4,3,1
24,6,5387,00:00:00.1380000,5,10,33,30513,30564,33459,64023,291654,355677,1.2253465735915838,1.6065312107244196,0.14856432378292084,1,5,4,1
24,7,6038,00:00:00.1570000,7,21,57,52578,52677,75477,128154,512266,640420,1.5287572749058542,2.9340657018000202,0.28990477323532104,1,7,6,1
24,8,6669,00:00:00.1840000,10,29,101,90103,90462,165578,256040,864017,1120057,1.7923265596040088,3.282259105992925,0.4033418297767639,2,10,8,1.125
24,9,7349,00:00:00.2290000,12,44,175,152011,152804,359410,512214,1482801,1995015,1.9528455177585833,2.845000259850906,0.47546204924583435,2,12,9,1.2222222
24,10,8117,00:00:00.3170000,19,108,350,253888,255138,769461,1024599,2612940,3637539,2.105491397781699,3.1153888818418998,0.44566136598587036,3,19,14,1.2857143
24,11,8927,00:00:00.4990000,22,209,666,442748,448058,1600604,2048662,4520784,6569446,2.615392954908887,6.538312164799205,0.4203149378299713,3,22,17,1.2352941
24,12,9630,00:00:00.7620000,22,329,1139,818484,830700,3267169,4097869,7174138,11272007,3.4800765806051186,4.619229320213102,0.3422589600086212,4,23,16,1.375
24,13,10302,00:00:01.1900000,22,558,1977,1439021,1467926,6730035,8197961,11277212,19475173,3.988448396514019,2.861585387021438,0.2822124660015106,4,23,15,1.4666667
24,14,11020,00:00:01.9740000,27,1010,3544,2483440,2552503,13846567,16399070,18260143,34659213,4.419985987179074,3.4019086933188865,0.2570062577724457,4,28,21,1.2857143
24,15,11781,00:00:03.5140000,36,1743,6323,4322400,4517024,28258331,32775355,30036396,62811751,4.97776906348325,3.265194744637841,0.22152744233608246,4,37,30,1.2
24,16,12557,00:00:06.3180000,46,3223,11532,7901837,8349267,57237423,65586690,49145025,114731715,5.819491594169811,4.812265138488958,0.1560487002134323,5,47,38,1.2105263
24,17,13308,00:00:11.2700000,42,5901,20979,14827202,15731281,115395058,131126339,78644108,209770447,6.757370136321067,4.765011577770204,0.15550479292869568,5,42,33,1.2424242
24,18,14075,00:00:26.3130000,35,10737,38863,26796836,28798340,233493738,262292078,126757522,389049600,7.481580959781969,7.07765867673927,0.16896702349185944,5,36,27,1.2962962
24,19,14874,00:01:09.9520000,55,19753,73100,48441653,53270678,471379412,524650090,206357983,731008073,8.292994006624836,9.277056812608032,0.36429789662361145,5,55,40,1.35
24,20,15642,00:02:28.4180000,56,37908,136708,100570658,110228307,938405287,1048633594,327038291,1375671885,9.899756079949283,4.896156236705213,0.25868695974349976,6,57,38,1.4736842
25,0,2340,00:00:00.0390000,1,2,3,999,1000,9,1009,5283,6292,1,1,0,0,1,1,0
25,1,2714,00:00:00.0530000,2,2,4,1840,1840,167,2007,10149,12156,1.0152173913043478,1.0308976419966729,0,1,2,1,1
25,2,3127,00:00:00.0780000,2,2,4,3341,3341,661,4002,20144,24146,1.0439988027536666,1.0918529702441462,0,1,2,1,1
25,3,3550,00:00:00.0850000,2,3,6,6016,6020,2004,8024,38127,46151,1.1462765957446808,1.3329059201227902,0,1,2,1,1
25,4,3975,00:00:00.0920000,4,5,10,10504,10512,5495,16007,69609,85616,1.3087395277989338,1.7542883586902243,0.03990714251995087,2,4,2,1.5
25,5,4410,00:00:00.1110000,4,10,18,18455,18474,13540,32014,123663,155677,1.5225684096450827,2.0424380421805344,0.06168001517653465,2,4,2,1.5
25,6,4839,00:00:00.1230000,6,19,35,32307,32371,31718,64089,212235,276324,1.7318537778190486,1.7667033420415563,0.09722822159528732,2,6,4,1.25
25,7,5305,00:00:00.1420000,9,26,65,55207,55298,72729,128027,370882,498909,1.9005198616117522,1.4642783026269575,0.12267380207777023,2,9,7,1.1428572
25,8,5830,00:00:00.1730000,9,41,119,93354,93731,162459,256190,665036,921226,2.0666495276046017,1.487760773498231,0.1289990097284317,2,9,7,1.1428572
25,9,6398,00:00:00.2240000,12,60,183,159096,159848,352684,512532,1180817,1693349,2.3023080404284206,2.1889017203879284,0.14085917174816132,2,12,10,1.1
25,10,7004,00:00:00.3120000,15,122,344,272808,274692,749763,1024455,2070980,3095435,2.6198168675405413,4.0350648571244925,0.19315893948078156,3,15,12,1.1666666
25,11,7658,00:00:00.5030000,16,213,631,457279,466606,1582561,2049167,3626094,5675261,2.8748947579049116,4.4600901085592755,0.25806859135627747,3,17,13,1.2307693
25,12,8390,00:00:00.8180000,32,331,1118,768082,791533,3306509,4098042,6417909,10515951,3.118746435927414,4.8932141356906405,0.5171545147895813,2,32,27,1.1481482
25,13,9188,00:00:01.4470000,58,581,2015,1326585,1364609,6828139,8192748,11292852,19485600,3.5352608389209887,6.448664231463169,0.4251096546649933,4,58,49,1.1632653
25,14,9978,00:00:02.5360000,59,1036,3592,2446043,2547095,13846585,16393680,18945358,35339038,4.488190109495213,5.570250156126029,0.2947048842906952,5,60,51,1.1568627
25,15,10623,00:00:04.1080000,27,1794,6227,4875248,5095724,27682164,32777888,28864314,61642202,5.797520454344066,1.7596461078494758,0.08908446878194809,5,28,20,1.35
25,16,11266,00:00:06.8480000,18,3190,11118,8761920,9070998,56505642,65576640,44779473,110356113,6.299305974033088,2.100346129608007,0.04231048747897148,4,19,15,1.2
25,17,11981,00:00:12.2210000,33,5654,20307,15073911,15805191,115379576,131184767,73010588,204195355,6.721887703861327,3.6084123862739403,0.2494913935661316,2,33,29,1.1034483
25,18,12769,00:00:24.0320000,58,10704,38515,25822889,28146780,234000012,262146792,122477571,384624363,7.322717764073571,5.763073337873814,0.31322112679481506,3,58,47,1.2127659
25,19,13537,00:00:58.0080000,56,20588,72321,52093299,57459487,467193957,524653444,198466964,723120408,8.864547914310437,11.459927606221399,0.44055506587028503,4,56,39,1.4102564
25,20,14221,00:02:16.3370000,43,38733,135727,108625329,116062855,932953103,1049015958,306444699,1355460657,10.140798745014617,4.81655102669649,0.3681139647960663,5,44,30,1.4333333
26,0,3072,00:00:00.0940000,1,1,1,998,998,4,1002,5643,6645,1,1,0,0,1,1,0
26,1,3478,00:00:00.1190000,1,1,1,1823,1823,179,2002,11091,13093,1,1,0,0,1,1,0
26,2,3942,00:00:00.1630000,1,3,4,3337,3341,667,4008,22620,26628,1,1,0,0,1,1,0
26,3,4438,00:00:00.1780000,2,3,5,5952,5954,2066,8020,44134,52154,1.0045362903225807,1.0091136958158529,0,1,2,1,1
26,4,5006,00:00:00.1970000,3,6,12,10310,10317,5692,16009,85789,101798,1.017458777885548,1.0355797725587037,0.007212502416223288,1,3,2,1
26,5,5618,00:00:00.2390000,4,9,19,17778,17799,14213,32012,161625,193637,1.0478681516481043,1.1008944414380233,0.01889353059232235,1,4,3,1
26,6,6287,00:00:00.2720000,7,10,34,30439,30485,33561,64046,299689,363735,1.1945201879168172,1.4782599019391331,0.06721284240484238,1,7,6,1
26,7,6956,00:00:00.2960000,9,21,64,52370,52398,75703,128101,527874,655975,1.487626503723506,2.2932630790080006,0.15991537272930145,2,9,7,1.1428572
26,8,7590,00:00:00.3330000,10,41,122,90530,90687,165486,256173,881281,1137454,1.8044957472660996,2.2537670495304862,0.3001958727836609,2,10,7,1.2857143
26,9,8239,00:00:00.3950000,12,59,196,155032,155836,356312,512148,1469504,1981652,2.094419216677847,2.2191048686363213,0.45115238428115845,2,12,9,1.2222222
26,10,8906,00:00:00.4950000,19,120,356,265406,267935,756293,1024228,2446212,3470440,2.452356013051702,2.5570022297490214,0.5364652872085571,3,19,14,1.2857143
26,11,9594,00:00:00.6950000,27,212,654,456260,462337,1585952,2048289,4073963,6122252,2.7946302546793493,1.8885621748559998,0.3949538767337799,3,27,21,1.2380953
26,12,10341,00:00:01.0420000,30,345,1155,767093,786329,3310793,4097122,6921567,11018689,3.0902289552896454,1.824062686805776,0.3051343858242035,3,31,26,1.1538461
26,13,11143,00:00:01.6800000,39,572,2042,1321770,1366417,6825857,8192274,11815001,20007275,3.534305514575153,4.17760705399017,0.2817073464393616,3,40,34,1.1470588
26,14,11964,00:00:02.8540000,43,1077,3741,2326463,2434531,13952335,16386866,19832866,36219732,4.144715819679917,9.619205499531038,0.32612794637680054,4,44,34,1.2647059
26,15,12751,00:00:04.8710000,42,1795,6493,4348808,4554483,28236197,32790680,31940251,64730931,5.06943304924016,6.101527142720445,0.3141722083091736,5,43,30,1.4
26,16,13496,00:00:08.1940000,33,3246,11584,8052675,8477552,57066814,65544366,50301836,115846202,5.9052874976327745,3.5355442983175385,0.31435465812683105,4,34,23,1.4347826
26,17,14266,00:00:17.3670000,34,5743,21156,14251187,15238289,115850504,131088793,80621442,211710235,6.5188828130597125,3.418924912068353,0.2591414749622345,3,35,26,1.3076923
26,18,15094,00:00:43.3480000,55,10530,39354,24561642,27135066,235155044,262290110,132607267,394897377,7.091420842303621,3.3140599320808524,0.27182215452194214,4,56,46,1.1956521
26,19,15976,00:01:42.5110000,87,19676,74411,44037769,49669906,474823769,524493675,220676557,745170232,7.886687197982259,12.908837760713666,0.2986190915107727,5,88,69,1.2608696
26,20,16834,00:03:29.9800000,67,37919,140425,87837533,100137358,949221864,1049359222,355627432,1404986654,9.30097009896669,8.042601377710833,0.3233634829521179,5,68,47,1.4255319
27,0,3179,00:00:00.0540000,2,2,2,1003,1003,1,1004,5844,6848,1.1714855433698903,1.3969533910261318,0,1,2,1,1
27,1,3489,00:00:00.0690000,2,3,4,1846,1847,156,2003,10186,12189,1.3017334777898157,1.7282523725995007,0,1,2,1,1
27,2,3752,00:00:00.0730000,3,3,4,3430,3430,577,4007,16496,20503,1.4352769679300292,1.9719457721059659,0.014066221192479134,1,3,2,1
27,3,4043,00:00:00.1110000,3,3,4,6166,6166,1845,8011,28904,36915,1.5736295815763865,1.978274235103332,0.03933420777320862,1,3,2,1
27,4,4354,00:00:00.1170000,3,3,5,10920,10920,5100,16020,51800,67820,1.7145604395604395,1.6983378213247609,0.022264374420046806,1,3,2,1
27,5,4682,00:00:00.1230000,3,3,12,19151,19151,12860,32011,92398,124409,1.8267975562633805,1.4148153337731066,0.03747949004173279,1,3,2,1
27,6,5067,00:00:00.1310000,3,10,25,32646,32673,31389,64062,172814,236876,1.91361882006984,1.1935133960131301,0.023676255717873573,1,3,2,1
27,7,5511,00:00:00.1450000,3,13,42,55339,55418,72610,128028,325333,453361,1.9629917418095737,1.0829389869138897,0.027328964322805405,1,3,2,1
27,8,6036,00:00:00.1700000,4,33,93,92592,92989,163018,256007,619813,875820,1.9867159149818558,1.0374759421381454,0.02631928212940693,2,4,2,1.5
27,9,6674,00:00:00.2230000,9,55,189,153026,153912,358587,512499,1201578,1714077,2.0098022558258073,1.0468237048297566,0.03368481621146202,2,9,7,1.1428572
27,10,7439,00:00:00.3350000,17,96,358,252546,254451,769576,1024027,2328767,3352794,2.0800567025413192,1.1963806620155877,0.03476346284151077,2,17,15,1.0666667
27,11,8299,00:00:00.5710000,29,171,647,428919,433587,1615528,2049115,4362108,6411223,2.3887237450427703,2.4150303035540577,0.09744544327259064,3,30,23,1.2608696
27,12,9127,00:00:00.9650000,34,325,1150,764080,777908,3319236,4097144,7492532,11589676,3.0475787875615117,11.296372702216832,0.6091519594192505,3,34,27,1.2222222
27,13,9896,00:00:01.5970000,41,545,1992,1368575,1401869,6793510,8195379,12168981,20364360,3.7010861662678334,8.406936307654455,0.5013091564178467,3,41,29,1.3793104
27,14,10675,00:00:02.6580000,40,999,3626,2384037,2470218,13915203,16385421,19762050,36147471,4.2305496936498885,7.5294829236659115,0.393726110458374,4,40,27,1.4444444
27,15,11469,00:00:04.6840000,38,1789,6535,4263865,4479127,28315111,32794238,32019234,64813472,4.961426780632126,9.468641298064387,0.4867793023586273,4,39,26,1.4615384
27,16,12203,00:00:08.0900000,38,3263,11631,8447439,8821068,56777591,65598659,50019971,115618630,6.183706446415298,4.281614186564882,0.29507535696029663,5,39,26,1.4615384
27,17,12894,00:00:18.3340000,36,5819,20854,15673058,16393436,114800143,131193579,77230763,208424342,6.9818095485896885,2.084662762882394,0.15264581143856049,5,37,29,1.2413793
27,18,13635,00:00:44.4490000,38,10664,38550,27398506,29270916,233095866,262366782,123782186,386148968,7.565501381717675,4.011096612887099,0.2244502454996109,4,39,29,1.3103448
27,19,14418,00:01:34.9920000,47,19940,72587,48842363,53840478,470901291,524741769,201792585,726534354,8.351757694442425,5.296484226609393,0.19097915291786194,4,48,40,1.175
27,20,15246,00:03:16.4720000,63,37327,138123,85249933,97350618,951250194,1048600812,332948490,1381549302,9.01559208263542,3.0232581234404696,0.25510168075561523,3,63,49,1.2653061
28,0,2323,00:00:00.0380000,1,1,1,996,996,9,1005,5275,6280,1,1,0,0,1,1,0
28,1,2694,00:00:00.0510000,1,1,1,1826,1826,177,2003,10234,12237,1,1,0,0,1,1,0
28,2,3175,00:00:00.0740000,1,3,4,3323,3326,682,4008,22036,26044,1,1,0,0,1,1,0
28,3,3628,00:00:00.0800000,1,1,5,5982,5982,2029,8011,41236,49247,1,1,0,0,1,1,0
28,4,4189,00:00:00.0880000,1,4,13,10291,10299,5720,16019,82825,98844,1,1,0,0,1,1,0
28,5,4829,00:00:00.1000000,2,6,19,17549,17570,14443,32013,162772,194785,1.0011966493817313,1.002396109437455,0,1,2,1,1
28,6,5608,00:00:00.1190000,3,13,41,29626,29709,34315,64024,324007,388031,1.0054344157159252,1.0109429258709999,0,1,3,2,1
28,7,6522,00:00:00.1610000,9,20,73,49722,49848,78157,128005,635974,763979,1.0660271107356905,1.1448111869918183,0.04972705617547035,1,9,8,1
28,8,7458,00:00:00.2100000,14,41,131,84759,85119,170885,256004,1155943,1411947,1.3332625443905661,2.117446572448826,0.22488681972026825,1,14,13,1
28,9,8313,00:00:00.2820000,16,69,223,145871,147352,364945,512297,1928597,2440894,1.7247019626930644,4.904242194271441,0.4709848165512085,1,16,15,1
28,10,9171,00:00:00.4100000,26,106,393,247507,249659,775128,1024787,3191368,4216155,1.950797351186027,4.833899533928819,0.5534183382987976,2,26,20,1.25
28,11,10117,00:00:00.6200000,33,190,700,412168,418376,1629772,2048148,5430246,7478394,2.1494245065119078,5.714682810157476,0.5690650343894958,3,33,25,1.28
28,12,11093,00:00:00.9830000,41,357,1267,712480,732511,3364446,4096957,9126900,13223857,2.656516674152257,9.638074171300364,0.49528801441192627,4,41,29,1.3793104
28,13,11982,00:00:01.6070000,43,595,2183,1304784,1347756,6846887,8194643,14511812,22706455,3.4895791180762488,7.1957871634854715,0.3274742066860199,4,44,28,1.5357143
28,14,12751,00:00:02.5730000,37,1094,3742,2466880,2546882,13842722,16389604,21954029,38343633,4.451118822155921,3.3701873041320476,0.14958636462688446,5,38,25,1.48
28,15,13500,00:00:04.0900000,31,1835,6595,4375188,4541185,28253446,32794631,33548015,66342646,5.0040245127752225,2.2878596823073374,0.11981428414583206,4,32,23,1.3478261
28,16,14305,00:00:07.0330000,39,3270,11876,7527818,7999775,57575916,65575691,53442976,119018667,5.518289762053227,3.9391429788882166,0.2331705093383789,4,40,30,1.3
28,17,15150,00:00:12.6530000,62,6019,21945,13387599,14517225,116565978,131083203,86652761,217735964,6.2414913981215,8.135175435995565,0.3442300260066986,5,63,48,1.2916666
28,18,15980,00:00:22.9360000,62,11038,40342,25819576,28325633,233870674,262196307,138420512,400616819,7.457058512502297,10.525180414450261,0.31051111221313477,5,63,42,1.4761904
28,19,16739,00:00:55.4470000,46,19995,73832,51743452,55900089,468688162,524588251,213788632,738376883,8.625366838687144,2.321574286366894,0.16114546358585358,5,47,33,1.3939394
28,20,17537,00:02:06.2560000,53,36467,138422,89035256,99195763,949850913,1049046676,340437951,1389484627,9.10529917496952,1.8666423789562847,0.14670173823833466,4,54,41,1.2926829
2,0,2934,00:00:00.0480000,1,1,4,993,993,10,1003,6023,7026,1,1,0,0,1,1,0
2,1,3289,00:00:00.0600000,1,1,4,1836,1836,166,2002,10676,12678,1,1,0,0,1,1,0
2,2,3676,00:00:00.0810000,1,1,4,3347,3347,657,4004,19956,23960,1,1,0,0,1,1,0
2,3,4130,00:00:00.0870000,1,1,6,5926,5926,2082,8008,39816,47824,1,1,0,0,1,1,0
2,4,4688,00:00:00.0940000,1,1,8,10348,10348,5655,16003,80434,96437,1,1,0,0,1,1,0
2,5,5313,00:00:00.1030000,3,7,16,17657,17671,14380,32051,158252,190303,1.0023786600215212,1.0047713985642488,0,1,3,2,1
2,6,6088,00:00:00.1290000,3,12,34,29544,29625,34420,64045,319597,383642,1.0106620633631194,1.0216084117906457,0.009247148409485817,1,3,2,1
2,7,6991,00:00:00.1570000,8,25,69,49737,49886,78228,128114,628608,756722,1.0975129179484087,1.2184905774346202,0.06267611682415009,2,8,6,1.1666666
2,8,7866,00:00:00.2000000,9,41,127,85977,86447,169571,256018,1112313,1368331,1.4631936448119847,2.523101940808028,0.23615720868110657,2,9,7,1.1428572
2,9,8583,00:00:00.2570000,12,68,216,153996,155287,356859,512146,1755531,2267677,2.109217122522663,4.348019140512178,0.2528155744075775,2,12,9,1.2222222
2,10,9204,00:00:00.3360000,18,109,355,273155,275500,749494,1024994,2663603,3688597,2.65526166462265,2.2245810574906892,0.18987774848937988,3,18,13,1.3076923
2,11,9831,00:00:00.4770000,21,187,589,471233,476242,1571845,2048087,4148708,6196795,3.0089531081227334,1.7102837318296862,0.15478600561618805,3,21,17,1.1764706
2,12,10501,00:00:00.7040000,25,312,1029,809757,823199,3273472,4096671,6698508,10795179,3.403727291026814,2.80161464384845,0.2430180460214615,4,26,20,1.25
2,13,11201,00:00:01.0900000,25,528,1847,1413182,1449748,6748985,8198733,10968526,19167259,3.911934910011591,6.722690890127851,0.4552420675754547,4,26,21,1.1904762
2,14,11916,00:00:01.8230000,31,935,3287,2502510,2574761,13812897,16387658,17910387,34298045,4.480366911620733,9.022666846141869,0.7164979577064514,4,32,24,1.2916666
2,15,12664,00:00:03.2770000,35,1686,6049,4375681,4550013,28230921,32780934,29491662,62272596,5.018348001145422,7.3355796459140095,0.5978015065193176,4,36,26,1.3461539
2,16,13420,00:00:05.9280000,36,3224,11266,8172833,8581223,56963276,65544499,48077132,113621631,6.022753187297477,7.427892939549025,0.26797914505004883,5,37,25,1.44
2,17,14095,00:00:10.7430000,25,5872,20430,16378471,17142655,114010571,131153226,74509449,205662675,7.29399636876971,3.642265644662523,0.16520734131336212,5,26,18,1.3888888
2,18,14770,00:00:30.7510000,25,10581,37738,29448009,31056300,231244167,262300467,116942322,379242789,7.925875022654333,2.3518271450080626,0.0945986658334732,4,26,20,1.25
2,19,15519,00:01:13.2800000,40,19744,71254,49973223,54561678,470138493,524700171,191675431,716375602,8.393559026601105,3.7425206282658503,0.16899721324443817,4,41,33,1.2121212
2,20,16336,00:02:40.2830000,77,37705,136582,86313875,99580872,949262375,1048843247,320970753,1369814000,9.162355947986347,10.921912375189319,0.3493887782096863,5,77,59,1.2881356
29,0,1868,00:00:00.0280000,1,1,2,1002,1002,6,1008,2681,3689,2,1,0,0,1,1,0
29,1,2028,00:00:00.0370000,1,1,3,1892,1892,115,2007,4765,6772,2,1,0,0,1,1,0
29,2,2236,00:00:00.0560000,1,1,4,3491,3491,532,4023,9873,13896,2,1,0,0,1,1,0
29,3,2450,00:00:00.0580000,1,1,4,6344,6344,1681,8025,19040,27065,2,1,0,0,1,1,0
29,4,2695,00:00:00.0610000,1,2,6,11256,11258,4759,16017,36883,52900,2,1,0,0,1,1,0
29,5,2983,00:00:00.0650000,1,7,12,19524,19543,12517,32060,72784,104844,2,1,0,0,1,1,0
29,6,3334,00:00:00.0710000,1,8,22,33263,33305,30730,64035,145568,209603,2,1,0,0,1,1,0
29,7,3756,00:00:00.0800000,3,15,55,56043,56092,72005,128097,289765,417862,2.0032296629373874,1.0064854532439018,0,1,3,2,1
29,8,4274,00:00:00.1110000,4,34,95,92803,93125,162973,256098,581558,837656,2.010398370742325,1.0210787405990975,0.008922739885747433,1,4,3,1
29,9,4900,00:00:00.1520000,7,63,178,153376,154685,357535,512220,1152694,1664914,2.0417666388483204,1.0884558909529933,0.03273908793926239,1,7,6,1
29,10,5632,00:00:00.2350000,21,110,329,255851,258720,765637,1024357,2229096,3253453,2.2057369328241827,1.5250161985001696,0.12278337776660919,2,21,18,1.1111112
29,11,6387,00:00:00.4060000,32,204,610,450509,456206,1593077,2049283,4008297,6057580,2.7363160336419474,4.417168006396944,0.3039425313472748,2,32,29,1.0689656
29,12,7080,00:00:00.6580000,35,354,1081,812144,827032,3270080,4097112,6631478,10728590,3.435967020626884,4.703051669263023,0.3412919044494629,3,35,31,1.0967742
29,13,7773,00:00:01.1040000,29,563,1887,1403708,1443199,6752080,8195279,10861863,19057142,3.8733404668207347,2.5253637378395912,0.3098066449165344,3,29,24,1.1666666
29,14,8540,00:00:01.9470000,27,1033,3467,2357439,2461212,13935517,16396729,18366472,34763201,4.187143336476574,2.852772759502425,0.33621081709861755,3,28,22,1.2272727
29,15,9370,00:00:03.6240000,51,1846,6407,4056708,4300392,28471715,32772107,31202583,63974690,4.658722294037432,7.147606832901165,0.43528974056243896,4,52,40,1.275
29,16,10247,00:00:06.8590000,71,3239,11768,7080344,7669718,57881330,65551048,52829245,118380293,5.269975583107262,13.286526548962913,0.381727010011673,4,72,56,1.2678572
29,17,11137,00:00:19.6110000,76,5928,21822,12836958,14182124,116899617,131081741,87762598,218844339,6.133078958426132,11.747957938188543,0.3239753246307373,5,77,61,1.2459016
29,18,12015,00:00:48.8700000,65,10848,40796,24059617,26678795,235493932,262172727,142666966,404839693,7.0581925722259005,6.417167158357281,0.33900511264801025,4,66,50,1.3
29,19,12882,00:01:41.5510000,54,19980,75784,45978723,51086477,473215212,524301689,228914177,753215866,8.101561106862407,9.997390582148773,0.41803011298179626,4,55,38,1.4210526
29,20,13707,00:03:15.2220000,47,37183,141338,92065006,101543668,947376080,1048919748,358908765,1407828513,9.332736696937813,8.733880290094845,0.41097864508628845,4,48,34,1.382353
30,0,2394,00:00:00.0330000,1,1,3,997,997,5,1002,5141,6143,1,1,0,0,1,1,0
30,1,2784,00:00:00.0440000,1,1,3,1826,1826,177,2003,10255,12258,1,1,0,0,1,1,0
30,2,3176,00:00:00.0660000,1,2,5,3365,3366,636,4002,19468,23470,1,1,0,0,1,1,0
30,3,3628,00:00:00.0720000,2,2,8,5945,5945,2063,8008,38900,46908,1.001009251471825,1.0020204887082245,0,1,2,1,1
30,4,4161,00:00:00.0800000,1,4,13,10402,10414,5599,16013,77692,93705,1,1,0,0,1,1,0
30,5,4780,00:00:00.0880000,2,4,18,17738,17753,14263,32016,154150,186166,1.0014094035404217,1.00282279574849,0,1,2,1,1
30,6,5572,00:00:00.1050000,6,15,41,29779,29825,34197,64022,319197,383219,1.0110816347090232,1.0225051560612515,0.008406656794250011,1,6,5,1
30,7,6471,00:00:00.1420000,9,19,72,49898,49982,78021,128003,627245,755248,1.0794821435728887,1.1781310631571753,0.06474008411169052,1,9,8,1
30,8,7389,00:00:00.1850000,12,46,135,85130,85485,170659,256144,1137465,1393609,1.3804064372136733,2.392377356501137,0.2827731668949127,2,12,10,1.1
30,9,8215,00:00:00.2550000,17,66,242,147300,148236,364130,512366,1882543,2394909,1.7724168363883233,5.495938164056346,0.5235716104507446,2,17,14,1.1428572
30,10,9028,00:00:00.3650000,22,118,413,251474,254394,770170,1024564,3073249,4097813,2.0893810095675893,6.566104754431132,0.5681012868881226,3,22,17,1.2352941
30,11,9842,00:00:00.5760000,26,214,724,434814,442647,1605794,2048441,4992376,7040817,2.533901852286265,6.80478931657028,0.4744940400123596,3,26,20,1.25
30,12,10634,00:00:00.8700000,32,367,1274,764755,782440,3315950,4098390,7997626,12096016,3.078973004426254,4.764758561361149,0.4081805944442749,3,32,21,1.4761904
30,13,11414,00:00:01.4050000,32,633,2131,1341847,1387842,6807451,8195293,12752772,20948065,3.6412966604985515,2.674288366307636,0.3366137742996216,4,33,20,1.6
30,14,12218,00:00:02.3820000,38,1013,3676,2331580,2438346,13958352,16396698,20620527,37017225,4.137899192822035,2.2896980775295828,0.30556797981262207,4,39,28,1.3571428
30,15,13042,00:00:04.1450000,47,1802,6583,4162892,4368201,28427302,32795503,33347376,66142879,4.784221882287602,5.812799610197503,0.29543790221214294,4,48,41,1.1463414
30,16,13867,00:00:07.2410000,44,3227,11920,7509072,7978477,57579747,65558224,53685706,119243930,5.535718261857125,4.828616553885132,0.4697701632976532,3,45,38,1.1578947
30,17,14716,00:00:13.7580000,47,5764,21580,13404261,14402986,116704844,131107830,87075684,218183514,6.198159973160774,4.019565275498866,0.37945958971977234,4,48,39,1.2051282
30,18,15583,00:00:38.1080000,57,10653,40022,24693740,26978237,235282424,262260661,141297763,403558424,7.108826933465728,11.734343917568099,0.32540133595466614,5,58,46,1.2391304
30,19,16444,00:01:32.1340000,66,19715,74746,45743927,50594973,473829050,524424023,227125426,751549449,7.990119934390417,10.093257112306231,0.6262930631637573,5,67,50,1.32
30,20,17325,00:03:13.7500000,85,36659,141237,83568398,94918266,953735366,1048653632,366273036,1414926668,8.901333216893784,17.535710247487295,0.5387153029441833,5,86,59,1.440678
31,0,3001,00:00:00.0510000,1,1,2,996,996,6,1002,4891,5893,1,1,0,0,1,1,0
31,1,3331,00:00:00.0640000,1,1,2,1831,1831,172,2003,9182,11185,1,1,0,0,1,1,0
31,2,3782,00:00:00.0910000,1,1,3,3364,3364,649,4013,19862,23875,1,1,0,0,1,1,0
31,3,4211,00:00:00.0980000,1,2,5,5969,5970,2045,8015,38389,46404,1,1,0,0,1,1,0
31,4,4753,00:00:00.1060000,1,3,9,10431,10440,5585,16025,77907,93932,1,1,0,0,1,1,0
31,5,5391,00:00:00.1190000,3,6,22,17791,17800,14253,32053,157116,189169,1.0114102636164353,1.023134006862143,0.008233305998146534,1,3,2,1
31,6,6143,00:00:00.1520000,5,11,40,29829,29882,34157,64039,312902,376941,1.0719769351972912,1.1578014742722382,0.047831274569034576,1,5,4,1
31,7,6929,00:00:00.1850000,10,25,79,50811,50963,77073,128036,580736,708772,1.2954871976540512,1.869125110277463,0.1476156860589981,1,10,9,1
31,8,7663,00:00:00.2330000,15,35,132,88266,88440,167587,256027,989055,1245082,1.642625699589876,3.240853744931888,0.2871392071247101,2,15,13,1.0769231
31,9,8392,00:00:00.3070000,16,62,219,150099,151061,361155,512216,1651943,2164159,1.8924842936994917,2.9132185700506716,0.4139801263809204,2,16,12,1.25
31,10,9176,00:00:00.4550000,21,141,417,251246,254181,770636,1024817,2805552,3830369,2.0640766420161913,2.8953965859122923,0.45027968287467957,2,21,17,1.1764706
31,11,10032,00:00:00.7040000,32,207,724,426797,433796,1614279,2048075,4829172,6877247,2.3952698824031096,4.941305700533785,0.45759275555610657,3,32,27,1.1481482
31,12,10893,00:00:01.0930000,40,318,1235,741365,757660,3341169,4098829,8098053,12196882,2.8558874508507954,6.012543788166708,0.49626049399375916,3,41,31,1.2903225
31,13,11764,00:00:01.8100000,42,545,2180,1285391,1326629,6865683,8192312,13402324,21594636,3.374654093579308,7.358513381344925,0.6659620404243469,4,43,31,1.3548387
31,14,12606,00:00:03.0400000,38,1005,3771,2332696,2435616,13950251,16385867,21596263,37982130,4.16597747841982,7.604840476312072,0.45160073041915894,4,39,25,1.52
31,15,13401,00:00:05.0680000,46,1797,6571,4301813,4476303,28318869,32795172,33855676,66650848,4.93395389339332,5.711275708452247,0.3632567822933197,5,47,34,1.3529412
31,16,14155,00:00:08.4760000,43,3268,11640,8290218,8662838,56889763,65552601,52356702,117909303,6.084954219539221,5.878823946438669,0.25210970640182495,5,44,32,1.34375
31,17,14834,00:00:17.5880000,34,5818,20851,16237580,16876094,114223665,131099759,79003985,210103744,7.193812747958748,2.832796461851529,0.13836264610290527,5,35,25,1.36
31,18,15526,00:00:40.9190000,27,10733,38329,29044644,30671508,231558839,262230347,122464861,384695208,7.856034833823406,2.216742471857499,0.0638962984085083,5,28,21,1.2857143
31,19,16253,00:01:28.2720000,42,20159,71972,53745101,57452614,467026772,524479386,194731091,719210477,8.772827927144467,4.444004599441982,0.21266771852970123,4,42,32,1.28125
31,20,16972,00:02:54.1150000,47,38253,136276,101326508,109990455,938907534,1048897989,308456703,1357354692,9.76986720000259,2.856432095605771,0.24243095517158508,5,47,35,1.3142858
32,0,2995,00:00:00.0520000,1,1,1,994,994,12,1006,6678,7684,1,1,0,0,1,1,0
32,1,3368,00:00:00.0710000,1,1,1,1842,1842,163,2005,11493,13498,1,1,0,0,1,1,0
32,2,3776,00:00:00.0920000,1,1,2,3348,3348,654,4002,21373,25375,1,1,0,0,1,1,0
32,3,4251,00:00:00.0970000,1,1,3,5965,5965,2042,8007,41336,49343,1,1,0,0,1,1,0
32,4,4791,00:00:00.1030000,1,2,7,10410,10418,5600,16018,80775,96793,1,1,0,0,1,1,0
32,5,5431,00:00:00.1120000,2,8,17,17580,17601,14403,32004,160778,192782,1.0016496018202503,1.0033046788020898,0,1,2,1,1
32,6,6206,00:00:00.1280000,3,16,38,29503,29587,34431,64018,322320,386338,1.003491170389452,1.0070125180998486,0,1,3,2,1
32,7,7108,00:00:00.1670000,9,25,76,49636,49756,78267,128023,632400,760423,1.048029655894915,1.102777392057256,0.03773842751979828,1,9,8,1
32,8,8085,00:00:00.2200000,12,43,143,83798,84310,171746,256056,1176811,1432867,1.2970953960715053,1.9485480646813105,0.22119641304016113,1,12,11,1
32,9,8954,00:00:00.2990000,23,76,249,146655,147654,364442,512096,1959315,2471411,1.7229347789028673,5.306085980189687,0.44889357686042786,2,23,19,1.1578947
32,10,9781,00:00:00.4190000,29,130,446,250666,253417,771181,1024598,3172616,4197214,2.0822688358213717,7.04057528107554,0.5523366928100586,3,29,22,1.2727273
32,11,10593,00:00:00.6320000,34,219,741,437384,444880,1603802,2048682,5087742,7136424,2.5864343460208876,8.757021230943149,0.5158401131629944,3,34,24,1.375
32,12,11338,00:00:00.9230000,38,367,1245,795124,811094,3288697,4099791,7907903,12007694,3.3282745835869627,7.887731755650115,0.3961966335773468,4,38,25,1.48
32,13,12004,00:00:01.3790000,30,621,2071,1468930,1506231,6688670,8194901,11957307,20152208,4.192048634039743,4.9579255186326145,0.3536777198314667,4,31,15,2
32,14,12648,00:00:02.1480000,22,991,3532,2616543,2693774,13690409,16384183,18191663,34575846,4.77602623002947,2.5059314519798197,0.3838161528110504,3,23,12,1.8333334
32,15,13345,00:00:03.4930000,25,1780,6266,4537229,4698015,28095602,32793617,28997345,61790962,5.2135922608270375,2.6518932113866938,0.40194985270500183,4,26,16,1.5625
32,16,14086,00:00:06.0990000,27,3207,11392,8062699,8489481,57084350,65573831,47282691,112856522,5.907402967666286,5.202112925016971,0.3171195089817047,5,28,20,1.35
32,17,14834,00:00:11.3860000,31,5939,20863,14697297,15651526,115500231,131151757,76702101,207853858,6.696149298745205,2.573638335804951,0.16043521463871002,4,32,26,1.1923077
32,18,15622,00:00:34.3040000,37,10639,38735,25674053,28086602,234128008,262214610,126166134,388380744,7.310667154889803,2.894581559403752,0.11512953788042068,5,38,27,1.3703704
32,19,16457,00:01:20.4270000,73,19811,73079,46052478,51564608,472823640,524388248,209417794,733806042,8.098673257061217,9.559217342954584,0.17630714178085327,5,74,57,1.2807018
32,20,17287,00:02:49.2210000,76,37832,138680,89683392,101404750,947865080,1049269830,340213189,1389483019,9.343530583678191,20.78181904878916,0.3259202241897583,5,77,55,1.3818182
33,0,2619,00:00:00.0340000,1,1,1,997,997,6,1003,4813,5816,1,1,0,0,1,1,0
33,1,3042,00:00:00.0450000,1,1,1,1838,1838,168,2006,10455,12461,1,1,0,0,1,1,0
33,2,3451,00:00:00.0650000,1,1,2,3358,3358,648,4006,20345,24351,1,1,0,0,1,1,0
33,3,3938,00:00:00.0700000,2,2,3,5924,5924,2091,8015,41403,49418,1.0018568534773802,1.0037206228712088,0,1,2,1,1
33,4,4463,00:00:00.0770000,3,3,7,10422,10422,5583,16005,79630,95635,1.0046056419113414,1.0092643585913008,0,1,3,2,1
33,5,5099,00:00:00.0950000,3,3,11,17675,17675,14377,32052,159243,191295,1.0187835926449789,1.03840147491771,0.013633845373988152,1,3,2,1
33,6,5821,00:00:00.1080000,3,12,32,30073,30132,33938,64070,308582,372652,1.0952349283410368,1.2132799270756598,0.07798045873641968,1,3,2,1
33,7,6584,00:00:00.1290000,6,20,64,51274,51350,76736,128086,568659,696745,1.3420837071420213,1.9780653267062343,0.15786510705947876,2,6,4,1.25
33,8,7284,00:00:00.1600000,7,39,109,88573,89002,167015,256017,957051,1213068,1.6877377982003545,2.7300080602410177,0.2936486601829529,2,7,5,1.2
33,9,7976,00:00:00.2090000,12,58,196,152407,153389,359079,512468,1585119,2097587,2.0103735392731306,2.5902990821488814,0.29482176899909973,2,12,9,1.2222222
33,10,8672,00:00:00.2910000,14,104,348,263253,265621,758700,1024321,2605552,3629873,2.390384914891758,3.287063523745727,0.29124951362609863,3,14,10,1.3
33,11,9357,00:00:00.4410000,20,184,601,462663,468177,1580963,2049140,4221709,6270849,2.894997006460426,3.3686950653586623,0.24663369357585907,4,20,14,1.3571428
33,12,10028,00:00:00.6800000,23,319,1085,818368,830821,3266496,4097317,6768198,10865515,3.46239344646907,3.156520679986814,0.24663901329040527,4,24,18,1.2777778
33,13,10704,00:00:01.1110000,26,536,1916,1443838,1471174,6724524,8195698,10891181,19086879,4.010957600506428,2.6258271928700485,0.14542540907859802,4,27,21,1.2380953
33,14,11401,00:00:01.8340000,21,947,3337,2521623,2596173,13802089,16398262,17658395,34056657,4.5364679811375455,2.3409768061192713,0.11237254738807678,4,22,17,1.2352941
33,15,12149,00:00:03.2660000,27,1781,6179,4317581,4506405,28266410,32772815,29261361,62034176,4.945443293362649,1.7339078766927238,0.07176429033279419,3,28,23,1.173913
33,16,12970,00:00:06.2180000,42,3263,11502,7439300,7926212,57640415,65566627,49543076,115109703,5.465655774064764,2.898032302949522,0.12906867265701294,3,42,34,1.2058823
33,17,13807,00:00:13.2840000,54,5977,21502,13576366,14777283,116383201,131160484,82383584,213544068,6.3664499763780675,7.276504416881886,0.23723632097244263,4,54,43,1.2325581
33,18,14634,00:00:34.1720000,55,10999,40099,25345856,27606807,234604290,262211097,134150491,396361588,7.244213807574698,8.504756864974977,0.2846830189228058,4,56,43,1.2790698
33,19,15488,00:01:23.9150000,58,19788,75114,45408035,50484536,473862262,524346798,219398632,743745430,7.974374667390914,6.360681498530524,0.4442804455757141,4,59,45,1.2888889
33,20,16355,00:02:58.2860000,78,37526,141705,86780778,97977652,950881239,1048858891,356005717,1404864608,9.128513367326576,9.144791511000339,0.2718352973461151,6,79,58,1.3448275
34,0,2531,00:00:00.0440000,2,2,2,993,993,8,1001,5974,6975,1.002014098690836,1.0040363142467486,0,1,2,1,1
34,1,2906,00:00:00.0600000,1,1,2,1845,1845,164,2009,10768,12777,1,1,0,0,1,1,0
34,2,3309,00:00:00.0850000,1,2,4,3348,3349,653,4002,20446,24448,1,1,0,0,1,1,0
34,3,3798,00:00:00.0920000,2,3,5,5966,5967,2047,8014,41096,49110,1.0046932618169628,1.0094305911374342,0,1,2,1,1
34,4,4306,00:00:00.1010000,2,6,12,10454,10467,5540,16007,78122,94129,1.0135833173904725,1.0275354768622897,0,1,2,1,1
34,5,4932,00:00:00.1130000,2,4,15,17741,17756,14273,32029,155671,187700,1.0476297841158897,1.0997740965568628,0,1,2,1,1
34,6,5629,00:00:00.1300000,5,11,31,30238,30263,33798,64061,299746,363807,1.1718698326608903,1.4024447738513086,0.02580459788441658,1,5,4,1
34,7,6324,00:00:00.1670000,6,20,66,51826,51949,76088,128037,536784,664821,1.449677767915718,2.0559085762034495,0.06925831735134125,1,6,5,1
34,8,6989,00:00:00.2050000,9,37,112,89484,89764,166412,256176,907488,1163664,1.7539113137544142,1.7838499370800438,0.1009683683514595,2,9,7,1.1428572
34,9,7675,00:00:00.2700000,12,62,196,151404,152654,359550,512204,1531752,2043956,1.9625571319119706,1.4467215978829617,0.1120794489979744,2,12,10,1.1
34,10,8418,00:00:00.3880000,21,96,323,256882,259304,765257,1024561,2621986,3646547,2.2092050046324774,1.854666464288424,0.11256463080644608,2,21,18,1.1111112
34,11,9190,00:00:00.5930000,27,171,591,442050,448310,1600799,2049109,4445762,6494871,2.620171926252686,3.8302657990249096,0.16781026124954224,3,27,21,1.2380953
34,12,9967,00:00:00.8890000,33,300,1058,768512,782563,3314661,4097224,7395452,11492676,3.0693443954030646,5.434403176843617,0.23575308918952942,3,34,28,1.1785715
34,13,10762,00:00:01.4600000,36,521,1910,1343879,1373326,6824428,8197754,12237584,20435338,3.5732257145174526,7.49942837075777,0.2764568626880646,4,37,30,1.2
34,14,11592,00:00:02.5480000,41,954,3561,2320800,2392509,13998605,16391114,20351693,36742807,4.014209755256808,6.82691417052714,0.4236668348312378,3,41,33,1.2121212
34,15,12471,00:00:04.7350000,42,1783,6575,3982298,4191221,28591108,32782329,33958205,66740534,4.508970699832107,7.459249934116807,0.5337548851966858,4,43,32,1.3125
34,16,13402,00:00:09.4210000,55,3196,12215,6770210,7370593,58203911,65574504,56946341,122520845,5.0172204407248815,5.726445048704747,0.39663657546043396,3,56,45,1.2222222
34,17,14387,00:00:27.3910000,88,5819,22624,11777470,13184171,117889424,131073595,95672574,226746169,5.649018082831033,13.267317459223353,0.4563747048377991,4,89,67,1.3134328
34,18,15404,00:01:06.4340000,102,10587,41957,20651480,24089817,238086928,262176745,159273944,421450689,6.40683674971479,20.80166631683695,0.4673782289028168,4,103,77,1.3246753
34,19,16421,00:02:19.1900000,95,19563,77996,39022779,46139675,478346539,524486214,260392803,784879017,7.51740682025747,19.738286197851423,0.43767020106315613,4,96,67,1.4179105
34,20,17354,00:04:21.5870000,68,36375,144944,81513481,92970877,956163210,1049134087,407384419,1456518506,8.836260581240543,4.00631980940906,0.26082512736320496,4,69,49,1.3877552
35,0,2544,00:00:00.0500000,1,1,2,994,994,7,1001,5721,6722,1,1,0,0,1,1,0
35,1,2980,00:00:00.0660000,2,2,4,1840,1840,166,2006,11481,13487,1.001086956521739,1.0021762635070997,0,1,2,1,1
35,2,3380,00:00:00.0940000,1,1,4,3357,3357,652,4009,21277,25286,1,1,0,0,1,1,0
35,3,3868,00:00:00.1020000,2,3,7,5907,5909,2098,8007,42230,50237,1.0011850347045879,1.002372927878252,0,1,2,1,1
35,4,4390,00:00:00.1120000,3,4,11,10402,10403,5616,16019,80567,96586,1.0063449336666026,1.012790055806372,0,1,3,2,1
35,5,5013,00:00:00.1370000,3,5,17,17730,17737,14265,32002,157883,189885,1.0214890016920475,1.0440780816635564,0.01627543568611145,1,3,2,1
35,6,5722,00:00:00.1570000,4,10,30,30036,30055,33952,64007,304005,368012,1.072945798375283,1.1584521689109264,0.03497811779379845,1,4,3,1
35,7,6500,00:00:00.1910000,6,25,79,50953,51164,76895,128059,569151,697210,1.2831432889133123,1.7713667647552236,0.11923009902238846,1,6,5,1
35,8,7237,00:00:00.2400000,12,35,127,87816,88244,167983,256227,979794,1236021,1.6459301266284048,2.6319594041277483,0.21642126142978668,2,12,9,1.2222222
35,9,7952,00:00:00.3120000,15,58,218,150990,151959,360392,512351,1628226,2140577,1.9424266507715742,2.301737054856553,0.2841882109642029,2,15,12,1.1666666
35,10,8694,00:00:00.4320000,19,111,398,257467,259755,764787,1024542,2718141,3742683,2.24139404273169,2.9949397939853584,0.2792148292064667,2,19,16,1.125
35,11,9452,00:00:00.6600000,22,163,650,443506,450004,1598325,2048329,4508747,6557076,2.6379575473612533,4.822673862459588,0.3141035735607147,3,22,17,1.2352941
35,12,10243,00:00:00.9900000,29,335,1174,759815,773728,3323495,4097223,7519030,11616253,2.9894000513282837,4.686925495618199,0.41434094309806824,4,30,21,1.3809524
35,13,11081,00:00:01.6270000,39,571,2043,1311105,1347665,6849666,8197331,12626921,20824252,3.4478291212374295,7.730308984992472,0.46791180968284607,4,40,28,1.3928572
35,14,11893,00:00:02.7710000,43,1007,3680,2396861,2476932,13915830,16392762,20511775,36904537,4.271766698194013,8.332805636177197,0.3954025208950043,5,44,29,1.4827586
35,15,12651,00:00:04.6540000,35,1768,6410,4427042,4592699,28188799,32781498,32201964,64983462,5.099652996289622,4.483068091334315,0.4026677906513214,4,36,23,1.5217391
35,16,13415,00:00:07.9890000,32,3192,11572,7839838,8262662,57297502,65560164,51073727,116633891,5.723321323731434,3.012090791183306,0.5119274854660034,5,33,23,1.3913044
35,17,14229,00:00:14.3040000,40,5692,21123,13681286,14789773,116318456,131108229,83111314,214219543,6.351704072263383,3.7581692968832816,0.28943130373954773,5,41,32,1.25
35,18,15022,00:00:27.7820000,46,10846,39215,27062277,29222020,232929643,262151663,132560757,394712420,7.631971027419459,6.306280223017746,0.31719398498535156,4,47,35,1.3142858
35,19,15773,00:01:09.9360000,34,19898,72824,51608958,55622283,468856980,524479263,207262823,731742086,8.567208099803139,3.0795453473587853,0.29008936882019043,5,35,24,1.4166666
35,20,16575,00:02:43.2700000,46,37339,138486,88898074,99458351,949711538,1049169889,334440121,1383610010,9.122573319192494,2.6102548407475754,0.38160479068756104,4,47,38,1.2105263
36,0,2980,00:00:00.0780000,1,1,2,997,997,4,1001,5284,6285,1,1,0,0,1,1,0
36,1,3418,00:00:00.1000000,1,1,2,1840,1840,176,2016,11077,13093,1,1,0,0,1,1,0
36,2,3817,00:00:00.1340000,1,2,4,3379,3382,631,4013,20681,24694,1,1,0,0,1,1,0
36,3,4274,00:00:00.1460000,3,4,7,5987,5992,2012,8004,39975,47979,1.0043427426089861,1.0087318734307502,0,1,3,2,1
36,4,4831,00:00:00.1760000,4,6,13,10364,10372,5648,16020,81015,97035,1.015052103434967,1.0307049184799297,0.011928711086511612,1,4,3,1
36,5,5473,00:00:00.1970000,4,9,25,17739,17762,14296,32058,160331,192389,1.0550763853655787,1.118289867482651,0.046759992837905884,1,4,3,1
36,6,6141,00:00:00.2230000,6,12,38,30321,30343,33679,64022,297627,361649,1.1665512351175753,1.4177436932353804,0.11423325538635254,1,6,5,1
36,7,6841,00:00:00.2590000,6,18,67,51914,52059,76015,128074,535136,663210,1.4597988981777554,2.704675926760342,0.32447361946105957,1,6,5,1
36,8,7502,00:00:00.3080000,9,46,129,89409,90015,166104,256119,903823,1159942,1.7549799237213255,3.763666948270225,0.4782801866531372,2,9,7,1.1428572
36,9,8190,00:00:00.3850000,16,64,207,151563,152574,359725,512299,1529648,2041947,1.9499943917710787,3.432325679541694,0.5315229892730713,2,16,12,1.25
36,10,8952,00:00:00.5350000,25,108,368,253771,256470,767787,1024257,2648996,3673253,2.1355592246552995,4.060496839372277,0.518699586391449,2,25,20,1.2
36,11,9763,00:00:00.7980000,38,212,681,435350,441464,1607755,2049219,4566519,6615738,2.5250511083036637,8.901299916422602,0.5191836357116699,3,38,29,1.2758621
36,12,10568,00:00:01.1740000,45,341,1170,760278,776264,3320273,4096537,7622200,11718737,3.01813152557354,15.099571704523278,0.5310025811195374,3,46,34,1.3235294
36,13,11372,00:00:01.8160000,54,601,2058,1332293,1371330,6827411,8198741,12520432,20719173,3.564988332146157,12.841102287695056,0.5522608757019043,4,55,39,1.3846154
36,14,12185,00:00:03.0390000,56,1062,3687,2352789,2439495,13958076,16397571,20460429,36858000,4.175224382636947,9.76658062166989,0.48566630482673645,4,57,37,1.5135136
36,15,12956,00:00:05.1250000,42,1835,6466,4429884,4618378,28159992,32778370,32322857,65101227,5.163678552305207,4.710207439384439,0.2930995225906372,4,43,29,1.4482758
36,16,13687,00:00:09.5320000,34,3205,11633,8216887,8523984,57027600,65551584,50349048,115900632,5.936442961914896,2.0151563076831764,0.09413062781095505,4,35,28,1.2142857
36,17,14463,00:00:21.4630000,28,5852,21357,14298320,15107943,116069019,131176962,80931849,212108811,6.468784654420939,2.6600968192200827,0.07148662209510803,4,29,23,1.2173913
36,18,15308,00:00:49.7280000,51,10498,39547,24387104,26673502,235575358,262248860,134010700,396259560,6.977845298892398,3.090549387141181,0.16806593537330627,3,51,42,1.1904762
36,19,16215,00:01:47.5050000,89,19742,74668,42548035,48756204,475778541,524534745,224532851,749067596,7.7557514935766125,10.366590671977503,0.26045382022857666,5,90,70,1.2714286
36,20,17123,00:03:34.9330000,98,36999,141130,80913770,93605166,955529567,1049134733,367787498,1416922231,8.855758791118001,21.686323546973618,0.4527759552001953,4,99,69,1.4202899
37,0,2955,00:00:00.1370000,1,1,1,994,994,11,1005,5099,6104,1,1,0,0,1,1,0
37,1,3323,00:00:00.1700000,3,4,4,1846,1847,167,2014,9816,11830,1.0027085590465872,1.0054353406174839,0,1,3,2,1
37,2,3805,00:00:00.2300000,3,3,4,3308,3308,698,4006,21960,25966,1.0105804111245467,1.0214292988405644,0,1,3,2,1
37,3,4221,00:00:00.2420000,4,5,7,6041,6043,1962,8005,39360,47365,1.030127462340672,1.062319099915152,0.01238449290394783,1,4,3,1
37,4,4727,00:00:00.2560000,4,6,9,10415,10426,5588,16014,76627,92641,1.1060969755160825,1.2375775935554745,0.040488697588443756,1,4,3,1
37,5,5249,00:00:00.2730000,5,7,14,18162,18176,13845,32021,140997,173018,1.2923136218478142,1.7450359595798226,0.0751170665025711,1,5,4,1
37,6,5767,00:00:00.2930000,8,13,32,31635,31665,32451,64116,247494,311610,1.5525209419946262,2.2589695251582764,0.14387768507003784,2,8,6,1.1666666
37,7,6284,00:00:00.3210000,9,27,62,54303,54474,73624,128098,424365,552463,1.799292856748246,2.005367375165529,0.19817715883255005,2,9,7,1.1428572
37,8,6828,00:00:00.3640000,13,46,112,92900,93259,162784,256043,727851,983894,2.0195371367061354,1.9014477572578574,0.21797937154769897,3,13,10,1.2
37,9,7402,00:00:00.4280000,17,57,183,159240,160036,352032,512068,1249492,1761560,2.325408188897262,2.645948107693653,0.1945362240076065,3,17,12,1.3333334
37,10,7973,00:00:00.5140000,18,98,303,280540,282692,742019,1024711,2083870,3108581,2.8181328865758895,4.507999774049955,0.20290392637252808,3,18,13,1.3076923
37,11,8528,00:00:00.6900000,19,179,539,496277,501846,1548395,2050241,3395072,5445313,3.385024895370932,3.871568053013577,0.176692396402359,4,20,13,1.4615384
37,12,9099,00:00:00.9100000,18,296,944,861079,873286,3224896,4098182,5570283,9668465,3.7848118465320835,2.2725723790142642,0.14592917263507843,4,19,13,1.3846154
37,13,9737,00:00:01.3780000,21,557,1799,1452425,1482926,6710842,8193768,9479417,17673185,4.044942079625454,2.017340925412501,0.20709386467933655,4,21,14,1.4285715
37,14,10446,00:00:02.3290000,29,1009,3382,2488813,2574300,13822373,16396673,16369750,32766423,4.47726245402929,3.682496695320754,0.1906851828098297,5,30,23,1.2608696
37,15,11155,00:00:04.0980000,36,1758,6092,4588064,4794188,27988282,32782470,27299628,60082098,5.386232842436374,5.1597407254690975,0.226524218916893,5,37,29,1.2413793
37,16,11816,00:00:07.4470000,35,3300,11064,8902226,9263615,56329457,65593072,43550958,109144030,6.4830052618300185,4.938370481608963,0.11845366656780243,5,36,28,1.25
37,17,12445,00:00:17.5830000,31,5966,20103,16916413,17600875,113595625,131196500,68286541,199483041,7.432366719824114,5.038259184510756,0.13508158922195435,5,32,25,1.24
37,18,13107,00:00:39.1600000,35,10853,37246,29970206,31379068,231003948,262383016,109946146,372329162,7.97355046541889,3.552211190382661,0.27987486124038696,3,35,30,1.1333333
37,19,13844,00:01:25.1450000,54,20149,71039,50590606,55208087,469164782,524372869,183432824,707805693,8.46513301303408,6.159988530508365,0.28207656741142273,5,54,41,1.2926829
37,20,14641,00:02:57.0240000,74,38343,136359,88958260,101689008,947060541,1048749549,309487407,1358236956,9.29794610416166,17.419587560320632,0.49995914101600647,4,74,57,1.2807018
38,0,2260,00:00:00.0470000,1,1,1,997,997,7,1004,4769,5773,1,1,0,0,1,1,0
38,1,2585,00:00:00.0590000,1,1,1,1849,1849,160,2009,8953,10962,1,1,0,0,1,1,0
38,2,3004,00:00:00.0810000,1,1,1,3367,3367,635,4002,18962,22964,1,1,0,0,1,1,0
38,3,3436,00:00:00.0850000,1,1,1,6031,6031,1983,8014,36969,44983,1,1,0,0,1,1,0
38,4,3956,00:00:00.0910000,1,4,5,10438,10447,5570,16017,74916,90933,1,1,0,0,1,1,0
38,5,4603,00:00:00.1010000,2,5,18,17645,17656,14350,32006,155545,187551,1.001756871635024,1.003519866706032,0,1,2,1,1
38,6,5384,00:00:00.1160000,3,11,32,29707,29733,34341,64074,317715,381789,1.0119837075436766,1.0243284841165918,0.011088159866631031,1,3,2,1
38,7,6283,00:00:00.1530000,4,17,80,49522,49715,78335,128050,625815,753865,1.07939905496547,1.1756593791078642,0.055273447185754776,1,4,3,1
38,8,7218,00:00:00.1990000,12,39,143,84819,85143,170951,256094,1145569,1401663,1.3658024735023993,2.1494296041474676,0.16319355368614197,2,12,9,1.2222222
38,9,8053,00:00:00.2730000,15,70,266,148203,149295,363055,512350,1899235,2411585,1.817183187924671,3.6624132586828613,0.34216225147247314,2,15,11,1.2727273
38,10,8813,00:00:00.3800000,22,111,424,257895,259990,764329,1024319,3010998,4035317,2.2575040229550787,4.65722076627962,0.36331015825271606,3,22,17,1.2352941
38,11,9553,00:00:00.5460000,24,177,677,449297,454384,1594390,2048774,4759866,6808640,2.7067196086330423,4.691812314229509,0.37176841497421265,3,24,19,1.2105263
38,12,10315,00:00:00.8260000,25,317,1197,772473,786492,3310530,4097022,7658674,11755696,3.103488406714539,4.164808277162464,0.326118141412735,4,26,19,1.3157895
38,13,11101,00:00:01.3030000,29,582,2053,1347819,1381960,6811734,8193694,12446292,20639986,3.619822097774256,3.6092521301217206,0.24745556712150574,5,30,22,1.3181819
38,14,11878,00:00:02.1840000,30,993,3637,2419901,2512117,13880294,16392411,19995887,36388298,4.350296561718848,3.4399689115759027,0.13093121349811554,4,31,25,1.2
38,15,12602,00:00:03.6670000,34,1725,6343,4619180,4776622,27999004,32775626,31140673,63916299,5.369950077719422,4.417375691475087,0.09644701331853867,5,35,27,1.2592592
38,16,13271,00:00:06.0020000,25,3223,11345,8796732,9100298,56498763,65599061,47617165,113216226,6.347368090786442,3.4343095691015915,0.15631070733070374,5,26,17,1.4705882
38,17,13962,00:00:10.9260000,22,5821,20642,15378849,16168434,114989905,131158339,74890501,206048840,6.858488174245029,2.1434182025468047,0.2363341897726059,4,23,14,1.5714285
38,18,14739,00:00:33.2490000,46,10769,38923,25636777,28127922,234101468,262229390,123750451,385979841,7.298990937901437,2.8572688628012286,0.5100229978561401,5,47,34,1.3529412
38,19,15498,00:01:14.7830000,51,20662,72476,54002010,59294686,465496476,524791162,198652169,723443331,9.093188031334389,4.3678457440105225,0.3786962926387787,5,52,36,1.4166666
38,20,16162,00:02:24.8220000,27,38686,135041,108766784,116208138,932619506,1048827644,303784628,1352612272,10.120550820000341,2.3895757485376667,0.2878773808479309,5,28,18,1.5
3,0,2587,00:00:00.0340000,1,1,1,1001,1001,6,1007,5266,6273,1,1,0,0,1,1,0
3,1,2930,00:00:00.0540000,2,2,2,1831,1831,172,2003,9846,11849,1.0038230475150192,1.007675314226357,0,1,2,1,1
3,2,3339,00:00:00.0750000,1,1,2,3365,3365,641,4006,19715,23721,1,1,0,0,1,1,0
3,3,3813,00:00:00.0800000,2,5,8,5940,5946,2060,8006,39892,47898,1.0013468013468014,1.0026972810454364,0,1,2,1,1
3,4,4356,00:00:00.0880000,3,7,16,10318,10330,5680,16010,79871,95881,1.009207210699748,1.0186033064743796,0,1,3,2,1
3,5,5009,00:00:00.1090000,3,10,26,17640,17664,14367,32031,160963,192994,1.0273242630385488,1.0562088040338948,0.006969856563955545,1,3,2,1
3,6,5749,00:00:00.1250000,5,10,43,30020,30062,33989,64051,314049,378100,1.0986675549633578,1.2146185269684098,0.023758016526699066,2,5,3,1.3333334
3,7,6492,00:00:00.1470000,6,21,72,51356,51473,76586,128059,565776,693835,1.3643585949061454,1.9129181628086365,0.07966150343418121,2,6,4,1.25
3,8,7139,00:00:00.1770000,9,31,124,91432,91610,164488,256098,922907,1179005,1.9356133519993,3.0419953162568776,0.11148060113191605,3,9,6,1.3333334
3,9,7682,00:00:00.2130000,9,57,183,164217,164721,347960,512681,1412588,1925269,2.520421150063635,2.724973579047815,0.08891167491674423,3,9,6,1.3333334
3,10,8197,00:00:00.2680000,10,108,329,288747,290397,734271,1024668,2167777,3192445,3.0033662687404545,2.3289875571420073,0.06043076515197754,4,10,6,1.5
3,11,8724,00:00:00.3630000,12,165,562,503625,507132,1541292,2048424,3416497,5464921,3.4530632911392405,2.4026776568910027,0.033651262521743774,4,12,8,1.375
3,12,9279,00:00:00.5510000,12,320,1017,879248,888739,3211800,4100539,5529643,9630182,3.898748703437483,2.191486150400045,0.028182579204440117,3,12,9,1.2222222
3,13,9869,00:00:00.9040000,12,524,1742,1525330,1550737,6641697,8192434,9125145,17317579,4.33742009925721,2.535271331673465,0.058247264474630356,3,12,9,1.2222222
3,14,10508,00:00:01.5770000,21,1009,3198,2619397,2686076,13709658,16395734,15326987,31722721,4.7211801036650805,2.4013677783756577,0.08905066549777985,3,21,17,1.1764706
3,15,11229,00:00:02.9090000,35,1739,5918,4362402,4563657,28207428,32771085,26524787,59295872,5.005229458449725,2.121119263645769,0.2300521582365036,3,35,30,1.1333333
3,16,12045,00:00:05.7620000,72,3233,11160,7405072,7896717,57660322,65557039,46702676,112259715,5.425247316974096,4.346061203026049,0.30529239773750305,3,72,62,1.1451613
3,17,12916,00:00:11.5180000,97,5983,21238,12870514,14214207,116907022,131121229,80958493,212079722,6.1019748706228825,22.3350330633132,0.46302926540374756,4,98,73,1.3287672
3,18,13811,00:00:25.8870000,104,11039,40191,23130874,26187232,236117636,262304868,137007626,399312494,6.924264513308057,20.453007754933548,0.48933345079421997,5,105,75,1.3866667
3,19,14685,00:01:13.5260000,72,20100,74785,45871607,52156847,472425051,524581898,223700232,748282130,8.305113226140083,9.582340296543983,0.3991078734397888,5,73,47,1.531915
3,20,15453,00:02:34.3010000,35,37789,139688,98575895,106942256,941917974,1048860230,344723263,1393583493,9.658773678899898,2.695416945983731,0.12659449875354767,5,36,27,1.2962962
39,0,2762,00:00:00.0350000,1,1,1,1003,1003,5,1008,5097,6105,1,1,0,0,1,1,0
39,1,3127,00:00:00.0470000,1,1,1,1834,1834,167,2001,9920,11921,1,1,0,0,1,1,0
39,2,3550,00:00:00.0690000,1,3,3,3355,3357,651,4008,20139,24147,1,1,0,0,1,1,0
39,3,3986,00:00:00.0740000,2,4,6,5997,6001,2001,8002,38214,46216,1.0011672502918125,1.0023372003683124,0,1,2,1,1
39,4,4559,00:00:00.0820000,2,5,8,10254,10271,5745,16016,80370,96386,1.0078018334308563,1.0157253835658986,0,1,2,1,1
39,5,5216,00:00:00.0920000,5,8,17,17802,17807,14256,32063,161834,193897,1.0394337714863497,1.0827114529113788,0.022429227828979492,1,5,4,1
39,6,5916,00:00:00.1160000,6,15,34,30082,30127,33891,64018,306732,370750,1.1527491523170001,1.3680816185790379,0.08277911692857742,1,6,5,1
39,7,6629,00:00:00.1370000,6,25,67,51640,51863,76270,128133,549141,677274,1.4343725793958173,2.3887720263119365,0.25028735399246216,1,6,5,1
39,8,7297,00:00:00.1680000,11,39,113,89437,89879,166148,256027,921052,1177079,1.7473976094904793,2.8640482965937673,0.3535996377468109,2,11,9,1.1111112
39,9,7982,00:00:00.2170000,13,66,198,151674,152762,359637,512399,1543675,2056074,1.949562878278413,2.4735506530972033,0.39617720246315,2,13,11,1.0909091
39,10,8746,00:00:00.3090000,18,113,368,252652,255909,768920,1024829,2668814,3693643,2.156400899260643,2.9041904328985995,0.36954545974731445,2,18,13,1.3076923
39,11,9548,00:00:00.4900000,27,206,651,434204,442064,1606807,2048871,4565456,6614327,2.527424897052998,5.294447318796942,0.3406732678413391,3,27,21,1.2380953
39,12,10371,00:00:00.7940000,39,357,1185,746044,761512,3334697,4096209,7697582,11793791,2.8976910209049334,5.568801586798321,0.31573784351348877,3,40,30,1.3
39,13,11251,00:00:01.3580000,49,591,2098,1261177,1310497,6882211,8192708,13066336,21259044,3.269850306499405,7.44714484161507,0.3314666152000427,3,50,40,1.225
39,14,12165,00:00:02.4500000,67,1012,3781,2198079,2305295,14079585,16384880,21981626,38366506,3.7967507082320515,11.05047644670677,0.42250344157218933,4,68,53,1.264151
39,15,13108,00:00:04.5220000,71,1863,7012,3838242,4069750,28709326,32779076,36615287,69394363,4.343669575811009,15.535365209441995,0.5693800449371338,4,72,55,1.290909
39,16,14071,00:00:08.3880000,66,3225,12605,6725501,7291470,58244803,65536273,60339565,125875838,4.989679430573276,21.523572380767437,0.5561823844909668,4,67,44,1.5
39,17,15062,00:00:22.1220000,73,5737,23085,11970629,13193509,117956192,131149701,99279235,230428936,5.667506527852463,18.18887066845964,0.6350324153900146,4,74,50,1.46
39,18,16053,00:00:57.5930000,80,10528,42259,22607540,25195641,236993301,262188942,161083636,423272578,6.744451275990222,11.88523985032602,0.5545395016670227,4,81,56,1.4285715
39,19,16944,00:01:55.3150000,49,19807,77542,46201144,50313527,474033244,524346771,249609917,773956688,8.009152933529093,2.7783022895286753,0.22018489241600037,4,50,36,1.3611112
39,20,17836,00:03:42.4760000,50,36224,144358,84415471,93590255,955399715,1048989970,390604075,1439594045,8.800117978373892,6.574752840282382,0.26454684138298035,5,51,39,1.2820513
40,0,3560,00:00:00.0480000,1,1,3,996,996,7,1003,4966,5969,1,1,0,0,1,1,0
40,1,3960,00:00:00.0680000,1,3,5,1824,1826,179,2005,10316,12321,1,1,0,0,1,1,0
40,2,4349,00:00:00.0890000,2,2,6,3360,3360,647,4007,19609,23616,1.0068452380952382,1.0137841772199307,0,1,2,1,1
40,3,4838,00:00:00.0960000,3,5,11,5965,5972,2040,8012,40317,48329,1.0135792120704108,1.0275727268418153,0.007075794506818056,1,3,2,1
40,4,5375,00:00:00.1140000,4,6,14,10421,10429,5574,16003,79355,95358,1.0543134056232608,1.1160045179837952,0.03564765676856041,1,4,3,1
40,5,5952,00:00:00.1250000,6,12,27,17811,17844,14158,32002,151469,183471,1.1762394026163607,1.4237632726130225,0.09362385421991348,2,6,4,1.25
40,6,6518,00:00:00.1400000,8,21,46,31261,31368,32665,64033,266877,330910,1.4264099037138926,2.276205264545668,0.18687276542186737,2,8,6,1.1666666
40,7,7050,00:00:00.1610000,10,29,75,54536,54736,73402,128138,446863,575001,1.8378318908610827,3.6585729545317447,0.24207766354084015,2,10,8,1.125
40,8,7534,00:00:00.1840000,10,39,104,95751,96167,160189,256356,716016,972372,2.306148238660693,3.543290422552605,0.24561649560928345,2,10,8,1.125
40,9,8010,00:00:00.2180000,10,65,170,166854,167908,344313,512221,1148436,1660657,2.6519831709158908,2.236139596584372,0.21748386323451996,3,10,7,1.2857143
40,10,8533,00:00:00.2790000,12,111,317,281875,284546,739642,1024188,1919489,2943677,2.862148115299335,1.5705696097874522,0.17326949536800385,3,12,9,1.2222222
40,11,9138,00:00:00.3910000,15,194,564,471128,477132,1571590,2048722,3356936,5405658,3.0050028866889678,1.4179140083008739,0.14401297271251678,3,16,13,1.1538461
40,12,9840,00:00:00.6550000,21,342,1078,785504,803071,3296247,4099318,6036197,10135515,3.204468723265572,1.871315292465651,0.12002971023321152,4,22,17,1.2352941
40,13,10609,00:00:01.1750000,37,603,1961,1342690,1386757,6808711,8195468,10732465,18927933,3.6307777670199375,4.727962715387003,0.2169284075498581,3,37,32,1.125
40,14,11398,00:00:02.0390000,51,1025,3585,2375954,2476782,13921103,16397885,18417294,34815179,4.244328383461969,9.437032340611008,0.2692229449748993,4,52,42,1.2142857
40,15,12174,00:00:03.6620000,50,1903,6536,4307115,4527864,28247316,32775180,30385478,63160658,5.018808181346446,8.137381808157514,0.37417396903038025,4,50,38,1.2894737
40,16,12934,00:00:06.4280000,49,3346,11800,7983153,8424573,57125301,65549874,49095483,114645357,5.8710246440222305,5.082319311028436,0.23220476508140564,4,50,39,1.2564102
40,17,13694,00:00:11.3880000,49,5975,21376,14562167,15488752,115670821,131159573,78981159,210140732,6.638743945183434,4.3551654809468845,0.1796356737613678,4,50,42,1.1666666
40,18,14492,00:00:21.4650000,59,10647,39126,25641047,27878566,234273717,262152283,129065601,391217884,7.2710676752006265,5.406317831842974,0.17398104071617126,5,60,50,1.18
40,19,15334,00:01:02.8810000,74,19805,73649,45372083,51227635,473136619,524364254,213027897,737392151,8.049017542350876,14.3463101137542,0.2941834330558777,5,75,59,1.2542373
40,20,16184,00:02:32.1560000,85,37380,139150,86962304,99358318,949452801,1048811119,347030132,1395841251,9.237792377258081,11.101821170061248,0.4362182021141052,6,86,57,1.4912281
41,0,3066,00:00:00.0520000,1,1,1,998,998,6,1004,6202,7206,1,1,0,0,1,1,0
41,1,3419,00:00:00.0630000,2,3,5,1824,1825,178,2003,10819,12822,1.0016447368421053,1.0032948713629635,0,1,2,1,1
41,2,3852,00:00:00.0850000,2,2,6,3350,3350,653,4003,21512,25515,1.001492537313433,1.0029895753377203,0,1,2,1,1
41,3,4279,00:00:00.0900000,2,3,7,5990,5991,2026,8017,39549,47566,1.001168614357262,1.0023399486024864,0,1,2,1,1
41,4,4815,00:00:00.0960000,2,5,12,10309,10318,5696,16014,79710,95724,1.005044136191677,1.0101392093455723,0,1,2,1,1
41,5,5437,00:00:00.1060000,4,9,25,17646,17692,14312,32004,156722,188726,1.018531111866712,1.0379311222230607,0.014344556257128716,1,4,3,1
41,6,6168,00:00:00.1310000,9,15,41,29959,30010,34052,64062,307948,372010,1.0959644847958878,1.2193527980237182,0.06972327083349228,1,9,8,1
41,7,6928,00:00:00.1550000,15,23,68,51269,51327,76674,128001,566805,694806,1.3294583471493495,2.0743529768448745,0.20168475806713104,1,15,14,1
41,8,7637,00:00:00.1890000,17,36,122,88758,88946,167242,256188,960337,1216525,1.6858424029383268,4.141730995182228,0.4049610197544098,2,17,14,1.1428572
41,9,8335,00:00:00.2400000,21,60,216,152329,152783,359609,512392,1593459,2105851,1.9885379671631798,4.6207545420257885,0.5322195887565613,3,21,16,1.25
41,10,9002,00:00:00.3220000,22,110,365,272539,273826,750448,1024274,2564315,3588589,2.6346761380939974,5.896335359944027,0.5286685824394226,3,22,17,1.2352941
41,11,9555,00:00:00.4350000,18,181,602,505509,510707,1538538,2049245,3863617,5912862,3.508883125720808,2.1133769769289805,0.3427882790565491,4,18,12,1.4166666
41,12,10096,00:00:00.6180000,15,307,988,878559,890936,3205981,4096917,5927551,10024468,3.912502176860063,1.3367509431204236,0.1703205108642578,4,16,10,1.5
41,13,10712,00:00:00.9700000,16,559,1783,1470451,1505077,6695251,8200328,9706356,17906684,4.13386709247707,1.4528961362578445,0.06570623815059662,3,17,14,1.1428572
41,14,11407,00:00:01.7010000,30,968,3317,2490204,2573857,13816673,16390530,16459668,32850198,4.459922560561304,2.569898716840601,0.07601577788591385,4,31,27,1.1111112
41,15,12171,00:00:03.1500000,43,1741,6066,4234072,4471139,28300995,32772134,28298502,61070636,4.891330378888219,3.572183795475081,0.2954919934272766,2,43,38,1.1052631
41,16,12999,00:00:06.0420000,58,3251,11300,7311127,7892757,57696888,65589645,48750409,114340054,5.440499118672128,4.540988841906018,0.28764235973358154,3,58,46,1.2391304
41,17,13861,00:00:11.6160000,68,5965,21288,13103383,14337343,116747401,131084744,82630601,213715345,6.180289471810448,5.011613462913503,0.2704847753047943,4,68,56,1.1964285
41,18,14738,00:00:23.3620000,64,10867,40006,23935774,26586894,235672620,262259514,137525955,399785469,7.0172692138553785,5.922278546430147,0.2763832211494446,5,65,51,1.254902
41,19,15627,00:01:10.3080000,62,20006,75334,43808936,49534145,474983419,524517564,226199531,750717095,7.873619916265485,4.81210764943407,0.3073127269744873,5,63,49,1.2653061
41,20,16516,00:02:46.8820000,70,36875,141980,83909117,95793831,953579404,1049373235,366387418,1415760653,8.987353209782913,9.69902652821564,0.26921597123146057,5,71,50,1.4
42,0,3515,00:00:00.0430000,2,2,2,999,999,7,1006,5091,6097,1.015015015015015,1.0304807031394145,0,1,2,1,1
42,1,3838,00:00:00.0550000,2,2,3,1846,1846,157,2003,9439,11442,1.0319609967497292,1.0659606143747629,0,1,2,1,1
42,2,4306,00:00:00.0760000,3,3,4,3349,3349,658,4007,20820,24827,1.0376231710958495,1.0784335807764809,0.017432022839784622,1,3,2,1
42,3,4785,00:00:00.0910000,3,4,7,5979,5980,2048,8028,41293,49321,1.1025255059374477,1.2305237237245867,0.07215097546577454,1,3,2,1
42,4,5243,00:00:00.0970000,3,4,10,10529,10533,5484,16017,75051,91068,1.2496913287111786,1.6488329967461137,0.17252382636070251,1,3,2,1
42,5,5687,00:00:00.1040000,4,6,14,18568,18572,13429,32001,129555,161556,1.473287376130978,2.335289934762804,0.3414843678474426,2,4,2,1.5
42,6,6132,00:00:00.1120000,4,9,25,32059,32092,31944,64036,221429,285465,1.688636576312424,2.4810825481228966,0.5037854909896851,2,4,2,1.5
42,7,6618,00:00:00.1260000,6,23,51,54726,54879,73178,128057,387509,515566,1.8837481270328547,2.232008314889291,0.6208257079124451,2,6,3,1.6666666
42,8,7139,00:00:00.1480000,7,40,99,93666,94197,162089,256286,678744,935030,2.049633805222813,2.1654142719984493,0.6229473352432251,2,7,4,1.5
42,9,7710,00:00:00.1860000,11,61,179,158779,159951,352222,512173,1197148,1709321,2.2929921463165783,2.7066562384776347,0.5087829828262329,3,11,7,1.4285715
42,10,8308,00:00:00.2570000,16,114,322,273810,276707,747519,1024226,2073344,3097570,2.676896388006282,2.8821209799879184,0.33107468485832214,4,16,11,1.3636364
42,11,8910,00:00:00.3700000,20,176,567,482609,489174,1559408,2048582,3494240,5542822,3.2151016661521026,3.0431701504330766,0.19188246130943298,4,21,16,1.25
42,12,9474,00:00:00.5750000,19,293,991,887556,902067,3198189,4100256,5629860,9730116,4.043610769348638,3.6250433754625133,0.08801832795143127,5,20,14,1.3571428
42,13,10001,00:00:00.8970000,15,531,1749,1621601,1650132,6549980,8200112,8823561,17023673,4.764558605970272,2.3608207177538065,0.03484418988227844,5,16,11,1.3636364
42,14,10549,00:00:01.4720000,13,917,3056,2869802,2919971,13473934,16393905,14145797,30539702,5.270460122335966,2.354563277592515,0.044969551265239716,3,13,10,1.2
42,15,11151,00:00:02.4750000,16,1637,5569,4937345,5067048,27703547,32770595,23498767,56269362,5.6728798574942605,2.255044265101658,0.16151191294193268,3,16,12,1.25
42,16,11833,00:00:04.6700000,28,3098,10619,8262385,8677918,56860534,65538452,40399891,105938343,5.989443362903084,1.967753782246056,0.2149462103843689,3,28,24,1.125
42,17,12604,00:00:09.3640000,64,5733,20209,14029263,15106190,115966225,131072415,70799783,201872198,6.448875468369223,3.8431157869370134,0.2931017577648163,3,64,56,1.125
42,18,13429,00:00:19.9230000,79,10794,38507,24667138,27562213,234655584,262217797,122506103,384723900,7.219409564255083,14.891710994371937,0.47044190764427185,4,79,64,1.21875
42,19,14259,00:00:55.3080000,66,20317,73006,46295337,52378888,472043142,524422030,205085779,729507809,8.251596937289818,14.853957631283514,0.6333593130111694,5,67,48,1.375
42,20,15068,00:02:13.2380000,57,38034,138036,93627972,104028618,944575540,1048604158,332486409,1381090567,9.527874105828117,8.934475359466251,0.28589892387390137,6,58,39,1.4615384
43,0,2991,00:00:00.0580000,2,2,3,996,996,9,1005,5214,6219,1.001004016064257,1.0020100967208414,0,1,2,1,1
43,1,3370,00:00:00.0710000,2,2,4,1826,1826,176,2002,10364,12366,1.0093099671412924,1.0187932142329137,0,1,2,1,1
43,2,3762,00:00:00.0920000,2,2,4,3363,3363,656,4019,19844,23863,1.024085637823372,1.0493301056543438,0,1,2,1,1
43,3,4208,00:00:00.0980000,2,2,4,5980,5980,2034,8014,38973,46987,1.086789297658863,1.1883736941163687,0,1,2,1,1
43,4,4680,00:00:00.1040000,2,2,6,10567,10567,5445,16012,73243,89255,1.1859562789817355,1.434212213171866,0,1,2,1,1
43,5,5172,00:00:00.1190000,2,10,19,18286,18313,13703,32016,134039,166055,1.403149950782019,1.9276742052767637,0,1,2,1,1
43,6,5641,00:00:00.1290000,2,12,35,31763,31870,32137,64007,230390,294397,1.6178887384692882,1.8946731703047213,0,1,2,1,1
43,7,6144,00:00:00.1440000,5,16,60,54671,54775,73387,128162,401924,530086,1.8197033162005452,1.4633655611293672,0.007215201389044523,2,5,3,1.3333334
43,8,6694,00:00:00.1750000,6,25,94,92590,92799,163516,256315,709583,965898,1.9576196133491737,1.2455930165063387,0.029485976323485374,2,6,4,1.25
43,9,7323,00:00:00.2170000,7,62,194,154636,155332,356682,512014,1282939,1794953,2.095294756719005,1.3591444049877224,0.09514499455690384,2,7,5,1.2
43,10,8010,00:00:00.2960000,13,103,341,263393,265326,758787,1024113,2290510,3314623,2.386217553237937,2.354331230851922,0.2582651376724243,3,13,7,1.7142857
43,11,8706,00:00:00.4360000,17,185,599,459236,465269,1584764,2050033,3932812,5982845,2.849874574292956,5.077974108397996,0.4294517934322357,2,17,12,1.3333334
43,12,9395,00:00:00.6620000,23,314,1061,809401,820979,3275175,4096154,6547906,10644060,3.3912584738590636,7.957993893116763,0.46179935336112976,3,23,17,1.2941177
43,13,10095,00:00:01.1310000,29,571,1953,1417047,1445338,6752735,8198073,10819156,19017229,3.888000186302924,7.726309069872086,0.485373854637146,3,29,20,1.4
43,14,10830,00:00:01.9400000,32,1040,3536,2457535,2529042,13856544,16385586,17971370,34356956,4.3654344699058205,5.185449607380426,0.4190411865711212,3,33,22,1.4545455
43,15,11615,00:00:03.5220000,44,1794,6392,4227933,4408812,28381244,32790056,30124638,62914694,4.809609092670106,2.4605702716731455,0.3475349247455597,3,45,36,1.2222222
43,16,12477,00:00:06.6870000,65,3309,11779,7186622,7663172,57905388,65568560,51430742,116999302,5.250493068927237,2.9345402799514324,0.2504281997680664,4,66,54,1.2037038
43,17,13382,00:00:13.2590000,75,6003,21874,12600777,14027068,117084292,131111360,86967876,218079236,6.045740909469313,11.490413360916033,0.3754911720752716,4,76,62,1.2096775
43,18,14277,00:00:39.0630000,75,10700,40657,23607053,26296205,235938880,262235085,142953919,405189004,6.966600828998012,7.706587073643321,0.3835904598236084,4,76,58,1.2931035
43,19,15181,00:01:32.2990000,63,19884,76250,43184769,49014846,475440244,524455090,233092807,757547897,7.823498951679005,9.503943963958656,0.41873979568481445,4,64,46,1.3695652
43,20,16068,00:03:09.5680000,71,36864,142549,85594853,96976798,951961845,1048938643,372765485,1421704128,9.075647842984203,6.234367174343091,0.28818801045417786,5,72,55,1.290909
44,0,2553,00:00:00.0540000,2,2,2,1004,1004,3,1007,4418,5425,1.250996015936255,1.6025486796949595,0,1,2,1,1
44,1,2895,00:00:00.0650000,2,2,2,1873,1873,135,2008,9185,11193,1.4431393486385478,1.974465286494606,0,1,2,1,1
44,2,3124,00:00:00.0680000,3,3,4,3457,3457,553,4010,14628,18638,1.5883714203066241,1.9471061219254058,0.017077606171369553,1,3,2,1
44,3,3370,00:00:00.0960000,2,3,4,6221,6227,1787,8014,24944,32958,1.680597974602154,1.7691873995137328,0,1,2,1,1
44,4,3647,00:00:00.0990000,2,5,7,11091,11098,4921,16019,45023,61042,1.8022721125236678,1.4646930477956408,0,1,2,1,1
44,5,3965,00:00:00.1030000,2,5,11,19177,19187,12834,32021,84805,116826,1.8839234499661053,1.25818691480797,0,1,2,1,1
44,6,4336,00:00:00.1100000,2,10,24,32881,32935,31115,64050,162287,226337,1.9439798059669717,1.1182728731139906,0,1,2,1,1
44,7,4768,00:00:00.1200000,2,18,48,55499,55739,72286,128025,310403,438428,1.975639200706319,1.0499069663800218,0,1,2,1,1
44,8,5287,00:00:00.1390000,7,30,89,92714,93070,163013,256083,602739,858822,2.0059430075285287,1.045446250269028,0.012738168239593506,2,7,5,1.2
44,9,5906,00:00:00.1770000,11,51,171,154349,155121,357132,512253,1166348,1678601,2.0580632203642395,1.1414017990390815,0.05086856707930565,2,11,9,1.1111112
44,10,6629,00:00:00.2600000,17,92,339,258512,260562,763785,1024347,2228242,3252589,2.240050751996039,1.6994563577008643,0.17623662948608398,1,17,16,1
44,11,7401,00:00:00.4100000,23,179,620,441207,446849,1601514,2048363,4053472,6101835,2.5958065035232893,4.356011918746992,0.40899327397346497,2,23,21,1.0476191
44,12,8209,00:00:00.7080000,36,339,1143,753336,766778,3330229,4097007,7131460,11228467,2.925750262830928,7.224312165216817,0.5742611289024353,3,36,30,1.1666666
44,13,9069,00:00:01.2750000,46,590,2130,1300965,1336260,6859063,8195323,12370216,20565539,3.409239295446073,9.989679993066861,0.5861077904701233,3,46,37,1.2162162
44,14,9858,00:00:02.1810000,44,1075,3710,2439005,2533695,13857144,16390839,19997856,36388695,4.413906080553341,3.2382080776030526,0.29576969146728516,4,44,31,1.3870968
44,15,10605,00:00:03.7660000,42,1873,6561,4362497,4555488,28225253,32780741,31554638,64335379,5.026847697545694,1.8590750141806127,0.12384022027254105,3,43,32,1.3125
44,16,11404,00:00:06.6770000,42,3205,11663,7500926,8033533,57529621,65563154,51293596,116856750,5.5445556988563816,3.4036299627118507,0.10107837617397308,4,43,35,1.2
44,17,12245,00:00:12.2430000,70,5909,21690,13347898,14551911,116550707,131102618,84355051,215457669,6.252221960341621,7.637466522694116,0.2706664204597473,4,71,55,1.2727273
44,18,13091,00:00:22.7630000,78,10853,39965,24818002,27404084,234828652,262232736,137269446,399502182,7.207074364809866,13.596472713226357,0.3169125020503998,5,79,50,1.56
44,19,13932,00:00:57.7940000,67,19822,74323,46297920,51692822,472768748,524461570,221016587,745478157,8.152675822153565,8.858766463300624,0.3070579767227173,5,68,47,1.4255319
44,20,14757,00:02:18.0320000,56,37468,139770,90693686,101238465,947744435,1048982900,351076433,1400059333,9.3240941712304,12.187029952219223,0.308679461479187,5,57,38,1.4736842
45,0,4609,00:00:00.1410000,1,1,1,999,999,7,1006,4494,5500,1,1,0,0,1,1,0
45,1,4996,00:00:00.1610000,2,2,2,1834,1834,168,2002,9401,11403,1.0038167938931297,1.0076627015912574,0,1,2,1,1
45,2,5439,00:00:00.1950000,2,5,6,3329,3334,674,4008,20315,24323,1.0105136677680986,1.0212483508010692,0,1,2,1,1
45,3,5896,00:00:00.2060000,3,6,8,5939,5949,2058,8007,39960,47967,1.0279508334736487,1.0576137584075707,0.011022461578249931,1,3,2,1
45,4,6407,00:00:00.2340000,5,8,13,10471,10487,5540,16027,77615,93642,1.0742049469964665,1.162344890357949,0.0421806238591671,1,5,4,1
45,5,6964,00:00:00.2510000,7,14,27,18066,18088,13922,32010,146337,178347,1.2160965349274881,1.5695299480311604,0.12352628260850906,1,7,6,1
45,6,7539,00:00:00.2730000,8,14,32,30927,30997,33007,64004,265789,329793,1.454230930901801,2.503824641850589,0.23862877488136292,1,8,7,1
45,7,8085,00:00:00.2980000,9,22,55,53634,53788,74290,128078,451325,579403,1.714024685833613,2.9844473038219332,0.36841636896133423,2,9,7,1.1428572
45,8,8663,00:00:00.3330000,11,45,112,91755,92193,163880,256073,773173,1029246,1.8915699416925509,2.5129196749716862,0.4307342767715454,2,11,8,1.25
45,9,9316,00:00:00.3960000,17,66,208,153088,153867,358458,512325,1368134,1880459,2.004441889632107,2.3198230908897113,0.453006774187088,2,17,14,1.1428572
45,10,10062,00:00:00.5440000,25,105,358,255354,257863,766315,1024178,2466238,3490416,2.1788340891468314,2.9497593329983833,0.44678059220314026,2,25,21,1.1428572
45,11,10857,00:00:00.7580000,35,195,658,436264,442866,1605706,2048572,4345775,6394347,2.537433755707553,5.599303912893198,0.4502426087856293,3,35,28,1.2142857
45,12,11680,00:00:01.1590000,43,337,1162,745560,764775,3333521,4098296,7478910,11577206,2.905342293041472,6.0558220140072665,0.5112234354019165,4,44,32,1.34375
45,13,12544,00:00:01.8810000,56,608,2117,1287575,1332314,6865770,8198084,12745985,20944069,3.3840250082519465,9.12978071266088,0.5117931962013245,4,57,44,1.2727273
45,14,13355,00:00:03.1070000,46,1047,3711,2380682,2495433,13900795,16396228,20608327,37004555,4.3245830396499825,4.908377290178928,0.37377822399139404,5,47,36,1.2777778
45,15,14129,00:00:05.1570000,39,1801,6541,4250487,4456799,28325690,32782489,32583742,65366231,4.89273182108309,1.9998689576846511,0.23796433210372925,4,40,28,1.3928572
45,16,14981,00:00:09.2470000,51,3166,11846,7241035,7683074,57887234,65570308,53661294,119231602,5.27034256843117,2.675118880808091,0.15423502027988434,4,52,43,1.1860465
45,17,15900,00:00:24.0800000,63,5788,22056,12444419,13751643,117394414,131146057,89813801,220959858,5.900092483224809,8.951182005971303,0.33657267689704895,4,64,52,1.2115384
45,18,16836,00:00:57.7000000,81,10761,40965,22704516,25599430,236624699,262224129,148352930,410577059,6.795618898020112,12.5524593539736,0.32940149307250977,4,82,66,1.2272727
45,19,17757,00:01:56.4130000,61,19979,76560,43066253,48963220,475380865,524344085,240027403,764371488,7.860357342906057,12.987066219487534,0.43435317277908325,4,62,44,1.3863636
45,20,18592,00:03:41.2480000,48,37651,142378,94730962,103908234,944927565,1048835799,371042957,1419878756,9.524412176876236,3.3064257423419443,0.3562314212322235,4,49,34,1.4117647
46,0,3378,00:00:00.0750000,1,1,1,996,996,10,1006,5212,6218,1,1,0,0,1,1,0
46,1,3715,00:00:00.0930000,1,1,1,1842,1842,165,2007,9682,11689,1,1,0,0,1,1,0
46,2,4191,00:00:00.1280000,1,1,3,3319,3319,683,4002,21495,25497,1,1,0,0,1,1,0
46,3,4662,00:00:00.1390000,1,2,6,5948,5950,2065,8015,41656,49671,1,1,0,0,1,1,0
46,4,5210,00:00:00.1530000,3,6,13,10365,10369,5638,16007,81836,97843,1.0068499758803666,1.0138082717189987,0,1,3,2,1
46,5,5836,00:00:00.1870000,4,6,19,17737,17747,14291,32038,159413,191451,1.0165755200992277,1.0338124115380927,0.008672060444951057,1,4,3,1
46,6,6573,00:00:00.2170000,6,11,38,29940,29977,34058,64035,312185,376220,1.1089512358049431,1.235151435617068,0.06965861469507217,2,6,4,1.25
46,7,7305,00:00:00.2610000,7,26,71,52122,52236,75897,128133,559730,687863,1.4638540347645908,2.215798087316919,0.23888885974884033,2,7,5,1.2
46,8,7875,00:00:00.3130000,8,32,107,93806,94137,161977,256114,873862,1129976,2.147240048610963,3.3445831085226763,0.4306112229824066,2,8,5,1.4
46,9,8370,00:00:00.3650000,10,55,177,166133,166942,345195,512137,1322112,1834249,2.6458018575478683,1.8866392561196939,0.3841875195503235,3,10,6,1.5
46,10,8892,00:00:00.4380000,13,102,304,283998,285762,738971,1024733,2091685,3116418,2.889587250614441,1.3218672781444842,0.2285449355840683,3,13,9,1.3333334
46,11,9487,00:00:00.5310000,18,171,547,474043,479365,1568892,2048257,3505684,5553941,3.030199792001991,1.262576066085452,0.12426920980215073,3,18,14,1.2142857
46,12,10178,00:00:00.7640000,22,312,991,791682,808372,3291125,4099497,6142489,10241986,3.259624445168641,1.832861266929153,0.1036042720079422,3,23,19,1.1578947
46,13,10925,00:00:01.1860000,33,567,1876,1363669,1407192,6788360,8195552,10704654,18900206,3.7273803246975623,5.211227544238433,0.15782171487808228,3,34,29,1.137931
46,14,11681,00:00:02.0620000,38,966,3404,2416215,2523923,13874002,16397925,18051126,34449051,4.368876527957984,5.5265154135587515,0.32747769355773926,3,38,31,1.1935484
46,15,12446,00:00:03.5350000,36,1808,6190,4279473,4507388,28276513,32783901,29884788,62668689,4.972760898362953,2.920550331560093,0.20158836245536804,3,36,29,1.2068965
46,16,13248,00:00:06.3770000,41,3162,11440,7589889,8041735,57542635,65584370,49694965,115279335,5.567917659928887,3.6682068958723804,0.1415076106786728,4,42,34,1.2058823
46,17,14096,00:00:12.0520000,50,5945,21597,13322927,14387788,116749387,131137175,83069689,214206864,6.178437365903153,4.5762727956930025,0.19902491569519043,4,51,42,1.1904762
46,18,14968,00:00:25.5650000,62,10798,40305,24412664,26847789,235462427,262310216,137630881,399941097,7.081567583119974,9.672079380871264,0.3646410405635834,4,62,48,1.2708334
46,19,15840,00:00:54.6060000,55,19583,74840,44349167,49913107,474421454,524334561,224658187,748992748,7.908884534403994,3.7992389051827504,0.3442605435848236,4,56,42,1.3095238
46,20,16752,00:02:29.3170000,75,36848,141986,79310434,92009073,957050581,1049059654,368772443,1417832097,8.690229913506714,8.585932525365457,0.3603801131248474,5,76,57,1.3157895
47,0,2617,00:00:00.0330000,2,2,2,998,998,6,1004,5639,6643,1.003006012024048,1.0060301545140058,0,1,2,1,1
47,1,2977,00:00:00.0450000,2,3,3,1832,1833,170,2003,10409,12412,1.0049126637554586,1.0098736153485612,0,1,2,1,1
47,2,3331,00:00:00.0640000,2,2,4,3378,3378,623,4001,18893,22894,1.0097690941385435,1.0197289966716894,0,1,2,1,1
47,3,3851,00:00:00.0700000,2,2,6,5933,5933,2068,8001,41108,49109,1.0155064891286028,1.0314936773884738,0,1,2,1,1
47,4,4417,00:00:00.0770000,2,2,8,10325,10325,5676,16001,83368,99369,1.0591767554479419,1.1253020589467573,0,1,2,1,1
47,5,4981,00:00:00.0840000,2,4,14,18106,18115,13894,32009,152645,184654,1.1843035457859272,1.4299430640939697,0,1,2,1,1
47,6,5543,00:00:00.0930000,4,9,23,31092,31111,32920,64031,268445,332476,1.4273124919593465,1.9774410036196461,0.013130527921020985,2,4,2,1.5
47,7,6092,00:00:00.1150000,7,13,42,53917,53953,74134,128087,455821,583908,1.7508577999517778,1.9746821645026447,0.025209538638591766,2,7,5,1.2
47,8,6626,00:00:00.1320000,7,25,74,93875,94046,162204,256250,753534,1009784,2.0857736351531293,1.9464231169166,0.04031427577137947,2,7,5,1.2
47,9,7174,00:00:00.1600000,8,48,140,161763,162298,350292,512590,1249586,1762176,2.4207513461051042,2.355064405241677,0.060929860919713974,2,8,6,1.1666666
47,10,7742,00:00:00.2170000,9,105,268,278443,280254,744269,1024523,2083692,3108215,2.7195296703454566,2.0436408136414435,0.08949803560972214,2,9,7,1.1428572
47,11,8376,00:00:00.3260000,11,185,524,464093,471013,1578679,2049692,3588886,5638578,2.9049414664733146,1.562407397389893,0.21976228058338165,2,11,9,1.1111112
47,12,9116,00:00:00.5910000,30,292,992,768580,782192,3315058,4097250,6416400,10513650,3.0528533139035625,1.5693705383577379,0.22651515901088715,2,30,27,1.074074
47,13,9956,00:00:01.1230000,48,560,1930,1291439,1334863,6863096,8197959,11545175,19743134,3.3673638476149472,2.9885402154010148,0.29086068272590637,3,48,41,1.1463414
47,14,10826,00:00:02.0880000,64,1021,3603,2258535,2371849,14013891,16385740,20028687,36414427,3.9707093314914315,12.9766200607777,0.4026027321815491,3,65,51,1.254902
47,15,11686,00:00:03.8770000,69,1834,6595,4014990,4273648,28508439,32782087,33318990,66101077,4.6527582883145415,9.5718875070481,0.37629440426826477,4,70,48,1.4375
47,16,12565,00:00:07.0910000,64,3198,12079,7087109,7658963,57880829,65539792,54995545,120535337,5.284098777089501,8.191468121916712,0.3090083599090576,5,65,44,1.4545455
47,17,13462,00:00:13.0490000,64,5822,22266,13048117,14112846,117017825,131130671,90207194,221337865,6.09798218394271,10.818648211638779,0.42568957805633545,4,65,48,1.3333334
47,18,14340,00:00:25.5920000,54,10520,40646,24613983,26855595,235454035,262309630,145080499,407390129,7.101658354115219,11.21354048763904,0.35977107286453247,5,55,38,1.4210526
47,19,15206,00:01:05.0690000,46,19877,75959,45872000,50463984,474081403,524545387,231414009,755959396,7.9840579656435295,7.536794180634965,0.3684556782245636,5,47,32,1.4375
47,20,16090,00:02:22.4410000,63,36396,142300,83578994,94613935,954579647,1049193582,371088396,1420281978,8.8623207525087,12.26813683519252,0.3389590382575989,4,64,48,1.3125
48,0,3672,00:00:00.0810000,1,1,1,995,995,8,1003,5941,6944,1,1,0,0,1,1,0
48,1,4110,00:00:00.0960000,1,1,1,1836,1836,169,2005,11827,13832,1,1,0,0,1,1,0
48,2,4535,00:00:00.1230000,1,2,2,3357,3359,644,4003,22110,26113,1,1,0,0,1,1,0
48,3,5015,00:00:00.1290000,2,4,4,5959,5961,2040,8001,42370,50371,1.0016781339150864,1.0033618503231683,0,1,2,1,1
48,4,5556,00:00:00.1390000,3,4,4,10310,10312,5703,16015,82133,98148,1.0049466537342386,1.0099544785931336,0,1,3,2,1
48,5,6176,00:00:00.1610000,5,5,8,17770,17770,14243,32013,159083,191096,1.0277996623522792,1.0576512549858526,0.019506024196743965,1,5,4,1
48,6,6893,00:00:00.1770000,5,12,24,30072,30126,33887,64013,306911,370924,1.1306530992285182,1.3101760905713253,0.09376931190490723,1,5,4,1
48,7,7608,00:00:00.2040000,7,27,60,51564,51812,76235,128047,549221,677268,1.3891474672251958,2.2679467041257326,0.21938681602478027,1,7,6,1
48,8,8304,00:00:00.2460000,10,38,112,89146,89654,166511,256165,936287,1192452,1.7113947905682811,3.2783630058681865,0.3554272949695587,2,10,8,1.125
48,9,9009,00:00:00.3150000,16,80,208,150656,151627,360462,512089,1577802,2089891,1.917680012744265,2.834860524113058,0.4032612442970276,2,16,13,1.1538461
48,10,9793,00:00:00.4640000,22,157,401,250386,254614,769803,1024417,2731111,3755528,2.0814742038292877,2.9641834542822636,0.40001270174980164,3,22,18,1.1666666
48,11,10617,00:00:00.7050000,39,217,669,432960,443153,1605100,2048253,4675356,6723609,2.5557118440502586,5.845571690652112,0.3346063196659088,3,39,33,1.1515151
48,12,11348,00:00:01.0690000,37,370,1176,794003,818743,3281333,4100076,7437233,11537309,3.383320969820013,4.99455993578887,0.2982577383518219,3,38,30,1.2333333
48,13,12049,00:00:01.6180000,37,589,2023,1395705,1438095,6760165,8198260,11720088,19918348,3.855510297663188,2.5149291746937785,0.23710021376609802,4,38,26,1.4230769
48,14,12828,00:00:02.7320000,40,1072,3646,2347989,2436192,13952110,16388302,19358914,35747216,4.120203288856975,2.5732695340585763,0.281954288482666,3,41,32,1.25
48,15,13686,00:00:05.0240000,54,1812,6570,4002909,4229747,28560156,32789903,32625674,65415577,4.56681753194989,6.76258296401642,0.31969746947288513,4,55,42,1.2857143
48,16,14580,00:00:09.3240000,67,3214,12082,7042065,7631382,57929952,65561334,54652007,120213341,5.2452871423368,18.980131310851625,0.47990307211875916,4,68,50,1.34
48,17,15468,00:00:25.8230000,69,5902,22262,13022855,14271446,116862115,131133561,89482202,220615763,6.168991899241756,12.179725735789866,0.4152899980545044,4,70,47,1.468085
48,18,16342,00:00:59.9950000,54,10616,40669,24146538,26603612,235614559,262218171,144188701,406406872,7.029808621012254,6.830083740931618,0.41273823380470276,4,55,39,1.3846154
48,19,17244,00:02:02.3750000,69,19518,75860,43706993,48588486,475997916,524586402,234258666,758845068,7.735777682074811,8.496798771842483,0.39453205466270447,4,70,53,1.3018868
48,20,18192,00:04:06.2070000,90,36524,143569,76484396,89672415,959117439,1048789854,384114784,1432904638,8.551170842742877,14.421588653455757,0.4577767252922058,4,91,70,1.2857143
4,0,2427,00:00:00.0310000,1,1,1,991,991,12,1003,5922,6925,1,1,0,0,1,1,0
4,1,2854,00:00:00.0430000,1,1,2,1833,1833,168,2001,11693,13694,1,1,0,0,1,1,0
4,2,3295,00:00:00.0630000,1,2,4,3335,3336,669,4005,22465,26470,1,1,0,0,1,1,0
4,3,3744,00:00:00.0690000,1,3,8,5946,5952,2053,8005,41472,49477,1,1,0,0,1,1,0
4,4,4273,00:00:00.0750000,1,3,12,10425,10432,5609,16041,80132,96173,1,1,0,0,1,1,0
4,5,4893,00:00:00.0850000,4,7,20,17604,17609,14392,32001,157670,189671,1.007157464212679,1.014452456412172,0,1,4,3,1
4,6,5678,00:00:00.1110000,5,14,41,29715,29791,34266,64057,320894,384951,1.0371193000168266,1.0780776756531438,0.031436607241630554,1,5,4,1
4,7,6519,00:00:00.1410000,11,27,91,50638,50798,77317,128115,606593,734708,1.1936885343023027,1.4807990425773994,0.12508125603199005,2,11,9,1.1111112
4,8,7266,00:00:00.1840000,14,48,156,88991,89387,166635,256022,1018328,1274350,1.7160836489083167,3.8859530058388234,0.2685095965862274,2,14,12,1.0833334
4,9,7865,00:00:00.2380000,19,74,246,160042,161146,351469,512615,1557473,2070088,2.3840304420089726,3.463552956778734,0.26558881998062134,3,19,14,1.2857143
4,10,8420,00:00:00.3110000,24,115,381,281033,283301,741161,1024462,2371424,3395886,2.814726384445955,1.8991432974187614,0.1716366559267044,3,24,19,1.2105263
4,11,9012,00:00:00.4510000,23,196,635,477636,484681,1564328,2049009,3776925,5825934,3.126112772069107,1.8516197451046537,0.11593049764633179,3,23,18,1.2222222
4,12,9654,00:00:00.6810000,28,343,1084,822307,837020,3259839,4096859,6220468,10317327,3.4956384902475595,3.2630011023214753,0.11427269876003265,4,29,22,1.2727273
4,13,10343,00:00:01.0840000,26,548,1866,1401668,1448628,6747047,8195675,10431207,18626882,3.8930395785592595,4.868192911328303,0.21097904443740845,3,27,23,1.1304348
4,14,11081,00:00:01.8500000,40,1028,3429,2427299,2524574,13867290,16391864,17615168,34007032,4.355051849813311,7.241495365191233,0.4241492748260498,3,40,34,1.1470588
4,15,11848,00:00:03.3680000,48,1879,6249,4277190,4517773,28261334,32779107,29471210,62250317,4.981350606356042,9.943026748674157,0.37473294138908386,4,48,38,1.2368422
4,16,12628,00:00:06.1500000,53,3324,11410,7718508,8241498,57319734,65561232,48701069,114262301,5.730706633976411,6.453293636761545,0.4617052674293518,4,54,39,1.3589743
4,17,13424,00:00:11.3180000,43,6002,21081,13926069,15025329,116113271,131138600,80004020,211142620,6.459048924718095,6.6102853595475946,0.63091641664505,4,44,32,1.34375
4,18,14258,00:00:22.9680000,56,10957,39624,24703532,27166997,235129389,262296386,132328244,394624630,7.126112776100195,7.575341107133128,0.4896126687526703,4,57,41,1.3658537
4,19,15115,00:01:08.9540000,75,20059,74416,45691671,51308319,473149432,524457751,217626879,742084630,8.092899360148154,12.760026115182677,0.45071205496788025,5,76,55,1.3636364
4,20,15963,00:02:42.3530000,73,37499,140568,86241922,97555312,951662319,1049217631,351564967,1400782598,9.065633323895542,10.700668674656434,0.339437335729599,4,74,57,1.2807018
49,0,3091,00:00:00.0390000,1,1,2,995,995,6,1001,5244,6245,1,1,0,0,1,1,0
49,1,3415,00:00:00.0490000,1,1,2,1845,1845,161,2006,9497,11503,1,1,0,0,1,1,0
49,2,3823,00:00:00.0690000,1,2,4,3364,3365,652,4017,19347,23364,1,1,0,0,1,1,0
49,3,4294,00:00:00.0750000,2,2,5,5975,5975,2035,8010,39355,47365,1.0040167364016737,1.0080657818142036,0,1,2,1,1
49,4,4837,00:00:00.0820000,3,4,10,10382,10387,5627,16014,78932,94946,1.0132922365632826,1.0269738512880964,0.003593978239223361,1,3,2,1
49,5,5482,00:00:00.1020000,4,10,23,17587,17605,14429,32034,159724,191758,1.0588502871439132,1.126410582255106,0.03793865814805031,1,4,3,1
49,6,6146,00:00:00.1170000,9,15,41,30483,30513,33529,64042,296413,360455,1.227897516648624,1.593534636209694,0.1023084819316864,2,9,7,1.1428572
49,7,6781,00:00:00.1380000,10,24,64,52949,53160,74994,128154,511592,639746,1.5769325199720485,2.8942536629340796,0.25142309069633484,2,10,7,1.2857143
49,8,7364,00:00:00.1630000,11,37,105,92518,92827,163405,256232,835710,1091942,1.9844895047450226,3.802720523360821,0.30722150206565857,2,11,8,1.25
49,9,7916,00:00:00.2020000,14,67,193,161757,162363,349682,512045,1334785,1846830,2.4227081362784917,3.5081897170420397,0.27266520261764526,3,14,10,1.3
49,10,8477,00:00:00.2650000,15,95,306,279358,281040,743962,1025002,2160124,3185126,2.783585936325432,2.4344135453893463,0.2051624059677124,3,15,11,1.2727273
49,11,9077,00:00:00.3740000,17,182,573,477732,483217,1566831,2050048,3581067,5631115,3.095235403950332,2.339760287087309,0.1673268973827362,3,17,13,1.2307693
49,12,9723,00:00:00.6060000,21,340,1018,822033,835205,3264432,4099637,6040788,10140425,3.476237571970955,3.4978540697496587,0.16607916355133057,4,22,17,1.2352941
49,13,10418,00:00:01.0520000,25,592,1898,1401813,1439016,6756507,8195523,10291929,18487452,3.8572741157344095,3.8113174044654117,0.17889352142810822,4,26,20,1.25
49,14,11174,00:00:01.8540000,35,951,3343,2399403,2490097,13907509,16397606,17662806,34060412,4.260749861528055,4.768487051714083,0.22723525762557983,4,36,30,1.1666666
49,15,11979,00:00:03.4170000,50,1776,6288,4158729,4372907,28405404,32778311,30118064,62896375,4.762379323105689,6.111970105715928,0.21318544447422028,4,51,43,1.1627907
49,16,12832,00:00:06.5080000,68,3106,11569,7298297,7803390,57737965,65541355,51161335,116702690,5.393131849800029,8.256509278785808,0.34614691138267517,4,69,52,1.3076923
49,17,13671,00:00:11.9940000,65,5840,21482,13822169,14861819,116229566,131091385,84036563,215127948,6.427112416292985,10.06161294740471,0.2983034551143646,5,66,45,1.4444444
49,18,14486,00:00:23.0880000,51,10639,39579,25835394,27977613,234273681,262251294,135046833,397298127,7.324820825260106,7.269657364891733,0.3981752097606659,5,52,34,1.5
49,19,15286,00:00:52.2230000,54,19893,74037,49981962,54339735,470043224,524382959,214506123,738889082,8.456655683104236,6.863328797775261,0.4077448844909668,5,55,39,1.3846154
49,20,16055,00:02:05.1630000,51,37336,138630,96784958,105283431,943795011,1049078442,336012908,1385091350,9.52399493731247,6.35578510172392,0.34171661734580994,4,52,38,1.3421053
5,0,2507,00:00:00.0360000,1,1,2,1002,1002,4,1006,5062,6068,1,1,0,0,1,1,0
5,1,2862,00:00:00.0470000,1,1,3,1828,1828,173,2001,9846,11847,1,1,0,0,1,1,0
5,2,3262,00:00:00.0680000,2,2,6,3353,3353,654,4007,19527,23534,1.0062630480167014,1.0126046009360927,0,1,2,1,1
5,3,3726,00:00:00.0750000,3,4,8,5963,5968,2039,8007,39519,47526,1.018447090390743,1.0376293591235224,0.007428244687616825,1,3,2,1
5,4,4248,00:00:00.0940000,4,8,17,10458,10472,5544,16016,77820,93836,1.080225664563014,1.1754111208510134,0.037193525582551956,1,4,3,1
5,5,4804,00:00:00.1040000,5,8,24,18012,18029,14022,32051,146772,178823,1.2090828336664445,1.5220590856994523,0.08870475739240646,1,5,4,1
5,6,5365,00:00:00.1170000,6,11,38,31158,31174,32901,64075,262277,326352,1.4434174208870916,2.1997653206161885,0.15713444352149963,1,6,5,1
5,7,5919,00:00:00.1330000,7,18,58,53564,53666,74342,128008,451153,579161,1.6987342244791277,2.2880633200565086,0.2624870240688324,2,7,5,1.2
5,8,6497,00:00:00.1580000,9,33,103,91066,91264,164931,256195,774754,1030949,1.8792853534798937,1.8088548586353705,0.29387167096138,2,9,7,1.1428572
5,9,7152,00:00:00.2050000,12,60,191,152534,153341,358941,512282,1371733,1884015,2.001429189557738,1.6387832949660128,0.3075498342514038,3,12,9,1.2222222
5,10,7884,00:00:00.2910000,21,96,338,258754,261050,763260,1024310,2447685,3471995,2.278357049552857,2.2556949330994303,0.25227540731430054,3,21,17,1.1764706
5,11,8545,00:00:00.4420000,22,190,611,478359,486171,1563295,2049466,3995051,6044517,3.1896525412922094,3.7122680089357214,0.2171797901391983,4,22,16,1.3125
5,12,9112,00:00:00.6390000,22,318,1032,874981,889884,3208101,4097985,6145721,10243706,3.9359380375116717,2.243923621616266,0.19474665820598602,5,23,15,1.4666667
5,13,9688,00:00:00.9860000,20,559,1792,1540510,1570994,6624344,8195338,9648949,17844287,4.4267028451616675,2.574437928168785,0.5193189978599548,4,20,13,1.4615384
5,14,10296,00:00:01.6230000,23,1023,3289,2705767,2776444,13609508,16385952,15541733,31927685,4.958377421263545,3.063537991676173,0.30614200234413147,4,24,19,1.2105263
5,15,10938,00:00:02.8080000,30,1734,5811,4771515,4944485,27843651,32788136,25490823,58278959,5.525345304373977,4.1945526590351605,0.24457605183124542,4,31,23,1.3043479
5,16,11622,00:00:05.1020000,42,3225,10744,8426450,8814627,56732886,65547513,42393627,107941140,6.131701606251743,5.575497656977446,0.2719482183456421,4,43,32,1.3125
5,17,12310,00:00:09.3380000,43,5958,19945,15976510,16799930,114274657,131074587,69384168,200458755,7.170596769882784,7.551489041917281,0.3558315634727478,3,43,34,1.2352941
5,18,13000,00:00:18.1760000,38,10995,37444,28698465,30626924,231682413,262309337,112733408,375042745,7.836503903605994,3.2883142042051055,0.31967875361442566,4,39,30,1.2666667
5,19,13774,00:00:53.9090000,64,20296,71600,47975255,53030449,471336811,524367260,190009835,714377095,8.221927199761627,3.8065499367185875,0.2813611924648285,6,65,52,1.2307693
5,20,14561,00:02:10.4290000,60,39069,136618,95909772,109044784,940288992,1049333776,313589277,1362923053,9.853754151349666,4.805179003198927,0.31279608607292175,4,61,49,1.2244898
6,0,2602,00:00:00.0720000,2,2,2,994,994,7,1001,5780,6781,1.0020120724346075,1.0040322448116656,0,1,2,1,1
6,1,3015,00:00:00.0940000,1,2,4,1853,1854,162,2016,11040,13056,1,1,0,0,1,1,0
6,2,3398,00:00:00.1270000,1,1,4,3374,3374,638,4012,20233,24245,1,1,0,0,1,1,0
6,3,3851,00:00:00.1380000,1,2,6,5915,5916,2087,8003,39717,47720,1,1,0,0,1,1,0
6,4,4425,00:00:00.1530000,1,1,8,10296,10296,5719,16015,82144,98159,1,1,0,0,1,1,0
6,5,5094,00:00:00.1720000,1,4,15,17565,17584,14419,32003,166271,198274,1,1,0,0,1,1,0
6,6,5877,00:00:00.2020000,5,11,40,29589,29624,34435,64059,328838,392897,1.0059481564094765,1.0119938665353696,0.0055833663791418076,1,5,4,1
6,7,6786,00:00:00.2600000,8,17,67,49640,49701,78378,128079,639538,767617,1.03906124093473,1.0824946191960472,0.03193448483943939,1,8,7,1
6,8,7797,00:00:00.3400000,12,36,150,83596,83843,172170,256013,1203263,1459276,1.244605005024164,1.7059717734860125,0.16964499652385712,1,12,11,1
6,9,8710,00:00:00.4510000,17,67,260,145088,145915,366364,512279,2026114,2538393,1.661143581826202,4.416018648583976,0.42084184288978577,2,17,15,1.0666667
6,10,9576,00:00:00.6490000,22,111,424,246999,249563,774532,1024095,3297471,4321566,1.9612306122696852,5.096114463165271,0.5412747263908386,2,22,18,1.1666666
6,11,10481,00:00:00.9120000,30,194,715,420048,426222,1622505,2048727,5436992,7485719,2.2868767378966215,7.364114932226962,0.48378005623817444,2,30,24,1.2083334
6,12,11388,00:00:01.3480000,39,347,1273,725853,743081,3355231,4098312,8880562,12978874,2.737568075078563,9.056781375519028,0.474077045917511,3,39,29,1.3103448
6,13,12324,00:00:02.1840000,50,599,2243,1245714,1282412,6912865,8195277,14590524,22785801,3.131954044026157,8.911716387761834,0.45641225576400757,4,51,37,1.3513514
6,14,13267,00:00:03.6980000,50,1056,3974,2206710,2314366,14071203,16385569,23765766,40151335,3.840469749083477,13.30413209257353,0.4423276484012604,4,51,36,1.3888888
6,15,14124,00:00:06.0840000,51,1850,6951,4170231,4370790,28400645,32771435,36970975,69742410,4.815632275526224,6.221217492768052,0.3636397421360016,4,52,38,1.3421053
6,16,14936,00:00:10.9020000,37,3156,12273,7639205,8057287,57528221,65585508,56984168,122569676,5.599998690963261,5.074064518559663,0.24366427958011627,4,38,28,1.3214285
6,17,15784,00:00:24.9670000,44,5685,22038,13426826,14332748,116791697,131124445,90382653,221507098,6.156487691134152,5.0058127856196935,0.28123918175697327,4,45,34,1.2941177
6,18,16652,00:00:55.1940000,54,10664,40576,25044577,27249488,234987859,262237347,144596972,406834319,7.194357245482725,7.541936508745917,0.22259192168712616,5,55,39,1.3846154
6,19,17471,00:01:49.4580000,41,19809,74934,48511951,52995090,471573007,524568097,226000365,750568462,8.28729308371869,4.842605359418199,0.17712265253067017,5,42,29,1.4137931
6,20,18308,00:03:30.0610000,61,36533,140305,86979431,97117809,952158800,1049276609,358539931,1407816540,9.001769809232254,5.289935652895823,0.20487870275974274,5,62,51,1.1960784
7,0,3606,00:00:00.1640000,1,1,2,996,996,10,1006,6176,7182,1,1,0,0,1,1,0
7,1,4022,00:00:00.1970000,1,1,2,1838,1838,177,2015,11809,13824,1,1,0,0,1,1,0
7,2,4408,00:00:00.2510000,1,1,2,3337,3337,670,4007,21381,25388,1,1,0,0,1,1,0
7,3,4897,00:00:00.2720000,1,1,4,5899,5899,2102,8001,42375,50376,1,1,0,0,1,1,0
7,4,5445,00:00:00.2960000,2,2,9,10390,10390,5622,16012,82266,98278,1.001924927815207,1.0038572746936036,0,1,2,1,1
7,5,6063,00:00:00.3300000,2,5,17,17625,17631,14388,32019,159695,191714,1.0034609929078013,1.0069459631903965,0,1,2,1,1
7,6,6834,00:00:00.3820000,4,16,40,29596,29656,34377,64033,320222,384255,1.0175023651844843,1.03576062280413,0.01189688965678215,1,4,3,1
7,7,7720,00:00:00.4900000,6,25,80,49804,50102,77951,128053,623392,751445,1.0991888201750863,1.2262980761905837,0.06910546869039536,1,6,5,1
7,8,8593,00:00:00.6280000,19,43,132,87111,87396,168664,256060,1106382,1362442,1.5463948295852419,2.7600364944820117,0.22152665257453918,3,19,15,1.2
7,9,9166,00:00:00.7470000,20,63,199,167412,168167,344419,512586,1614763,2127349,2.753840823835806,4.730462490598396,0.2805938124656677,4,20,15,1.2666667
7,10,9582,00:00:00.8970000,14,101,301,310893,314331,710819,1025150,2222743,3247893,3.6222623217634364,1.9732167349759928,0.24882405996322632,4,14,9,1.4444444
7,11,10004,00:00:00.9880000,14,186,505,544588,550277,1500278,2050555,3224000,5274555,3.9728473635114985,1.5520508654577747,0.17060911655426025,4,14,9,1.4444444
7,12,10484,00:00:01.1650000,17,307,899,919733,933603,3167740,4101343,5061960,9163303,4.20768418660633,1.8626708211554834,0.1366475224494934,4,18,13,1.3076923
7,13,11029,00:00:01.5450000,28,568,1691,1563837,1594263,6603596,8197859,8380089,16577948,4.501213361750617,3.0048222632924473,0.1088550016283989,4,29,23,1.2173913
7,14,11640,00:00:02.3230000,35,995,3124,2657223,2738351,13646230,16384581,14315767,30700348,4.852009033490979,3.889906158498679,0.18647600710391998,3,36,30,1.1666666
7,15,12321,00:00:03.8930000,49,1768,5764,4552768,4749168,28024602,32773770,24880572,57654342,5.269156697639765,5.6432733727936055,0.21974103152751923,4,50,40,1.225
7,16,13063,00:00:07.5000000,54,3229,10785,7859151,8386479,57203327,65589806,43224558,108814364,5.8121867107528535,13.96066256570987,0.4632091522216797,4,54,41,1.2926829
7,17,13846,00:00:19.7540000,56,5930,20536,14052203,15240555,115930055,131170610,74028217,205198827,6.5494880767093955,16.01028150820007,0.4783051311969757,5,57,41,1.3658537
7,18,14596,00:00:43.8840000,51,10976,38245,28581495,30552133,231592735,262144868,120770748,382915616,7.9398039885597305,6.805232663212072,0.2907703220844269,5,52,36,1.4166666
7,19,15284,00:01:26.6320000,28,20446,71163,55915575,59498750,464872876,524371626,189125896,713497522,8.991903883667476,3.1291531368616345,0.2687970995903015,5,29,19,1.4736842
7,20,16008,00:02:50.3720000,43,37508,134675,99315365,107662829,941178321,1048841150,303955646,1352796796,9.610195804043009,3.2691364396188187,0.2648846507072449,4,44,36,1.1944444
8,0,2370,00:00:00.0330000,3,3,3,994,994,10,1004,4968,5972,1.0040241448692153,1.0080868537067589,0,1,3,2,1
8,1,2780,00:00:00.0540000,3,3,5,1826,1826,177,2003,10324,12327,1.009857612267251,1.0199375740646506,0,1,3,2,1
8,2,3211,00:00:00.0750000,2,3,7,3350,3352,651,4003,20621,24624,1.02,1.0407992934110484,0,1,2,1,1
8,3,3695,00:00:00.0810000,3,3,9,5947,5947,2058,8005,41264,49269,1.0504456028249538,1.089339704200198,0,2,3,1,2
8,4,4196,00:00:00.0880000,3,4,14,10464,10474,5556,16030,78201,94231,1.2482798165137614,1.4318990457138014,0,2,3,1,2
8,5,4610,00:00:00.0950000,4,7,22,18884,18891,13164,32055,129003,161058,1.7977653039610253,2.4175682524254962,0.013547814451158047,2,4,2,1.5
8,6,4928,00:00:00.1010000,5,8,28,34215,34226,29890,64116,194239,258355,2.3790150518778312,2.103495275143932,0.020347939804196358,3,5,2,2
8,7,5230,00:00:00.1080000,5,17,45,60674,60717,67307,128024,296846,424870,2.7199789036490096,1.4824137552576333,0.01794441044330597,3,5,2,2
8,8,5564,00:00:00.1190000,5,28,66,104645,104828,151438,256266,483180,739446,2.9010463949543697,1.2297122289044211,0.011670740321278572,3,5,2,2
8,9,5955,00:00:00.1390000,7,49,125,176085,176488,335914,512402,839308,1351710,3.0093307209586277,1.172435275149887,0.013129862025380135,3,7,4,1.5
8,10,6419,00:00:00.1790000,8,99,252,293831,295474,728916,1024390,1524161,2548551,3.1098522620145594,1.3053343822794052,0.0305649247020483,3,8,5,1.4
8,11,6957,00:00:00.2860000,12,176,466,495291,500029,1549834,2049863,2800367,4850230,3.3154711068846394,1.8310301727296139,0.06874066591262817,3,12,9,1.2222222
8,12,7556,00:00:00.4340000,13,297,897,839662,856852,3243364,4100216,5083959,9184175,3.6500222708661343,2.359285040183746,0.12179864197969437,2,13,11,1.0909091
8,13,8204,00:00:00.8040000,23,528,1702,1451084,1487234,6710349,8197583,9045901,17243484,4.0570821537554,2.498501792041052,0.14632239937782288,2,23,21,1.0476191
8,14,8898,00:00:01.5310000,32,992,3187,2515182,2596235,13801804,16398039,15782474,32180513,4.520824337960434,3.786453724234506,0.17090746760368347,3,32,28,1.1071428
8,15,9647,00:00:02.9090000,43,1739,5987,4289230,4510776,28262887,32773663,27394033,60167696,4.95210072670386,4.252260301058592,0.20611858367919922,3,43,36,1.1666666
8,16,10458,00:00:05.8380000,61,3251,11287,7502082,8023196,57561787,65584983,47420096,113005079,5.548769928134616,8.300438001924341,0.23695677518844604,4,62,49,1.244898
8,17,11275,00:00:11.5000000,73,5912,21140,13864265,14933929,116197220,131131149,79499158,210630307,6.433579349500316,10.060050238635746,0.27078086137771606,5,74,58,1.2586207
8,18,12104,00:00:26.1280000,59,10718,39501,25027734,27448785,234855208,262303993,131467629,393771622,7.214716242389343,7.522294843429371,0.43012332916259766,4,60,47,1.2553191
8,19,12923,00:01:10.3880000,62,19890,73718,48883480,53459855,470893478,524353333,212796491,737149824,8.368358001517077,4.10489360295845,0.36691978573799133,5,63,46,1.3478261
8,20,13716,00:02:35.5030000,51,37383,138449,94828178,104119965,944594521,1048714486,337942273,1386656759,9.501691575261521,3.1783945770302515,0.15960633754730225,6,52,39,1.3076923
