RepeatId,GenerationId,Generations,Time,SubcloneSelect,SubcloneAlive,SubcloneTotal,CellSelectCount,CellAliveCount,CellNecroCount,CellTumorCount,CellLostCount,CellTotalCount,MeanDriversPerCell,ClonalDiversity,TreeBalance,TreeDepth,NodeCount,LeafCount,Branching
0,0,801,00:00:00.0330000,1,1,1,1006,1006,0,1006,1282,2288,1,1,0,0,1,1,0
0,1,885,00:00:00.0580000,2,2,2,2024,2024,0,2024,2430,4454,1.0049407114624507,1.0099301953909297,0,1,2,1,1
0,2,971,00:00:00.0600000,2,5,5,4001,4005,0,4005,4842,8847,1.0094976255936017,1.0191756626196569,0,1,2,1,1
0,3,1057,00:00:00.0610000,3,6,7,8060,8068,0,8068,9943,18011,1.048759305210918,1.1028459417416487,0.025179423391819,1,3,2,1
0,4,1133,00:00:00.0720000,4,16,18,16002,16051,0,16051,18604,34655,1.133795775528059,1.3045414574026748,0.06490421295166016,2,4,2,1.5
0,5,1196,00:00:00.0740000,6,24,29,32074,32220,0,32220,33014,65234,1.293415227286899,1.7394660562920627,0.08534052968025208,2,6,4,1.25
0,6,1246,00:00:00.0760000,8,43,53,64651,64974,0,64974,55813,120787,1.5217088676122565,2.366206499136966,0.11243384331464767,2,8,6,1.1666666
0,7,1284,00:00:00.0780000,8,71,87,128654,129651,68,129719,90404,220123,1.8042501593421114,3.105844678154383,0.15775980055332184,2,8,6,1.1666666
0,8,1313,00:00:00.0800000,10,141,161,252938,254989,1335,256324,142131,398455,2.0951102641754105,3.8774231395188457,0.17720352113246918,2,10,8,1.125
0,9,1339,00:00:00.0840000,10,263,299,509085,515147,8548,523695,229180,752875,2.3596806034355757,4.263255716222766,0.20868591964244843,2,10,8,1.125
0,10,1362,00:00:00.0910000,11,490,548,978156,995869,33485,1029354,369155,1398509,2.5569837531027773,4.073396952525005,0.24655938148498535,3,11,7,1.4285715
0,11,1386,00:00:00.1050000,16,990,1089,1913926,1960770,114041,2074811,626947,2701758,2.7218157859812764,3.7234916523771573,0.2620348036289215,3,16,11,1.3636364
0,12,1411,00:00:00.1310000,22,1958,2176,3731928,3859931,342079,4202010,1092790,5294800,2.884908015374359,3.610081087916585,0.29001662135124207,3,22,16,1.3125
0,13,1435,00:00:00.1800000,34,3689,4101,7146846,7424416,875178,8299594,1844516,10144110,3.1436998922321817,4.205299535853716,0.28395876288414,4,34,26,1.2692307
0,14,1456,00:00:00.2620000,42,7075,7821,13808795,14495046,1953676,16448722,2921590,19370312,3.5975727063802454,5.229247314101907,0.2590082585811615,5,42,33,1.2424242
0,15,1473,00:00:00.3840000,49,13756,15006,27251347,29081133,3965658,33046791,4348457,37395248,4.204321679952187,5.1076747488912195,0.21100549399852753,6,49,38,1.2631578
0,16,1487,00:00:00.6240000,63,27729,29762,56030526,60976364,7794353,68770717,6293002,75063719,4.905421234132266,5.65413936036441,0.1656692922115326,6,63,47,1.3191489
0,17,1496,00:00:00.9270000,69,53846,56895,110950706,122019954,13167057,135187011,8305141,143492152,5.890052659962344,8.926764566336024,0.2219109833240509,7,69,44,1.5454545
0,18,1502,00:00:01.2920000,61,119184,123263,250608715,278431008,21211618,299642626,10490394,310133020,7.22314675289724,8.849978207624524,0.21436576545238495,7,61,33,1.8181819
0,19,1506,00:00:01.8730000,72,252409,257880,540549449,599679342,33777906,633457248,12958691,646415939,8.146754801335483,5.987506688390864,0.1797412782907486,7,72,46,1.5434783
0,20,1509,00:00:02.7250000,58,466434,473806,983223298,1118795757,53286427,1172082184,15897598,1187979782,8.660003530551002,5.073384982607478,0.2274172157049179,7,59,38,1.5263158
9,0,706,00:00:00.0310000,1,1,1,1003,1003,0,1003,1400,2403,1,1,0,0,1,1,0
9,1,794,00:00:00.0710000,1,2,2,2005,2006,0,2006,2699,4705,1,1,0,0,1,1,0
9,2,875,00:00:00.0820000,3,5,5,4020,4023,0,4023,5032,9055,1.0034825870646766,1.0069955657685565,0,1,3,2,1
9,3,959,00:00:00.1000000,4,10,10,8040,8053,0,8053,9722,17775,1.0156716417910447,1.0319402118148477,0.005183617118746042,1,4,3,1
9,4,1042,00:00:00.1040000,6,14,18,16089,16106,0,16106,19365,35471,1.053763440860215,1.115295860564122,0.03665719926357269,1,6,5,1
9,5,1118,00:00:00.1070000,6,29,38,32136,32244,0,32244,36840,69084,1.1416168782673637,1.3409402077080583,0.09593348205089569,1,6,5,1
9,6,1181,00:00:00.1110000,11,47,57,64394,64688,0,64688,65564,130252,1.2993446594403206,1.8719371867593155,0.17405426502227783,2,11,7,1.4285715
9,7,1231,00:00:00.1160000,14,97,119,127872,128857,89,128946,111233,240179,1.5023617367367368,2.765445726674937,0.25508278608322144,2,14,10,1.3
9,8,1271,00:00:00.1230000,18,170,204,252061,254547,1735,256282,181907,438189,1.7506952682088859,3.919186662456886,0.34564006328582764,3,18,12,1.4166666
9,9,1303,00:00:00.1310000,19,276,333,500796,507599,9965,517564,287413,804977,2.1065503718080816,5.637271326932316,0.41751617193222046,3,19,13,1.3846154
9,10,1327,00:00:00.1420000,23,531,608,996653,1011285,35175,1046460,432753,1479213,2.5859842894166776,6.7230054595880455,0.36539095640182495,4,23,15,1.4666667
9,11,1345,00:00:00.1560000,23,961,1068,1920556,1960506,95041,2055547,623675,2679222,3.049274793341095,4.845657775927722,0.3560514748096466,4,23,15,1.4666667
9,12,1361,00:00:00.1790000,26,1848,2009,3762827,3870871,241302,4112173,913927,5026100,3.464200719299612,3.4489286057650803,0.29432639479637146,5,26,16,1.5625
9,13,1376,00:00:00.2190000,33,3674,3934,7681772,7957333,596295,8553628,1379530,9933158,3.9363632505625006,3.3288146368557,0.20888300240039825,5,33,22,1.4545455
9,14,1387,00:00:00.2790000,38,7389,7806,15479863,16179302,1228492,17407794,1949227,19357021,4.688914882515433,4.665672339583469,0.17087796330451965,6,38,23,1.6086956
9,15,1394,00:00:00.3470000,39,14000,14584,29935059,31548450,2146830,33695280,2539537,36234817,5.500153716082537,4.832863234441065,0.1716817319393158,6,39,23,1.6521739
9,16,1400,00:00:00.4770000,44,27748,28628,60520639,64399852,3904481,68304333,3361448,71665781,6.1988960493295515,3.760169527930858,0.2410951405763626,7,44,28,1.5357143
9,17,1406,00:00:00.7820000,56,59301,60798,130330583,140315437,7979794,148295231,4744702,153039933,6.772593536238536,3.5899248501928964,0.2038603574037552,7,57,37,1.5135136
9,18,1411,00:00:01.1870000,66,115421,117940,250983506,274329051,15409052,289738103,6639003,296377106,7.186064641235827,4.3778962036238465,0.1992231160402298,6,67,48,1.375
9,19,1416,00:00:02.0060000,71,231731,236165,490161748,551517608,30809102,582326710,9661233,591987943,7.6287802633672674,6.465928506644545,0.334902822971344,6,71,49,1.4285715
9,20,1420,00:00:03.3100000,78,421035,428313,872067985,1003837944,54962555,1058800499,13404761,1072205260,8.060182522352314,9.871600841618381,0.35106560587882996,5,78,54,1.425926
10,0,691,00:00:00.0630000,1,1,1,1011,1011,0,1011,1230,2241,1,1,0,0,1,1,0
10,1,771,00:00:00.1010000,3,3,3,2030,2030,0,2030,2396,4426,1.005911330049261,1.0119099772371731,0,1,3,2,1
10,2,858,00:00:00.1270000,3,5,5,4032,4034,0,4034,4970,9004,1.0243055555555556,1.050090261140899,0.019189508631825447,1,3,2,1
10,3,938,00:00:00.1290000,4,7,8,8033,8039,0,8039,9585,17624,1.0572637868791237,1.122968521963834,0.037642233073711395,1,4,3,1
10,4,1013,00:00:00.1320000,4,12,14,15981,16029,0,16029,18132,34161,1.147299918653401,1.3549142831379344,0.10248865187168121,1,4,3,1
10,5,1076,00:00:00.1350000,8,17,23,32020,32090,0,32090,32594,64684,1.3038101186758275,1.887330551287167,0.13525763154029846,1,8,7,1
10,6,1128,00:00:00.1370000,10,32,44,64778,64881,0,64881,56307,121188,1.484670721541264,2.6292243662475863,0.20370402932167053,2,10,8,1.125
10,7,1171,00:00:00.1410000,10,67,82,129473,129978,87,130065,95660,225725,1.647370494234319,3.0898057778821606,0.2684214115142822,2,10,8,1.125
10,8,1209,00:00:00.1460000,12,139,166,254145,255881,1732,257613,164016,421629,1.7903401601447992,3.1866491795769174,0.31389904022216797,2,12,9,1.2222222
10,9,1245,00:00:00.1540000,15,265,317,496639,502133,11261,513394,285241,798635,1.9288396601958364,3.263676752629077,0.3176904320716858,2,15,10,1.4
10,10,1280,00:00:00.1690000,18,523,619,968394,987515,46608,1034123,497389,1531512,2.0865866579099004,3.5276461692296843,0.3082747757434845,3,18,12,1.4166666
10,11,1313,00:00:00.1950000,29,1017,1194,1859820,1903034,148454,2051488,849291,2900779,2.2811406480197007,3.9602971494341426,0.2821880578994751,3,29,23,1.2173913
10,12,1345,00:00:00.2430000,39,1930,2242,3584650,3698157,414582,4112739,1436636,5549375,2.5349677095392855,4.341087019242049,0.2607541084289551,4,39,30,1.2666667
10,13,1374,00:00:00.3370000,44,3696,4230,6897097,7228637,1013569,8242206,2334041,10576247,2.89218768418075,5.104684451662111,0.2290642261505127,4,44,32,1.34375
10,14,1398,00:00:00.4400000,54,7119,8036,13504471,14395305,2204135,16599440,3566264,20165704,3.4238297079537583,7.317712725951153,0.24654357135295868,5,54,37,1.4324324
10,15,1417,00:00:00.6070000,62,14044,15485,26855548,29265332,4437308,33702640,5177747,38880387,4.0768963642075,10.447905960265361,0.24166148900985718,6,62,37,1.6486486
10,16,1431,00:00:00.9290000,77,28270,30526,55327505,60547778,8216110,68763888,7126250,75890138,4.908126238477589,15.072892120046802,0.2622171640396118,8,77,49,1.5510204
10,17,1440,00:00:01.2630000,82,55054,58222,109472793,121654052,13597322,135251374,9147090,144398464,5.821153078646674,17.649777405166333,0.36956068873405457,8,83,56,1.4642857
10,18,1446,00:00:01.7410000,87,106110,110435,216893499,242648280,21182899,263831179,11266582,275097761,6.796086257984155,17.532070686413284,0.3388266861438751,9,88,58,1.5
10,19,1451,00:00:02.5340000,73,234009,240068,481961333,549748473,35220955,584969428,14153216,599122644,7.895602591836968,12.319043114396495,0.3039513826370239,9,74,46,1.5869565
10,20,1455,00:00:03.9630000,74,511523,520186,1070326132,1222252986,61468929,1283721915,18099077,1301820992,8.685716701720219,9.596952526915864,0.3096056282520294,8,74,48,1.5208334
11,0,787,00:00:00.0580000,3,4,5,1006,1007,0,1007,1220,2227,1.0606361829025845,1.1307689589034615,0.047013018280267715,1,3,2,1
11,1,860,00:00:00.1420000,4,5,6,2013,2014,0,2014,2221,4235,1.1241927471435669,1.2894013057065028,0.07828374952077866,1,4,3,1
11,2,928,00:00:00.1490000,5,5,7,4033,4033,0,4033,4214,8247,1.259856186461691,1.70857491569795,0.13490675389766693,1,5,4,1
11,3,984,00:00:00.1520000,5,8,10,8046,8051,0,8051,7455,15506,1.4333830474770073,2.371756229829197,0.22821396589279175,1,5,4,1
11,4,1030,00:00:00.1550000,5,12,14,16215,16240,0,16240,12738,28978,1.6044403330249768,2.8205667229349802,0.3153003454208374,1,5,4,1
11,5,1070,00:00:00.1580000,7,21,25,32484,32553,0,32553,22034,54587,1.73180642777983,2.775841030415337,0.38052499294281006,2,7,4,1.5
11,6,1106,00:00:00.1610000,8,34,42,64492,64740,0,64740,38782,103522,1.8314519630341748,2.5482501478573454,0.42354750633239746,2,8,5,1.4
11,7,1139,00:00:00.1660000,9,63,77,127622,128522,64,128586,68820,197406,1.9100625284041937,2.401563942858116,0.44271793961524963,2,9,6,1.3333334
11,8,1171,00:00:00.1730000,14,122,140,254039,255870,1464,257334,125441,382775,1.9929695834104213,2.4319415248272866,0.457080215215683,2,14,10,1.3
11,9,1203,00:00:00.1850000,18,251,288,506132,510853,10219,521072,232992,754064,2.094532651561253,2.702212456803874,0.456638902425766,2,18,14,1.2142857
11,10,1234,00:00:00.2070000,22,477,547,983106,997557,43037,1040594,423553,1464147,2.2297524376822033,3.3380512296615255,0.45283249020576477,3,22,16,1.3125
11,11,1264,00:00:00.2450000,30,953,1093,1897215,1931821,139086,2070907,745942,2816849,2.422004359020986,4.600707105623464,0.4461275339126587,3,30,22,1.3181819
11,12,1292,00:00:00.3130000,35,1868,2127,3681844,3778167,379364,4157531,1261706,5419237,2.7450666024959234,7.040490772742155,0.44758835434913635,4,35,24,1.4166666
11,13,1313,00:00:00.4500000,43,3727,4154,7390307,7620005,828163,8448168,1906426,10354594,3.4563221798499035,10.842843679509283,0.4856620728969574,5,43,31,1.3548387
11,14,1325,00:00:00.5420000,44,7153,7753,14945279,15559549,1468536,17028085,2519535,19547620,4.474420450765757,10.455918826075294,0.3834610879421234,6,44,30,1.4333333
11,15,1333,00:00:00.6140000,50,14985,15777,31866397,33459000,2523614,35982614,3203319,39185933,5.517538270799802,9.439056627878884,0.277016282081604,6,51,35,1.4285715
11,16,1338,00:00:00.7210000,54,27303,28329,58976581,62582603,3993941,66576544,3893934,70470478,6.220166204616032,9.660441370500275,0.22626832127571106,7,55,38,1.4210526
11,17,1343,00:00:00.9740000,58,54699,56190,118677200,127960834,7124305,135085139,4992160,140077299,6.855153727927521,10.507368344594907,0.2225790023803711,7,59,39,1.4871795
11,18,1348,00:00:01.3540000,67,116447,118847,249959411,275283772,14168952,289452724,6816496,296269220,7.396325153766665,11.9248135658872,0.19655489921569824,8,68,46,1.4565217
11,19,1352,00:00:02.0030000,87,218816,222640,469505933,520800464,25999959,546800423,9165496,555965919,7.823100109791371,14.435358893844512,0.19104889035224915,7,88,63,1.3809524
11,20,1356,00:00:03.2220000,87,422999,429486,887433661,1010756783,49461961,1060218744,12821035,1073039779,8.265172010418027,17.38336330282744,0.23808929324150085,7,88,65,1.3384615
12,0,669,00:00:00.0320000,1,1,1,1006,1006,0,1006,1089,2095,1,1,0,0,1,1,0
12,1,748,00:00:00.0570000,1,1,1,2008,2008,0,2008,2198,4206,1,1,0,0,1,1,0
12,2,832,00:00:00.0590000,1,2,2,4005,4007,0,4007,4612,8619,1,1,0,0,1,1,0
12,3,920,00:00:00.0600000,1,4,4,8007,8013,0,8013,9727,17740,1,1,0,0,1,1,0
12,4,1004,00:00:00.0610000,2,11,14,16010,16056,0,16056,19229,35285,1.0034978138663335,1.0070201472783908,0,1,2,1,1
12,5,1090,00:00:00.0640000,5,20,28,32141,32195,0,32195,38814,71009,1.0210634392209328,1.0432732511095242,0.015066990628838539,1,5,4,1
12,6,1170,00:00:00.0770000,7,40,55,64001,64252,0,64252,75378,139630,1.0701551538257215,1.1537419494036134,0.04593843221664429,1,7,6,1
12,7,1241,00:00:00.0810000,10,79,100,127186,127965,125,128090,139748,267838,1.1737455380309154,1.4379807676527216,0.10129141062498093,1,10,9,1
12,8,1303,00:00:00.0870000,13,151,193,253939,256625,2571,259196,249947,509143,1.3483868173065185,2.0728337078049126,0.19891035556793213,2,13,10,1.2
12,9,1353,00:00:00.0960000,19,306,370,494389,501673,14731,516404,417276,933680,1.5846893842702812,3.1263706631875765,0.2937661409378052,3,19,14,1.2857143
12,10,1393,00:00:00.1100000,23,550,653,960214,979838,52350,1032188,658104,1690292,1.9627489288846027,4.847328841208792,0.3574274778366089,3,23,15,1.4666667
12,11,1421,00:00:00.1270000,24,1014,1166,1866086,1919261,136053,2055314,952284,3007598,2.520341506232832,6.122020370034477,0.366355836391449,4,24,15,1.5333333
12,12,1442,00:00:00.1490000,29,1921,2163,3689997,3813946,316864,4130810,1333518,5464328,3.0838496616663917,4.431597751173476,0.3137703537940979,4,29,20,1.4
12,13,1460,00:00:00.1850000,36,3733,4099,7349353,7633361,723365,8356726,1891382,10248108,3.558434463550737,3.4055460778488826,0.2542620003223419,5,36,26,1.3461539
12,14,1476,00:00:00.2490000,42,7204,7831,14196934,14875603,1594697,16470300,2715919,19186219,3.9531233997425077,3.4558500818239843,0.19956442713737488,5,42,33,1.2424242
12,15,1492,00:00:00.3680000,49,14033,15105,28483657,30257720,3607741,33865461,4080680,37946141,4.3655318205804825,4.488910869649062,0.17615796625614166,6,49,37,1.2972972
12,16,1506,00:00:00.5880000,55,27664,29573,55018719,60015119,7540224,67555343,6044229,73599572,4.8066499512647685,6.697523261270969,0.18669897317886353,6,55,41,1.3170732
12,17,1517,00:00:00.9720000,75,54317,57397,109410674,120887823,14080128,134967951,8502321,143470272,5.596928787770744,11.778691936557944,0.22000518441200256,8,75,49,1.5102041
12,18,1523,00:00:01.3560000,79,106091,110292,219522754,243681318,21537545,265218863,10605692,275824555,6.839154218154533,11.044155025292731,0.21571092307567596,7,79,53,1.4716982
12,19,1527,00:00:01.8520000,74,213392,218812,447940547,502427491,32151091,534578582,12838790,547417372,7.903771582437256,6.305140077487066,0.1892571896314621,7,75,53,1.3962264
12,20,1531,00:00:02.9280000,66,489151,496993,1027286714,1170415701,56644216,1227059917,16605633,1243665550,8.732049022684041,5.064288906086772,0.2834871709346771,6,66,49,1.3265306
13,0,1071,00:00:00.0210000,1,1,1,1008,1008,0,1008,1257,2265,1,1,0,0,1,1,0
13,1,1157,00:00:00.0460000,1,1,1,2007,2007,0,2007,2450,4457,1,1,0,0,1,1,0
13,2,1243,00:00:00.0470000,1,2,4,4028,4029,0,4029,4966,8995,1,1,0,0,1,1,0
13,3,1325,00:00:00.0490000,4,4,8,8004,8004,0,8004,9640,17644,1.005872063968016,1.0118354403097825,0,1,4,3,1
13,4,1411,00:00:00.0600000,4,10,14,16088,16107,0,16107,19661,35768,1.0230606663351567,1.0475619627222081,0.02100943960249424,1,4,3,1
13,5,1492,00:00:00.0620000,5,21,29,32016,32130,0,32130,38584,70714,1.065748375812094,1.1435903518429196,0.05121995136141777,1,5,4,1
13,6,1564,00:00:00.0650000,8,43,53,63714,64132,0,64132,71315,135447,1.1677025457513261,1.4232357431206393,0.10439864546060562,1,8,7,1
13,7,1623,00:00:00.0680000,14,77,98,127570,128232,102,128334,125024,253358,1.3638629771889943,2.097176173120411,0.18049363791942596,3,14,11,1.1818181
13,8,1661,00:00:00.0720000,15,138,168,254009,256175,1532,257707,190355,448062,1.9176485872547824,3.624388746916809,0.25760677456855774,3,15,11,1.2727273
13,9,1681,00:00:00.0750000,18,272,315,520094,524789,6895,531684,256125,787809,2.7222290585932543,3.4140202537977955,0.24483634531497955,4,18,13,1.3076923
13,10,1694,00:00:00.0790000,14,476,535,1003891,1018641,21485,1040126,334782,1374908,3.2845986267433416,2.333684216745199,0.22109703719615936,4,14,10,1.3
13,11,1706,00:00:00.0860000,15,933,1017,1998055,2031869,64288,2096157,462553,2558710,3.6817975481155423,1.950840415635295,0.15329225361347198,4,15,11,1.2727273
13,12,1718,00:00:00.0980000,16,1870,2011,4015843,4106771,184818,4291589,685450,4977039,3.9789082889943654,1.9939674688014157,0.15016253292560577,5,16,11,1.3636364
13,13,1730,00:00:00.1210000,18,3619,3855,7869940,8119193,491399,8610592,1067236,9677828,4.198933918174726,2.341970606781218,0.12177108973264694,5,18,13,1.3076923
13,14,1742,00:00:00.1640000,23,7000,7436,14835511,15505459,1200933,16706392,1693785,18400177,4.3917371636204505,2.9538601123962667,0.12430638074874878,5,23,16,1.375
13,15,1755,00:00:00.2590000,34,13696,14511,28454362,30169355,2895928,33065283,2800649,35865932,4.602808314591626,3.9512605502168046,0.1484670490026474,6,34,25,1.32
13,16,1769,00:00:00.4920000,48,27517,29188,55931689,60598091,6897617,67495708,4755609,72251317,4.872302390153103,5.589163082381328,0.17841371893882751,6,48,35,1.3428571
13,17,1782,00:00:00.9260000,63,54470,57634,108430610,120301845,14882121,135183966,7713047,142897013,5.284310306840476,8.741356293359589,0.22553695738315582,4,63,46,1.3478261
13,18,1793,00:00:01.6400000,80,112779,118289,223379307,252890013,29374230,282264243,11756887,294021130,6.039814860738197,15.409211368461317,0.3932955265045166,4,80,57,1.3859649
13,19,1800,00:00:02.5200000,90,218535,226725,434036141,500748355,48953960,549702315,15887203,565589518,6.887565044957857,17.6099462699165,0.3404562473297119,6,90,62,1.4354838
13,20,1806,00:00:04.1020000,102,469070,481926,928175099,1095816705,85213287,1181029992,21618036,1202648028,7.805535207533078,15.650375621347544,0.29908373951911926,7,102,68,1.4852941
14,0,1054,00:00:00.1020000,1,1,1,1007,1007,0,1007,1251,2258,1,1,0,0,1,1,0
14,1,1146,00:00:00.1600000,1,1,1,2020,2020,0,2020,2574,4594,1,1,0,0,1,1,0
14,2,1222,00:00:00.1640000,1,3,3,3998,4002,0,4002,4830,8832,1,1,0,0,1,1,0
14,3,1310,00:00:00.1680000,6,9,9,8055,8059,0,8059,9866,17925,1.0081936685288642,1.0165762261852869,0,1,6,5,1
14,4,1393,00:00:00.1960000,6,15,17,16041,16072,0,16072,19342,35414,1.0256218440246867,1.0530902623240308,0.022056495770812035,1,6,5,1
14,5,1473,00:00:00.2020000,9,25,31,32052,32134,0,32134,37919,70053,1.0818357668788219,1.183871365058639,0.06365880370140076,1,9,8,1
14,6,1542,00:00:00.2100000,12,49,67,64306,64475,0,64475,69175,133650,1.1985506795633378,1.5347469926620136,0.1428188681602478,1,12,11,1
14,7,1600,00:00:00.2200000,13,83,111,128809,129572,96,129668,122226,251894,1.3690502992803297,2.3053876140492964,0.26223188638687134,2,13,11,1.0909091
14,8,1648,00:00:00.2330000,16,148,185,252274,254719,2079,256798,208247,465045,1.5557885473730944,3.5850834525143114,0.3809424638748169,2,16,12,1.25
14,9,1691,00:00:00.2520000,19,284,346,500086,507202,13069,520271,352269,872540,1.7587914878640873,5.263659590850222,0.44714367389678955,2,19,14,1.2857143
14,10,1729,00:00:00.2820000,22,531,629,963446,984303,50860,1035163,585192,1620355,1.9769649777984444,6.807809266223262,0.4725768268108368,3,22,16,1.3125
14,11,1763,00:00:00.3300000,34,1007,1184,1853512,1895813,153495,2049308,947165,2996473,2.2571275502937125,7.744966214593927,0.43840867280960083,4,34,26,1.2692307
14,12,1792,00:00:00.3980000,37,1987,2268,3688718,3807860,392982,4200842,1475404,5676246,2.769093489933359,8.532540492877633,0.35247477889060974,5,37,27,1.3333334
14,13,1810,00:00:00.4690000,44,3632,4058,7190926,7443997,776552,8220549,2026835,10247384,3.5158355127003116,6.5850325756819,0.22167564928531647,5,44,34,1.2647059
14,14,1824,00:00:00.5280000,41,7194,7806,14760400,15520605,1533683,17054288,2745318,19799606,4.264458483509932,4.26597657220704,0.14989034831523895,6,41,29,1.3793104
14,15,1835,00:00:00.6270000,44,14022,14969,29075042,31104221,2961869,34066090,3687229,37753319,4.842912453918381,4.11861580809374,0.11585346609354019,6,44,31,1.3870968
14,16,1845,00:00:00.8480000,56,28133,29643,58717256,63530707,5902328,69433035,5094931,74527966,5.405474431570848,5.545398146004718,0.1067093014717102,7,56,36,1.5277778
14,17,1853,00:00:01.1540000,59,53244,55651,109845268,121499517,10913228,132412745,6898140,139310885,5.915318063587409,8.42144369485318,0.14677809178829193,7,59,40,1.45
14,18,1861,00:00:01.7730000,69,110695,114815,226270902,256414871,21663111,278077982,9802407,287880389,6.533025890355093,13.464650710121608,0.22387950122356415,8,70,46,1.5
14,19,1868,00:00:02.9010000,86,232900,239958,467484800,543234902,42566474,585801376,14024951,599826327,7.138506248759318,17.14815583146822,0.24199466407299042,8,87,57,1.5087719
14,20,1873,00:00:04.4890000,97,425060,436118,835265319,998044225,72739258,1070783483,18768163,1089551646,7.638009678934125,19.52083504135894,0.3435622751712799,7,97,63,1.5238096
15,0,878,00:00:00.0320000,1,1,1,1006,1006,0,1006,1318,2324,1,1,0,0,1,1,0
15,1,968,00:00:00.0620000,1,2,2,2011,2012,0,2012,2653,4665,1,1,0,0,1,1,0
15,2,1052,00:00:00.0670000,2,2,2,4038,4038,0,4038,5130,9168,1.0014858841010401,1.0029761840636529,0,1,2,1,1
15,3,1137,00:00:00.0690000,2,5,6,8038,8045,0,8045,10057,18102,1.0041054988803184,1.0082447259841993,0,1,2,1,1
15,4,1220,00:00:00.0700000,4,12,13,16081,16114,0,16114,19511,35625,1.018655556246502,1.0381270416551125,0.009265337139368057,1,4,3,1
15,5,1299,00:00:00.0810000,6,30,35,32014,32163,0,32163,37455,69618,1.0638158305741239,1.1379157281996777,0.03443939983844757,1,6,5,1
15,6,1371,00:00:00.0840000,11,49,58,63847,64273,0,64273,70512,134785,1.1713784516108823,1.4057594942021743,0.07505925744771957,2,11,9,1.1111112
15,7,1429,00:00:00.0870000,15,68,80,128238,129487,102,129589,122889,252478,1.3940875559506543,2.0766819422127525,0.1246713250875473,2,15,12,1.1666666
15,8,1470,00:00:00.0910000,21,126,145,253805,256257,1762,258019,195413,453432,1.736258150942653,3.2919997207330285,0.15915203094482422,3,21,16,1.25
15,9,1501,00:00:00.0950000,22,264,301,497141,502913,9784,512697,298220,810917,2.0987546792559857,3.9751708825615286,0.17233185470104218,3,22,17,1.2352941
15,10,1528,00:00:00.1030000,22,516,584,990905,1008740,38412,1047152,462929,1510081,2.4308354484032275,3.388774991567251,0.17203620076179504,3,22,17,1.2352941
15,11,1552,00:00:00.1170000,27,960,1082,1933964,1973397,118486,2091883,721258,2813141,2.707364769975036,2.912484608518231,0.16061341762542725,3,27,21,1.2380953
15,12,1575,00:00:00.1400000,30,1881,2093,3730402,3829623,326696,4156319,1148043,5304362,2.964855798383123,2.8748143350440554,0.15579240024089813,4,30,22,1.3181819
15,13,1597,00:00:00.1820000,34,3593,3966,7112189,7378861,813791,8192652,1831253,10023905,3.2369103239523023,3.244955682125036,0.16213111579418182,5,34,24,1.375
15,14,1618,00:00:00.2620000,44,7135,7827,13977732,14683987,1908522,16592509,2909414,19501923,3.6437439206875624,4.278085881310299,0.19934913516044617,5,44,33,1.3030303
15,15,1635,00:00:00.3810000,56,14215,15373,28265844,30124637,3968002,34092639,4350628,38443267,4.304668383509086,6.805381656198572,0.2632688879966736,7,56,39,1.4102564
15,16,1646,00:00:00.5490000,70,27686,29449,56276696,60439476,6961371,67400847,5866465,73267312,5.202058059698459,11.191624943161344,0.27252233028411865,8,70,49,1.4081633
15,17,1653,00:00:00.7690000,60,60355,62829,125986553,137421452,11285736,148707188,7439321,156146509,6.641754727585887,9.631915135314179,0.3816531300544739,9,60,41,1.4390244
15,18,1657,00:00:01.0170000,50,123000,126166,261786859,288239465,17082569,305322034,8947479,314269513,7.684989699960456,4.077669877141997,0.25131648778915405,9,51,34,1.4705882
15,19,1660,00:00:01.4230000,48,227875,231897,489651605,542131020,26100026,568231046,10734239,578965285,8.27246499273703,2.792752698376235,0.21476677060127258,8,49,34,1.4117647
15,20,1663,00:00:02.1570000,49,426921,432665,914754726,1023483809,43786933,1067270742,13478969,1080749711,8.674314905917196,2.4509919532757456,0.22136211395263672,9,50,35,1.4
16,0,738,00:00:00.0190000,1,1,1,1006,1006,0,1006,1126,2132,1,1,0,0,1,1,0
16,1,830,00:00:00.0440000,1,2,3,2012,2014,0,2014,2485,4499,1,1,0,0,1,1,0
16,2,915,00:00:00.0450000,2,3,4,4016,4018,0,4018,4828,8846,1.0047310756972112,1.009506881804051,0,1,2,1,1
16,3,1005,00:00:00.0470000,3,6,8,8061,8065,0,8065,10163,18228,1.0228259521151222,1.0467624281324976,0.007561236619949341,1,3,2,1
16,4,1088,00:00:00.0580000,4,11,15,16099,16129,0,16129,19913,36042,1.0816199763960495,1.1779659534492288,0.027327528223395348,1,4,3,1
16,5,1159,00:00:00.0600000,7,16,26,32215,32252,0,32252,36139,68391,1.215427595840447,1.517316062605527,0.0695386677980423,2,7,5,1.2
16,6,1213,00:00:00.0620000,9,29,39,64259,64375,0,64375,60699,125074,1.4476260134767114,2.188082224839559,0.11744686216115952,2,9,6,1.3333334
16,7,1252,00:00:00.0630000,10,54,69,127947,128443,66,128509,95316,223825,1.764894839269385,3.104024097572596,0.1281518042087555,2,10,7,1.2857143
16,8,1281,00:00:00.0660000,14,103,124,254665,255789,1291,257080,146060,403140,2.108008560265447,3.476282065045258,0.1306588053703308,3,14,10,1.3
16,9,1305,00:00:00.0690000,16,240,276,501917,504570,7825,512395,225708,738103,2.40831651448347,3.011537412936537,0.12341943383216858,3,16,12,1.25
16,10,1327,00:00:00.0750000,15,464,530,988501,998851,31498,1030349,358390,1388739,2.6634297790290553,2.5515752480141356,0.12022726237773895,3,15,11,1.2727273
16,11,1348,00:00:00.0860000,17,920,1029,1935753,1965714,102283,2067997,582337,2650334,2.898653392245808,2.4892209107959538,0.11107771843671799,4,17,12,1.3333334
16,12,1369,00:00:00.1060000,22,1850,2044,3842888,3932848,297800,4230648,972245,5202893,3.1570368431242337,2.9130815903901404,0.12050817161798477,4,22,13,1.6153846
16,13,1388,00:00:00.1430000,29,3627,3970,7408892,7613300,737720,8351020,1568718,9919738,3.4752768700097127,4.070186482698902,0.1324807107448578,5,29,19,1.4736842
16,14,1405,00:00:00.2080000,32,6966,7567,14288933,14871856,1653174,16525030,2442659,18967689,3.9002177419405633,6.294678438456414,0.1623190939426422,5,32,20,1.55
16,15,1420,00:00:00.3100000,45,14151,15184,29077718,30591755,3530759,34122514,3718434,37840948,4.4816849107622545,8.963062340348419,0.1815359741449356,6,45,26,1.6923077
16,16,1432,00:00:00.4810000,53,27957,29680,56900309,61398926,6950089,68349015,5404382,73753397,5.046019222848157,9.17552045712842,0.27646639943122864,7,53,31,1.6774193
16,17,1441,00:00:00.7740000,66,53399,56058,108845996,119877801,12351738,132229539,7407109,139636648,5.787580169692232,10.185746211200524,0.2706378698348999,8,67,40,1.65
16,18,1447,00:00:01.1360000,74,111597,115303,233124925,258299022,19991088,278290110,9520835,287810945,7.059318479137312,7.635280898909862,0.21264460682868958,9,75,43,1.7209302
16,19,1451,00:00:01.6460000,71,237078,242013,502427884,559758115,31563793,591321908,11862054,603183962,8.13304352550624,4.743044856942411,0.2768232226371765,7,71,44,1.5909091
16,20,1454,00:00:02.4370000,65,450508,457171,961951040,1079063426,49935941,1128999367,14688076,1143687443,8.740715442232903,4.26149284486021,0.27259552478790283,7,65,41,1.5609756
17,0,1020,00:00:00.0330000,1,1,1,1013,1013,0,1013,1277,2290,1,1,0,0,1,1,0
17,1,1110,00:00:00.0620000,1,1,1,2018,2018,0,2018,2603,4621,1,1,0,0,1,1,0
17,2,1192,00:00:00.0750000,1,1,2,4017,4017,0,4017,4955,8972,1,1,0,0,1,1,0
17,3,1276,00:00:00.0800000,1,5,7,8046,8053,0,8053,9692,17745,1,1,0,0,1,1,0
17,4,1362,00:00:00.0810000,3,9,12,16007,16026,0,16026,19460,35486,1.002561379396514,1.0051391196452781,0,1,3,2,1
17,5,1447,00:00:00.1020000,4,19,28,31924,32025,0,32025,38726,70751,1.0136574364114772,1.0278039376673636,0.010013147257268429,1,4,3,1
17,6,1530,00:00:00.1150000,7,40,54,63967,64255,0,64255,76833,141088,1.0473681742148295,1.1010249267185077,0.03502319008111954,1,7,6,1
17,7,1606,00:00:00.1200000,10,81,107,127922,128907,132,129039,146530,275569,1.1342771376307437,1.3247570704697658,0.09231968969106674,1,10,9,1
17,8,1670,00:00:00.1260000,15,161,211,252569,255560,2656,258216,261210,519426,1.3052195637627737,1.9036903047688516,0.19374006986618042,2,15,12,1.1666666
17,9,1722,00:00:00.1360000,22,288,372,495649,503733,15168,518901,435348,954249,1.5720600667004272,3.206815940923112,0.32862424850463867,2,22,16,1.3125
17,10,1763,00:00:00.1490000,26,556,681,956033,976585,54056,1030641,683331,1713972,1.8925068486129664,5.386765439618908,0.4359852373600006,2,26,20,1.25
17,11,1798,00:00:00.1710000,34,1023,1213,1853003,1897697,158647,2056344,1056762,3113106,2.2252619126898336,7.066477536455096,0.515392005443573,3,34,24,1.375
17,12,1830,00:00:00.2060000,40,1962,2291,3583213,3701425,423192,4124617,1646481,5771098,2.5271648657224675,6.854943340749583,0.5476298928260803,3,40,29,1.3448275
17,13,1860,00:00:00.2800000,52,3769,4354,6931451,7204367,1044442,8248809,2579271,10828080,2.8359386800830015,6.84554426200475,0.5451231002807617,4,52,37,1.3783784
17,14,1888,00:00:00.3680000,58,7328,8346,13600656,14391018,2433555,16824573,4032750,20857323,3.2422800047291838,8.689834380284697,0.541104257106781,5,58,38,1.5
17,15,1909,00:00:00.5010000,66,13782,15407,26060932,27974928,4810551,32785479,5804494,38589973,3.8399926756264895,13.322117093074159,0.5024205446243286,6,66,40,1.625
17,16,1925,00:00:00.7170000,69,27047,29553,51720217,56712037,8869943,65581980,7984477,73566457,4.6034400822409545,15.55358769868613,0.4611411392688751,7,69,45,1.5111111
17,17,1937,00:00:01.0280000,67,57876,61641,113241193,126924484,15873063,142797547,10672435,153469982,5.731110224174342,16.38599751360492,0.39769870042800903,7,67,42,1.5714285
17,18,1942,00:00:01.3120000,73,106448,111133,218282390,242468741,22206076,264674817,12455596,277130413,6.965486455412184,13.606731211380554,0.31365966796875,7,73,49,1.4693878
17,19,1946,00:00:01.8020000,62,225398,231247,476943888,529994637,33028453,563023090,14716393,577739483,8.136754858676372,8.61875349875398,0.27542486786842346,7,63,39,1.5897436
17,20,1949,00:00:02.5560000,59,437216,444722,941076053,1043772450,50502880,1094275330,17459617,1111734947,8.77912528818752,7.367149611583328,0.34756508469581604,7,60,40,1.475
18,0,761,00:00:00.0310000,1,1,1,1008,1008,0,1008,1344,2352,1,1,0,0,1,1,0
18,1,842,00:00:00.0570000,1,1,1,2014,2014,0,2014,2512,4526,1,1,0,0,1,1,0
18,2,930,00:00:00.0580000,1,1,1,4026,4026,0,4026,4996,9022,1,1,0,0,1,1,0
18,3,1020,00:00:00.0590000,1,6,7,8024,8036,0,8036,10206,18242,1,1,0,0,1,1,0
18,4,1106,00:00:00.0610000,2,11,17,16000,16024,0,16024,20024,36048,1.0024375,1.0048868269514615,0,1,2,1,1
18,5,1192,00:00:00.0640000,4,27,39,31913,32008,0,32008,39807,71815,1.0110613229718297,1.02243160660634,0.00673591298982501,1,4,3,1
18,6,1275,00:00:00.0760000,7,40,63,63893,64234,0,64234,77521,141755,1.0431189645188048,1.0913822912148612,0.031906817108392715,1,7,6,1
18,7,1352,00:00:00.0800000,12,76,115,128189,129057,140,129197,148086,277283,1.1280843130065763,1.3065927681989742,0.08368940651416779,1,12,11,1
18,8,1417,00:00:00.0870000,17,166,230,251301,253801,2660,256461,263923,520384,1.2724382314435676,1.8055726490097859,0.16703155636787415,2,17,15,1.0666667
18,9,1474,00:00:00.0980000,23,286,379,494298,501683,16213,517896,454865,972761,1.4720532957851338,2.826522366006298,0.253091961145401,2,23,21,1.0476191
18,10,1522,00:00:00.1150000,35,581,720,958088,974403,60542,1034945,746456,1781401,1.7409736892644516,4.481803929240585,0.3196549415588379,4,35,28,1.2142857
18,11,1555,00:00:00.1360000,38,1115,1309,1871609,1916961,153217,2070178,1090904,3161082,2.4243888547233956,7.629292239438169,0.36887291073799133,4,38,30,1.2333333
18,12,1572,00:00:00.1570000,37,2048,2309,3861001,3983472,298551,4282023,1398539,5680562,3.4669796770319405,5.400398092082762,0.33474311232566833,5,37,27,1.3333334
18,13,1583,00:00:00.1800000,37,3655,3981,7526102,7819767,557166,8376933,1740980,10117913,4.171221702815083,3.224515506803783,0.2891741394996643,6,37,26,1.3846154
18,14,1593,00:00:00.2170000,44,7125,7601,14769560,15412338,1123571,16535909,2251991,18787900,4.660558337553725,2.7193278675677868,0.23967799544334412,6,44,34,1.2647059
18,15,1603,00:00:00.2920000,49,13869,14609,29461519,31083397,2433392,33516789,3096376,36613165,5.075379175119925,3.052806852595585,0.21884357929229736,5,49,36,1.3333334
18,16,1612,00:00:00.4400000,59,26627,27860,56722066,60576167,5015569,65591736,4331738,69923474,5.480796591576901,4.315390201176624,0.2139531373977661,5,59,41,1.4146341
18,17,1621,00:00:00.7600000,74,56641,58787,119250957,129338195,10718824,140057019,6358545,146415564,6.070558024955724,7.475346857244487,0.23233072459697723,6,74,52,1.4038461
18,18,1628,00:00:01.2280000,78,116016,119590,240524960,267923136,20575606,288498742,8965420,297464162,6.74082844873979,12.201895054694901,0.27450960874557495,7,78,54,1.425926
18,19,1633,00:00:01.8870000,79,217346,222828,443255580,509477636,35064994,544542630,11911558,556454188,7.384228505369295,16.7415865092457,0.2804574966430664,7,80,55,1.4363636
18,20,1638,00:00:03.1440000,91,459764,468817,927124262,1090151711,65357380,1155509091,16620045,1172129136,8.094051811147619,21.15724543377674,0.2737688422203064,7,92,61,1.4918033
1,0,623,00:00:00.0280000,1,1,2,1003,1003,0,1003,1190,2193,1,1,0,0,1,1,0
1,1,709,00:00:00.0520000,1,1,2,2013,2013,0,2013,2461,4474,1,1,0,0,1,1,0
1,2,802,00:00:00.0530000,1,2,3,4020,4021,0,4021,5281,9302,1,1,0,0,1,1,0
1,3,887,00:00:00.0540000,1,5,7,7997,8011,0,8011,10141,18152,1,1,0,0,1,1,0
1,4,972,00:00:00.0560000,4,7,10,15994,16012,0,16012,19905,35917,1.0060022508440665,1.0121006089516762,0,1,4,3,1
1,5,1059,00:00:00.0720000,5,12,19,32250,32301,0,32301,40011,72312,1.020124031007752,1.0413758310040762,0.019216638058423996,1,5,4,1
1,6,1138,00:00:00.0780000,8,32,42,63955,64092,0,64092,76230,140322,1.064779923383629,1.1419874461441888,0.05134134367108345,1,8,7,1
1,7,1211,00:00:00.0830000,9,67,85,127441,128077,121,128198,142295,270493,1.1600505331879065,1.4052298146682716,0.12257610261440277,1,9,8,1
1,8,1274,00:00:00.0880000,13,132,169,254196,255750,2636,258386,254300,512686,1.3219090780342728,2.0573059664329323,0.2206505835056305,2,13,11,1.0909091
1,9,1328,00:00:00.0970000,17,282,347,497151,502278,15761,518039,435736,953775,1.5158573552099865,3.26994294867618,0.3323691189289093,2,17,13,1.2307693
1,10,1376,00:00:00.1130000,21,561,689,959573,976245,60837,1037082,728829,1765911,1.7255300013651906,5.008404847012254,0.39767685532569885,2,21,17,1.1764706
1,11,1419,00:00:00.1390000,28,1051,1270,1828541,1874048,184618,2058666,1189900,3248566,1.9736472958495326,7.081393935685434,0.42783063650131226,3,28,21,1.2857143
1,12,1458,00:00:00.1850000,38,1950,2344,3549942,3665305,490603,4155908,1907012,6062920,2.307523897573538,9.32274297877453,0.42025309801101685,3,38,28,1.3214285
1,13,1490,00:00:00.2550000,48,3826,4478,6777352,7074307,1123388,8197695,2897574,11095269,2.721639808586008,10.23663274834162,0.3915025293827057,4,48,37,1.2702702
1,14,1517,00:00:00.3580000,54,7302,8361,13078742,13985906,2407394,16393300,4278294,20671594,3.2242822742431954,9.086960311793623,0.3494603633880615,5,54,39,1.3589743
1,15,1536,00:00:00.5020000,59,14816,16399,27807480,30232977,4539807,34772784,5864562,40637346,4.349840222846515,9.330635208748511,0.28414592146873474,6,59,41,1.4146341
1,16,1544,00:00:00.6240000,54,27587,29574,55214734,60206173,6680379,66886552,6962040,73848592,5.556492258026634,5.458074965541121,0.18372374773025513,7,54,36,1.4722222
1,17,1550,00:00:00.8060000,54,54469,57010,113066536,123975718,10285615,134261333,8283889,142545222,6.479841427175234,4.358123478315819,0.12430892884731293,7,54,36,1.4722222
1,18,1556,00:00:01.1840000,64,120618,124358,253653589,281748427,18762484,300510911,10509271,311020182,7.178159296614565,5.191884090063096,0.09148722141981125,8,64,43,1.4651163
1,19,1560,00:00:01.6910000,68,213012,218248,441311124,500686386,30539403,531225789,12876036,544101825,7.593595032514974,6.735416579439201,0.10719034075737,7,69,45,1.5111111
1,20,1565,00:00:02.9060000,77,445815,454512,906934874,1056668404,60306928,1116975332,17512643,1134487975,8.111833280324381,10.465207511016901,0.18023796379566193,6,78,58,1.3275862
19,0,685,00:00:00.0420000,1,2,2,1003,1004,0,1004,1310,2314,1,1,0,0,1,1,0
19,1,788,00:00:00.0730000,1,2,3,2018,2019,0,2019,2894,4913,1,1,0,0,1,1,0
19,2,872,00:00:00.0740000,1,6,7,3995,4005,0,4005,5313,9318,1,1,0,0,1,1,0
19,3,959,00:00:00.0760000,4,6,8,8071,8082,0,8082,10468,18550,1.0043365134431916,1.0087231465632256,0,1,4,3,1
19,4,1042,00:00:00.0870000,6,10,12,16012,16025,0,16025,20021,36046,1.0187359480389708,1.038428535771882,0.013882002793252468,1,6,5,1
19,5,1123,00:00:00.0890000,7,20,27,32041,32120,0,32120,38402,70522,1.0536188009113323,1.1087175725919518,0.040516193956136703,2,7,5,1.2
19,6,1194,00:00:00.0910000,9,49,58,63829,64147,0,64147,70216,134363,1.1962587538579643,1.3993670949249581,0.11550390720367432,2,9,7,1.1428572
19,7,1244,00:00:00.0940000,12,86,105,129397,130273,81,130354,115044,245398,1.583862067899565,2.319530720780511,0.2113291174173355,3,12,9,1.2222222
19,8,1274,00:00:00.0970000,15,146,174,253666,255746,1326,257072,167659,424731,2.06611055482406,3.1051539459667867,0.23676055669784546,3,15,11,1.2727273
19,9,1297,00:00:00.1010000,17,280,326,516548,522047,7688,529735,244349,774084,2.5296739122017704,2.9754019479240856,0.13897566497325897,4,17,12,1.3333334
19,10,1315,00:00:00.1070000,17,536,604,1007073,1025890,28028,1053918,354787,1408705,2.9028104218860005,2.9104525687356992,0.11784043908119202,4,17,12,1.3333334
19,11,1331,00:00:00.1160000,26,991,1098,1970911,2008068,84340,2092408,526910,2619318,3.248432831315062,3.1729704427290337,0.09426894783973694,4,26,21,1.1904762
19,12,1346,00:00:00.1320000,28,1883,2049,3871801,3970912,227693,4198605,803100,5001705,3.5976001865798373,3.6774687256768774,0.12939830124378204,5,28,22,1.2272727
19,13,1360,00:00:00.1580000,33,3661,3944,7694540,7955348,567313,8522661,1242172,9764833,3.9836792062943336,4.6330895187171866,0.12316573411226273,5,33,26,1.2307693
19,14,1372,00:00:00.2020000,41,7149,7617,15171608,15860825,1261989,17122814,1866419,18989233,4.510621550464526,6.184115620959188,0.12207120656967163,8,41,30,1.3333334
19,15,1379,00:00:00.2560000,37,14799,15439,32133826,33674020,2147893,35821913,2445330,38267243,5.971089188072407,9.198183310056688,0.1172524243593216,7,37,26,1.3846154
19,16,1382,00:00:00.3010000,31,28510,29276,64281684,67098859,3009692,70108551,2849411,72957962,7.249134263501871,5.6503106148811595,0.1038380041718483,8,31,21,1.4285715
19,17,1385,00:00:00.4150000,28,65725,66666,151493004,157740763,5064324,162805087,3533938,166339025,8.172236329804377,3.2672581550556514,0.133514404296875,7,28,18,1.5
19,18,1387,00:00:00.5800000,28,114601,115753,266053670,277127422,8002209,285129631,4273339,289402970,8.526218559586116,2.7266252015117365,0.22799339890480042,7,28,18,1.5
19,19,1390,00:00:01.0220000,28,247288,249222,571481615,598173798,17295996,615469794,6056394,621526188,8.802548594673514,2.4513011214931506,0.43798625469207764,7,28,18,1.5
19,20,1393,00:00:01.8550000,25,483630,487407,1102253841,1170383690,37355475,1207739165,8999088,1216738253,8.947449738122527,2.421892417740403,0.824604332447052,7,25,15,1.6
20,0,897,00:00:00.0330000,1,1,1,1005,1005,0,1005,1321,2326,1,1,0,0,1,1,0
20,1,993,00:00:00.0580000,1,3,3,2001,2003,0,2003,2790,4793,1,1,0,0,1,1,0
20,2,1084,00:00:00.0590000,2,3,4,4030,4031,0,4031,5482,9513,1.0037220843672456,1.007471850059782,0,1,2,1,1
20,3,1170,00:00:00.0610000,2,7,9,8017,8029,0,8029,10567,18596,1.008980915554447,1.0181231476712846,0,1,2,1,1
20,4,1256,00:00:00.0630000,5,10,13,16078,16112,0,16112,20555,36667,1.0370070904341335,1.0771414640542978,0.014511577785015106,1,5,4,1
20,5,1335,00:00:00.0740000,7,24,31,31941,32039,0,32039,38863,70902,1.10162487085564,1.2280564302198307,0.04025164991617203,1,7,6,1
20,6,1403,00:00:00.0760000,10,39,49,64115,64390,0,64390,69701,134091,1.238711689932153,1.6057131329167569,0.08515165746212006,2,10,8,1.125
20,7,1457,00:00:00.0790000,12,77,94,127665,128583,97,128680,119111,247791,1.4415149022833196,2.2494933741890417,0.14111366868019104,2,12,10,1.1
20,8,1500,00:00:00.0830000,18,133,162,255964,257770,1883,259653,195818,455471,1.7075330905908643,3.0331745072796346,0.15541815757751465,2,18,16,1.0625
20,9,1534,00:00:00.0880000,21,285,337,502995,509093,10938,520031,310117,830148,2.001654091988986,3.6041774582501644,0.15999726951122284,3,21,17,1.1764706
20,10,1563,00:00:00.0980000,28,532,624,990117,1002230,41196,1043426,486847,1530273,2.3204409175885274,3.6950570995560024,0.1479247808456421,3,28,23,1.173913
20,11,1588,00:00:00.1130000,29,1000,1151,1903961,1943990,122307,2066297,754351,2820648,2.631811786060744,3.60383925043647,0.13755248486995697,4,29,23,1.2173913
20,12,1611,00:00:00.1370000,35,1944,2189,3724467,3834438,326279,4160717,1177109,5337826,2.9844493185199386,4.074122458980007,0.13389113545417786,4,35,27,1.2592592
20,13,1631,00:00:00.1780000,45,3681,4068,7233907,7500533,772212,8272745,1797725,10070470,3.3944290409041753,5.604956162944944,0.14329124987125397,4,45,35,1.2571429
20,14,1648,00:00:00.2440000,52,6892,7535,13989351,14727486,1668596,16396082,2664941,19061023,3.8944750903740997,7.985901150512784,0.1615391969680786,6,52,38,1.3421053
20,15,1660,00:00:00.3280000,52,13775,14739,28783259,30702141,3091938,33794079,3650062,37444141,4.958400714804394,10.392931616042326,0.18417803943157196,7,52,38,1.3421053
20,16,1666,00:00:00.4370000,46,28926,30157,62647247,67067700,4793073,71860773,4471043,76331816,6.372031112556311,4.726697387526524,0.21497409045696259,7,46,34,1.3235294
20,17,1670,00:00:00.6060000,46,57926,59527,127606649,136772630,7428035,144200665,5380861,149581526,7.205553317209984,3.051724550703901,0.1676064133644104,8,46,32,1.40625
20,18,1674,00:00:00.8770000,49,122464,124717,272045109,293159333,13365663,306524996,6886294,313411290,7.819111803991301,2.8673274277058747,0.16778141260147095,7,49,32,1.5
20,19,1677,00:00:01.2930000,48,215464,218665,475230184,516856178,22359029,539215207,8656673,547871880,8.144859534006367,3.2349463726588334,0.14730596542358398,7,48,33,1.4242424
20,20,1681,00:00:02.2890000,46,448484,454151,970574219,1077491282,46525943,1124017225,12360197,1136377422,8.512265866192351,4.329280783620689,0.14391520619392395,5,46,33,1.3636364
21,0,904,00:00:00.0320000,2,2,2,1007,1007,0,1007,1229,2236,1.0178748758689176,1.0363883944803483,0,1,2,1,1
21,1,993,00:00:00.0620000,3,5,5,2005,2007,0,2007,2533,4540,1.0748129675810474,1.160970055819281,0.010372304357588291,1,3,2,1
21,2,1063,00:00:00.0720000,3,4,5,4013,4017,0,4017,4561,8578,1.1968602043359082,1.4647222587847903,0.020759645849466324,1,3,2,1
21,3,1122,00:00:00.0730000,4,4,8,8069,8069,0,8069,7828,15897,1.3695625232370803,1.894262245926732,0.041412580758333206,1,4,3,1
21,4,1168,00:00:00.0730000,4,10,15,16021,16030,0,16030,12899,28929,1.5298670494975344,2.0468546969820296,0.06111736595630646,1,4,3,1
21,5,1210,00:00:00.0740000,4,20,28,31959,32010,0,32010,22580,54590,1.6745204793641855,1.867503467720744,0.0897296890616417,1,4,3,1
21,6,1248,00:00:00.0760000,4,37,47,64134,64352,0,64352,39976,104328,1.7785885801602894,1.6096080042856127,0.10341861099004745,1,4,3,1
21,7,1283,00:00:00.0780000,4,75,89,127701,128620,71,128691,72076,200767,1.854793619470482,1.401363073758229,0.10694891959428787,1,4,3,1
21,8,1317,00:00:00.0810000,8,155,180,252542,255124,1557,256681,132497,389178,1.9099278535847504,1.292472647309747,0.11448315531015396,2,8,6,1.1666666
21,9,1352,00:00:00.0870000,13,303,346,498445,505098,10943,516041,249850,765891,1.9594438704370594,1.2473428160614362,0.11562763154506683,2,13,11,1.0909091
21,10,1389,00:00:00.0990000,20,530,612,972106,989637,49052,1038689,476949,1515638,2.0165321477287454,1.2849521034222033,0.12220130115747452,2,20,17,1.117647
21,11,1427,00:00:00.1210000,30,960,1131,1852048,1896780,165567,2062347,886524,2948871,2.117286377026945,1.4688364222240151,0.1270981729030609,4,30,24,1.2083334
21,12,1463,00:00:00.1610000,39,1982,2298,3609933,3734855,454685,4189540,1545734,5735274,2.4856885155486266,2.2204787484391497,0.14355966448783875,5,39,29,1.3103448
21,13,1483,00:00:00.2010000,45,3885,4369,7424806,7725876,865626,8591502,2157508,10749010,3.5829651306714276,4.438603685367889,0.136042520403862,6,45,33,1.3333334
21,14,1493,00:00:00.2440000,47,7451,8096,15055608,15739258,1409240,17148498,2672350,19820848,4.668278823412511,5.370516201929691,0.10698705911636353,7,47,35,1.3142858
21,15,1500,00:00:00.2930000,45,13996,14832,29337457,30977271,2307369,33284640,3260142,36544782,5.458173726509425,5.396361122164032,0.0940561518073082,7,45,33,1.3333334
21,16,1507,00:00:00.3990000,48,30056,31264,64265117,68550293,4424163,72974456,4240988,77215444,6.195873167086897,5.797226536841465,0.11508161574602127,7,48,38,1.2368422
21,17,1512,00:00:00.5730000,49,56418,58114,121465608,131021149,7760033,138781182,5385953,144167135,6.75859505021372,6.626640813742848,0.11863648146390915,6,49,38,1.2631578
21,18,1517,00:00:00.8870000,51,118602,121214,256408402,279813371,14892597,294705968,7229722,301935690,7.4416768448952775,7.087106074152643,0.17651033401489258,7,51,40,1.25
21,19,1521,00:00:01.4040000,56,238421,242459,514963274,567270923,27245621,594516544,9644157,604160701,8.053590778980483,6.175791791149274,0.18022827804088593,7,56,44,1.25
21,20,1524,00:00:02.1590000,55,421361,427273,900528731,1007956777,45286082,1053242859,12428559,1065671418,8.482491951719862,5.490236062734424,0.18218158185482025,6,55,44,1.2272727
22,0,768,00:00:00.0290000,2,2,2,1008,1008,0,1008,1103,2111,1.0069444444444444,1.013985275976698,0,1,2,1,1
22,1,845,00:00:00.0790000,2,2,2,2011,2011,0,2011,2162,4173,1.0198906016907012,1.040571833978987,0,1,2,1,1
22,2,924,00:00:00.0890000,2,2,2,4034,4034,0,4034,4354,8388,1.0661874070401587,1.1410487065320565,0,1,2,1,1
22,3,996,00:00:00.0930000,2,3,3,8064,8066,0,8066,8465,16531,1.1536458333333333,1.3514929848219073,0,1,2,1,1
22,4,1060,00:00:00.0940000,2,4,4,16190,16199,0,16199,15721,31920,1.3085855466337246,1.744351289690744,0,1,2,1,1
22,5,1111,00:00:00.0950000,2,10,12,32183,32244,0,32244,27382,59626,1.4764627287698475,1.9955777720072727,0,1,2,1,1
22,6,1155,00:00:00.0960000,4,29,34,64784,64906,0,64906,47567,112473,1.6331964682637687,1.8999548547628837,0.005228348542004824,2,4,2,1.5
22,7,1193,00:00:00.1060000,4,63,76,127867,128623,76,128699,82568,211267,1.7593593343083047,1.6686748760832466,0.017011262476444244,2,4,2,1.5
22,8,1229,00:00:00.1090000,9,129,149,255194,257237,1656,258893,146709,405602,1.8767682625767064,1.5280218758391033,0.031873669475317,2,9,7,1.1428572
22,9,1263,00:00:00.1150000,12,254,296,499596,506465,10851,517316,261812,779128,1.9917973722767996,1.5394170220483507,0.025561166927218437,2,12,10,1.1
22,10,1296,00:00:00.1360000,21,532,604,968746,984998,44675,1029673,462639,1492312,2.1378194077704578,1.7860962685829205,0.051946185529232025,3,21,18,1.1111112
22,11,1328,00:00:00.1540000,28,1014,1138,1871314,1914039,144469,2058508,804143,2862651,2.342908245222341,2.4148771788499963,0.09233935922384262,3,28,24,1.125
22,12,1358,00:00:00.1860000,37,1981,2226,3632939,3730834,397584,4128418,1355819,5484237,2.6289998263114245,3.7995921597260645,0.15019507706165314,3,37,31,1.1612903
22,13,1385,00:00:00.2440000,42,3703,4135,7005748,7274563,966122,8240685,2193220,10433905,2.9741727792663966,6.382244866189133,0.21680419147014618,4,42,33,1.2424242
22,14,1410,00:00:00.3270000,53,7422,8219,13836261,14627464,2242268,16869732,3492129,20361861,3.395745064363848,10.46356277268928,0.2728867530822754,5,53,37,1.4054054
22,15,1430,00:00:00.4570000,68,14158,15584,26990407,28847067,4596001,33443068,5197182,38640250,3.944728917944809,16.08596348526724,0.30264413356781006,6,68,47,1.4255319
22,16,1446,00:00:00.6960000,82,28282,30585,54985707,59828206,8872840,68701046,7428045,76129091,4.683254832023893,18.054199786579115,0.2916434705257416,7,82,57,1.4210526
22,17,1456,00:00:00.9620000,88,54123,57489,108325769,119051636,14669359,133720995,9654653,143375648,5.682426413238756,18.047680523411763,0.2947881519794464,8,89,59,1.4915254
22,18,1462,00:00:01.3100000,73,117013,121457,242062473,269933005,22409627,292342632,11805036,304147668,7.193967658092959,8.714088290871961,0.2972957193851471,9,74,46,1.5869565
22,19,1466,00:00:01.8480000,63,250356,256148,527237027,592430100,34667037,627097137,14240560,641337697,8.187748687840166,5.0675919639700515,0.3194237947463989,8,63,39,1.5897436
22,20,1469,00:00:02.6900000,66,465411,473030,983303837,1111806952,53992537,1165799489,17164524,1182964013,8.671754168086299,4.547503910270271,0.3111356496810913,9,66,43,1.5116279
23,0,713,00:00:00.0310000,3,3,3,1002,1002,0,1002,1314,2316,1.0059880239520957,1.012064033259623,0,1,3,2,1
23,1,799,00:00:00.0680000,3,3,3,2007,2007,0,2007,2568,4575,1.0264075734927753,1.0543160377702656,0.007283375598490238,1,3,2,1
23,2,874,00:00:00.0690000,3,3,3,4014,4014,0,4014,4698,8712,1.0752366716492276,1.1625910735618123,0.025618789717555046,1,3,2,1
23,3,945,00:00:00.0700000,4,7,9,8071,8080,0,8080,8708,16788,1.186593978441333,1.4446484386574403,0.07804115116596222,2,4,2,1.5
23,4,1003,00:00:00.0710000,4,15,19,15963,16007,0,16007,15174,31181,1.3538182045981333,1.915253297299537,0.15652680397033691,2,4,2,1.5
23,5,1052,00:00:00.0720000,7,20,26,32466,32538,0,32538,26475,59013,1.5795909566931559,2.4034296093384206,0.1420164406299591,2,7,5,1.2
23,6,1089,00:00:00.0740000,8,33,42,64834,65091,0,65091,43457,108548,1.8184902983002746,2.7187889276825326,0.16164158284664154,2,8,6,1.1666666
23,7,1118,00:00:00.0750000,12,65,80,128503,129149,52,129201,69634,198835,2.076153864112122,3.028565556028138,0.15821504592895508,3,12,9,1.2222222
23,8,1142,00:00:00.0770000,15,122,143,256749,258259,1116,259375,112004,371379,2.3461590892272217,3.2092372422361373,0.14804527163505554,3,15,12,1.1666666
23,9,1163,00:00:00.0810000,15,240,267,513177,517791,7122,524913,182498,707411,2.6293540045637274,3.3006516631020832,0.1753808557987213,3,15,12,1.1666666
23,10,1181,00:00:00.0850000,16,495,538,993018,1005890,27248,1033138,292380,1325518,2.8979273286083433,3.5971276320251246,0.1558716744184494,3,16,13,1.1538461
23,11,1198,00:00:00.0940000,19,891,969,1924082,1963859,85038,2048897,472182,2521079,3.1628189443069474,4.227633251506584,0.15683723986148834,4,19,14,1.2857143
23,12,1215,00:00:00.1110000,29,1785,1928,3864219,3953240,244880,4198120,783567,4981687,3.464504729157431,5.364836481026871,0.161312535405159,5,29,21,1.3333334
23,13,1230,00:00:00.1380000,34,3610,3871,7628176,7851860,601437,8453297,1251605,9704902,3.8916553577159205,7.229973438875956,0.1698833405971527,6,34,25,1.32
23,14,1241,00:00:00.1770000,37,6792,7214,14816574,15332324,1210880,16543204,1810746,18353950,4.561886573778796,8.111916518772787,0.15797029435634613,7,37,26,1.3846154
23,15,1249,00:00:00.2340000,37,14042,14663,30739585,32043406,2223279,34266685,2472191,36738876,5.552244638305949,6.927226591281345,0.12100911140441895,8,37,25,1.44
23,16,1254,00:00:00.3100000,32,31799,32636,71313155,74480868,3741569,78222437,3170141,81392578,6.95732213782997,4.436639743099726,0.0853070616722107,7,32,21,1.4761904
23,17,1257,00:00:00.4190000,25,64083,65131,145547715,152344538,5897128,158241666,3880925,162122591,7.826307420903173,2.414367208710742,0.0680941715836525,8,25,15,1.6
23,18,1260,00:00:00.6420000,20,134504,135952,307768748,323829106,10728932,334558038,5058932,339616970,8.372279202305492,1.6378370647710785,0.04382302239537239,8,20,10,1.9
23,19,1262,00:00:00.9560000,20,216149,218168,493908878,522095664,16903021,538998685,6253666,545252351,8.598293408283299,1.4321481096868063,0.04642292857170105,7,20,11,1.7272727
23,20,1266,00:00:02,21,508229,512649,1141488063,1228987449,43013653,1272001102,10114413,1282115515,8.838583133742327,1.283372453743824,0.025288742035627365,6,21,15,1.3333334
24,0,629,00:00:00.0180000,1,1,2,1001,1001,0,1001,1159,2160,1,1,0,0,1,1,0
24,1,717,00:00:00.0450000,2,3,4,2019,2020,0,2020,2431,4451,1.0019811788013868,1.0039702478907508,0,1,2,1,1
24,2,807,00:00:00.0470000,2,6,7,4026,4030,0,4030,5099,9129,1.011425732737208,1.0231124921838297,0,1,2,1,1
24,3,890,00:00:00.0480000,2,10,14,8073,8086,0,8086,9787,17873,1.0351789917007308,1.0728265944057633,0,1,2,1,1
24,4,969,00:00:00.0500000,6,14,19,16003,16045,0,16045,18893,34938,1.0990439292632632,1.2186439446483037,0.016322368755936623,1,6,5,1
24,5,1038,00:00:00.0620000,7,23,32,32064,32182,0,32182,34724,66906,1.222367764471058,1.5417673264423684,0.03895816206932068,1,7,6,1
24,6,1094,00:00:00.0640000,8,39,51,63906,64236,0,64236,60322,124558,1.3921541013363377,1.9813671774223658,0.06846798956394196,2,8,6,1.1666666
24,7,1140,00:00:00.0670000,9,78,99,127052,127964,82,128046,102177,230223,1.582871580140415,2.243337622570927,0.09162832796573639,2,9,7,1.1428572
24,8,1179,00:00:00.0710000,13,145,176,252426,254848,1702,256550,171089,427639,1.7846774896405284,2.315740156753838,0.09723606705665588,3,13,10,1.2
24,9,1213,00:00:00.0760000,15,289,332,498831,505790,10591,516381,284384,800765,2.0175911280573984,2.504004353199934,0.09485897421836853,3,15,12,1.1666666
24,10,1242,00:00:00.0860000,18,533,612,977331,995074,40275,1035349,459142,1494491,2.318181864690673,2.990962868946209,0.08797553181648254,3,18,15,1.1333333
24,11,1266,00:00:00.1000000,24,984,1107,1896115,1936333,116923,2053256,712993,2766249,2.705954016502164,3.654222119002627,0.0740182101726532,4,24,19,1.2105263
24,12,1287,00:00:00.1220000,28,1915,2113,3816843,3912873,305554,4218427,1098456,5316883,3.168644348221816,4.032387125390331,0.06931910663843155,5,28,22,1.2272727
24,13,1304,00:00:00.1560000,30,3679,3986,7436229,7692342,698124,8390466,1630046,10020512,3.630781542634042,4.346310728079271,0.07924000173807144,5,30,22,1.3181819
24,14,1319,00:00:00.2150000,30,7120,7643,14602059,15346813,1532342,16879155,2407478,19286633,4.115130818194886,5.359600781852372,0.0996866524219513,5,30,22,1.3181819
24,15,1332,00:00:00.3050000,40,13846,14728,28601262,30371527,3192199,33563726,3515928,37079654,4.599963316304015,7.326572680664992,0.16831935942173004,6,40,31,1.2580645
24,16,1344,00:00:00.4770000,52,28143,29720,57682152,62365384,6638771,69004155,5197146,74201301,5.134364733826159,9.466932223728502,0.23603051900863647,7,52,37,1.3783784
24,17,1354,00:00:00.7580000,65,57109,59809,117278036,129055938,13039093,142095031,7502024,149597055,5.801721926857643,12.322744206272755,0.41310009360313416,7,65,41,1.5609756
24,18,1361,00:00:01.1560000,77,111399,115569,230802593,256788075,22571536,279359611,10083803,289443414,6.610042704329583,15.943893256797503,0.36496442556381226,8,77,46,1.6521739
24,19,1366,00:00:01.7700000,79,220535,226541,460364903,518581860,36660372,555242232,12990667,568232899,7.547525409425053,14.888174792474505,0.32414889335632324,8,79,48,1.625
24,20,1370,00:00:02.7800000,77,455604,464136,953420506,1083900184,60538721,1144438905,16723573,1161162478,8.429609342805556,8.599527889084218,0.29958266019821167,8,77,49,1.5510204
25,0,883,00:00:00.0190000,2,3,3,1005,1006,0,1006,1363,2369,1.0258706467661691,1.0530779320995984,0,1,2,1,1
25,1,956,00:00:00.0280000,3,3,3,2004,2004,0,2004,2356,4360,1.1032934131736527,1.228705345817621,0.026175808161497116,1,3,2,1
25,2,1018,00:00:00.0550000,3,4,4,4003,4006,0,4006,4148,8154,1.2545590806894829,1.6262910295600859,0.06745485216379166,1,3,2,1
25,3,1074,00:00:00.0560000,5,9,10,8008,8023,0,8023,7400,15423,1.4168331668331668,2.0115885928481023,0.10994349420070648,2,5,3,1.3333334
25,4,1120,00:00:00.0570000,6,17,18,16075,16113,0,16113,12751,28864,1.5961430793157076,2.1922738992306274,0.15939654409885406,2,6,4,1.25
25,5,1158,00:00:00.0580000,8,25,27,32074,32180,0,32180,21399,53579,1.7836565442414416,2.200976836931553,0.18137836456298828,2,8,6,1.1666666
25,6,1190,00:00:00.0590000,10,46,49,64018,64305,0,64305,36180,100485,1.9817238901558936,2.3605869560156423,0.18236477673053741,2,10,8,1.125
25,7,1217,00:00:00.0610000,11,81,89,128422,129470,48,129518,60725,190243,2.188129759698494,2.8027071372171597,0.18685495853424072,2,11,9,1.1111112
25,8,1240,00:00:00.0630000,16,138,153,255009,257021,1073,258094,101680,359774,2.390252893035148,3.443237137922234,0.19007709622383118,3,16,12,1.25
25,9,1262,00:00:00.0660000,18,263,292,514980,521321,7428,528749,175934,704683,2.584129480756534,4.062103036739518,0.19956104457378387,3,18,14,1.2142857
25,10,1282,00:00:00.0720000,24,513,567,1000087,1012977,29975,1042952,298683,1341635,2.768346153884612,4.574212573227268,0.20269177854061127,3,24,20,1.15
25,11,1302,00:00:00.0830000,27,977,1070,1938749,1975074,98715,2073789,513663,2587452,2.9558823756969055,5.183143919326681,0.2075289785861969,3,27,23,1.1304348
25,12,1322,00:00:00.1040000,33,1890,2050,3740762,3842273,282709,4124982,881581,5006563,3.1600719318684267,6.135853474663463,0.21174006164073944,4,33,26,1.2307693
25,13,1342,00:00:00.1420000,45,3622,3948,7213389,7462809,735000,8197809,1500157,9697966,3.3933708552249158,7.536166492749879,0.22621002793312073,4,45,31,1.4193548
25,14,1363,00:00:00.2240000,52,7352,8011,14321339,15048798,1874443,16923241,2591755,19514996,3.6717721715825595,9.445729716940184,0.2451806664466858,5,52,36,1.4166666
25,15,1382,00:00:00.3610000,66,13999,15240,27359987,29197275,4211945,33409220,4222257,37631477,4.006184469312796,12.550066507323834,0.2685988247394562,6,67,44,1.5
25,16,1399,00:00:00.6330000,85,27588,29743,54087529,58565567,8758743,67324310,6582746,73907056,4.570295437234709,19.63567229106148,0.41760939359664917,6,85,53,1.5849056
25,17,1411,00:00:01.0260000,88,55815,59311,111054801,122949067,15827502,138776569,9285389,148061958,5.527076627691224,24.464056435388013,0.4671436846256256,7,88,53,1.6415094
25,18,1418,00:00:01.4640000,85,107859,112750,216746267,244313559,24820826,269134385,11811501,280945886,6.512772429893799,17.90150312318768,0.4375295042991638,8,85,49,1.7142857
25,19,1424,00:00:02.2490000,92,239385,246478,489135886,557436453,42080669,599517122,15361160,614878282,7.569202763421861,15.567733972316768,0.3403683602809906,8,92,58,1.5689656
25,20,1428,00:00:03.3250000,81,465370,475306,947836026,1100749890,67269237,1168019127,19239750,1187258877,8.328798854919237,16.921771307608047,0.38553720712661743,8,82,50,1.62
26,0,883,00:00:00.0180000,1,1,1,1002,1002,0,1002,1191,2193,1,1,0,0,1,1,0
26,1,979,00:00:00.0450000,1,1,1,2018,2018,0,2018,2522,4540,1,1,0,0,1,1,0
26,2,1062,00:00:00.0460000,1,2,2,4023,4024,0,4024,4901,8925,1,1,0,0,1,1,0
26,3,1150,00:00:00.0470000,2,8,8,7996,8012,0,8012,9954,17966,1.0030015007503752,1.0060210400672718,0,1,2,1,1
26,4,1232,00:00:00.0500000,6,22,22,15953,16049,0,16049,19149,35198,1.0155456653920893,1.0317481243374809,0.010074893943965435,1,6,5,1
26,5,1313,00:00:00.0650000,14,37,39,31991,32175,0,32175,37803,69978,1.0607983495358069,1.1326708682059463,0.04796113818883896,1,14,13,1
26,6,1384,00:00:00.0720000,21,56,63,64356,64540,0,64540,69801,134341,1.1657654297967555,1.4096216202751943,0.12285981327295303,2,21,19,1.0526316
26,7,1443,00:00:00.0760000,23,93,108,127833,128368,91,128459,123245,251704,1.3694429450924253,2.118045793989254,0.2436087429523468,2,23,20,1.1
26,8,1487,00:00:00.0810000,23,181,208,256357,258644,1890,260534,201336,461870,1.6938722172595249,3.6866277500701754,0.36636680364608765,2,23,20,1.1
26,9,1519,00:00:00.0870000,25,311,351,496545,503350,10235,513585,307933,821518,2.0403407546143852,4.597040282428266,0.4051830768585205,2,25,21,1.1428572
26,10,1547,00:00:00.0960000,30,551,623,983851,1001804,39473,1041277,477950,1519227,2.360633876471132,3.5375951762346705,0.38234034180641174,3,30,25,1.16
26,11,1572,00:00:00.1110000,36,1010,1126,1887570,1930551,120861,2051412,745450,2796862,2.609911155612772,2.661280842712158,0.3278537094593048,3,36,30,1.1666666
26,12,1598,00:00:00.1390000,44,1933,2126,3711908,3822125,351482,4173607,1225167,5398774,2.8333261492472337,2.3349185527832566,0.2647094428539276,3,44,38,1.1315789
26,13,1623,00:00:00.1890000,48,3703,4096,6995981,7319656,900003,8219659,2006825,10226484,3.051298166761745,2.486012662984341,0.2253006398677826,4,48,39,1.2051282
26,14,1649,00:00:00.2870000,57,7268,8073,13726589,14587851,2244187,16832038,3361386,20193424,3.349846855617226,3.4248920651866754,0.21869231760501862,5,57,42,1.3333334
26,15,1671,00:00:00.4460000,67,14046,15520,26497116,28566634,4805545,33372179,5234091,38606270,3.846263910381794,6.185072529944396,0.25794196128845215,6,67,44,1.5
26,16,1685,00:00:00.6370000,67,27602,29822,53698608,58885491,8373579,67259070,7137563,74396633,4.933721373187178,9.872092337036788,0.25623437762260437,6,67,43,1.5348837
26,17,1693,00:00:00.8610000,67,56276,59247,113405583,125822639,13109991,138932630,8920622,147853252,6.135325286410282,8.034510550884542,0.2036869078874588,6,67,43,1.5348837
26,18,1698,00:00:01.1580000,70,108159,112028,223353221,249312643,19620697,268933340,10709433,279642773,7.065472402567233,9.052904113933788,0.19594977796077728,7,71,44,1.5909091
26,19,1703,00:00:01.7990000,73,247454,253042,515090769,583690089,34458611,618148700,13683325,631832025,7.952730214817731,11.226794405151619,0.16249918937683105,7,74,49,1.4897959
26,20,1706,00:00:02.5960000,69,429597,437178,885603720,1023078889,52930167,1076009056,16529403,1092538459,8.430088078220809,11.830430433217716,0.25859880447387695,7,69,49,1.3877552
27,0,866,00:00:00.0660000,1,1,1,1004,1004,0,1004,1226,2230,1,1,0,0,1,1,0
27,1,955,00:00:00.1010000,1,1,1,2013,2013,0,2013,2432,4445,1,1,0,0,1,1,0
27,2,1039,00:00:00.1040000,1,3,4,4023,4026,0,4026,4867,8893,1,1,0,0,1,1,0
27,3,1122,00:00:00.1060000,4,5,6,8004,8006,0,8006,9678,17684,1.0078710644677662,1.01590599449744,0,1,4,3,1
27,4,1207,00:00:00.1230000,4,9,11,16064,16086,0,16086,19365,35451,1.0309387450199203,1.0644491424150648,0.02768218144774437,1,4,3,1
27,5,1285,00:00:00.1270000,6,24,29,32061,32165,0,32165,37249,69414,1.1014940270110103,1.2286985114397713,0.08530130982398987,2,6,4,1.25
27,6,1351,00:00:00.1310000,8,39,52,63846,64180,0,64180,67388,131568,1.2544247094571312,1.6576347463704735,0.16084538400173187,2,8,6,1.1666666
27,7,1400,00:00:00.1350000,10,82,100,127169,128263,80,128343,111428,239771,1.5518797820223482,2.720001263902995,0.2284860759973526,2,10,7,1.2857143
27,8,1435,00:00:00.1410000,15,168,199,255744,258045,1544,259589,173418,433007,1.94457738988989,3.9997895933558203,0.2368478924036026,3,15,10,1.4
27,9,1461,00:00:00.1470000,18,299,345,501403,506723,8558,515281,260235,775516,2.301878927728793,3.634798584800246,0.2283991426229477,3,18,13,1.3076923
27,10,1484,00:00:00.1580000,19,546,618,995025,1011764,33324,1045088,399652,1444740,2.613214743348157,2.912848151009672,0.2088577151298523,4,19,13,1.3846154
27,11,1505,00:00:00.1740000,23,974,1092,1952356,1994793,105264,2100057,626369,2726426,2.9040876766327455,2.7624989756636618,0.18234756588935852,4,23,17,1.2941177
27,12,1524,00:00:00.1990000,25,1827,2021,3741620,3855335,279829,4135164,975828,5110992,3.208739529936231,3.1411970644100924,0.15505294501781464,4,25,19,1.2631578
27,13,1542,00:00:00.2440000,28,3565,3911,7350255,7663874,693514,8357388,1534817,9892205,3.5872137769369905,3.9105692784418316,0.14415915310382843,5,28,19,1.4210526
27,14,1558,00:00:00.3210000,36,6987,7554,14329896,15080408,1575151,16655559,2362426,19017985,3.991492541188017,4.185499823494759,0.13344572484493256,5,36,27,1.2962962
27,15,1573,00:00:00.4670000,42,13804,14814,27992452,30023611,3465944,33489555,3639716,37129271,4.405170293763476,3.8078723985741347,0.12711121141910553,7,42,31,1.3225807
27,16,1586,00:00:00.7210000,55,26817,28571,54457792,59191762,7042026,66233788,5432737,71666525,4.92933894565538,4.279383284521492,0.12074237316846848,8,55,41,1.3170732
27,17,1595,00:00:01.0570000,53,54731,57390,111848788,123854697,12325020,136179717,7410209,143589926,6.02335650700122,6.875489691187392,0.1392654925584793,9,54,38,1.3947369
27,18,1600,00:00:01.4410000,58,109702,113240,230592642,255534329,18778176,274312505,9182732,283495237,7.2170556812476265,9.104537821874775,0.2518170475959778,7,58,42,1.3571428
27,19,1604,00:00:02.1080000,56,239234,243975,513799865,567121247,30379515,597500762,11521934,609022696,8.226420993707345,9.152524341623558,0.23714855313301086,7,56,41,1.3414634
27,20,1607,00:00:03.1560000,52,462468,468968,1000435763,1106955722,49094375,1156050097,14374572,1170424669,8.805122518396017,6.936212858757676,0.28674477338790894,6,52,38,1.3421053
28,0,845,00:00:00.0420000,2,2,2,1003,1003,0,1003,1033,2036,1.0059820538384845,1.0120356470176082,0,1,2,1,1
28,1,928,00:00:00.0710000,3,4,5,2004,2005,0,2005,2190,4195,1.032435129740519,1.0673529783533384,0.022213172167539597,1,3,2,1
28,2,1005,00:00:00.0820000,5,5,7,4027,4027,0,4027,4334,8361,1.1112490687856966,1.2346204427729672,0.0703304260969162,2,5,3,1.3333334
28,3,1068,00:00:00.0830000,5,8,10,8079,8082,0,8082,7913,15995,1.3600693155093453,1.838544724903153,0.1689230501651764,2,5,3,1.3333334
28,4,1109,00:00:00.0840000,5,11,14,16323,16344,0,16344,12657,29001,1.7762053544078906,2.9051615614556368,0.2435225248336792,2,5,3,1.3333334
28,5,1135,00:00:00.0840000,5,16,20,32075,32125,0,32125,18464,50589,2.1616835541699144,2.9090921325553185,0.25269806385040283,2,5,3,1.3333334
28,6,1156,00:00:00.0850000,6,26,31,64001,64104,0,64104,27679,91783,2.453086670520773,2.198899218278123,0.23325775563716888,3,6,3,1.6666666
28,7,1175,00:00:00.0860000,6,55,63,130950,131329,38,131367,45212,176579,2.6619396716303934,1.6746300778972412,0.194514200091362,3,6,3,1.6666666
28,8,1192,00:00:00.0870000,8,131,145,260307,261335,858,262193,75636,337829,2.7944388740986605,1.4185672362818975,0.15348604321479797,3,8,5,1.4
28,9,1209,00:00:00.0900000,8,252,276,512572,516587,5907,522494,133035,655529,2.8841314000764773,1.2938562783431717,0.11595042794942856,3,8,5,1.4
28,10,1227,00:00:00.0950000,11,492,534,1014662,1026217,26768,1052985,243937,1296922,2.9640727651178422,1.2656757142300223,0.0847945585846901,4,11,7,1.4285715
28,11,1246,00:00:00.1040000,13,905,989,1979049,2016114,94696,2110810,450650,2561460,3.057841923065068,1.3417890444142402,0.06214844062924385,4,13,9,1.3333334
28,12,1265,00:00:00.1220000,19,1833,1986,3775472,3881876,273758,4155634,803102,4958736,3.22673271050613,1.6297908591468064,0.051912639290094376,5,19,14,1.2857143
28,13,1283,00:00:00.1550000,31,3579,3870,7419996,7668921,686760,8355681,1360734,9716415,3.614132406540381,2.497028415421613,0.06829854846000671,5,31,26,1.1538461
28,14,1297,00:00:00.2050000,34,7022,7505,14551167,15224886,1449195,16674081,2076111,18750192,4.217977156059029,4.293794239965915,0.0887816846370697,6,34,27,1.2222222
28,15,1308,00:00:00.2830000,44,14139,14923,29775680,31504992,2859710,34364702,3008220,37372922,4.955991937043923,7.066605121059235,0.10122185200452805,7,45,35,1.2571429
28,16,1316,00:00:00.3940000,52,27158,28382,58204076,62003219,5164155,67167374,4114710,71282084,5.644877499644527,8.973536759338586,0.1461191028356552,7,52,40,1.275
28,17,1323,00:00:00.6180000,51,55145,57048,117174765,127661460,9573088,137234548,5680893,142915441,6.318542844954713,9.55838084540888,0.15559078752994537,6,51,37,1.3513514
28,18,1329,00:00:00.9790000,60,112946,116025,238764116,264522254,17882526,282404780,7877059,290281839,6.977911701773477,11.20132959318549,0.16721199452877045,7,60,43,1.3720931
28,19,1334,00:00:01.5820000,60,223956,229001,464367765,529019200,32584597,561603797,10830492,572434289,7.553236426736038,13.903955117240349,0.23803240060806274,7,60,41,1.4390244
28,20,1339,00:00:02.8700000,73,485900,494586,995280133,1157141943,64512008,1221653951,15680982,1237334933,8.196370284626187,16.086144285554074,0.3551352024078369,8,73,51,1.4117647
2,0,858,00:00:00.0180000,1,1,1,1003,1003,0,1003,1296,2299,1,1,0,0,1,1,0
2,1,949,00:00:00.0440000,1,1,1,2002,2002,0,2002,2646,4648,1,1,0,0,1,1,0
2,2,1036,00:00:00.0460000,3,4,4,4042,4043,0,4043,5166,9209,1.003711034141514,1.0074563419538354,0,1,3,2,1
2,3,1119,00:00:00.0670000,4,8,9,8008,8016,0,8016,10037,18053,1.0238511488511488,1.049196805539031,0.017936348915100098,1,4,3,1
2,4,1203,00:00:00.0800000,6,15,18,16013,16032,0,16032,19709,35741,1.0693811278336351,1.1521290742386712,0.04816562309861183,1,6,5,1
2,5,1277,00:00:00.0820000,6,21,29,31961,32044,0,32044,36681,68725,1.1663590000312882,1.4173972124443148,0.11966845393180847,1,6,5,1
2,6,1338,00:00:00.0850000,7,39,51,63787,64154,0,64154,64377,128531,1.3216799661373007,2.0003155378374573,0.20868535339832306,1,7,6,1
2,7,1388,00:00:00.0870000,10,81,101,127671,128734,88,128822,109865,238687,1.4984530551182336,2.8857929613191806,0.28446346521377563,2,10,8,1.125
2,8,1432,00:00:00.0920000,14,145,186,255076,257765,1975,259740,188603,448343,1.6646646489673667,3.652857219684596,0.34636932611465454,2,14,11,1.1818181
2,9,1471,00:00:00.0980000,18,265,326,493654,500309,12029,512338,319465,831803,1.8191121716830005,4.077457935401333,0.38723519444465637,2,18,14,1.2142857
2,10,1509,00:00:00.1100000,23,529,625,960939,979281,49559,1028840,549913,1578753,1.9879326367230385,4.568672818059465,0.39887720346450806,3,23,18,1.2222222
2,11,1545,00:00:00.1310000,31,957,1128,1848213,1894338,158706,2053044,934998,2988042,2.189127551856848,5.539064064164395,0.3882334232330322,3,31,25,1.2
2,12,1580,00:00:00.1680000,37,1876,2199,3598185,3728899,447857,4176756,1581635,5758391,2.4519503583056457,7.187043774311956,0.4127119183540344,3,37,28,1.2857143
2,13,1611,00:00:00.2360000,49,3752,4316,6922409,7249472,1090213,8339685,2553129,10892814,2.7944506023842277,9.457683105543762,0.39232704043388367,4,49,38,1.2631578
2,14,1638,00:00:00.3250000,58,7328,8299,13497062,14376198,2427178,16803376,3957174,20760550,3.2602979077965264,12.052217093074198,0.36722832918167114,5,58,43,1.3255814
2,15,1659,00:00:00.4620000,74,13874,15433,26053218,28152678,4823176,32975854,5735223,38711077,3.8309641442373836,15.246118028095829,0.3264774680137634,6,74,52,1.4038461
2,16,1676,00:00:00.7060000,86,28042,30590,54161772,59385723,9245079,68630802,8085728,76716530,4.6610287602850216,21.116946882656677,0.29475831985473633,7,86,61,1.3934426
2,17,1684,00:00:00.9270000,81,54534,57882,110693974,121677600,13723161,135400761,9831679,145232440,6.215825732302284,20.114504652939907,0.29091063141822815,9,81,52,1.5384616
2,18,1688,00:00:01.1690000,61,123947,127893,266335845,290391760,18961850,309353610,11265559,320619169,8.025170036725624,7.164079590934996,0.19392932951450348,9,62,36,1.6944444
2,19,1690,00:00:01.4440000,50,215773,220118,475409256,514533683,24562101,539095784,12408975,551504759,8.76916760745609,4.716415161512316,0.1578485518693924,9,51,28,1.7857143
2,20,1693,00:00:02.2360000,35,508398,513989,1138791321,1228705093,43054681,1271759774,15216958,1286976732,9.41874381039474,3.2491005257050682,0.15600824356079102,7,35,20,1.7
29,0,822,00:00:00.0180000,2,2,3,1003,1003,0,1003,1362,2365,1.0019940179461615,1.0039959796742546,0,1,2,1,1
29,1,912,00:00:00.0450000,2,2,3,2007,2007,0,2007,2727,4734,1.0049825610363727,1.0100148315832942,0,1,2,1,1
29,2,1002,00:00:00.0460000,2,4,5,4030,4032,0,4032,5371,9403,1.0047146401985112,1.009473790047968,0,1,2,1,1
29,3,1084,00:00:00.0470000,2,5,7,7995,8002,0,8002,9996,17998,1.0140087554721702,1.0284098533558554,0,1,2,1,1
29,4,1166,00:00:00.0480000,3,8,11,15989,16010,0,16010,19440,35450,1.054224779535931,1.1145120510444206,0.010846665129065514,1,3,2,1
29,5,1239,00:00:00.0590000,4,10,18,32090,32137,0,32137,35998,68135,1.141632907447803,1.3244735833163088,0.02750963345170021,1,4,3,1
29,6,1303,00:00:00.0600000,5,27,41,64554,64691,0,64691,65289,129980,1.297162065867336,1.7443673727781936,0.0526619553565979,1,5,4,1
29,7,1354,00:00:00.0630000,6,60,81,127751,128282,97,128379,111642,240021,1.4625638938247059,2.084539085646224,0.0757632702589035,1,6,5,1
29,8,1399,00:00:00.0660000,11,125,151,253708,255269,1986,257255,191493,448748,1.6262474971226764,2.0802510094763442,0.09889543801546097,2,11,9,1.1111112
29,9,1441,00:00:00.0730000,13,265,322,499452,504405,12805,517210,332401,849611,1.7678235345939148,1.8832137815605514,0.11349918693304062,2,13,11,1.0909091
29,10,1482,00:00:00.0850000,17,517,617,970244,985937,53664,1039601,583736,1623337,1.9002580794109523,1.7916474052985893,0.12084820866584778,2,17,13,1.2307693
29,11,1522,00:00:00.1100000,25,1032,1219,1858930,1898768,174422,2073190,1015676,3088866,2.0652536674323403,1.9836501711085779,0.13237741589546204,3,25,19,1.2631578
29,12,1560,00:00:00.1540000,29,1942,2290,3510787,3638573,477465,4116038,1715303,5831341,2.2969117750521466,2.675691754592423,0.1663835197687149,3,29,23,1.2173913
29,13,1595,00:00:00.2360000,46,3840,4482,6900019,7177577,1175060,8352637,2805387,11158024,2.6782947988983796,4.694763435907019,0.1928243190050125,4,46,33,1.3636364
29,14,1624,00:00:00.3330000,51,7232,8329,13307459,14035257,2572908,16608165,4313258,20921423,3.1296685565591447,7.4062377645210615,0.21692109107971191,4,51,35,1.4285715
29,15,1649,00:00:00.5090000,56,14019,15847,25966777,27872556,5372657,33245213,6438504,39683717,3.6271781823366065,8.412558667032428,0.22476473450660706,5,56,39,1.4102564
29,16,1670,00:00:00.8940000,65,27160,30109,50948516,55685837,10658700,66344537,9349445,75693982,4.183727333687207,8.880024022187841,0.20383834838867188,6,65,46,1.3913044
29,17,1686,00:00:01.4160000,75,53109,57877,100434558,113066104,19464108,132530212,12915403,145445615,4.937790088148742,11.110208941906672,0.1875193566083908,8,75,51,1.4509804
29,18,1695,00:00:02,77,110386,116877,217552467,246582297,30106601,276688898,16078839,292767737,6.5397194231771225,15.765259753870595,0.25423482060432434,8,77,53,1.4339622
29,19,1699,00:00:02.5350000,63,230631,238308,479320379,536571764,40907686,577479450,18376364,595855814,8.110353474038291,6.5452832660415705,0.1846168488264084,9,63,42,1.4761904
29,20,1702,00:00:03.4150000,56,480168,489314,1039364879,1142962799,59116002,1202078801,21210187,1223288988,9.016713035384372,3.3639220111076833,0.1618981808423996,8,56,36,1.5277778
30,0,682,00:00:00.0160000,2,2,2,1007,1007,0,1007,1270,2277,1.002979145978153,1.0059760692543036,0,1,2,1,1
30,1,761,00:00:00.0450000,3,3,4,2009,2009,0,2009,2441,4450,1.0064708810353409,1.0130407106682897,0,1,3,2,1
30,2,844,00:00:00.0550000,3,6,7,4019,4025,0,4025,4794,8819,1.010699178900224,1.021677599499766,0,1,3,2,1
30,3,930,00:00:00.0560000,6,9,14,8037,8048,0,8048,9775,17823,1.0360831155903945,1.0755640019866635,0.022823432460427284,1,6,5,1
30,4,1007,00:00:00.0580000,6,23,32,16081,16146,0,16146,18818,34964,1.1062123002300852,1.244029789981946,0.07331577688455582,1,6,5,1
30,5,1074,00:00:00.0600000,9,32,45,31972,32096,0,32096,34196,66292,1.2361754034780432,1.6350647463825252,0.13943253457546234,2,9,7,1.1428572
30,6,1128,00:00:00.0630000,11,57,74,64162,64520,0,64520,58701,123221,1.4301611545774757,2.412197666640513,0.2176203578710556,2,11,9,1.1111112
30,7,1171,00:00:00.0660000,14,88,114,129376,130126,75,130201,97804,228005,1.6846710363591393,3.5580995576301153,0.24201692640781403,2,14,12,1.0833334
30,8,1204,00:00:00.0690000,15,145,178,254268,256199,1499,257698,156486,414184,1.9576667138609656,4.40247993400318,0.24976806342601776,2,15,12,1.1666666
30,9,1232,00:00:00.0730000,14,257,301,499321,505523,8985,514508,249575,764083,2.2236657380723024,3.9805685612778663,0.23944628238677979,2,14,11,1.1818181
30,10,1258,00:00:00.0810000,17,497,571,989844,1004485,36828,1041313,407908,1449221,2.4625254080440957,2.9895118731216273,0.22144190967082977,3,17,12,1.3333334
30,11,1283,00:00:00.0950000,20,1000,1119,1919589,1958837,120219,2079056,677179,2756235,2.6502386708821524,2.3138460415207978,0.1889408975839615,3,20,14,1.3571428
30,12,1309,00:00:00.1220000,26,1930,2169,3735958,3841554,354906,4196460,1161478,5357938,2.8253521586698778,2.025366698762588,0.1595655381679535,4,26,18,1.3888888
30,13,1335,00:00:00.1740000,33,3654,4091,7162185,7455232,933202,8388434,1981904,10370338,3.045664695899366,2.1554441286469377,0.1439175307750702,4,33,25,1.28
30,14,1359,00:00:00.2650000,46,7183,7989,13791999,14497709,2170515,16668224,3229743,19897967,3.4110893569525347,3.0553992124419063,0.14165520668029785,5,46,35,1.2857143
30,15,1379,00:00:00.4090000,58,13951,15347,27037614,28830774,4512993,33343767,4925169,38268936,3.9685940852621093,5.221483839909351,0.1606753170490265,5,58,44,1.2954545
30,16,1394,00:00:00.6150000,66,27898,30166,55279362,59720734,8464746,68185480,6993268,75178748,4.836489339366833,9.06174952260866,0.17281779646873474,7,66,45,1.4444444
30,17,1402,00:00:00.8360000,66,55727,58786,113900817,124032704,13145118,137177822,8766892,145944714,6.117341388341402,8.981501057385758,0.16194133460521698,8,67,45,1.4666667
30,18,1407,00:00:01.1130000,58,112682,116629,236096428,260116377,19710744,279827121,10562882,290390003,7.2212809547461685,6.443858221586784,0.17022259533405304,7,58,40,1.425
30,19,1411,00:00:01.6040000,56,225760,230976,478559393,532086261,31181482,563267743,12891899,576159642,7.957592868728835,6.162422067026218,0.20196372270584106,7,56,38,1.4473684
30,20,1415,00:00:02.6210000,49,473283,481049,986049550,1128568456,56196448,1184764904,16709253,1201474157,8.4963623349354,6.527458445960418,0.19934241473674774,6,49,34,1.4117647
31,0,629,00:00:00.0180000,2,3,3,1010,1011,0,1011,1071,2082,1.107920792079208,1.2384633146740325,0,1,2,1,1
31,1,693,00:00:00.0290000,3,3,3,2034,2034,0,2034,1947,3981,1.244346116027532,1.5890833509779603,0.02294338494539261,1,3,2,1
31,2,746,00:00:00.0550000,4,5,6,4024,4025,0,4025,3448,7473,1.4137673956262427,1.951924578750072,0.018149692565202713,2,4,2,1.5
31,3,791,00:00:00.0560000,4,7,9,8008,8014,0,8014,5972,13986,1.5819180819180818,2.041863630124622,0.031607016921043396,2,4,2,1.5
31,4,830,00:00:00.0570000,4,12,14,15988,16010,0,16010,10389,26399,1.7499374530898173,1.916399550768958,0.030892018228769302,2,4,2,1.5
31,5,864,00:00:00.0580000,5,18,20,32288,32371,0,32371,18042,50413,1.9155413776015857,1.8633072348939346,0.030116969719529152,2,5,3,1.3333334
31,6,893,00:00:00.0590000,6,31,33,64233,64404,0,64404,31308,95712,2.0955427895318604,1.9955263223372117,0.028765149414539337,2,6,4,1.25
31,7,918,00:00:00.0600000,6,64,68,128863,129467,49,129516,53980,183496,2.2781093098872445,2.1968844050047127,0.029369158670306206,2,6,4,1.25
31,8,940,00:00:00.0620000,8,128,139,254127,255696,1043,256739,93278,350017,2.4484253936024114,2.2397187503879663,0.03169490396976471,3,8,5,1.4
31,9,961,00:00:00.0650000,8,254,274,502302,508044,6880,514924,162810,677734,2.5936169873900563,2.0632506737636636,0.03399068862199783,3,8,5,1.4
31,10,982,00:00:00.0710000,13,465,508,984556,998958,29986,1028944,290650,1319594,2.726004412141107,1.8538245290241098,0.03648329898715019,3,13,9,1.3333334
31,11,1004,00:00:00.0830000,19,972,1057,1952153,1987856,105502,2093358,527562,2620920,2.876916921983062,1.7718016183090146,0.07284075766801834,4,19,13,1.3846154
31,12,1025,00:00:00.1040000,21,1880,2044,3775030,3881473,299142,4180615,916256,5096871,3.122327769580639,2.0136697912233195,0.0877327248454094,4,21,15,1.3333334
31,13,1043,00:00:00.1380000,27,3621,3924,7251201,7537388,705155,8242543,1472492,9715035,3.5444791835173235,2.803396460610434,0.10704810917377472,5,27,19,1.3684211
31,14,1059,00:00:00.1960000,37,7211,7770,14822500,15513437,1587050,17100487,2299694,19400181,4.1039089222465845,3.597026861963347,0.128800630569458,4,37,28,1.2857143
31,15,1072,00:00:00.2860000,42,13784,14730,28669920,30348167,3259121,33607288,3415403,37022691,4.5651159821862075,3.8532907769798364,0.13437272608280182,5,42,30,1.3666667
31,16,1084,00:00:00.4420000,49,27393,29030,56295026,60808322,6646872,67455194,5083876,72539070,5.075954046099916,4.690204594423454,0.13885226845741272,5,49,36,1.3333334
31,17,1093,00:00:00.7040000,61,57724,60313,119578068,130949064,12202995,143152059,7111465,150263524,6.122233501882636,6.690052723866877,0.13907788693904877,7,61,41,1.4634147
31,18,1098,00:00:01.0100000,59,117841,121332,248590166,274404461,19112764,293517225,8955904,302473129,7.311361162211059,7.617258969709533,0.2134709507226944,6,59,40,1.45
31,19,1101,00:00:01.3830000,57,211128,215480,452844813,499506384,27490289,526996673,10671883,537668556,8.097169391669723,8.832348718216537,0.19675210118293762,7,57,42,1.3333334
31,20,1105,00:00:02.4080000,52,515764,522340,1119424316,1236155522,52519599,1288675121,14468177,1303143298,8.928655712710103,8.822773089559975,0.17945341765880585,6,52,40,1.275
32,0,841,00:00:00.0350000,1,1,1,1008,1008,0,1008,1118,2126,1,1,0,0,1,1,0
32,1,928,00:00:00.0610000,2,2,3,2011,2011,0,2011,2341,4352,1.0014917951268025,1.0029880208938764,0,1,2,1,1
32,2,1013,00:00:00.0630000,2,2,3,4030,4030,0,4030,4885,8915,1.0096774193548388,1.019542088828995,0,1,2,1,1
32,3,1098,00:00:00.0640000,3,5,7,8021,8026,0,8026,9934,17960,1.029796783443461,1.0614384017049603,0.006778696086257696,1,3,2,1
32,4,1178,00:00:00.0750000,3,8,11,16100,16127,0,16127,19102,35229,1.0822981366459627,1.1784231525866966,0.01480703055858612,1,3,2,1
32,5,1246,00:00:00.0770000,5,22,28,31946,32029,0,32029,34486,66515,1.2160520878983285,1.4957827946324715,0.029802024364471436,2,5,3,1.3333334
32,6,1299,00:00:00.0790000,6,38,47,64021,64242,0,64242,58401,122643,1.4720013745489762,2.148093983130623,0.049566734582185745,2,6,4,1.25
32,7,1337,00:00:00.0810000,6,85,100,128784,129529,70,129599,92514,222113,1.8187740713132066,2.9355155302007754,0.059665460139513016,2,6,4,1.25
32,8,1365,00:00:00.0840000,7,155,172,257084,259463,1312,260775,142284,403059,2.1675716886309533,2.9606122662902306,0.056756336241960526,3,7,4,1.5
32,9,1388,00:00:00.0880000,10,282,310,504555,510644,7742,518386,219351,737737,2.445862195399907,2.401630064844814,0.048893604427576065,3,10,7,1.2857143
32,10,1410,00:00:00.0940000,16,512,572,999484,1014942,32071,1047013,353849,1400862,2.6715455174870235,1.9706418266787467,0.027534982189536095,3,16,13,1.1538461
32,11,1431,00:00:00.1060000,23,972,1063,1927592,1965293,103553,2068846,579316,2648162,2.8625751715093237,1.8470926884924044,0.025093527510762215,4,23,19,1.1578947
32,12,1453,00:00:00.1290000,27,1911,2085,3791513,3901394,306843,4208237,986797,5195034,3.0771262026531363,2.0456868565105903,0.030523840337991714,4,27,23,1.1304348
32,13,1474,00:00:00.1700000,35,3695,4039,7416409,7681157,793344,8474501,1649973,10124474,3.374447660586141,2.817082716233461,0.07658199965953827,4,35,29,1.1724138
32,14,1493,00:00:00.2450000,45,7117,7749,14389093,15055872,1831468,16887340,2643155,19530495,3.7560789967790185,4.163697571901815,0.25141972303390503,5,45,34,1.2941177
32,15,1509,00:00:00.3680000,52,13966,15067,28272135,30014393,3797303,33811696,4003979,37815675,4.361172440638105,5.3677781874572155,0.2584192156791687,7,52,36,1.4166666
32,16,1518,00:00:00.5100000,50,29707,31290,62631749,66742569,6244178,72986747,5231877,78218624,5.950884526632012,8.06058338860181,0.18014629185199738,7,50,32,1.53125
32,17,1522,00:00:00.6550000,35,60614,62522,132733341,142008834,8864462,150873296,6150093,157023389,7.301271396460969,4.447169847595196,0.13254643976688385,6,35,22,1.5454545
32,18,1525,00:00:00.8770000,32,118482,120860,263645084,282139574,13185304,295324878,7264080,302588958,8.032413636811828,2.683121242800229,0.10753150284290314,7,32,19,1.6315789
32,19,1528,00:00:01.2980000,29,231703,234896,515696837,557257971,22247943,579505914,9039887,588545801,8.477887953382968,2.0147515762980537,0.1274857223033905,6,29,20,1.4
32,20,1531,00:00:02.0820000,25,432103,437066,947002972,1043858859,40477549,1084336408,11826323,1096162731,8.700938792829891,1.7481933835336898,0.13972897827625275,5,25,18,1.3333334
33,0,858,00:00:00.0200000,1,1,1,1005,1005,0,1005,1101,2106,1,1,0,0,1,1,0
33,1,953,00:00:00.0490000,2,2,2,2007,2007,0,2007,2447,4454,1.0014947683109119,1.0029939991807175,0,1,2,1,1
33,2,1042,00:00:00.0600000,2,2,2,4046,4046,0,4046,5046,9092,1.0017301038062283,1.0034661551189976,0,1,2,1,1
33,3,1127,00:00:00.0710000,1,7,8,8031,8046,0,8046,10016,18062,1,1,0,0,1,1,0
33,4,1215,00:00:00.0740000,3,12,14,16033,16083,0,16083,20155,36238,1.0045531092122497,1.0091580772225486,0,1,3,2,1
33,5,1298,00:00:00.0890000,7,22,28,32060,32116,0,32116,39329,71445,1.0213661883967562,1.0440386917229412,0.019022073596715927,1,7,6,1
33,6,1377,00:00:00.1050000,9,36,51,64050,64276,0,64276,75207,139483,1.0684933645589383,1.1512388785632623,0.058778394013643265,1,9,8,1
33,7,1449,00:00:00.1090000,12,80,102,127927,128720,124,128844,141058,269902,1.1756079639169215,1.4589509443762327,0.13772892951965332,1,12,11,1
33,8,1510,00:00:00.1150000,16,148,187,253794,256379,2573,258952,250110,509062,1.342604632103202,2.183981453359834,0.25532954931259155,2,16,13,1.1538461
33,9,1562,00:00:00.1230000,20,272,335,491776,500387,15236,515623,424861,940484,1.5360306318323789,3.5686836711655787,0.3743768334388733,2,20,16,1.1875
33,10,1609,00:00:00.1380000,29,525,639,957830,976714,59506,1036220,711786,1748006,1.7633974713675704,5.876534368915441,0.48249468207359314,2,29,21,1.3333334
33,11,1651,00:00:00.1640000,37,1045,1257,1844345,1888041,181923,2069964,1162861,3232825,2.015437458826846,8.753624527459491,0.5527650713920593,3,37,27,1.3333334
33,12,1689,00:00:00.2070000,38,1979,2359,3485659,3620106,481637,4101743,1862150,5963893,2.291941064802954,10.822359977916477,0.6080244183540344,3,38,26,1.4230769
33,13,1724,00:00:00.2900000,47,3751,4389,6699264,7057316,1170172,8227488,2947454,11174942,2.63840729369674,11.756417123632502,0.6149455308914185,4,47,32,1.4375
33,14,1751,00:00:00.3790000,57,7496,8536,13723547,14633662,2423526,17057188,4319051,21376239,3.5321556446012097,14.984312654476106,0.4947735071182251,6,57,38,1.4736842
33,15,1760,00:00:00.4430000,57,15037,16314,30277222,32176679,3467348,35644027,5068152,40712179,5.370696789817771,9.259528038923444,0.2663264870643616,6,57,37,1.5135136
33,16,1765,00:00:00.5180000,51,31522,33020,67710675,72221960,4988403,77210363,5783134,82993497,6.670514257906896,5.601275581006578,0.15762847661972046,6,51,34,1.4705882
33,17,1768,00:00:00.6410000,47,54541,56293,118657086,127451607,6949560,134401167,6462874,140864041,7.271765076044426,4.755300215899022,0.14938518404960632,6,47,31,1.483871
33,18,1772,00:00:00.8860000,48,117234,119574,255968195,278373484,12506434,290879918,7905257,298785175,7.838690642796461,4.272444452054182,0.11696267127990723,6,48,35,1.3428571
33,19,1776,00:00:01.4260000,60,249211,252952,543125471,594940177,25256432,620196609,10354400,630551009,8.235487589570257,4.053402645091072,0.09681706875562668,7,61,46,1.3043479
33,20,1779,00:00:02.1980000,67,425812,431529,921025962,1021881047,44060126,1065941173,13207173,1079148346,8.461503850637383,3.921839606352501,0.11641237139701843,7,68,52,1.2884616
34,0,780,00:00:00.0180000,3,3,4,1002,1002,0,1002,856,1858,1.5558882235528941,1.9839860294588132,0.019046267494559288,1,3,2,1
34,1,819,00:00:00.0510000,3,4,5,2003,2004,0,2004,1395,3399,1.689465801298053,1.759433236130475,0.023834554478526115,1,3,2,1
34,2,858,00:00:00.0590000,5,8,9,4065,4068,0,4068,2557,6625,1.8044280442804428,1.4931530112760802,0.023947082459926605,2,5,3,1.3333334
34,3,892,00:00:00.0600000,5,9,11,8036,8047,0,8047,4474,12521,1.8760577401692384,1.3422368716417428,0.032370783388614655,2,5,3,1.3333334
34,4,925,00:00:00.0700000,6,11,13,15990,16006,0,16006,8337,24343,1.9379612257661039,1.2667917452048678,0.027411339804530144,2,6,4,1.25
34,5,957,00:00:00.0710000,6,19,23,32454,32532,0,32532,15594,48126,2.00246502742343,1.2778110046991822,0.03194594383239746,2,6,4,1.25
34,6,986,00:00:00.0720000,6,40,44,64537,64843,0,64843,28903,93746,2.082634767652664,1.3920897343051486,0.038875844329595566,2,6,4,1.25
34,7,1013,00:00:00.0740000,11,62,69,129915,130596,53,130649,53806,184455,2.1961436323750143,1.6739572441031225,0.04538228362798691,3,11,8,1.25
34,8,1036,00:00:00.0880000,15,124,135,257617,259122,1073,260195,94770,354965,2.433736904008664,2.305989587556039,0.06673422455787659,4,15,10,1.4
34,9,1052,00:00:00.1040000,18,261,282,515137,518748,5419,524167,147294,671461,3.045395690855054,3.580384604885766,0.09012444317340851,5,18,12,1.4166666
34,10,1062,00:00:00.1070000,17,506,533,1017807,1031222,16572,1047794,206919,1254713,3.7426624104569925,3.093623539179676,0.1542750895023346,5,17,11,1.4545455
34,11,1070,00:00:00.1110000,17,969,1007,2009073,2050523,45308,2095831,291139,2386970,4.2669654114111335,2.134347959609498,0.13031107187271118,5,17,11,1.4545455
34,12,1078,00:00:00.1200000,22,1888,1946,4156391,4263856,128011,4391867,439359,4831226,4.661885996769794,1.7458831954432605,0.21130003035068512,5,22,16,1.3125
34,13,1085,00:00:00.1330000,28,3473,3582,7801955,8021181,308222,8329403,658514,8987917,4.917905960749581,1.7525693364271404,0.14967337250709534,5,28,22,1.2272727
34,14,1093,00:00:00.1600000,32,7061,7277,15713943,16311208,790235,17101443,1069355,18170798,5.199736246975059,2.0942707027970315,0.11544042080640793,6,32,25,1.24
34,15,1101,00:00:00.2150000,37,14475,14912,32178256,33802694,1924418,35727112,1763140,37490252,5.5779977945355395,3.005304106836507,0.10714225471019745,6,37,28,1.2857143
34,16,1108,00:00:00.3140000,43,29089,29904,63698377,67908051,4150838,72058889,2768236,74827125,6.033060324284244,4.3511807613809514,0.12357298284769058,6,43,31,1.3548387
34,17,1114,00:00:00.5050000,54,56830,58272,123984004,133464528,8223706,141688234,4156897,145845131,6.546729310339098,5.791075720460587,0.13336221873760223,6,54,42,1.2619047
34,18,1119,00:00:00.7930000,58,106912,109263,230092253,252316526,15105916,267422442,5967771,273390213,7.055374854363306,7.357696766070687,0.14688371121883392,6,58,44,1.2954545
34,19,1124,00:00:01.4020000,59,218343,222440,456190438,516230505,29259534,545490039,8835694,554325733,7.611820522200424,9.850091729056443,0.2338019758462906,5,59,46,1.2608696
34,20,1129,00:00:02.6650000,66,479292,487018,981910472,1143152305,60628842,1203781147,13616624,1217397771,8.227955196917382,13.654711037760396,0.286613792181015,5,66,50,1.3
35,0,845,00:00:00.0200000,2,2,2,1003,1003,0,1003,1264,2267,1.061814556331007,1.1312051038576503,0,1,2,1,1
35,1,918,00:00:00.0290000,2,3,3,2011,2013,0,2013,2268,4281,1.182496270512183,1.4252784888130658,0,1,2,1,1
35,2,982,00:00:00.0480000,2,3,3,4030,4031,0,4031,4201,8232,1.325558312655087,1.7829767476064258,0,1,2,1,1
35,3,1033,00:00:00.0490000,2,5,5,8062,8069,0,8069,7241,15310,1.5052096254031258,1.9997829020465903,0,1,2,1,1
35,4,1075,00:00:00.0500000,2,10,10,16087,16112,0,16112,12040,28152,1.6519549947162304,1.8308960623687827,0,1,2,1,1
35,5,1114,00:00:00.0500000,2,15,19,32442,32531,0,32531,21005,53536,1.769927871277973,1.5486538450588627,0,1,2,1,1
35,6,1149,00:00:00.0510000,2,28,33,64670,65008,0,65008,37285,102293,1.8451368486160507,1.3545751641622688,0,1,2,1,1
35,7,1182,00:00:00.0530000,5,55,65,127325,128157,67,128224,67617,195841,1.9036402905949341,1.2356511814414342,0.0044850995764136314,2,5,3,1.3333334
35,8,1216,00:00:00.0650000,7,126,145,255323,257695,1611,259306,128932,388238,1.9513909831860037,1.175866264885846,0.015462313778698444,2,7,5,1.2
35,9,1250,00:00:00.0710000,11,259,297,503922,509488,11002,520490,244585,765075,2.000252023130564,1.1864280565139376,0.03818379342556,2,11,9,1.1111112
35,10,1285,00:00:00.0810000,16,501,573,970261,985137,47271,1032408,459549,1491957,2.065574108410005,1.2828264312020656,0.07707636803388596,2,16,14,1.0714285
35,11,1322,00:00:00.1020000,22,1008,1158,1874403,1914904,162181,2077085,858692,2935777,2.1737070416553963,1.5534208612919511,0.14624668657779694,3,22,19,1.1052631
35,12,1359,00:00:00.1430000,31,1966,2276,3570009,3681705,466131,4147836,1543755,5691591,2.3439576762971748,2.1869939758441377,0.2403113842010498,3,31,25,1.2
35,13,1394,00:00:00.2230000,38,3698,4296,6713256,7033418,1164038,8197456,2632639,10830095,2.6099535009539334,3.6276438554639,0.31484347581863403,4,38,29,1.2758621
35,14,1426,00:00:00.3270000,52,7196,8308,13236946,14035115,2676401,16711516,4287518,20999034,3.062932869862882,6.785495328750149,0.35657644271850586,5,52,37,1.3783784
35,15,1449,00:00:00.4920000,57,13930,15673,25850920,27836965,5197320,33034285,6222869,39257154,3.7627453104183526,10.511679117636268,0.31670400500297546,6,57,41,1.3658537
35,16,1464,00:00:00.7690000,57,27525,30063,52836365,57840664,8969410,66810074,8268062,75078136,4.762594796216583,11.591234593831663,0.24748817086219788,6,57,40,1.4
35,17,1474,00:00:01.1210000,58,58347,61941,116474543,129091915,14950248,144042163,10529894,154572057,5.936467791077747,11.530667077075375,0.2456081658601761,7,58,40,1.425
35,18,1480,00:00:01.5310000,59,117630,122412,242557898,270410959,23248077,293659036,12773935,306432971,6.9520897893005325,12.731409496399431,0.21659156680107117,8,59,41,1.4146341
35,19,1484,00:00:02.0660000,64,216510,222735,449966433,507187128,34700538,541887666,15122285,557009951,7.676668208270549,10.486266398562233,0.19668449461460114,8,64,44,1.4318181
35,20,1488,00:00:03.0890000,71,427074,435882,886509141,1012691785,57765320,1070457105,18770757,1089227862,8.268501516782443,8.13374386135602,0.1815183311700821,7,71,53,1.3207548
36,0,801,00:00:00.0180000,1,1,1,1006,1006,0,1006,1291,2297,1,1,0,0,1,1,0
36,1,887,00:00:00.0450000,2,2,2,2006,2006,0,2006,2566,4572,1.001495513459621,1.0029955536248987,0,1,2,1,1
36,2,976,00:00:00.0460000,2,3,3,4002,4004,0,4004,5058,9062,1.0044977511244377,1.0090359912853386,0,1,2,1,1
36,3,1065,00:00:00.0480000,3,6,7,8029,8035,0,8035,10227,18262,1.0144476273508531,1.0293505139993497,0.0038998418021947145,1,3,2,1
36,4,1146,00:00:00.0580000,3,16,17,16022,16067,0,16067,19446,35513,1.0454999375858196,1.095462236668186,0.017244499176740646,1,3,2,1
36,5,1222,00:00:00.0600000,4,24,27,31943,32080,0,32080,36849,68929,1.1263813668096296,1.286752600280911,0.0315924733877182,1,4,3,1
36,6,1287,00:00:00.0630000,8,52,59,64200,64540,0,64540,66736,131276,1.2736292834890965,1.6939582429838531,0.0569990910589695,1,8,7,1
36,7,1339,00:00:00.0660000,12,98,116,127433,128281,97,128378,113976,242354,1.4530223725408646,2.1403940103056827,0.08844242244958878,2,12,10,1.1
36,8,1384,00:00:00.0710000,15,167,200,255454,258142,1994,260136,194247,454383,1.6452746874192614,2.3507391943863674,0.11583798378705978,2,15,13,1.0769231
36,9,1422,00:00:00.0780000,17,316,374,492978,501010,11779,512789,320962,833751,1.840573007314728,2.465829429194146,0.13387861847877502,2,17,15,1.0666667
36,10,1458,00:00:00.0910000,21,594,695,965835,987477,47742,1035219,539463,1574682,2.062068572789348,2.850570337016677,0.15172043442726135,2,21,18,1.1111112
36,11,1491,00:00:00.1130000,28,1069,1253,1859171,1911193,150036,2061229,893301,2954530,2.287009640318185,3.6894367225973,0.17453469336032867,3,28,24,1.125
36,12,1524,00:00:00.1520000,41,2000,2316,3638081,3751901,429864,4181765,1506307,5688072,2.5151704978531266,4.974806283982683,0.20226040482521057,3,41,32,1.25
36,13,1556,00:00:00.2240000,48,3734,4274,6909036,7202626,1099596,8302222,2512585,10814807,2.7295589428105456,6.357190105408985,0.23739799857139587,3,48,38,1.2368422
36,14,1588,00:00:00.3460000,58,7185,8179,13004266,13806108,2646793,16452901,4177867,20630768,2.9671374762712484,8.049788255549041,0.27334916591644287,4,58,41,1.3902439
36,15,1620,00:00:00.6090000,68,14117,16032,25097756,27317337,6147394,33464731,6910624,40375355,3.2998973693106266,11.22810586659493,0.30893367528915405,5,68,46,1.4565217
36,16,1647,00:00:01.0800000,80,27582,31067,48980295,54401240,12691284,67092524,10680877,77773401,3.855159712696708,18.666220225316557,0.35500288009643555,5,80,48,1.6458334
36,17,1666,00:00:01.7140000,86,54119,59738,98615754,111287950,22810009,134097959,14946524,149044483,4.726810910962563,31.328496497262922,0.36600351333618164,6,86,49,1.7346939
36,18,1677,00:00:02.4150000,89,105440,113316,200148993,229608486,35627729,265236215,18859640,284095855,5.900236865043833,29.645377694049603,0.49894365668296814,7,89,49,1.7959183
36,19,1683,00:00:03.1680000,90,212709,222679,423853786,484599501,50773905,535373406,22230857,557604263,7.303128928521591,19.020672081840548,0.3896034061908722,7,90,51,1.745098
36,20,1687,00:00:04.1740000,84,444193,456528,917899454,1042139631,73122067,1115261698,25868269,1141129967,8.439801267165805,7.431234416505324,0.37166282534599304,8,84,50,1.66
37,0,857,00:00:00.0300000,2,2,2,1008,1008,0,1008,1175,2183,1.001984126984127,1.003976112197304,0,1,2,1,1
37,1,938,00:00:00.0600000,2,2,2,2019,2019,0,2019,2353,4372,1.0024764735017335,1.0049651729587257,0,1,2,1,1
37,2,1018,00:00:00.0610000,2,2,2,4001,4001,0,4001,4600,8601,1.0069982504373907,1.0140944227845419,0,1,2,1,1
37,3,1102,00:00:00.0620000,2,5,5,8021,8024,0,8024,9457,17481,1.0199476374516894,1.040690454809509,0,1,2,1,1
37,4,1183,00:00:00.0630000,2,9,10,16117,16141,0,16141,18622,34763,1.0672581745982503,1.143470087311416,0,1,2,1,1
37,5,1255,00:00:00.0640000,4,15,21,32207,32255,0,32255,35287,67542,1.172695376781445,1.3997435712399657,0.024681393057107925,2,4,2,1.5
37,6,1315,00:00:00.0840000,5,38,54,64040,64256,0,64256,62784,127040,1.3530449718925672,1.855456275578902,0.04092630743980408,2,5,3,1.3333334
37,7,1362,00:00:00.0870000,7,80,102,127295,128146,82,128228,105318,233546,1.5802820220747082,2.2788086456881995,0.04585323855280876,2,7,5,1.2
37,8,1399,00:00:00.0910000,13,145,187,254074,256232,1646,257878,171173,429051,1.856207246707652,2.6689571228521474,0.06080171838402748,3,13,9,1.3333334
37,9,1429,00:00:00.0960000,19,274,327,508269,513796,9729,523525,271703,795228,2.1783307657952777,3.1679261918921067,0.07507800310850143,3,19,15,1.2
37,10,1453,00:00:00.1030000,27,516,594,993926,1007079,35336,1042415,417389,1459804,2.542177184216934,3.8152165477299675,0.10334569960832596,4,27,21,1.2380953
37,11,1473,00:00:00.1140000,32,967,1085,1949895,1986996,102067,2089063,630466,2719529,2.970892278815013,4.809990507760686,0.11603225767612457,5,32,25,1.24
37,12,1489,00:00:00.1350000,36,1848,2031,3877840,3982869,250349,4233218,923695,5156913,3.5304520042085286,6.659436668438866,0.1305926889181137,5,36,29,1.2068965
37,13,1501,00:00:00.1600000,40,3642,3916,7870326,8139938,539855,8679793,1298737,9978530,4.244130802205652,9.189732539985583,0.13906851410865784,6,40,29,1.3448275
37,14,1510,00:00:00.1970000,41,7289,7680,15811122,16455024,1077883,17532907,1770688,19303595,4.928963611817049,9.508842668145277,0.1418076902627945,6,41,30,1.3333334
37,15,1517,00:00:00.2500000,44,13703,14297,30174216,31547028,2018295,33565323,2365242,35930565,5.50372215138912,8.89358358141549,0.17260980606079102,8,44,29,1.4827586
37,16,1523,00:00:00.3280000,42,26735,27599,59148893,62385722,3730652,66116374,3173748,69290122,6.205532553246601,9.216910706199492,0.16380655765533447,8,42,28,1.4642857
37,17,1528,00:00:00.5000000,35,59449,60748,132380373,141146062,6946690,148092752,4284581,152377333,7.230725743611555,5.869600720255322,0.14977414906024933,8,35,22,1.5454545
37,18,1531,00:00:00.6750000,37,109483,111240,245895441,263282518,11119387,274401905,5367073,279768978,7.881730812569233,3.466469524054087,0.1673613041639328,8,37,24,1.5
37,19,1534,00:00:01.0670000,42,211520,214048,475055665,510537116,19447669,529984785,7046446,537031231,8.375261103348805,2.5160814259551323,0.16042262315750122,8,42,29,1.4137931
37,20,1538,00:00:02.0760000,44,495698,500575,1094468052,1199878004,44761457,1244639461,10842354,1255481815,8.79754333569163,2.2032415081912227,0.11905477195978165,7,44,32,1.34375
38,0,708,00:00:00.0170000,1,1,1,1015,1015,0,1015,1307,2322,1,1,0,0,1,1,0
38,1,796,00:00:00.0490000,1,2,3,2002,2004,0,2004,2631,4635,1,1,0,0,1,1,0
38,2,882,00:00:00.0510000,2,3,4,4012,4015,0,4015,5087,9102,1.0069790628115654,1.0140555009031136,0,1,2,1,1
38,3,968,00:00:00.0520000,3,7,8,7996,8011,0,8011,9992,18003,1.029264632316158,1.0604162376732378,0.01223259698599577,1,3,2,1
38,4,1048,00:00:00.0730000,6,11,16,16125,16131,0,16131,19124,35255,1.0848372093023255,1.1873384280663242,0.03920266777276993,1,6,5,1
38,5,1117,00:00:00.0750000,6,24,35,32081,32155,0,32155,34881,67036,1.2045447461114056,1.5152176034154798,0.09390434622764587,1,6,5,1
38,6,1174,00:00:00.0770000,6,45,59,63725,64119,0,64119,60696,124815,1.3669831306394664,2.0462098677068767,0.16855551302433014,1,6,5,1
38,7,1222,00:00:00.0800000,9,75,98,128150,129122,86,129208,104312,233520,1.5420600858369098,2.507984405692575,0.228425994515419,2,9,6,1.3333334
38,8,1264,00:00:00.0830000,12,129,159,253957,256068,1893,257961,179720,437681,1.6990947286351628,2.5901823525038603,0.27043667435646057,2,12,9,1.2222222
38,9,1303,00:00:00.0890000,13,243,293,496145,502264,12050,514314,310947,825261,1.8381037801449174,2.516809827634876,0.30036479234695435,2,13,10,1.2
38,10,1341,00:00:00.1000000,17,498,593,967719,983190,50077,1033267,542991,1576258,1.995720865251173,2.643172545728086,0.3543655574321747,3,17,13,1.2307693
38,11,1377,00:00:00.1290000,19,953,1140,1855649,1899330,159423,2058753,928253,2987006,2.1961917366915835,3.168164158230129,0.364809513092041,3,19,15,1.2
38,12,1410,00:00:00.1650000,25,1878,2185,3553009,3672187,428278,4100465,1532173,5632638,2.4918231279459184,4.325443590011315,0.38100382685661316,4,25,19,1.2631578
38,13,1439,00:00:00.2240000,29,3665,4194,6912765,7231602,1021499,8253101,2427293,10680394,2.9064766414018126,5.522457457935475,0.3779754936695099,4,29,20,1.4
38,14,1463,00:00:00.3160000,39,7051,7985,13497751,14289701,2213291,16502992,3662332,20165324,3.395777859585645,5.773843453515049,0.3311225473880768,5,39,29,1.3103448
38,15,1483,00:00:00.4660000,54,13741,15264,26492432,28273941,4518557,32792498,5346173,38138671,3.9260220428233996,6.563514894506558,0.33353275060653687,5,54,40,1.325
38,16,1501,00:00:00.7420000,61,27387,29917,53746633,58434032,9268763,67702795,7845203,75547998,4.490729419273576,9.044863288077098,0.35033807158470154,6,61,46,1.3043479
38,17,1515,00:00:01.2070000,65,52476,56551,102054810,114232362,17373957,131606319,11000974,142607293,5.054677853988459,13.714888622519018,0.5471704602241516,6,65,42,1.5238096
38,18,1527,00:00:01.9810000,77,105937,112686,205699115,236092106,32240314,268332420,15317830,283650250,5.777334200003729,21.708381130748812,0.5301356315612793,8,78,47,1.6382979
38,19,1536,00:00:03.1220000,95,228940,239410,446431713,523115980,57012155,580128135,20625936,600754071,6.8237924463937,29.368427879614696,0.5026141405105591,8,96,59,1.6101695
38,20,1541,00:00:04.4280000,101,442203,456373,874186746,1031718704,86521061,1118239765,25370912,1143610677,7.821362362544902,31.74589965187846,0.4996008276939392,9,102,62,1.6290323
3,0,988,00:00:00.0200000,1,1,2,1012,1012,0,1012,1353,2365,1,1,0,0,1,1,0
3,1,1069,00:00:00.0440000,1,2,3,2004,2005,0,2005,2477,4482,1,1,0,0,1,1,0
3,2,1155,00:00:00.0460000,2,4,5,3997,4001,0,4001,4957,8958,1.0062546910182637,1.0125875814452947,0,1,2,1,1
3,3,1238,00:00:00.0470000,2,6,9,8002,8012,0,8012,9753,17765,1.0238690327418145,1.0488761756314253,0,1,2,1,1
3,4,1320,00:00:00.0490000,5,6,15,16104,16106,0,16106,19114,35220,1.0789244908097366,1.1711049777882425,0.016474321484565735,1,5,4,1
3,5,1392,00:00:00.0600000,5,22,35,32117,32173,0,32173,35655,67828,1.1878444437525297,1.446818645435448,0.035990744829177856,1,5,4,1
3,6,1451,00:00:00.0620000,6,41,63,64427,64632,0,64632,62606,127238,1.3525695748676796,1.8881925335590506,0.07085445523262024,2,6,4,1.25
3,7,1499,00:00:00.0650000,6,69,104,128074,128747,90,128837,106285,235122,1.5303886815434826,2.173988975057262,0.10566461831331253,2,6,4,1.25
3,8,1541,00:00:00.0680000,7,128,176,254768,256950,1894,258844,181162,440006,1.7033693399485021,2.156044648032064,0.11835964769124985,2,7,5,1.2
3,9,1578,00:00:00.0740000,10,258,329,495021,500898,11523,512421,305016,817437,1.879738435339107,2.138147554929025,0.11791728436946869,2,10,8,1.125
3,10,1613,00:00:00.0840000,16,499,617,963673,978439,46294,1024733,516099,1540832,2.079973185925101,2.3210604639694585,0.11179855465888977,3,16,13,1.1538461
3,11,1646,00:00:00.1030000,21,984,1149,1880393,1920693,148771,2069464,869602,2939066,2.3244688743257393,2.715630310728181,0.10247422009706497,3,21,18,1.1111112
3,12,1676,00:00:00.1350000,28,1909,2194,3641506,3757240,402922,4160162,1423115,5583277,2.6263757357532844,3.28472740014411,0.10509631037712097,4,28,23,1.173913
3,13,1702,00:00:00.1870000,39,3697,4165,6959221,7252832,949857,8202689,2227957,10430646,2.9991780689246683,4.384818528997713,0.11782867461442947,4,39,29,1.3103448
3,14,1725,00:00:00.2730000,53,7108,7934,13672841,14426912,2106600,16533512,3407609,19941121,3.47253866259397,6.907282483752486,0.14787010848522186,4,53,39,1.3333334
3,15,1742,00:00:00.3940000,67,13842,15128,26984175,28989319,4056406,33045725,4820439,37866164,4.275422020499052,12.517107614686726,0.19434258341789246,6,67,45,1.4666667
3,16,1750,00:00:00.5050000,70,30459,32150,63841389,68160508,6168487,74328995,5897145,80226140,6.254852083497118,11.957734118381156,0.21527749300003052,8,70,47,1.468085
3,17,1753,00:00:00.6000000,56,58795,60712,128899755,137459994,8067987,145527981,6570983,152098964,7.639126412614205,7.29003973810279,0.24684864282608032,8,56,35,1.5714285
3,18,1756,00:00:00.8290000,35,141396,143647,319867553,339752988,12616318,352369306,7713429,360082735,8.743420668241395,3.8094000500022385,0.1803423911333084,7,35,22,1.5454545
3,19,1758,00:00:01.1310000,27,262172,264871,599943847,634129598,19399950,653529548,8984394,662513942,9.180070202470132,2.6774290201843627,0.1778065711259842,6,27,16,1.625
3,20,1760,00:00:01.7060000,24,471849,475368,1087421852,1144714309,32379263,1177093572,10911050,1188004622,9.447975570937855,2.09382223322451,0.13711409270763397,7,24,15,1.5333333
39,0,1006,00:00:00.0420000,1,2,3,1001,1002,0,1002,1265,2267,1,1,0,0,1,1,0
39,1,1082,00:00:00.0690000,1,1,3,2002,2002,0,2002,2324,4326,1,1,0,0,1,1,0
39,2,1172,00:00:00.0750000,1,2,4,4008,4009,0,4009,5004,9013,1,1,0,0,1,1,0
39,3,1256,00:00:00.0760000,2,8,10,8032,8050,0,8050,9750,17800,1.0023655378486056,1.0047422503685095,0,1,2,1,1
39,4,1340,00:00:00.0790000,6,16,18,16043,16075,0,16075,19331,35406,1.014398803216356,1.0293731886023845,0.011796525679528713,1,6,5,1
39,5,1423,00:00:00.0900000,7,25,31,32086,32221,0,32221,38665,70886,1.049554322757589,1.1063885111489122,0.046125248074531555,1,7,6,1
39,6,1498,00:00:00.0930000,11,49,60,63936,64272,0,64272,73276,137548,1.1461774274274275,1.3641611603437347,0.11795839667320251,1,11,10,1
39,7,1561,00:00:00.0970000,15,76,96,128561,129424,102,129526,130542,260068,1.3017944788855096,1.9711979612579047,0.22188468277454376,2,15,13,1.0769231
39,8,1613,00:00:00.1020000,21,148,182,255222,257433,2251,259684,223140,482824,1.4910156647937873,3.174307918229926,0.32919567823410034,2,21,16,1.25
39,9,1657,00:00:00.1090000,24,263,321,493236,499625,13314,512939,370792,883731,1.6970861818683145,5.10856499953197,0.41980668902397156,2,24,18,1.2777778
39,10,1697,00:00:00.1220000,28,541,632,960246,976850,52035,1028885,612998,1641883,1.9297721625500133,7.421969674677936,0.4605018198490143,2,28,22,1.2272727
39,11,1734,00:00:00.1440000,30,1036,1191,1865793,1917444,164330,2081774,1010811,3092585,2.1849160115832786,8.0857753681599,0.4888759255409241,3,30,22,1.3181819
39,12,1768,00:00:00.1840000,36,2040,2330,3591488,3724096,447066,4171162,1641568,5812730,2.45297241700376,6.844076747728101,0.3722808361053467,3,36,27,1.2962962
39,13,1800,00:00:00.2550000,42,3783,4314,6849247,7198498,1108803,8307301,2645357,10952658,2.738257212800181,5.9868919252050485,0.36902061104774475,3,42,32,1.28125
39,14,1827,00:00:00.3570000,60,7276,8228,13339778,14129141,2382753,16511894,4021459,20533353,3.3756078249578065,7.465632763498785,0.33310213685035706,6,60,44,1.3409091
39,15,1836,00:00:00.4280000,55,15263,16444,30462218,32535779,3373763,35909542,4748362,40657904,5.560998086219461,10.414603345919657,0.1952725499868393,7,55,38,1.4210526
39,16,1840,00:00:00.4950000,55,30933,32285,66102310,70324192,4559842,74884034,5310226,80194260,6.886008023017652,8.505563205024536,0.1492096185684204,7,55,39,1.3846154
39,17,1843,00:00:00.6060000,57,57406,58972,127277435,135129533,6542829,141672362,5991726,147664088,7.552258222362825,8.057203678546875,0.1601894199848175,7,57,40,1.4
39,18,1846,00:00:00.7920000,55,108163,110155,241090266,257903332,10596740,268500072,7052519,275552591,7.966394926952381,8.263352053717313,0.18867191672325134,7,55,38,1.4210526
39,19,1850,00:00:01.3200000,53,239423,242629,529022529,575516721,22629421,598146142,9402485,607548627,8.332332141567454,8.800765765057985,0.2599771320819855,8,54,40,1.325
39,20,1854,00:00:02.3860000,54,491755,497715,1063955278,1184473744,49650555,1234124299,13377929,1247502228,8.533437187385239,9.14990421011909,0.2642573118209839,6,55,43,1.255814
40,0,650,00:00:00.0310000,1,2,3,1001,1002,0,1002,1125,2127,1,1,0,0,1,1,0
40,1,748,00:00:00.0570000,1,1,3,2003,2003,0,2003,2542,4545,1,1,0,0,1,1,0
40,2,835,00:00:00.0580000,1,3,5,3996,4001,0,4001,5103,9104,1,1,0,0,1,1,0
40,3,923,00:00:00.0600000,2,6,8,8019,8032,0,8032,10140,18172,1.0038658186806335,1.0077615647607867,0,1,2,1,1
40,4,1007,00:00:00.0750000,4,9,13,16078,16094,0,16094,19674,35768,1.0111954223162085,1.022704705857532,0.008417938835918903,1,4,3,1
40,5,1089,00:00:00.0950000,5,21,28,32161,32216,0,32216,38763,70979,1.041572090420074,1.0876054175419008,0.026746263727545738,1,5,4,1
40,6,1166,00:00:00.0980000,6,42,52,64113,64372,0,64372,74180,138552,1.1173708920187793,1.2726613753917333,0.0703309029340744,1,6,5,1
40,7,1232,00:00:00.1120000,10,80,98,128054,128857,116,128973,134036,263009,1.2636934418292283,1.7271467554849709,0.1415264755487442,2,10,7,1.2857143
40,8,1285,00:00:00.1180000,11,154,187,251908,255147,2241,257388,227708,485096,1.4662575225876113,2.5264750649137646,0.2438439428806305,2,11,7,1.4285715
40,9,1329,00:00:00.1260000,18,289,340,499519,507253,13249,520502,374601,895103,1.7439216526298298,3.738781722239718,0.2918199598789215,3,18,13,1.3076923
40,10,1363,00:00:00.1370000,24,562,648,966598,983640,46537,1030177,579616,1609793,2.1102805923455255,5.468705768660816,0.33697938919067383,3,24,19,1.2105263
40,11,1390,00:00:00.1530000,27,1059,1199,1900469,1952157,130542,2082699,865315,2948014,2.583873770106221,6.709904106355032,0.33638107776641846,4,27,21,1.2380953
40,12,1411,00:00:00.1760000,35,2000,2218,3710012,3831853,315018,4146871,1249229,5396100,3.0683906143699806,5.308517730042929,0.229398712515831,4,35,28,1.2142857
40,13,1429,00:00:00.2120000,45,3690,4051,7249901,7528413,718504,8246917,1805480,10052397,3.52115097847543,4.229104255105771,0.1804932802915573,4,45,37,1.1891892
40,14,1446,00:00:00.2790000,55,7329,7901,14496557,15194270,1648963,16843233,2684439,19527672,3.9531220413233292,4.3778627604500215,0.15007825195789337,5,55,41,1.3170732
40,15,1461,00:00:00.3860000,60,13937,14940,27622327,29450379,3522850,32973229,3959749,36932978,4.32880079219973,5.64409491173749,0.1401505023241043,5,60,43,1.3720931
40,16,1476,00:00:00.5990000,69,27838,29767,55084411,59948774,7684179,67632953,6047413,73680366,4.761828823040333,8.916907322159142,0.15941652655601501,6,69,46,1.4782609
40,17,1489,00:00:00.9480000,87,55129,58516,108598227,120583001,15587318,136170319,9006453,145176772,5.289044313771347,15.765826980871514,0.31684818863868713,8,87,55,1.5636364
40,18,1499,00:00:01.5330000,100,109497,114975,216768223,245401111,28484598,273885709,12641797,286527506,6.09247079079483,27.188731934460076,0.3218781650066376,8,101,63,1.5873016
40,19,1506,00:00:02.4160000,97,236936,245161,468870370,545574994,48355424,593930418,16794911,610725329,7.267629310847687,18.79120902042559,0.2804096043109894,9,98,58,1.6724138
40,20,1510,00:00:03.4630000,92,443530,454571,879783784,1041629345,72505219,1114134564,20602146,1134736710,8.129909148223174,11.736337264586469,0.23886136710643768,7,93,57,1.6140351
41,0,761,00:00:00.0310000,1,1,2,1014,1014,0,1014,1289,2303,1,1,0,0,1,1,0
41,1,844,00:00:00.0580000,2,3,4,2002,2004,0,2004,2473,4477,1.002997002997003,1.0060119256224525,0,1,2,1,1
41,2,933,00:00:00.0600000,3,5,6,4026,4030,0,4030,5087,9117,1.0124192747143568,1.025217494461743,0,1,3,2,1
41,3,1018,00:00:00.0710000,5,11,12,8029,8050,0,8050,10039,18089,1.0354963258189065,1.0743658226897694,0.025961264967918396,1,5,4,1
41,4,1094,00:00:00.0720000,8,13,14,16091,16115,0,16115,18740,34855,1.1009881300105648,1.2317808420073026,0.06657037138938904,1,8,7,1
41,5,1163,00:00:00.0740000,9,17,20,32172,32254,0,32254,34537,66791,1.2239214223548427,1.6140633344898108,0.14337624609470367,1,9,8,1
41,6,1219,00:00:00.0760000,12,37,43,63990,64176,0,64176,60081,124257,1.3919049851539302,2.3620782987467708,0.2305527776479721,2,12,10,1.1
41,7,1267,00:00:00.0780000,15,76,87,129584,129939,87,130026,104199,234225,1.572825348808495,3.3857473399816174,0.3171987235546112,2,15,13,1.0769231
41,8,1307,00:00:00.0820000,16,130,149,252963,254408,1808,256216,175900,432116,1.7282764673094484,4.119540659268085,0.38488104939460754,2,16,13,1.1538461
41,9,1345,00:00:00.0880000,18,250,293,500990,505601,11690,517291,302366,819657,1.8854468153056947,4.620671922152342,0.4252966642379761,2,18,15,1.1333333
41,10,1381,00:00:00.0980000,20,523,602,977312,993124,48516,1041640,523392,1565032,2.056318760027504,5.245111110480144,0.4495214819908142,2,20,17,1.117647
41,11,1415,00:00:00.1190000,25,1019,1171,1868932,1914163,154548,2068711,890353,2959064,2.2500604623389187,6.1157494993669665,0.4337961971759796,3,25,20,1.2
41,12,1448,00:00:00.1560000,39,1958,2262,3609503,3714321,429282,4143603,1498614,5642217,2.4936139407558326,7.038187315729744,0.3994068503379822,4,39,30,1.2666667
41,13,1476,00:00:00.2170000,48,3863,4368,7130268,7411928,1004747,8416675,2364046,10780721,3.062468619692836,9.204724471778519,0.3611169755458832,6,48,34,1.382353
41,14,1491,00:00:00.2780000,42,7422,8122,14541436,15289282,1766862,17056144,3128833,20184977,4.180652791099861,7.880801513264879,0.25537607073783875,6,42,31,1.3225807
41,15,1500,00:00:00.3470000,41,14125,15073,29331725,31015317,2895219,33910536,3888426,37798962,5.130139294569276,5.049574543028985,0.1891096830368042,7,41,28,1.4285715
41,16,1507,00:00:00.4670000,44,27363,28660,57830964,61736579,4878477,66615056,4845469,71460525,5.83861830489286,4.738024135893372,0.15667076408863068,8,44,30,1.4333333
41,17,1513,00:00:00.6830000,46,54440,56308,116497185,126233491,8578865,134812356,6165529,140977885,6.585737621042088,5.903398241261221,0.12351088970899582,8,46,31,1.451613
41,18,1518,00:00:01.0160000,47,122122,124827,265645424,289478515,15543310,305021825,7987901,313009726,7.660358166004019,7.684393189821172,0.1369137316942215,9,48,33,1.4242424
41,19,1521,00:00:01.4240000,44,238151,241771,523416823,568128376,24690503,592818879,9782918,602601797,8.463350307714508,4.859206403263205,0.12746182084083557,9,45,32,1.375
41,20,1524,00:00:02.2680000,39,497781,503018,1108351621,1201955160,44091458,1246046618,12682497,1258729115,9.1043271240003,2.6934673564290432,0.1400555521249771,7,40,27,1.4444444
42,0,762,00:00:00.0160000,2,2,2,1003,1003,0,1003,1181,2184,1.0019940179461615,1.0039959796742546,0,1,2,1,1
42,1,847,00:00:00.0470000,2,2,2,2017,2017,0,2017,2401,4418,1.0044620723847297,1.008963944962845,0,1,2,1,1
42,2,932,00:00:00.0480000,4,4,4,4030,4030,0,4030,4877,8907,1.0253101736972705,1.0520631994548224,0.008379146456718445,1,4,3,1
42,3,1011,00:00:00.0620000,4,7,7,8033,8044,0,8044,9424,17468,1.0750653554089382,1.162456170000018,0.023479724302887917,1,4,3,1
42,4,1083,00:00:00.0630000,6,13,16,16007,16021,0,16021,17731,33752,1.193352908102705,1.4670097834737619,0.04805720970034599,1,6,5,1
42,5,1142,00:00:00.0650000,7,30,34,32149,32260,0,32260,31133,63393,1.3486578120625836,1.9080938591781558,0.09631851315498352,2,7,5,1.2
42,6,1190,00:00:00.0670000,10,46,54,63670,64005,0,64005,52983,116988,1.5283964190356525,2.281171397353467,0.16140718758106232,2,10,6,1.5
42,7,1231,00:00:00.0690000,11,90,99,128228,129701,72,129773,90284,220057,1.7222213557101413,2.418602558681597,0.25051650404930115,2,11,6,1.6666666
42,8,1264,00:00:00.0720000,20,150,169,254068,256394,1475,257869,148762,406631,1.963974211628383,2.6879900690548584,0.3568580746650696,4,20,13,1.4615384
42,9,1291,00:00:00.0770000,20,272,302,512660,519407,8831,528238,238971,767209,2.366935200717825,3.7171181660716224,0.46284639835357666,4,20,13,1.4615384
42,10,1308,00:00:00.0820000,23,510,551,1015077,1029008,27232,1056240,341834,1398074,3.044956195441331,5.739141610831614,0.432586133480072,5,23,15,1.4666667
42,11,1319,00:00:00.0880000,23,927,986,1972551,2006398,64805,2071203,456966,2528169,3.7281175493054426,4.866326776564181,0.3422895669937134,5,23,15,1.4666667
42,12,1328,00:00:00.1090000,25,1773,1863,3892081,3973361,150225,4123586,618478,4742064,4.3058885465127785,3.4610523245065603,0.23952408134937286,6,25,17,1.4117647
42,13,1336,00:00:00.1240000,25,3528,3676,7726659,7958917,343404,8302321,861509,9163830,4.819330968274904,3.1477248834364606,0.1714141070842743,7,25,15,1.6
42,14,1343,00:00:00.1520000,31,7192,7414,16204818,16763342,756778,17520120,1217180,18737300,5.516581550005683,4.102611974726982,0.110244520008564,7,31,21,1.4285715
42,15,1348,00:00:00.1900000,32,15049,15384,34057150,35450695,1459544,36910239,1644713,38554952,6.39260184718921,5.478235935537115,0.08118647336959839,7,32,23,1.3478261
42,16,1351,00:00:00.2350000,31,26480,26925,60538075,63246334,2348773,65595107,2051000,67646107,7.030791894192209,5.420975522071434,0.07157237827777863,7,31,21,1.4285715
42,17,1355,00:00:00.3570000,30,62531,63238,143848475,151334875,5043484,156378359,2949940,159328299,7.745314588840793,4.73990136754865,0.05857754498720169,7,31,22,1.3636364
42,18,1358,00:00:00.5570000,33,121429,122608,277646682,293900371,9664834,303565205,4093032,307658237,8.12708075510155,4.307992258648352,0.06449456512928009,8,34,24,1.375
42,19,1361,00:00:00.9670000,27,228246,230328,511346420,551885886,18952369,570838255,5884615,576722870,8.400045213966688,3.874725146042421,0.09903863817453384,6,27,19,1.3684211
42,20,1365,00:00:01.9740000,27,491129,495899,1070255132,1186338888,45370483,1231709371,9787863,1241497234,8.619410618252472,3.5133755558602497,0.10654088109731674,5,27,19,1.3684211
43,0,691,00:00:00.0530000,1,1,1,1008,1008,0,1008,1209,2217,1,1,0,0,1,1,0
43,1,775,00:00:00.0870000,1,1,1,2006,2006,0,2006,2455,4461,1,1,0,0,1,1,0
43,2,856,00:00:00.0900000,2,3,4,4000,4002,0,4002,4746,8748,1.00125,1.002503182425676,0,1,2,1,1
43,3,941,00:00:00.0940000,2,7,9,8013,8027,0,8027,9580,17607,1.0028703357044801,1.0057571196791402,0,1,2,1,1
43,4,1026,00:00:00.0960000,4,10,13,16033,16075,0,16075,19419,35494,1.0110397305557288,1.0223928512498568,0.004766813945025206,1,4,3,1
43,5,1108,00:00:00.1130000,6,27,31,31903,32034,0,32034,38314,70348,1.0442278155659341,1.0938524848900328,0.0347481369972229,1,6,5,1
43,6,1185,00:00:00.1170000,9,44,55,63876,64138,0,64138,73685,137823,1.1225342851775315,1.2905590630085946,0.08478685468435287,1,9,8,1
43,7,1250,00:00:00.1230000,12,79,98,127217,127963,108,128071,132694,260765,1.2633924711320028,1.7709631420957788,0.167023703455925,1,12,11,1
43,8,1305,00:00:00.1310000,14,162,196,252798,255129,2326,257455,230727,488182,1.4449085831375248,2.6712339249043655,0.2689782381057739,2,14,12,1.0833334
43,9,1353,00:00:00.1430000,17,300,366,497173,504900,14308,519208,391783,910991,1.6368225949518578,3.8245056297177706,0.3568708002567291,3,17,13,1.2307693
43,10,1395,00:00:00.1620000,25,561,668,967606,984288,54943,1039231,648012,1687243,1.887099707938975,5.087385840460555,0.3694465458393097,3,25,19,1.2631578
43,11,1429,00:00:00.1900000,28,1072,1254,1886314,1935938,157358,2093296,1012216,3105512,2.3242970152371236,6.501873338118912,0.32702791690826416,4,28,20,1.35
43,12,1453,00:00:00.2260000,35,1962,2237,3674948,3788194,360093,4148287,1451606,5599893,2.901474524265377,5.393529296127655,0.2036970853805542,4,35,26,1.3076923
43,13,1472,00:00:00.2920000,41,3672,4100,7248988,7516009,776849,8292858,2038821,10331679,3.451746781757674,4.147129202346386,0.14769962430000305,4,41,32,1.25
43,14,1489,00:00:00.3620000,53,7183,7874,14659848,15323055,1705605,17028660,2921251,19949911,3.9563241719832294,4.308404147644214,0.12939463555812836,5,53,38,1.3684211
43,15,1504,00:00:00.4910000,58,14206,15372,28746541,30603695,3631097,34234792,4218173,38452965,4.416092391776806,5.707769147382331,0.14702655375003815,6,58,38,1.5
43,16,1517,00:00:00.7590000,65,27067,28958,54612620,59107880,7268715,66376595,6034073,72410668,4.848157733505553,8.911278642709215,0.19161632657051086,6,65,45,1.4222223
43,17,1529,00:00:01.1660000,77,53931,57162,108482811,120021165,14460391,134481556,8726770,143208326,5.425428697639481,15.890162797852671,0.26828357577323914,8,77,48,1.5833334
43,18,1538,00:00:01.8330000,88,114211,119295,231535767,260752354,26224388,286976742,11998478,298975220,6.49940133439513,24.27418558661559,0.2529957890510559,9,89,56,1.5714285
43,19,1543,00:00:02.6630000,80,242280,249098,503751630,568940305,40874739,609815044,14993443,624808487,7.828763706432077,12.602724222446287,0.24166594445705414,9,80,47,1.6808511
43,20,1546,00:00:03.6790000,73,457813,466331,970157906,1091304708,59348025,1150652733,17855398,1168508131,8.713321797121962,7.106945330427712,0.17792513966560364,9,74,43,1.6976744
44,0,845,00:00:00.0190000,1,2,2,1001,1002,0,1002,1264,2266,1,1,0,0,1,1,0
44,1,931,00:00:00.0440000,2,2,2,2014,2014,0,2014,2513,4527,1.0044687189672294,1.008977415895298,0,1,2,1,1
44,2,1018,00:00:00.0460000,3,3,4,4014,4014,0,4014,4944,8958,1.0199302441454907,1.0407639638199762,0.007623003330081701,1,3,2,1
44,3,1099,00:00:00.0570000,4,6,7,8011,8015,0,8015,9612,17627,1.063412807389839,1.133270305063963,0.03333427011966705,2,4,2,1.5
44,4,1172,00:00:00.0580000,4,11,13,16006,16035,0,16035,17979,34014,1.186180182431588,1.41870768926922,0.09719925373792648,2,4,2,1.5
44,5,1227,00:00:00.0590000,5,17,21,32400,32485,0,32485,30492,62977,1.4498765432098766,2.119695560257983,0.16032707691192627,2,5,3,1.3333334
44,6,1264,00:00:00.0600000,5,28,34,64120,64404,0,64404,47125,111529,1.8189332501559576,3.1281873318423545,0.20493268966674805,2,5,3,1.3333334
44,7,1291,00:00:00.0620000,7,60,67,128307,128877,49,128926,71399,200325,2.182819331758984,3.210792759263442,0.198577880859375,2,7,4,1.5
44,8,1313,00:00:00.0630000,8,123,132,257114,258952,1049,260001,110562,370563,2.463693147786585,2.5072959130033947,0.18841630220413208,3,8,4,1.75
44,9,1333,00:00:00.0670000,11,264,277,515151,519788,6903,526691,178357,705048,2.6839645074939193,2.0197948534115855,0.17003202438354492,3,11,7,1.4285715
44,10,1351,00:00:00.0720000,14,502,533,1000927,1013491,27098,1040589,287954,1328543,2.9235129035384197,1.9471763979067909,0.15010623633861542,4,14,8,1.625
44,11,1367,00:00:00.0810000,19,959,1028,2015913,2050059,82915,2132974,458703,2591677,3.36567351864887,2.4379613900973487,0.12060602009296417,5,19,11,1.6363636
44,12,1379,00:00:00.0930000,24,1889,1992,3991586,4083241,200050,4283291,680628,4963919,3.931934323850219,2.9658511772974823,0.11534517258405685,5,24,15,1.5333333
44,13,1389,00:00:00.1130000,29,3666,3842,7955737,8184413,450060,8634473,994297,9628770,4.466545714118,3.0764399591270974,0.08609230816364288,5,29,20,1.4
44,14,1398,00:00:00.1520000,33,7100,7421,15579992,16195107,993395,17188502,1464166,18652668,4.884938195090216,3.204790925007683,0.07161952555179596,6,33,24,1.3333334
44,15,1407,00:00:00.2230000,42,14168,14760,30733607,32329680,2237749,34567429,2241629,36809058,5.238159809878483,3.513485531840624,0.09565309435129166,6,42,31,1.3225807
44,16,1416,00:00:00.3630000,48,27987,29066,59491758,63818853,4979558,68798411,3515450,72313861,5.538116960672099,3.9683163729519024,0.10405904799699783,5,48,38,1.2368422
44,17,1425,00:00:00.7020000,69,55938,58040,118536408,128285570,10862253,139147823,5581236,144729059,5.946854843112844,5.193693061462618,0.12367875874042511,6,69,53,1.2830188
44,18,1432,00:00:01.1400000,73,106422,109959,222563403,246384535,20230207,266614742,8115208,274729950,6.548671539678066,7.632649433803548,0.200838103890419,6,73,54,1.3333334
44,19,1438,00:00:01.9020000,83,229266,235061,478460736,539824341,37248612,577072953,11604316,588677269,7.509153796059872,11.21949846465358,0.20192177593708038,7,83,62,1.3225807
44,20,1442,00:00:02.9900000,79,450634,459138,928401697,1072102275,61619611,1133721886,15389650,1149111536,8.268424158212197,12.947659781975272,0.1868688464164734,7,79,63,1.2380953
45,0,747,00:00:00.0320000,2,2,2,1005,1005,0,1005,1013,2018,1.1840796019900497,1.4293648902471796,0,1,2,1,1
45,1,807,00:00:00.0410000,2,3,3,2030,2031,0,2031,1872,3903,1.3310344827586207,1.7950140842264657,0,1,2,1,1
45,2,855,00:00:00.0610000,2,4,4,4002,4007,0,4007,3248,7255,1.501249375312344,1.9999875126156397,0,1,2,1,1
45,3,898,00:00:00.0610000,4,6,6,8039,8046,0,8046,5682,13728,1.6558029605672346,1.8406189344854142,0,2,4,2,1.5
45,4,936,00:00:00.0720000,4,7,7,16138,16152,0,16152,10002,26154,1.7768620646920312,1.5893075941288972,0.006595590151846409,2,4,2,1.5
45,5,970,00:00:00.0730000,4,19,21,32119,32194,0,32194,17793,49987,1.8698278277654972,1.4351600642700097,0.028411947190761566,2,4,2,1.5
45,6,1003,00:00:00.0740000,4,35,40,64649,64916,0,64916,32845,97761,1.960664511438692,1.404674703341075,0.06815092265605927,2,4,2,1.5
45,7,1033,00:00:00.0750000,7,67,76,128882,129421,58,129479,60539,190018,2.0662699213233813,1.5053837977451168,0.0738924890756607,2,7,5,1.2
45,8,1060,00:00:00.0770000,7,124,141,253804,255652,1269,256921,108637,365558,2.186703125246253,1.7667075791017122,0.12611189484596252,2,7,5,1.2
45,9,1086,00:00:00.0810000,9,242,265,499601,504374,8365,512739,195497,708236,2.32975714620267,2.237172502879984,0.16861678659915924,2,9,7,1.1428572
45,10,1112,00:00:00.0890000,9,506,559,991145,1008948,36597,1045545,354573,1400118,2.476864636354923,2.799182844432205,0.2323833405971527,2,9,7,1.1428572
45,11,1137,00:00:00.1020000,16,959,1066,1891481,1930821,119304,2050125,622882,2673007,2.6208119457715937,3.2304161121179766,0.2695345878601074,3,16,12,1.25
45,12,1164,00:00:00.1300000,22,1874,2093,3663672,3763392,356943,4120335,1119945,5240280,2.763479099657393,3.4510355074040904,0.292640745639801,3,22,18,1.1666666
45,13,1193,00:00:00.1890000,29,3748,4197,7119330,7399348,991464,8390812,2032613,10423425,2.923877387338415,3.722250804143527,0.3015832304954529,4,29,23,1.2173913
45,14,1221,00:00:00.3040000,34,7174,8032,13258559,14067536,2399779,16467315,3491252,19958567,3.13844664416397,4.510665210115307,0.32296180725097656,4,34,27,1.2222222
45,15,1247,00:00:00.5160000,52,13807,15406,25564090,27705787,5293292,32999079,5684039,38683118,3.595539602622272,7.082341368218794,0.32722413539886475,5,52,40,1.275
45,16,1264,00:00:00.8350000,63,28276,30798,54206173,59465938,9500301,68966239,7995960,76962199,4.797198632709231,14.18196548548987,0.34334444999694824,6,63,45,1.3777778
45,17,1271,00:00:01.1020000,72,55999,59211,113462084,124265843,13562304,137828147,9554027,147382174,6.222665256174918,9.966675379796147,0.28462958335876465,7,72,51,1.3921568
45,18,1276,00:00:01.4370000,79,119045,123159,250906463,275506478,20355705,295862183,11388646,307250829,7.337406454133467,7.1940516994954855,0.2359500527381897,7,79,55,1.4181818
45,19,1280,00:00:02,80,242256,247699,512208514,571924953,32665212,604590165,13822753,618412918,8.025256300210582,7.674627032306154,0.2275482565164566,8,80,55,1.4363636
45,20,1283,00:00:02.7950000,83,421785,429097,885097865,1003736022,50797574,1054533596,16631688,1071165284,8.420996651031352,9.183611235178091,0.2111096978187561,8,83,58,1.4137931
46,0,727,00:00:00.0400000,1,1,1,1010,1010,0,1010,1136,2146,1,1,0,0,1,1,0
46,1,812,00:00:00.0650000,1,3,4,2003,2005,0,2005,2407,4412,1,1,0,0,1,1,0
46,2,898,00:00:00.0670000,1,3,6,3999,4001,0,4001,4822,8823,1,1,0,0,1,1,0
46,3,989,00:00:00.0680000,3,7,11,7998,8008,0,8008,10080,18088,1.0043760940235058,1.0087979716636677,0,1,3,2,1
46,4,1075,00:00:00.0790000,6,12,17,16093,16124,0,16124,19990,36114,1.0180823960728267,1.037005122486259,0.011642023921012878,1,6,5,1
46,5,1154,00:00:00.0810000,8,25,34,32095,32179,0,32179,38118,70297,1.0555849820844367,1.1194578916904,0.03488493338227272,1,8,7,1
46,6,1227,00:00:00.0840000,10,46,58,64049,64361,0,64361,71488,135849,1.1455604302955549,1.3529900652676188,0.0865228921175003,1,10,9,1
46,7,1290,00:00:00.0880000,14,85,104,128149,128936,111,129047,129235,258282,1.3027725538240642,1.9048648218189532,0.16852924227714539,2,14,12,1.0833334
46,8,1342,00:00:00.0930000,18,159,187,252670,254518,2218,256736,221789,478525,1.4839593145209167,2.7480617778349603,0.2550591826438904,2,18,15,1.1333333
46,9,1388,00:00:00.1010000,20,308,361,496155,501797,13684,515481,375508,890989,1.6724571958359786,3.58607161098754,0.34914630651474,2,20,16,1.1875
46,10,1430,00:00:00.1150000,26,544,643,963812,977550,54369,1031919,631362,1663281,1.869523309525094,4.244891965375245,0.3804745078086853,2,26,22,1.1363636
46,11,1469,00:00:00.1400000,30,1054,1241,1845664,1889232,169950,2059182,1048265,3107447,2.0952724872999635,4.95345230968316,0.40320682525634766,3,30,24,1.2083334
46,12,1505,00:00:00.1820000,37,2035,2367,3553690,3677629,459396,4137025,1710525,5847550,2.3994611235082406,5.900844391875186,0.3810463845729828,4,37,27,1.3333334
46,13,1535,00:00:00.2520000,41,3897,4472,6892982,7223287,1064739,8288026,2638551,10926577,2.8711981258619272,7.800551193443543,0.34886640310287476,4,41,29,1.3793104
46,14,1558,00:00:00.3300000,46,7469,8390,13850826,14729592,2215743,16945335,3827461,20772796,3.52926583584257,10.826589165871631,0.40885013341903687,4,46,30,1.5
46,15,1575,00:00:00.4470000,61,14197,15587,27402858,29238268,4250996,33489264,5278704,38767968,4.155014414919787,11.165450550012979,0.3313652276992798,5,61,43,1.3953488
46,16,1589,00:00:00.6360000,68,26967,29120,52983525,57562466,7975558,65538024,7206989,72745013,4.732367731290057,11.491572958574729,0.2969268560409546,6,68,47,1.4255319
46,17,1601,00:00:01.0400000,67,55861,59252,109751537,122007251,15046078,137053329,9888570,146941899,5.541681106479629,14.90137233004233,0.30605438351631165,7,67,47,1.4042553
46,18,1609,00:00:01.5570000,70,111709,116752,222547396,251580205,25522850,277103055,12802696,289905751,6.4597600998216125,18.18725548132072,0.2952690124511719,8,71,47,1.4893616
46,19,1615,00:00:02.3080000,75,230163,237611,464810582,531956720,42692429,574649149,16350603,590999752,7.373081022066748,17.366863876675108,0.2987329363822937,8,76,50,1.5
46,20,1619,00:00:03.3020000,76,422431,432627,858347899,993353531,66047515,1059401046,20060954,1079462000,8.059635285482303,15.318149348467422,0.25007838010787964,9,77,51,1.4901961
47,0,1313,00:00:00.0220000,1,1,1,1003,1003,0,1003,1131,2134,1,1,0,0,1,1,0
47,1,1398,00:00:00.0500000,1,2,2,2003,2004,0,2004,2307,4311,1,1,0,0,1,1,0
47,2,1486,00:00:00.0580000,2,3,4,4017,4018,0,4018,4851,8869,1.0072193178989295,1.0145428550844517,0,1,2,1,1
47,3,1570,00:00:00.0600000,3,4,6,8025,8026,0,8026,9697,17723,1.0219314641744548,1.0448749082382813,0.004963716492056847,1,3,2,1
47,4,1653,00:00:00.0740000,4,10,12,16056,16076,0,16076,19305,35381,1.0695067264573992,1.1494779942383624,0.019306620582938194,1,4,3,1
47,5,1725,00:00:00.0890000,5,21,26,32163,32231,0,32231,35804,68035,1.1766937163821782,1.4186889866481198,0.039951905608177185,1,5,4,1
47,6,1785,00:00:00.0920000,5,42,49,64469,64789,0,64789,63294,128083,1.3334625944252276,1.8516880909856628,0.0789032131433487,1,5,4,1
47,7,1834,00:00:00.0940000,7,89,99,126889,128008,93,128101,108044,236145,1.4990661129018277,2.1668666843594204,0.10910297930240631,2,7,5,1.2
47,8,1878,00:00:00.0990000,11,163,185,253778,256914,1967,258881,186518,445399,1.6621023098928984,2.139623655224506,0.12745052576065063,2,11,9,1.1111112
47,9,1918,00:00:00.1060000,17,289,340,498379,505920,12365,518285,320975,839260,1.8123937806368247,2.0187866826467316,0.1298404037952423,2,17,15,1.0666667
47,10,1956,00:00:00.1190000,22,542,643,959901,981063,50163,1031226,552032,1583258,1.9654120581184935,2.0604452657828602,0.13882426917552948,2,22,20,1.05
47,11,1993,00:00:00.1420000,31,1077,1262,1856430,1904580,162962,2067542,950070,3017612,2.1709625463928077,2.500116127009266,0.16472558677196503,3,31,25,1.2
47,12,2027,00:00:00.1810000,35,1979,2308,3534224,3674391,439768,4114159,1574299,5688458,2.4443170551725073,3.6233226498721747,0.23523645102977753,3,35,27,1.2592592
47,13,2057,00:00:00.2470000,48,3750,4300,6833814,7171556,1048457,8220013,2501291,10721304,2.846614204015503,6.24644321785479,0.32137399911880493,5,48,33,1.4242424
47,14,2081,00:00:00.3370000,57,7408,8283,13791742,14650066,2226219,16876285,3731282,20607567,3.5383629566156327,11.462374023399047,0.33159202337265015,6,57,41,1.3658537
47,15,2093,00:00:00.4270000,58,14687,15878,29470269,31303453,3617512,34920965,4727610,39648575,4.992442586798241,14.067121533120277,0.22254827618598938,8,58,40,1.425
47,16,2098,00:00:00.4980000,47,27529,28925,58044671,61902926,4981703,66884629,5404113,72288742,6.2964211822304925,9.569897922746547,0.2682952284812927,8,47,30,1.5333333
47,17,2102,00:00:00.6340000,40,56126,57823,122018543,130276361,7420872,137697233,6274555,143971788,7.261237490764006,6.70928602452347,0.26695290207862854,8,40,26,1.5
47,18,2106,00:00:00.8870000,36,124425,126751,273391323,294748057,13196179,307944236,7753387,315697623,7.931950627416218,5.215837806818076,0.2323717623949051,8,37,24,1.5
47,19,2109,00:00:01.2960000,38,225219,228477,493000343,537564926,22378617,559943543,9545477,569489020,8.246762315132912,4.519121707276113,0.2099248468875885,9,39,23,1.6521739
47,20,2113,00:00:02.2950000,44,474534,480450,1025744592,1138254612,47834399,1186089011,13371286,1199460297,8.552436845799134,4.008367342556513,0.18580177426338196,8,45,31,1.4193548
48,0,578,00:00:00.0160000,1,1,1,1008,1008,0,1008,1151,2159,1,1,0,0,1,1,0
48,1,663,00:00:00.0480000,1,1,2,2014,2014,0,2014,2364,4378,1,1,0,0,1,1,0
48,2,754,00:00:00.0490000,1,1,2,4021,4021,0,4021,5024,9045,1,1,0,0,1,1,0
48,3,838,00:00:00.0500000,1,3,4,8065,8070,0,8070,9902,17972,1,1,0,0,1,1,0
48,4,925,00:00:00.0510000,2,11,13,15979,16006,0,16006,19969,35975,1.0014393891983229,1.0028829288278391,0,1,2,1,1
48,5,1011,00:00:00.0540000,3,21,27,32029,32172,0,32172,39652,71824,1.0073371007524432,1.0148078123702218,0.004059749189764261,1,3,2,1
48,6,1094,00:00:00.0660000,9,42,55,63966,64264,0,64264,77637,141901,1.0328299409061064,1.0687380208232768,0.025996170938014984,1,9,8,1
48,7,1173,00:00:00.0700000,15,86,106,128440,129066,149,129215,150431,279646,1.1013858611024603,1.2307988060872597,0.07583500444889069,2,15,13,1.0769231
48,8,1240,00:00:00.0850000,17,140,182,250982,253578,2702,256280,269581,525861,1.2543329800543466,1.6743345881779639,0.17690342664718628,2,17,14,1.1428572
48,9,1294,00:00:00.1020000,23,289,355,496523,504232,15392,519624,448226,967850,1.5548464018786643,2.883418114672408,0.3043938875198364,2,23,18,1.2222222
48,10,1333,00:00:00.1200000,30,526,632,972090,988866,52502,1041368,683985,1725353,1.9789124463784218,4.678080243782763,0.37068191170692444,3,30,22,1.3181819
48,11,1363,00:00:00.1400000,31,1003,1175,1902141,1949428,145238,2094666,1005072,3099738,2.4410351283106775,5.097687697012408,0.3830060064792633,3,31,22,1.3636364
48,12,1387,00:00:00.1650000,37,1872,2147,3657248,3762078,352342,4114420,1446798,5561218,2.8612360988371583,5.093988796119304,0.35907864570617676,4,37,27,1.3333334
48,13,1410,00:00:00.2110000,46,3663,4114,7299101,7540067,862101,8402168,2166279,10568447,3.2403352138845594,5.23317880804795,0.33370441198349,4,46,31,1.451613
48,14,1431,00:00:00.2890000,50,7037,7822,13797028,14491281,1969919,16461200,3256707,19717907,3.5332201978571036,5.293616395411931,0.3322637379169464,5,50,33,1.4848485
48,15,1453,00:00:00.4450000,62,13832,15317,27049151,28837466,4602557,33440023,5134697,38574720,3.843281328866847,5.854224950574465,0.34966057538986206,5,62,44,1.3863636
48,16,1473,00:00:00.7070000,71,26952,29533,51657689,56515427,9823159,66338586,7915768,74254354,4.266855569168029,7.8090834298998475,0.36729052662849426,6,71,53,1.3207548
48,17,1485,00:00:01.0040000,73,54030,57815,106259746,117694038,16312351,134006389,10522324,144528713,5.6075230031135215,10.537760235064164,0.3363436758518219,7,73,51,1.4117647
48,18,1491,00:00:01.3600000,55,120053,124902,244441648,275684031,24126347,299810378,12698638,312509016,7.192420155832037,6.536240681444916,0.21127690374851227,7,55,38,1.4210526
48,19,1495,00:00:01.9080000,59,248188,254425,520198267,585563195,36509866,622073061,15158589,637231650,8.090881190882552,5.575258906213945,0.1423749178647995,7,60,43,1.3720931
48,20,1498,00:00:02.7240000,64,445865,454021,936502353,1060247746,55311123,1115558869,18040821,1133599690,8.540471173808145,5.591872939421172,0.20790690183639526,8,65,47,1.3617021
4,0,1060,00:00:00.0200000,2,2,2,1009,1009,0,1009,1346,2355,1.0069375619425174,1.0139713770356449,0,1,2,1,1
4,1,1147,00:00:00.0500000,2,2,2,2021,2021,0,2021,2603,4624,1.0227610094012864,1.0465569749965655,0,1,2,1,1
4,2,1229,00:00:00.0510000,2,4,5,4000,4004,0,4004,5039,9043,1.04975,1.1044229939451042,0,1,2,1,1
4,3,1305,00:00:00.0520000,4,6,8,8056,8061,0,8061,9473,17534,1.159880834160874,1.3482731257130218,0.009466447867453098,2,4,2,1.5
4,4,1364,00:00:00.0620000,4,13,16,16120,16154,0,16154,16072,32226,1.3864143920595533,1.899431489514378,0.023698914796113968,2,4,2,1.5
4,5,1405,00:00:00.0630000,6,20,24,32236,32284,0,32284,25362,57646,1.7191649087976175,2.7049130015515406,0.02371789887547493,2,6,4,1.25
4,6,1434,00:00:00.0640000,6,40,45,63936,64106,0,64106,38325,102431,2.071946946946947,3.053695827789789,0.0348525196313858,2,6,4,1.25
4,7,1457,00:00:00.0650000,6,77,83,127653,128302,42,128344,59221,187565,2.370410409469421,2.556534588230034,0.04304539039731026,2,6,4,1.25
4,8,1477,00:00:00.0670000,7,139,147,255034,257176,943,258119,94687,352806,2.582149831002925,2.003016994132509,0.04954142868518829,3,7,4,1.5
4,9,1496,00:00:00.0700000,8,255,268,505926,512650,6383,519033,158420,677453,2.734639057885936,1.6525045049839382,0.10720899701118469,3,8,5,1.4
4,10,1515,00:00:00.0750000,12,523,550,989350,1006377,27706,1034083,274093,1308176,2.845507656542174,1.4788494521378228,0.10968855023384094,3,12,9,1.2222222
4,11,1535,00:00:00.0860000,16,1014,1094,1904429,1952197,95857,2048054,487135,2535189,2.9409061718761897,1.4294542092349423,0.10952585935592651,4,16,12,1.25
4,12,1557,00:00:00.1190000,25,1918,2081,3744478,3864326,298462,4162788,892780,5055568,3.077633517942955,1.5681239562222506,0.10783713310956955,4,25,20,1.2
4,13,1578,00:00:00.1610000,35,3660,3983,7212229,7499359,772798,8272157,1546475,9818632,3.3508776551604225,2.121034625901931,0.1137341782450676,5,35,28,1.2142857
4,14,1596,00:00:00.2310000,43,7269,7848,14328957,15044668,1728741,16773409,2470351,19243760,3.9000842140848073,3.728131970591344,0.1334936022758484,6,43,30,1.4
4,15,1609,00:00:00.3210000,48,14149,15097,28216532,30002444,3330182,33332626,3566045,36898671,4.600718649620017,5.747824614373588,0.1416112631559372,7,48,34,1.382353
4,16,1619,00:00:00.4540000,52,28280,29782,57858193,62605655,6128297,68733952,4943987,73677939,5.442592374082612,6.965676378630673,0.14099524915218353,7,52,35,1.4571428
4,17,1626,00:00:00.6710000,60,57475,59714,120494936,131905860,10576392,142482252,6531431,149013683,6.384419740261948,7.436860250588342,0.12517261505126953,7,60,43,1.3720931
4,18,1631,00:00:00.9570000,64,113739,116926,238939645,265760138,17529900,283290038,8369711,291659749,7.171970900852389,6.804722917128909,0.1408398449420929,7,64,50,1.26
4,19,1635,00:00:01.4490000,74,213201,217774,446903889,505019918,28904385,533924303,10678721,544603024,7.745810164565384,7.097561484054516,0.1301833540201187,7,74,55,1.3272728
4,20,1640,00:00:02.7260000,91,494816,502935,1026279888,1182067836,60558637,1242626473,15481026,1258107499,8.358398782145871,9.452167007289244,0.12278159707784653,7,91,73,1.2328767
49,0,728,00:00:00.0320000,3,4,4,1002,1003,0,1003,982,1985,1.1367265469061876,1.309933835358933,0.01444324478507042,1,3,2,1
49,1,786,00:00:00.0520000,4,5,6,2016,2018,0,2018,1767,3785,1.2504960317460319,1.5998778503054145,0.013122932985424995,2,4,2,1.5
49,2,837,00:00:00.0720000,5,5,6,4037,4037,0,4037,3212,7249,1.4377012633143422,2.004088892526121,0.02296229638159275,2,5,3,1.3333334
49,3,882,00:00:00.0730000,5,7,8,8100,8107,0,8107,5800,13907,1.6375308641975308,2.114711318109114,0.03419296815991402,2,5,3,1.3333334
49,4,918,00:00:00.0730000,6,11,12,16045,16056,0,16056,9918,25974,1.8285447179806793,2.073020523023005,0.02956104651093483,2,6,4,1.25
49,5,948,00:00:00.0740000,8,20,21,32086,32123,0,32123,16837,48960,2.0336283737455587,2.1815727641090468,0.032636549323797226,3,8,5,1.4
49,6,974,00:00:00.0750000,8,34,36,65184,65336,0,65336,28630,93966,2.2595729013254786,2.4195704451864817,0.031242934986948967,3,8,5,1.4
49,7,995,00:00:00.0760000,9,65,72,131004,131558,39,131597,47670,179267,2.5133202039632376,2.6858527694616248,0.033354759216308594,3,9,6,1.3333334
49,8,1012,00:00:00.0780000,11,121,129,258617,260442,821,261263,77734,338997,2.7858609449494813,2.998318352323267,0.04434559866786003,4,11,7,1.4285715
49,9,1027,00:00:00.0800000,12,231,250,516803,522281,5238,527519,128306,655825,3.089558303647618,3.5071353776051497,0.10062834620475769,4,12,7,1.5714285
49,10,1040,00:00:00.0830000,14,491,525,1016014,1029399,20236,1049635,207221,1256856,3.397914792512702,4.215662158724965,0.13516880571842194,4,14,9,1.4444444
49,11,1052,00:00:00.0890000,17,918,979,2005824,2036664,63696,2100360,336050,2436410,3.715159954213331,5.117834537832431,0.15343499183654785,4,17,12,1.3333334
49,12,1063,00:00:00.1000000,20,1771,1880,3866071,3940526,170172,4110698,535996,4646694,4.007055483461116,5.938806531060237,0.17710912227630615,5,20,14,1.3571428
49,13,1075,00:00:00.1210000,24,3621,3826,7913189,8132556,468907,8601463,910695,9512158,4.294139316020381,6.311318018913542,0.21602602303028107,5,24,16,1.4375
49,14,1086,00:00:00.1630000,32,6888,7259,15008316,15543549,1120456,16664005,1483804,18147809,4.532300159458263,6.271908206052426,0.36776795983314514,5,32,24,1.2916666
49,15,1098,00:00:00.2470000,38,13834,14565,29417327,30905998,2706225,33612223,2506687,36118910,4.791067896821489,6.45863116899687,0.41848185658454895,5,38,28,1.3214285
49,16,1110,00:00:00.4070000,51,28029,29478,58751199,62735618,6229709,68965327,4194495,73159822,5.159483809002775,8.074802050528005,0.41175276041030884,6,51,37,1.3513514
49,17,1120,00:00:00.6900000,66,54933,57524,114455638,124064226,12539635,136603861,6473873,143077734,5.689936401385487,12.332622598224443,0.3973706066608429,7,66,45,1.4444444
49,18,1128,00:00:01.1280000,72,108239,112496,222949452,248379154,23126734,271505888,9375893,280881781,6.386827557665403,19.055780127637846,0.4540202021598816,7,72,48,1.4791666
49,19,1134,00:00:01.8450000,73,215807,222343,436282628,502176707,39671517,541848224,12831179,554679403,7.216166555685091,25.635375440703143,0.4348088502883911,7,73,48,1.5
49,20,1139,00:00:03.1090000,89,469740,479878,956728675,1111113575,69709961,1180823536,17535001,1198358537,8.178461677235711,20.721341985791636,0.413315087556839,8,89,51,1.7254902
5,0,698,00:00:00.0160000,1,1,1,1006,1006,0,1006,1028,2034,1,1,0,0,1,1,0
5,1,784,00:00:00.0410000,1,1,1,2008,2008,0,2008,2283,4291,1,1,0,0,1,1,0
5,2,865,00:00:00.0420000,1,1,1,4009,4009,0,4009,4522,8531,1,1,0,0,1,1,0
5,3,948,00:00:00.0430000,2,7,7,8017,8027,0,8027,9300,17327,1.001247349382562,1.0024978045312225,0,1,2,1,1
5,4,1034,00:00:00.0450000,3,11,14,16085,16103,0,16103,19103,35206,1.0066521603978862,1.0134154099261965,0,1,3,2,1
5,5,1118,00:00:00.0560000,4,25,32,32017,32120,0,32120,38432,70552,1.0247056251366462,1.0509979977474777,0.018841208890080452,1,4,3,1
5,6,1198,00:00:00.0590000,7,46,58,64074,64412,0,64412,75470,139882,1.0726191590972938,1.1599522418215984,0.04563061520457268,1,7,6,1
5,7,1269,00:00:00.0630000,9,82,104,127225,128410,130,128540,140448,268988,1.1773472194930241,1.451923620535339,0.10328260809183121,1,9,8,1
5,8,1330,00:00:00.0690000,15,164,203,253366,256095,2553,258648,249447,508095,1.3534452136435038,2.126476970223431,0.17669923603534698,2,15,13,1.0769231
5,9,1381,00:00:00.0780000,21,308,370,494986,502172,15029,517201,421137,938338,1.573553595455225,3.2505538632156386,0.23540686070919037,2,21,18,1.1111112
5,10,1425,00:00:00.0940000,26,598,702,961733,979782,56891,1036673,689460,1726133,1.8293653228078894,4.586903145497305,0.26646003127098083,2,26,23,1.0869565
5,11,1463,00:00:00.1190000,30,1068,1259,1833461,1884685,168348,2053033,1094616,3147649,2.1149661759917446,5.323612993916969,0.277605801820755,3,30,24,1.2083334
5,12,1498,00:00:00.1600000,37,2032,2362,3573467,3704551,452146,4156697,1738522,5895219,2.4436615757190427,5.089158837602269,0.290785551071167,4,37,29,1.2413793
5,13,1529,00:00:00.2290000,44,3725,4312,6922351,7257113,1090880,8347993,2707668,11055661,2.8060296277955277,5.171277497679595,0.3035704791545868,4,44,33,1.3030303
5,14,1556,00:00:00.3330000,51,7405,8436,13502225,14396694,2432100,16828794,4114385,20943179,3.2652980527283466,6.732335938666764,0.33336329460144043,5,51,37,1.3513514
5,15,1578,00:00:00.5230000,62,14312,16066,26731506,28821713,4986605,33808318,5997877,39806195,3.8425575798086347,10.089827131476467,0.34897130727767944,5,62,45,1.3555555
5,16,1595,00:00:00.7860000,66,27298,30013,51924790,57150200,9423854,66574054,8363459,74937513,4.465209218949176,13.093127689697367,0.3838021457195282,7,66,42,1.5476191
5,17,1609,00:00:01.1910000,73,55040,59309,104504307,118787273,17528816,136316089,11519959,147836048,5.190692973065694,16.402159635258272,0.5001580715179443,7,73,47,1.531915
5,18,1618,00:00:01.7350000,94,106206,112385,205575088,236949028,28740888,265689916,14748841,280438757,6.129896245015836,18.076336708917587,0.4357934594154358,8,94,57,1.6315789
5,19,1624,00:00:02.4600000,101,209232,217544,415289933,480985510,44371503,525357013,18131936,543488949,7.212643907262736,16.782231868293565,0.37499311566352844,8,102,57,1.7719299
5,20,1629,00:00:03.7210000,95,469575,481263,947940819,1105234974,73570472,1178805446,22773539,1201578985,8.296078554034711,17.721323343535243,0.3681859076023102,7,96,54,1.7592592
6,0,714,00:00:00.0380000,1,1,1,1003,1003,0,1003,1250,2253,1,1,0,0,1,1,0
6,1,795,00:00:00.0620000,1,1,1,2007,2007,0,2007,2456,4463,1,1,0,0,1,1,0
6,2,887,00:00:00.0630000,1,1,1,4009,4009,0,4009,5085,9094,1,1,0,0,1,1,0
6,3,976,00:00:00.0650000,1,7,7,8023,8030,0,8030,10242,18272,1,1,0,0,1,1,0
6,4,1063,00:00:00.0660000,3,9,10,16008,16032,0,16032,20291,36323,1.0028110944527737,1.0056419304852935,0,1,3,2,1
6,5,1150,00:00:00.0780000,4,18,24,32139,32178,0,32178,40398,72576,1.0119481004387194,1.0242802206377994,0.010292074643075466,1,4,3,1
6,6,1232,00:00:00.0810000,4,40,51,63839,64159,0,64159,78212,142371,1.0385501026018578,1.081201432999921,0.037617530673742294,1,4,3,1
6,7,1308,00:00:00.0850000,9,90,111,127526,128573,137,128710,147491,276201,1.112980882329878,1.2648749506007115,0.07444702088832855,1,9,8,1
6,8,1375,00:00:00.0920000,16,169,215,252045,255178,2745,257923,266303,524226,1.2521256124898332,1.7198725049202643,0.1470634639263153,2,16,13,1.1538461
6,9,1432,00:00:00.1030000,22,305,384,491779,499669,16164,515833,456467,972300,1.4556030249359977,2.7005113770393168,0.24230247735977173,2,22,18,1.1666666
6,10,1481,00:00:00.1210000,29,624,754,953913,975166,61387,1036553,754429,1790982,1.7176189023527302,4.479719230701766,0.31806328892707825,2,29,25,1.12
6,11,1523,00:00:00.1500000,35,1109,1362,1834646,1890054,182761,2072815,1205382,3278197,2.0127168947033924,6.872606584693324,0.3753966689109802,2,35,29,1.1724138
6,12,1560,00:00:00.1960000,45,2004,2407,3524718,3677015,477009,4154024,1888077,6042101,2.3587279890192634,8.72901768821769,0.3922877311706543,4,45,35,1.2571429
6,13,1588,00:00:00.2670000,55,3889,4502,7015652,7363813,1038002,8401815,2750903,11152718,3.0359731354975987,9.292906790580874,0.34268444776535034,5,55,43,1.255814
6,14,1605,00:00:00.3230000,59,7420,8278,14244402,15124187,1906600,17030787,3626001,20656788,3.9558340181637672,6.051920258021246,0.2454046905040741,6,59,44,1.3181819
6,15,1616,00:00:00.3970000,62,13890,15062,27714425,29745884,3250720,32996604,4551914,37548518,4.7566960526873645,5.685950315201908,0.20392203330993652,7,62,47,1.2978723
6,16,1625,00:00:00.5190000,62,27392,29046,55788313,60867617,5727654,66595271,5775980,72371251,5.534238075992726,7.683916466791304,0.1658029556274414,8,62,44,1.3863636
6,17,1632,00:00:00.7900000,67,55510,57851,115114065,126663413,10021190,136684603,7326500,144011103,6.3858053488077235,12.172997064863326,0.25959479808807373,8,67,46,1.4347826
6,18,1637,00:00:01.0930000,73,113047,116280,240516820,263752311,16719244,280471555,9119986,289591541,7.3290254710668465,16.38003226935936,0.2329450100660324,8,73,49,1.4693878
6,19,1641,00:00:01.6300000,68,244608,249152,527941751,580792620,28667387,609460007,11491693,620951700,8.276273139458523,13.280296164917463,0.20496436953544617,8,69,45,1.5111111
6,20,1644,00:00:02.4560000,54,475850,482115,1026031310,1142128246,47908324,1190036570,14389532,1204426102,8.871394987936577,8.440757766630359,0.1811695694923401,6,55,38,1.4210526
7,0,633,00:00:00.0470000,1,1,1,1004,1004,0,1004,1175,2179,1,1,0,0,1,1,0
7,1,731,00:00:00.1060000,1,1,1,2003,2003,0,2003,2678,4681,1,1,0,0,1,1,0
7,2,818,00:00:00.1110000,2,3,3,4025,4027,0,4027,5128,9155,1.0017391304347827,1.0034843379082823,0,1,2,1,1
7,3,903,00:00:00.1170000,3,6,6,8037,8043,0,8043,9979,18022,1.0114470573597114,1.0232214948360232,0.010496044531464577,1,3,2,1
7,4,986,00:00:00.1420000,5,6,9,16056,16057,0,16057,19412,35469,1.0433482810164425,1.0916853442684347,0.028718484565615654,1,5,4,1
7,5,1064,00:00:00.1480000,6,20,27,32246,32285,0,32285,37265,69550,1.1280779011350246,1.2989297143824226,0.08298414945602417,2,6,4,1.25
7,6,1128,00:00:00.1550000,7,33,46,64537,64744,0,64744,66594,131338,1.2911663076994593,1.7926048370114043,0.17907822132110596,2,7,4,1.5
7,7,1176,00:00:00.1620000,8,80,101,127854,128673,80,128753,109865,238618,1.5520672016518842,2.8068790816887748,0.2846445143222809,2,8,5,1.4
7,8,1212,00:00:00.1730000,12,159,193,255377,257913,1606,259519,173439,432958,1.891078679755812,4.147207628342568,0.35546648502349854,3,12,8,1.375
7,9,1239,00:00:00.1860000,16,287,339,497653,503954,8784,512738,263254,775992,2.2486250459657633,4.597638966111367,0.3684765696525574,3,16,12,1.25
7,10,1262,00:00:00.2050000,21,513,591,990755,1005926,33135,1039061,401974,1441035,2.624420770018824,4.49157374561125,0.34280550479888916,4,21,16,1.25
7,11,1282,00:00:00.2350000,25,1007,1131,1978873,2021669,101856,2123525,617577,2741102,3.003746576965778,4.969947693855866,0.31458261609077454,4,25,18,1.3333334
7,12,1299,00:00:00.2810000,32,1953,2133,3861873,3962821,263360,4226181,934113,5160294,3.3904675270263938,6.309437746840423,0.28825053572654724,5,32,22,1.4090909
7,13,1314,00:00:00.3740000,38,3666,3968,7489824,7773543,618234,8391777,1402977,9794754,3.8084746717679883,7.721680629546936,0.26897019147872925,6,38,25,1.48
7,14,1327,00:00:00.5000000,45,7259,7768,15092144,15837330,1354167,17191497,2075081,19266578,4.420904611034721,8.582873097425807,0.24037185311317444,7,45,31,1.4193548
7,15,1335,00:00:00.6450000,49,13546,14265,28928598,30520538,2360937,32881475,2739576,35621051,5.298302150695308,10.24000372208475,0.20205162465572357,8,49,33,1.4545455
7,16,1341,00:00:00.8230000,47,28818,29818,63153457,67257067,4085861,71342928,3555347,74898275,6.421165384501437,7.1485464208554,0.14148102700710297,8,47,30,1.5333333
7,17,1345,00:00:01.0530000,47,56387,57730,124405489,133680565,6701446,140382011,4455940,144837951,7.177188194646299,4.83955518416888,0.10549645870923996,8,48,33,1.4242424
7,18,1349,00:00:01.3840000,53,118634,120628,261795929,283332155,12454705,295786860,5928260,301715120,7.775421832476241,4.110757968747809,0.07772428542375565,8,54,40,1.325
7,19,1353,00:00:02.0940000,55,252112,255506,548219071,603179491,25384778,628564269,8397878,636962147,8.21647494273325,4.047423332582345,0.09140069782733917,7,55,41,1.3170732
7,20,1356,00:00:03.1480000,58,435541,440902,933460192,1044763382,44511512,1089274894,11279316,1100554210,8.48135647224258,4.211253238662043,0.08631483465433121,7,58,44,1.2954545
8,0,957,00:00:00.0440000,2,2,2,1005,1005,0,1005,1164,2169,1.1124378109452737,1.2493613449053707,0,1,2,1,1
8,1,1026,00:00:00.0530000,2,2,2,2005,2005,0,2005,2180,4185,1.2403990024937657,1.575335649631423,0,1,2,1,1
8,2,1079,00:00:00.0690000,2,4,4,4037,4042,0,4042,3696,7738,1.4149120634134258,1.9437103621019547,0,1,2,1,1
8,3,1125,00:00:00.0700000,2,5,6,8036,8048,0,8048,6367,14415,1.5806371329019413,1.9492997764984539,0,1,2,1,1
8,4,1165,00:00:00.0700000,4,8,9,16030,16061,0,16061,10851,26912,1.714784778540237,1.711457844430761,0.01206994242966175,2,4,2,1.5
8,5,1202,00:00:00.0800000,5,15,16,32580,32665,0,32665,19217,51882,1.820196439533456,1.4824109620487183,0.012355078011751175,2,5,3,1.3333334
8,6,1235,00:00:00.0810000,7,33,37,63911,64018,0,64018,34323,98341,1.9038350205754877,1.36498007360994,0.015233876183629036,2,7,5,1.2
8,7,1268,00:00:00.0830000,7,67,76,130154,130577,70,130647,64830,195477,1.984303210043487,1.3570166194221838,0.01716000773012638,2,7,5,1.2
8,8,1298,00:00:00.0880000,7,126,145,257699,259361,1466,260827,118809,379636,2.0786382562602106,1.4706759264481015,0.023529762402176857,2,7,5,1.2
8,9,1327,00:00:00.0950000,10,245,277,508945,513903,9651,523554,217481,741035,2.203902189824048,1.7607395873640845,0.035530105233192444,3,10,7,1.2857143
8,10,1355,00:00:00.1020000,13,493,547,992104,1006949,39976,1046925,390042,1436967,2.359341359373614,2.2456500786154447,0.1862482875585556,3,13,9,1.3333334
8,11,1382,00:00:00.1260000,17,972,1092,1899493,1939526,128635,2068161,681409,2749570,2.540560560107355,2.8899695572549424,0.24814800918102264,3,17,13,1.2307693
8,12,1409,00:00:00.1540000,22,1819,2065,3677755,3775050,364804,4139854,1179289,5319143,2.7614748671404157,3.675889716473839,0.319661021232605,3,22,16,1.3125
8,13,1436,00:00:00.2060000,26,3650,4097,7158249,7454103,956954,8411057,2027987,10439044,3.0177536433840175,4.68997774357233,0.38276606798171997,5,26,17,1.4705882
8,14,1459,00:00:00.2920000,38,6907,7702,13724219,14397129,2117964,16515093,3211561,19726654,3.500320273233763,6.782895737641725,0.4369798004627228,6,38,25,1.48
8,15,1471,00:00:00.3720000,41,13769,14888,28692232,30156102,3470283,33626385,4188859,37815244,4.897206393702658,8.393279356060885,0.3616398870944977,6,41,27,1.4814814
8,16,1477,00:00:00.4560000,40,26838,28281,57829813,61170905,5092764,66263669,4995196,71258865,6.022291460634673,5.915777492468219,0.2757527828216553,7,40,25,1.56
8,17,1482,00:00:00.6090000,45,54383,56275,118763622,126735476,8151368,134886844,6089402,140976246,6.810553782201085,5.198086123778171,0.2403758019208908,7,45,30,1.4666667
8,18,1487,00:00:00.8930000,42,117174,120000,253828336,276964729,15182190,292146919,7919539,300066458,7.4231242645817135,5.4461720026273035,0.1942538470029831,7,42,29,1.4137931
8,19,1491,00:00:01.4030000,47,219427,223635,470015426,522330915,27094530,549425445,10283644,559709089,7.801688708829739,6.266943595722253,0.20739871263504028,6,47,34,1.3529412
8,20,1496,00:00:02.6640000,63,479933,487829,1005216208,1146498686,58968031,1205466717,15102510,1220569227,8.214123549030559,8.020394628538382,0.1864568442106247,5,63,45,1.3777778
