RepeatId,GenerationId,Generations,Time,SubcloneSelect,SubcloneAlive,SubcloneTotal,CellSelectCount,CellAliveCount,CellNecroCount,CellTumorCount,CellLostCount,CellTotalCount,MeanDriversPerCell,ClonalDiversity,TreeBalance,TreeDepth,NodeCount,LeafCount,Branching
0,0,1147,00:00:00.0500000,2,2,2,616,616,387,1003,1168,2171,1.0016233766233766,1.0032520550367852,0,1,2,1,1
0,1,1368,00:00:00.0610000,3,3,3,997,997,1008,2005,2412,4417,1.0320962888665999,1.0663856125348485,0.010540314950048923,1,3,2,1
0,2,1617,00:00:00.0730000,3,3,4,1805,1805,2206,4011,4622,8633,1.257617728531856,1.6352812803209564,0.07034209370613098,1,3,2,1
0,3,1825,00:00:00.0910000,3,4,5,3475,3476,4528,8004,7655,15659,1.6100719424460432,2.025721761256357,0.15585772693157196,1,3,2,1
0,4,2015,00:00:00.0940000,3,3,5,6538,6538,9463,16001,12067,28068,1.8306821657999388,1.5425809707724973,0.2516252100467682,1,3,2,1
0,5,2219,00:00:00.0960000,3,5,9,11839,11842,20231,32073,19562,51635,1.9500802432637891,1.2289622307706827,0.2861204147338867,1,3,2,1
0,6,2460,00:00:00.1000000,5,7,14,20166,20180,43967,64147,33995,98142,1.990875731429138,1.1562963883244752,0.31120869517326355,2,5,2,2
0,7,2753,00:00:00.1060000,7,11,23,33862,33885,94177,128062,62026,190088,2.0525367668773256,1.2450398514456722,0.3267425000667572,2,7,4,1.5
0,8,3057,00:00:00.1140000,8,28,48,65279,65486,191043,256529,107911,364440,2.424347799445457,2.6709830450907193,0.48181089758872986,2,9,6,1.3333334
0,9,3321,00:00:00.1260000,13,45,83,132699,133381,378721,512102,171499,683601,2.856291305887761,3.507174460862759,0.6194347739219666,3,14,8,1.625
0,10,3567,00:00:00.1420000,20,76,131,270284,271474,752736,1024210,265670,1289880,3.338699294075861,4.856910506706953,0.734536349773407,4,21,14,1.4285715
0,11,3760,00:00:00.1630000,22,156,253,618283,622712,1426358,2049070,382418,2431488,4.101096100005984,4.984066177040353,0.6530097126960754,4,23,16,1.375
0,12,3909,00:00:00.1950000,26,310,499,1383171,1400822,2700368,4101190,526830,4628020,4.764141237778987,2.914764267450891,0.380254328250885,4,27,19,1.3684211
0,13,4040,00:00:00.2500000,26,602,936,2948836,3000713,5235825,8236538,729546,8966084,5.303862608839555,2.951964874119386,0.1537516713142395,4,27,20,1.3
0,14,4162,00:00:00.3970000,31,1186,1782,5972389,6138112,10257036,16395148,1029967,17425115,5.753222705352917,2.6113341745525025,0.10787803679704666,5,32,24,1.2916666
0,15,4256,00:00:00.5220000,34,2496,3487,14070854,14539325,18524434,33063759,1390836,34454595,6.801972645015008,3.206426524776674,0.12325271964073181,5,34,27,1.2222222
0,16,4317,00:00:00.6950000,36,5255,6807,32508221,33752959,31891346,65644305,1767378,67411683,7.635650379022587,2.3357345659609323,0.068820521235466,5,36,29,1.2068965
0,17,4372,00:00:01.0490000,39,10903,13640,68883901,72442235,59059252,131501487,2308591,133810078,8.177932605762267,2.821691263067574,0.05443575605750084,5,40,31,1.2580645
0,18,4423,00:00:01.6680000,48,21996,26923,141639565,150545321,111917009,262462330,3103199,265565529,8.702159972038887,5.272109766823507,0.17506757378578186,5,48,34,1.382353
0,19,4463,00:00:02.9050000,59,45127,53542,307201984,330923384,198300165,529223549,4079915,533303464,9.621258533278223,11.54172161160695,0.4351917505264282,8,59,35,1.6571429
0,20,4482,00:00:04.1700000,55,94784,106495,709294892,768221891,287756622,1055978513,4800678,1060779191,11.261497650824758,12.786776433603887,0.4255472421646118,8,55,32,1.6875
9,0,1169,00:00:00.0210000,1,1,1,615,615,388,1003,1254,2257,1,1,0,0,1,1,0
9,1,1409,00:00:00.0370000,1,1,1,996,996,1010,2006,2555,4561,1,1,0,0,1,1,0
9,2,1687,00:00:00.0410000,1,1,1,1731,1731,2272,4003,4981,8984,1,1,0,0,1,1,0
9,3,2037,00:00:00.0730000,1,1,1,2827,2827,5180,8007,9992,17999,1,1,0,0,1,1,0
9,4,2480,00:00:00.0810000,1,1,1,4663,4663,11344,16007,20238,36245,1,1,0,0,1,1,0
9,5,3013,00:00:00.1170000,1,1,4,7696,7696,24307,32003,40080,72083,1,1,0,0,1,1,0
9,6,3676,00:00:00.1350000,1,6,11,12748,12769,51240,64009,79501,143510,1,1,0,0,1,1,0
9,7,4412,00:00:00.1500000,11,18,29,23704,23722,104350,128072,149202,277274,1.3639470131623355,2.2269103076451304,0.2282407581806183,1,11,10,1
9,8,4859,00:00:00.1730000,18,26,45,54298,54353,201673,256026,215657,471683,2.038546539467384,4.680558551949494,0.5982518196105957,2,18,13,1.3076923
9,9,5186,00:00:00.1860000,20,40,74,121230,121584,391592,513176,293901,807077,2.6789326074404025,6.188837148096627,0.6989144086837769,3,20,13,1.4615384
9,10,5472,00:00:00.2050000,23,86,144,240495,242180,783302,1025482,403771,1429253,3.0462545998877317,5.281131178912645,0.6843175888061523,3,24,14,1.6428572
9,11,5731,00:00:00.2360000,28,153,256,507858,514268,1538204,2052472,561481,2613953,3.624367441292645,7.630216707935264,0.6397520303726196,3,29,18,1.5555556
9,12,5933,00:00:00.2780000,35,295,477,1165623,1178928,2928677,4107605,756423,4864028,4.355252084078643,5.662023580711701,0.3865475058555603,4,36,25,1.4
9,13,6098,00:00:00.3420000,39,592,890,2550663,2599192,5607433,8206625,1010709,9217334,4.971124370408792,3.9672790994598324,0.2639850974082947,4,40,29,1.3448275
9,14,6229,00:00:00.4650000,46,1200,1749,5850551,6011476,10430568,16442044,1329349,17771393,5.805409610137575,6.582408267903499,0.22230012714862823,5,47,34,1.3529412
9,15,6316,00:00:00.6090000,48,2548,3469,14185598,14592268,18225149,32817417,1664473,34481890,6.826959920900056,11.215735826236429,0.22048424184322357,6,49,34,1.4117647
9,16,6370,00:00:00.7550000,38,5339,6739,34441263,35750052,29940504,65690556,1991784,67682340,8.042113060720219,12.052725876276973,0.30426210165023804,7,39,24,1.5833334
9,17,6402,00:00:00.9570000,37,11397,13495,82011409,84970921,47285727,132256648,2303198,134559846,9.112132471715002,5.49516616644043,0.22207115590572357,6,38,25,1.48
9,18,6428,00:00:01.2450000,37,23281,26616,176579712,185074604,79804476,264879080,2709428,267588508,9.768938982072866,4.410708891493355,0.2286926805973053,6,37,22,1.6363636
9,19,6453,00:00:01.9250000,45,47801,53669,365216777,388093749,146769896,534863645,3333336,538196981,10.233404181758058,5.223267615794814,0.19227741658687592,6,45,27,1.6296296
9,20,6477,00:00:03.4580000,54,97632,108469,733641991,800120019,279834237,1079954256,4287794,1084242050,10.714015110130195,7.495706062707421,0.16909055411815643,8,55,34,1.5882353
10,0,1035,00:00:00.0360000,1,1,1,602,602,402,1004,1359,2363,1,1,0,0,1,1,0
10,1,1291,00:00:00.0510000,1,1,1,969,969,1032,2001,2758,4759,1,1,0,0,1,1,0
10,2,1581,00:00:00.0750000,2,2,2,1685,1685,2324,4009,5344,9353,1.024925816023739,1.0510926274482044,0,1,2,1,1
10,3,1866,00:00:00.0910000,2,2,2,3161,3161,4840,8001,9333,17334,1.2938943372350522,1.7095212955654746,0,1,2,1,1
10,4,2092,00:00:00.1100000,2,2,2,6243,6243,9803,16046,14447,30493,1.676437610123338,1.7785351494219457,0,1,2,1,1
10,5,2315,00:00:00.1130000,2,3,3,11316,11319,20723,32042,22734,54776,1.8936019794980559,1.2348042037293003,0,1,2,1,1
10,6,2563,00:00:00.1160000,3,5,6,19820,19823,44271,64094,37495,101589,1.9714429868819374,1.0661358399811347,0,2,3,1,2
10,7,2861,00:00:00.1210000,3,6,10,33827,33841,94424,128265,65928,194193,2.0256304135749548,1.07697449046577,0,2,3,1,2
10,8,3180,00:00:00.1290000,5,19,41,63659,63892,192404,256296,113874,370170,2.365965535116794,1.8837222365364803,0.02809564396739006,2,5,3,1.3333334
10,9,3417,00:00:00.1480000,8,39,78,147686,148554,364682,513236,170287,683523,3.1982110694310903,2.9850937076300297,0.07571011036634445,3,8,5,1.4
10,10,3578,00:00:00.1580000,10,70,127,350858,352968,675590,1028558,231404,1259962,4.0048823170627434,3.0691724959474525,0.07543092966079712,4,10,6,1.5
10,11,3705,00:00:00.1720000,10,142,229,772644,777484,1274489,2051973,308868,2360841,4.63227437215587,2.7009814468659177,0.1220235601067543,4,10,6,1.5
10,12,3817,00:00:00.1940000,15,304,448,1640645,1651897,2453154,4105051,417516,4522567,5.175897284299772,2.8552690072680065,0.08624543994665146,5,15,10,1.4
10,13,3918,00:00:00.2330000,17,578,815,3428912,3473055,4750745,8223800,573714,8797514,5.705698192312897,3.173673006363794,0.09136919677257538,5,17,11,1.4545455
10,14,4007,00:00:00.3040000,25,1244,1667,7252185,7386782,9070554,16457336,791920,17249256,6.314056935944133,4.673290607871201,0.14261287450790405,5,25,17,1.4117647
10,15,4075,00:00:00.4310000,30,2609,3362,16502443,16868430,16296468,33164898,1054860,34219758,7.228445933732357,8.516165414507343,0.15794208645820618,5,30,21,1.3809524
10,16,4121,00:00:00.5680000,31,5465,6705,37004129,38102952,27747346,65850298,1338926,67189224,8.092699384979444,5.913536633766297,0.19223587214946747,6,31,20,1.5
10,17,4158,00:00:00.7960000,39,11414,13486,82305090,84950516,48305156,133255672,1700818,134956490,8.926252689839718,4.961142708569595,0.14429259300231934,7,39,26,1.4615384
10,18,4183,00:00:01.2010000,38,23872,27099,181907935,188998701,79170542,268169243,2089520,270258763,9.915823985358308,4.307463427228808,0.1078065037727356,7,38,25,1.48
10,19,4202,00:00:01.8380000,37,48719,53888,385778316,405129239,131121786,536251025,2562441,538813466,10.670025385771034,3.7802321651531954,0.09033382683992386,7,37,24,1.5
10,20,4219,00:00:02.9740000,37,98163,106860,781857553,838217975,229323655,1067541630,3234381,1070776011,11.236151955418917,4.083048816947098,0.09287608414888382,7,37,25,1.44
11,0,1402,00:00:00.0230000,1,1,1,593,593,408,1001,1415,2416,1,1,0,0,1,1,0
11,1,1629,00:00:00.0390000,1,1,1,1034,1034,974,2008,2591,4599,1,1,0,0,1,1,0
11,2,1904,00:00:00.0420000,1,1,1,1725,1725,2279,4004,4969,8973,1,1,0,0,1,1,0
11,3,2254,00:00:00.0610000,1,1,1,2826,2826,5181,8007,10047,18054,1,1,0,0,1,1,0
11,4,2682,00:00:00.0660000,2,2,3,4682,4682,11332,16014,19987,36001,1.0055531824006834,1.0111680438236652,0,1,2,1,1
11,5,3156,00:00:00.0720000,2,2,6,8623,8623,23401,32024,37239,69263,1.2930534616722718,1.7074935471160224,0,1,2,1,1
11,6,3491,00:00:00.0760000,2,5,11,17957,17980,46127,64107,56950,121057,1.7974606003229938,1.477179842427257,0,1,2,1,1
11,7,3802,00:00:00.0810000,5,10,18,33230,33270,94870,128140,86292,214432,2.0046945531146556,1.2075604747126845,0.03870456665754318,2,5,3,1.3333334
11,8,4110,00:00:00.0980000,8,24,38,65064,65244,191311,256555,132892,389447,2.4275021517275297,2.4651039762952944,0.2333134561777115,2,8,6,1.1666666
11,9,4371,00:00:00.1090000,11,47,78,134305,134719,378220,512939,195938,708877,2.8851718104314807,3.1708369843668396,0.35792723298072815,2,11,9,1.1111112
11,10,4609,00:00:00.1240000,13,81,136,274385,276156,748987,1025143,287321,1312464,3.3682817938298375,3.904967845771034,0.3433556854724884,3,13,9,1.3333334
11,11,4814,00:00:00.1470000,20,154,240,583095,588496,1462316,2050812,412341,2463153,3.9234704464967116,3.377527864232065,0.2615175247192383,3,20,16,1.1875
11,12,4991,00:00:00.1820000,22,293,447,1243753,1263440,2841456,4104896,584237,4689133,4.486803247911764,4.498197318950961,0.21191538870334625,4,23,16,1.375
11,13,5129,00:00:00.2360000,23,574,851,2956356,3007246,5214743,8221989,793711,9015700,5.501158182573412,4.851101682975935,0.1783015877008438,5,24,17,1.3529412
11,14,5210,00:00:00.3380000,27,1244,1698,7397330,7528022,8974098,16502120,991717,17493837,6.464603850308151,1.8607280301167155,0.11953005939722061,4,27,20,1.3
11,15,5285,00:00:00.4610000,27,2464,3319,15401464,15848256,17122509,32970765,1286613,34257378,6.870242984692884,1.41152122738389,0.0638202577829361,4,28,22,1.2272727
11,16,5364,00:00:00.6860000,42,5020,6584,29937436,31063118,34480407,65543525,1778918,67322443,7.169169998392648,1.7185115053722704,0.06692317873239517,4,42,34,1.2058823
11,17,5439,00:00:01.1840000,49,10370,13426,60907349,64739857,67055817,131795674,2512251,134307925,7.784601772768012,3.881831746963042,0.19197407364845276,6,50,34,1.4411764
11,18,5479,00:00:01.8440000,55,21854,26462,148634064,158444662,105080435,263525097,3118346,266643443,9.322192058208138,6.45202758748957,0.32465532422065735,6,55,36,1.5
11,19,5502,00:00:02.6370000,52,46737,53436,348717299,373402269,160355418,533757687,3684048,537441735,10.411133486669957,3.864607986744812,0.2142903208732605,6,52,36,1.4166666
11,20,5519,00:00:03.7790000,58,95262,105261,740689651,797411300,251359241,1048770541,4346046,1053116587,11.21674399093231,4.607091116333527,0.16986720263957977,7,58,40,1.425
12,0,1213,00:00:00.0210000,1,1,1,610,610,395,1005,1149,2154,1,1,0,0,1,1,0
12,1,1456,00:00:00.0470000,1,1,1,1004,1004,1000,2004,2480,4484,1,1,0,0,1,1,0
12,2,1735,00:00:00.0640000,1,1,1,1749,1749,2254,4003,4853,8856,1,1,0,0,1,1,0
12,3,2084,00:00:00.0830000,1,1,2,2852,2852,5150,8002,9859,17861,1,1,0,0,1,1,0
12,4,2507,00:00:00.0880000,2,2,3,4774,4774,11241,16015,19572,35587,1.0010473397570172,1.0020968200959768,0,1,2,1,1
12,5,3030,00:00:00.0950000,3,4,7,7876,7879,24128,32007,38957,70964,1.0452006094464195,1.0950799463307856,0.026962291449308395,1,3,2,1
12,6,3489,00:00:00.1110000,6,10,15,16238,16257,47803,64060,65593,129653,1.5888656238453012,2.412846325498743,0.1922518014907837,2,6,4,1.25
12,7,3785,00:00:00.1170000,8,17,24,36292,36360,91863,128223,93039,221262,2.266890774826408,2.7435306662218317,0.22414728999137878,2,8,5,1.4
12,8,4011,00:00:00.1240000,10,25,39,76137,76355,179727,256082,127313,383395,2.762572730735385,1.823702812162681,0.13529184460639954,3,10,6,1.5
12,9,4228,00:00:00.1330000,14,43,73,149201,149558,363662,513220,179702,692922,3.1252471498180308,1.849311732418211,0.07695355266332626,3,14,11,1.1818181
12,10,4428,00:00:00.1450000,13,78,122,302141,304709,720230,1024939,256320,1281259,3.5675131809320813,2.412766134319678,0.07207678258419037,4,14,10,1.3
12,11,4621,00:00:00.1650000,21,135,221,602414,608126,1447098,2055224,374614,2429838,3.9563589159614483,2.1861983257338444,0.08061972260475159,4,22,18,1.1666666
12,12,4804,00:00:00.1990000,23,283,435,1219343,1238050,2873082,4111132,552803,4663935,4.415796867657419,3.6764492296113485,0.2195720076560974,3,23,19,1.1578947
12,13,4968,00:00:00.2640000,32,585,859,2567811,2615156,5588096,8203252,805807,9009059,4.980962773350531,6.252990207618664,0.2398155778646469,4,32,24,1.2916666
12,14,5087,00:00:00.3880000,37,1248,1745,6170463,6328418,10079454,16407872,1093626,17501498,5.9856817875741255,6.046636253270362,0.1890164464712143,5,37,27,1.3333334
12,15,5172,00:00:00.5300000,42,2566,3462,14439610,14897933,18146022,33043955,1423922,34467877,6.792580547535564,3.7122118428599773,0.17816966772079468,5,42,29,1.4137931
12,16,5233,00:00:00.6950000,50,5374,6858,33261236,34382153,31291748,65673901,1796053,67469954,7.797791639492892,6.3258772622675785,0.146244615316391,7,50,35,1.4
12,17,5269,00:00:00.9550000,44,11498,13732,80300218,83979136,50133063,134112199,2146529,136258728,9.016099420801075,7.7129159625497845,0.15036918222904205,7,44,29,1.4827586
12,18,5295,00:00:01.3730000,44,23536,27020,174107518,183982967,82265425,266248392,2554545,268802937,9.75370783816469,6.611090356779147,0.16322846710681915,8,45,30,1.4666667
12,19,5319,00:00:02.2000000,58,47538,53430,360987008,383849595,145915119,529764714,3151920,532916634,10.274980076291277,6.6653309395281495,0.1438775509595871,8,59,42,1.3809524
12,20,5341,00:00:03.6890000,66,95525,105741,724737749,785785448,265131168,1050916616,4012420,1054929036,10.837937633078914,8.098399026731027,0.1685173064470291,8,67,42,1.5714285
13,0,1300,00:00:00.0220000,1,1,1,595,595,411,1006,1223,2229,1,1,0,0,1,1,0
13,1,1539,00:00:00.0320000,2,2,2,1013,1013,992,2005,2520,4525,1.0088845014807502,1.0179268217891142,0,1,2,1,1
13,2,1821,00:00:00.0360000,2,2,2,1712,1712,2292,4004,5021,9025,1.0800233644859814,1.1726618126351138,0,1,2,1,1
13,3,2081,00:00:00.0390000,2,2,3,3219,3219,4789,8008,8708,16716,1.4091332712022366,1.9360576126294187,0,1,2,1,1
13,4,2294,00:00:00.0570000,2,2,3,6288,6288,9752,16040,13596,29636,1.7743320610687023,1.537240882268929,0,1,2,1,1
13,5,2506,00:00:00.0600000,2,3,5,11669,11671,20416,32087,21397,53484,1.9257005741708801,1.1594983908065413,0,1,2,1,1
13,6,2751,00:00:00.0630000,3,9,12,20028,20057,43990,64047,35988,100035,1.982174955062912,1.042150321661413,0,2,3,1,2
13,7,3047,00:00:00.0690000,8,17,23,33767,33839,94333,128172,64140,192312,2.0361299493588416,1.0934164718957655,0.023333987221121788,2,8,6,1.1666666
13,8,3359,00:00:00.0880000,11,30,43,64017,64383,191970,256353,110980,367333,2.3881781401815143,2.2238693055558874,0.2015761137008667,1,11,10,1
13,9,3629,00:00:00.1000000,17,51,76,131116,131778,381502,513280,175970,689250,2.8408584764635894,2.981595060444832,0.37934139370918274,2,17,14,1.1428572
13,10,3878,00:00:00.1170000,24,92,145,266369,268328,758153,1026481,271617,1298098,3.3026177971160307,3.961518024392725,0.41167131066322327,3,24,20,1.15
13,11,4082,00:00:00.1420000,24,166,254,593259,600923,1453169,2054092,395264,2449356,4.001646835530519,4.849660329740551,0.3474508225917816,4,24,18,1.2777778
13,12,4242,00:00:00.1770000,27,327,489,1330858,1350026,2764911,4114937,550205,4665142,4.6677519314607565,3.397579370794055,0.26583024859428406,4,27,20,1.3
13,13,4380,00:00:00.2400000,23,653,924,2825637,2901333,5327447,8228780,763284,8992064,5.236883577048291,3.517451543823224,0.27882638573646545,4,24,15,1.5333333
13,14,4503,00:00:00.3750000,35,1271,1819,5951870,6124704,10284703,16409407,1065180,17474587,5.765314262576299,4.154478204111275,0.211167111992836,5,36,25,1.4
13,15,4605,00:00:00.5510000,39,2586,3545,13335334,13887587,19156734,33044321,1459108,34503429,6.612954501177098,7.561832983702833,0.2594063878059387,6,40,25,1.56
13,16,4663,00:00:00.7130000,43,5413,6932,33317494,34617177,31374453,65991630,1812956,67804586,7.8683880606386545,4.871197820655992,0.3053700923919678,6,43,27,1.5555556
13,17,4705,00:00:01.0200000,43,11422,13832,76729290,79635330,53367012,133002342,2226546,135228888,8.657977976858641,3.117444779747048,0.22810812294483185,7,44,26,1.6538461
13,18,4741,00:00:01.6350000,43,22974,27012,161415590,169022577,94795853,263818430,2789031,266607461,9.26527485975797,3.7920559754101526,0.22956159710884094,8,44,27,1.5925926
13,19,4769,00:00:02.6170000,48,47327,53984,347696724,368436115,162758609,531194724,3475255,534669979,10.141095931062036,6.309160804616407,0.16809459030628204,8,49,32,1.5
13,20,4788,00:00:03.9100000,50,97846,108349,743410416,806116926,263939370,1070056296,4217320,1074273616,11.098540376114396,6.238772883360185,0.1931038200855255,6,51,34,1.4705882
14,0,1713,00:00:00.0780000,1,1,1,589,589,413,1002,1367,2369,1,1,0,0,1,1,0
14,1,1947,00:00:00.0940000,1,1,1,1003,1003,999,2002,2633,4635,1,1,0,0,1,1,0
14,2,2227,00:00:00.1000000,1,1,1,1731,1731,2283,4014,5090,9104,1,1,0,0,1,1,0
14,3,2584,00:00:00.1300000,1,2,2,2833,2834,5167,8001,10132,18133,1,1,0,0,1,1,0
14,4,3018,00:00:00.1410000,3,3,3,4716,4716,11307,16023,20106,36129,1.0390161153519932,1.0812323043384222,0.01071919035166502,1,3,2,1
14,5,3404,00:00:00.1640000,3,4,5,9566,9567,22502,32069,34103,66172,1.5117081329709388,2.0852663907632,0.1268981695175171,1,3,2,1
14,6,3694,00:00:00.1730000,4,6,9,18821,18825,45273,64098,51167,115265,1.8653631581743797,1.4164959910355592,0.2116134911775589,2,4,2,1.5
14,7,4002,00:00:00.1820000,6,12,19,33683,33728,94487,128215,80329,208544,2.0180506486951875,1.2559659893459092,0.3897603452205658,2,6,3,1.6666666
14,8,4312,00:00:00.1950000,9,16,29,64609,64715,191666,256381,127079,383460,2.407915305917132,2.212543296958609,0.9257937073707581,2,9,6,1.3333334
14,9,4581,00:00:00.2090000,10,30,50,130480,131037,381079,512116,192017,704133,2.8166232372777436,1.80956377116429,0.7877974510192871,3,11,7,1.4285715
14,10,4858,00:00:00.2330000,16,65,108,244365,245835,780663,1026498,298833,1325331,3.0721461747795304,1.705691742841519,0.5310773849487305,4,17,12,1.3333334
14,11,5070,00:00:00.2640000,19,143,219,611501,616578,1440232,2056810,425639,2482449,4.1544707204076525,3.05993482287222,0.24673855304718018,4,20,15,1.2666667
14,12,5208,00:00:00.3010000,17,294,430,1432246,1448322,2658928,4107250,559749,4666999,4.853699015392607,1.7750002243594838,0.09103447198867798,4,18,13,1.3076923
14,13,5338,00:00:00.3670000,21,601,860,2955013,2998058,5220774,8218832,760990,8979822,5.285575731815731,2.4200988852225462,0.06454835087060928,5,22,16,1.3125
14,14,5461,00:00:00.5130000,24,1194,1740,6007221,6138720,10261830,16400550,1063090,17463640,5.754882998311532,4.53696786039853,0.15715163946151733,4,24,18,1.2777778
14,15,5574,00:00:00.7430000,31,2474,3486,12515958,12962356,20013232,32975588,1503963,34479551,6.299883316962234,7.408184223055037,0.37709522247314453,3,31,22,1.3636364
14,16,5669,00:00:01.0850000,44,5061,6881,27039990,28275360,37554583,65829943,2089677,67919620,7.012683917412692,10.458710773018677,0.37962985038757324,5,44,30,1.4333333
14,17,5730,00:00:01.4820000,44,10547,13566,65306024,68643108,63199127,131842235,2678266,134520501,8.22142539254878,11.752027334192405,0.37989646196365356,6,44,27,1.5925926
14,18,5765,00:00:01.9690000,49,22502,26943,156277227,164613666,99563313,264176979,3217114,267394093,9.377498571816865,10.13640200804438,0.2810109257698059,7,49,30,1.6
14,19,5790,00:00:02.7700000,51,46390,53108,344264070,365325559,160364903,525690462,3832218,529522680,10.224062319370129,7.454135617223344,0.2812703251838684,7,51,32,1.5625
14,20,5812,00:00:04.4050000,59,96521,107514,734284235,790478446,277936778,1068415224,4696790,1073112014,10.86753248624492,7.432002799378816,0.3142123520374298,7,60,40,1.475
15,0,1049,00:00:00.0610000,2,2,2,666,666,338,1004,1089,2093,1.3558558558558558,1.8465344065524858,0,1,2,1,1
15,1,1172,00:00:00.0750000,2,2,2,1214,1214,787,2001,1735,3736,1.6622734761120264,1.809413217772466,0,1,2,1,1
15,2,1294,00:00:00.0780000,2,2,2,2229,2229,1792,4021,2798,6819,1.8308658591296545,1.3909280771408592,0,1,2,1,1
15,3,1427,00:00:00.1030000,2,2,2,4011,4011,4009,8020,4699,12719,1.925704313138868,1.1594897912863058,0,1,2,1,1
15,4,1586,00:00:00.1080000,2,5,5,7006,7009,9021,16030,8363,24393,1.9647445047102483,1.0729902518060772,0,1,2,1,1
15,5,1782,00:00:00.1130000,4,5,6,11980,11982,20093,32075,15652,47727,1.9921535893155258,1.0257527471912269,0,2,4,2,1.5
15,6,2016,00:00:00.1320000,4,7,11,20350,20368,43644,64012,29486,93498,2.0143488943488945,1.0415736132269915,0.016304025426506996,2,4,2,1.5
15,7,2288,00:00:00.1420000,5,12,17,36238,36286,91939,128225,55185,183410,2.184916386114024,1.472859721553564,0.1261497437953949,1,5,4,1
15,8,2542,00:00:00.1520000,8,24,33,71405,71645,184503,256148,93571,349719,2.627421048946152,3.264130994436802,0.36898407340049744,2,8,6,1.1666666
15,9,2783,00:00:00.1660000,11,41,61,138681,139388,373504,512892,152027,664919,2.945774835774187,3.285345830820464,0.44889676570892334,2,11,9,1.1111112
15,10,3002,00:00:00.1860000,15,78,112,295821,297566,727770,1025336,235548,1260884,3.605856244147643,6.317504509139292,0.46113866567611694,3,15,12,1.1666666
15,11,3148,00:00:00.2080000,16,181,245,720167,726899,1329549,2056448,323913,2380361,4.4803455309671225,3.8744351485076267,0.4326789677143097,4,16,11,1.3636364
15,12,3277,00:00:00.2460000,19,328,453,1488495,1506504,2593557,4100061,449783,4549844,4.891629464660614,2.637875716088476,0.3542081117630005,4,20,14,1.3571428
15,13,3408,00:00:00.3520000,24,653,922,2927585,2988791,5204674,8193465,652365,8845830,5.271388191973931,3.5643786905968518,0.319336473941803,5,25,16,1.5
15,14,3518,00:00:00.4450000,32,1261,1755,6547753,6728187,9783692,16511879,919593,17431472,6.110632609385235,7.124195320089155,0.4010040760040283,5,33,25,1.28
15,15,3590,00:00:00.5730000,28,2676,3478,15487340,15983804,17028652,33012456,1198937,34211393,7.071548826331701,5.222503868741465,0.35979142785072327,5,29,21,1.3333334
15,16,3651,00:00:00.8120000,30,5318,6742,33438836,34598253,31332125,65930378,1578717,67509095,7.611945613178641,3.51588434672664,0.2971976399421692,6,31,21,1.4285715
15,17,3710,00:00:01.2140000,40,10852,13473,68992179,72265349,60455722,132721071,2161190,134882261,8.11946835307231,3.833428096099647,0.20132172107696533,7,41,25,1.6
15,18,3747,00:00:01.7160000,45,23345,27562,162592448,171246400,98787785,270034185,2726865,272761050,9.555056161033999,8.301634441083754,0.23599886894226074,9,46,28,1.6071428
15,19,3763,00:00:02.2030000,44,49181,54844,383559132,402031234,138757133,540788367,3118335,543906702,11.055831352230717,10.601790471844515,0.18705156445503235,8,45,29,1.5172414
15,20,3773,00:00:02.9220000,47,106421,114016,894538486,938697547,197679705,1136377252,3513945,1139891197,12.278499909058134,7.747552314096263,0.16538827121257782,8,47,32,1.4375
16,0,1035,00:00:00.0200000,1,1,1,575,575,428,1003,1304,2307,1,1,0,0,1,1,0
16,1,1258,00:00:00.0330000,1,1,1,1013,1013,999,2012,2487,4499,1,1,0,0,1,1,0
16,2,1530,00:00:00.0450000,1,1,1,1729,1729,2274,4003,4848,8851,1,1,0,0,1,1,0
16,3,1886,00:00:00.0640000,1,1,2,2799,2799,5213,8012,10038,18050,1,1,0,0,1,1,0
16,4,2321,00:00:00.0890000,1,1,2,4654,4654,11372,16026,20165,36191,1,1,0,0,1,1,0
16,5,2872,00:00:00.1070000,1,2,4,7648,7650,24409,32059,40893,72952,1,1,0,0,1,1,0
16,6,3520,00:00:00.1150000,5,5,11,12814,12814,51204,64018,79605,143623,1.078898080224754,1.1722654490655287,0.030315512791275978,1,5,4,1
16,7,4009,00:00:00.1330000,5,12,21,28639,28665,99361,128026,125152,253178,1.7469883724990398,2.0962493402035767,0.2876324951648712,1,5,4,1
16,8,4412,00:00:00.1430000,8,25,45,53666,53881,202500,256381,186264,442645,1.9724592852085119,1.4944225923585286,0.3860999047756195,2,8,5,1.4
16,9,4792,00:00:00.1590000,17,45,89,117553,118133,394418,512551,276372,788923,2.7467185014419027,3.3555811240674833,0.35198506712913513,3,17,12,1.3333334
16,10,4978,00:00:00.1720000,17,91,155,323091,325276,701151,1026427,346500,1372927,3.8144764168608845,1.8384729288333677,0.14466218650341034,5,18,11,1.5454545
16,11,5109,00:00:00.1870000,14,163,262,774018,781177,1273298,2054475,425360,2479835,4.747815942264909,3.0944772772035285,0.08804039657115936,5,15,9,1.5555556
16,12,5200,00:00:00.2060000,11,323,470,1784732,1807145,2293648,4100793,513466,4614259,5.498394716965908,2.0546949878953567,0.10456959903240204,5,12,7,1.5714285
16,13,5288,00:00:00.2430000,14,659,890,3675907,3721625,4503139,8224764,650124,8874888,5.8710350941958,1.5609149048938693,0.07673192769289017,4,15,11,1.2727273
16,14,5381,00:00:00.3210000,16,1335,1785,7075797,7218392,9189068,16407460,879907,17287367,6.141339131125441,1.8168748000544137,0.09368014335632324,4,16,12,1.25
16,15,5479,00:00:00.5010000,24,2615,3496,13613780,14126932,18849393,32976325,1264204,34240529,6.457242220749857,3.0363500197130207,0.11333655565977097,4,24,18,1.2777778
16,16,5574,00:00:00.7810000,42,5156,6898,26908898,28407917,37445579,65853496,1854077,67707573,6.905381409524835,5.822674301682378,0.16846270859241486,5,42,33,1.2424242
16,17,5656,00:00:01.2160000,58,10319,13572,57522456,61480137,70868481,132348618,2658219,135006837,7.616799759036715,10.391479097341076,0.34688326716423035,4,58,43,1.3255814
16,18,5719,00:00:01.8680000,73,21056,26719,126033557,136768644,127820571,264589215,3638989,268228204,8.394961906851522,11.23152715033241,0.3029498755931854,5,73,55,1.3090909
16,19,5764,00:00:02.8660000,82,44389,53760,287615827,316282060,218109448,534391508,4741311,539132819,9.484138962213647,14.70126124774887,0.2690068185329437,7,82,56,1.4464285
16,20,5788,00:00:04.3450000,87,93278,106893,671101700,734753383,330090140,1064843523,5672710,1070516233,10.794184592290557,8.837151983626109,0.1980232447385788,8,87,57,1.5087719
17,0,1107,00:00:00.0220000,2,2,2,583,583,418,1001,1344,2345,1.0051457975986278,1.0103445317263156,0,1,2,1,1
17,1,1336,00:00:00.0330000,1,1,2,1004,1004,1001,2005,2577,4582,1,1,0,0,1,1,0
17,2,1620,00:00:00.0360000,1,1,2,1712,1712,2295,4007,5044,9051,1,1,0,0,1,1,0
17,3,1973,00:00:00.0570000,2,3,5,2826,2827,5193,8020,10062,18082,1.0021231422505308,1.004255249960876,0,1,2,1,1
17,4,2388,00:00:00.0620000,3,3,6,4920,4920,11107,16027,19556,35583,1.0902439024390245,1.2021695809448665,0.088468037545681,1,3,2,1
17,5,2732,00:00:00.0760000,3,4,7,9810,9811,22218,32029,32107,64136,1.6125382262996941,2.9292404406975967,0.60377436876297,1,3,2,1
17,6,3011,00:00:00.0810000,4,9,12,19068,19084,45059,64143,48613,112756,1.9024019299349695,2.366240845297612,0.8886231184005737,2,4,2,1.5
17,7,3318,00:00:00.0870000,5,15,25,33354,33392,94774,128166,77873,206039,1.998740780715956,2.1244801141568863,0.9521173238754272,2,5,3,1.3333334
17,8,3651,00:00:00.0950000,9,23,40,60950,61154,195028,256182,128347,384529,2.261985233798195,2.9970168357423534,0.8005630970001221,3,9,5,1.6
17,9,3927,00:00:00.1070000,12,42,75,134521,134879,378112,512991,194179,707170,2.932055218144379,2.8277003683448307,0.3772566318511963,3,13,9,1.3333334
17,10,4134,00:00:00.1200000,12,79,130,300982,302262,724708,1026970,273472,1300442,3.5800911682426193,2.221192127815698,0.13728469610214233,4,13,8,1.5
17,11,4322,00:00:00.1410000,10,150,239,610857,617091,1438074,2055165,388412,2443577,3.991680540617526,1.7613786193572278,0.05181325599551201,4,11,7,1.4285715
17,12,4500,00:00:00.1770000,17,292,458,1240327,1259364,2851049,4110413,561559,4671972,4.466069028570692,2.3524111430041956,0.04330366849899292,4,18,14,1.2142857
17,13,4654,00:00:00.2920000,23,607,912,2691420,2740801,5464222,8205023,798277,9003300,5.136534988964933,3.2337260250303053,0.06653308868408203,4,23,18,1.2222222
17,14,4757,00:00:00.3630000,23,1243,1744,6690488,6848898,9637496,16486394,1047335,17533729,6.226061686382219,5.415381814864805,0.15066082775592804,5,23,14,1.5714285
17,15,4828,00:00:00.4580000,26,2591,3388,15745903,16158451,16934851,33093302,1323525,34416827,7.072520515336593,5.001833713101497,0.1702670007944107,5,26,17,1.4705882
17,16,4885,00:00:00.6230000,34,5340,6734,34709718,35707007,30366633,66073640,1676431,67750071,7.7918102359690735,5.202436916761091,0.24115434288978577,7,34,21,1.5714285
17,17,4917,00:00:00.8190000,35,11371,13418,83707624,86304706,46613734,132918440,1980139,134898579,9.402655879947089,6.52263867850165,0.1654791533946991,9,35,21,1.6190476
17,18,4930,00:00:00.9970000,30,23790,26425,192908526,199792020,62924738,262716758,2177993,264894751,10.864629093687647,5.640364445915813,0.1355210840702057,9,30,16,1.8125
17,19,4940,00:00:01.2830000,34,51652,55242,440392749,456080455,92265563,548346018,2424156,550770174,11.82307757296885,5.096360651945587,0.08183859288692474,9,34,23,1.4347826
17,20,4948,00:00:01.7730000,33,99987,105137,868677692,907027657,142219658,1049247315,2737079,1051984394,12.382846138519234,4.838545117022472,0.10925434529781342,8,34,24,1.375
18,0,1124,00:00:00.0370000,1,1,1,586,586,417,1003,1361,2364,1,1,0,0,1,1,0
18,1,1360,00:00:00.0530000,1,1,1,1020,1020,987,2007,2594,4601,1,1,0,0,1,1,0
18,2,1665,00:00:00.0610000,1,1,1,1664,1664,2344,4008,5309,9317,1,1,0,0,1,1,0
18,3,2009,00:00:00.0880000,1,2,2,2880,2881,5121,8002,10313,18315,1,1,0,0,1,1,0
18,4,2431,00:00:00.1020000,1,1,2,4679,4679,11323,16002,20072,36074,1,1,0,0,1,1,0
18,5,2971,00:00:00.1160000,1,3,4,7685,7688,24320,32008,40170,72178,1,1,0,0,1,1,0
18,6,3643,00:00:00.1360000,2,6,12,12508,12529,51476,64005,80385,144390,1.015110329389191,1.0306770555284488,0,1,2,1,1
18,7,4210,00:00:00.1530000,10,16,28,29438,29451,98784,128235,132256,260491,1.8804266594197976,3.26333409313555,0.1402837634086609,2,10,8,1.125
18,8,4460,00:00:00.1760000,12,25,45,73189,73278,183168,256446,169825,426271,2.7231551189386383,1.6491708463018142,0.08274218440055847,3,12,9,1.2222222
18,9,4689,00:00:00.1910000,7,48,86,141876,142889,370341,513230,225320,738550,2.997166539795314,1.282588936752394,0.03895256295800209,3,7,4,1.5
18,10,4917,00:00:00.2070000,13,96,157,281907,284142,741619,1025761,312739,1338500,3.433430173780715,2.371861699754442,0.05355041101574898,4,14,10,1.3
18,11,5085,00:00:00.2280000,15,168,265,676169,682796,1366130,2048926,413441,2462367,4.388376278711387,4.13122730131886,0.18569286167621613,4,15,10,1.4
18,12,5194,00:00:00.2520000,13,349,491,1657922,1676404,2442750,4119154,518362,4637516,5.31943239790533,3.208741591019583,0.11451050639152527,4,13,8,1.5
18,13,5280,00:00:00.2880000,12,672,904,3689754,3737808,4502449,8240257,651171,8891428,5.9698370135244785,2.9729098772532048,0.09077636152505875,5,12,7,1.5714285
18,14,5356,00:00:00.3520000,22,1340,1767,7774830,7887196,8498979,16386175,837729,17223904,6.517187514067832,3.257147866812545,0.09416361898183823,6,22,13,1.6153846
18,15,5417,00:00:00.4510000,28,2710,3435,17396475,17742522,15373022,33115544,1072900,34188444,7.400064323375856,5.342966813929196,0.1355583220720291,7,29,18,1.5555556
18,16,5458,00:00:00.5810000,35,5547,6724,38926034,39891373,26063686,65955059,1325633,67280692,8.283075974295249,6.741445587560488,0.27004122734069824,6,35,22,1.5454545
18,17,5493,00:00:00.7830000,41,11612,13600,84393802,87044959,46534595,133579554,1671098,135250652,8.941979388486372,7.181905018726899,0.2786717116832733,6,41,27,1.4814814
18,18,5523,00:00:01.1280000,46,23174,26699,172456422,180426454,83804423,264230877,2141124,266372001,9.514522752884204,8.813370747588829,0.25655946135520935,7,46,33,1.3636364
18,19,5550,00:00:01.7090000,50,46759,53026,349513131,372808867,153312596,526121463,2808850,528930313,10.083752967781917,9.679735625899665,0.2820344865322113,7,50,36,1.3611112
18,20,5574,00:00:03.0250000,60,94654,105617,709926427,770056197,280638605,1050694802,3746704,1054441506,10.67833238302594,10.463603118930035,0.21795599162578583,7,60,42,1.4047619
1,0,1001,00:00:00.0390000,1,1,1,570,570,431,1001,1385,2386,1,1,0,0,1,1,0
1,1,1225,00:00:00.0490000,1,2,2,1027,1028,979,2007,2528,4535,1,1,0,0,1,1,0
1,2,1506,00:00:00.0520000,2,2,2,1720,1720,2285,4005,4948,8953,1.0093023255813953,1.018777671778024,0,1,2,1,1
1,3,1823,00:00:00.0570000,3,3,3,2946,2946,5059,8005,9414,17419,1.1581805838424983,1.3635850659914024,0.008791291154921055,1,3,2,1
1,4,2082,00:00:00.0850000,3,3,5,5950,5950,10081,16031,15245,31276,1.6003361344537814,1.9360309455399511,0.02743852324783802,1,3,2,1
1,5,2305,00:00:00.0880000,4,5,7,11412,11414,20652,32066,23437,55503,1.8792499123729407,1.2929169150263626,0.049587566405534744,2,4,2,1.5
1,6,2553,00:00:00.0910000,5,9,12,19946,19951,44170,64121,38115,102236,1.9946355158929108,1.1436695417560607,0.061881158500909805,2,5,3,1.3333334
1,7,2823,00:00:00.0980000,6,17,22,36387,36491,91719,128210,63594,191804,2.2156539423420454,1.604746866718819,0.07044025510549545,3,6,3,1.6666666
1,8,3068,00:00:00.1050000,10,32,42,73772,74044,182476,256520,100336,356856,2.6945182454047605,2.4757402428297928,0.08459541946649551,3,10,7,1.2857143
1,9,3263,00:00:00.1140000,14,58,79,164441,165191,347968,513159,146567,659726,3.4662097652045416,3.6613072819051165,0.143820121884346,3,14,10,1.3
1,10,3386,00:00:00.1230000,12,97,137,400914,403045,623732,1026777,193157,1219934,4.3790688277286405,2.567241549902528,0.12774299085140228,3,12,8,1.375
1,11,3496,00:00:00.1350000,11,155,223,834070,840567,1219442,2060009,260845,2320854,4.771088757538336,1.5368467531767924,0.08038558065891266,4,11,7,1.4285715
1,12,3616,00:00:00.1590000,20,305,418,1566348,1580944,2519833,4100777,378720,4479497,4.968129049227885,1.347980355027188,0.060796428471803665,5,20,15,1.2666667
1,13,3738,00:00:00.2060000,24,604,843,3137849,3180225,5037267,8217492,566903,8784395,5.487016424308499,2.1703919213061034,0.06686386466026306,5,24,19,1.2105263
1,14,3824,00:00:00.2770000,21,1277,1702,7264092,7403323,8997241,16400564,776007,17176571,6.417829096878179,2.7289292263663834,0.08768618106842041,4,21,17,1.1764706
1,15,3893,00:00:00.3960000,22,2618,3354,16053187,16460090,16494781,32954871,1045217,34000088,7.0697890705440605,2.5983214844673763,0.059946879744529724,5,22,17,1.2352941
1,16,3957,00:00:00.5680000,19,5311,6715,33227450,34469942,31606571,66076513,1443541,67520054,7.557697987657795,2.7259839818066545,0.09065154194831848,3,19,16,1.125
1,17,4018,00:00:00.9620000,23,10548,13254,66487992,69929283,61368927,131298210,2045689,133343899,7.977566686026553,3.292950019589933,0.11691241711378098,3,23,19,1.1578947
1,18,4078,00:00:01.6790000,43,21628,26948,135425707,143941859,121377245,265319104,2987004,268306108,8.437532432450213,5.189061440459003,0.1586253046989441,4,43,33,1.2727273
1,19,4130,00:00:03.3480000,63,43295,53163,276988848,298893950,227273013,526166963,4270722,530437685,9.085574802636097,10.046538904231719,0.34629467129707336,6,63,46,1.3478261
1,20,4157,00:00:05.1690000,64,93369,107631,670542841,727044908,342273567,1069318475,5289320,1074607795,10.919368195894288,16.10782497583961,0.3367529511451721,7,64,43,1.4651163
19,0,1082,00:00:00.0420000,1,1,1,591,591,416,1007,1217,2224,1,1,0,0,1,1,0
19,1,1316,00:00:00.0540000,1,2,2,1017,1018,991,2009,2468,4477,1,1,0,0,1,1,0
19,2,1598,00:00:00.0580000,1,2,3,1683,1684,2326,4010,4973,8983,1,1,0,0,1,1,0
19,3,1944,00:00:00.0820000,2,2,4,2943,2943,5059,8002,9869,17871,1.018688413183826,1.038074890872787,0,1,2,1,1
19,4,2312,00:00:00.0890000,3,4,6,5283,5286,10747,16033,18198,34231,1.339201211432898,1.8150644816930646,0.010958760045468807,1,3,2,1
19,5,2577,00:00:00.1040000,3,5,7,10622,10632,21444,32076,27886,59962,1.760591225757861,1.5795269162464645,0.018194476142525673,1,3,2,1
19,6,2836,00:00:00.1090000,5,9,11,19570,19580,44521,64101,43261,107362,1.946857434849259,1.1622535663713076,0.016324158757925034,2,5,3,1.3333334
19,7,3121,00:00:00.1160000,6,13,17,35059,35136,92997,128133,70281,198414,2.1296386092016317,1.3802017809907947,0.0866309404373169,2,6,4,1.25
19,8,3387,00:00:00.1240000,7,22,32,70270,70503,185810,256313,110270,366583,2.5816137754375976,3.0331897192830835,0.3158593475818634,2,7,5,1.2
19,9,3634,00:00:00.1360000,9,39,60,137078,137642,375319,512961,170103,683064,2.911999007864136,2.906769623204217,0.4538275897502899,2,9,6,1.3333334
19,10,3881,00:00:00.1540000,13,75,128,267846,269531,756494,1026025,264764,1290789,3.287975179767478,4.136117612209238,0.4019499719142914,3,13,9,1.3333334
19,11,4098,00:00:00.1840000,18,161,260,566740,572777,1482386,2055163,397180,2452343,3.8604915834421427,5.388646712194381,0.3717280626296997,3,18,13,1.3076923
19,12,4276,00:00:00.2330000,20,311,511,1248048,1270462,2842660,4113122,569584,4682706,4.51929412971296,4.316575466479385,0.3231290578842163,4,21,14,1.4285715
19,13,4414,00:00:00.3120000,31,602,947,2895012,2944636,5278308,8222944,780790,9003734,5.362290726256057,4.535298224121143,0.2351693958044052,6,32,22,1.4090909
19,14,4503,00:00:00.4100000,30,1198,1747,7200547,7336598,9182574,16519172,996692,17515864,6.442296675516458,5.351110274145891,0.12437843531370163,7,31,18,1.6666666
19,15,4563,00:00:00.5400000,26,2608,3463,16765844,17163150,15729100,32892250,1229418,34121668,7.338476846140284,4.756759774285977,0.07555492967367172,7,27,16,1.625
19,16,4610,00:00:00.6960000,28,5352,6717,37291154,38197877,27586864,65784741,1519459,67304200,8.077683999803277,5.048617730314929,0.07094736397266388,7,29,19,1.4736842
19,17,4651,00:00:00.9970000,32,11331,13661,80030811,82660960,50459001,133119961,1923728,135043689,8.699861969410756,6.030532859883016,0.11883609741926193,6,32,23,1.3478261
19,18,4687,00:00:01.5630000,36,23309,27303,166638053,174035230,93209419,267244649,2489213,269733862,9.287859538301255,8.119109271325733,0.19529348611831665,8,36,25,1.4
19,19,4712,00:00:02.4480000,40,48191,54652,362593632,383448371,154557759,538006130,3100036,541106166,10.417078422381119,10.988787698017587,0.1944393813610077,8,40,26,1.5
19,20,4725,00:00:03.4250000,47,99554,108569,795179106,850935498,225816998,1076752496,3605244,1080357740,11.677617936555793,5.678843929048869,0.20044289529323578,9,47,30,1.5333333
20,0,1021,00:00:00.0420000,1,1,1,609,609,394,1003,1132,2135,1,1,0,0,1,1,0
20,1,1269,00:00:00.0540000,1,1,1,974,974,1028,2002,2495,4497,1,1,0,0,1,1,0
20,2,1562,00:00:00.0580000,1,1,1,1668,1668,2338,4006,5087,9093,1,1,0,0,1,1,0
20,3,1907,00:00:00.0810000,1,2,2,2807,2808,5204,8012,10102,18114,1,1,0,0,1,1,0
20,4,2339,00:00:00.0880000,3,4,7,4800,4802,11226,16028,20092,36120,1.0572916666666667,1.1221048194240033,0.03212621808052063,1,3,2,1
20,5,2707,00:00:00.1060000,6,7,10,9620,9625,22413,32038,33483,65521,1.539085239085239,2.2983607570930027,0.14475473761558533,1,6,5,1
20,6,2997,00:00:00.1130000,6,11,17,18685,18726,45275,64001,50592,114593,1.8787262510034788,1.658196300358592,0.24527215957641602,1,6,5,1
20,7,3303,00:00:00.1210000,11,16,24,33478,33496,94516,128012,79639,207651,2.0207300316625845,1.482098357062754,0.2469509392976761,2,11,8,1.25
20,8,3611,00:00:00.1310000,13,27,41,64938,65089,191065,256154,125712,381866,2.4038929440389296,3.163998309476851,0.2627502977848053,3,13,8,1.5
20,9,3866,00:00:00.1450000,13,50,74,137954,138814,373803,512617,186726,699343,2.9729982457920756,6.290073620086604,0.3806890845298767,3,14,8,1.625
20,10,4072,00:00:00.1620000,15,83,125,301291,303740,720731,1024471,265006,1289477,3.5987168551334094,5.300581300160223,0.36130252480506897,4,16,8,1.875
20,11,4238,00:00:00.1850000,19,151,223,675654,682194,1374647,2056841,365586,2422427,4.321488513351508,4.464231190876788,0.20366179943084717,5,20,11,1.7272727
20,12,4356,00:00:00.2140000,17,305,437,1584260,1605560,2503636,4109196,479514,4588710,5.175366417128502,3.484404191943964,0.15963999927043915,5,17,9,1.7777778
20,13,4451,00:00:00.2620000,22,644,877,3524486,3585622,4671149,8256771,626201,8882972,5.837419981239818,2.7344169424907685,0.07995657622814178,6,23,16,1.375
20,14,4522,00:00:00.3300000,20,1331,1717,8094426,8273783,8301958,16575741,798925,17374666,6.798496273855614,4.4732251522788395,0.08507082611322403,6,21,15,1.3333334
20,15,4566,00:00:00.4150000,26,2803,3420,18842018,19270907,13674496,32945403,969207,33914610,7.8153096446463435,4.765182480211987,0.05964425578713417,7,27,20,1.3
20,16,4600,00:00:00.5500000,29,5848,6850,41763302,43024166,23321044,66345210,1179510,67524720,8.59496622178007,4.082668594567493,0.05789809674024582,7,29,21,1.3333334
20,17,4628,00:00:00.7660000,31,11924,13586,89087580,92407948,40654427,133062375,1454747,134517122,9.324553478722848,5.282213567441754,0.08727207034826279,8,31,22,1.3636364
20,18,4647,00:00:01.0880000,37,25233,27836,200706477,209070593,65499852,274570445,1747199,276317644,10.57305061958713,8.987993257056335,0.08576227724552155,10,37,24,1.5
20,19,4655,00:00:01.3820000,33,57276,60571,491575144,511826873,89183833,601010706,1945003,602955709,12.515334204936936,7.579832788994936,0.12108682096004486,10,33,21,1.5238096
20,20,4659,00:00:01.7170000,31,116250,120163,1038272997,1078082897,116383431,1194466328,2107401,1196573729,13.63751732050487,4.121371166519852,0.11266203224658966,10,31,19,1.5789474
21,0,1209,00:00:00.0430000,2,2,3,600,600,401,1001,1181,2182,1.0016666666666667,1.003338885662942,0,1,2,1,1
21,1,1443,00:00:00.0570000,1,1,3,1010,1010,991,2001,2438,4439,1,1,0,0,1,1,0
21,2,1715,00:00:00.0620000,2,2,4,1767,1767,2239,4006,4740,8746,1.0175438596491229,1.0357028854275192,0,1,2,1,1
21,3,2023,00:00:00.0670000,2,3,5,3096,3098,4913,8011,9074,17085,1.2348191214470283,1.5609346645274365,0,1,2,1,1
21,4,2261,00:00:00.0910000,3,3,5,6131,6131,9871,16002,14437,30439,1.6356222475941935,1.9144862066858492,0.08347003161907196,1,3,2,1
21,5,2483,00:00:00.1060000,5,8,10,11444,11459,20550,32009,22466,54475,1.8866655015728766,1.325783803995024,0.11365971714258194,2,5,3,1.3333334
21,6,2723,00:00:00.1130000,7,15,19,20199,20239,43850,64089,36733,100822,2.0221793158077133,1.2185761462427038,0.12271495908498764,2,7,5,1.2
21,7,2975,00:00:00.1200000,10,16,23,37917,37961,90263,128224,60609,188833,2.3228630957090486,2.1553847792270737,0.12139832228422165,2,10,8,1.125
21,8,3204,00:00:00.1290000,11,27,42,75736,76002,180455,256457,95214,351671,2.745563536495194,4.000992890728674,0.2145967334508896,3,12,8,1.375
21,9,3426,00:00:00.1410000,14,49,75,147300,147949,365271,513220,148784,662004,3.083754243041412,4.4283542645372895,0.26221418380737305,3,15,10,1.4
21,10,3634,00:00:00.1600000,19,83,135,298334,299969,726420,1026389,228479,1254868,3.530640154994067,4.071710482066782,0.3748261034488678,3,19,14,1.2857143
21,11,3830,00:00:00.1870000,26,139,230,593233,597312,1452910,2050222,348744,2398966,3.91946166177539,2.792672495656066,0.28680387139320374,3,26,20,1.25
21,12,4019,00:00:00.2360000,26,296,471,1198102,1216999,2893728,4110727,532534,4643261,4.380664584484459,4.2450551471293485,0.31224575638771057,4,27,20,1.3
21,13,4184,00:00:00.3200000,39,600,900,2571408,2623000,5602339,8225339,786595,9011934,4.989916808223355,6.4554706789477985,0.27687129378318787,5,40,28,1.3928572
21,14,4314,00:00:00.4370000,38,1164,1709,5853969,6017428,10451185,16468613,1103829,17572442,5.792644955926483,6.092482336626187,0.30226844549179077,5,39,27,1.4074074
21,15,4411,00:00:00.6030000,43,2537,3461,13379849,13777317,18998726,32776043,1479625,34255668,6.568209028367958,7.187041731427063,0.25721004605293274,5,44,31,1.3870968
21,16,4491,00:00:00.9010000,45,5115,6793,29344971,30458415,35123924,65582339,1973011,67555350,7.238064300693976,8.401076247627442,0.22535477578639984,5,46,33,1.3636364
21,17,4560,00:00:01.3780000,48,10558,13545,63158777,66505544,65763683,132269227,2650028,134919255,7.888278441490405,9.266839501307617,0.27614161372184753,6,49,35,1.3714286
21,18,4607,00:00:01.9700000,59,22025,26872,146281368,154406685,110146526,264553211,3364759,267917970,9.159155997228574,11.928164521065483,0.2490992695093155,7,60,41,1.4390244
21,19,4625,00:00:02.4820000,58,49115,55465,378696867,398939666,152352308,551291974,3801808,555093782,11.018198112000752,5.045271450571279,0.19647665321826935,9,59,39,1.4871795
21,20,4634,00:00:03.1420000,55,99351,107283,820635572,868276093,202901962,1071178055,4152602,1075330657,12.226135666466089,5.6392411709223795,0.16812625527381897,8,55,34,1.5882353
22,0,1184,00:00:00.0330000,3,3,3,564,564,442,1006,1626,2632,1.0691489361702127,1.1489168572920656,0.02446519397199154,1,3,2,1
22,1,1357,00:00:00.0570000,3,3,3,1107,1107,896,2003,2530,4533,1.3008130081300813,1.7614492467027045,0.10884083062410355,1,3,2,1
22,2,1513,00:00:00.0590000,3,3,3,2078,2078,1929,4007,3917,7924,1.6284889316650626,2.1137528617913914,0.25843536853790283,1,3,2,1
22,3,1666,00:00:00.0810000,3,4,4,3819,3820,4208,8028,6070,14098,1.8263943440691282,1.6731304423827793,0.3693154454231262,1,3,2,1
22,4,1831,00:00:00.0840000,4,5,6,6964,6965,9107,16072,9833,25905,1.9422745548535325,1.3396015160643349,0.3991639316082001,2,4,2,1.5
22,5,2024,00:00:00.0880000,4,7,8,12059,12072,19963,32035,16917,48952,1.993448876357907,1.2610977683920142,0.41120755672454834,2,4,2,1.5
22,6,2251,00:00:00.0930000,6,12,15,20839,20856,43276,64132,30374,94506,2.107058879984644,1.498077247703066,0.35639578104019165,2,6,4,1.25
22,7,2478,00:00:00.0990000,8,14,24,39884,39956,88072,128028,51893,179921,2.4759803429946845,2.4101311136526875,0.2230253517627716,3,8,5,1.4
22,8,2683,00:00:00.1070000,10,26,42,80611,80818,175276,256094,82703,338797,2.8913175621193137,2.1967125414760855,0.14559699594974518,3,11,8,1.25
22,9,2869,00:00:00.1180000,11,53,85,164021,164606,347682,512288,127399,639687,3.36801994866511,2.872929469178979,0.11718617379665375,3,12,9,1.2222222
22,10,3043,00:00:00.1340000,11,93,153,328183,330898,696600,1027498,194209,1221707,3.7407147841295862,2.4232073438723027,0.12579554319381714,4,12,8,1.375
22,11,3223,00:00:00.1630000,19,155,260,620349,626438,1421895,2048333,304737,2353070,4.007252369230868,2.2032957896260945,0.17790748178958893,3,19,16,1.125
22,12,3405,00:00:00.2120000,25,299,462,1230177,1249667,2861392,4111059,481440,4592499,4.44019681720598,3.509454243641563,0.14928199350833893,4,26,21,1.1904762
22,13,3557,00:00:00.2890000,30,601,890,2725826,2768630,5461838,8230468,715188,8945656,5.141272406969484,5.797035305810945,0.20704171061515808,4,30,24,1.2083334
22,14,3683,00:00:00.4220000,34,1146,1704,5897508,6046616,10399857,16446473,1024493,17470966,5.747890973611227,5.5644950821919,0.20381145179271698,5,35,27,1.2592592
22,15,3780,00:00:00.6090000,40,2485,3403,13644998,14107298,18804016,32911314,1397670,34308984,6.701768809346839,6.973088370270598,0.16314983367919922,7,41,29,1.3793104
22,16,3835,00:00:00.8130000,44,5411,6843,34786736,35952480,30566088,66518568,1731995,68250563,8.045716390293128,7.653941917348744,0.14372891187667847,7,44,32,1.34375
22,17,3866,00:00:01.0500000,37,11252,13357,80453660,83849659,47241496,131091155,2033614,133124769,9.114552924006192,6.910570386178667,0.14827609062194824,7,37,26,1.3846154
22,18,3890,00:00:01.4440000,42,23621,26875,180619595,188086137,76783183,264869320,2404142,267273462,9.996484794465406,7.21716899373395,0.14850549399852753,8,42,29,1.4137931
22,19,3906,00:00:02.0710000,38,51268,56122,413110540,435208900,120624536,555833436,2798214,558631650,11.180719066136632,5.498887410409108,0.1599220484495163,9,39,25,1.52
22,20,3916,00:00:02.8400000,47,101211,108112,846985872,897801625,181313225,1079114850,3194513,1082309363,12.017464751761526,2.91336426706563,0.15220654010772705,9,47,34,1.3529412
23,0,1271,00:00:00.0230000,1,1,1,589,589,414,1003,1454,2457,1,1,0,0,1,1,0
23,1,1501,00:00:00.0360000,1,1,1,1020,1020,986,2006,2621,4627,1,1,0,0,1,1,0
23,2,1782,00:00:00.0540000,1,1,1,1720,1720,2287,4007,5049,9056,1,1,0,0,1,1,0
23,3,2129,00:00:00.0820000,1,1,2,2841,2841,5177,8018,9949,17967,1,1,0,0,1,1,0
23,4,2557,00:00:00.0870000,1,1,2,4779,4779,11223,16002,19751,35753,1,1,0,0,1,1,0
23,5,3090,00:00:00.0930000,2,2,3,7736,7736,24267,32003,39471,71474,1.0036194415718718,1.0072650647230441,0,1,2,1,1
23,6,3669,00:00:00.1020000,3,4,8,14408,14410,49671,64081,73244,137325,1.3255136035535813,1.7905772734567418,0.0295015387237072,1,3,2,1
23,7,4059,00:00:00.1180000,5,11,23,31134,31160,97116,128276,109932,238208,1.899306224706109,1.4586808209529605,0.049781206995248795,2,5,3,1.3333334
23,8,4378,00:00:00.1250000,7,16,35,64329,64463,191697,256160,157745,413905,2.410732329120614,2.2142340608181077,0.06358882784843445,2,7,5,1.2
23,9,4643,00:00:00.1340000,13,31,65,132165,132291,380291,512582,221761,734343,2.840018159119283,1.788955592694052,0.08753981441259384,3,13,10,1.2
23,10,4904,00:00:00.1490000,14,63,120,259336,260265,766278,1026543,321946,1348489,3.220983588857698,2.1989509355776766,0.16584965586662292,3,14,11,1.1818181
23,11,5096,00:00:00.1680000,16,139,236,634544,638031,1416543,2054574,437357,2491931,4.201360346957816,3.505619687549679,0.12267651408910751,4,16,11,1.3636364
23,12,5232,00:00:00.1950000,15,306,470,1455267,1464135,2633167,4097302,569352,4666654,4.8871602255805975,2.2509506979081806,0.07792355120182037,4,15,10,1.4
23,13,5355,00:00:00.2450000,18,620,915,3067925,3110565,5118556,8229121,759834,8988955,5.394974779370421,2.562445812213051,0.054200414568185806,5,19,13,1.3846154
23,14,5467,00:00:00.3350000,26,1255,1793,6368254,6492419,9933262,16425681,1035191,17460872,5.915952787059059,3.0961597393493188,0.07362468540668488,5,26,21,1.1904762
23,15,5558,00:00:00.4890000,34,2575,3492,14263742,14649810,18318072,32967882,1386601,34354483,6.78378612007985,6.3778093537618785,0.150169238448143,6,34,25,1.32
23,16,5602,00:00:00.6110000,38,5667,7003,37819332,38866563,28015763,66882326,1651259,68533585,8.488747659530317,9.210297889112361,0.3031156063079834,6,38,26,1.4230769
23,17,5625,00:00:00.7450000,32,11965,13791,89233266,92558849,41608497,134167346,1877363,136044709,9.586611824787406,7.28978757930283,0.3090583086013794,6,32,22,1.4090909
23,18,5645,00:00:01.0570000,38,24477,27335,192655702,200909011,68801639,269710650,2193217,271903867,10.20425517434205,6.830045730781878,0.29697227478027344,7,38,27,1.3703704
23,19,5664,00:00:01.6590000,35,47714,52533,378579107,402072184,122547199,524619383,2666490,527285873,10.607785373639228,6.789433582732668,0.39583879709243774,7,35,24,1.4166666
23,20,5679,00:00:02.6020000,41,103997,111702,856331698,911976765,205353203,1117329968,3237676,1120567644,12.027868510596697,7.740919545637784,0.2890723645687103,8,41,28,1.4285715
24,0,1144,00:00:00.0390000,1,1,1,562,562,439,1001,1398,2399,1,1,0,0,1,1,0
24,1,1413,00:00:00.0610000,1,1,2,943,943,1059,2002,2926,4928,1,1,0,0,1,1,0
24,2,1721,00:00:00.0780000,1,1,2,1647,1647,2355,4002,5671,9673,1,1,0,0,1,1,0
24,3,2084,00:00:00.1060000,1,1,2,2835,2835,5185,8020,10919,18939,1,1,0,0,1,1,0
24,4,2509,00:00:00.1120000,1,1,2,4748,4748,11280,16028,20704,36732,1,1,0,0,1,1,0
24,5,3024,00:00:00.1200000,3,5,8,7865,7870,24185,32055,40073,72128,1.094214876033058,1.2065466146872381,0.017956098541617393,1,3,2,1
24,6,3430,00:00:00.1370000,5,9,16,16896,16918,47201,64119,63746,127865,1.6828243371212122,1.8361839903662485,0.06534091383218765,2,5,3,1.3333334
24,7,3754,00:00:00.1450000,7,12,23,32734,32760,95369,128129,94494,222623,1.9968534245738376,1.329411568331932,0.05689301714301109,2,7,5,1.2
24,8,4055,00:00:00.1540000,7,17,42,66247,66381,189836,256217,139518,395735,2.4565036907331654,2.3449186611438573,0.12449220567941666,3,7,4,1.5
24,9,4314,00:00:00.1640000,8,30,69,134271,134618,377677,512295,202030,714325,2.8818583312852364,2.0674612488697854,0.1607462465763092,3,8,5,1.4
24,10,4557,00:00:00.1800000,7,73,134,269781,271980,752512,1024492,295004,1319496,3.3211382565858973,2.6005406053913975,0.23924657702445984,2,7,5,1.2
24,11,4776,00:00:00.2040000,13,135,239,557145,561705,1488687,2050392,428795,2479187,3.7890513241615738,2.0738561638541357,0.1826947182416916,3,13,9,1.3333334
24,12,4980,00:00:00.2460000,17,295,478,1135217,1151581,2950028,4101609,627037,4728646,4.2563227999580695,2.5558578618563152,0.11152829229831696,4,18,12,1.4166666
24,13,5165,00:00:00.3320000,25,585,932,2364685,2419692,5799477,8219169,912986,9132155,4.7678430742361035,3.390475147830051,0.13268518447875977,4,26,19,1.3157895
24,14,5329,00:00:00.4420000,36,1178,1785,5007323,5166855,11242237,16409092,1314931,17724023,5.347200490162108,5.5312541667674555,0.22261056303977966,4,36,23,1.5217391
24,15,5465,00:00:00.6360000,43,2376,3458,11175926,11591082,21311202,32902284,1842710,34744994,6.0551982001312465,11.526951367824372,0.3141067326068878,5,44,28,1.5357143
24,16,5572,00:00:00.9350000,48,4876,6828,25280334,26478699,39345891,65824590,2500485,68325075,6.866331987544152,14.299565501843857,0.3887791633605957,7,49,30,1.6
24,17,5637,00:00:01.2840000,45,10338,13460,63327356,66642203,65540266,132182469,3128398,135310867,8.12525567939391,11.158646504128038,0.5176126956939697,6,45,27,1.6296296
24,18,5680,00:00:01.7350000,49,22036,26950,146549023,155444331,109226564,264670895,3798358,268469253,8.991933975568026,7.432712155889981,0.4721415936946869,7,50,31,1.5806452
24,19,5717,00:00:02.5580000,55,45264,53590,312334167,337156652,193738589,530895241,4717195,535612436,9.617670995949668,6.550117046363522,0.34795865416526794,7,56,35,1.5714285
24,20,5744,00:00:04.1760000,67,92161,105466,666906523,726627380,322828911,1049456291,5761472,1055217763,10.584557626226728,9.674807661364575,0.25973382592201233,7,68,45,1.4888889
25,0,1684,00:00:00.0400000,3,3,3,597,597,409,1006,1280,2286,1.0134003350083751,1.0272306871410453,0,1,3,2,1
25,1,1898,00:00:00.0600000,2,2,3,1019,1019,991,2010,2452,4462,1.0529931305201177,1.1115677123356764,0,1,2,1,1
25,2,2122,00:00:00.0760000,2,2,3,1919,1919,2090,4009,4302,8311,1.276185513288171,1.666150577659536,0,1,2,1,1
25,3,2313,00:00:00.1100000,2,2,3,3627,3627,4380,8007,6934,14941,1.634684312103667,1.8646984695574076,0,1,2,1,1
25,4,2493,00:00:00.1130000,2,3,6,6703,6705,9311,16016,11064,27080,1.8575264806802925,1.323363344252481,0,1,2,1,1
25,5,2697,00:00:00.1150000,3,4,8,11855,11856,20184,32040,18594,50634,1.9591733445803459,1.10001476688259,0,2,3,1,2
25,6,2940,00:00:00.1200000,6,7,13,20041,20045,43995,64040,33124,97164,2.030736989172197,1.1299333824029134,0.013549401424825191,2,6,4,1.25
25,7,3196,00:00:00.1240000,7,9,18,37699,37704,90302,128006,57235,185241,2.3052335605718985,1.7912205991784074,0.06441087275743484,2,7,5,1.2
25,8,3430,00:00:00.1300000,7,15,27,74758,74849,181721,256570,92877,349447,2.7256347146793654,1.9623293193899836,0.15577630698680878,2,7,5,1.2
25,9,3655,00:00:00.1370000,11,38,55,145525,145880,366517,512397,147290,659687,3.047290843497681,1.7817362380094521,0.16199691593647003,3,11,7,1.4285715
25,10,3854,00:00:00.1490000,16,82,122,314144,315790,708671,1024461,222766,1247227,3.742045049404095,3.3178201379357963,0.09756837040185928,4,16,11,1.3636364
25,11,3978,00:00:00.1630000,17,173,245,799385,806104,1255498,2061602,297326,2358928,4.8335520431331584,3.773814547163994,0.0552833154797554,5,17,11,1.4545455
25,12,4067,00:00:00.1820000,16,336,454,1801733,1829041,2278379,4107420,383854,4491274,5.5181966473389785,2.4570100745099817,0.05274558067321777,4,16,11,1.3636364
25,13,4152,00:00:00.2180000,21,651,885,3741299,3796650,4438769,8235419,515892,8751311,5.945009473982165,2.2369375601160413,0.07821806520223618,4,21,15,1.3333334
25,14,4237,00:00:00.2900000,28,1279,1728,7465849,7596308,8874993,16471301,725929,17197230,6.312731746918535,3.188621175862409,0.1137947291135788,5,28,20,1.35
25,15,4322,00:00:00.4290000,39,2551,3389,14764250,15119257,17772082,32891339,1058797,33950136,6.699409451885467,5.568747902879855,0.29598915576934814,5,39,28,1.3571428
25,16,4396,00:00:00.6510000,47,5289,6841,31533492,32793182,33519954,66313136,1514178,67827314,7.4766322106032534,10.514268122224358,0.43854573369026184,5,47,31,1.483871
25,17,4426,00:00:00.8000000,45,11692,13742,84926249,87916116,46950493,134866609,1790383,136656992,10.029977492588893,6.28926461967059,0.33748939633369446,8,45,26,1.6923077
25,18,4434,00:00:00.9290000,31,27018,29421,225554678,234398594,57900478,292299072,1916224,294215296,11.867943009366448,1.9694029956760593,0.1871824711561203,7,32,18,1.7222222
25,19,4440,00:00:01.0950000,27,53689,56606,464981152,484606423,77332274,561938697,2069719,564008416,12.489726179266725,1.476241406104415,0.22751526534557343,7,28,17,1.5882353
25,20,4447,00:00:01.5090000,32,110139,114459,967452280,1011195234,125045635,1136240869,2353384,1138594253,12.81139157892108,1.3830484048028966,0.0916224792599678,8,33,21,1.5238096
26,0,1253,00:00:00.0430000,1,1,1,590,590,415,1005,1609,2614,1,1,0,0,1,1,0
26,1,1465,00:00:00.0550000,1,1,1,1062,1062,955,2017,2700,4717,1,1,0,0,1,1,0
26,2,1747,00:00:00.0590000,1,1,1,1723,1723,2288,4011,5218,9229,1,1,0,0,1,1,0
26,3,2092,00:00:00.0800000,2,2,2,2836,2836,5169,8005,10152,18157,1.0035260930888577,1.0070770491621266,0,1,2,1,1
26,4,2517,00:00:00.0870000,4,5,5,4789,4790,11231,16021,20075,36096,1.100856128628106,1.2238909598609369,0.029308289289474487,1,4,3,1
26,5,2867,00:00:00.1020000,5,5,7,9896,9896,22154,32050,32765,64815,1.5839733225545676,2.0263302744541223,0.06746111810207367,1,5,4,1
26,6,3147,00:00:00.1080000,5,9,15,18842,18864,45169,64033,49384,113417,1.8792591020061564,1.347197305954041,0.09683968871831894,1,5,4,1
26,7,3455,00:00:00.1140000,8,10,20,33114,33131,94905,128036,78672,206708,1.9894908497916288,1.1440110306345042,0.09945110976696014,2,8,6,1.1666666
26,8,3798,00:00:00.1230000,9,20,36,59999,60117,196291,256408,130678,387086,2.232453874231237,1.7034295462289504,0.09261031448841095,2,9,7,1.1428572
26,9,4097,00:00:00.1350000,8,33,62,124876,125403,387371,512774,202342,715116,2.727113296390019,2.519761711825892,0.15951353311538696,2,9,7,1.1428572
26,10,4388,00:00:00.1510000,13,59,108,234150,235254,788906,1024160,314777,1338937,2.9656374119154387,1.961681577978385,0.19364090263843536,3,14,11,1.1818181
26,11,4693,00:00:00.1780000,18,113,213,447603,451917,1596673,2048590,501538,2550128,3.315922815530727,3.2607261259614386,0.306438684463501,2,18,14,1.2142857
26,12,4963,00:00:00.2280000,30,270,469,946962,959024,3137989,4097013,763702,4860715,3.853696346843907,5.170510360606218,0.28150027990341187,3,30,22,1.3181819
26,13,5195,00:00:00.3210000,43,546,929,2061301,2107444,6096618,8204062,1120600,9324662,4.484682731925129,6.874899422632879,0.25204816460609436,4,44,33,1.3030303
26,14,5372,00:00:00.4740000,47,1174,1833,4830431,4997448,11389998,16387446,1550551,17937997,5.347097805558137,8.92429914102235,0.2220371663570404,5,48,36,1.3055556
26,15,5494,00:00:00.6460000,41,2422,3501,11855359,12337520,20586040,32923560,2021653,34945213,6.295775775326584,5.673454133509641,0.22733208537101746,5,42,32,1.28125
26,16,5587,00:00:00.9260000,35,4918,6802,26805277,28257425,37633591,65891016,2596052,68487068,7.025249916275814,4.331324047830373,0.1838187426328659,7,36,26,1.3461539
26,17,5643,00:00:01.2110000,40,10575,13391,67892875,71320029,60037575,131357604,3123792,134481396,8.69908014648076,6.705400688476213,0.1490810066461563,9,41,27,1.4814814
26,18,5662,00:00:01.4090000,33,23549,27188,178655785,187657236,81332433,268989669,3414786,272404455,10.395608605677113,4.517182281777415,0.09533261507749557,8,34,24,1.375
26,19,5675,00:00:01.7070000,34,47979,52847,387623181,408151377,116775980,524927357,3735081,528662438,11.21506166577793,4.307704401240629,0.08296895027160645,7,35,24,1.4166666
26,20,5688,00:00:02.4080000,40,100767,108234,836877277,887392640,194128478,1081521118,4245743,1085766861,11.787138675053308,4.833031096206064,0.09194684773683548,7,40,30,1.3
27,0,1036,00:00:00.0380000,1,1,1,608,608,397,1005,1236,2241,1,1,0,0,1,1,0
27,1,1261,00:00:00.0490000,1,1,1,999,999,1002,2001,2442,4443,1,1,0,0,1,1,0
27,2,1559,00:00:00.0520000,1,1,1,1689,1689,2322,4011,5084,9095,1,1,0,0,1,1,0
27,3,1902,00:00:00.0730000,1,2,3,2853,2854,5150,8004,9969,17973,1,1,0,0,1,1,0
27,4,2332,00:00:00.0790000,2,2,5,4660,4660,11349,16009,20002,36011,1.009656652360515,1.0194998027188895,0,1,2,1,1
27,5,2772,00:00:00.0860000,3,4,10,9094,9097,22930,32027,36207,68234,1.4226962832636902,1.9795781168322992,0,2,3,1,2
27,6,3026,00:00:00.0900000,4,9,16,21024,21043,42972,64015,50994,115009,2.2401065449010655,2.575100322317944,0,3,4,1,3
27,7,3202,00:00:00.0940000,5,10,17,45984,46046,82402,128448,67643,196091,2.8402487821851077,2.1116000881762598,0.04754025116562843,3,5,2,2
27,8,3351,00:00:00.1080000,7,25,38,95433,95535,160526,256061,90147,346208,3.3407521507235445,2.423196634075056,0.11245466768741608,4,7,3,2
27,9,3491,00:00:00.1140000,10,49,70,191291,191774,320689,512463,124018,636481,3.7269186736438202,2.085446656985007,0.1718951314687729,4,10,6,1.5
27,10,3632,00:00:00.1240000,13,86,125,374595,376053,651557,1027610,178358,1205968,4.065959235974852,2.133026234262672,0.1791161298751831,3,13,9,1.3333334
27,11,3770,00:00:00.1400000,16,173,248,738479,743868,1307875,2051743,262883,2314626,4.449295105209491,2.8169038727766087,0.1727757453918457,4,16,11,1.3636364
27,12,3907,00:00:00.1700000,22,313,463,1450187,1471292,2632987,4104279,396423,4500702,4.813004805587141,2.7767279955115516,0.18173888325691223,3,22,14,1.5
27,13,4041,00:00:00.2270000,32,614,883,2916478,2975534,5251510,8227044,603458,8830502,5.264108284033002,3.443319390873847,0.20492243766784668,4,32,22,1.4090909
27,14,4147,00:00:00.3130000,35,1221,1700,6577547,6743609,9647667,16391276,860271,17251547,6.161996561940188,5.789816995413049,0.25018996000289917,5,36,24,1.4583334
27,15,4215,00:00:00.4330000,36,2583,3381,15930246,16398534,16578150,32976684,1122891,34099575,7.179780839542591,6.008847111284349,0.2262907177209854,6,37,24,1.5
27,16,4261,00:00:00.5630000,36,5524,6795,37201376,38358130,27656866,66014996,1404033,67419029,8.231946743045203,5.865369908767012,0.23914353549480438,6,36,24,1.4583334
27,17,4291,00:00:00.7860000,28,11617,13566,84235358,87547143,44742933,132290076,1697020,133987096,9.202717996402413,3.8220051163849322,0.211946502327919,6,29,19,1.4736842
27,18,4315,00:00:01.1610000,36,23574,26601,180239101,187880728,75168596,263049324,2069804,265119128,9.89906559176635,3.724280498774182,0.14685167372226715,7,37,25,1.44
27,19,4335,00:00:01.7920000,44,48181,53233,381317462,401623569,129018007,530641576,2560967,533202543,10.649604297429212,5.404747477168099,0.12095600366592407,8,45,30,1.4666667
27,20,4350,00:00:02.6500000,49,100569,108649,820805742,872687340,215038751,1087726091,3147253,1090873344,11.566453248569013,8.377378770516124,0.10659460723400116,9,50,32,1.53125
28,0,1371,00:00:00.0410000,1,1,1,564,564,438,1002,1659,2661,1,1,0,0,1,1,0
28,1,1609,00:00:00.0520000,1,1,1,1012,1012,993,2005,2897,4902,1,1,0,0,1,1,0
28,2,1903,00:00:00.0590000,1,1,1,1666,1666,2335,4001,5516,9517,1,1,0,0,1,1,0
28,3,2251,00:00:00.0780000,1,1,1,2824,2824,5190,8014,10508,18522,1,1,0,0,1,1,0
28,4,2667,00:00:00.0990000,3,3,4,4778,4778,11242,16020,19955,35975,1.0033486814566763,1.0067251709899385,0,1,3,2,1
28,5,3189,00:00:00.1360000,6,7,8,7898,7902,24103,32005,39377,71382,1.0991390225373512,1.2236523656765816,0.05027968809008598,1,6,5,1
28,6,3593,00:00:00.1510000,6,11,14,16900,16931,47085,64016,62821,126837,1.6946153846153846,2.3759659400671733,0.2546634078025818,1,6,5,1
28,7,3918,00:00:00.1580000,7,15,22,32951,33068,95127,128195,93224,221419,1.9807593092774118,1.8212077035862517,0.36565911769866943,2,7,5,1.2
28,8,4229,00:00:00.1760000,11,25,45,64975,65127,191484,256611,140061,396672,2.413574451712197,2.6327436720451156,0.5328393578529358,3,11,7,1.4285715
28,9,4491,00:00:00.1960000,14,40,68,134422,135033,377815,512848,203230,716078,2.896348811950425,1.883456860897542,0.33248311281204224,3,15,11,1.2727273
28,10,4722,00:00:00.2280000,18,83,141,279676,280786,743911,1024697,291808,1316505,3.4135928717515984,2.78433139534944,0.2728932797908783,4,19,14,1.2857143
28,11,4932,00:00:00.2530000,19,167,271,567732,573928,1479153,2053081,420293,2473374,3.8242022644487186,2.685885069057589,0.21628578007221222,4,20,13,1.4615384
28,12,5136,00:00:00.2960000,27,300,485,1125614,1149486,2956396,4105882,618894,4724776,4.247335232148854,3.2706568409597137,0.44528910517692566,3,27,20,1.3
28,13,5305,00:00:00.3640000,38,588,915,2572555,2638692,5591938,8230630,877619,9108249,5.0850442458956175,5.685666141407902,0.409620463848114,5,38,26,1.4230769
28,14,5388,00:00:00.4240000,33,1257,1731,7281252,7473208,8916615,16389823,1074874,17464697,6.737766664304435,7.104970996859852,0.2522399127483368,6,33,19,1.6842105
28,15,5434,00:00:00.4960000,28,2644,3365,18167523,18617916,14265430,32883346,1252622,34135968,7.7525238305739315,4.8259806055671195,0.17926518619060516,6,29,17,1.6470588
28,16,5473,00:00:00.6180000,27,5496,6640,39687322,40623527,24931555,65555082,1493858,67048940,8.350328298795267,4.381991170140182,0.1776786595582962,6,28,19,1.4210526
28,17,5511,00:00:00.8500000,23,11275,13331,82601243,85362946,47257026,132619972,1869010,134488982,8.80243595123623,4.449380266063686,0.21187368035316467,6,24,15,1.5333333
28,18,5548,00:00:01.2690000,32,22861,26738,165821109,173260541,92238746,265499287,2451614,267950901,9.197978183827006,4.951627891909854,0.24914653599262238,6,33,22,1.4545455
28,19,5585,00:00:02.0820000,44,46025,53412,326077660,347557424,183070586,530628010,3376071,534004081,9.572505243076144,5.552107314962382,0.32910966873168945,4,44,33,1.3030303
28,20,5616,00:00:03.7160000,63,95701,108755,692700729,750565547,331546880,1082112427,4573979,1086686406,10.689958544853791,9.034696108583839,0.32763877511024475,9,63,37,1.6756756
2,0,1344,00:00:00.0370000,1,1,1,586,586,416,1002,1161,2163,1,1,0,0,1,1,0
2,1,1603,00:00:00.0690000,1,1,1,967,967,1038,2005,2596,4601,1,1,0,0,1,1,0
2,2,1891,00:00:00.0770000,1,1,1,1664,1664,2339,4003,5192,9195,1,1,0,0,1,1,0
2,3,2239,00:00:00.1240000,1,1,1,2872,2872,5133,8005,10114,18119,1,1,0,0,1,1,0
2,4,2675,00:00:00.1300000,4,7,8,4678,4681,11321,16002,20368,36370,1.043180846515605,1.090499241126263,0.014414981007575989,1,4,3,1
2,5,3065,00:00:00.1460000,8,8,11,9424,9424,22613,32037,34575,66612,1.4836587436332767,2.2856392728433375,0.15076224505901337,2,8,6,1.1666666
2,6,3325,00:00:00.1510000,8,10,14,20447,20457,43556,64013,49604,113617,2.1144422164620726,2.724931542059694,0.1975710242986679,2,8,6,1.1666666
2,7,3527,00:00:00.1550000,9,17,23,42852,42944,85144,128088,68495,196583,2.6373098105105948,1.9653571436322712,0.12611596286296844,3,9,6,1.3333334
2,8,3717,00:00:00.1610000,14,33,46,83435,83567,172607,256174,97132,353306,2.9512434829508,1.4791729199165349,0.05590122938156128,4,14,10,1.3
2,9,3885,00:00:00.1680000,12,51,72,178123,178884,333171,512055,137106,649161,3.6678250422460885,2.821620822674829,0.06660939007997513,4,12,8,1.375
2,10,3997,00:00:00.1760000,9,86,123,418198,421020,604756,1025776,179794,1205570,4.477374353775006,2.0343145268890632,0.15330877900123596,3,9,6,1.3333334
2,11,4102,00:00:00.1880000,15,163,229,851768,856723,1191385,2048108,244186,2292294,4.823629204196448,1.3714625141345873,0.09172859787940979,4,15,11,1.2727273
2,12,4219,00:00:00.2120000,18,318,465,1603787,1616299,2486668,4102967,358936,4461903,5.019134087007814,1.3320608349783039,0.05342075973749161,3,18,15,1.1333333
2,13,4347,00:00:00.2660000,22,627,893,2998974,3042775,5164368,8207143,557935,8765078,5.276394193480837,1.9924490994541928,0.07388672232627869,4,22,17,1.2352941
2,14,4472,00:00:00.3700000,31,1239,1760,5972993,6141232,10283557,16424789,864713,17289502,5.752431151350755,5.257503023268911,0.410698264837265,4,31,23,1.3043479
2,15,4575,00:00:00.5190000,41,2469,3417,13272752,13730810,19250970,32981780,1263096,34244876,6.555517273282888,10.93324993199314,0.3860175311565399,4,41,29,1.3793104
2,16,4635,00:00:00.6840000,46,5216,6720,33606990,34772243,31724834,66497077,1628536,68125613,7.86737598338917,5.307365314326352,0.21453407406806946,5,46,32,1.40625
2,17,4674,00:00:00.9300000,44,11022,13356,77352024,80544325,52207770,132752095,2012096,134764191,8.75658007345742,3.667899855592617,0.13583043217658997,6,44,30,1.4333333
2,18,4707,00:00:01.2770000,44,22781,26621,166071246,174206476,91066004,265272480,2528461,267800941,9.419392216759787,4.902770113460248,0.13127665221691132,7,44,29,1.4827586
2,19,4735,00:00:01.9560000,43,45712,52216,343375847,364268269,160896698,525164967,3220223,528385190,10.041632977755713,7.911048226393301,0.12825210392475128,7,43,29,1.4482758
2,20,4759,00:00:03.4120000,49,94900,106056,716778193,773247493,286817066,1060064559,4158840,1064223399,10.72901949459838,11.287015909162925,0.13844001293182373,8,50,33,1.4848485
29,0,926,00:00:00.0190000,1,1,1,610,610,393,1003,1145,2148,1,1,0,0,1,1,0
29,1,1148,00:00:00.0380000,1,1,1,1058,1058,944,2002,2302,4304,1,1,0,0,1,1,0
29,2,1420,00:00:00.0410000,1,1,1,1731,1731,2272,4003,4655,8658,1,1,0,0,1,1,0
29,3,1779,00:00:00.0610000,2,2,2,2858,2858,5155,8013,9771,17784,1.003149055283415,1.0063178974582194,0,1,2,1,1
29,4,2181,00:00:00.0760000,2,3,4,4950,4951,11065,16016,18956,34972,1.1034343434343434,1.2277038620409368,0,1,2,1,1
29,5,2519,00:00:00.0930000,3,5,6,9945,9961,22081,32042,31272,63314,1.5829059829059828,1.9616130695772267,0.030262580141425133,1,3,2,1
29,6,2797,00:00:00.1070000,3,8,11,18879,18915,45088,64003,47688,111691,1.887123258647174,1.261047807185133,0.035471927374601364,1,3,2,1
29,7,3106,00:00:00.1130000,5,13,20,33156,33210,94877,128087,77085,205172,1.9920376402461093,1.083855800693502,0.03307129815220833,2,5,3,1.3333334
29,8,3447,00:00:00.1210000,11,25,39,60371,60470,196011,256481,128795,385276,2.2444219906908947,1.646279324474963,0.03168569505214691,3,11,8,1.25
29,9,3706,00:00:00.1320000,10,48,73,142684,143255,369831,513086,190163,703249,3.110811303299599,3.392363696530189,0.1727389246225357,2,10,8,1.125
29,10,3889,00:00:00.1440000,11,81,125,318427,320011,704673,1024684,260186,1284870,3.710300948097994,1.7212308064192208,0.10180393606424332,3,11,8,1.25
29,11,4072,00:00:00.1640000,14,145,231,615379,620681,1429081,2049762,372783,2422545,3.9903571620091034,1.4035591204545013,0.050841789692640305,3,14,10,1.3
29,12,4259,00:00:00.2020000,19,314,476,1207972,1224530,2886478,4111008,554727,4665735,4.384097479080641,2.4049457510246213,0.07013721019029617,4,19,14,1.2857143
29,13,4413,00:00:00.2670000,26,636,963,2718071,2779944,5438257,8218201,790051,9008252,5.230322901793221,5.900286988924369,0.35000115633010864,6,26,18,1.3888888
29,14,4465,00:00:00.3080000,21,1419,1850,8562506,8742687,7659381,16402068,910756,17312824,7.606399691865909,3.058533211615228,0.18320459127426147,6,21,13,1.5384616
29,15,4492,00:00:00.3580000,18,2939,3514,21081799,21559766,11367349,32927115,1015564,33942679,8.514585211632081,1.713525341136986,0.07111633569002151,5,18,12,1.4166666
29,16,4519,00:00:00.4430000,23,5841,6742,44876277,46056599,19886200,65942799,1183419,67126218,8.916343104843568,1.6371581713904144,0.06585618853569031,6,23,15,1.4666667
29,17,4548,00:00:00.6300000,31,11934,13553,91130228,94414994,38978496,133393490,1470967,134864457,9.233280476374974,2.093797928271664,0.05229082331061363,6,31,23,1.3043479
29,18,4576,00:00:00.9790000,41,23650,26700,178865575,187899788,75997593,263897381,1910414,265807795,9.637123610845743,3.501462264728274,0.11889803409576416,7,41,31,1.2903225
29,19,4602,00:00:01.6070000,53,47158,52824,359547856,381772436,144819096,526591532,2552747,529144279,10.183201440088688,7.122830199217459,0.369139164686203,7,53,39,1.3333334
29,20,4623,00:00:02.8440000,57,96913,106794,743912291,804709876,258389888,1063099764,3370137,1066469901,10.968721924235554,12.884147050008545,0.39058738946914673,6,57,42,1.3333334
30,0,1215,00:00:00.0450000,1,1,1,611,611,390,1001,1002,2003,1,1,0,0,1,1,0
30,1,1454,00:00:00.0550000,1,1,1,995,995,1007,2002,2250,4252,1,1,0,0,1,1,0
30,2,1730,00:00:00.0570000,1,1,1,1723,1723,2291,4014,4682,8696,1,1,0,0,1,1,0
30,3,2083,00:00:00.0770000,1,1,1,2792,2792,5225,8017,9765,17782,1,1,0,0,1,1,0
30,4,2511,00:00:00.0820000,2,3,6,4757,4759,11257,16016,19639,35655,1.0016817321841496,1.0033691466491699,0,1,2,1,1
30,5,3041,00:00:00.0890000,3,4,7,7980,7983,24056,32039,39251,71290,1.0884711779448621,1.1969987303190377,0.07742419838905334,1,3,2,1
30,6,3457,00:00:00.1040000,5,6,9,17031,17033,47068,64101,63357,127458,1.7059479772180142,2.9257247604665912,0.38020071387290955,2,5,3,1.3333334
30,7,3730,00:00:00.1080000,5,12,22,37196,37253,90999,128252,88917,217169,2.33054629530057,3.0429210808340246,0.41000065207481384,2,5,3,1.3333334
30,8,3949,00:00:00.1130000,6,14,30,77532,77698,178466,256164,121924,378088,2.8092787494195943,1.744199156697138,0.3278082311153412,3,6,3,1.6666666
30,9,4154,00:00:00.1190000,6,31,56,155102,155489,357829,513318,171445,684763,3.2211383476679862,1.9960802006454221,0.12867653369903564,3,6,3,1.6666666
30,10,4341,00:00:00.1290000,7,61,106,317379,318321,708755,1027076,243302,1270378,3.6767744557768474,2.2502355753772343,0.13320432603359222,4,8,4,1.75
30,11,4518,00:00:00.1460000,8,142,223,636502,642905,1411743,2054648,351681,2406329,4.092452183968,2.310648184777705,0.27115383744239807,3,8,5,1.4
30,12,4681,00:00:00.1770000,19,288,428,1317116,1331088,2777455,4108543,510216,4618759,4.60011570734848,2.8301356610200963,0.18748417496681213,3,19,14,1.2857143
30,13,4825,00:00:00.2360000,27,592,868,2778218,2824275,5380903,8205178,732551,8937729,5.155868617941429,3.790809079312287,0.15206800401210785,3,27,22,1.1818181
30,14,4956,00:00:00.3460000,36,1233,1723,5752946,5920334,10518573,16438907,1054387,17493294,5.644892721051093,6.246273829540413,0.18454889953136444,5,36,26,1.3461539
30,15,5076,00:00:00.5530000,47,2463,3421,12044491,12574649,20396603,32971252,1521156,34492408,6.251483437531731,10.055952143415382,0.3251327574253082,5,47,33,1.3939394
30,16,5153,00:00:00.7810000,44,5122,6726,29535802,30998949,34726710,65725659,1988753,67714412,7.4847093029672935,7.0104436087483,0.25521817803382874,6,44,29,1.4827586
30,17,5202,00:00:01.0640000,38,10734,13334,70490733,74012246,58013110,132025356,2467903,134493259,8.43403613067834,3.773784224559905,0.14285224676132202,6,39,25,1.52
30,18,5243,00:00:01.5970000,41,21981,26372,151988632,160346658,102690074,263036732,3108254,266144986,9.036228781899952,3.461644558044607,0.10692036896944046,7,42,29,1.4137931
30,19,5281,00:00:02.8160000,46,45510,53483,314700453,340015339,191030714,531046053,4050670,535096723,9.587639046074077,3.9534848368367133,0.07471319288015366,8,47,35,1.3142858
30,20,5310,00:00:04.5490000,58,93720,107172,668225373,735870322,331299606,1067169928,5179595,1072349523,10.52216504804884,7.045586973629626,0.11836982518434525,7,59,42,1.3809524
31,0,922,00:00:00.0620000,1,1,1,611,611,392,1003,1202,2205,1,1,0,0,1,1,0
31,1,1151,00:00:00.0730000,1,1,1,1046,1046,958,2004,2396,4400,1,1,0,0,1,1,0
31,2,1432,00:00:00.0760000,1,1,1,1711,1711,2293,4004,4851,8855,1,1,0,0,1,1,0
31,3,1781,00:00:00.0970000,2,2,2,2829,2829,5176,8005,9868,17873,1.0098974902792506,1.01999082123736,0,1,2,1,1
31,4,2166,00:00:00.1030000,2,3,4,5039,5041,10972,16013,18709,34722,1.186346497320897,1.4352204291467865,0,1,2,1,1
31,5,2468,00:00:00.1070000,3,5,7,10326,10336,21666,32002,29730,61732,1.687875266318032,1.7632241746753718,0.02400057762861252,1,3,2,1
31,6,2735,00:00:00.1210000,5,10,15,19380,19396,44693,64089,45554,109643,1.9485036119711043,1.2942828034015808,0.016319233924150467,2,5,3,1.3333334
31,7,3000,00:00:00.1270000,7,13,20,36885,36953,91061,128014,70632,198646,2.2871085807238716,1.844501823978084,0.023026693612337112,2,7,5,1.2
31,8,3235,00:00:00.1340000,7,27,40,74712,75137,181099,256236,106016,362252,2.7121345968519113,1.8710253363685694,0.11927369982004166,2,7,5,1.2
31,9,3469,00:00:00.1440000,13,48,71,141127,141748,371319,513067,162498,675565,2.970650548796474,1.4646370929468215,0.1354452222585678,3,13,10,1.2
31,10,3663,00:00:00.1570000,15,91,128,328541,331409,697076,1028485,235407,1263892,3.9265966804751917,2.8179132249705168,0.12105736881494522,4,15,10,1.4
31,11,3782,00:00:00.1710000,19,167,235,788233,794393,1256395,2050788,307927,2358715,4.724827557333936,1.776564573612058,0.0682489424943924,4,19,14,1.2857143
31,12,3893,00:00:00.1950000,23,328,447,1639437,1659276,2453142,4112418,416072,4528490,5.163487221527878,2.0368522306439596,0.04710521921515465,5,24,16,1.4375
31,13,3994,00:00:00.2370000,29,653,887,3445397,3503352,4735940,8239292,571838,8811130,5.754010060379109,4.518573978573812,0.10117730498313904,5,29,21,1.3333334
31,14,4071,00:00:00.3040000,28,1349,1776,7678907,7858054,8578211,16436265,759522,17195787,6.577595092634929,7.667410070246232,0.3678610622882843,5,28,18,1.5
31,15,4132,00:00:00.3960000,31,2689,3426,16861296,17338772,15567622,32906394,997148,33903542,7.261355058353759,3.8783645609858617,0.32718372344970703,4,31,22,1.3636364
31,16,4188,00:00:00.5520000,41,5409,6725,35575133,36650248,29526541,66176789,1345132,67521921,7.785433830985256,2.823603869859516,0.21592658758163452,5,41,30,1.3333334
31,17,4235,00:00:00.8630000,46,11070,13403,75387538,78389307,54101646,132490953,1806029,134296982,8.51582850470591,4.26944493869156,0.16964681446552277,5,46,32,1.40625
31,18,4269,00:00:01.2720000,48,22869,26734,164328282,172821314,92852872,265674186,2334155,268008341,9.397760983103323,7.285828776625378,0.15830270946025848,6,48,33,1.4242424
31,19,4293,00:00:02.0400000,58,48997,55186,372952022,394306491,152689630,546996121,2923716,549919837,10.575899832499099,10.916250880427208,0.18423625826835632,9,59,40,1.45
31,20,4302,00:00:02.6030000,53,99587,107395,821975488,871573444,201308987,1072882431,3267621,1076150052,12.315738298512375,8.417778750229072,0.14865030348300934,9,54,35,1.5142857
32,0,1446,00:00:00.0250000,1,1,1,598,598,406,1004,1336,2340,1,1,0,0,1,1,0
32,1,1685,00:00:00.0540000,1,1,1,982,982,1019,2001,2602,4603,1,1,0,0,1,1,0
32,2,1974,00:00:00.0570000,1,1,1,1692,1692,2315,4007,5128,9135,1,1,0,0,1,1,0
32,3,2311,00:00:00.0770000,1,1,1,2909,2909,5099,8008,9861,17869,1,1,0,0,1,1,0
32,4,2757,00:00:00.0830000,4,4,5,4676,4676,11352,16028,20283,36311,1.0057741659538066,1.0116374236509156,0,1,4,3,1
32,5,3228,00:00:00.1140000,7,8,10,8492,8493,23566,32059,37837,69896,1.268370230805464,1.7687272786294745,0.16302932798862457,1,7,6,1
32,6,3565,00:00:00.1310000,8,11,14,17872,17898,46216,64114,57611,121725,1.7918531781557745,3.4345111422670245,0.5031808614730835,2,8,6,1.1666666
32,7,3871,00:00:00.1380000,10,22,29,33645,33712,94440,128152,86738,214890,2.064645563976817,3.356191788617241,0.5231912732124329,2,10,8,1.125
32,8,4148,00:00:00.1470000,14,28,46,69532,69791,186881,256672,128209,384881,2.5659840073635163,3.8249640046637037,0.3523362874984741,3,14,10,1.3
32,9,4372,00:00:00.1570000,17,51,79,148554,149338,363714,513052,181865,694917,3.1489963245688437,3.338533049470749,0.22372835874557495,3,18,12,1.4166666
32,10,4562,00:00:00.1710000,18,91,142,312068,314179,711394,1025573,254573,1280146,3.650419139418332,2.277076752906753,0.1743679940700531,4,19,12,1.5
32,11,4749,00:00:00.1940000,20,169,266,608341,614265,1434698,2048963,369322,2418285,3.9841585558099815,1.7740604012510741,0.12175925821065903,5,21,13,1.5384616
32,12,4898,00:00:00.2270000,20,311,476,1438791,1463310,2654154,4117464,511505,4628969,4.992338706594634,3.2132981598866905,0.11739605665206909,5,21,14,1.4285715
32,13,4992,00:00:00.2660000,24,613,896,3453966,3514931,4683516,8198447,655768,8854215,5.851462347921201,2.6703162788366748,0.07579340040683746,6,25,16,1.5
32,14,5070,00:00:00.3310000,29,1277,1728,7773420,7904407,8641081,16545488,846820,17392308,6.563093979226647,3.7213876188159536,0.0748131275177002,7,30,21,1.3809524
32,15,5127,00:00:00.4180000,28,2662,3415,17536859,17903794,15153233,33057027,1067743,34124770,7.464226290466269,5.740936760258104,0.10120725631713867,6,28,20,1.35
32,16,5167,00:00:00.5460000,26,5545,6759,39791218,40840257,25691181,66531438,1314437,67845875,8.39587740189305,5.725927660038858,0.13760216534137726,7,26,17,1.4705882
32,17,5196,00:00:00.7280000,22,11517,13409,87382231,90437494,42956086,133393580,1599307,134992887,9.265606688389543,5.658779293938883,0.3055638074874878,7,22,13,1.6153846
32,18,5219,00:00:01.0070000,30,23634,26671,185475176,192580103,72967370,265547473,1958909,267506382,9.960302498917699,5.248406836936419,0.1959201693534851,6,30,21,1.3809524
32,19,5240,00:00:01.4790000,37,47789,53008,381407464,400061185,130896930,530958115,2480706,533438821,10.502483700738484,4.798213563050001,0.18671590089797974,7,37,26,1.3846154
32,20,5260,00:00:02.6060000,45,98732,108110,782961230,836501237,245584010,1082085247,3273052,1085358299,11.033684734300317,5.614876710058876,0.15062163770198822,7,45,33,1.3333334
33,0,1080,00:00:00.0630000,1,1,1,587,587,414,1001,1373,2374,1,1,0,0,1,1,0
33,1,1316,00:00:00.0810000,1,1,1,1005,1005,999,2004,2599,4603,1,1,0,0,1,1,0
33,2,1567,00:00:00.0870000,2,2,2,1795,1795,2213,4008,4739,8747,1.0100278551532034,1.0202567243774585,0,1,2,1,1
33,3,1877,00:00:00.0950000,2,2,2,3073,3073,4936,8009,9094,17103,1.178001952489424,1.4136963014683077,0,1,2,1,1
33,4,2134,00:00:00.1250000,2,2,2,5884,5884,10156,16040,14916,30956,1.6084296397008837,1.910168819065336,0,1,2,1,1
33,5,2361,00:00:00.1310000,2,4,4,11261,11265,20765,32030,23289,55319,1.8758547198295001,1.277900466557911,0,1,2,1,1
33,6,2610,00:00:00.1390000,5,9,11,19732,19765,44250,64015,38078,102093,1.9741029799310765,1.080382268946958,0,2,5,3,1.3333334
33,7,2899,00:00:00.1620000,8,14,17,34590,34624,93459,128083,65617,193700,2.1097427002023705,1.2988688055205817,0.10702812671661377,2,8,6,1.1666666
33,8,3175,00:00:00.1740000,11,23,31,69293,69452,187093,256545,107138,363683,2.5520759672694213,3.6131890854676647,0.42336320877075195,3,11,8,1.25
33,9,3413,00:00:00.1900000,11,52,72,142655,143411,369680,513091,164157,677248,3.0356804878903647,6.146256198010488,0.6484613418579102,2,11,8,1.25
33,10,3619,00:00:00.2120000,13,102,142,299102,302265,725248,1027513,243025,1270538,3.5667564910966827,3.0106912272774085,0.3983456790447235,3,13,9,1.3333334
33,11,3808,00:00:00.2450000,19,175,252,605442,614236,1438771,2053007,358543,2411550,3.989435817138553,2.0960812141433385,0.19402018189430237,3,19,14,1.2857143
33,12,3984,00:00:00.2990000,30,311,458,1237027,1263285,2835149,4098434,529149,4627583,4.4711651402920065,3.2394574748765668,0.1151994988322258,4,31,24,1.25
33,13,4145,00:00:00.3870000,37,599,893,2580101,2653164,5569335,8222499,777590,9000089,4.9928723720505515,4.540213995725725,0.17727196216583252,4,38,31,1.1935484
33,14,4287,00:00:00.5630000,45,1166,1725,5459424,5633096,10781336,16414432,1126116,17540548,5.555230734963981,7.139920472019344,0.20684443414211273,4,46,35,1.2857143
33,15,4411,00:00:00.7980000,56,2357,3425,11732514,12182411,20667912,32850323,1608496,34458819,6.173819183169098,10.326016365826746,0.39722350239753723,4,56,40,1.375
33,16,4511,00:00:01.1510000,67,4869,6733,26155955,27300678,38304411,65605089,2223130,67828219,6.930925863727782,15.15343787452002,0.44445520639419556,6,67,42,1.5714285
33,17,4572,00:00:01.5550000,62,10554,13478,66358693,69738660,62873843,132612503,2805332,135417835,8.429766315620473,17.142781525197364,0.41456472873687744,8,63,34,1.8235294
33,18,4598,00:00:01.9600000,49,23277,27311,171372256,180785085,91064918,271850003,3206472,275056475,9.998448430299009,7.228370978245144,0.2415369302034378,9,50,27,1.8148148
33,19,4614,00:00:02.5720000,48,49328,54877,389664905,410763962,133661005,544424967,3604968,548029935,11.00962689467762,7.390475787975743,0.1548430472612381,10,49,29,1.6551725
33,20,4626,00:00:03.5210000,52,103988,111906,857576607,907855784,204662312,1112518096,4081007,1116599103,11.945510935561236,9.855530681535003,0.13021525740623474,10,53,33,1.5757576
34,0,1105,00:00:00.0670000,1,1,1,557,557,454,1011,1496,2507,1,1,0,0,1,1,0
34,1,1314,00:00:00.0920000,2,2,2,1026,1026,980,2006,2605,4611,1.003898635477583,1.0078276386468727,0,1,2,1,1
34,2,1604,00:00:00.1070000,2,2,2,1709,1709,2300,4009,5200,9209,1.050906963136337,1.1069672104214332,0,1,2,1,1
34,3,1868,00:00:00.1190000,2,2,2,3287,3287,4734,8021,8833,16854,1.3449954365682995,1.8246416207015848,0,1,2,1,1
34,4,2084,00:00:00.1660000,2,2,2,6309,6309,9743,16052,13789,29841,1.7265810746552543,1.659260824184934,0,1,2,1,1
34,5,2300,00:00:00.1760000,2,3,5,11517,11519,20547,32066,21772,53838,1.913953286446123,1.1866412501409338,0,1,2,1,1
34,6,2548,00:00:00.1880000,2,6,9,19953,19986,44130,64116,36506,100622,1.9782488848794668,1.0444474972045992,0,1,2,1,1
34,7,2846,00:00:00.2040000,3,9,18,33531,33595,94696,128291,64827,193118,1.9980614953326772,1.0170572585002253,0,2,3,1,2
34,8,3203,00:00:00.2310000,11,24,38,57775,57846,198337,256183,118992,375175,2.1400778883600173,1.3154727992879227,0.07598967105150223,3,11,8,1.25
34,9,3456,00:00:00.2780000,11,33,59,149853,150236,362167,512403,178086,690489,3.2595810561016463,2.806165318018609,0.128717303276062,2,11,9,1.1111112
34,10,3624,00:00:00.3040000,10,71,119,332447,334139,691310,1025449,242708,1268157,3.796181045399718,1.3827926199058196,0.07943779230117798,2,10,8,1.125
34,11,3805,00:00:00.3520000,15,139,236,617208,621980,1428029,2050009,354306,2404315,3.9674453344739535,1.1523419170824867,0.047580964863300323,3,15,12,1.1666666
34,12,4011,00:00:00.4150000,22,275,444,1113440,1129373,2975028,4104401,555558,4659959,4.151973164247737,1.4721899261112465,0.036605626344680786,3,22,19,1.1052631
34,13,4220,00:00:00.5220000,34,502,823,2161571,2216326,5981664,8197990,878410,9076400,4.544744539966533,4.1394041914720034,0.15783542394638062,3,34,29,1.137931
34,14,4420,00:00:00.7120000,54,1082,1728,4343117,4502598,11900701,16403299,1369757,17773056,4.987861482893507,12.198558672344134,0.5641405582427979,2,54,43,1.2325581
34,15,4601,00:00:01.0630000,65,2180,3413,9131874,9619422,23190489,32809911,2072876,34882787,5.56483455641197,20.124973818293743,0.5897274613380432,3,65,50,1.28
34,16,4745,00:00:01.5510000,76,4645,6844,20943696,22297209,43248868,65546077,2954676,68500753,6.408234964831422,19.019370788750596,0.5207321047782898,5,76,50,1.5
34,17,4842,00:00:02.2400000,80,9771,13525,51521913,55072888,76250556,131323444,3894938,135218382,7.450219482339485,10.305330099195574,0.35439667105674744,6,80,48,1.6458334
34,18,4900,00:00:03.1000000,74,20764,26640,129075423,138453970,124724898,263178868,4779952,267958820,8.76405224718884,9.508744011270652,0.22685369849205017,7,75,49,1.5102041
34,19,4933,00:00:04.3340000,60,44589,53225,309040705,333538704,194727739,528266443,5587925,533854368,9.895941086466264,9.610821475949848,0.2177933305501938,8,61,37,1.6216216
34,20,4956,00:00:06.1340000,58,95831,108740,717279121,775897558,305948541,1081846099,6476422,1088322521,11.19766425349498,12.819751275812429,0.266260027885437,7,59,39,1.4871795
35,0,1191,00:00:00.0220000,1,1,1,586,586,417,1003,1453,2456,1,1,0,0,1,1,0
35,1,1455,00:00:00.0350000,2,2,2,991,991,1018,2009,2907,4916,1.0010090817356205,1.0020202499108266,0,1,2,1,1
35,2,1730,00:00:00.0400000,1,1,2,1751,1751,2251,4002,5248,9250,1,1,0,0,1,1,0
35,3,2075,00:00:00.0670000,1,2,3,2898,2899,5120,8019,10186,18205,1,1,0,0,1,1,0
35,4,2517,00:00:00.0880000,1,2,5,4602,4603,11399,16002,20504,36506,1,1,0,0,1,1,0
35,5,3048,00:00:00.1060000,1,1,6,7697,7697,24319,32016,40237,72253,1,1,0,0,1,1,0
35,6,3719,00:00:00.1140000,1,3,10,12603,12606,51414,64020,80394,144414,1,1,0,0,1,1,0
35,7,4483,00:00:00.1270000,8,10,24,22545,22549,105477,128026,152977,281003,1.2559325792858727,1.7042225321950215,0.1304417848587036,1,8,7,1
35,8,4967,00:00:00.1490000,11,26,51,52657,52746,203530,256276,224852,481128,1.9566439409765084,2.8926881835290064,0.39354825019836426,2,11,9,1.1111112
35,9,5320,00:00:00.1650000,18,41,81,115859,116437,396509,512946,309086,822032,2.5974848738552896,4.469399683905011,0.30556896328926086,3,18,14,1.2142857
35,10,5607,00:00:00.1850000,19,83,158,242442,244773,780191,1024964,419229,1444193,3.1040702518540515,4.252721484843104,0.2882145345211029,4,20,14,1.3571428
35,11,5828,00:00:00.2120000,18,159,272,575718,583215,1470008,2053223,552598,2605821,3.9800179949211247,7.093254215659471,0.31202954053878784,4,19,12,1.5
35,12,5987,00:00:00.2470000,18,313,485,1320239,1340235,2769689,4109924,707033,4816957,4.639841725626951,3.039903080946524,0.3228243589401245,4,18,10,1.7
35,13,6143,00:00:00.3130000,26,621,942,2608425,2667268,5555856,8223124,949590,9172714,4.956444214420579,2.3025809527261347,0.23550142347812653,5,27,17,1.5294118
35,14,6287,00:00:00.4540000,38,1174,1770,5528831,5690137,10719256,16409393,1300595,17709988,5.638310702569856,4.035050295142637,0.21003805100917816,6,39,27,1.4074074
35,15,6387,00:00:00.5960000,38,2414,3434,13219219,13659721,19207145,32866866,1687012,34553878,6.5808443751480326,2.9245501788534733,0.23278164863586426,6,39,26,1.4615384
35,16,6455,00:00:00.7790000,34,5190,6822,32035571,33292475,33004655,66297130,2102193,68399323,7.700288501178893,4.846373617928229,0.13855533301830292,7,35,22,1.5454545
35,17,6493,00:00:01.0150000,37,11057,13496,78081561,80944367,52154280,133098647,2472202,135570849,8.90217872309187,7.817324497639561,0.1462699919939041,8,38,22,1.6818181
35,18,6519,00:00:01.2870000,39,23101,26761,174455155,182196421,83293756,265490177,2876998,268367175,9.789434820656346,6.601440955468496,0.11859454214572906,9,40,26,1.5
35,19,6539,00:00:01.7770000,46,47879,53423,376647153,397281402,135824850,533106252,3369089,536475341,10.660602457812816,6.602983198984854,0.1867252141237259,7,46,31,1.451613
35,20,6553,00:00:02.5780000,50,101636,109921,829749302,883034485,215780692,1098815177,3917133,1102732310,11.71716407903649,8.469619287401787,0.17948423326015472,7,50,33,1.4848485
36,0,1130,00:00:00.0210000,2,2,2,631,631,380,1011,1096,2107,1.0047543581616483,1.0095539349443294,0,1,2,1,1
36,1,1359,00:00:00.0320000,2,2,2,1036,1036,969,2005,2326,4331,1.0627413127413128,1.1332853896689958,0,1,2,1,1
36,2,1575,00:00:00.0340000,2,2,2,1901,1901,2103,4004,4181,8185,1.274066280904787,1.6608754672710435,0,1,2,1,1
36,3,1770,00:00:00.0520000,2,2,2,3550,3550,4468,8018,6920,14938,1.6591549295774648,1.816000578495426,0,1,2,1,1
36,4,1954,00:00:00.0550000,2,3,3,6608,6614,9411,16025,11156,27181,1.8506355932203389,1.3406791263057087,0,1,2,1,1
36,5,2159,00:00:00.0570000,4,6,6,11798,11810,20251,32061,18751,50812,1.962959823698932,1.1414833310074355,0.0051676323637366295,2,4,2,1.5
36,6,2389,00:00:00.0700000,5,6,7,20879,20882,43259,64141,32435,96576,2.1043632357871545,1.3011953356866188,0.07465614378452301,2,5,3,1.3333334
36,7,2614,00:00:00.0730000,5,12,16,40310,40343,87972,128315,53834,182149,2.478714959067229,2.415842241416389,0.29480811953544617,2,5,3,1.3333334
36,8,2825,00:00:00.0790000,7,25,36,78658,78777,177635,256412,85850,342262,2.813280276640647,2.272665123226076,0.47847452759742737,2,7,5,1.2
36,9,3045,00:00:00.0860000,9,36,60,147191,147858,365303,513161,139018,652179,3.0647186308945518,2.2844255825798725,0.4802537262439728,2,9,7,1.1428572
36,10,3259,00:00:00.0990000,16,87,132,291164,292769,731490,1024259,221264,1245523,3.4819792282012885,3.5172301758748934,0.33145779371261597,3,16,13,1.1538461
36,11,3463,00:00:00.1200000,23,137,222,578063,583142,1467705,2050847,346456,2397303,3.859368269548475,3.0436996009707107,0.2477153241634369,3,23,18,1.2222222
36,12,3657,00:00:00.1580000,27,289,450,1189718,1206454,2902848,4109302,534661,4643963,4.389030845965178,4.68084376399008,0.20257237553596497,4,28,22,1.2272727
36,13,3801,00:00:00.2290000,26,602,888,2807287,2865823,5366902,8232725,755257,8987982,5.264827215742459,3.570368823138337,0.15129785239696503,5,27,20,1.3
36,14,3920,00:00:00.3160000,30,1167,1695,6062424,6202744,10226581,16429325,1048022,17477347,5.788863662455809,1.909153148803342,0.12223374098539352,4,30,24,1.2083334
36,15,4019,00:00:00.4420000,35,2460,3382,14081770,14540442,18602907,33143349,1425617,34568966,6.997426388870149,3.4190845138512467,0.07717990130186081,7,36,26,1.3461539
36,16,4045,00:00:00.5120000,27,5515,6696,40012652,41364491,24607055,65971546,1581568,67553114,9.1492797828047,4.655634143690163,0.08047407120466232,7,27,18,1.4444444
36,17,4062,00:00:00.6040000,28,12081,13648,96378239,99404398,35420486,134824884,1748653,136573537,10.10819568927795,4.466842124254067,0.07564574480056763,7,28,18,1.5
36,18,4077,00:00:00.8150000,31,24310,26699,200736885,208002961,56788055,264791016,1983859,266774875,10.628200367859648,4.780437512456577,0.11719074100255966,7,31,19,1.5789474
36,19,4093,00:00:01.2660000,34,50850,54939,420147378,440629321,104902042,545531363,2384429,547915792,11.057294457279703,5.989566082035081,0.1433303952217102,6,34,22,1.5
36,20,4108,00:00:02.2030000,39,102140,109553,837153427,891919637,197851302,1089770939,2984696,1092755635,11.484970449747678,8.640520108253192,0.471315860748291,6,39,23,1.6521739
37,0,1239,00:00:00.0350000,1,1,1,618,618,384,1002,1199,2201,1,1,0,0,1,1,0
37,1,1482,00:00:00.0500000,1,1,1,992,992,1013,2005,2503,4508,1,1,0,0,1,1,0
37,2,1786,00:00:00.0530000,1,2,2,1671,1672,2338,4010,5205,9215,1,1,0,0,1,1,0
37,3,2141,00:00:00.0900000,1,1,2,2847,2847,5154,8001,10232,18233,1,1,0,0,1,1,0
37,4,2583,00:00:00.1010000,1,3,5,4624,4629,11393,16022,20660,36682,1,1,0,0,1,1,0
37,5,3110,00:00:00.1080000,5,6,8,7914,7919,24090,32009,40174,72183,1.0564821834723275,1.1201864294859023,0.020045289769768715,1,5,4,1
37,6,3546,00:00:00.1250000,7,10,13,16486,16507,47504,64011,65289,129300,1.6390877107849084,2.3024404825626728,0.2255783975124359,2,7,5,1.2
37,7,3868,00:00:00.1320000,9,14,21,33411,33439,94785,128224,95763,223987,2.0587830355272216,2.028186755638897,0.27962782979011536,2,9,7,1.1428572
37,8,4139,00:00:00.1390000,10,26,38,69779,69974,186220,256194,136468,392662,2.5850900700783903,3.554339025101892,0.29493609070777893,2,10,7,1.2857143
37,9,4387,00:00:00.1490000,16,41,67,137114,137511,375858,513369,196461,709830,2.907259652551891,2.904324854767594,0.2898651361465454,3,16,11,1.3636364
37,10,4635,00:00:00.1650000,21,75,124,265224,267077,757879,1024956,291870,1316826,3.2888162458902666,4.264179362495766,0.34821832180023193,4,22,14,1.5
37,11,4829,00:00:00.1860000,25,157,244,620085,623642,1424650,2048292,409225,2457517,4.128034059846634,6.755030643934895,0.4808579385280609,4,25,16,1.5
37,12,4976,00:00:00.2170000,24,327,481,1392297,1409711,2692786,4102497,551889,4654386,4.788817328486666,3.237100202978153,0.3488353490829468,5,25,16,1.5
37,13,5083,00:00:00.2600000,27,622,894,3390333,3434178,4824378,8258556,714607,8973163,5.843441927385894,3.7978346871747486,0.23030324280261993,6,28,17,1.5882353
37,14,5152,00:00:00.3150000,31,1269,1701,8035596,8177747,8369888,16547635,883469,17431104,6.719342410942511,2.736004842575854,0.11087444424629211,7,32,23,1.3478261
37,15,5209,00:00:00.4010000,36,2594,3317,17224796,17681500,15093806,32775306,1105727,33881033,7.3480158487798635,3.508959581390284,0.07024753093719482,7,37,28,1.2857143
37,16,5259,00:00:00.5540000,40,5393,6658,37085109,38281099,27853478,66134577,1414385,67548962,8.013614871672617,6.550608299579639,0.11815862357616425,7,41,31,1.2903225
37,17,5299,00:00:00.7880000,44,11242,13365,79439006,82362628,49919872,132282500,1807049,134089549,8.7428276104059,11.594974759452167,0.34460052847862244,6,44,31,1.3870968
37,18,5331,00:00:01.1610000,49,22998,26582,169367891,176614352,88019649,264634001,2305463,266939464,9.459994639715978,10.742043427294243,0.3271118998527527,7,49,33,1.4545455
37,19,5358,00:00:01.8330000,53,46487,52705,348241413,369094005,156546380,525640385,2973176,528613561,10.082904025547357,6.736511868298503,0.2909301817417145,5,53,39,1.3333334
37,20,5383,00:00:03.4110000,55,95244,106329,712708868,775509032,289403044,1064912076,3955365,1068867441,10.649008287630847,5.440934017608946,0.2753230333328247,7,55,39,1.3846154
38,0,1154,00:00:00.0400000,1,1,1,574,574,427,1001,1481,2482,1,1,0,0,1,1,0
38,1,1398,00:00:00.0510000,1,1,1,1002,1002,999,2001,2798,4799,1,1,0,0,1,1,0
38,2,1687,00:00:00.0540000,1,1,1,1698,1698,2314,4012,5367,9379,1,1,0,0,1,1,0
38,3,2044,00:00:00.0750000,1,1,1,2804,2804,5203,8007,10536,18543,1,1,0,0,1,1,0
38,4,2475,00:00:00.0820000,3,3,3,4728,4728,11285,16013,20424,36437,1.0076142131979695,1.0153738451710324,0,1,3,2,1
38,5,2941,00:00:00.0980000,4,4,4,8892,8892,23182,32074,37452,69526,1.329847053531264,1.8697534383078533,0.18350106477737427,2,4,2,1.5
38,6,3225,00:00:00.1030000,4,6,8,20037,20043,44004,64047,53903,117950,2.1132405050656287,3.0464958215408573,0.3682534396648407,2,4,2,1.5
38,7,3420,00:00:00.1070000,4,11,16,43280,43333,84847,128180,72320,200500,2.6746534195933456,1.8040417587607191,0.21491414308547974,2,4,2,1.5
38,8,3612,00:00:00.1120000,7,24,35,82871,82948,173920,256868,101428,358296,2.9089066138938833,1.2555645496202472,0.08797198534011841,3,7,4,1.5
38,9,3825,00:00:00.1210000,8,38,60,149159,149600,363682,513282,153223,666505,3.084057951581869,1.3220384832813286,0.03253979608416557,3,9,6,1.3333334
38,10,4043,00:00:00.1340000,11,70,114,288247,290304,736316,1026620,237021,1263641,3.458193840699123,2.4304365689605505,0.188442662358284,3,11,8,1.25
38,11,4244,00:00:00.1550000,15,168,245,585969,591448,1457241,2048689,359963,2408652,3.916673066322621,3.0812553046370503,0.2603779435157776,2,15,12,1.1666666
38,12,4427,00:00:00.1930000,19,325,463,1221815,1241140,2869463,4110603,537472,4648075,4.429227010635817,3.8970683561869905,0.25426650047302246,3,19,15,1.2
38,13,4597,00:00:00.2680000,24,620,892,2482718,2537107,5684115,8221222,800665,9021887,4.859359379518737,3.410840398812113,0.23960845172405243,3,24,19,1.2105263
38,14,4758,00:00:00.3970000,38,1193,1737,5018449,5200405,11185780,16386185,1195197,17581382,5.338022564342091,5.149934226559507,0.22215215861797333,4,38,30,1.2333333
38,15,4871,00:00:00.5690000,38,2421,3365,12762926,13316444,19523515,32839959,1622404,34462363,6.729340591648028,8.987267428906858,0.20944824814796448,5,39,30,1.2666667
38,16,4921,00:00:00.7060000,33,5299,6752,34825590,36080932,30328906,66409838,1928440,68338278,8.080981341593926,3.379538525068075,0.14911185204982758,5,33,25,1.28
38,17,4961,00:00:00.9790000,37,10899,13223,77515504,80330849,51972183,132303032,2324165,134627197,8.672989677007067,2.4278797300487156,0.09011229127645493,6,38,28,1.3214285
38,18,4997,00:00:01.3560000,40,22593,26523,164342830,171900131,93221838,265121969,2883038,268005007,9.395647695734581,3.1591708384158887,0.0931677296757698,7,40,27,1.4444444
38,19,5017,00:00:01.8380000,45,48237,53987,377949007,396713522,142742006,539455528,3369015,542824543,10.78175868841481,4.327909139205271,0.10505294054746628,8,45,32,1.375
38,20,5028,00:00:02.4850000,43,100611,108356,826353642,879091992,204956005,1084047997,3797345,1087845342,11.993191245595067,5.441212317086258,0.15796500444412231,7,43,30,1.4
3,0,862,00:00:00.0300000,1,1,1,588,588,413,1001,1235,2236,1,1,0,0,1,1,0
3,1,1103,00:00:00.0420000,1,1,1,1026,1026,976,2002,2487,4489,1,1,0,0,1,1,0
3,2,1381,00:00:00.0450000,1,1,1,1754,1754,2253,4007,4902,8909,1,1,0,0,1,1,0
3,3,1734,00:00:00.0740000,1,1,2,2841,2841,5169,8010,9973,17983,1,1,0,0,1,1,0
3,4,2167,00:00:00.0890000,1,1,2,4666,4666,11338,16004,19972,35976,1,1,0,0,1,1,0
3,5,2701,00:00:00.1050000,3,3,6,7667,7667,24351,32018,39807,71825,1.0052171644711099,1.010499125988577,0,1,3,2,1
3,6,3273,00:00:00.1220000,4,5,8,14576,14585,49474,64059,73461,137520,1.3650521405049396,2.0221532970569074,0.1837240606546402,1,4,3,1
3,7,3653,00:00:00.1440000,6,9,16,30998,31023,97099,128122,109138,237260,1.8705077746951415,1.9348856499063976,0.3606996238231659,2,6,4,1.25
3,8,4022,00:00:00.1580000,10,21,36,57276,57393,198657,256050,165352,421402,2.134087575948041,2.157756750520523,0.3420795798301697,2,10,8,1.125
3,9,4338,00:00:00.1810000,15,46,73,122175,122578,389519,512097,241116,753213,2.682111724984653,2.7162631114249463,0.2365822196006775,3,15,11,1.2727273
3,10,4616,00:00:00.2000000,22,74,125,249167,250680,775573,1026253,347555,1373808,3.137598478129126,2.727005975507473,0.19850517809391022,3,23,18,1.2222222
3,11,4856,00:00:00.2250000,26,142,240,527147,533447,1516642,2050089,493762,2543851,3.695519466107177,4.151049365126829,0.20486681163311005,4,27,19,1.3684211
3,12,5054,00:00:00.2640000,29,294,459,1183079,1202782,2894124,4096906,684341,4781247,4.448811110669702,5.918029665562507,0.3654564321041107,4,29,20,1.4
3,13,5185,00:00:00.3170000,32,596,860,2960772,3020422,5215866,8236288,884566,9120854,5.428743922193266,5.5756393429528694,0.23841148614883423,5,33,20,1.6
3,14,5278,00:00:00.3850000,29,1233,1687,6977972,7162409,9287450,16449859,1110583,17560442,6.356825593453227,5.639546767384446,0.2599807679653168,5,30,18,1.6111112
3,15,5341,00:00:00.5120000,31,2532,3276,16351432,16771378,16033162,32804540,1354683,34159223,7.239637665985462,2.8946960508060187,0.19023172557353973,6,32,20,1.55
3,16,5397,00:00:00.6610000,33,5301,6621,34931870,35950762,29737700,65688462,1702353,67390815,7.753140613428368,1.9905557636543603,0.12536931037902832,5,34,24,1.375
3,17,5450,00:00:00.9780000,40,10959,13412,73096202,75991498,56905331,132896829,2223363,135120192,8.351059785568612,2.623528050359137,0.11577774584293365,6,41,27,1.4814814
3,18,5476,00:00:01.2290000,40,23375,26943,176037471,183987556,84718417,268705973,2614056,271320029,10.162486712843085,6.1134810101828085,0.13752982020378113,7,41,24,1.6666666
3,19,5487,00:00:01.4870000,40,50289,54841,414324891,434652774,114600913,549253687,2884871,552138558,11.599181804889438,4.827789225707315,0.13818112015724182,8,41,30,1.3333334
3,20,5495,00:00:01.9360000,46,101178,107154,866809496,911311192,163192296,1074503488,3198953,1077702441,12.408048341223987,4.167609803909045,0.10789535939693451,8,47,35,1.3142858
39,0,1482,00:00:00.0600000,2,2,2,597,597,405,1002,1336,2338,1.033500837520938,1.069240928038052,0,1,2,1,1
39,1,1684,00:00:00.0750000,2,2,2,1046,1046,956,2002,2452,4454,1.1692160611854685,1.391137758307849,0,1,2,1,1
39,2,1871,00:00:00.0790000,2,2,2,1982,1982,2020,4002,4043,8045,1.4788092835519677,1.996414073861259,0,1,2,1,1
39,3,2032,00:00:00.1020000,2,2,2,3762,3762,4258,8020,6262,14282,1.7751196172248804,1.535198450876173,0,1,2,1,1
39,4,2204,00:00:00.1060000,3,4,4,6846,6848,9181,16029,10195,26224,1.9123575810692375,1.2004829627552944,0,2,3,1,2
39,5,2400,00:00:00.1100000,3,4,5,12082,12090,19994,32084,17374,49458,2.004552226452574,1.1359911316167792,0,2,3,1,2
39,6,2617,00:00:00.1150000,4,6,7,21421,21430,42578,64008,30281,94289,2.188926754119789,1.4926171813484646,0.03648706153035164,2,4,2,1.5
39,7,2823,00:00:00.1320000,6,13,15,42248,42318,85742,128060,49754,177814,2.6124786972164364,2.139631515118817,0.08809509873390198,3,6,3,1.6666666
39,8,3002,00:00:00.1400000,9,22,34,87997,88172,168316,256488,76527,333015,3.1179244746980013,2.407164100274081,0.09981247037649155,3,9,6,1.3333334
39,9,3154,00:00:00.1480000,10,40,60,184593,185128,327650,512778,113066,625844,3.662928713439838,2.850522773208482,0.14974702894687653,3,10,7,1.2857143
39,10,3286,00:00:00.1580000,12,73,113,390392,391766,636882,1028648,163710,1192358,4.213490542838993,2.9337224068095913,0.22803594172000885,3,12,7,1.5714285
39,11,3408,00:00:00.1760000,15,164,240,792816,796549,1259002,2055551,238685,2294236,4.632827793586406,2.0864572287527414,0.20538200438022614,4,15,9,1.5555556
39,12,3533,00:00:00.2090000,17,309,455,1536353,1554854,2555138,4109992,360890,4470882,4.942303624232191,1.7477009813300466,0.2773584723472595,4,17,11,1.4545455
39,13,3655,00:00:00.2710000,21,605,871,3110825,3169070,5073604,8242674,549469,8792143,5.448680333995001,2.8985858945763323,0.21538123488426208,3,21,16,1.25
39,14,3751,00:00:00.3590000,24,1228,1686,6913421,7080394,9403312,16483706,784586,17268292,6.218910869163038,5.547914145417529,0.2105785310268402,4,25,18,1.3333334
39,15,3827,00:00:00.4880000,26,2590,3385,15373853,15782811,17147821,32930632,1079492,34010124,6.993120592476069,6.027195124856573,0.1864096075296402,6,27,19,1.3684211
39,16,3872,00:00:00.6390000,27,5435,6690,38293733,39282072,27692290,66974362,1352801,68327163,8.377752620774789,5.3359580263672,0.12522198259830475,7,28,19,1.4210526
39,17,3900,00:00:00.8740000,28,11587,13471,87379812,90244197,44255736,134499933,1630263,136130196,9.259011463654785,2.576144418838233,0.09940674901008606,7,28,19,1.4210526
39,18,3924,00:00:01.2210000,35,23430,26535,180908041,188267231,75166649,263433880,2005836,265439716,9.875243710145531,2.3153795630525478,0.07154323905706406,8,35,24,1.4166666
39,19,3941,00:00:01.7800000,35,50443,55118,407809546,428777628,120785623,549563251,2419801,551983052,11.137549921403753,3.714438662900909,0.09362276643514633,9,35,24,1.4166666
39,20,3950,00:00:02.4550000,35,102562,108883,859870671,909880537,174495429,1084375966,2772322,1087148288,12.252133258304841,4.284735162946146,0.0773499459028244,10,36,22,1.5909091
40,0,1392,00:00:00.0290000,1,1,1,597,597,406,1003,1210,2213,1,1,0,0,1,1,0
40,1,1616,00:00:00.0420000,1,1,1,994,994,1010,2004,2402,4406,1,1,0,0,1,1,0
40,2,1899,00:00:00.0450000,1,1,1,1688,1688,2317,4005,4920,8925,1,1,0,0,1,1,0
40,3,2253,00:00:00.0690000,2,2,2,2847,2847,5168,8015,9971,17986,1.0014049877063576,1.0028139494480346,0,1,2,1,1
40,4,2668,00:00:00.0760000,2,3,4,4874,4875,11135,16010,19492,35502,1.0904800984817398,1.1970125687348887,0,1,2,1,1
40,5,3011,00:00:00.0810000,2,4,7,9919,9923,22117,32040,31938,63978,1.5914910777296098,1.9352044464166822,0,1,2,1,1
40,6,3296,00:00:00.0870000,4,9,12,18928,18938,45210,64148,48795,112943,1.8989327979712596,1.26442364250077,0.006381507962942123,2,4,2,1.5
40,7,3591,00:00:00.1050000,7,15,22,34557,34590,93637,128227,76701,204928,2.1021790085944962,1.3425320958593727,0.06772365421056747,2,7,5,1.2
40,8,3864,00:00:00.1140000,9,27,39,69354,69661,186804,256465,117986,374451,2.5722525016581597,2.987579700448387,0.2971387803554535,3,9,6,1.3333334
40,9,4099,00:00:00.1270000,11,45,73,143183,143991,368757,512748,174465,687213,3.0508021203634508,3.7567665764851914,0.40144237875938416,2,11,8,1.25
40,10,4305,00:00:00.1490000,13,74,123,299078,301454,725765,1027219,253449,1280668,3.557219186967948,4.295412667829863,0.5129027366638184,3,13,8,1.5
40,11,4502,00:00:00.1750000,18,137,227,590061,595264,1459099,2054363,374235,2428598,3.89902060973357,3.228034821501422,0.5309319496154785,3,18,12,1.4166666
40,12,4700,00:00:00.2240000,19,293,469,1149109,1166653,2933276,4099929,567090,4667019,4.270962110643986,4.329705339869781,0.7207844257354736,3,20,14,1.3571428
40,13,4889,00:00:00.3160000,31,587,906,2323132,2369871,5834861,8204732,859412,9064144,4.7038282800977305,5.598448942086719,0.7020949125289917,4,32,23,1.3478261
40,14,5061,00:00:00.5000000,42,1176,1796,4917177,5067613,11336601,16404214,1279291,17683505,5.335497990005241,7.902991388675596,0.5624818801879883,4,43,30,1.4
40,15,5179,00:00:00.7260000,44,2393,3440,12031337,12483752,20306931,32790683,1733635,34524318,6.329865999098853,4.585806790604825,0.482923299074173,4,45,30,1.4666667
40,16,5271,00:00:01.0440000,52,4926,6762,27142129,28314669,37311321,65625990,2300699,67926689,7.029786241160375,3.7481778090326627,0.32090482115745544,6,53,33,1.5757576
40,17,5319,00:00:01.3340000,43,10945,13603,74130174,77677815,56846496,134524311,2749316,137273627,9.091989788125952,4.313995104972587,0.15875910222530365,7,44,28,1.5357143
40,18,5337,00:00:01.6080000,38,24303,27721,186023717,195196189,78745884,273942073,3031773,276973846,10.417602933931269,2.5452579016699666,0.13157424330711365,6,39,26,1.4615384
40,19,5352,00:00:02.1770000,42,49683,54603,399260677,420519834,121459572,541979406,3409695,545389101,11.036321450709758,2.7133385800591823,0.08140895515680313,7,43,31,1.3548387
40,20,5367,00:00:03.2940000,51,101182,109215,823445541,876074059,211725501,1087799560,4008256,1091807816,11.498450388718542,3.664551114898327,0.09858477860689163,6,52,37,1.3783784
41,0,1094,00:00:00.0230000,1,1,1,591,591,412,1003,1443,2446,1,1,0,0,1,1,0
41,1,1323,00:00:00.0450000,1,1,1,1018,1018,985,2003,2635,4638,1,1,0,0,1,1,0
41,2,1617,00:00:00.0480000,1,1,1,1685,1685,2316,4001,5203,9204,1,1,0,0,1,1,0
41,3,1964,00:00:00.0720000,2,2,2,2880,2880,5138,8018,10032,18050,1.0048611111111112,1.0097694915194566,0,1,2,1,1
41,4,2359,00:00:00.0780000,2,2,3,4931,4931,11077,16008,19210,35218,1.1541269519367268,1.3527107362972641,0,1,2,1,1
41,5,2665,00:00:00.0830000,2,4,7,10171,10177,21870,32047,30365,62412,1.6713204208042474,1.7898648390622949,0,1,2,1,1
41,6,2934,00:00:00.0960000,3,10,15,19320,19352,44803,64155,46354,110509,1.9150103519668737,1.193594668759892,0,2,3,1,2
41,7,3239,00:00:00.1040000,6,12,22,33351,33405,94732,128137,75525,203662,2.0182003538124795,1.114308758941449,0.014509905129671097,2,6,4,1.25
41,8,3555,00:00:00.1240000,10,20,34,63811,64009,192003,256012,122938,378950,2.384635877826707,2.2935828265952325,0.2226632684469223,3,10,7,1.2857143
41,9,3797,00:00:00.1360000,11,37,62,145458,146044,367647,513691,180703,694394,3.1251289031885494,4.565000926968017,0.2897217869758606,2,11,9,1.1111112
41,10,3983,00:00:00.1500000,14,73,112,314724,316580,708778,1025358,252338,1277696,3.6794874239015773,2.0562362575355873,0.2105560600757599,3,14,9,1.4444444
41,11,4167,00:00:00.1740000,18,148,230,616151,621545,1431798,2053343,365554,2418897,4.001238332811275,1.6298250589073688,0.15603679418563843,3,18,13,1.3076923
41,12,4347,00:00:00.2170000,21,282,433,1232105,1247967,2851379,4099346,540572,4639918,4.451898985881885,2.9282878130694474,0.14256346225738525,4,22,17,1.2352941
41,13,4491,00:00:00.2840000,27,601,868,2866701,2905420,5319074,8224494,760347,8984841,5.355362488100433,5.586598782079832,0.12331751734018326,6,28,20,1.35
41,14,4566,00:00:00.3530000,25,1331,1729,7658329,7797096,8640665,16437761,940435,17378196,6.763470725794099,4.3745095701090895,0.13612100481987,6,26,18,1.3888888
41,15,4617,00:00:00.4700000,26,2820,3448,18041692,18509762,14727239,33237001,1139658,34376659,7.562287284363351,2.4297907090421558,0.09773320704698563,6,27,21,1.2380953
41,16,4664,00:00:00.6350000,31,5613,6785,37679125,38926196,27305664,66231860,1433598,67665458,8.021918396459577,2.489717838747443,0.18056638538837433,6,31,23,1.3043479
41,17,4711,00:00:00.9810000,41,11225,13449,75992696,79209266,53281552,132490818,1899365,134390183,8.426837087080052,3.7800148824408533,0.24264009296894073,7,41,29,1.3793104
41,18,4754,00:00:01.5300000,55,22494,26698,154903700,162770317,101402148,264172465,2570889,266743354,8.994946802432738,7.679399902314592,0.22885850071907043,7,55,37,1.4594594
41,19,4786,00:00:02.3830000,61,46484,53614,335645211,356403446,175727584,532131030,3353841,535484871,9.98445962632847,10.907053451213782,0.19398556649684906,7,61,42,1.4285715
41,20,4803,00:00:03.5750000,66,97786,108037,759899994,812640809,263264279,1075905088,4011331,1079916419,11.354021705650915,5.611535105286494,0.12000655382871628,7,67,47,1.4042553
42,0,918,00:00:00.0310000,1,1,1,613,613,390,1003,1053,2056,1,1,0,0,1,1,0
42,1,1147,00:00:00.0500000,2,2,2,1029,1029,973,2002,2270,4272,1.0262390670553936,1.053853049303413,0,1,2,1,1
42,2,1392,00:00:00.0590000,2,2,2,1821,1821,2180,4001,4423,8424,1.1795716639209226,1.4177386991545677,0,1,2,1,1
42,3,1604,00:00:00.0610000,2,2,2,3467,3467,4537,8004,7402,15406,1.5598500144216902,1.9717484719557086,0,1,2,1,1
42,4,1794,00:00:00.0790000,2,6,6,6610,6618,9390,16008,11685,27693,1.8181543116490166,1.4236002720934156,0,1,2,1,1
42,5,2002,00:00:00.0930000,4,6,6,11663,11670,20344,32014,19420,51434,1.944868387207408,1.1425577323417815,0,2,4,2,1.5
42,6,2241,00:00:00.1080000,7,9,12,20222,20241,43892,64133,33693,97826,2.031797052714865,1.1427304509230694,0.031219011172652245,2,7,5,1.2
42,7,2495,00:00:00.1250000,8,17,23,37745,37808,90406,128214,57758,185972,2.336971784342297,2.069656247441602,0.21535281836986542,3,8,5,1.4
42,8,2711,00:00:00.1440000,10,34,47,79193,79408,176628,256036,90141,346177,2.886239945449724,4.0879465299429585,0.4025997817516327,2,10,7,1.2857143
42,9,2888,00:00:00.1530000,10,57,82,169707,170496,343444,513940,132729,646669,3.4598808534709824,3.189992955928159,0.36130550503730774,2,10,7,1.2857143
42,10,3052,00:00:00.1650000,16,89,141,336967,338790,685775,1024565,196033,1220598,3.8099190721940133,1.860357346253638,0.23997856676578522,3,16,12,1.25
42,11,3226,00:00:00.1850000,24,158,242,641278,646333,1409143,2055476,303064,2358540,4.080618702029385,1.886228657732334,0.15722991526126862,3,24,20,1.15
42,12,3398,00:00:00.2260000,25,264,435,1261577,1285976,2822633,4108609,470597,4579206,4.50188375342924,3.847244060008229,0.17025424540042877,4,26,20,1.25
42,13,3551,00:00:00.2890000,34,562,859,2676452,2730090,5473950,8204040,706758,8910798,5.086105411193625,6.904983691768456,0.16200454533100128,5,35,25,1.36
42,14,3680,00:00:00.4110000,30,1127,1685,5818307,5998628,10430599,16429227,1022598,17451825,5.741726760035179,4.834947413143897,0.20209267735481262,5,31,22,1.3636364
42,15,3787,00:00:00.5930000,36,2418,3401,12747063,13218461,19637922,32856383,1438458,34294841,6.406994693601185,6.102648111316057,0.297913521528244,4,36,26,1.3461539
42,16,3873,00:00:00.8450000,47,5094,6842,28738735,29749425,36082116,65831541,1966904,67798445,7.215180730815048,10.499549118999168,0.33840614557266235,6,47,31,1.483871
42,17,3915,00:00:01.0780000,37,11270,13824,75901908,79203540,54592805,133796345,2364529,136160874,9.063809107407419,8.141112301355767,0.25741252303123474,7,38,21,1.7619047
42,18,3933,00:00:01.2660000,37,23422,26776,178758244,186796552,76007261,262803813,2642076,265445889,10.323093730994582,4.358693280512934,0.18334507942199707,8,38,23,1.6086956
42,19,3948,00:00:01.6570000,39,48782,53583,395269400,415202861,117286085,532488946,3011193,535500139,11.090672999225339,4.00407521140541,0.10626226663589478,8,40,26,1.5
42,20,3961,00:00:02.4440000,42,98665,106042,814022660,864991736,193757554,1058749290,3519304,1062268594,11.687027244425849,4.752474070652386,0.09860482066869736,9,43,27,1.5555556
43,0,1212,00:00:00.0350000,1,1,1,575,575,430,1005,1329,2334,1,1,0,0,1,1,0
43,1,1461,00:00:00.0460000,2,2,2,1001,1001,1009,2010,2703,4713,1.034965034965035,1.0723687734926073,0,1,2,1,1
43,2,1682,00:00:00.0600000,2,2,2,1840,1840,2176,4016,4679,8695,1.2565217391304349,1.6166494457514256,0,1,2,1,1
43,3,1880,00:00:00.0900000,2,3,3,3548,3549,4475,8024,7445,15469,1.6020293122886133,1.9200492795626325,0,1,2,1,1
43,4,2068,00:00:00.0950000,2,2,3,6627,6627,9394,16021,11678,27699,1.8566470499471857,1.325566785139489,0,1,2,1,1
43,5,2273,00:00:00.0970000,2,7,8,11728,11742,20268,32010,19277,51287,1.9571964529331514,1.0892567078198863,0,1,2,1,1
43,6,2516,00:00:00.1010000,6,7,13,20144,20145,43981,64126,33690,97816,2.0031771247021446,1.0532786146068147,0.013193648308515549,2,6,4,1.25
43,7,2796,00:00:00.1150000,7,13,26,35218,35228,92893,128121,60381,188502,2.1473110341302744,1.3774810862354305,0.12842346727848053,2,7,5,1.2
43,8,3060,00:00:00.1230000,9,22,43,70425,70634,185373,256007,100010,356017,2.5859708910188144,3.823369694790247,0.45299991965293884,2,9,7,1.1428572
43,9,3305,00:00:00.1320000,12,41,74,138633,139165,374014,513179,159085,672264,2.940158548109036,5.345928797427545,0.6468968987464905,2,12,9,1.2222222
43,10,3539,00:00:00.1470000,14,77,128,275779,277956,747489,1025445,249044,1274489,3.379539413805982,6.744723615792526,0.6102831363677979,3,14,10,1.3
43,11,3742,00:00:00.1670000,20,148,237,589991,596142,1456944,2053086,372698,2425784,3.955646781052592,5.460233684036929,0.4558766782283783,4,20,13,1.4615384
43,12,3906,00:00:00.2000000,23,303,460,1325468,1343107,2764914,4108021,531156,4639177,4.702433404654054,4.698632966976323,0.2562441825866699,5,24,17,1.3529412
43,13,4007,00:00:00.2390000,21,619,873,3391905,3444365,4751540,8195905,684261,8880166,5.895281854886855,3.8014975150399053,0.1159089207649231,6,22,14,1.5
43,14,4080,00:00:00.2980000,20,1272,1678,7793463,7966271,8516191,16482462,863664,17346126,6.58941872181853,1.9172649495618233,0.05287037417292595,5,21,15,1.3333334
43,15,4149,00:00:00.4000000,26,2608,3356,16435723,16832185,16288454,33120639,1133434,34254073,7.1274588893959825,1.9290319845675639,0.033834464848041534,7,27,19,1.3684211
43,16,4188,00:00:00.5110000,23,5515,6666,40034337,41222741,25855232,67077973,1369760,68447733,8.609202470369373,3.043804869804587,0.03742097690701485,9,24,14,1.6428572
43,17,4209,00:00:00.6220000,20,11637,13247,91314199,94613322,38603369,133216691,1575063,134791754,9.745680975638848,3.1323893404043734,0.072247713804245,8,20,11,1.7272727
43,18,4224,00:00:00.8000000,24,24134,26466,198507659,206276759,58998907,265275666,1807176,267082842,10.66183674555348,3.9211774265173855,0.067598856985569,8,24,14,1.6428572
43,19,4236,00:00:01.1060000,30,49400,52877,416865992,434245314,94031725,528277039,2101179,530378218,11.41699373020575,4.266052482540309,0.07607869803905487,8,30,18,1.6111112
43,20,4247,00:00:01.7190000,34,102747,108486,879022497,924255377,162167283,1086422660,2532685,1088955345,12.049943813895357,5.0071310957132855,0.12345246225595474,8,34,21,1.5714285
44,0,966,00:00:00.0360000,1,1,1,614,614,390,1004,1146,2150,1,1,0,0,1,1,0
44,1,1198,00:00:00.0460000,1,1,1,1014,1014,993,2007,2403,4410,1,1,0,0,1,1,0
44,2,1483,00:00:00.0490000,1,2,2,1651,1652,2349,4001,4982,8983,1,1,0,0,1,1,0
44,3,1826,00:00:00.0690000,1,1,2,2824,2824,5186,8010,9989,17999,1,1,0,0,1,1,0
44,4,2265,00:00:00.0740000,1,1,2,4668,4668,11342,16010,20179,36189,1,1,0,0,1,1,0
44,5,2803,00:00:00.0790000,1,2,3,7691,7692,24325,32017,40206,72223,1,1,0,0,1,1,0
44,6,3462,00:00:00.0900000,7,10,18,13037,13051,51015,64066,79423,143489,1.0991025542686201,1.2274132465438083,0.07637239247560501,1,7,6,1
44,7,3943,00:00:00.1120000,14,23,35,29392,29438,98688,128126,124096,252222,1.821345944474687,4.752819676742253,0.5089261531829834,2,14,10,1.3
44,8,4249,00:00:00.1230000,16,32,56,66775,66860,189763,256623,169692,426315,2.4975215275177836,4.534622342471164,0.5954527258872986,3,16,10,1.5
44,9,4496,00:00:00.1350000,17,57,97,138038,138807,373558,512365,229300,741665,2.972022196786392,2.773649882180006,0.4863186180591583,3,17,8,2
44,10,4709,00:00:00.1530000,21,99,167,297091,299451,726560,1026011,310519,1336530,3.589361508763308,3.631034493478884,0.31414464116096497,4,22,11,1.9090909
44,11,4868,00:00:00.1760000,20,201,303,684467,693083,1361827,2054910,406834,2461744,4.354398385897348,4.179097706712346,0.17152705788612366,4,21,13,1.5384616
44,12,5000,00:00:00.2080000,25,333,511,1481683,1500526,2601679,4102205,534782,4636987,4.936928479303603,4.059368176910573,0.16470009088516235,5,26,16,1.5625
44,13,5103,00:00:00.2530000,20,656,939,3381163,3454379,4770953,8225332,691935,8917267,5.806291799596766,4.863847006018392,0.20661956071853638,5,21,12,1.6666666
44,14,5181,00:00:00.3170000,23,1277,1762,7563941,7729844,8695798,16425642,883026,17308668,6.477222125344447,2.4163578546486564,0.15370213985443115,6,24,15,1.5333333
44,15,5257,00:00:00.4400000,29,2606,3458,15426881,15892062,17027756,32919818,1181246,34101064,6.85975979201499,1.8387160400725135,0.14457884430885315,4,29,21,1.3333334
44,16,5335,00:00:00.6700000,42,5209,6850,30238628,31405546,34252542,65658088,1666661,67324749,7.200370863387056,2.2996100744720804,0.10632593929767609,5,42,32,1.28125
44,17,5410,00:00:01.1000000,53,10290,13369,60987592,64259756,67301213,131560969,2403203,133964172,7.719470216171184,4.708963551946975,0.14759208261966705,6,54,38,1.3947369
44,18,5467,00:00:01.6780000,65,21492,26734,134896120,143259450,120333148,263592598,3282510,266875108,8.624608276353687,12.536766128739082,0.26473164558410645,6,65,45,1.4222223
44,19,5505,00:00:02.4860000,62,45455,54000,307320333,332726399,201613393,534339792,4216407,538556199,9.668096871416575,13.43320573937667,0.2740647792816162,6,63,41,1.5121951
44,20,5531,00:00:03.9620000,70,93630,107102,669826243,735005625,328391441,1063397066,5236056,1068633122,10.573885983144438,10.75996445202687,0.2726426422595978,8,71,44,1.5909091
45,0,1195,00:00:00.0260000,1,1,1,556,556,446,1002,1527,2529,1,1,0,0,1,1,0
45,1,1413,00:00:00.0370000,1,1,1,1004,1004,997,2001,2678,4679,1,1,0,0,1,1,0
45,2,1686,00:00:00.0410000,1,1,1,1744,1744,2262,4006,5023,9029,1,1,0,0,1,1,0
45,3,2053,00:00:00.0630000,1,2,2,2783,2784,5222,8006,10301,18307,1,1,0,0,1,1,0
45,4,2473,00:00:00.0690000,2,2,3,4711,4711,11302,16013,20012,36025,1.0324771810655913,1.067059189914126,0,1,2,1,1
45,5,2868,00:00:00.0770000,5,8,10,9331,9343,22673,32016,34296,66312,1.4565427071053478,2.0437462185505773,0.06055103614926338,1,5,4,1
45,6,3168,00:00:00.0920000,6,11,17,18496,18515,45606,64121,51949,116070,1.8478049307958477,1.4268304973462274,0.08801691979169846,1,6,5,1
45,7,3479,00:00:00.1000000,9,16,27,32985,33044,94986,128030,81333,209363,1.9832044868879795,1.1670591040764542,0.09017195552587509,2,9,7,1.1428572
45,8,3813,00:00:00.1110000,14,24,43,61702,61848,194637,256485,131692,388177,2.2823571359113157,1.961315949157578,0.09404976665973663,2,14,12,1.0833334
45,9,4094,00:00:00.1240000,20,44,77,129993,130649,382103,512752,199023,711775,2.844106990376405,4.142314659579695,0.2141149789094925,3,21,16,1.25
45,10,4324,00:00:00.1410000,17,89,142,280918,283587,741607,1025194,286864,1312058,3.4343545091450176,6.013888932608946,0.5370351672172546,2,17,12,1.3333334
45,11,4530,00:00:00.1660000,29,161,250,574212,579286,1473641,2052927,413127,2466054,3.84862907776222,4.879752323745194,0.4976285398006439,3,29,21,1.3333334
45,12,4728,00:00:00.2080000,35,292,460,1160235,1180275,2922288,4102563,605198,4707761,4.330413235249756,7.039549929007304,0.5134375095367432,5,35,22,1.5454545
45,13,4868,00:00:00.2680000,31,608,908,2902809,2959593,5250490,8210083,817213,9027296,5.4518433696464355,9.031095056630223,0.3802325427532196,5,32,21,1.4761904
45,14,4956,00:00:00.3370000,31,1283,1780,7100169,7260297,9209688,16469985,1032018,17502003,6.342074111193691,3.0365280350247024,0.2312379777431488,5,32,21,1.4761904
45,15,5035,00:00:00.4740000,30,2585,3476,15072925,15509586,17507606,33017192,1342002,34359194,6.823027514566681,2.0811825267425044,0.16022911667823792,5,31,21,1.4285715
45,16,5113,00:00:00.7190000,38,5157,6853,30039126,31357357,34463611,65820968,1827373,67648341,7.218191701050157,2.562914289708423,0.13091540336608887,7,39,26,1.4615384
45,17,5161,00:00:00.9780000,42,10962,13584,73528496,77004113,55584219,132588332,2280669,134869001,8.881761528210777,7.041689478983757,0.14455309510231018,7,43,30,1.4
45,18,5181,00:00:01.1830000,44,23407,26960,177420632,185933115,79045415,264978530,2589172,267567702,10.18687618585419,7.952071868132288,0.17040252685546875,8,45,30,1.4666667
45,19,5197,00:00:01.5670000,55,49085,54178,395838440,414712395,122801546,537513941,2984639,540498580,11.001162742052035,9.561389547703406,0.2259429544210434,9,56,35,1.5714285
45,20,5209,00:00:02.2450000,55,100875,108325,831880957,884139898,192753101,1076892999,3452442,1080345441,11.916587495583217,14.035145963323615,0.3366088271141052,7,55,35,1.5428572
46,0,1453,00:00:00.0510000,1,1,1,587,587,417,1004,1324,2328,1,1,0,0,1,1,0
46,1,1670,00:00:00.0730000,1,1,1,1063,1063,946,2009,2435,4444,1,1,0,0,1,1,0
46,2,1951,00:00:00.0800000,1,1,1,1722,1722,2289,4011,4854,8865,1,1,0,0,1,1,0
46,3,2299,00:00:00.1200000,1,1,3,2844,2844,5174,8018,9787,17805,1,1,0,0,1,1,0
46,4,2731,00:00:00.1260000,1,1,5,4816,4816,11215,16031,19751,35782,1,1,0,0,1,1,0
46,5,3282,00:00:00.1340000,1,1,6,7649,7649,24378,32027,40404,72431,1,1,0,0,1,1,0
46,6,3947,00:00:00.1450000,5,7,17,12976,12978,51113,64091,80236,144327,1.0534833538840938,1.1147766187719181,0.040224380791187286,1,5,4,1
46,7,4463,00:00:00.1690000,6,11,26,28504,28516,99545,128061,128187,256248,1.7203901206848162,3.4257094817921594,0.5341110229492188,2,6,4,1.25
46,8,4859,00:00:00.1840000,9,25,51,55054,55291,200754,256045,188075,444120,2.035964689214226,3.0162636871508313,0.6417064666748047,2,9,6,1.3333334
46,9,5210,00:00:00.2210000,16,41,81,116438,116866,396142,513008,271902,784910,2.5879437984163247,4.260242206370445,0.4840325713157654,3,16,12,1.25
46,10,5511,00:00:00.2570000,22,71,125,233646,235474,790826,1026300,387747,1414047,2.9919921590782637,2.995756068964435,0.43568265438079834,4,23,16,1.375
46,11,5733,00:00:00.2860000,26,145,238,598571,603471,1451550,2055021,520242,2575263,4.119496266942434,3.595773798318344,0.2634601294994354,5,27,18,1.4444444
46,12,5873,00:00:00.3260000,21,315,477,1413002,1429163,2668234,4097397,656267,4753664,4.823606052928446,1.7577882532848215,0.10203125327825546,5,22,14,1.5
46,13,6006,00:00:00.3920000,24,628,906,2899852,2945975,5246088,8192063,861925,9053988,5.246188081322771,2.287343419410095,0.08934828639030457,5,25,16,1.5
46,14,6128,00:00:00.5300000,27,1206,1750,6055710,6226786,10202101,16428887,1160483,17589370,5.81812041858015,5.326293768631401,0.1518024206161499,5,28,19,1.4210526
46,15,6230,00:00:00.7150000,40,2419,3394,13043992,13510821,19277191,32788012,1557250,34345262,6.450524502008281,8.679148642423975,0.29442477226257324,5,41,28,1.4285715
46,16,6318,00:00:01.0330000,56,4942,6650,28133316,29226792,36361713,65588505,2099834,67688339,7.087413051486714,10.680606683334636,0.3131372332572937,5,57,39,1.4358975
46,17,6388,00:00:01.4750000,67,10321,13299,62883608,65872510,66280331,132152841,2782903,134935744,7.917146627464506,15.91592900974606,0.45928439497947693,7,67,43,1.5348837
46,18,6421,00:00:01.9680000,69,22147,26425,157519972,165776319,97386865,263163184,3274711,266437895,9.79441534562995,9.33644772526368,0.27318185567855835,8,69,42,1.6190476
46,19,6435,00:00:02.4820000,58,48223,53786,378997970,402503454,132523309,535026763,3615611,538642374,11.221488967341962,4.3070783775915515,0.15657629072666168,9,58,33,1.7272727
46,20,6446,00:00:03.3200000,57,103788,111431,855820494,914694346,197682160,1112376506,4050623,1116427129,12.11265767608505,4.9132953728388955,0.1714213639497757,9,58,36,1.5833334
47,0,1237,00:00:00.0760000,1,1,1,581,581,423,1004,1474,2478,1,1,0,0,1,1,0
47,1,1466,00:00:00.0970000,1,1,2,1023,1023,982,2005,2691,4696,1,1,0,0,1,1,0
47,2,1734,00:00:00.1040000,1,2,3,1719,1720,2281,4001,5003,9004,1,1,0,0,1,1,0
47,3,2078,00:00:00.1460000,2,2,3,2890,2890,5115,8005,9882,17887,1.0166089965397924,1.0337694307146805,0,1,2,1,1
47,4,2449,00:00:00.1640000,2,3,4,5033,5034,10969,16003,18451,34454,1.2447844228094576,1.5866216136980575,0,1,2,1,1
47,5,2734,00:00:00.1910000,2,3,6,10425,10428,21635,32063,29043,61106,1.7278657074340527,1.6560526093147778,0,1,2,1,1
47,6,2997,00:00:00.2000000,2,5,10,19274,19280,44801,64081,44644,108725,1.925547369513334,1.1598491147359917,0,1,2,1,1
47,7,3301,00:00:00.2120000,3,9,17,33376,33429,94677,128106,73590,201696,1.9869067593480345,1.0337413769787573,0,2,3,1,2
47,8,3663,00:00:00.2310000,8,18,29,57061,57123,199315,256438,128678,385116,2.0888522808923784,1.2156797349621487,0.06675160676240921,2,8,6,1.1666666
47,9,4005,00:00:00.2850000,10,32,65,117621,117911,394583,512494,210423,722917,2.6180869062497343,3.5964086833863425,0.3959228992462158,2,10,7,1.2857143
47,10,4260,00:00:00.3360000,14,82,139,276302,277652,748334,1025986,307013,1332999,3.481664989757584,6.147671600107391,0.3698060214519501,4,14,9,1.4444444
47,11,4383,00:00:00.3690000,15,166,250,798645,804339,1246464,2050803,380011,2430814,4.93380913922957,3.779648465873258,0.12940126657485962,5,15,9,1.5555556
47,12,4467,00:00:00.4120000,15,324,458,1872656,1891720,2239384,4131104,461773,4592877,5.607520014353945,1.994894620917993,0.07728992402553558,5,15,9,1.5555556
47,13,4550,00:00:00.5090000,19,655,900,3794693,3843217,4406662,8249879,591275,8841154,5.962538998543492,1.7781140558370498,0.0628318265080452,6,20,13,1.4615384
47,14,4636,00:00:00.6490000,24,1340,1774,7392681,7532985,8898168,16431153,804041,17235194,6.286593591688861,2.3913060823366448,0.05371382087469101,5,25,18,1.3333334
47,15,4720,00:00:00.7910000,31,2545,3418,14820816,15202521,17634597,32837118,1131997,33969115,6.737614109776412,4.275177744163068,0.1265726536512375,4,31,25,1.2
47,16,4794,00:00:01.0360000,40,5081,6640,30920960,32041693,33510083,65551776,1588201,67139977,7.372319617502173,6.969681866963526,0.16976702213287354,5,40,31,1.2580645
47,17,4842,00:00:01.3810000,45,10853,13301,72673551,75938757,55908765,131847522,2049209,133896731,8.61190624908366,6.5702340818134015,0.20409995317459106,7,45,33,1.3333334
47,18,4868,00:00:01.7640000,46,23409,26943,174831404,183436853,85577394,269014247,2450007,271464254,9.930791072294998,5.761688975565812,0.1495923548936844,7,46,34,1.3235294
47,19,4884,00:00:02.3450000,42,48144,53233,378267761,401110731,127943352,529054083,2843779,531897862,10.9137819122788,6.83209516408161,0.12088647484779358,7,42,32,1.28125
47,20,4898,00:00:03.4150000,54,103325,111272,845713522,897825001,210751681,1108576682,3398339,1111975021,11.688487581022738,6.694399063895006,0.12762418389320374,8,54,43,1.2325581
48,0,1285,00:00:00.0280000,1,1,1,578,578,423,1001,1201,2202,1,1,0,0,1,1,0
48,1,1515,00:00:00.0400000,1,1,1,1014,1014,999,2013,2456,4469,1,1,0,0,1,1,0
48,2,1804,00:00:00.0440000,1,1,1,1720,1720,2284,4004,4946,8950,1,1,0,0,1,1,0
48,3,2164,00:00:00.0680000,1,1,1,2820,2820,5184,8004,10053,18057,1,1,0,0,1,1,0
48,4,2602,00:00:00.0730000,1,1,1,4700,4700,11325,16025,20093,36118,1,1,0,0,1,1,0
48,5,3139,00:00:00.0800000,1,2,5,7794,7795,24222,32017,40062,72079,1,1,0,0,1,1,0
48,6,3807,00:00:00.0910000,4,7,15,12662,12679,51343,64022,80253,144275,1.0219554572737324,1.0451047178234822,0.015326740220189095,1,4,3,1
48,7,4383,00:00:00.1160000,6,11,24,27260,27290,100818,128108,133829,261937,1.652127659574468,3.1110466638888545,0.4039355516433716,1,6,5,1
48,8,4792,00:00:00.1310000,9,20,44,54169,54274,201983,256257,195714,451971,2.0074027580350386,2.692735132591543,0.5537716150283813,2,9,7,1.1428572
48,9,5153,00:00:00.1490000,14,38,76,113791,114294,398239,512533,282294,794827,2.559060031109666,3.3051705278329027,0.3330778181552887,3,14,10,1.3
48,10,5445,00:00:00.1770000,21,86,148,242496,244579,781164,1025743,393917,1419660,3.096966547901821,2.6240926806348597,0.2043413668870926,4,22,16,1.3125
48,11,5680,00:00:00.2110000,28,158,263,548325,552985,1500915,2053900,536043,2589943,3.8015337619112755,3.611025980843588,0.13624374568462372,4,29,21,1.3333334
48,12,5860,00:00:00.2600000,31,322,489,1241096,1256340,2852497,4108837,710321,4819158,4.493414691530711,3.9976763929418193,0.17403267323970795,4,31,22,1.3636364
48,13,6020,00:00:00.3420000,28,596,924,2583115,2641189,5581555,8222744,958041,9180785,4.9763599375173,3.7045694543353362,0.19388353824615479,4,29,20,1.4
48,14,6164,00:00:00.5010000,37,1180,1790,5479687,5632087,10809378,16441465,1310870,17752335,5.56572501312575,6.623930286711801,0.20950378477573395,5,38,27,1.3703704
48,15,6279,00:00:00.7210000,39,2446,3520,12456018,12872478,20135667,33008145,1756800,34764945,6.385763251144948,7.866922576998215,0.31036004424095154,6,40,26,1.5
48,16,6343,00:00:00.9470000,32,5264,6956,32699316,33852060,32591698,66443758,2144062,68587820,7.874068772570044,4.54806157214146,0.22550147771835327,8,33,19,1.6842105
48,17,6375,00:00:01.1470000,35,11098,13402,79837661,82265715,48962845,131228560,2453750,133682310,9.122568119825054,4.181879655983293,0.13800492882728577,8,36,23,1.5217391
48,18,6398,00:00:01.4540000,36,24041,27433,184359594,191834171,77539265,269373436,2811773,272185209,10.056543398549683,3.5062610396102696,0.0837937593460083,8,37,26,1.3846154
48,19,6417,00:00:02.0310000,43,48982,54316,390491455,410213665,130342500,540556165,3287387,543843552,10.69804158198545,3.2109603454354128,0.06603536754846573,9,44,30,1.4333333
48,20,6432,00:00:03.0660000,48,98504,106870,797228674,847353568,215831505,1063185073,3873201,1067058274,11.508680634836272,4.778421852341414,0.1050751805305481,7,49,36,1.3333334
4,0,1320,00:00:00.0290000,1,1,1,608,608,399,1007,1296,2303,1,1,0,0,1,1,0
4,1,1546,00:00:00.0490000,1,1,1,1029,1029,976,2005,2473,4478,1,1,0,0,1,1,0
4,2,1837,00:00:00.0530000,1,1,2,1721,1721,2283,4004,5005,9009,1,1,0,0,1,1,0
4,3,2180,00:00:00.0770000,1,1,3,2839,2839,5166,8005,9913,17918,1,1,0,0,1,1,0
4,4,2616,00:00:00.0840000,3,3,5,4636,4636,11371,16007,20091,36098,1.0511216566005177,1.1076741305081645,0.011793813668191433,1,3,2,1
4,5,2997,00:00:00.1020000,3,3,5,9605,9605,22412,32017,33904,65921,1.537948984903696,2.023609764219046,0.061368923634290695,1,3,2,1
4,6,3286,00:00:00.1080000,4,7,11,18834,18843,45164,64007,50971,114978,1.877083997026654,1.3263827839930822,0.10773923248052597,2,4,2,1.5
4,7,3593,00:00:00.1150000,5,13,23,33057,33133,94920,128053,80329,208382,2.0087122243397766,1.1623772541824997,0.08920583128929138,2,5,3,1.3333334
4,8,3910,00:00:00.1250000,10,19,38,64239,64298,192004,256302,127943,384245,2.3749902707078254,2.07797233912038,0.08051818609237671,2,10,8,1.125
4,9,4184,00:00:00.1380000,10,38,74,130140,130429,381974,512403,194182,706585,2.8061318579990777,1.9107824226716685,0.11720764636993408,3,11,8,1.25
4,10,4458,00:00:00.1610000,14,78,143,248034,249900,776341,1026241,299752,1325993,3.131268293862938,1.8816276225024273,0.20591753721237183,3,14,11,1.1818181
4,11,4639,00:00:00.1850000,18,150,243,661643,666752,1384999,2051751,407877,2459628,4.364522862026803,2.6261993202024896,0.09575973451137543,4,18,14,1.2142857
4,12,4761,00:00:00.2160000,15,306,461,1536095,1553640,2549313,4102953,526257,4629210,5.045650822377522,2.2779274916144696,0.07235947996377945,4,15,11,1.2727273
4,13,4875,00:00:00.2760000,16,651,923,3196563,3249603,4991906,8241509,703065,8944574,5.493596716223018,3.212996097112002,0.09591557830572128,5,17,11,1.4545455
4,14,4982,00:00:00.3820000,26,1250,1757,6585898,6719955,9742155,16462110,965807,17427917,6.0234645298181055,4.536292943408333,0.15334975719451904,6,26,17,1.4705882
4,15,5052,00:00:00.5280000,28,2664,3480,15761639,16237097,16544975,32782072,1232636,34014708,7.242012648557679,6.195959482208875,0.12706954777240753,6,28,18,1.5
4,16,5094,00:00:00.6710000,30,5453,6750,37392311,38711319,26892485,65603804,1489952,67093756,8.26867363185977,4.709442616810131,0.17748521268367767,5,30,20,1.45
4,17,5129,00:00:00.9640000,32,11415,13483,81653248,85321322,46957209,132278531,1833978,134112509,8.910813811105223,4.366067129570897,0.18095679581165314,6,32,21,1.4761904
4,18,5162,00:00:01.4670000,46,22904,26516,167661927,176572925,87488206,264061131,2351419,266412550,9.359268863705712,4.364644958012748,0.14732816815376282,6,46,34,1.3235294
4,19,5195,00:00:02.7110000,58,46922,53786,342173429,364707358,170989968,535697326,3175009,538872335,9.82461374579731,4.942082231540975,0.1792045533657074,7,58,42,1.3571428
4,20,5223,00:00:05.0090000,70,94871,107114,695182720,752421129,315575979,1067997108,4279477,1072276585,10.457401987782434,7.751496824485175,0.19504758715629578,8,71,51,1.372549
49,0,1051,00:00:00.0610000,1,1,2,609,609,392,1001,1053,2054,1,1,0,0,1,1,0
49,1,1304,00:00:00.0810000,1,1,2,1001,1001,1006,2007,2398,4405,1,1,0,0,1,1,0
49,2,1578,00:00:00.0870000,1,2,4,1772,1773,2234,4007,4704,8711,1,1,0,0,1,1,0
49,3,1932,00:00:00.1200000,1,1,4,2891,2891,5123,8014,9695,17709,1,1,0,0,1,1,0
49,4,2356,00:00:00.1340000,1,2,5,4777,4778,11230,16008,19333,35341,1,1,0,0,1,1,0
49,5,2884,00:00:00.1480000,4,5,10,7866,7867,24161,32028,39095,71123,1.0633104500381387,1.135485817674038,0.021515341475605965,1,4,3,1
49,6,3321,00:00:00.1760000,4,9,17,16516,16543,47481,64024,64722,128746,1.6437394042140954,2.241363054377854,0.26761576533317566,1,4,3,1
49,7,3650,00:00:00.1880000,9,18,27,33159,33201,94833,128034,95573,223607,2.0005428390482223,1.7410125409919535,0.3260696828365326,2,9,7,1.1428572
49,8,3943,00:00:00.2030000,13,25,44,67264,67462,188824,256286,139678,395964,2.5039694338725025,3.792228616552443,0.27790170907974243,3,13,10,1.2
49,9,4192,00:00:00.2210000,14,51,81,138391,139110,373651,512761,199490,712251,2.951485284447688,4.744061532092642,0.28991734981536865,3,14,11,1.1818181
49,10,4411,00:00:00.2450000,18,93,145,290406,292968,733237,1026205,283089,1309294,3.5125651673863487,5.488189707828145,0.3437436521053314,4,19,13,1.3846154
49,11,4585,00:00:00.2770000,21,164,259,649940,657330,1396476,2053806,388578,2442384,4.204581961411822,5.822172109768473,0.48545190691947937,3,21,16,1.25
49,12,4735,00:00:00.3220000,27,303,463,1372463,1392700,2722145,4114845,534552,4649397,4.7018185554000365,4.945163749218794,0.4266386032104492,4,28,18,1.5
49,13,4880,00:00:00.3990000,36,588,888,2777510,2826037,5402069,8228106,759153,8987259,5.144249705671626,5.480640277700915,0.4091193675994873,5,37,25,1.44
49,14,4993,00:00:00.5440000,31,1215,1738,6348294,6504399,9927480,16431879,1033948,17465827,6.024637800328718,6.1375555773940755,0.552597165107727,4,32,20,1.55
49,15,5083,00:00:00.7040000,36,2523,3475,14031880,14428987,18524785,32953772,1385825,34339597,6.632961299555014,3.0300651364197124,0.47699254751205444,4,37,25,1.44
49,16,5170,00:00:01.0330000,44,5016,6772,28597414,29540821,36238722,65779543,1926998,67706541,7.0562601219816585,2.916211214509112,0.3691093325614929,5,45,31,1.4193548
49,17,5245,00:00:01.5950000,44,10450,13598,61526778,64487445,67992988,132480433,2660665,135141098,7.797808492425851,5.794947904136902,0.3518735468387604,5,45,31,1.4193548
49,18,5296,00:00:02.5670000,52,21715,26946,138818968,146977147,116061768,263038915,3447327,266486242,8.81827515098657,9.321257364396375,0.31468522548675537,8,53,35,1.4857143
49,19,5320,00:00:03.4920000,50,47545,54693,351322886,371414914,167659770,539074684,4020052,543094736,10.672438330704137,9.132698035701113,0.24409596621990204,8,51,33,1.5151515
49,20,5331,00:00:04.3720000,47,101783,110926,823587687,875438247,227973990,1103412237,4450702,1107862939,12.049857810708138,4.247646803345394,0.17852604389190674,10,48,28,1.6785715
5,0,1424,00:00:00.0570000,1,1,1,560,560,441,1001,1528,2529,1,1,0,0,1,1,0
5,1,1671,00:00:00.0790000,1,1,1,997,997,1004,2001,2864,4865,1,1,0,0,1,1,0
5,2,1971,00:00:00.0830000,1,1,1,1673,1673,2343,4016,5598,9614,1,1,0,0,1,1,0
5,3,2318,00:00:00.1060000,1,1,1,2869,2869,5133,8002,10393,18395,1,1,0,0,1,1,0
5,4,2747,00:00:00.1120000,2,3,3,4797,4798,11223,16021,20181,36202,1.0083385449239108,1.016816185494478,0,1,2,1,1
5,5,3209,00:00:00.1200000,2,2,3,8693,8693,23356,32049,37232,69281,1.3135856436213045,1.7559243148814219,0,1,2,1,1
5,6,3535,00:00:00.1260000,3,5,8,18048,18051,46054,64105,56478,120583,1.8025820035460993,1.479345393050413,0,2,3,1,2
5,7,3847,00:00:00.1330000,4,16,22,33335,33387,94820,128207,86199,214406,2.023638818059097,1.221461586281176,0.021723680198192596,2,4,2,1.5
5,8,4147,00:00:00.1540000,8,23,38,65671,65905,190120,256025,131254,387279,2.4474425545522376,2.140876945551992,0.09066197276115417,2,8,6,1.1666666
5,9,4409,00:00:00.1670000,13,42,76,133232,134205,378894,513099,193944,707043,2.849443076738321,1.703226930629883,0.15276530385017395,2,13,11,1.0909091
5,10,4669,00:00:00.1890000,20,75,129,254402,257036,767100,1024136,293693,1317829,3.1780449839230824,2.080718929199243,0.15576307475566864,2,20,18,1.0555556
5,11,4903,00:00:00.2220000,29,150,250,541709,547890,1505252,2053142,436121,2489263,3.7667160781895817,6.464267446619357,0.23782791197299957,3,29,23,1.2173913
5,12,5089,00:00:00.2700000,29,299,465,1214695,1237608,2872080,4109688,616123,4725811,4.465937539876265,9.756513513135209,0.32313886284828186,4,30,18,1.6111112
5,13,5240,00:00:00.3450000,37,615,930,2685246,2739833,5457352,8197185,848374,9045559,5.104126027931891,8.37192385089623,0.312202125787735,4,38,26,1.4230769
5,14,5372,00:00:00.4920000,52,1252,1792,5739559,5879194,10525760,16404954,1171957,17576911,5.659638658649558,6.224976555325301,0.40140053629875183,5,52,36,1.4166666
5,15,5482,00:00:00.6850000,59,2559,3530,12848289,13254113,19688774,32942887,1596758,34539645,6.477173886733089,9.3151386879982,0.363591730594635,6,60,39,1.5128205
5,16,5552,00:00:00.9680000,58,5324,6916,30931931,32136878,33657107,65793985,2024907,67818892,7.544646113428871,12.440912462877927,0.325801819562912,6,59,36,1.6111112
5,17,5601,00:00:01.2830000,58,10899,13474,70857432,74314335,57212270,131526605,2502416,134029021,8.437504890101012,12.029655744045957,0.2805722951889038,6,59,35,1.6571429
5,18,5638,00:00:01.7900000,51,22567,26836,157756895,168044927,97860085,265905012,3076511,268981523,9.324466883048123,14.729577231312946,0.35868629813194275,7,52,28,1.8214285
5,19,5664,00:00:02.6300000,52,47458,54164,350852210,376204977,161604017,537808994,3717967,541526961,10.286622173478685,14.7062246052496,0.3748575448989868,7,53,30,1.7333333
5,20,5681,00:00:03.9140000,59,97711,107765,760729326,818967023,253246233,1072213256,4383072,1076596328,11.300472228672831,11.286325394400292,0.26484614610671997,8,60,36,1.6388888
6,0,1503,00:00:00.0290000,2,2,2,625,625,386,1011,1312,2323,1.1712,1.3962211443631443,0,1,2,1,1
6,1,1649,00:00:00.0400000,2,2,2,1154,1154,850,2004,2072,4076,1.415944540727903,1.9450308099318105,0,1,2,1,1
6,2,1795,00:00:00.0420000,2,2,2,2144,2144,1879,4023,3362,7385,1.7201492537313432,1.6752342994285234,0,1,2,1,1
6,3,1939,00:00:00.0610000,2,3,3,3952,3953,4088,8041,5418,13459,1.8704453441295548,1.2912230162153557,0,1,2,1,1
6,4,2104,00:00:00.0640000,3,6,7,6903,6910,9109,16019,9176,25195,1.9542228016804288,1.1087781474618494,0,2,3,1,2
6,5,2300,00:00:00.0680000,5,8,10,12066,12082,19995,32077,16369,48446,2.0192275816343446,1.1128668261222534,0.027807412669062614,2,5,3,1.3333334
6,6,2517,00:00:00.0820000,7,11,15,21608,21619,42526,64145,29199,93344,2.219687152906331,1.6228445172645218,0.14499308168888092,2,7,5,1.2
6,7,2719,00:00:00.0870000,8,16,24,42605,42685,85472,128157,48200,176357,2.6198568243163947,3.2216420850466148,0.3975757658481598,2,8,5,1.4
6,8,2907,00:00:00.0930000,8,31,46,84319,84523,171811,256334,76689,333023,2.997307842834948,3.776667950547854,0.5815334916114807,2,8,5,1.4
6,9,3082,00:00:00.1010000,10,52,78,170009,170623,342171,512794,118860,631654,3.44271185643113,3.6611434346670944,0.5591083765029907,2,10,7,1.2857143
6,10,3251,00:00:00.1140000,13,85,142,334371,336218,691458,1027676,184059,1211735,3.7741670180727396,2.2574480256909695,0.4296789765357971,3,13,9,1.3333334
6,11,3429,00:00:00.1360000,16,161,256,625796,632777,1417527,2050304,293319,2343623,4.022777390715185,2.023366284296427,0.3461182713508606,3,16,12,1.25
6,12,3612,00:00:00.1750000,21,303,475,1215450,1237027,2874404,4111431,471330,4582761,4.394282775926611,3.4239974864894154,0.29566165804862976,3,22,18,1.1666666
6,13,3789,00:00:00.3030000,31,601,915,2402648,2470228,5752634,8222862,746002,8968864,4.788190779506611,4.810094984107493,0.3172125220298767,3,32,25,1.24
6,14,3960,00:00:00.4200000,47,1141,1766,4848797,5042616,11409054,16451670,1166191,17617861,5.261604063853364,7.171945543820052,0.3073873221874237,4,48,38,1.2368422
6,15,4094,00:00:00.6230000,54,2332,3424,11240166,11804032,21053873,32857905,1682530,34540435,6.186961028867367,15.782953713684373,0.3615523874759674,5,55,38,1.4210526
6,16,4181,00:00:00.8680000,50,5097,6866,27545216,29058047,36817000,65875047,2216741,68091788,7.1776302643624215,5.19230933841193,0.4839687943458557,4,50,32,1.53125
6,17,4252,00:00:01.2470000,54,10414,13546,61277902,64874553,67501844,132376397,2915707,135292104,7.819946724024592,3.2579727597747206,0.3301667869091034,5,55,37,1.4594594
6,18,4309,00:00:01.8850000,58,21414,26839,132416395,142442828,121057240,263500068,3799739,267299807,8.596166471682,5.185615016886828,0.2729109227657318,5,59,37,1.5675676
6,19,4349,00:00:02.7950000,71,45202,54012,302619433,327358600,205762453,533121053,4783095,537904148,9.58338324558291,9.611858277992411,0.2551810145378113,6,72,44,1.6136364
6,20,4367,00:00:03.6920000,54,111338,123053,879386982,939553135,284970019,1224523154,5448400,1229971554,12.825974754991313,4.8251474194712864,0.1868506669998169,9,55,30,1.8
7,0,961,00:00:00.0190000,1,1,1,565,565,437,1002,1387,2389,1,1,0,0,1,1,0
7,1,1209,00:00:00.0300000,1,1,1,1005,1005,1008,2013,2700,4713,1,1,0,0,1,1,0
7,2,1496,00:00:00.0330000,1,1,1,1707,1707,2295,4002,5203,9205,1,1,0,0,1,1,0
7,3,1855,00:00:00.0630000,2,2,3,2814,2814,5200,8014,10391,18405,1.0010660980810235,1.0021344504176677,0,1,2,1,1
7,4,2286,00:00:00.0800000,3,5,8,4738,4740,11267,16007,20433,36440,1.0141409877585479,1.0287618365265996,0,1,3,2,1
7,5,2734,00:00:00.0960000,5,5,10,8912,8912,23128,32040,36900,68940,1.352894973070018,2.1230721322329327,0.2521386742591858,1,5,4,1
7,6,3054,00:00:00.1340000,5,8,15,18271,18283,45874,64157,55807,119964,1.8200974221443817,3.1350939615521716,0.5791964530944824,1,5,4,1
7,7,3368,00:00:00.1510000,7,14,25,32785,32837,95283,128120,85635,213755,1.972395912764984,2.597701542147758,0.6833544373512268,2,7,5,1.2
7,8,3719,00:00:00.1600000,13,19,37,59110,59173,197200,256373,138842,395215,2.1920318051091185,3.540564579351048,0.5867567658424377,2,13,10,1.2
7,9,4027,00:00:00.1720000,14,38,68,123397,123668,389537,513205,213115,726320,2.7113300971660577,3.626330520153905,0.42199593782424927,3,15,11,1.2727273
7,10,4292,00:00:00.1890000,17,84,139,267674,268799,758537,1027336,313981,1341317,3.390497396086284,3.802010851671611,0.2742692828178406,4,18,13,1.3076923
7,11,4437,00:00:00.2050000,17,153,245,723552,728895,1328018,2056913,401500,2458413,4.542978251735881,1.7803315643366178,0.13575148582458496,5,18,12,1.4166666
7,12,4562,00:00:00.2310000,13,307,467,1504959,1526075,2575282,4101357,523926,4625283,4.934525791068062,1.3151005775281415,0.10635662078857422,4,14,10,1.3
7,13,4696,00:00:00.2910000,20,599,890,2895309,2941785,5262045,8203830,732295,8936125,5.200742304189294,1.7256037626011722,0.057345423847436905,5,21,15,1.3333334
7,14,4817,00:00:00.3830000,27,1203,1728,6261862,6396089,10032027,16428116,1025359,17453475,6.014945873926957,4.328219973461977,0.13508661091327667,4,27,21,1.2380953
7,15,4881,00:00:00.4660000,29,2615,3404,16049614,16418618,16359458,32778076,1270919,34048995,7.286908893883679,2.691830167218523,0.26087361574172974,4,29,23,1.2173913
7,16,4932,00:00:00.6070000,28,5490,6816,36248882,37288212,28961342,66249554,1587293,67836847,7.935242692450487,2.362017052520024,0.1851738691329956,5,28,20,1.35
7,17,4979,00:00:00.8890000,36,11115,13535,75827696,78801594,54214581,133016175,2052235,135068410,8.459246500117846,3.5710804238058134,0.18640269339084625,6,36,23,1.5217391
7,18,5014,00:00:01.2610000,42,22832,26850,163021213,171505686,93389036,264894722,2592647,267487369,9.402914993645643,7.218066929312377,0.21185806393623352,7,42,25,1.64
7,19,5035,00:00:01.7490000,50,48116,54044,370961393,390272721,145812222,536084943,3106118,539191061,10.626996114390804,8.865303629618909,0.19247429072856903,8,50,30,1.6333333
7,20,5047,00:00:02.4590000,49,102203,110464,836076965,884134321,212357898,1096492219,3570819,1100063038,11.98858583312363,10.192334125362107,0.2571682631969452,7,49,31,1.548387
8,0,1038,00:00:00.0200000,1,1,2,576,576,425,1001,1338,2339,1,1,0,0,1,1,0
8,1,1272,00:00:00.0390000,1,1,2,1001,1001,1005,2006,2609,4615,1,1,0,0,1,1,0
8,2,1558,00:00:00.0430000,1,1,2,1677,1677,2326,4003,5211,9214,1,1,0,0,1,1,0
8,3,1905,00:00:00.0620000,1,2,3,2857,2859,5144,8003,10134,18137,1,1,0,0,1,1,0
8,4,2334,00:00:00.0700000,3,3,5,4713,4713,11288,16001,20055,36056,1.0108211330362826,1.0219306918852462,0,1,3,2,1
8,5,2784,00:00:00.0860000,4,4,6,8777,8777,23269,32046,36539,68585,1.330750826022559,1.9728075175216677,0.2021426409482956,1,4,3,1
8,6,3105,00:00:00.0900000,4,5,7,18332,18339,45742,64081,55271,119352,1.8102225616408467,2.638894057829952,0.5228633880615234,1,4,3,1
8,7,3426,00:00:00.1120000,5,10,16,32839,32872,95308,128180,85701,213881,1.967355887816316,2.0970944185799336,0.6274241209030151,2,5,3,1.3333334
8,8,3786,00:00:00.1260000,9,21,34,57312,57483,198539,256022,140452,396474,2.1193816303740927,2.5193267576945426,0.6037112474441528,2,9,6,1.3333334
8,9,4114,00:00:00.1510000,15,42,68,119579,119995,392098,512093,219145,731238,2.6497378302210253,3.3236256584586816,0.4439670443534851,3,16,11,1.3636364
8,10,4406,00:00:00.1690000,20,81,124,238797,240254,785921,1026175,331166,1357341,3.0319602005050315,2.599543036548492,0.3535279631614685,3,21,15,1.3333334
8,11,4659,00:00:00.1960000,24,142,235,521271,526204,1522017,2048221,484566,2532787,3.7096347197522976,5.201858507182478,0.4328186511993408,4,25,17,1.4117647
8,12,4838,00:00:00.2300000,27,278,445,1258616,1275216,2835729,4110945,657253,4768198,4.562703795279894,5.348675263321421,0.3146028518676758,5,28,19,1.4210526
8,13,4981,00:00:00.2870000,25,598,904,2791872,2840409,5385939,8226348,878026,9104374,5.195390046535085,5.206097965150648,0.33064568042755127,5,26,18,1.3888888
8,14,5105,00:00:00.3820000,26,1219,1796,5987933,6129825,10314861,16444686,1182409,17627095,5.791560460011827,5.278460412075783,0.48463425040245056,4,27,17,1.5294118
8,15,5195,00:00:00.5300000,26,2604,3547,14377698,14776153,18288697,33064850,1527702,34592552,6.8870271861323005,6.4899090782181315,0.463506281375885,6,27,15,1.7333333
8,16,5246,00:00:00.6690000,28,5345,6824,35107228,36202587,29789978,65992565,1840448,67833013,7.996156033737554,4.157616257969399,0.2857474386692047,5,29,18,1.5555556
8,17,5285,00:00:00.9290000,33,11151,13448,77738735,80826618,50769179,131595797,2223157,133818954,8.723217119496477,3.519350266466393,0.1622123271226883,5,34,25,1.32
8,18,5320,00:00:01.3020000,45,23057,26953,166863982,175174413,92105440,267279853,2770625,270050478,9.357802686262156,4.4898127755494635,0.13025394082069397,6,46,36,1.25
8,19,5347,00:00:02.0290000,53,47241,53775,354008917,374851644,159757703,534609347,3438756,538048103,10.172376643834653,7.187465978895871,0.18852628767490387,6,54,40,1.325
8,20,5366,00:00:03.2110000,55,99335,109515,768809031,826987944,262094632,1089082576,4183482,1093266058,11.198492940179834,7.619768821718521,0.20086313784122467,8,56,37,1.4864864
