RepeatId,GenerationId,Generations,Time,SubcloneSelect,SubcloneAlive,SubcloneTotal,CellSelectCount,CellAliveCount,CellNecroCount,CellTumorCount,CellLostCount,CellTotalCount,MeanDriversPerCell,ClonalDiversity,TreeBalance,TreeDepth,NodeCount,LeafCount,Branching
0,0,6059,00:00:00.2320000,1,1,3,988,988,13,1001,14173,15174,1,1,0,0,1,1,0
0,1,7075,00:00:00.2840000,2,2,9,1824,1824,179,2003,27570,29573,1.0016447368421053,1.0032948713629635,0,1,2,1,1
0,2,7954,00:00:00.3580000,2,4,15,3232,3236,772,4008,48736,52744,1.004331683168317,1.0087009420934094,0,1,2,1,1
0,3,8858,00:00:00.4010000,3,3,31,5727,5727,2278,8005,87339,95344,1.0134450846865724,1.0272830956138868,0.0057077533565461636,1,3,2,1
0,4,9906,00:00:00.4510000,4,12,59,9902,9923,6082,16005,164409,180414,1.0281761260351445,1.05825650052197,0.014339344576001167,1,4,3,1
0,5,11187,00:00:00.5230000,6,31,138,16807,16925,15085,32010,323751,355761,1.0866305705955852,1.1914196414646672,0.03809226304292679,1,6,5,1
0,6,12506,00:00:00.6510000,17,38,243,28816,28963,35070,64033,594167,658200,1.3589672404219877,1.9679542109340766,0.13065557181835175,2,17,15,1.0666667
0,7,13657,00:00:00.8310000,24,84,414,48862,49391,78689,128080,984445,1112525,1.8741762514837705,3.875335355964147,0.19805283844470978,3,24,19,1.2105263
0,8,14637,00:00:01.0890000,33,136,655,83781,84951,171236,256187,1529099,1785286,2.4958284097826477,4.888936977448864,0.2366444319486618,3,33,26,1.2307693
0,9,15575,00:00:01.4590000,31,213,1116,140687,144201,368053,512254,2382301,2894555,3.009012915194723,4.479583962867459,0.24624867737293243,4,31,23,1.3043479
0,10,16541,00:00:02.1630000,31,372,1891,236226,243906,780676,1024582,3807686,4832268,3.443126497506625,5.5688904914254405,0.24410276114940643,4,31,23,1.3043479
0,11,17576,00:00:03.4160000,37,627,3264,391208,409291,1639698,2048989,6262713,8311702,3.8328919653994804,6.8892810566027665,0.2733100950717926,5,38,28,1.3214285
0,12,18701,00:00:05.7580000,59,1186,5767,645978,689850,3406796,4096646,10556393,14653039,4.318298765592636,9.58292982225056,0.41772380471229553,5,60,40,1.475
0,13,19834,00:00:09.9960000,70,1887,10172,1145342,1233606,6958471,8192077,17453360,25645437,5.6447681129304605,13.713850739368146,0.334261953830719,7,71,48,1.4583334
0,14,20761,00:00:17.2780000,38,3277,17009,2241541,2381360,14006075,16387435,26479179,42866614,7.76094258369577,4.043653809243564,0.12591832876205444,7,39,24,1.5833334
0,15,21621,00:00:37.5360000,20,5733,28933,3964723,4200781,28576410,32777191,39719504,72496695,8.66066456597346,1.8982967220522429,0.04212229698896408,6,21,13,1.5384616
0,16,22592,00:01:20.6450000,26,10061,51524,6413872,7041757,58505210,65546967,63582742,129129709,9.044692659909646,1.618301412512288,0.032053738832473755,4,26,22,1.1363636
0,17,23716,00:02:52.2500000,62,18413,95113,10285887,11970908,119170904,131141812,107485561,238627373,9.669206165690913,3.2908429063045603,0.1009383499622345,6,62,52,1.1730769
0,18,24934,00:05:56.1070000,69,33804,177952,17365085,21414471,240857148,262271619,183019452,445291071,10.992283366306586,5.933414821559493,0.21428942680358887,6,69,52,1.3076923
0,19,26165,00:11:40.4090000,64,60808,331360,33509518,39854281,484576588,524430869,304479167,828910036,12.663486326481927,7.546672659093622,0.21080896258354187,6,64,44,1.4318181
0,20,27427,00:22:42.5190000,71,109344,621167,59939363,72586536,975997961,1048584497,503469011,1552053508,13.99483442958845,10.329106452429864,0.2715521454811096,7,72,48,1.4791666
9,0,3369,00:00:00.0560000,3,3,3,990,990,11,1001,9302,10303,1.0080808080808081,1.0163068949487433,0,1,3,2,1
9,1,4158,00:00:00.0810000,4,5,12,1827,1828,177,2005,19415,21420,1.0120415982484947,1.0244554205781955,0,1,4,3,1
9,2,4959,00:00:00.1080000,5,6,21,3260,3263,739,4002,39011,43013,1.023312883435583,1.0480214286059208,0.009292478673160076,1,5,4,1
9,3,6011,00:00:00.1270000,4,9,41,5729,5741,2261,8002,83845,91847,1.0459067900157095,1.0968056406514928,0.023885205388069153,1,4,3,1
9,4,6958,00:00:00.1500000,8,19,79,10054,10091,5918,16009,152274,168283,1.1297990849413169,1.304530724952549,0.06067568436264992,1,8,7,1
9,5,8083,00:00:00.1940000,8,32,138,17073,17161,14868,32029,290530,322559,1.3298190124758391,1.9709518548991838,0.1682402640581131,1,8,7,1
9,6,9165,00:00:00.2600000,13,37,222,28833,29087,34914,64001,515054,579055,1.6250130059307044,3.019580134139069,0.26845288276672363,2,13,10,1.2
9,7,10204,00:00:00.3610000,23,73,392,48832,49206,78824,128030,871222,999252,1.9461009174311927,3.5861755076254225,0.35520362854003906,3,23,16,1.375
9,8,11247,00:00:00.5200000,29,117,629,82231,83498,172645,256143,1455466,1711609,2.3374518125767656,4.479803763243783,0.34324321150779724,4,29,21,1.3333334
9,9,12257,00:00:00.8290000,32,228,1083,139432,142639,369640,512279,2371654,2883933,2.8490016638935107,6.26934513867908,0.3136938512325287,4,32,22,1.4090909
9,10,13244,00:00:01.3480000,36,372,1800,237223,245720,778797,1024517,3823749,4848266,3.528599672038546,7.247492495586699,0.26812660694122314,4,36,25,1.4
9,11,14198,00:00:02.1930000,36,653,3147,402467,420517,1627716,2048233,6080967,8129200,4.200105847187471,4.921934688893892,0.2201138436794281,5,37,26,1.3846154
9,12,15205,00:00:03.8040000,42,1166,5531,675529,712535,3385390,4097925,9927598,14025523,4.711134533084442,2.70939398951144,0.18488523364067078,5,43,30,1.4
9,13,16324,00:00:06.9220000,55,2022,9845,1100280,1194715,6998971,8193686,16807817,25001503,5.1134520303922635,2.526316152942071,0.16394753754138947,5,56,44,1.25
9,14,17567,00:00:13.1470000,85,3448,17791,1802914,2023651,14365560,16389211,29025230,45414441,5.7039842166625805,5.979991664688878,0.2519327998161316,5,86,65,1.3076923
9,15,18877,00:00:26.1680000,87,6086,32577,3031546,3540468,29240739,32781207,49619239,82400446,6.7101798884133705,19.412118362252752,0.3919495642185211,5,88,61,1.4262295
9,16,20215,00:01:17.9810000,87,10600,59046,5291347,6218643,59324877,65543520,83295174,148838694,7.708909281511872,11.081788995618705,0.4001767039299011,7,88,54,1.6111112
9,17,21559,00:03:06.1530000,89,18342,106068,9315212,11126264,120004788,131131052,135264783,266395835,8.981372189919027,11.320859051428512,0.4110594689846039,5,90,61,1.4590164
9,18,22855,00:06:12.8900000,53,32067,190290,17947513,20825403,241339007,262164410,215378550,477542960,10.69997898873231,1.7859463266937654,0.11824211478233337,5,54,39,1.3589743
9,19,24231,00:12:10.7410000,54,57549,349730,29232973,35852078,488530365,524382443,351556915,875939358,11.319351028716785,2.0668851132589614,0.07843921333551407,4,55,47,1.1489362
9,20,25752,00:24:13.4510000,95,106699,655178,45354569,63776872,985024846,1048801718,590770636,1639572354,12.522321466664142,13.90204089494941,0.2820356488227844,4,96,71,1.3380282
10,0,4092,00:00:00.1070000,3,3,9,996,996,11,1007,13538,14545,1.002008032128514,1.0040261382999252,0,1,3,2,1
10,1,4942,00:00:00.1550000,2,4,14,1813,1815,187,2002,25419,27421,1.0011031439602869,1.0022087595030365,0,1,2,1,1
10,2,5668,00:00:00.2000000,2,6,20,3266,3277,726,4003,42359,46362,1.0195958358848745,1.0399591061601752,0,1,2,1,1
10,3,6494,00:00:00.2320000,9,12,40,5800,5804,2211,8015,77462,85477,1.076551724137931,1.1690562635894453,0.043803147971630096,1,9,8,1
10,4,7551,00:00:00.2870000,10,19,73,9940,9959,6055,16014,156305,172319,1.1780684104627765,1.4572394890155582,0.12115947157144547,1,10,9,1
10,5,8585,00:00:00.3560000,13,31,132,17127,17194,14826,32020,283792,315812,1.3686576750160566,2.304982738286838,0.25935760140419006,1,13,12,1
10,6,9590,00:00:00.4680000,19,49,236,29092,29303,34746,64049,491093,555142,1.6458476557129107,4.235864628703079,0.43082961440086365,2,19,15,1.2
10,7,10609,00:00:00.6570000,26,81,393,49098,49551,78551,128102,840635,968737,1.9000977636563607,5.405275678101351,0.5197342038154602,2,26,20,1.25
10,8,11679,00:00:00.9740000,32,146,670,81772,83051,172972,256023,1439102,1695125,2.1444626522526047,6.332450329605571,0.5095277428627014,3,32,24,1.2916666
10,9,12837,00:00:01.4640000,43,244,1240,135494,139058,373310,512368,2492690,3005058,2.4923465245693537,9.412876796907605,0.4865340292453766,3,43,32,1.3125
10,10,14018,00:00:02.3770000,56,413,2107,226397,235313,789199,1024512,4234138,5258650,2.9523006046899916,12.305057484876176,0.4622175097465515,4,56,38,1.4473684
10,11,15221,00:00:03.9740000,67,692,3656,378058,398624,1649796,2048420,7093167,9141587,3.510278846102979,15.470464828022369,0.42007631063461304,4,68,46,1.4565217
10,12,16433,00:00:06.6900000,65,1200,6404,630210,679471,3418597,4098068,11707888,15805956,4.1748242649275635,16.371080357471158,0.3906310796737671,5,66,44,1.4772727
10,13,17671,00:00:11.5660000,69,1989,11093,1075812,1169524,7024603,8194127,19280594,27474721,4.910875692035411,15.111249874117894,0.39469897747039795,5,70,47,1.468085
10,14,18953,00:00:21.8910000,67,3385,19472,1798261,2008420,14380414,16388834,31859447,48248281,5.643173043290156,14.554772639387425,0.4606313109397888,5,68,45,1.4888889
10,15,20311,00:00:56.0120000,76,5906,34608,2990601,3463479,29315921,32779400,53204756,85984156,6.421468795068282,14.873789389782674,0.49808719754219055,4,77,56,1.3571428
10,16,21684,00:02:06.4380000,87,10351,61263,5401243,6241842,59320918,65562760,87593444,153156204,7.809344997068267,16.388629088223034,0.450474351644516,7,88,57,1.5263158
10,17,22966,00:04:01.3560000,59,17852,106976,9997975,11478768,119597130,131075898,137203647,268279545,9.360913184919946,9.372604925386035,0.4685596525669098,6,60,40,1.475
10,18,24233,00:07:13.4630000,45,31612,190864,18163954,20886997,241335295,262222292,215792197,478014489,10.662567962900589,2.5006454651359045,0.3501400649547577,5,46,31,1.451613
10,19,25600,00:13:37.8520000,70,57674,350346,29404294,36154661,488313060,524467721,351055133,875522854,11.426281549218627,3.2097692939928186,0.18241877853870392,6,71,54,1.2962962
10,20,27090,00:27:03.4720000,88,107054,653509,47279714,64735299,984033788,1048769087,585444359,1634213446,12.718368389453456,13.693166142631753,0.34953391551971436,5,89,63,1.3968254
11,0,3718,00:00:00.0860000,2,2,8,997,997,8,1005,9920,10925,1.0010030090270812,1.0020080660827866,0,1,2,1,1
11,1,5103,00:00:00.1340000,1,2,17,1820,1821,182,2003,28821,30824,1,1,0,0,1,1,0
11,2,6015,00:00:00.1890000,2,3,23,3300,3302,714,4016,50158,54174,1.0033333333333334,1.0066888819695237,0,1,2,1,1
11,3,6930,00:00:00.2250000,5,8,41,5759,5764,2255,8019,89581,97600,1.0382010765757943,1.0796817612671996,0.012902145273983479,1,5,4,1
11,4,8038,00:00:00.2980000,4,12,72,10013,10045,5970,16015,169671,185686,1.0913812044342355,1.2032389839828048,0.052784692496061325,1,4,3,1
11,5,9165,00:00:00.3970000,10,29,130,16941,17003,15008,32011,309767,341778,1.2537040316392185,1.6845581010356552,0.1138746589422226,2,10,8,1.125
11,6,10263,00:00:00.5840000,15,54,254,28800,29024,35026,64050,536395,600445,1.4949305555555557,2.604380589475986,0.21664568781852722,2,15,11,1.2727273
11,7,11372,00:00:00.8500000,21,89,417,48450,48926,79146,128072,916998,1045070,1.7861919504643964,2.9982861462735095,0.28860077261924744,2,21,17,1.1764706
11,8,12512,00:00:01.3000000,32,146,734,81335,82518,173535,256053,1554708,1810761,2.0821417593901765,3.317078996372845,0.3251930773258209,3,32,26,1.1923077
11,9,13680,00:00:01.9010000,35,232,1213,134591,138407,373778,512185,2618923,3131108,2.4632627738853268,5.527420756083834,0.3658895492553711,3,35,27,1.2592592
11,10,14870,00:00:02.6270000,49,437,2177,225624,235159,789397,1024556,4373175,5397731,2.9415709321703365,9.537213521954675,0.43396031856536865,4,49,35,1.3714286
11,11,16079,00:00:03.9770000,66,719,3712,375162,396934,1651502,2048436,7252835,9301271,3.5031453078936567,8.54455937082986,0.4238034784793854,5,67,47,1.4042553
11,12,17277,00:00:06.2280000,69,1204,6367,635690,684160,3412007,4096167,11807254,15903421,4.267883716906039,7.856414344048086,0.2895435690879822,5,70,47,1.468085
11,13,18445,00:00:10.0300000,63,2018,10810,1107208,1201637,6991871,8193508,18945596,27139104,5.253877320250576,8.847639633701245,0.3353405296802521,4,64,42,1.5
11,14,19633,00:00:24.4320000,62,3423,18931,1860590,2058139,14330927,16389066,30622356,47011422,5.906270054122617,5.65443288343816,0.29560422897338867,5,63,44,1.4090909
11,15,20933,00:01:02.4750000,88,5886,33747,3079588,3512649,29270463,32783112,51092602,83875714,6.569905130166762,9.893010402115717,0.30878332257270813,6,89,65,1.3538462
11,16,22279,00:02:12.0690000,89,10376,60400,5300334,6243107,59301449,65544556,84819235,150363791,7.78653948977555,12.283800685775638,0.3818478584289551,5,90,65,1.3692307
11,17,23604,00:04:11.7670000,76,18098,106711,9438967,11082495,120046059,131128554,136168635,267297189,8.904999138147215,6.050568027230939,0.25723913311958313,5,77,58,1.3103448
11,18,25012,00:07:55.9890000,87,31988,193737,16004184,19401215,242851760,262252975,223394750,485647725,9.811910185486495,7.2412488544502365,0.24041934311389923,5,88,71,1.2253522
11,19,26519,00:15:04.4350000,88,58340,358437,26504159,34715426,489745473,524460899,371921825,896382724,11.076705886046035,19.585423388398667,0.343545526266098,5,89,67,1.3134328
11,20,28052,00:28:23.0800000,81,105980,664490,49038328,63979891,984920410,1048900301,612496678,1661396979,12.657678765067194,10.232479314681795,0.35445186495780945,6,82,58,1.3965517
12,0,4758,00:00:00.0570000,1,1,7,996,996,8,1004,11544,12548,1,1,0,0,1,1,0
12,1,5521,00:00:00.0740000,2,2,12,1824,1824,186,2010,22315,24325,1.0038377192982457,1.0077048642824429,0,1,2,1,1
12,2,6224,00:00:00.1020000,2,5,22,3286,3289,717,4006,39197,43203,1.0030432136335972,1.0061049910296798,0,1,2,1,1
12,3,7218,00:00:00.1210000,3,8,39,5720,5729,2283,8012,81096,89108,1.0134615384615384,1.027365477221031,0.011424642987549305,1,3,2,1
12,4,8357,00:00:00.1640000,5,15,78,9882,9918,6085,16003,165374,181377,1.0476624165148756,1.1012375403542578,0.029657691717147827,1,5,4,1
12,5,9545,00:00:00.2220000,14,33,150,16906,16968,15033,32001,312726,344727,1.1493552584881108,1.357844610100681,0.08626352250576019,2,14,12,1.0833334
12,6,10741,00:00:00.3190000,22,56,262,28809,29006,35045,64051,559854,623905,1.4757888159950017,2.6192558101158836,0.22000572085380554,3,22,17,1.2352941
12,7,11825,00:00:00.4600000,29,99,427,48849,49435,78611,128046,928400,1056446,1.984482793915945,5.9742818233281785,0.3183024525642395,3,29,23,1.2173913
12,8,12745,00:00:00.6690000,29,138,651,83856,85536,170570,256106,1440154,1696260,2.636770177447052,7.592383009353466,0.3115060329437256,3,29,22,1.2727273
12,9,13606,00:00:00.9390000,34,232,1084,143479,146900,365172,512072,2223393,2735465,3.239170889119662,4.991001296671021,0.2604757845401764,4,34,23,1.4347826
12,10,14492,00:00:01.4070000,36,395,1773,240332,248492,775782,1024274,3529074,4553348,3.682867866118536,2.9458872842490584,0.21883317828178406,4,36,24,1.4583334
12,11,15462,00:00:02.3280000,43,688,3140,395556,414561,1634326,2048887,5837073,7885960,3.993158996450566,2.3947426224616133,0.20367029309272766,5,44,31,1.3870968
12,12,16551,00:00:04.0760000,58,1121,5635,649988,693290,3403440,4096730,9997854,14094584,4.3567465860908205,3.5951886789036243,0.3051817715167999,4,59,47,1.2340425
12,13,17755,00:00:07.7300000,81,1964,10173,1068020,1173545,7022104,8195649,17377565,25573214,4.9028613696372725,11.01074416791566,0.3709424138069153,5,82,62,1.3064516
12,14,19031,00:00:20.6020000,93,3420,18504,1772800,2013868,14374337,16388205,29899850,46288055,5.656099954873646,18.885301553313774,0.4453336298465729,4,94,72,1.2916666
12,15,20384,00:00:58.5240000,99,5975,33499,2949260,3459523,29323598,32783121,51185546,83968667,6.405962851698392,18.12527085665771,0.361758828163147,5,100,76,1.3026316
12,16,21846,00:02:14.9770000,101,10673,61392,4759733,5926872,59638423,65565295,88088147,153653442,7.097864733168857,19.928677710574693,0.5008458495140076,5,102,76,1.3289474
12,17,23399,00:04:40.3360000,143,18535,112169,7816462,10233959,120880000,131113959,149224431,280338390,7.949839326283426,44.44426073481328,0.605069637298584,5,144,106,1.3490566
12,18,25015,00:09:07.1120000,127,32783,204343,12798655,18044902,244132661,262177563,248736669,510914232,9.06933142584123,27.078397674739087,0.5475041270256042,5,128,93,1.3655914
12,19,26703,00:17:29.6240000,122,58110,375708,22941520,32416882,491955383,524372265,414589867,938962132,10.374179566131625,16.1407771269748,0.5342873334884644,4,123,87,1.4022988
12,20,28401,00:32:44.4110000,104,103460,691393,44163976,60343500,988599687,1048943187,680036727,1728979914,12.037335044290396,17.901665576019138,0.6362833380699158,4,105,71,1.4647887
13,0,5254,00:00:00.0660000,2,2,8,991,991,10,1001,10285,11286,1.0010090817356205,1.0020202499108266,0,1,2,1,1
13,1,6064,00:00:00.0850000,4,4,12,1831,1831,176,2007,20576,22583,1.0256690333151284,1.0530746343229476,0.018754852935671806,1,4,3,1
13,2,6857,00:00:00.1250000,4,6,17,3234,3238,763,4001,40149,44150,1.0655534941249227,1.1430161847711398,0.055996499955654144,1,4,3,1
13,3,7638,00:00:00.1400000,6,9,29,5804,5808,2197,8005,73821,81826,1.138869745003446,1.335879428607681,0.0951743945479393,1,6,5,1
13,4,8636,00:00:00.1660000,6,13,53,9935,9952,6067,16019,146816,162835,1.2446904881731253,1.6897319334738732,0.18369366228580475,1,6,5,1
13,5,9580,00:00:00.2000000,9,21,95,16999,17068,14936,32004,263977,295981,1.466380375316195,2.815915015783927,0.30354195833206177,1,9,8,1
13,6,10534,00:00:00.2590000,12,46,183,28836,29111,34927,64038,461683,525721,1.698501872659176,4.019157711585086,0.44581833481788635,2,12,9,1.2222222
13,7,11553,00:00:00.3630000,20,81,329,48843,49427,78607,128034,810683,938717,1.8988391376451077,4.226501674307346,0.4853000342845917,2,20,17,1.117647
13,8,12664,00:00:00.5740000,31,131,596,80616,81960,174189,256149,1436847,1692996,2.0852932420363204,4.537994260410865,0.46487778425216675,2,31,27,1.1111112
13,9,13875,00:00:00.9640000,41,236,1140,134027,137879,374301,512180,2539761,3051941,2.349675811590202,6.812232375571179,0.4820103943347931,3,41,32,1.25
13,10,15137,00:00:01.7060000,56,418,2091,222122,231773,792300,1024073,4397494,5421567,2.7724178604550653,12.857333452119214,0.5406090021133423,3,56,40,1.375
13,11,16431,00:00:03.0870000,65,743,3703,367496,392958,1655631,2048589,7479696,9528285,3.348926246816292,17.61090902291708,0.5895141363143921,4,66,46,1.4130435
13,12,17685,00:00:05.3740000,77,1187,6411,629795,677983,3419525,4097508,12242646,16340154,4.1179479036829445,10.472771519475078,0.4936377704143524,5,78,54,1.425926
13,13,18948,00:00:09.4330000,57,2002,11048,1046914,1155709,7038707,8194416,19966222,28160638,4.758849341970783,3.80149139515805,0.4205181896686554,4,58,38,1.5
13,14,20318,00:00:29.0250000,71,3555,19705,1727172,1952830,14438879,16391709,33444582,49836291,5.284366004080659,4.248106563932006,0.35839295387268066,4,72,56,1.2678572
13,15,21769,00:01:12.8280000,86,6163,35456,2864819,3395282,29373679,32768961,56210130,88979091,6.194522585894607,15.499526079908193,0.3872547447681427,5,87,68,1.2647059
13,16,23218,00:02:31.1280000,80,10629,62978,5044125,6055571,59497743,65553314,92672615,158225929,7.430227839318018,15.704256418416447,0.4010712206363678,6,81,54,1.4814814
13,17,24653,00:04:46.4100000,83,18329,111896,8800474,10637846,120466927,131104773,148498568,279603341,8.412214273912973,15.349315333585983,0.35689687728881836,5,84,61,1.3606558
13,18,26148,00:08:52.1240000,90,32315,201376,14997404,18903498,243297809,262201307,240842580,503043887,9.547880219803375,6.379377799717664,0.3219127953052521,6,91,67,1.3432835
13,19,27703,00:16:25.4690000,99,57991,367093,26795525,34315763,490147782,524463545,393880504,918344049,11.02329795740147,11.206701190961441,0.3065832257270813,5,100,66,1.5
13,20,29224,00:29:43.4270000,69,103860,672130,52059233,64808741,984129602,1048938343,632350868,1681289211,12.783687746609713,3.829224817387396,0.23717382550239563,6,70,49,1.4081633
14,0,4365,00:00:00.0480000,3,3,4,1001,1001,0,1001,7236,8237,1.7942057942057943,2.4817422417347834,0.7095539569854736,1,3,2,1
14,1,4814,00:00:00.0700000,4,4,7,1870,1870,132,2002,13228,15230,1.881283422459893,2.2496957033627885,0.7995719313621521,2,4,2,1.5
14,2,5255,00:00:00.0750000,4,5,15,3362,3364,638,4002,24012,28014,1.9324806662700773,2.138378108021862,0.8499743938446045,2,4,2,1.5
14,3,5700,00:00:00.0970000,4,9,24,5989,6001,2002,8003,42827,50830,1.9691100350642845,2.025088526255291,0.8623265027999878,2,4,2,1.5
14,4,6219,00:00:00.1080000,7,14,47,10398,10413,5610,16023,80847,96870,1.9967301404116176,1.9819208673907038,0.8406736850738525,2,7,4,1.5
14,5,6849,00:00:00.1260000,9,25,79,17643,17735,14289,32024,159446,191470,2.0468741143796407,2.1257710395605653,0.8223276138305664,2,9,6,1.3333334
14,6,7557,00:00:00.1600000,12,52,165,29821,30023,34032,64055,307967,372022,2.1358774018309243,2.3880651215640802,0.7559536099433899,2,12,9,1.2222222
14,7,8361,00:00:00.2290000,20,85,312,49989,50548,77487,128035,584219,712254,2.306747484446578,3.05162120350423,0.6370283961296082,3,20,16,1.1875
14,8,9247,00:00:00.3600000,27,157,567,83570,85252,170869,256121,1080439,1336560,2.549599138446811,3.5175397147187595,0.5232343077659607,3,28,24,1.125
14,9,10211,00:00:00.6510000,37,235,1006,139444,142722,369554,512276,1958626,2470902,2.834571584291902,3.2348974346567143,0.43617627024650574,3,38,31,1.1935484
14,10,11262,00:00:01.1820000,52,391,1811,231888,238739,785401,1024140,3512542,4536682,3.173626923342303,3.6193037964743677,0.3800690174102783,4,53,44,1.1818181
14,11,12394,00:00:02.2960000,58,694,3322,381219,402138,1646504,2048642,6202753,8251395,3.6141876454216604,7.423178936568056,0.4239219129085541,4,59,48,1.2083334
14,12,13579,00:00:04.3710000,70,1212,6027,631587,682260,3415409,4097669,10716276,14813945,4.177117325087439,12.770065483874486,0.3538073003292084,4,71,57,1.2280701
14,13,14818,00:00:08.2050000,81,2040,10698,1055441,1167473,7028186,8195659,18298816,26494475,4.871557007923702,8.031820887906944,0.3709428310394287,5,82,62,1.3064516
14,14,16089,00:00:15.8420000,90,3609,19182,1808390,2037424,14349365,16386789,30760103,47146892,5.835526075680578,8.550351674005851,0.3215115964412689,6,91,69,1.3043479
14,15,17302,00:00:45.5070000,63,6030,33371,3299695,3715583,29058468,32774051,49775119,82549170,7.308274552648048,3.2328779794455706,0.23173868656158447,4,64,52,1.2115384
14,16,18494,00:01:42.0770000,48,10165,58048,5691291,6445143,59120775,65565918,79145569,144711487,8.0979633619156,2.0405577478776635,0.13991348445415497,4,49,41,1.1707317
14,17,19810,00:03:32.6670000,75,18185,104771,9110481,10927990,120183448,131111438,130354177,261465615,8.633560730767124,5.165482652114188,0.13288316130638123,5,76,61,1.2295082
14,18,21276,00:07:13.2520000,115,32673,193257,14039128,18962282,243269422,262231704,221069132,483300836,9.528118199363949,23.58194357925226,0.3415415287017822,5,116,82,1.402439
14,19,22809,00:14:19.9150000,106,59134,358672,25498468,34590258,489801821,524392079,371798960,896191039,11.140268662415327,18.186258449087823,0.334078311920166,6,107,68,1.5588236
14,20,24365,00:27:48.6950000,75,105449,665282,48040691,63261123,985651634,1048912757,615979292,1664892049,12.534744265023166,14.05937567122316,0.38620725274086,6,76,48,1.5625
15,0,4678,00:00:00.1540000,6,6,9,995,995,7,1002,9044,10046,1.0673366834170854,1.1477339660897536,0.047973379492759705,1,6,5,1
15,1,5595,00:00:00.2000000,5,5,11,1841,1841,160,2001,21283,23284,1.2422596414991853,1.678873328262604,0.23744256794452667,2,5,3,1.3333334
15,2,6270,00:00:00.2190000,6,10,22,3360,3368,636,4004,36971,40975,1.4592261904761905,2.736981597877003,0.3667653799057007,2,6,4,1.25
15,3,6934,00:00:00.2400000,9,17,38,5839,5854,2147,8001,65065,73066,1.6704915225209795,3.9670974760122304,0.4030657410621643,2,9,7,1.1428572
15,4,7521,00:00:00.2890000,12,23,64,10373,10422,5603,16025,107761,123786,1.8392943217969728,4.408192112846816,0.4634152352809906,2,12,9,1.2222222
15,5,8166,00:00:00.3260000,16,33,102,17801,17888,14154,32042,187924,219966,1.9970788157968653,4.719420272741627,0.5188811421394348,2,16,12,1.25
15,6,8893,00:00:00.3850000,21,54,172,29936,30123,33907,64030,339911,403941,2.2003607696419025,5.461676929366693,0.48675623536109924,3,21,15,1.3333334
15,7,9651,00:00:00.4860000,25,100,319,50965,51488,76566,128054,599771,727825,2.4601196899833218,6.700847804403594,0.46656614542007446,4,25,18,1.3333334
15,8,10455,00:00:00.6620000,32,130,563,85542,86671,169380,256051,1048648,1304699,2.8317084005517756,7.37551399918707,0.4125981628894806,5,32,24,1.2916666
15,9,11268,00:00:00.9740000,35,239,1005,145384,149034,363146,512180,1788863,2301043,3.48131843944313,8.095486833551238,0.3427039086818695,5,35,25,1.36
15,10,12025,00:00:01.4980000,32,400,1669,253544,261373,763193,1024566,2897909,3922475,4.377831855614804,5.2131165125874,0.23024126887321472,5,33,21,1.5238096
15,11,12768,00:00:02.3000000,28,619,2753,437277,452772,1595611,2048383,4660038,6708421,5.114865405681067,3.3728731907602496,0.11608801782131195,6,29,20,1.4
15,12,13568,00:00:03.7410000,26,1065,4800,737675,767258,3329628,4096886,7722538,11819424,5.608411563357847,2.605898092446321,0.08092188835144043,5,27,21,1.2380953
15,13,14478,00:00:06.5980000,29,1776,8574,1201957,1281489,6914981,8196470,13325027,21521497,5.938726593380628,2.234207518654446,0.08676012605428696,5,30,24,1.2083334
15,14,15529,00:00:12.6740000,55,3273,16026,1944500,2145971,14245636,16391607,23685953,40077560,6.3692275649267165,3.1434363379758024,0.11176688224077225,5,56,47,1.1702127
15,15,16661,00:00:26.4650000,66,5974,29732,3354359,3796116,28974125,32770241,41500237,74270478,7.538937841775433,7.157232991532962,0.23722614347934723,6,66,55,1.1818181
15,16,17744,00:01:02.1860000,47,10409,53430,6129917,6848380,58721204,65569584,67948658,133518242,8.849794051045063,2.6744797156333155,0.35153573751449585,6,47,36,1.2777778
15,17,18871,00:02:29.2710000,50,18231,97003,10836683,12145145,118960166,131105311,111845577,242950888,9.928696816175208,4.341165432707624,0.383770227432251,6,51,40,1.25
15,18,20036,00:05:25.7760000,52,33018,178652,19147379,21906357,240268537,262174894,184158156,446333050,11.200913869203717,4.912249401767306,0.3234905004501343,5,53,41,1.2682927
15,19,21295,00:11:27.1040000,69,59645,334029,31293432,38084778,486263105,524347883,308875399,833223282,12.008229969790467,7.445989451961634,0.2810245156288147,5,70,54,1.2777778
15,20,22682,00:23:50.9040000,94,109982,631400,50351858,68159645,980778387,1048938032,527410291,1576348323,13.329042018667911,18.958564674986416,0.2907724976539612,6,95,70,1.3428571
16,0,5903,00:00:00.1260000,1,1,3,996,996,7,1003,10141,11144,1,1,0,0,1,1,0
16,1,6660,00:00:00.1500000,1,3,9,1822,1824,177,2001,20014,22015,1,1,0,0,1,1,0
16,2,7391,00:00:00.1900000,3,3,17,3271,3271,732,4003,37673,41676,1.0045857535921736,1.0092242038223338,0,1,3,2,1
16,3,8355,00:00:00.2300000,5,8,38,5724,5730,2273,8003,79281,87284,1.020440251572327,1.0420097719853203,0.014765061438083649,1,5,4,1
16,4,9434,00:00:00.2710000,7,17,79,9899,9929,6096,16025,158599,174624,1.0589958581674916,1.1279127456949996,0.04698987305164337,1,7,6,1
16,5,10662,00:00:00.3450000,12,38,151,16895,16995,15028,32023,311790,343813,1.1553714116602545,1.384906081218556,0.0974116176366806,1,12,11,1
16,6,11932,00:00:00.4800000,20,50,252,28552,28756,35276,64032,574710,638742,1.419200056038106,2.4775161456919808,0.23406146466732025,2,20,16,1.1875
16,7,13084,00:00:00.6550000,27,96,440,48312,48903,79106,128009,967073,1095082,1.8046862063255507,4.854434582072642,0.37484636902809143,2,27,23,1.1304348
16,8,14170,00:00:00.9560000,35,136,707,81911,83121,172926,256047,1573852,1829899,2.214562146720221,7.154921244548674,0.4173413813114166,2,35,30,1.1333333
16,9,15264,00:00:01.4120000,44,240,1175,137043,140102,371917,512019,2569736,3081755,2.5719737600607107,7.233353389411007,0.365461528301239,3,44,37,1.1621622
16,10,16437,00:00:02.2920000,48,388,2056,224811,233786,790788,1024574,4304011,5328585,2.869819537300221,5.717594249318807,0.37928590178489685,3,48,38,1.2368422
16,11,17742,00:00:03.9970000,68,662,3673,365128,388269,1660063,2048332,7417253,9465585,3.1669743213338886,6.482354239741554,0.3996638059616089,3,69,53,1.2830188
16,12,19135,00:00:07.2260000,92,1205,6678,601679,654033,3443837,4097870,12719671,16817541,3.684787070846747,14.765344027611446,0.4365445077419281,4,93,74,1.2432432
16,13,20490,00:00:12.9070000,93,2075,11648,1044567,1157081,7036890,8193971,20954920,29148891,4.844769172298187,10.183240362038791,0.3535428047180176,4,94,75,1.24
16,14,21707,00:00:24.8820000,40,3499,19755,1883542,2083804,14309552,16393356,32856232,49249588,6.147044769906909,4.086669924743806,0.16789919137954712,5,41,28,1.4285715
16,15,22938,00:00:59.3570000,41,5806,34216,3260729,3587519,29188863,32776382,52250545,85026927,6.812223278904809,4.0471295577224975,0.14017485082149506,6,42,33,1.2424242
16,16,24278,00:02:09.9840000,61,10263,60799,5378540,6218203,59329059,65547262,85999871,151547133,7.6859571556593425,7.477287717188629,0.21987952291965485,6,62,50,1.22
16,17,25534,00:04:06.1090000,60,18350,106645,10226264,11757148,119363029,131120177,134488606,265608783,9.618338329618716,3.4869150173147085,0.11459949612617493,7,61,45,1.3333334
16,18,26781,00:07:29.8950000,60,31816,189999,18010725,20792295,241429371,262221666,212017057,474238723,10.587937853695506,3.6969269200557506,0.07229079306125641,6,61,48,1.25
16,19,28167,00:14:34.2640000,86,57801,349148,27761438,35780282,488609577,524389859,349108641,873498500,11.284294747267776,6.768236921637963,0.21599583327770233,5,87,66,1.3030303
16,20,29684,00:29:09.5730000,121,107897,654567,44771226,64279016,984584830,1048863846,587521592,1636385438,12.704809691831981,21.63240447562468,0.5195626616477966,5,121,81,1.4814814
17,0,6655,00:00:00.3840000,2,2,6,998,998,4,1002,12297,13299,1.191382765531062,1.4482485865461685,0,1,2,1,1
17,1,7281,00:00:00.4300000,4,4,10,1846,1846,161,2007,20601,22608,1.2757313109425785,1.6628763815446699,0,2,4,2,1.5
17,2,7945,00:00:00.4830000,3,7,17,3279,3285,721,4006,36425,40431,1.4382433668801464,2.0132916008827517,0,2,3,1,2
17,3,8579,00:00:00.5580000,4,8,31,5929,5934,2071,8005,62944,70949,1.6328217237308147,2.1155593276258435,0.03468291461467743,2,4,2,1.5
17,4,9149,00:00:00.6000000,6,13,47,10357,10375,5641,16016,104753,120769,1.8156802162788452,2.02256045174874,0.06460309773683548,2,6,4,1.25
17,5,9797,00:00:00.6370000,8,22,83,17669,17725,14282,32007,185690,217697,2.027845378912219,1.9778866701994537,0.028591077774763107,2,8,6,1.1666666
17,6,10482,00:00:00.6870000,9,38,152,30204,30353,33708,64061,327168,391229,2.2774135876042907,2.3136335067725873,0.1565280705690384,3,9,6,1.3333334
17,7,11199,00:00:00.7710000,9,74,276,50817,51466,76682,128148,573527,701675,2.5245488714406594,2.824257061228423,0.23379956185817719,3,9,6,1.3333334
17,8,11993,00:00:00.9680000,18,123,491,85030,86255,169883,256138,1019250,1275388,2.818746324826532,3.144947034569585,0.23902738094329834,3,18,15,1.1333333
17,9,12846,00:00:01.2580000,25,224,883,142613,146094,365965,512059,1796369,2308428,3.1383113741384023,3.3947061711926625,0.25409960746765137,3,25,19,1.2631578
17,10,13783,00:00:01.8320000,34,356,1617,237774,244804,779651,1024455,3183167,4207622,3.521520435371403,3.8130165338029753,0.25234749913215637,3,34,26,1.2692307
17,11,14781,00:00:02.9020000,46,665,2950,397516,414249,1634234,2048483,5549589,7598072,3.9603563127018786,4.064826899888317,0.24475277960300446,4,46,35,1.2857143
17,12,15857,00:00:05.0630000,57,1149,5340,657658,700381,3396366,4096747,9654119,13750866,4.49600856372157,5.858655129401192,0.23048649728298187,5,58,45,1.2666667
17,13,16997,00:00:09.1300000,67,2011,9768,1106633,1203781,6991118,8194899,16632430,24827329,5.238380745920282,10.984893891583791,0.23993471264839172,6,68,49,1.3673469
17,14,18142,00:00:18.3600000,61,3472,17543,1915836,2121803,14271305,16393108,27851992,44245100,6.30515660004301,10.713164178642689,0.5212113857269287,6,62,40,1.525
17,15,19296,00:00:47.2020000,62,5898,31322,3360166,3724924,29050819,32775743,46015825,78791568,7.3036611881674895,7.096406846228152,0.530352771282196,6,63,44,1.4090909
17,16,20474,00:01:42.3300000,58,10172,55866,5824445,6541990,59017118,65559108,74994887,140553995,8.283560236211347,4.159055789117357,0.2364106923341751,5,59,47,1.2340425
17,17,21730,00:03:27.3430000,58,17903,101710,9542087,11245469,119893161,131138630,123900801,255039431,8.974965853905964,2.4873309978736757,0.18996082246303558,4,59,47,1.2340425
17,18,23136,00:06:59.9600000,88,32420,188871,14672891,19298949,242877048,262175997,211094623,473270620,9.695789807202956,6.13054988328175,0.22145423293113708,5,89,65,1.3538462
17,19,24666,00:14:11.8130000,122,59094,353979,24151102,34116783,490260473,524377256,361902324,886279580,10.879043780279675,34.225532996240894,0.46714091300964355,5,123,86,1.4186046
17,20,26285,00:28:22.8900000,113,106595,665592,41928988,61140571,987741736,1048882307,615767540,1664649847,12.11308887302503,30.15142136358462,0.552536129951477,6,114,73,1.5479453
18,0,4693,00:00:00.0560000,1,1,2,1002,1002,8,1010,11240,12250,1,1,0,0,1,1,0
18,1,5555,00:00:00.0750000,2,3,9,1812,1813,188,2001,22940,24941,1.0016556291390728,1.0033167587117817,0,1,2,1,1
18,2,6311,00:00:00.1040000,2,5,19,3275,3279,724,4003,40575,44578,1.0051908396946565,1.0104355856106273,0,1,2,1,1
18,3,7146,00:00:00.1210000,3,12,39,5769,5786,2217,8003,75643,83646,1.0171606864274572,1.0349569076543974,0.004091112874448299,1,3,2,1
18,4,8272,00:00:00.1640000,4,18,81,9784,9844,6158,16002,159249,175251,1.0499795584627964,1.106442129369426,0.034074172377586365,1,4,3,1
18,5,9441,00:00:00.2250000,10,35,151,16850,16951,15064,32015,304413,336428,1.1445697329376854,1.352677618219407,0.08994472026824951,1,10,9,1
18,6,10681,00:00:00.3220000,16,51,257,28349,28609,35405,64014,560756,624770,1.4094677060919256,2.3578673630583653,0.23644492030143738,2,16,11,1.3636364
18,7,11834,00:00:00.4660000,28,86,442,48556,48901,79138,128039,953911,1081950,1.8280336106763324,4.554508333743462,0.3763653039932251,2,28,22,1.2272727
18,8,12890,00:00:00.6970000,32,111,692,82754,83691,172356,256047,1542597,1798644,2.2754428788940717,6.592100839151656,0.49952617287635803,3,32,24,1.2916666
18,9,13941,00:00:01.0380000,35,225,1176,137374,140183,371871,512054,2497909,3009963,2.66091836883253,7.380403591239153,0.6117401123046875,3,35,22,1.5454545
18,10,15062,00:00:01.6920000,45,360,2029,228946,236447,787810,1024257,4151872,5176129,3.0075913097411617,7.180902409485881,0.6522455215454102,3,45,31,1.4193548
18,11,16274,00:00:02.8940000,61,660,3600,378633,395031,1653133,2048164,7036861,9085025,3.4126660909112516,10.53722851299468,0.6358253359794617,3,62,44,1.3863636
18,12,17534,00:00:05.1690000,69,1167,6238,625645,671161,3426482,4097643,11836489,15934132,4.007242126125838,15.382048489382555,0.6062575578689575,4,70,50,1.38
18,13,18817,00:00:09.1930000,78,2020,10970,1053471,1157358,7036899,8194257,19672005,27866262,4.7871787642944135,10.78756005344453,0.4684695601463318,5,79,56,1.3928572
18,14,20130,00:00:20.0310000,67,3446,19304,1769184,1996752,14390867,16387619,32548683,48936302,5.591363589089659,13.22225837892975,0.45509424805641174,4,68,47,1.4255319
18,15,21498,00:00:59.6150000,78,6069,34569,2990341,3454066,29326350,32780416,54064990,86845406,6.3911948503531875,17.660792919520805,0.48202216625213623,5,79,56,1.3928572
18,16,22922,00:02:15.0540000,102,10377,61957,5123351,6071928,59487500,65559428,89940889,155500317,7.427868596159037,17.41610229291249,0.36027583479881287,6,103,68,1.5
18,17,24329,00:04:24.4800000,84,18286,110451,8996704,10829700,120294212,131123912,144597541,275721453,8.646454523790046,7.920313524095055,0.2369997203350067,6,85,61,1.3770492
18,18,25776,00:08:20.0660000,85,32310,198906,15635834,19215234,243023650,262238884,234098927,496337811,9.7301888725603,7.946002327832522,0.20628157258033752,7,86,61,1.3934426
18,19,27288,00:15:36.7490000,94,58177,363668,27146880,34973776,489505033,524478809,382930885,907409694,11.205957922236367,16.87460863798556,0.3489110767841339,6,95,71,1.3239436
18,20,28767,00:28:19.0590000,69,105613,666432,53554335,66296157,982488760,1048784917,614919578,1663704495,13.07236551438833,6.11797319319319,0.286925733089447,6,70,46,1.5
1,0,4904,00:00:00.0750000,3,3,5,989,989,12,1001,10458,11459,1.0182002022244692,1.0371328550836845,0,1,3,2,1
1,1,6141,00:00:00.1090000,2,3,12,1816,1817,185,2002,27833,29835,1.001101321585903,1.0022050558122626,0,1,2,1,1
1,2,7000,00:00:00.1390000,2,3,23,3240,3242,765,4007,48448,52455,1.0108024691358024,1.021838225206865,0,1,2,1,1
1,3,7917,00:00:00.1570000,6,7,36,5793,5798,2212,8010,87806,95816,1.034006559640946,1.0709198033353118,0.018008718267083168,1,6,5,1
1,4,8955,00:00:00.1880000,6,19,68,9951,9995,6015,16010,164652,180662,1.0899407094764346,1.202339085815639,0.062024571001529694,1,6,5,1
1,5,10116,00:00:00.2410000,15,38,134,17043,17127,14885,32012,307936,339948,1.2877427682919673,1.8386362817181001,0.1747085601091385,2,15,13,1.0769231
1,6,11176,00:00:00.3210000,18,47,223,28818,29002,35002,64004,527834,591838,1.5946630578110903,3.5317231895066517,0.30638113617897034,2,18,16,1.0625
1,7,12206,00:00:00.4380000,22,78,388,49111,49558,78448,128006,878867,1006873,1.9757691759483618,5.713711028538407,0.36807191371917725,2,22,19,1.1052631
1,8,13205,00:00:00.6420000,28,137,657,82595,83756,172395,256151,1436483,1692634,2.37372722319753,7.034846601129173,0.3915538489818573,3,28,23,1.173913
1,9,14219,00:00:00.9590000,31,236,1114,138351,141591,370587,512178,2358898,2871076,2.7403632789065493,5.78237564025037,0.35406333208084106,3,31,24,1.25
1,10,15314,00:00:01.5740000,36,392,1959,228413,237525,786811,1024336,3978396,5002732,3.0707534159614385,5.426754327088622,0.3214191496372223,4,36,27,1.2962962
1,11,16497,00:00:02.8050000,50,668,3520,377234,397210,1652020,2049230,6799411,8848641,3.4718689195565617,7.473086879194912,0.28990811109542847,4,51,39,1.2820513
1,12,17746,00:00:04.9890000,66,1182,6272,621711,670809,3425743,4096552,11557215,15653767,3.9657831371811016,9.747437907037417,0.4296517074108124,4,66,53,1.226415
1,13,19068,00:00:09.1210000,77,1968,11068,1016891,1141382,7052680,8194062,19638865,27832927,4.597422929301174,13.632841559411501,0.40863391757011414,4,78,59,1.3050847
1,14,20438,00:00:17.1250000,82,3458,19618,1720626,1970464,14420279,16390743,33065570,49456313,5.422259689206138,13.908607538925171,0.41165730357170105,5,83,59,1.3898305
1,15,21841,00:00:46.7430000,77,6107,35047,2943081,3441094,29333955,32775049,55083103,87858152,6.378199240863571,14.595361298476071,0.4956900179386139,6,78,52,1.4807693
1,16,23183,00:01:53.1470000,65,10460,61294,5662433,6412959,59133589,65546548,88388489,153935037,8.196327974211792,15.780749164512887,0.3461180329322815,7,66,38,1.7105263
1,17,24365,00:03:34.2210000,42,18007,105743,10886902,11981959,119130930,131112889,134228788,265341677,9.776532111706342,6.327152639550405,0.2579379975795746,6,43,26,1.6153846
1,18,25600,00:06:40.0920000,45,31789,189009,18067631,20865454,241372507,262237961,211119783,473357744,10.596343593689731,6.756091323332242,0.26985421776771545,5,46,37,1.2162162
1,19,26967,00:12:52.4370000,78,59315,348970,28449545,36342148,488087224,524429372,346236254,870665626,11.493892292477788,11.736494253184388,0.44872555136680603,5,78,59,1.3050847
1,20,28421,00:24:51.6390000,94,109042,651077,49581856,66341630,982716216,1049057846,574824535,1623882381,13.052803126208103,25.606881228385724,0.5285817980766296,6,95,67,1.4029851
19,0,7459,00:00:00.1910000,3,3,7,994,994,10,1004,15325,16329,1.0060362173038229,1.0121556791304307,0,1,3,2,1
19,1,8557,00:00:00.2430000,5,6,11,1821,1822,180,2002,29719,31721,1.0505216913783635,1.1073020807911833,0.02303350530564785,1,5,4,1
19,2,9326,00:00:00.2910000,4,11,26,3233,3246,757,4003,48403,52406,1.1051654809774203,1.2380953021279366,0.06357111781835556,1,4,3,1
19,3,10162,00:00:00.3210000,8,10,37,5844,5850,2160,8010,83710,91720,1.1848049281314168,1.4640432855504295,0.08851777017116547,1,8,7,1
19,4,11011,00:00:00.3580000,8,16,56,10003,10023,5978,16001,147035,163036,1.3591922423273017,2.1064286987863525,0.18547116219997406,1,8,7,1
19,5,11878,00:00:00.4050000,9,27,106,17393,17448,14563,32011,254042,286053,1.5907549013971138,2.8504937173882214,0.2892521321773529,2,9,7,1.1428572
19,6,12734,00:00:00.4790000,9,44,175,29089,29344,34689,64033,431078,495111,1.7907800199388084,2.8664621324772472,0.39937278628349304,2,9,7,1.1428572
19,7,13703,00:00:00.6030000,13,84,350,48942,49494,78594,128088,765040,893128,1.9345756201217768,2.5840197697683793,0.4404870867729187,2,13,10,1.2
19,8,14808,00:00:00.9000000,24,130,632,81162,82530,173489,256019,1386117,1642136,2.0689608437446094,2.672670992714646,0.42310407757759094,3,24,18,1.2777778
19,9,16044,00:00:01.4050000,36,251,1203,133761,137287,374956,512243,2515064,3027307,2.307212117134292,3.7453324448576577,0.3869437873363495,3,36,28,1.25
19,10,17316,00:00:02.3710000,59,453,2191,223730,231474,792692,1024166,4384860,5409026,2.773454610467975,5.964550170375917,0.3323805034160614,4,59,48,1.2083334
19,11,18581,00:00:04.4490000,77,658,3782,375530,394607,1653432,2048039,7391255,9439294,3.388648044097675,7.128603155912022,0.2860548794269562,4,78,59,1.3050847
19,12,19832,00:00:07.3550000,86,1206,6489,627756,672919,3423682,4096601,12149600,16246201,4.0508079572317905,7.581043155827073,0.2488192617893219,5,87,61,1.409836
19,13,21121,00:00:12.6050000,76,1963,11336,1040800,1150784,7042359,8193143,20030504,28223647,4.711952344350499,12.145917135737696,0.35705822706222534,4,77,53,1.4339622
19,14,22476,00:00:24.5220000,88,3429,19925,1757297,1971363,14417437,16388800,33325229,49714029,5.415490950021539,16.590288105854867,0.4275566041469574,5,89,61,1.4426229
19,15,23895,00:01:03.4900000,93,6061,35407,2929121,3401728,29374338,32776066,55617256,88393322,6.226310555282626,15.912602083840472,0.5155872106552124,5,94,67,1.3880597
19,16,25388,00:02:25.8680000,102,10735,64095,4907443,5905534,59646425,65551959,93224841,158776800,7.101530267391796,17.72853119172416,0.5498650670051575,4,103,72,1.4166666
19,17,26901,00:04:55.8340000,108,18369,113858,8575659,10514713,120567416,131082129,152474240,283556369,8.322777526485137,22.760557128000347,0.5764138102531433,5,109,70,1.5428572
19,18,28376,00:09:23.5190000,88,32427,202601,15975875,19371678,242859408,262231086,243362594,505593680,9.910068024443106,13.44883746346803,0.3993986248970032,6,89,62,1.4193548
19,19,29776,00:16:51.2310000,46,57919,363155,32175125,37788466,486760773,524549239,380761385,905310624,12.139523405114977,3.117454910302841,0.15047889947891235,7,47,32,1.4375
19,20,31123,00:29:44.9560000,41,103938,657663,58367967,68982611,980009572,1048992183,593142313,1642134496,13.40363812911284,2.4500447118085105,0.06197354942560196,7,42,34,1.2058823
20,0,4884,00:00:00.1310000,1,1,2,992,992,9,1001,11381,12382,1,1,0,0,1,1,0
20,1,5816,00:00:00.1650000,3,4,8,1824,1825,183,2008,23418,25426,1.0038377192982457,1.007710968776495,0,1,3,2,1
20,2,6523,00:00:00.2260000,5,7,19,3316,3321,681,4002,39829,43831,1.014173703256936,1.028882602197865,0,1,5,4,1
20,3,7509,00:00:00.2640000,6,9,33,5759,5766,2238,8004,81839,89843,1.0553915610349018,1.119466839640444,0.041908130049705505,1,6,5,1
20,4,8599,00:00:00.3190000,13,20,72,9926,9940,6061,16001,162853,178854,1.1665323393109006,1.4195471673037459,0.10750769823789597,2,13,11,1.0909091
20,5,9666,00:00:00.3960000,14,30,124,16989,17102,14911,32013,294891,326904,1.4060862911295544,2.458795569106041,0.2631901204586029,2,14,11,1.1818181
20,6,10629,00:00:00.5040000,22,58,221,29008,29262,34774,64036,493674,557710,1.7447600661886375,4.638629673508923,0.3913003206253052,2,22,18,1.1666666
20,7,11605,00:00:00.6950000,29,96,390,49444,50073,78018,128091,827188,955279,2.0769355230159374,6.026579803195122,0.4242529273033142,3,29,23,1.2173913
20,8,12576,00:00:00.9700000,38,146,643,82990,84474,171539,256013,1371827,1627840,2.4301241113387153,6.521813696112649,0.4170687794685364,3,38,30,1.2333333
20,9,13563,00:00:01.3680000,47,239,1092,139238,142380,369684,512064,2270121,2782185,2.827029977448685,5.795460812254358,0.3637373745441437,3,47,37,1.2432432
20,10,14606,00:00:02.0820000,52,406,1895,232060,240776,783344,1024120,3810522,4834642,3.229979315694217,6.044319182896878,0.3798854351043701,4,52,38,1.3421053
20,11,15709,00:00:03.5050000,60,676,3361,384377,404476,1644392,2048868,6425454,8474322,3.682894658109096,6.9448404553425505,0.3642025291919708,5,61,45,1.3333334
20,12,16865,00:00:05.9880000,61,1162,5986,642926,689732,3407815,4097547,10825163,14922710,4.327423373763077,8.497550140974443,0.3808366060256958,4,62,45,1.3555555
20,13,18019,00:00:10.3370000,58,1987,10387,1111824,1204690,6992176,8196866,17875635,26072501,5.282505144699161,4.6493417559752865,0.29609474539756775,5,59,40,1.45
20,14,19197,00:00:18.9330000,58,3420,18253,1886337,2061411,14325626,16387037,29451814,45838851,5.936028928022935,2.326680183581232,0.26638612151145935,5,59,41,1.4146341
20,15,20493,00:00:44.4620000,70,5942,32956,3089490,3522102,29255945,32778047,49859188,82637235,6.586696186101913,4.059944970558827,0.18795783817768097,5,71,52,1.3461539
20,16,21835,00:01:49.1470000,83,10710,59494,5314576,6255884,59304037,65559921,83502759,149062680,7.787106817176008,5.362301998216543,0.20816439390182495,6,84,61,1.3606558
20,17,23065,00:03:36.8970000,59,18655,104934,10680653,12160994,118977582,131138576,130872876,262011452,10.1065243857281,3.910535677386961,0.1437673419713974,5,59,47,1.2340425
20,18,24190,00:06:30.8260000,39,31941,185198,20182492,22306109,239934683,262240792,200780817,463021609,11.391983507289387,2.7625819160933194,0.07447503507137299,6,40,31,1.2580645
20,19,25430,00:12:15.2640000,65,58236,339523,32576393,38417740,486036266,524454006,323822077,848276083,12.10091743429053,4.368452296815399,0.1780838817358017,4,66,54,1.2037038
20,20,26807,00:23:59.6220000,83,109339,636443,50305260,67612764,981348523,1048961287,541045934,1590007221,13.131756062884875,14.436533510703166,0.2547130584716797,5,84,62,1.3387097
21,0,5389,00:00:00.1030000,2,2,8,1004,1004,3,1007,11671,12678,1.002988047808765,1.0059939373000626,0,1,2,1,1
21,1,6106,00:00:00.1300000,4,4,13,1833,1833,176,2009,20807,22816,1.0163666121112929,1.0333900355272858,0,1,4,3,1
21,2,6949,00:00:00.1870000,6,9,23,3270,3275,735,4010,41164,45174,1.075229357798165,1.1655933992312,0.046769656240940094,1,6,5,1
21,3,7773,00:00:00.2110000,6,12,35,5862,5871,2140,8011,76283,84294,1.168372569089048,1.418177700561007,0.10703747719526291,1,6,5,1
21,4,8603,00:00:00.2440000,9,21,66,10109,10154,5875,16029,137210,153239,1.35324957958255,2.125056195741932,0.19955109059810638,1,9,8,1
21,5,9456,00:00:00.2950000,13,31,124,17300,17360,14684,32044,243677,275721,1.567514450867052,3.2149787738384306,0.3029972016811371,2,13,11,1.0909091
21,6,10359,00:00:00.3860000,12,57,217,29237,29476,34580,64056,430575,494631,1.77709751342477,3.7571374140360247,0.42419812083244324,2,12,10,1.1
21,7,11325,00:00:00.5180000,15,84,375,49080,49721,78329,128050,761540,889590,1.9752444987775062,3.8997774528734355,0.4774596095085144,3,15,12,1.1666666
21,8,12362,00:00:00.7790000,29,141,646,82178,83387,172784,256171,1343475,1599646,2.249178612280659,4.596168969439799,0.3874618113040924,3,29,23,1.2173913
21,9,13423,00:00:01.2020000,39,215,1114,138469,141564,370608,512172,2307029,2819201,2.738417985253017,6.427644747932623,0.31659528613090515,4,39,32,1.1875
21,10,14452,00:00:01.9370000,37,417,1936,233659,242762,781845,1024607,3822984,4847591,3.396933137606512,4.517154661149484,0.23855720460414886,4,38,29,1.2758621
21,11,15468,00:00:03.2040000,36,697,3298,390796,413631,1635151,2048782,6228782,8277564,3.9808032835545912,3.2329909233135683,0.16039621829986572,4,37,29,1.2413793
21,12,16540,00:00:05.4410000,44,1172,5875,656292,700205,3398276,4098481,10320495,14418976,4.497763190774838,4.571546971134905,0.1782444715499878,4,44,33,1.3030303
21,13,17705,00:00:09.7560000,60,1897,10208,1088464,1183224,7012313,8195537,17468339,25663876,5.016430492878038,7.963380347909004,0.21389780938625336,5,61,45,1.3333334
21,14,18963,00:00:18.9600000,74,3411,18396,1793782,2019192,14365598,16384790,29824442,46209232,5.676923951739955,15.153491831375682,0.3737277090549469,4,75,56,1.3214285
21,15,20294,00:00:49.9090000,90,5919,33151,3013635,3497545,29280003,32777548,50744126,83521674,6.535748357050538,19.956647590714095,0.47899654507637024,5,91,66,1.3636364
21,16,21686,00:02:01.0760000,97,10499,60254,5123987,6102114,59440787,65542901,85862566,151405467,7.480389392088622,16.173916909807133,0.5399755239486694,5,98,65,1.4923077
21,17,23116,00:04:13.9600000,89,18519,108775,8421796,10580177,120528868,131109045,141410063,272519108,8.335390693386541,11.492816059396251,0.5587378740310669,4,90,65,1.3692307
21,18,24655,00:08:42.1900000,109,32656,199051,13612861,18454662,243701714,262156376,236472370,498628746,9.259251820759795,10.067502494780138,0.39517033100128174,5,110,82,1.3292683
21,19,26260,00:17:21.7170000,100,58524,366781,24963026,33802482,490514008,524316490,394130155,918446645,10.900342570648286,10.53435472077859,0.39506664872169495,5,101,67,1.4925373
21,20,27850,00:33:17.6740000,80,104069,676739,48949096,62559160,986126286,1048685446,643347852,1692033298,12.411946525018562,5.483537138015926,0.32772690057754517,6,81,61,1.3114754
22,0,3095,00:00:00.0430000,3,3,8,989,989,12,1001,8720,9721,1.0040444893832154,1.0081299730647908,0,1,3,2,1
22,1,4083,00:00:00.0760000,6,6,18,1821,1821,180,2001,22145,24146,1.043382756727073,1.0918413035296661,0.027263758704066277,1,6,5,1
22,2,4980,00:00:00.1110000,7,9,31,3274,3278,727,4005,43406,47411,1.1093463653023825,1.2515826040686977,0.06179971620440483,1,7,6,1
22,3,5746,00:00:00.1300000,7,11,48,5828,5837,2172,8009,76360,84369,1.2266643788606726,1.569556128450025,0.1062682494521141,2,7,5,1.2
22,4,6581,00:00:00.1570000,9,15,76,10193,10213,5791,16004,136505,152509,1.451486314137153,2.336987176855974,0.18007199466228485,2,9,7,1.1428572
22,5,7341,00:00:00.1960000,9,33,137,17456,17566,14447,32013,229795,261808,1.7673579285059577,3.493723688855314,0.215633362531662,2,9,7,1.1428572
22,6,8079,00:00:00.2480000,14,55,210,29868,30112,33905,64017,382064,446081,2.1892995848399623,3.689436483669771,0.1970730572938919,3,14,11,1.1818181
22,7,8802,00:00:00.3310000,19,88,350,51120,51751,76261,128012,629009,757021,2.546478873239437,2.524527298119372,0.16602954268455505,3,19,14,1.2857143
22,8,9576,00:00:00.5000000,23,147,604,85497,86903,169125,256028,1063435,1319463,2.835140414283542,1.7978130466575115,0.14550402760505676,3,23,18,1.2222222
22,9,10445,00:00:00.7670000,32,238,1043,142233,145550,366668,512218,1856206,2368424,3.087349630535811,1.7758534504802612,0.11679822206497192,4,32,25,1.24
22,10,11400,00:00:01.2500000,40,406,1793,236410,244835,779403,1024238,3268047,4292285,3.488185778943361,2.9769848558559215,0.1387459933757782,4,41,31,1.2903225
22,11,12380,00:00:02.1510000,48,628,3076,400903,418070,1630264,2048334,5586709,7635043,4.127988565812678,6.362042780863157,0.3099588453769684,4,48,36,1.3055556
22,12,13394,00:00:03.7880000,46,1133,5499,669918,711625,3384386,4096011,9452280,13548291,4.70053946900964,4.17719389893194,0.5324740409851074,5,47,31,1.483871
22,13,14515,00:00:07.0080000,61,1903,9915,1113314,1194427,6998860,8193287,16342250,24535537,5.141430000880255,3.888243114229135,0.516078531742096,5,62,41,1.4878049
22,14,15734,00:00:16.6110000,62,3324,18043,1849530,2054043,14335133,16389176,28304603,44693779,5.900284396576428,8.670095596797173,0.4454955756664276,5,63,43,1.4418604
22,15,16990,00:00:51.3620000,69,5949,32567,3164569,3580455,29198883,32779338,48063970,80843308,6.8209800449919085,6.674742716236819,0.37173959612846375,5,70,51,1.3529412
22,16,18329,00:01:59.9400000,77,10447,59075,5263345,6203745,59354890,65558635,81854977,147413612,7.646592613632586,10.381531554881585,0.3135026693344116,6,78,54,1.425926
22,17,19633,00:03:57.1900000,84,18562,105243,9802433,11421300,119707657,131128957,132210161,263339118,9.30193769240759,6.701567187518888,0.2707401514053345,5,85,64,1.3125
22,18,20940,00:07:23.6970000,50,32323,189982,17133870,20245105,242003644,262248749,213326524,475575273,10.309801405053266,4.457683600010757,0.2058170586824417,6,51,38,1.3157895
22,19,22375,00:14:07.7180000,84,58293,351426,27674534,35326111,489142279,524468390,355072878,879541268,11.201572138486595,8.445920568707558,0.3133932054042816,5,85,64,1.3125
22,20,23846,00:26:42.2780000,69,108211,653733,52204116,67247254,981818368,1049065622,585535717,1634601339,13.289362739137275,5.071919465983796,0.26503363251686096,5,70,47,1.468085
23,0,6361,00:00:00.0700000,2,2,4,993,993,9,1002,9604,10606,1.0050352467270895,1.0101211472104388,0,1,2,1,1
23,1,7234,00:00:00.0880000,3,3,8,1820,1820,189,2009,21618,23627,1.0104395604395604,1.0211411401688304,0,1,3,2,1
23,2,8027,00:00:00.1260000,3,6,14,3293,3298,718,4016,40641,44657,1.0297600971758276,1.061384852446378,0.005932975560426712,1,3,2,1
23,3,8938,00:00:00.1440000,3,5,39,5802,5807,2198,8005,79313,87318,1.0794553602206136,1.172878316431069,0.036030128598213196,1,3,2,1
23,4,9958,00:00:00.1730000,5,17,79,9949,9987,6019,16006,153997,170003,1.1582068549602975,1.3677410960075833,0.029295530170202255,1,5,4,1
23,5,10980,00:00:00.2220000,11,23,139,17134,17196,14811,32007,279299,311306,1.3301622504960897,1.8317809244304233,0.04880558326840401,2,11,9,1.1111112
23,6,12020,00:00:00.2980000,17,42,243,28736,28918,35101,64019,494952,558971,1.5884604677060135,2.3084409017304,0.11324909329414368,2,17,15,1.0666667
23,7,13067,00:00:00.4250000,21,83,413,48698,49263,78789,128052,853461,981513,1.9018029487863979,2.286031936822817,0.14639031887054443,2,21,18,1.1111112
23,8,14134,00:00:00.6650000,28,144,698,81707,83193,172871,256064,1450983,1707047,2.2503335087568996,2.8854514952494923,0.16567263007164001,3,28,23,1.173913
23,9,15211,00:00:01.0090000,34,236,1204,136469,140620,371719,512339,2431275,2943614,2.640321245117939,5.040918781440696,0.20712031424045563,3,34,29,1.137931
23,10,16341,00:00:01.6980000,44,402,2076,225791,236173,788333,1024506,4103328,5127834,3.028756682064387,7.180625854584266,0.2485571950674057,4,44,35,1.2285714
23,11,17525,00:00:02.9050000,55,665,3610,376509,399295,1649256,2048551,6920018,8968569,3.5535007131303633,11.339855987347395,0.29505452513694763,5,56,41,1.3414634
23,12,18684,00:00:04.9850000,59,1125,6125,648562,695790,3402405,4098195,11315189,15413384,4.432065091695166,13.592234173645908,0.3161454200744629,5,60,41,1.4390244
23,13,19795,00:00:08.3940000,54,1957,10514,1131715,1220194,6975439,8195633,18109878,26305511,5.418968556571222,3.6177043455648983,0.3595922887325287,5,55,35,1.5428572
23,14,20948,00:00:17.2060000,46,3344,18354,1878404,2077841,14315443,16393284,29456185,45849469,6.019462266903179,2.2386738165734723,0.3113093376159668,3,47,36,1.2777778
23,15,22230,00:00:50.6220000,75,6000,33062,3071584,3511114,29271301,32782415,49673529,82455944,6.532142699011325,4.3853812841914825,0.24262984097003937,4,76,61,1.2295082
23,16,23628,00:02:01.1160000,109,10687,60196,5091587,6107332,59436639,65543971,84951844,150495815,7.488903165162453,15.994706030691566,0.3847736716270447,4,110,86,1.2674419
23,17,25007,00:04:04.7100000,91,18258,107524,8926471,10905173,120219451,131124624,138401187,269525811,8.726711821502585,3.6034576731158725,0.27014797925949097,5,92,68,1.3382353
23,18,26459,00:07:59.1680000,97,32261,195755,15083818,19090833,243142687,262233520,228275503,490509023,9.649424900247404,5.786575906277125,0.30039742588996887,5,98,73,1.3287672
23,19,27970,00:15:17.2160000,90,58329,360010,27240175,35236920,489173355,524410275,376825621,901235896,11.341256214396568,19.60945994192782,0.34129661321640015,5,91,58,1.5517242
23,20,29450,00:27:57.5940000,62,104726,662376,52093047,65212140,983762430,1048974570,609416707,1658391277,12.829044805154131,3.6417698180115448,0.23146706819534302,6,63,43,1.4418604
24,0,4187,00:00:00.0520000,2,2,4,992,992,12,1004,10249,11253,1.001008064516129,1.0020182192729097,0,1,2,1,1
24,1,4897,00:00:00.0680000,1,3,9,1811,1813,192,2005,20088,22093,1,1,0,0,1,1,0
24,2,5747,00:00:00.0980000,2,5,15,3254,3261,751,4012,40532,44544,1.0162876459741856,1.03310553157751,0,1,2,1,1
24,3,6601,00:00:00.1130000,4,11,31,5769,5784,2229,8013,76701,84714,1.0370948171260184,1.0771720428504792,0.009894653223454952,1,4,3,1
24,4,7639,00:00:00.1510000,8,16,58,9894,9915,6086,16001,153464,169465,1.1230038407115424,1.2253665243618141,0.03955002874135971,2,8,6,1.1666666
24,5,8680,00:00:00.1910000,10,29,99,17214,17288,14726,32014,281654,313668,1.5029046125246892,2.143660904408987,0.10930348932743073,2,10,8,1.125
24,6,9514,00:00:00.2440000,14,47,183,29623,29848,34157,64005,453418,517423,2.105053505721905,3.1844970918384607,0.13906429708003998,3,14,11,1.1818181
24,7,10267,00:00:00.3180000,20,80,312,51043,51503,76575,128078,711746,839824,2.6076445349999022,2.045177228224898,0.12422017008066177,4,20,15,1.2666667
24,8,11028,00:00:00.4430000,25,127,520,86239,87294,168938,256232,1137631,1393863,2.906875079720312,1.537401783676965,0.08403212577104568,4,25,21,1.1428572
24,9,11870,00:00:00.6760000,27,200,909,142501,145808,366264,512072,1908096,2420168,3.1485743959691512,1.6489914037039564,0.06340669840574265,4,27,23,1.1304348
24,10,12795,00:00:01.1090000,39,369,1624,240192,246864,777569,1024433,3271265,4295698,3.5954111710631493,2.9943266841893497,0.08012739568948746,5,40,31,1.2580645
24,11,13726,00:00:01.8940000,42,685,2902,408058,425542,1623475,2049017,5472875,7521892,4.326654544206951,4.198881232395331,0.16616640985012054,5,42,33,1.2424242
24,12,14665,00:00:03.3480000,45,1104,5170,695353,735118,3361164,4096282,9054569,13150851,5.109406301547559,3.3013278865476057,0.12548287212848663,6,46,37,1.2162162
24,13,15628,00:00:05.9490000,42,1945,9224,1187979,1279244,6915864,8195108,14953135,23148243,5.975243670132216,4.830447336213121,0.13936255872249603,5,42,32,1.28125
24,14,16615,00:00:11.9490000,47,3336,16350,2073014,2238009,14155026,16393035,24653444,41046479,6.90826062920945,3.9126986750837527,0.09877374023199081,6,48,37,1.2702702
24,15,17638,00:00:37.0330000,51,5868,29416,3608305,3941432,28830187,32771619,40678916,73450535,7.944214250181179,6.644599831925707,0.1441175937652588,6,51,36,1.3888888
24,16,18613,00:01:19.3860000,42,10687,52080,6770913,7392562,58152597,65545159,64382089,129927248,9.760279891352909,7.992177532802981,0.22836074233055115,7,43,29,1.4482758
24,17,19564,00:02:31.5660000,39,18485,93218,12234769,13343445,117762427,131105872,101537939,232643811,10.962662065789718,3.869088039922153,0.20683440566062927,7,40,24,1.625
24,18,20613,00:04:54.1710000,56,33202,171735,20296201,22987461,239311344,262298805,166939644,429238449,11.688027971343011,5.374299884961258,0.2335565686225891,6,57,41,1.3658537
24,19,21776,00:09:46.6520000,67,61253,322653,33565782,40561660,483967429,524529089,282296422,806825511,12.770889085795767,9.750064646549896,0.2563532292842865,6,68,49,1.3673469
24,20,23008,00:19:31.3200000,64,113167,610974,59420481,74058656,975074691,1049133347,476575588,1525708935,14.269177221907713,17.316622270736886,0.41241493821144104,6,64,43,1.4651163
25,0,3726,00:00:00.0940000,1,1,3,992,992,9,1001,8901,9902,1,1,0,0,1,1,0
25,1,4623,00:00:00.1250000,2,4,7,1811,1813,188,2001,20789,22790,1.0049696300386526,1.009988705710562,0,1,2,1,1
25,2,5355,00:00:00.1680000,3,4,14,3267,3268,738,4006,38298,42304,1.0140801958983776,1.028648862464076,0,1,3,2,1
25,3,6365,00:00:00.2130000,4,5,30,5794,5796,2214,8010,80849,88859,1.0686917500862962,1.1498446579609582,0.04941759631037712,1,4,3,1
25,4,7381,00:00:00.2550000,6,11,58,10011,10021,5990,16011,155056,171067,1.2596144241334533,1.7054373249134134,0.173882856965065,2,6,4,1.25
25,5,8309,00:00:00.3120000,9,25,107,17088,17134,14884,32018,269709,301727,1.4849602059925093,2.604546134921913,0.23076745867729187,2,9,7,1.1428572
25,6,9187,00:00:00.3980000,15,48,207,29531,29701,34325,64026,449104,513130,1.9056245978801938,4.422559467721351,0.2584036588668823,3,15,12,1.1666666
25,7,10030,00:00:00.5290000,16,88,363,50222,50794,77289,128083,736957,865040,2.3351121022659393,3.7738833836925916,0.26326796412467957,3,16,13,1.1538461
25,8,10865,00:00:00.7770000,21,151,603,84277,85971,170106,256077,1204263,1460340,2.7384458393155904,2.4359605104574107,0.21861356496810913,4,21,16,1.25
25,9,11751,00:00:01.1120000,35,234,1059,142068,145289,366836,512125,2013103,2525228,3.0961018667117157,2.271320419078595,0.13569176197052002,4,35,28,1.2142857
25,10,12681,00:00:01.7180000,43,403,1801,239073,246383,778027,1024410,3385347,4409757,3.59071078708177,4.020192568838509,0.13612563908100128,5,44,33,1.3030303
25,11,13609,00:00:02.7310000,47,656,3044,412057,427267,1621749,2049016,5578449,7627465,4.384679789446606,9.103046375413744,0.1675652116537094,5,48,36,1.3055556
25,12,14521,00:00:04.5030000,45,1114,5337,709258,742950,3353372,4096322,9055084,13151406,5.25038420433749,4.212485963867231,0.1845860481262207,5,46,34,1.3235294
25,13,15481,00:00:07.6630000,45,1938,9396,1193575,1262652,6933126,8195778,14947638,23143416,5.803878264876526,2.1744893641704937,0.12486868351697922,6,46,33,1.3636364
25,14,16564,00:00:13.9700000,52,3370,16972,1934828,2119925,14271581,16391506,25619728,42011234,6.222009915093228,2.347951048676518,0.1502152979373932,5,53,39,1.3333334
25,15,17763,00:00:26.6430000,64,5978,31167,3202828,3661451,29109165,32770616,44507519,77278135,7.0809038137545945,7.441370545984517,0.2466224879026413,6,65,49,1.3061224
25,16,18914,00:00:53.7530000,46,10401,55503,6078736,6860495,58683875,65544370,72704965,138249335,8.950652076352716,7.307790595846211,0.421601265668869,6,47,32,1.4375
25,17,19945,00:01:59.8710000,32,18345,97826,12106847,13070277,118083639,131153916,112769890,243923806,10.80683087842772,4.9359547909031605,0.12812097370624542,6,33,22,1.4545455
25,18,20992,00:04:15.6940000,26,32991,176810,20973463,23133660,239037850,262171510,177998902,440170412,11.776487173338996,4.170532901036606,0.1518014669418335,5,27,18,1.4444444
25,19,22161,00:09:02.5420000,38,60427,328339,33524945,40085937,484358539,524444476,294092708,818537184,12.583545893960453,5.3110814981596475,0.2817971408367157,5,38,26,1.4230769
25,20,23406,00:18:36.1950000,63,112968,617116,59617806,74038169,974627361,1048665530,490188046,1538853576,14.258548746325888,6.637488867006727,0.19385719299316406,6,64,50,1.26
26,0,5517,00:00:00.2060000,1,1,6,994,994,10,1004,13681,14685,1,1,0,0,1,1,0
26,1,6333,00:00:00.2370000,3,3,10,1816,1816,187,2003,24464,26467,1.0126651982378854,1.0256779295936236,0,1,3,2,1
26,2,7263,00:00:00.3020000,4,5,20,3248,3250,751,4001,46332,50333,1.0304802955665024,1.0633755893316512,0.02418474480509758,1,4,3,1
26,3,8139,00:00:00.3330000,6,11,34,5759,5765,2250,8015,84182,92197,1.0876888348671645,1.1955729900242373,0.04927178472280502,1,6,5,1
26,4,9066,00:00:00.3780000,9,14,66,9981,10002,6020,16022,152424,168446,1.2137060414788097,1.5447862403312107,0.09556113183498383,2,9,7,1.1428572
26,5,10011,00:00:00.4400000,11,23,118,17278,17324,14716,32040,269160,301200,1.4366824863988887,2.346390542208891,0.16961362957954407,2,11,9,1.1111112
26,6,10955,00:00:00.5290000,12,42,208,29131,29293,34715,64008,464411,528419,1.777693865641413,3.381710063054386,0.24943773448467255,2,12,10,1.1
26,7,11891,00:00:00.6800000,16,74,357,49077,49694,78399,128093,785258,913351,2.157466837826273,3.951844318986698,0.26290038228034973,3,16,13,1.1538461
26,8,12810,00:00:00.9500000,23,145,622,83641,85093,170961,256054,1298859,1554913,2.5179995456773594,4.230744166170119,0.249212846159935,3,23,18,1.2222222
26,9,13775,00:00:01.3230000,30,239,1059,139406,143455,368856,512311,2177869,2690180,2.8535213692380528,3.874351904358167,0.23229046165943146,3,30,25,1.16
26,10,14809,00:00:02.0130000,48,362,1829,233264,240525,783836,1024361,3706250,4730611,3.2391110501406133,4.664065810812907,0.2320505529642105,4,48,38,1.2368422
26,11,15897,00:00:03.2740000,56,653,3282,390053,407040,1641226,2048266,6283745,8332011,3.77630475858409,9.745656446456195,0.2477925568819046,5,57,46,1.2173913
26,12,17009,00:00:05.4690000,58,1092,5762,656212,696254,3401788,4098042,10516442,14614484,4.423163550803704,15.87507724730297,0.480000376701355,4,59,43,1.3488373
26,13,18184,00:00:09.6330000,60,1951,10215,1082259,1182436,7011050,8193486,17717154,25910640,5.026838307650941,14.782026537892472,0.5100798606872559,6,61,43,1.3953488
26,14,19412,00:00:20.8460000,63,3492,18424,1844171,2069427,14319441,16388868,29746323,46135191,6.024807352463519,14.044854862286911,0.3794054090976715,6,64,43,1.4651163
26,15,20548,00:00:50.8480000,53,5857,31956,3519443,3860910,28920514,32781424,47536270,80317694,7.7701747123053275,3.5221108647044224,0.15011654794216156,7,54,35,1.5142857
26,16,21584,00:01:38.5870000,40,10197,55216,6524780,7041505,58510334,65551839,72800460,138352299,9.151417978843732,3.445169336726331,0.11268112808465958,6,41,28,1.4285715
26,17,22659,00:03:06.0240000,39,18238,98484,11087781,12327227,118782477,131109704,114790017,245899721,10.026077986208422,2.3966306136611837,0.11470893025398254,6,40,29,1.3448275
26,18,23867,00:06:04.6730000,55,32878,180940,17450128,20994285,241217394,262211679,190079434,452291113,10.62473387014697,4.471410284742053,0.17639055848121643,4,55,43,1.255814
26,19,25227,00:12:17.6130000,92,60243,339665,26555406,36374679,487998829,524373508,324417119,848790627,11.479018773051333,14.70170496792279,0.2897745668888092,5,93,71,1.2957747
26,20,26695,00:24:47.9910000,99,109876,641518,44761476,65398035,983376579,1048774614,555309417,1604084031,12.917059772559778,29.227591502684366,0.5490137338638306,4,99,62,1.5806452
27,0,3539,00:00:00.0960000,2,2,8,991,991,10,1001,9225,10226,1.0040363269424823,1.0081051969928578,0,1,2,1,1
27,1,4192,00:00:00.1240000,2,2,10,1832,1832,172,2004,17908,19912,1.01528384279476,1.0310346108421111,0,1,2,1,1
27,2,4969,00:00:00.1720000,4,6,20,3243,3246,760,4006,36777,40783,1.0234350909651557,1.0481702091408678,0.007582521066069603,1,4,3,1
27,3,5917,00:00:00.2200000,6,8,36,5794,5796,2230,8026,77434,85460,1.055747324818778,1.1199166762320454,0.03967196121811867,1,6,5,1
27,4,6827,00:00:00.2600000,7,10,58,10141,10147,5882,16029,144227,160256,1.1416033921703974,1.3398599847043051,0.08509047329425812,1,7,6,1
27,5,7861,00:00:00.3300000,8,38,129,16995,17126,14887,32013,271964,303977,1.3628125919388054,2.1368204401980133,0.2147003710269928,2,8,6,1.1666666
27,6,8872,00:00:00.4380000,20,52,218,29207,29419,34606,64025,481427,545452,1.6827815249768892,3.504083727139929,0.2959706485271454,2,20,17,1.117647
27,7,9863,00:00:00.6130000,25,93,395,49183,49776,78267,128043,818596,946639,1.9919281052396154,4.1444503270709445,0.3343157470226288,2,25,22,1.0909091
27,8,10866,00:00:00.9120000,31,139,671,82464,83691,172327,256018,1379589,1635607,2.3614789483896,5.720008430783773,0.34357061982154846,3,31,27,1.1111112
27,9,11884,00:00:01.3330000,36,225,1172,138773,141670,370515,512185,2306038,2818223,2.7543830572229466,7.335649249060258,0.34523072838783264,4,36,27,1.2962962
27,10,12941,00:00:02.0830000,37,406,2005,232773,240766,783684,1024450,3863144,4887594,3.255798567703299,7.822295489959272,0.35594627261161804,4,37,25,1.44
27,11,13988,00:00:03.4140000,47,681,3370,393637,412198,1636542,2048740,6337544,8386284,3.9692635600820045,8.815508285373843,0.25850731134414673,5,48,34,1.382353
27,12,15025,00:00:05.6060000,47,1181,5835,671643,711307,3387253,4098560,10289712,14388272,4.729278798409274,9.076345980290176,0.2502850890159607,5,48,34,1.382353
27,13,16109,00:00:09.6830000,45,2022,10160,1125852,1215557,6980036,8195593,16944965,25140558,5.3357173056494105,7.895650574950264,0.4050803780555725,5,46,33,1.3636364
27,14,17293,00:00:22.2440000,62,3507,18312,1848472,2059106,14333764,16392870,28596509,44989379,5.873100593354944,5.92444297603869,0.3812880516052246,5,63,46,1.3478261
27,15,18584,00:00:57.7380000,81,6134,33166,3051169,3542574,29235990,32778564,48926378,81704942,6.680671244365684,10.066260933247555,0.38883286714553833,4,82,61,1.3278688
27,16,19922,00:02:05.2780000,81,10536,59419,5217087,6207991,59339852,65547843,82630673,148178516,7.692683867453236,6.6027855139367775,0.32442551851272583,5,82,58,1.3965517
27,17,21318,00:04:11.9390000,92,18322,107170,8531290,10621308,120503262,131124570,136708190,267832760,8.337428923410176,7.53568750738058,0.3205648362636566,5,93,70,1.3142858
27,18,22844,00:08:21.2860000,117,32639,197384,13732504,18635894,243528075,262163969,230931145,493095114,9.365707885466481,32.26349455981291,0.5479102730751038,4,118,84,1.3928572
27,19,24417,00:16:04.2660000,122,58593,364915,25214661,34040276,490460912,524501188,385585701,910086889,10.930450264629773,18.840016023579587,0.5220277309417725,5,123,79,1.5443038
27,20,26007,00:30:18.9420000,107,103971,673906,46892057,62402990,986349602,1048752592,634919387,1683671979,12.374611525359189,14.436104627679272,0.4389505386352539,5,108,72,1.4861112
28,0,2851,00:00:00.0790000,1,1,3,997,997,6,1003,7131,8134,1,1,0,0,1,1,0
28,1,3668,00:00:00.1100000,2,2,7,1828,1828,175,2003,17941,19944,1.0027352297592997,1.005485477487647,0,1,2,1,1
28,2,4523,00:00:00.1610000,4,4,18,3258,3258,755,4013,38433,42446,1.0196439533456108,1.0403153393028821,0.014536434784531593,1,4,3,1
28,3,5365,00:00:00.2060000,4,10,39,5763,5771,2246,8017,74797,82814,1.0577824049973972,1.1249841251373134,0.056718859821558,1,4,3,1
28,4,6370,00:00:00.2520000,5,15,69,10001,10023,5983,16006,149240,165246,1.1252874712528746,1.2989236249499037,0.11320259422063828,1,5,4,1
28,5,7509,00:00:00.3540000,8,27,137,17039,17108,14898,32006,289386,321392,1.2927988731733082,1.9119150596073264,0.21721690893173218,1,8,7,1
28,6,8587,00:00:00.4630000,13,43,240,28811,28930,35071,64001,512941,576942,1.5563152962410192,3.6061209449773566,0.351939857006073,2,13,11,1.0909091
28,7,9657,00:00:00.6650000,19,83,407,48554,49117,78899,128016,877960,1005976,1.7861968117971743,4.966883684496514,0.45381399989128113,2,19,15,1.2
28,8,10831,00:00:00.9770000,29,139,707,80716,82052,173976,256028,1536239,1792267,1.958769017295208,4.962040849614279,0.5203702449798584,2,29,24,1.1666666
28,9,12140,00:00:01.5710000,44,249,1306,132236,135847,376332,512179,2731806,3243985,2.173991953779606,6.193741840582026,0.5227389931678772,3,44,37,1.1621622
28,10,13517,00:00:02.7270000,65,435,2312,220044,229335,795125,1024460,4756773,5781233,2.6131637308901854,13.690065402316845,0.5565968155860901,3,65,52,1.2307693
28,11,14834,00:00:04.6580000,67,736,3994,371635,396062,1653021,2049083,7877752,9926835,3.4947434983249694,15.144757272569835,0.6387378573417664,4,68,50,1.34
28,12,15872,00:00:07.1360000,53,1225,6376,691696,735789,3360240,4096029,11791748,15887777,5.199960676366496,2.429004958907748,0.4075499475002289,5,54,34,1.5588236
28,13,16818,00:00:10.7620000,32,2033,10406,1203330,1275524,6918188,8193712,17596303,25790015,5.9340962163330095,1.3206084804535536,0.19790014624595642,4,33,24,1.3333334
28,14,17888,00:00:18.9230000,37,3321,17814,1951332,2121175,14263916,16385091,28153204,44538295,6.224526118569265,1.5973545357154428,0.1409776210784912,5,38,31,1.1935484
28,15,19062,00:00:48.6290000,54,5976,31918,3332396,3757543,29026044,32783587,46604909,79388496,7.407479483230684,4.295014563477485,0.2872694730758667,4,55,42,1.2857143
28,16,20151,00:01:40.2810000,49,10590,55742,6166738,6844482,58731604,65576086,73221254,138797340,8.837040912067287,1.7889322341927825,0.19194212555885315,5,50,38,1.2894737
28,17,21288,00:03:15.1740000,45,18451,99815,10704063,12118555,119007389,131125944,117490793,248616737,9.909933826062122,3.244310430980018,0.12950493395328522,5,46,32,1.40625
28,18,22408,00:06:01.7470000,44,33050,180067,20338730,22816270,239467871,262284141,186855516,449139657,11.686607718377696,2.519162637623078,0.1402074694633484,4,45,35,1.2571429
28,19,23592,00:11:31.3640000,51,58996,331606,33762347,39477159,485092472,524569631,304490910,829060541,12.415121081481688,3.221882141402232,0.1404736042022705,4,51,42,1.1904762
28,20,24928,00:23:13.5080000,81,109868,625572,52022566,69051882,979630100,1048681982,515358713,1564040695,13.369402366657576,10.676250969060302,0.24646128714084625,5,82,63,1.2857143
2,0,5519,00:00:00.0640000,1,1,6,991,991,11,1002,10110,11112,1,1,0,0,1,1,0
2,1,6317,00:00:00.0810000,2,2,7,1831,1831,176,2007,20580,22587,1.0021845985800109,1.0043786841443363,0,1,2,1,1
2,2,7033,00:00:00.1080000,2,5,12,3265,3269,733,4002,37704,41706,1.0033690658499235,1.0067608871226723,0,1,2,1,1
2,3,7828,00:00:00.1230000,6,13,28,5805,5821,2194,8015,71203,79218,1.0282515073212748,1.0586257110508304,0.017398862168192863,1,6,5,1
2,4,8901,00:00:00.1630000,11,20,66,9936,9962,6050,16012,150609,166621,1.1105072463768115,1.2600278170278991,0.09100274741649628,1,11,10,1
2,5,10062,00:00:00.2150000,14,30,123,16941,17039,14978,32017,295143,327160,1.3449028982940794,2.1473543808063247,0.27688050270080566,2,14,11,1.1818181
2,6,11069,00:00:00.2890000,23,58,216,29091,29274,34768,64042,502755,566797,1.7086040356123886,4.871451466249725,0.4752717614173889,3,23,17,1.2941177
2,7,11997,00:00:00.3990000,32,89,377,50026,50460,77584,128044,818536,946580,2.1863031223763643,9.09388589482992,0.4855504631996155,3,32,22,1.4090909
2,8,12847,00:00:00.5840000,33,145,654,85096,86640,169471,256111,1292626,1548737,2.8149031681865186,8.554876308536047,0.41332772374153137,3,33,21,1.5238096
2,9,13662,00:00:00.8470000,36,228,1060,145786,148935,363425,512360,2034777,2547137,3.4044215493943177,5.0408357109046955,0.3967890739440918,3,36,24,1.4583334
2,10,14511,00:00:01.2830000,36,376,1786,243154,250699,773517,1024216,3286139,4310355,3.7752165294422464,3.2666570501246266,0.32235217094421387,4,36,24,1.4583334
2,11,15466,00:00:02.1570000,40,696,3169,396116,414567,1634585,2049152,5561554,7610706,4.020077452059498,2.923374169649466,0.2745542824268341,4,41,31,1.2903225
2,12,16552,00:00:03.9230000,53,1140,5616,654146,695734,3402223,4097957,9711956,13809913,4.416908457744907,4.62840246275542,0.3030793070793152,4,54,43,1.2325581
2,13,17697,00:00:07.1640000,61,1905,9982,1107386,1203888,6990591,8194479,16719605,24914084,5.2621895165732635,10.39853222293211,0.37895286083221436,5,62,45,1.3555555
2,14,18867,00:00:15.4190000,63,3441,18024,1874744,2074956,14314782,16389738,28219499,44609237,6.018694819132639,7.393411368625021,0.3541208505630493,4,64,49,1.2857143
2,15,20140,00:00:47.8020000,77,5919,32350,3108468,3539356,29243105,32782461,48292363,81074824,6.641885005732727,9.81177853869714,0.29521387815475464,6,78,58,1.3275862
2,16,21485,00:01:52.6900000,90,10431,58883,5334994,6262684,59277643,65540327,82004466,147544793,7.810779730961272,15.355026625293549,0.4389861822128296,5,91,64,1.40625
2,17,22773,00:03:42.2750000,71,18170,104703,9697704,11321776,119781287,131103063,131884006,262987069,9.171924612258737,6.637772562386568,0.26415470242500305,6,72,49,1.4489796
2,18,24127,00:07:08.4860000,54,32235,190575,16299010,19870672,242377588,262248260,215885741,478134001,10.08702853731607,5.844438035773035,0.27714911103248596,4,55,42,1.2857143
2,19,25577,00:13:47.9220000,94,58430,352847,27586557,35364871,489141870,524506741,358929006,883435747,11.22545981363314,17.0308867188115,0.34295618534088135,5,95,67,1.4029851
2,20,27101,00:26:51.1180000,114,105930,657847,46933886,63700810,984947631,1048648441,598424352,1647072793,12.547820054789412,23.12430069314898,0.37486037611961365,5,115,82,1.3902439
29,0,4307,00:00:00.1990000,4,5,7,999,1000,4,1004,6521,7525,1.945945945945946,1.1559728122966648,0,2,4,2,1.5
29,1,4642,00:00:00.2540000,3,4,7,1843,1844,159,2003,10932,12935,1.9381443298969072,1.156834917659308,0,2,3,1,2
29,2,5068,00:00:00.3160000,5,7,15,3349,3354,648,4002,21134,25136,1.9826813974320692,1.0696193290875453,0,2,5,3,1.3333334
29,3,5500,00:00:00.3440000,5,13,25,5981,6000,2007,8007,39710,47717,2.0091957866577497,1.0755121602641793,0.019079985097050667,2,5,3,1.3333334
29,4,6012,00:00:00.3850000,8,18,42,10450,10483,5522,16005,77490,93495,2.0279425837320573,1.1159096982379781,0.02670142985880375,2,8,6,1.1666666
29,5,6613,00:00:00.4620000,12,28,80,17713,17789,14225,32014,152542,184556,2.080731666008017,1.207753149834544,0.05473899841308594,3,12,9,1.2222222
29,6,7326,00:00:00.5660000,16,37,133,29849,29995,34018,64013,301391,365404,2.1713625247076953,1.453946389939511,0.10587117820978165,3,16,12,1.25
29,7,8108,00:00:00.7120000,19,82,284,50458,50986,77134,128120,569515,697635,2.363609338459709,2.1174510554604615,0.18269944190979004,3,19,15,1.2
29,8,8957,00:00:00.9240000,26,141,542,84738,86052,170152,256204,1044769,1300973,2.7206566121456723,4.134140801537027,0.2719931900501251,2,26,22,1.1363636
29,9,9826,00:00:01.2360000,30,247,943,142706,146331,366017,512348,1836595,2348943,3.1607991254747523,6.062671513291708,0.3113180696964264,2,30,26,1.1153846
29,10,10739,00:00:01.7960000,37,378,1638,238777,246932,777270,1024202,3186000,4210202,3.612713954861649,4.199393751452474,0.29983919858932495,3,37,31,1.1612903
29,11,11721,00:00:02.9010000,44,667,2950,393703,414262,1634000,2048262,5514654,7562916,3.9426268024373705,3.150238856467512,0.2640239894390106,4,44,36,1.1944444
29,12,12831,00:00:05.0920000,61,1196,5477,641957,690543,3407372,4097915,9756689,13854604,4.32562772896004,4.330001665172455,0.27575334906578064,4,61,48,1.25
29,13,14019,00:00:09.6090000,77,2077,10103,1068520,1185176,7009670,8194846,17028448,25223294,5.05140193913076,13.813799794199536,0.3333197236061096,5,78,58,1.3275862
29,14,15221,00:00:20.9770000,74,3609,17939,1832818,2074112,14311157,16385269,28814874,45200143,6.0342816362563,16.666424945219184,0.40894615650177,4,75,54,1.3703704
29,15,16472,00:00:53.4940000,74,6041,32292,3119614,3568152,29207845,32775997,48541694,81317691,6.751993035035745,9.973777734899004,0.42217615246772766,5,75,51,1.4509804
29,16,17852,00:02:02.9050000,95,10524,59557,5038816,6072316,59490593,65562909,83457916,149020825,7.356217214520236,12.844848655239533,0.47920262813568115,4,96,71,1.3380282
29,17,19276,00:04:12.0740000,105,18500,107864,8586875,10882376,120197774,131080150,138772435,269852585,8.784350534973433,25.6495846826246,0.4748833477497101,6,106,68,1.5441177
29,18,20593,00:07:44.1500000,63,32714,193282,17977330,20845182,241410631,262255813,220015641,482271454,10.737731520754194,2.6282258057755805,0.29551324248313904,5,64,44,1.4318181
29,19,21946,00:14:07.9140000,61,57219,351447,29967343,36400221,487920710,524320931,353875717,878196648,11.50830465683928,3.9544646569054334,0.22250744700431824,4,62,49,1.244898
29,20,23415,00:26:57.3750000,82,107277,654613,49911911,66888163,982168436,1049056599,584730833,1633787432,13.215875264723886,19.221648319978435,0.29968395829200745,7,83,56,1.4642857
30,0,5090,00:00:00.0580000,5,5,8,1001,1001,7,1008,9590,10598,1.05994005994006,1.1212416950118456,0.014503194950520992,2,5,3,1.3333334
30,1,5997,00:00:00.0860000,3,4,12,1829,1830,175,2005,21995,24000,1.1519956260251503,1.348803117194319,0.01963662914931774,1,3,2,1
30,2,6591,00:00:00.0950000,3,5,22,3307,3310,694,4004,36282,40286,1.341699425461143,1.8218758697733077,0.016316672787070274,1,3,2,1
30,3,7246,00:00:00.1250000,4,5,35,5850,5851,2153,8004,63967,71971,1.498974358974359,2.027359775368422,0.036671292036771774,1,4,3,1
30,4,7862,00:00:00.1390000,5,10,49,10259,10271,5758,16029,108869,124898,1.6530850960132566,1.8469989140256358,0.02158532664179802,1,5,4,1
30,5,8573,00:00:00.1640000,5,22,88,17534,17594,14415,32009,197066,229075,1.7941142922322346,1.5140172333735886,0.025891175493597984,2,5,3,1.3333334
30,6,9373,00:00:00.2080000,7,43,176,29545,29742,34276,64018,363402,427420,1.915078693518362,1.2672332161352418,0.0215305108577013,2,7,5,1.2
30,7,10292,00:00:00.2970000,15,72,315,49390,49836,78176,128012,678956,806968,2.0132820408989676,1.248315414514422,0.0168844535946846,2,15,13,1.0769231
30,8,11349,00:00:00.4900000,24,135,607,80972,82335,173675,256010,1274845,1530855,2.1665884503285087,1.5415111023710488,0.034153904765844345,2,24,22,1.0454545
30,9,12509,00:00:00.8490000,39,245,1133,135000,138474,373605,512079,2329476,2841555,2.4396518518518517,2.793703593539592,0.09940040856599808,3,39,34,1.117647
30,10,13720,00:00:01.5170000,55,404,2038,223128,232469,791727,1024196,4115223,5139419,2.873184898354308,6.167019058667351,0.44624605774879456,3,55,45,1.2
30,11,14928,00:00:02.7810000,72,699,3620,379529,400822,1648305,2049127,6977514,9026641,3.6016536285764724,12.221939504273497,0.524337887763977,4,72,54,1.3148148
30,12,16028,00:00:04.7710000,64,1188,6086,660705,708212,3389653,4097865,11145305,15243170,4.6923770820562885,7.369202027797519,0.3849082589149475,5,64,44,1.4318181
30,13,17089,00:00:08.0450000,55,2000,10462,1145680,1231479,6961655,8193134,17643276,25836410,5.548624397737588,6.316801464142077,0.2667277157306671,5,56,41,1.3414634
30,14,18214,00:00:20.0240000,51,3320,18079,1917122,2100522,14289787,16390309,28714066,45104375,6.140680666123491,7.781432661185308,0.38496825098991394,5,52,39,1.3076923
30,15,19452,00:00:53.8640000,77,5878,32472,3133886,3570079,29213823,32783902,48229943,81013845,6.730343732988373,11.43315610740978,0.4363475739955902,5,78,61,1.2622951
30,16,20792,00:02:01.5800000,100,10485,59183,5202425,6222678,59347440,65570118,81938509,147508627,7.707383191492429,13.190743273727051,0.46021801233291626,6,101,73,1.369863
30,17,22110,00:03:59.1610000,89,18375,105862,9346440,11185025,119928812,131113837,132954716,264068553,9.04089353807439,4.553480569798306,0.2344432920217514,5,90,66,1.3484849
30,18,23473,00:07:29.8080000,58,32552,192278,16498479,19932866,242283389,262216255,217352433,479568688,10.173538300106332,7.324095702581664,0.20029403269290924,4,59,47,1.2340425
30,19,24906,00:14:14.3360000,73,57805,353815,28652646,35559273,488826723,524385996,358721429,883107425,11.303978557512629,11.662325854945331,0.23358039557933807,5,74,52,1.4038461
30,20,26437,00:27:38.5110000,108,105551,659755,46428413,63169879,985574783,1048744662,599549492,1648294154,12.410927679134758,14.635197461996448,0.3825818598270416,6,109,77,1.4025974
31,0,6003,00:00:00.0710000,1,1,3,994,994,8,1002,14604,15606,1,1,0,0,1,1,0
31,1,6767,00:00:00.0880000,1,1,11,1821,1821,182,2003,25065,27068,1,1,0,0,1,1,0
31,2,7392,00:00:00.1140000,3,6,18,3255,3260,741,4001,40342,44343,1.0036866359447005,1.0074065252914242,0,1,3,2,1
31,3,8355,00:00:00.1430000,5,6,39,5708,5710,2292,8002,81582,89584,1.014365802382621,1.0292849379172864,0.010533775202929974,1,5,4,1
31,4,9388,00:00:00.1730000,10,23,80,9982,10018,5991,16009,157724,173733,1.0379683430174313,1.0801141958519407,0.03003990836441517,1,10,9,1
31,5,10627,00:00:00.2360000,16,36,147,16964,17040,14968,32008,312255,344263,1.145661400613063,1.344504949447101,0.11035971343517303,2,16,14,1.0714285
31,6,11913,00:00:00.3380000,20,54,272,28759,28905,35124,64029,576192,640221,1.486004381237178,2.607443781030457,0.2435254454612732,2,20,18,1.0555556
31,7,12967,00:00:00.4730000,23,86,414,48929,49478,78565,128043,934098,1062141,2.042735392098755,4.843279129935682,0.3027181029319763,2,23,19,1.1578947
31,8,13880,00:00:00.6760000,32,164,705,83143,85094,171021,256115,1443474,1699589,2.5570883898824914,2.6769192579726035,0.26192718744277954,3,32,24,1.2916666
31,9,14824,00:00:00.9960000,44,257,1152,139649,143346,368966,512312,2305478,2817790,2.911363489892516,1.832521203138676,0.17742665112018585,3,44,34,1.2647059
31,10,15860,00:00:01.6090000,58,418,1999,231095,238911,785366,1024277,3840119,4864396,3.2098530907202667,2.1942292897982325,0.13531693816184998,4,58,46,1.2391304
31,11,16991,00:00:02.7280000,57,723,3540,377301,401598,1647091,2048689,6529794,8578483,3.595633194717215,4.885149848327691,0.1554318219423294,4,58,50,1.14
31,12,18194,00:00:04.8900000,75,1170,6204,626988,678914,3417886,4096800,11116285,15213085,4.110619341996976,15.318830681977182,0.3352886140346527,4,76,58,1.2931035
31,13,19469,00:00:08.8120000,93,2020,10923,1047695,1150396,7041649,8192045,18918919,27110964,4.709456473496581,13.77145926425788,0.36036011576652527,4,94,63,1.4761904
31,14,20834,00:00:17.4730000,90,3502,19612,1718955,1962960,14424700,16387660,32331646,48719306,5.36441791669939,13.156201153277012,0.3174695670604706,5,91,60,1.5
31,15,22277,00:00:52.3510000,89,6071,35255,2834840,3377879,29404807,32782686,55007532,87790218,6.130773165328555,17.95290558238841,0.4792514145374298,4,90,62,1.4354838
31,16,23801,00:02:08.8680000,109,10563,63761,4769054,5850010,59713561,65563571,93395758,158959329,6.980495083511321,25.834364360872673,0.4490935206413269,5,110,79,1.3797468
31,17,25368,00:04:32.3390000,125,18658,114859,8057563,10297397,120821243,131118640,155127154,286245794,8.077292848966865,32.56234682964803,0.4703803062438965,5,126,88,1.4204545
31,18,26922,00:08:47.1950000,99,32471,205603,14645765,18709163,243481500,262190663,250803021,512993684,9.519521376998743,19.309447140056207,0.4997935891151428,5,100,66,1.5
31,19,28483,00:16:25.2070000,75,56532,371687,26931235,34023237,490453597,524476834,404467197,928944031,10.875744354092934,13.718898653803432,0.5013823509216309,4,76,52,1.4423077
31,20,30106,00:30:38.3450000,83,102609,682912,45329753,61109272,987714090,1048823362,659204094,1708027456,12.064177075926269,19.33171074349665,0.4650293290615082,6,84,52,1.5961539
32,0,4294,00:00:00.0660000,3,3,5,994,994,8,1002,11721,12723,1.0241448692152917,1.049739739801114,0,1,3,2,1
32,1,5234,00:00:00.0990000,4,4,9,1830,1830,179,2009,24299,26308,1.1005464480874316,1.2246586542814102,0.08742470294237137,2,4,2,1.5
32,2,5880,00:00:00.1100000,5,7,12,3298,3302,706,4008,39919,43927,1.2404487568223166,1.5911121297866075,0.1754060536623001,2,5,3,1.3333334
32,3,6660,00:00:00.1440000,5,9,22,5864,5876,2139,8015,72690,80705,1.443724420190996,2.2664282782853484,0.29331186413764954,2,5,3,1.3333334
32,4,7357,00:00:00.1630000,7,19,47,10162,10197,5811,16008,124017,140025,1.6940562881322574,3.1922848128564136,0.24931904673576355,2,7,5,1.2
32,5,8010,00:00:00.1890000,8,22,91,17658,17763,14274,32037,204584,236621,2.065635972363801,3.947941820515237,0.23568986356258392,2,8,6,1.1666666
32,6,8654,00:00:00.2260000,12,36,146,30442,30554,33487,64041,337655,401696,2.419650482885487,3.2406471230332694,0.23381440341472626,3,12,7,1.5714285
32,7,9331,00:00:00.2870000,11,75,263,51446,51946,76110,128056,569554,697610,2.667981961668546,2.2177385631660442,0.19918785989284515,3,11,7,1.4285715
32,8,10091,00:00:00.4170000,13,128,496,85357,86735,169316,256051,996556,1252607,2.8534859472568157,1.6912353124802006,0.19567956030368805,3,13,9,1.3333334
32,9,10969,00:00:00.6550000,23,211,888,140788,144279,367752,512031,1800210,2312241,3.0037432167514275,1.5578131459486018,0.1352437138557434,4,23,18,1.2222222
32,10,11987,00:00:01.1290000,41,369,1701,232234,240089,784319,1024408,3308065,4332473,3.2504112231628444,2.0222338978969177,0.12077784538269043,5,42,35,1.1714286
32,11,13061,00:00:02.0840000,57,642,3147,391608,410255,1637882,2048137,5850363,7898500,3.8778804314518602,4.8841479840548,0.129105806350708,5,58,48,1.1875
32,12,14089,00:00:03.7830000,57,1154,5593,681425,720885,3377772,4098657,9755501,13854158,4.90099424001174,5.752134343519159,0.1857534646987915,5,58,48,1.1875
32,13,15106,00:00:06.6650000,43,1857,9583,1165005,1245685,6948501,8194186,15987744,24181930,5.673504405560491,3.4021775308382707,0.2098216414451599,4,43,34,1.2352941
32,14,16204,00:00:12.4910000,45,3320,17082,1941827,2120001,14268658,16388659,26790385,43179044,6.235288210535748,3.7527767157022773,0.18258775770664215,4,46,35,1.2857143
32,15,17399,00:00:36.2470000,66,5901,31433,3259762,3651937,29129273,32781210,45620743,78401953,7.030983243561954,10.617509968576583,0.2442041039466858,5,67,49,1.3469387
32,16,18643,00:01:33.8790000,78,10244,56563,5584505,6391647,59179052,65570699,76467641,142038340,8.027801210671313,15.875755334222903,0.3454703390598297,5,79,55,1.4181818
32,17,19920,00:03:20.4490000,81,18105,102364,9645258,11308637,119766275,131074912,126009089,257084001,9.109403086988445,17.15978191043481,0.41900354623794556,5,81,51,1.5686275
32,18,21265,00:06:41.3460000,84,32354,188026,16738864,20005500,242216371,262221871,209365008,471586879,10.191935605665952,12.830708661255615,0.5223062038421631,5,85,54,1.5555556
32,19,22717,00:13:25.2430000,98,58078,350031,27276712,34983055,489405198,524388253,352765454,877153707,11.075407109185301,22.902922378236852,0.5273537039756775,5,99,69,1.4202899
32,20,24285,00:27:02.8730000,119,106755,658422,43545667,62598261,986351181,1048949442,599008207,1647957649,12.343374715100817,28.77762410114374,0.5725166201591492,4,120,83,1.4337349
33,0,5356,00:00:00.2950000,4,4,9,994,994,9,1003,11474,12477,1.0140845070422535,1.0286577150310274,0,1,4,3,1
33,1,6142,00:00:00.3660000,2,4,16,1820,1822,183,2005,22073,24078,1.0043956043956044,1.008829849428003,0,1,2,1,1
33,2,7044,00:00:00.4170000,5,7,25,3233,3236,766,4002,44059,48061,1.0154655119084441,1.0315249581921342,0,1,5,4,1
33,3,7865,00:00:00.4470000,2,5,37,5815,5820,2191,8011,78722,86733,1.0201203783319002,1.0410497418901876,0,1,2,1,1
33,4,8936,00:00:00.5010000,6,14,74,9961,9988,6024,16012,157117,173129,1.0350366429073385,1.0728833950321313,0.012753554619848728,1,6,5,1
33,5,10161,00:00:00.6100000,9,27,148,16766,16870,15142,32012,309260,341272,1.131575808183228,1.270618351123939,0.06585332006216049,3,9,6,1.3333334
33,6,11368,00:00:00.7290000,16,48,266,28812,29002,35024,64026,556503,620529,1.6912050534499514,2.663751556867726,0.1382884979248047,3,16,13,1.1538461
33,7,12157,00:00:00.8520000,18,94,415,51797,52195,75849,128044,821129,949173,2.7773230109851923,3.9400289646088957,0.11513379961252213,3,18,15,1.1333333
33,8,12802,00:00:01.0360000,14,129,618,89440,90833,165249,256082,1180614,1436696,3.496444543828265,1.939489559828407,0.0786232128739357,3,14,11,1.1818181
33,9,13471,00:00:01.2920000,16,219,995,150355,152943,359244,512187,1791930,2304117,3.821588906255196,1.3734980421725376,0.051941338926553726,4,16,12,1.25
33,10,14237,00:00:01.7690000,18,390,1678,246747,254781,769969,1024750,2924255,3949005,3.968003663671696,1.2189602278722962,0.033573348075151443,4,18,14,1.2142857
33,11,15152,00:00:02.7650000,34,611,2909,400681,419878,1628846,2048724,5104920,7153644,4.1102572869689356,1.3514923247802062,0.031973499804735184,4,35,30,1.1333333
33,12,16224,00:00:04.9060000,60,1143,5365,646126,695006,3401682,4096688,9205081,13301769,4.372774040976528,2.254165280067097,0.08754729479551315,3,60,53,1.1132076
33,13,17405,00:00:09.0880000,89,1981,9822,1075049,1185798,7006472,8192270,16435432,24627702,5.09050378168809,8.718955261362389,0.21433573961257935,5,90,72,1.2361112
33,14,18496,00:00:15.9860000,66,3512,17228,2048950,2249043,14138052,16387095,27047635,43434730,7.133187242246028,6.266460909448101,0.25588786602020264,5,66,48,1.3541666
33,15,19414,00:00:27.6140000,26,5889,29206,3875420,4142529,28626797,32769326,41196914,73966240,8.550318933173696,3.527529655315905,0.12609320878982544,4,26,17,1.4705882
33,16,20386,00:01:03.7470000,27,10285,52067,6525519,7089360,58466325,65555685,65039239,130594924,9.140586059131849,4.153716333652699,0.18546952307224274,5,28,20,1.35
33,17,21490,00:02:24.2270000,53,18259,95461,10540897,12077015,119028182,131105197,108170698,239275895,9.765963371048972,7.225087261661074,0.4087163507938385,3,53,41,1.2682927
33,18,22697,00:05:09,67,33583,178023,17545326,21484115,240660843,262144958,183046251,445191209,10.988304520531566,6.919560670357135,0.42997485399246216,5,67,50,1.32
33,19,23938,00:10:31.4650000,78,60802,331458,32840674,39501834,484959968,524461802,305563057,830024859,12.57048271908183,4.851493816157511,0.2565942704677582,5,79,59,1.3220339
33,20,25183,00:20:36.2580000,53,109979,619681,62574403,73976664,974630007,1048606671,501590500,1550197171,14.261976658410948,3.964420444952013,0.13298971951007843,5,54,41,1.2926829
34,0,6026,00:00:00.0690000,4,4,7,994,994,9,1003,12722,13725,1.0040241448692153,1.008090967902424,0,1,4,3,1
34,1,6955,00:00:00.0970000,2,2,9,1829,1829,173,2002,24157,26159,1.0043739748496445,1.0087861969419516,0,1,2,1,1
34,2,7811,00:00:00.1260000,4,7,23,3241,3244,763,4007,44606,48613,1.0203640851589015,1.041656045761454,0.00625239172950387,1,4,3,1
34,3,8640,00:00:00.1430000,4,11,44,5779,5794,2220,8014,79594,87608,1.0403183941858454,1.0843939068165984,0.01834394969046116,1,4,3,1
34,4,9707,00:00:00.1760000,8,16,86,9969,9991,6010,16001,158057,174058,1.1283980339051058,1.295094951566739,0.040698833763599396,1,8,7,1
34,5,10790,00:00:00.2270000,9,27,148,16945,16998,15025,32023,291910,323933,1.2926526999114782,1.7540462987614753,0.07641083002090454,2,9,7,1.1428572
34,6,11845,00:00:00.3080000,12,45,250,29041,29205,34798,64003,509290,573293,1.550807479081299,2.320983404021356,0.1128200963139534,2,12,10,1.1
34,7,12909,00:00:00.4410000,14,78,411,48557,49258,78835,128093,872388,1000481,1.8941038367279692,2.4581457436114156,0.1671530157327652,3,14,11,1.1818181
34,8,13938,00:00:00.6770000,26,130,723,81909,83375,172778,256153,1448446,1704599,2.2698726635656645,3.13135733662148,0.19144727289676666,3,26,21,1.1904762
34,9,14986,00:00:01.0470000,34,230,1217,137941,141335,370848,512183,2401391,2913574,2.7058597516329446,5.00739775205132,0.21090391278266907,3,34,28,1.1785715
34,10,16065,00:00:01.6650000,43,409,2053,231278,239480,784557,1024037,3992140,5016177,3.200706509049715,6.676354629681807,0.24579589068889618,4,43,32,1.3125
34,11,17166,00:00:02.8200000,46,701,3517,385114,405124,1643182,2048306,6604122,8652428,3.719607700576972,6.565103006006887,0.2936375141143799,4,47,36,1.2777778
34,12,18311,00:00:04.8200000,49,1219,6150,641100,688922,3408611,4097533,10968516,15066049,4.299870535017938,5.6993481210969135,0.2503786087036133,5,50,38,1.2894737
34,13,19515,00:00:08.5600000,56,1991,10679,1068757,1176364,7016906,8193270,18338995,26532265,4.973976310798432,5.2607976445335565,0.21057569980621338,5,57,43,1.3023256
34,14,20760,00:00:18.5170000,70,3399,18771,1829308,2040661,14346202,16386863,30547108,46933971,5.849376376203461,11.53053601958345,0.2580631673336029,5,71,49,1.4285715
34,15,22026,00:00:51.6650000,73,5917,33165,3169164,3588645,29191570,32780215,50438012,83218227,6.853494170702431,19.35850692663537,0.26611724495887756,6,74,51,1.4313725
34,16,23316,00:01:53.1870000,77,10147,59009,5434229,6303420,59247696,65551116,82603185,148154301,7.847880352484226,15.369535711832958,0.29792895913124084,6,78,56,1.375
34,17,24644,00:03:46.0110000,79,17936,105652,9170405,10989740,120082291,131072031,134150592,265222623,8.765477751527877,10.45648499595215,0.3586161136627197,4,80,62,1.2741935
34,18,26088,00:07:31.4710000,101,32434,194795,14766184,19076342,243090744,262167086,223588797,485755883,9.595480795850843,13.85019600122615,0.38616612553596497,4,102,78,1.2948718
34,19,27654,00:14:58.4730000,119,58175,361516,23814497,33522976,490797193,524320169,377998256,902318425,10.646918261595028,21.38217747924106,0.5042967200279236,5,120,85,1.4
34,20,29320,00:29:26.3620000,130,105329,675555,39291414,60192147,988647378,1048839525,638913035,1687752560,11.954118805701418,26.499084399787606,0.5522158741950989,4,131,88,1.4772727
35,0,3364,00:00:00.0430000,1,1,4,992,992,9,1001,11238,12239,1,1,0,0,1,1,0
35,1,4384,00:00:00.0620000,1,1,11,1824,1824,177,2001,24524,26525,1,1,0,0,1,1,0
35,2,5258,00:00:00.0920000,1,2,20,3266,3269,734,4003,44821,48824,1,1,0,0,1,1,0
35,3,6102,00:00:00.1080000,5,8,37,5791,5800,2222,8022,80483,88505,1.0188223104817822,1.0385198699231062,0.011531854048371315,1,5,4,1
35,4,7232,00:00:00.1520000,9,19,73,9880,9933,6099,16032,163649,179681,1.046761133603239,1.0993438359668541,0.028248945251107216,1,9,8,1
35,5,8471,00:00:00.2080000,15,30,126,16843,16892,15126,32018,317320,349338,1.1570385323279702,1.3881928934649912,0.09226252883672714,1,15,14,1
35,6,9692,00:00:00.2970000,18,42,234,28846,29001,35007,64008,567975,631983,1.407959509117382,2.3910739611786025,0.2260412573814392,2,18,16,1.0625
35,7,10865,00:00:00.4420000,28,87,432,48189,48603,79450,128053,969065,1097118,1.7788084417605678,4.315105601555243,0.394682377576828,3,28,23,1.173913
35,8,11954,00:00:00.6490000,34,130,707,82744,83794,172225,256019,1575735,1831754,2.2543507686357924,5.506403478780891,0.4142061173915863,3,34,28,1.1785715
35,9,12928,00:00:00.9710000,34,233,1161,141565,144664,367387,512051,2456660,2968711,3.11636350792922,3.9118448279566853,0.3424365222454071,4,34,25,1.32
35,10,13816,00:00:01.4760000,30,373,1880,241304,248594,775859,1024453,3763579,4788032,3.7449482810065313,1.8471986675048953,0.23496533930301666,4,30,22,1.3181819
35,11,14765,00:00:02.3640000,30,668,3182,398255,416590,1632419,2049009,6022922,8071931,4.0687398777165384,1.6513172136260719,0.16901075839996338,3,31,23,1.3043479
35,12,15840,00:00:04.1320000,48,1132,5621,653825,696745,3401062,4097807,10132971,14230778,4.399128207089053,2.650534856651043,0.14335162937641144,5,49,34,1.4117647
35,13,17016,00:00:07.5550000,72,1925,10198,1090130,1188340,7005012,8193352,17329308,25522660,5.1047095300560485,8.473369412413723,0.26287582516670227,4,73,53,1.3584906
35,14,18128,00:00:15.2780000,53,3471,17873,1993233,2198593,14190414,16389007,28169836,44558843,6.809146246324438,5.651787797415083,0.3256461024284363,4,54,36,1.4722222
35,15,19142,00:00:40.2870000,36,5894,30925,3630772,3938827,28838822,32777649,44007740,76785389,7.9572600537847045,2.1663803301602766,0.1606714427471161,5,37,25,1.44
35,16,20221,00:01:27.9130000,41,10118,54723,6040964,6698540,58872023,65570563,70413905,135984468,8.495805801855466,2.7921771888266114,0.12091555446386337,3,42,36,1.1388888
35,17,21440,00:03:05.4190000,68,18175,99774,9608187,11434986,119664063,131099049,117916472,249015521,9.139687747542798,4.92272122729105,0.15898001194000244,4,69,51,1.3333334
35,18,22770,00:06:19.4490000,98,33387,185334,16164793,20301769,241907594,262209363,200284479,462493842,10.387693984080093,18.484814477596544,0.40649354457855225,5,98,66,1.469697
35,19,24070,00:12:04.2830000,65,60577,341670,32651340,39061510,485352087,524413597,328103915,852517512,12.51237992070157,2.8845475403490606,0.186487078666687,7,66,43,1.5116279
35,20,25373,00:22:38.0650000,63,106924,633271,59984354,70766334,978327244,1049093578,533604241,1582697819,13.7246111877774,3.7929230278376873,0.19972671568393707,6,64,47,1.3404255
36,0,5469,00:00:00.1860000,3,3,5,995,995,12,1007,10857,11864,1.0211055276381908,1.0433429555356097,0,1,3,2,1
36,1,6327,00:00:00.2560000,4,5,14,1818,1819,184,2003,22603,24606,1.039053905390539,1.0821861104323762,0.02444889396429062,1,4,3,1
36,2,7166,00:00:00.3320000,3,3,17,3314,3314,692,4006,42159,46165,1.0893180446590223,1.1994002032925697,0.08105099946260452,1,3,2,1
36,3,8028,00:00:00.3760000,5,9,32,5836,5844,2158,8002,78559,86561,1.1588416723783412,1.3658751281085004,0.08421237021684647,2,5,3,1.3333334
36,4,8926,00:00:00.4170000,5,10,58,10204,10222,5793,16015,143120,159135,1.3772050176401411,2.00257339992937,0.16319586336612701,2,5,3,1.3333334
36,5,9754,00:00:00.4560000,8,23,99,17569,17603,14432,32035,244345,276380,1.757868973760601,3.2137522962773635,0.2064715176820755,2,8,6,1.1666666
36,6,10494,00:00:00.5120000,11,41,178,30126,30246,33791,64037,397358,461395,2.1863174666401117,3.5151279906223114,0.20442083477973938,3,11,8,1.25
36,7,11217,00:00:00.5920000,12,59,294,51110,51468,76588,128056,644916,772972,2.554392486793191,2.5892635122821024,0.16609874367713928,3,12,9,1.2222222
36,8,11984,00:00:00.7560000,16,127,545,86086,86907,169203,256110,1073308,1329418,2.8484654880003717,1.948969153767021,0.13621479272842407,4,16,11,1.3636364
36,9,12837,00:00:01.0460000,18,217,934,143309,145892,366396,512288,1850993,2363281,3.0994075738439317,2.0111264128476436,0.1360800564289093,4,18,12,1.4166666
36,10,13783,00:00:01.6280000,23,351,1692,236825,244661,779465,1024126,3248749,4272875,3.47156761321651,3.01980511864761,0.14499810338020325,5,24,15,1.5333333
36,11,14773,00:00:02.7150000,34,654,2981,400106,416142,1631889,2048031,5591622,7639653,4.07168600320915,5.999141212804924,0.2944659888744354,4,34,26,1.2692307
36,12,15791,00:00:04.7100000,30,1156,5387,673039,715737,3382287,4098024,9473923,13571947,4.770123276660045,5.942649826683415,0.5036792755126953,4,31,23,1.3043479
36,13,16861,00:00:08.4630000,43,1924,9537,1135957,1221287,6974327,8195614,16040608,24236222,5.396544059326189,5.113153656918837,0.6055607199668884,5,44,33,1.3030303
36,14,18010,00:00:18.7920000,64,3342,17334,1911532,2093109,14293000,16386109,27331801,43717910,6.108361251603426,5.23589641754608,0.28139403462409973,5,65,51,1.254902
36,15,19198,00:00:51.4180000,64,5905,31265,3322999,3705101,29073835,32778936,46003628,78782564,7.238817104669607,5.21222099873787,0.18356573581695557,5,65,52,1.2307693
36,16,20397,00:01:52.5130000,54,10359,56069,5677366,6450585,59109148,65559733,75561847,141121580,8.11363738043311,3.1654614465784365,0.20190216600894928,5,55,43,1.255814
36,17,21692,00:03:51.7660000,73,18236,102183,9276446,11089161,119991667,131080828,125905228,256986056,8.808491096698024,5.410334305987777,0.33136335015296936,6,74,59,1.2372881
36,18,23107,00:07:49.9900000,95,32574,189325,15023401,19396642,242820011,262216653,213503872,475720525,9.808153626465804,13.84148394605443,0.35037103295326233,5,96,76,1.25
36,19,24605,00:15:29.4330000,102,59014,353320,25725584,34707263,489664697,524371960,361096608,885468568,11.082487340229088,22.230061408006172,0.4210972189903259,5,103,70,1.4571428
36,20,26166,00:30:13.0580000,107,105934,661194,46179536,62994903,985702359,1048697262,606070739,1654768001,12.464879010477715,16.4725333702542,0.4678400754928589,5,108,70,1.5285715
37,0,6599,00:00:00.0760000,2,2,6,997,997,4,1001,10164,11165,1.0912738214643931,1.1988766956175854,0,1,2,1,1
37,1,7413,00:00:00.0950000,3,4,8,1834,1835,166,2001,20683,22684,1.2235550708833152,1.5340295428145034,0.01757228560745716,1,3,2,1
37,2,8046,00:00:00.1130000,3,7,16,3287,3293,718,4011,35885,39896,1.4061454213568603,1.9420438228691874,0.027966095134615898,1,3,2,1
37,3,8646,00:00:00.1410000,5,11,29,5894,5903,2111,8014,61524,69538,1.5783847980997625,1.9821125177247576,0.01068173535168171,2,5,3,1.3333334
37,4,9335,00:00:00.1580000,5,17,52,10220,10262,5749,16011,112130,128141,1.7914872798434442,1.732081139082238,0.01411017682403326,2,5,3,1.3333334
37,5,9970,00:00:00.1820000,7,32,98,17664,17772,14241,32013,190304,222317,1.939934329710145,1.585881333237579,0.057675350457429886,2,7,5,1.2
37,6,10688,00:00:00.2240000,11,42,159,29815,30011,34070,64081,339234,403315,2.0990776454804627,1.6520540562173434,0.0915987640619278,2,11,9,1.1111112
37,7,11496,00:00:00.2990000,16,67,300,50305,50835,77198,128033,615768,743801,2.300387635423914,2.165950462971814,0.050848785787820816,2,16,14,1.0714285
37,8,12380,00:00:00.4570000,26,129,561,84099,85066,170973,256039,1109894,1365933,2.5640495130738774,3.2362423120328763,0.09897635877132416,3,26,21,1.1904762
37,9,13345,00:00:00.7290000,29,221,1014,139355,142429,369581,512010,1990529,2502539,2.8290839941157477,3.7601491367695874,0.3384709358215332,3,29,23,1.2173913
37,10,14410,00:00:01.2490000,46,396,1850,230162,237749,786728,1024477,3565042,4589519,3.115418705085983,4.390201954482532,0.3867782652378082,3,46,38,1.1842105
37,11,15568,00:00:02.3680000,61,693,3420,380101,400644,1648322,2048966,6319735,8368701,3.547104585360207,8.163209025590286,0.43712538480758667,3,61,51,1.1764706
37,12,16774,00:00:04.4460000,73,1170,6099,628842,678931,3418932,4097863,10914487,15012350,4.122017931372269,13.963379917342616,0.46496352553367615,3,73,60,1.2
37,13,18041,00:00:08.3840000,82,2039,10959,1033434,1150620,7041862,8192482,18671589,26864071,4.714345570205741,9.382644348889286,0.5109837651252747,4,83,60,1.3666667
37,14,19401,00:00:15.7760000,95,3474,19453,1708351,1968500,14415721,16384221,32024234,48408455,5.410590095360965,10.927593411104366,0.45642921328544617,5,96,69,1.3768116
37,15,20781,00:00:29.0810000,89,6060,34601,3001934,3478153,29299733,32777886,53659186,86437072,6.525992909904081,7.464655977267659,0.41027799248695374,5,90,61,1.4590164
37,16,22196,00:00:57.2400000,69,10339,61835,5116746,6026660,59538529,65565189,89370914,154936103,7.335421965444445,6.432764603859239,0.3212626278400421,5,70,46,1.5
37,17,23698,00:02:49.8360000,82,18218,111676,8267703,10320464,120803580,131124044,148119842,279243886,8.015153906713872,12.393327555332085,0.3909527361392975,4,83,64,1.28125
37,18,25296,00:06:50.2860000,102,32420,203268,13197393,18217825,243950976,262168801,246559831,508728632,9.130508957337256,18.968745502828376,0.3788940906524658,5,103,71,1.4366198
37,19,26934,00:14:17.8600000,125,57814,372139,24234727,33096851,491393790,524490641,407617672,932108313,10.58872662357616,18.457147961864116,0.3604850471019745,6,126,89,1.4044944
37,20,28612,00:28:24.3240000,112,103691,688081,43773943,60229001,988603096,1048832097,670352150,1719184247,11.993485256742806,34.15186083388052,0.5189584493637085,5,113,75,1.4933333
38,0,4474,00:00:00.0550000,1,1,5,996,996,6,1002,11437,12439,1,1,0,0,1,1,0
38,1,5261,00:00:00.0720000,3,3,11,1825,1825,178,2003,22186,24189,1.0032876712328767,1.006602439083376,0,1,3,2,1
38,2,6058,00:00:00.1130000,2,5,24,3282,3285,725,4010,40929,44939,1.01157830591103,1.0234246847837594,0,1,2,1,1
38,3,6884,00:00:00.1300000,4,11,42,5802,5819,2190,8009,75511,83520,1.0779041709755257,1.1644530487065814,0.02820148691534996,2,4,2,1.5
38,4,7840,00:00:00.1620000,6,21,87,9959,10006,5995,16001,144688,160689,1.1959032031328447,1.4485136017327698,0.056830212473869324,2,6,4,1.25
38,5,8765,00:00:00.2070000,9,27,135,17179,17293,14708,32001,259226,291227,1.5013097386343792,2.301760024251203,0.09463188052177429,2,9,7,1.1428572
38,6,9639,00:00:00.2710000,16,42,227,29621,29746,34278,64024,439783,503807,1.9889942945882988,3.4374483158017224,0.11709219217300415,2,16,13,1.1538461
38,7,10438,00:00:00.3610000,15,68,355,50535,51146,76948,128094,712338,840432,2.4314831305036115,3.0269132218431065,0.15992571413516998,3,15,11,1.2727273
38,8,11248,00:00:00.5210000,21,147,606,85152,86357,169780,256137,1164807,1420944,2.7379509582863584,2.135609296457601,0.15608130395412445,3,21,16,1.25
38,9,12164,00:00:00.8200000,24,228,1047,140173,143706,368318,512024,2003082,2515106,2.9327687928488366,1.6955214847597668,0.15893851220607758,3,24,19,1.2105263
38,10,13211,00:00:01.3640000,43,402,1878,229049,238292,785984,1024276,3554249,4578525,3.115088911106357,1.8385349925097283,0.17978739738464355,4,43,33,1.2727273
38,11,14380,00:00:02.5290000,72,697,3452,379913,398951,1649608,2048559,6336952,8385511,3.5211745847075515,3.8332818806014455,0.22804084420204163,5,73,57,1.2631578
38,12,15560,00:00:04.6350000,85,1162,6047,644408,690442,3408082,4098524,10819301,14917825,4.349893235341585,14.785875460593386,0.4633253514766693,5,86,64,1.328125
38,13,16692,00:00:08.2880000,65,1978,10493,1101415,1212528,6979820,8192348,17731165,25923513,5.401656959456699,14.24109538969189,0.45307081937789917,5,66,44,1.4772727
38,14,17816,00:00:19.8640000,49,3410,18236,1934771,2122131,14271298,16393429,28757170,45150599,6.300068070071342,8.663907762392446,0.4897160232067108,5,50,30,1.6333333
38,15,19011,00:00:52.7970000,56,5844,32272,3242610,3626952,29152712,32779664,47601222,80380886,6.923514082791332,5.829269888506789,0.3111378252506256,4,57,41,1.3658537
38,16,20329,00:01:58.6930000,80,10572,58861,5228040,6218599,59334762,65553361,80832063,146385424,7.647552428826099,8.927879275417746,0.4078958332538605,5,81,58,1.3793104
38,17,21675,00:03:59.3790000,96,18593,105917,8856702,11016564,120071808,131088372,132889438,263977810,8.82266977030502,8.14965223732415,0.3869820237159729,5,97,68,1.4117647
38,18,23056,00:07:39.9160000,81,32794,192566,15997259,19917855,242323488,262241343,218261618,480502961,10.195411101364302,11.95976045914395,0.4126773476600647,6,82,55,1.4727273
38,19,24489,00:14:24.1580000,82,58559,354217,28523443,35575798,488946050,524521848,359664888,884186736,11.33337083464994,11.200879839317992,0.42159122228622437,5,83,57,1.4385965
38,20,25986,00:27:07.6670000,92,106233,658436,49746342,65016586,983567443,1048584029,594826287,1643410316,12.821745345617574,9.140462334297187,0.49077966809272766,5,93,67,1.3731344
3,0,5694,00:00:00.1550000,1,1,3,993,993,8,1001,12228,13229,1,1,0,0,1,1,0
3,1,6818,00:00:00.1910000,2,2,11,1821,1821,187,2008,27138,29146,1.0032948929159802,1.0066114823276389,0,1,2,1,1
3,2,7595,00:00:00.2360000,2,3,16,3286,3287,715,4002,45310,49312,1.0048691418137554,1.0097857415123215,0,1,2,1,1
3,3,8577,00:00:00.2650000,5,6,33,5746,5747,2255,8002,87254,95256,1.043856595892795,1.0921726073682776,0.01796109229326248,1,5,4,1
3,4,9602,00:00:00.3180000,5,9,57,9994,10009,5996,16005,163012,179017,1.139883930358215,1.3245790546107155,0.05053963139653206,1,5,4,1
3,5,10656,00:00:00.3740000,7,22,109,16953,17019,14982,32001,293804,325805,1.3351029316345189,1.8952440314595138,0.11183662712574005,2,7,5,1.2
3,6,11646,00:00:00.4810000,13,50,205,29000,29163,34873,64036,497467,561503,1.6121724137931035,2.3822365772699237,0.1725471019744873,3,13,8,1.5
3,7,12651,00:00:00.6180000,17,78,368,49071,49661,78413,128074,839613,967687,1.9777872878074627,2.457414583723991,0.20162342488765717,3,17,13,1.2307693
3,8,13573,00:00:00.8590000,27,134,652,84936,86037,170162,256199,1352384,1608583,2.7049307714043516,3.2511972149916697,0.18181374669075012,4,27,20,1.3
3,9,14372,00:00:01.1750000,28,246,1062,147170,150488,361970,512458,2076133,2588591,3.540476999388462,2.2776429086684358,0.12572407722473145,4,28,21,1.2857143
3,10,15156,00:00:01.7000000,30,380,1729,248483,255825,768927,1024752,3228580,4253332,4.042509950378899,1.8876618143881465,0.07838138937950134,5,30,23,1.2608696
3,11,16023,00:00:02.6740000,34,631,2952,410078,427642,1620642,2048284,5291013,7339297,4.384278112944367,2.639018410960199,0.06529971957206726,5,35,26,1.3076923
3,12,17000,00:00:04.5420000,43,1120,5259,673789,716300,3382067,4098367,9025618,13123985,4.771395793045004,5.053762937840353,0.1667042225599289,4,44,35,1.2285714
3,13,18083,00:00:08.5120000,61,1952,9553,1113156,1215204,6978412,8193616,15673573,23867189,5.330917679103378,9.387879254022112,0.2216816544532776,5,62,50,1.22
3,14,19210,00:00:24.1250000,73,3519,17456,1926527,2136534,14251133,16387667,26722243,43109910,6.382530844363977,11.215940236028153,0.2859940826892853,5,73,56,1.2857143
3,15,20324,00:00:56.6550000,63,6043,31110,3411665,3801410,28984166,32785576,44268608,77054184,7.535834555854692,7.1583097780736304,0.26874709129333496,6,64,48,1.3125
3,16,21474,00:01:56.6270000,58,10351,55279,5784489,6557591,59013668,65571259,72475912,138047171,8.293827337211637,8.165714093583544,0.21446648240089417,6,59,46,1.2608696
3,17,22684,00:03:50.5030000,63,18486,100716,10205604,11770505,119330553,131101058,119438794,250539852,9.598667751560809,9.88048704785571,0.3191569447517395,6,64,45,1.4
3,18,23912,00:07:13.0300000,60,32790,184056,18225764,21154739,241121469,262276208,195651773,457927981,10.819243736503996,3.5026455879614997,0.2592376172542572,6,61,43,1.3953488
3,19,25245,00:13:50.2740000,71,58824,341503,29983050,36873718,487584488,524458206,327469170,851927376,11.670951120716538,6.818935811580539,0.3467334806919098,5,72,51,1.3921568
3,20,26663,00:26:47.0220000,95,108363,641006,53044544,67878234,981037067,1048915301,550382353,1599297654,13.333285926635547,18.002544581279693,0.4452495276927948,5,96,60,1.5833334
39,0,5698,00:00:00.2780000,3,3,11,997,997,11,1008,12875,13883,1.0030090270812437,1.0060402234690464,0,1,3,2,1
39,1,6406,00:00:00.3480000,3,4,14,1832,1833,174,2007,22433,24440,1.002183406113537,1.004378694091374,0,1,3,2,1
39,2,7250,00:00:00.4310000,5,7,25,3230,3233,770,4003,43233,47236,1.0269349845201239,1.0557465353867748,0.01683528907597065,1,5,4,1
39,3,8156,00:00:00.4920000,8,12,45,5778,5789,2217,8006,81768,89774,1.0685358255451713,1.144290684099445,0.0520087331533432,2,8,5,1.4
39,4,9128,00:00:00.5740000,10,17,72,9901,9917,6094,16011,154052,170063,1.1884658115341884,1.4091804087248319,0.10410086065530777,2,10,7,1.2857143
39,5,10127,00:00:00.6830000,9,26,125,17271,17338,14697,32035,276891,308926,1.542470036477332,2.5352397789859182,0.25828817486763,2,9,6,1.3333334
39,6,10929,00:00:00.7950000,12,56,209,29676,29948,34058,64006,441313,505319,2.04512063620434,4.651374355070248,0.3181169033050537,3,12,7,1.5714285
39,7,11696,00:00:00.8970000,15,76,340,50880,51372,76736,128108,702431,830539,2.54811320754717,4.2509821795939775,0.3760097920894623,3,15,8,1.75
39,8,12454,00:00:01.0810000,20,126,571,86344,87333,168710,256043,1126084,1382127,2.872834244417678,3.3644720708952236,0.3416179120540619,3,20,13,1.4615384
39,9,13307,00:00:01.3740000,24,199,976,143094,146080,365927,512007,1904621,2416628,3.1282793128992132,3.357341544853042,0.28082260489463806,4,24,16,1.4375
39,10,14255,00:00:01.9820000,34,393,1748,236599,244263,780188,1024451,3308040,4332491,3.4299764580577263,4.221420252481388,0.22922293841838837,4,35,28,1.2142857
39,11,15298,00:00:03.2140000,42,688,3238,386234,407774,1640799,2048573,5782038,7830611,3.7603318195705193,4.301776607789198,0.26876744627952576,4,43,36,1.1666666
39,12,16459,00:00:05.7490000,66,1200,5844,630685,682015,3415291,4097306,10216688,14313994,4.1489602574978,4.802426481812139,0.45644593238830566,4,67,54,1.2222222
39,13,17735,00:00:11.0130000,92,2021,10747,1041607,1152778,7043266,8196044,18027879,26223923,4.685984253178022,9.606012068174936,0.4034368395805359,4,93,75,1.2266667
39,14,19091,00:00:32.4630000,100,3593,19449,1707738,1972448,14413488,16385936,31335526,47721462,5.407459458066753,12.398505428740119,0.4508311450481415,4,101,75,1.3333334
39,15,20480,00:01:17.0840000,92,6021,34538,2958907,3488184,29286769,32774953,53116228,85891181,6.603747600042854,12.92049336478461,0.40922507643699646,6,93,62,1.483871
39,16,21732,00:02:26.9690000,57,10467,60021,5851361,6569047,59004835,65573882,83960107,149533989,8.432628409014587,3.471113475992992,0.22275803983211517,6,58,40,1.425
39,17,22946,00:04:23.5160000,46,17756,105190,10173979,11516093,119626067,131142160,131276761,262418921,9.27032914064399,3.0095134472395344,0.16867277026176453,4,47,36,1.2777778
39,18,24288,00:08:08.8380000,83,32057,191142,16451061,19901501,242277148,262178649,214630826,476809475,10.078823791365188,9.097811281102299,0.2543042302131653,6,84,59,1.4067796
39,19,25594,00:14:36.3460000,47,60017,346193,34795586,40817153,483615015,524432168,342394598,866826766,13.129945131546283,2.258798728422274,0.10864319652318954,7,48,35,1.3428571
39,20,26797,00:25:25.7610000,32,106486,632728,64180327,73488439,975558383,1049046822,532680438,1581727260,14.078765647298743,1.3571842158646497,0.03150196745991707,5,33,27,1.1851852
40,0,3706,00:00:00.0950000,1,1,6,1000,1000,5,1005,7962,8967,1,1,0,0,1,1,0
40,1,4647,00:00:00.1310000,4,5,16,1830,1831,171,2002,19731,21733,1.0038251366120219,1.0076892212318953,0,1,4,3,1
40,2,5417,00:00:00.1930000,2,2,22,3267,3267,739,4006,38373,42379,1.0042852770125497,1.008607277683335,0,1,2,1,1
40,3,6379,00:00:00.2270000,7,10,38,5741,5747,2257,8004,79777,87781,1.0141090402368926,1.028770557802346,0.01062100287526846,1,7,6,1
40,4,7463,00:00:00.2800000,11,21,68,9908,9939,6096,16035,160050,176085,1.0636859103754541,1.0996877646579384,0.0365968719124794,2,11,9,1.1111112
40,5,8594,00:00:00.3630000,14,31,130,17007,17081,14948,32029,300666,332695,1.4372905274298817,1.6881533663370618,0.11288341879844666,3,14,11,1.1818181
40,6,9432,00:00:00.4460000,17,43,200,29960,30075,33932,64007,472382,536389,2.2406542056074765,2.8084918688254947,0.1536710113286972,3,17,14,1.1428572
40,7,10100,00:00:00.5410000,15,72,309,51897,52395,75693,128088,700005,828093,2.8894155731545177,2.5724127091292153,0.14314422011375427,3,15,11,1.2727273
40,8,10762,00:00:00.6970000,18,112,496,88578,89747,166484,256231,1071966,1328197,3.300785748154169,2.8453038438231903,0.12238895148038864,4,18,12,1.4166666
40,9,11481,00:00:00.9840000,17,207,882,147727,151163,361120,512283,1728721,2241004,3.6230749964461473,3.5449817395281844,0.13140177726745605,4,17,12,1.3333334
40,10,12281,00:00:01.4410000,24,396,1592,245963,252827,771300,1024127,2907760,3931887,3.910624768766034,4.1794087341926875,0.15830960869789124,4,24,19,1.2105263
40,11,13181,00:00:02.3690000,29,691,2897,406713,423778,1624715,2048493,5048412,7096905,4.282066223602393,5.424554761747685,0.35222071409225464,3,29,23,1.2173913
40,12,14158,00:00:04.2200000,36,1147,5176,679609,722899,3375019,4097918,8776613,12874531,4.9030839791703755,8.5529478606114,0.3634933829307556,4,36,28,1.25
40,13,15179,00:00:07.7080000,47,1997,9319,1153871,1246431,6948959,8195390,15035766,23231156,5.639639959752866,6.4095431523239546,0.33434876799583435,5,47,35,1.3142858
40,14,16270,00:00:16.8590000,60,3422,16936,1932456,2129209,14260445,16389654,25773543,42163197,6.292244687589265,6.936785741353392,0.2639361321926117,6,61,45,1.3333334
40,15,17448,00:00:46.3620000,73,6070,30967,3266598,3680465,29104285,32784750,44343698,77128448,7.1326744215235545,14.968015121765104,0.3424435257911682,5,74,57,1.2807018
40,16,18659,00:01:43.2280000,70,10451,56098,5631306,6468193,59089120,65557313,74231369,139788682,8.175659962360418,10.230044866292609,0.4685870409011841,5,71,49,1.4285715
40,17,19916,00:03:30.0020000,67,18320,101931,9544920,11339704,119760747,131100451,123075637,254176088,9.122698042518952,7.743232661116489,0.3366314470767975,5,68,46,1.4565217
40,18,21270,00:06:58.7690000,80,32613,187570,16076138,19892864,242289208,262182072,206993305,469175377,10.102695187115215,16.148533133407263,0.3079063892364502,5,81,60,1.3333334
40,19,22716,00:13:50.3320000,89,59072,349863,26925592,35305741,489168156,524473897,349644107,874118004,11.223754857460516,16.484038191493553,0.36394646763801575,5,90,64,1.390625
40,20,24279,00:27:50.1840000,107,106825,658181,42381397,61877211,986988841,1048866052,595474850,1644340902,12.133744977778811,13.054068875191035,0.41245341300964355,5,108,72,1.4861112
41,0,4653,00:00:00.0580000,1,1,5,996,996,7,1003,9742,10745,1,1,0,0,1,1,0
41,1,5499,00:00:00.0760000,2,2,7,1826,1826,176,2002,20917,22919,1.001642935377875,1.003291283371073,0,1,2,1,1
41,2,6311,00:00:00.1060000,3,3,20,3273,3273,730,4003,40091,44094,1.0085548426520012,1.0172936546418756,0,1,3,2,1
41,3,7289,00:00:00.1350000,6,10,35,5809,5820,2193,8013,81201,89214,1.0480289206403857,1.1024345044824748,0.03517225384712219,1,6,5,1
41,4,8320,00:00:00.1640000,10,17,64,9939,9956,6046,16002,156680,172682,1.1280812959050206,1.3087169944262809,0.09366333484649658,1,10,9,1
41,5,9403,00:00:00.2130000,13,37,131,17018,17142,14861,32003,290108,322111,1.295393113174286,1.9416714078419344,0.20477177202701569,1,13,12,1
41,6,10473,00:00:00.2930000,22,49,229,28922,29151,34905,64056,512878,576934,1.56451835972616,3.8253486073271974,0.35063523054122925,2,22,18,1.1666666
41,7,11549,00:00:00.4430000,33,106,432,48762,49243,78835,128078,880917,1008995,1.855891883023666,6.280353229356942,0.4679650068283081,2,33,28,1.1428572
41,8,12665,00:00:00.7080000,37,169,744,80789,82658,173400,256058,1506619,1762677,2.1231231974650013,7.64110991973428,0.4947131872177124,3,37,31,1.1612903
41,9,13816,00:00:01.1010000,52,246,1254,134617,139015,373235,512250,2552695,3064945,2.500085427546298,11.325267723025732,0.5019650459289551,3,52,40,1.275
41,10,14989,00:00:01.8240000,63,413,2095,225954,234534,789632,1024166,4284787,5308953,2.992356851394532,12.562990701828763,0.4534308910369873,4,63,46,1.3478261
41,11,16160,00:00:03.0060000,62,683,3618,378459,400904,1647486,2048390,7057675,9106065,3.607690661339802,9.446401709863071,0.41902515292167664,4,63,43,1.4418604
41,12,17333,00:00:05.1610000,60,1161,6280,638806,685345,3411933,4097278,11521515,15618793,4.272458305025313,6.797239314401061,0.3515086770057678,5,61,43,1.3953488
41,13,18559,00:00:09.2080000,63,1991,10933,1074855,1166451,7028529,8194980,19036682,27231662,4.870040144949784,5.217202790277157,0.2948884665966034,5,64,46,1.3695652
41,14,19876,00:00:19.3090000,65,3440,19438,1751038,1983295,14402291,16385586,31973251,48358837,5.464289181616847,6.952039897557334,0.3736705780029297,4,66,50,1.3
41,15,21279,00:00:55.5390000,77,6024,34960,2904021,3433710,29343767,32777477,54010720,86788197,6.327173942612674,13.219790465686343,0.3271626830101013,5,78,58,1.3275862
41,16,22624,00:02:04.0340000,64,10538,61298,5565916,6392718,59178325,65571043,87386230,152957273,8.142561440021732,3.4501384679354983,0.17296861112117767,6,65,47,1.3617021
41,17,23885,00:03:54.7920000,44,17761,106926,9993956,11277541,119831577,131109118,136420591,267529709,9.05267003376841,1.717351335230231,0.07822573930025101,6,45,33,1.3333334
41,18,25296,00:07:30.2020000,64,31795,194148,15550944,19213555,242979245,262192800,224011874,486204674,9.646132286245773,4.108047210026452,0.11008723825216293,5,65,53,1.2075472
41,19,26822,00:14:26.5310000,92,58897,359103,25869544,34485456,489947503,524432959,374280522,898713481,11.007603883547388,20.71214704569574,0.48314809799194336,4,92,66,1.3787879
41,20,28392,00:27:45.5990000,97,106044,667069,46591841,62920561,986105014,1049025575,620593336,1669618911,12.471612422441089,12.724630454488448,0.42814815044403076,6,97,66,1.4545455
42,0,7024,00:00:00.0740000,2,2,5,994,994,10,1004,11758,12762,1.0010060362173039,1.0020140384273246,0,1,2,1,1
42,1,7891,00:00:00.0920000,3,3,7,1822,1822,185,2007,23330,25337,1.004390779363337,1.0088274663689436,0,1,3,2,1
42,2,8744,00:00:00.1290000,2,2,11,3302,3302,702,4004,43210,47214,1.0012113870381587,1.0024257446387392,0,1,2,1,1
42,3,9661,00:00:00.1440000,3,11,31,5798,5816,2204,8020,81337,89357,1.0037944118661608,1.0076240005644137,0,1,3,2,1
42,4,10678,00:00:00.1730000,6,14,66,9930,9958,6051,16009,155943,171952,1.032527693856999,1.0680014775904954,0.025830112397670746,1,6,5,1
42,5,11907,00:00:00.2230000,11,24,123,16933,17010,14999,32009,308713,340722,1.1408492293155377,1.3200725720712443,0.1017955020070076,2,11,8,1.25
42,6,13100,00:00:00.2990000,15,36,217,28849,28985,35036,64021,553942,617963,1.482096433151929,2.540598191709409,0.2769183814525604,2,15,11,1.2727273
42,7,14136,00:00:00.4110000,21,74,368,49245,49710,78409,128119,906038,1034157,2.044451213321149,5.704826383709069,0.4185880124568939,3,21,15,1.3333334
42,8,15054,00:00:00.5910000,26,120,617,84318,85386,170775,256161,1416420,1672581,2.5678858606703194,4.472804548197916,0.3199024796485901,3,26,20,1.25
42,9,15987,00:00:00.8580000,32,202,1055,140917,143701,368593,512294,2266315,2778609,2.947167481567164,3.4064320449004293,0.25296393036842346,3,32,24,1.2916666
42,10,16989,00:00:01.3800000,35,380,1887,233954,241051,783249,1024300,3746251,4770551,3.2975627687494122,4.245710616625475,0.2405412495136261,4,35,25,1.36
42,11,18071,00:00:02.4260000,44,621,3286,386252,405016,1644208,2049224,6314033,8363257,3.7235871917815313,7.67165620260376,0.3405970335006714,4,45,33,1.3333334
42,12,19229,00:00:04.3460000,56,1092,5908,639408,683029,3414932,4097961,10732053,14830014,4.220971586217251,9.943766686176904,0.4548431634902954,4,57,39,1.4358975
42,13,20467,00:00:08.0510000,72,1964,10514,1062999,1162706,7029674,8192380,18310112,26502492,4.823579326038876,8.00414418224968,0.38997653126716614,5,73,51,1.4117647
42,14,21774,00:00:15.0880000,84,3400,18841,1780312,2000950,14391589,16392539,31132344,47524883,5.596439837511627,11.399313907893557,0.3811710476875305,5,85,60,1.4
42,15,23102,00:00:34.3390000,78,6024,33695,3088310,3536457,29237191,32773648,51978825,84752473,6.742735023362292,17.951239702838564,0.4055730402469635,6,79,54,1.4444444
42,16,24388,00:01:28.9380000,65,10638,59800,5588072,6358259,59189431,65547690,83924493,149472183,7.991331178266852,8.553691859559205,0.260012686252594,6,66,47,1.3829787
42,17,25684,00:03:12.8780000,65,17951,105903,9502417,11167283,119932437,131099720,134245011,265344731,8.936307573115345,6.205602016574736,0.25815364718437195,6,66,47,1.3829787
42,18,27053,00:06:30.6630000,87,32085,191924,16442536,20070152,242128745,262198897,218974363,481173260,10.257506567113492,9.042803541532159,0.24922682344913483,7,88,62,1.4032258
42,19,28390,00:12:16.3620000,57,58552,349636,31902854,38235452,486120177,524355629,350517533,874873162,12.257352931496348,9.31439458905176,0.2796935439109802,7,58,40,1.425
42,20,29703,00:22:53.1320000,53,106095,643157,60344161,70902606,977904255,1048806861,557288039,1606094900,13.743746093346132,3.676270471252601,0.22450757026672363,7,54,39,1.3589743
43,0,4622,00:00:00.0640000,2,2,7,986,986,17,1003,13227,14230,1.0040567951318458,1.0081465371439315,0,1,2,1,1
43,1,5441,00:00:00.0830000,2,2,11,1818,1818,188,2006,24255,26261,1.001100110011001,1.0022026664208399,0,1,2,1,1
43,2,6292,00:00:00.1150000,5,7,21,3265,3268,735,4003,44391,48394,1.009800918836141,1.0198639505517646,0,1,5,4,1
43,3,7339,00:00:00.1480000,4,8,41,5777,5785,2232,8017,89040,97057,1.014194218452484,1.0289128955755555,0.01023097150027752,1,4,3,1
43,4,8463,00:00:00.1840000,6,16,75,9883,9919,6082,16001,172102,188103,1.046848123039563,1.0992197119978269,0.024666354060173035,1,6,5,1
43,5,9743,00:00:00.2420000,4,21,144,16932,17023,14981,32004,330554,362558,1.153496338294354,1.367496756510731,0.09194604307413101,1,4,3,1
43,6,10992,00:00:00.3340000,13,43,243,28528,28737,35276,64013,587635,651648,1.3658861469433539,2.056009698398582,0.12305284291505814,1,13,12,1
43,7,12205,00:00:00.4830000,20,83,413,48208,48816,79217,128033,1000898,1128931,1.6777920677066047,2.630123139603549,0.21302837133407593,2,20,16,1.1875
43,8,13438,00:00:00.7420000,32,161,750,79995,81593,174432,256025,1690365,1946390,1.966160385024064,2.4993125923249933,0.27448201179504395,3,32,27,1.1481482
43,9,14703,00:00:01.1930000,52,240,1274,134168,137293,374907,512200,2844952,3357152,2.326337129568899,3.821256810186122,0.31435829401016235,3,52,42,1.2142857
43,10,15940,00:00:01.9510000,54,389,2125,224000,233656,790486,1024142,4662504,5686646,2.8976919642857144,10.336696747403522,0.3965626358985901,4,54,43,1.2325581
43,11,17127,00:00:03.2290000,55,680,3591,379142,400906,1647917,2048823,7473038,9521861,3.619844279979533,8.915555539014578,0.3815085291862488,4,56,42,1.3095238
43,12,18287,00:00:05.2890000,55,1228,6208,643898,688449,3407718,4096167,11885724,15981891,4.325346561101292,6.074519879590621,0.30244460701942444,4,56,41,1.3414634
43,13,19496,00:00:08.9900000,60,2001,10822,1081209,1173774,7019969,8193743,19291198,27484941,4.941357313895833,5.14232662868721,0.23537178337574005,5,61,43,1.3953488
43,14,20775,00:00:16.1140000,66,3461,19059,1800966,2016113,14375028,16391141,31844172,48235313,5.676210988991463,9.08200586253375,0.3276214301586151,4,67,50,1.32
43,15,22086,00:00:41.1200000,72,5922,33738,3091799,3533686,29237849,32771535,52436595,85208130,6.694017301900932,12.942806888506082,0.4206351637840271,5,73,50,1.44
43,16,23421,00:01:44.7060000,65,10269,60207,5353228,6234643,59318460,65553103,85923077,151476180,7.763529780536155,8.790896666694346,0.43475738167762756,6,66,39,1.6666666
43,17,24741,00:03:37.6050000,66,18269,106938,9605197,11241958,119890252,131132210,137018730,268150940,9.089288330057155,6.402613523571269,0.35358479619026184,6,67,49,1.3469387
43,18,26032,00:06:54.2680000,47,32175,191017,18045717,20873016,241379946,262252962,216899791,479152753,10.71031453058917,2.8697897176181786,0.148024782538414,6,48,36,1.3055556
43,19,27365,00:12:57.9120000,49,57864,347931,31112253,37288160,487215023,524503183,348621691,873124874,11.841129731106262,5.458872793047827,0.14140008389949799,6,50,36,1.3611112
43,20,28688,00:23:49.5850000,50,107992,640275,61547006,72905424,975695214,1048600638,556088047,1604688685,14.152348271823328,4.839742238841374,0.17307192087173462,6,51,34,1.4705882
44,0,11298,00:00:00.1370000,3,3,6,989,989,13,1002,14214,15216,1.0202224469160768,1.0414039510561979,0,1,3,2,1
44,1,12063,00:00:00.1630000,4,4,11,1827,1827,179,2006,24730,26736,1.0175150519978107,1.0358341937177842,0,1,4,3,1
44,2,12951,00:00:00.1910000,5,6,21,3267,3269,735,4004,45792,49796,1.0410162228344046,1.0866270667491718,0.030315015465021133,1,5,4,1
44,3,13819,00:00:00.2060000,6,9,35,5761,5767,2235,8002,83310,91312,1.0930394028814443,1.2105641284485724,0.0644906759262085,1,6,5,1
44,4,14837,00:00:00.2330000,9,20,77,10076,10107,5898,16005,156736,172741,1.2368003175863438,1.6619322313771927,0.14821822941303253,1,9,8,1
44,5,15777,00:00:00.2740000,14,42,144,17229,17361,14647,32008,271667,303675,1.4697312670497418,2.748216221873086,0.25467491149902344,2,14,11,1.1818181
44,6,16761,00:00:00.3440000,16,49,223,29101,29449,34603,64052,474652,538704,1.7240988282189615,3.8485569076448165,0.3456384539604187,2,16,13,1.1538461
44,7,17714,00:00:00.4380000,29,85,378,49388,49855,78172,128027,800277,928304,1.9674212359277556,4.174367027206574,0.36510783433914185,2,29,25,1.12
44,8,18772,00:00:00.6090000,33,142,653,81644,82888,173152,256040,1395179,1651219,2.224597031012689,4.6988438355360955,0.3697334825992584,3,33,26,1.2307693
44,9,19884,00:00:00.9660000,42,243,1154,136133,139450,372779,512229,2409115,2921344,2.58534668302322,5.473440757860768,0.3391536474227905,3,42,34,1.2058823
44,10,21029,00:00:01.6210000,48,402,2028,226223,235841,788607,1024448,4098330,5122778,3.0183933552291324,5.187912596798326,0.30677300691604614,4,48,39,1.2051282
44,11,22209,00:00:02.8440000,67,720,3520,380484,400181,1648907,2049088,6903459,8952547,3.5546882391900843,7.08654419425591,0.2822350859642029,4,68,53,1.264151
44,12,23415,00:00:04.9600000,73,1146,6249,633231,677654,3418431,4096085,11497039,15593124,4.114702217674119,9.225771050447214,0.2838324308395386,5,74,58,1.2586207
44,13,24695,00:00:08.9350000,82,1985,11085,1046411,1149177,7043270,8192447,19327269,27519716,4.684208212643025,11.949379221464833,0.31466254591941833,5,83,61,1.3442622
44,14,26055,00:00:16.3490000,87,3442,19530,1744361,1977946,14406619,16384565,32666277,49050842,5.486417662399011,15.214653973424166,0.30277904868125916,6,88,64,1.359375
44,15,27377,00:00:30.3390000,73,6035,34359,3123458,3570860,29213457,32784317,53371406,86155723,6.834745656896939,6.044345314812727,0.24957230687141418,6,74,52,1.4038461
44,16,28681,00:01:12.1220000,68,10280,60627,5440366,6265520,59304944,65570464,85993092,151563556,7.7949410021311065,6.435681994830722,0.2920994758605957,6,69,51,1.3333334
44,17,30030,00:02:54.7620000,81,18242,108139,9147761,10917075,120216516,131133591,138314083,269447674,8.687698771316828,12.754192339239667,0.4858189523220062,5,82,60,1.35
44,18,31461,00:06:23.1830000,95,32579,196038,15676875,19386371,242784831,262171202,226805616,488976818,9.850855607383487,11.568454475579804,0.36512333154678345,6,96,66,1.439394
44,19,32931,00:12:50.7660000,83,58624,357788,28343086,35507295,488807522,524314817,371478774,895793591,11.383827011638747,10.244646269187346,0.27799415588378906,6,84,60,1.3833333
44,20,34398,00:24:40.5440000,69,105317,659885,53442642,66713807,981993104,1048706911,601695246,1650402157,13.134270607355077,14.234006428861614,0.390590637922287,6,70,47,1.468085
45,0,5720,00:00:00.0620000,2,2,6,993,993,9,1002,10936,11938,1.0060422960725075,1.0121576168008177,0,1,2,1,1
45,1,6487,00:00:00.0800000,4,5,14,1821,1822,190,2012,21425,23437,1.031301482701812,1.0649167610799264,0.009294330142438412,1,4,3,1
45,2,7284,00:00:00.1170000,3,7,24,3285,3291,710,4001,40371,44372,1.032572298325723,1.0678429176000863,0.027253275737166405,1,3,2,1
45,3,8080,00:00:00.1320000,6,6,36,5793,5793,2209,8002,74633,82635,1.059899879164509,1.129475185213923,0.035922031849622726,1,6,5,1
45,4,9110,00:00:00.1590000,6,17,70,9924,9954,6048,16002,150539,166541,1.1803708182184602,1.4551810362395012,0.09275048971176147,1,6,5,1
45,5,10115,00:00:00.2040000,9,27,127,16980,17065,14942,32007,275618,307625,1.420789163722026,2.357311436997501,0.19229750335216522,2,9,6,1.3333334
45,6,11042,00:00:00.2670000,15,47,223,29103,29320,34733,64053,467224,531277,1.7024705356836065,3.479835186416953,0.21484355628490448,2,15,12,1.1666666
45,7,12002,00:00:00.3770000,18,70,377,49358,50044,77988,128032,794499,922531,2.051946999473236,4.171817392836813,0.26826706528663635,3,18,14,1.2142857
45,8,12965,00:00:00.5760000,24,135,648,83153,84667,171476,256143,1333079,1589222,2.4278378410881145,4.46315235536474,0.2979251742362976,3,24,19,1.2105263
45,9,13963,00:00:00.8850000,27,222,1132,138212,141663,370514,512177,2244558,2756735,2.7819436807223688,3.8242957704312706,0.3185107707977295,3,27,21,1.2380953
45,10,15031,00:00:01.4860000,34,383,1963,229459,238391,785834,1024225,3822366,4846591,3.1651231810475946,3.8278126273833517,0.43906015157699585,4,35,27,1.2592592
45,11,16153,00:00:02.5670000,41,690,3437,382494,403723,1644654,2048377,6483872,8532249,3.6831087546471317,6.00587363567418,0.34723028540611267,5,42,31,1.3225807
45,12,17297,00:00:04.4970000,48,1173,5965,639637,690926,3407307,4098233,10837762,14935995,4.342331666241947,7.983653548478738,0.26924821734428406,5,49,35,1.3714286
45,13,18483,00:00:08.0270000,57,1984,10583,1079706,1181775,7013716,8195491,18105356,26300847,5.027646414857378,8.344707616971277,0.2817872166633606,5,58,42,1.3571428
45,14,19730,00:00:14.5070000,71,3466,18652,1833769,2031759,14360189,16391948,30353741,46745689,5.7716593529501266,12.182723887090134,0.4509966969490051,5,72,52,1.3653846
45,15,21042,00:00:27.0350000,82,6084,33736,3087104,3507588,29274360,32781948,51011369,83793317,6.5536337616095865,11.611288801087044,0.39485636353492737,5,83,60,1.3666667
45,16,22454,00:01:07.7720000,93,10491,60912,5017188,6026191,59519403,65545594,86676948,152222542,7.293898095905515,11.955745331531224,0.37028762698173523,5,94,74,1.2567568
45,17,23924,00:03:03.0360000,103,18586,110536,8202377,10518507,120581870,131100377,143970611,275070988,8.282013128633322,22.853876113476304,0.4658517837524414,5,104,79,1.3037975
45,18,25451,00:06:54.4180000,110,32380,200451,14349421,18688098,243509163,262197261,238175316,500372577,9.455003445783632,27.38122776356596,0.4944760501384735,6,111,71,1.5492958
45,19,27029,00:14:03.1220000,96,57781,367305,25359648,33828980,490626642,524455622,393446029,917901651,10.816957435686804,13.391472601081551,0.46382051706314087,4,97,66,1.4545455
45,20,28650,00:27:42.9230000,103,103869,679144,45189537,61372656,987502116,1048874772,647633471,1696508243,12.16137810838823,20.047697131189793,0.4737338125705719,5,104,74,1.3918918
46,0,4647,00:00:00.0550000,1,1,3,998,998,8,1006,9297,10303,1,1,0,0,1,1,0
46,1,5958,00:00:00.0790000,4,5,18,1823,1824,185,2009,26490,28499,1.0307185957213385,1.0636447163179186,0.009079277515411377,1,4,3,1
46,2,6723,00:00:00.1180000,3,5,26,3277,3280,730,4010,44814,48824,1.082697589258468,1.179128853644898,0.00900375284254551,1,3,2,1
46,3,7590,00:00:00.1350000,7,11,40,5784,5796,2218,8014,81807,89821,1.1934647302904564,1.4625305485536153,0.032391685992479324,1,7,6,1
46,4,8404,00:00:00.1570000,7,16,63,10151,10167,5857,16024,140670,156694,1.3416412176140282,1.8717529454165316,0.06965626031160355,1,7,6,1
46,5,9242,00:00:00.1900000,9,26,113,17388,17445,14574,32019,244663,276682,1.5844835518748561,2.17514867253053,0.12427610158920288,2,9,7,1.1428572
46,6,10172,00:00:00.2510000,12,50,208,29341,29552,34537,64089,437855,501944,1.782386421730684,1.8191384187962638,0.14330291748046875,2,12,10,1.1
46,7,11138,00:00:00.3530000,17,91,373,48837,49522,78480,128002,768658,896660,1.9346601961627454,1.5200548808769998,0.16035905480384827,2,17,13,1.2307693
46,8,12238,00:00:00.5910000,31,164,693,81015,82631,173547,256178,1387843,1644021,2.113448126890082,1.643701223795183,0.1775709092617035,3,31,24,1.25
46,9,13415,00:00:00.9860000,45,249,1229,135005,138807,373454,512261,2461769,2974030,2.4951594385393134,2.9570441681999378,0.22398777306079865,4,45,37,1.1891892
46,10,14532,00:00:01.6340000,47,417,2080,230238,239953,784312,1024265,4104615,5128880,3.2716753967633494,8.055468011210712,0.3167160451412201,4,48,38,1.2368422
46,11,15554,00:00:02.7050000,40,699,3472,395615,416137,1633126,2049263,6520816,8570079,4.0865083477623445,7.2539242321705775,0.319135844707489,5,41,32,1.25
46,12,16577,00:00:04.4340000,36,1147,5843,673730,711973,3386055,4098028,10423889,14521917,4.717538182951627,4.247953547016755,0.22423477470874786,5,37,27,1.3333334
46,13,17674,00:00:07.5820000,36,1922,10152,1121569,1209113,6986820,8195933,17161643,25357576,5.268571973726092,4.458912954633296,0.2421846240758896,5,37,26,1.3846154
46,14,18870,00:00:13.6120000,61,3362,18151,1862672,2051406,14337748,16389154,28923290,45312444,5.848998105946726,8.335011239684096,0.21716976165771484,4,62,46,1.326087
46,15,20174,00:00:26.4210000,83,6054,33086,3062033,3500112,29270418,32770530,49466414,82236944,6.523446350839459,13.640606375444117,0.29579973220825195,4,84,63,1.3174603
46,16,21591,00:01:09.8220000,99,10537,60330,4943610,6029020,59526431,65555451,85273453,150828904,7.285078110935126,19.337150959710147,0.47531697154045105,4,99,75,1.3066666
46,17,23054,00:03:03.2470000,120,18675,109421,8291519,10625312,120460767,131086079,142273171,273359250,8.438497336857095,35.65405926682697,0.4458290934562683,6,121,81,1.4814814
46,18,24476,00:06:28.8760000,79,32671,196899,16396717,19887297,242303106,262190403,229847879,492038282,10.276463392031467,11.137163012616602,0.3993169069290161,5,80,58,1.362069
46,19,25906,00:12:43.3990000,69,57087,358408,29638598,35447125,488983780,524430905,371046724,895477629,11.269317496056999,9.309236544221783,0.4099164307117462,4,70,51,1.3529412
46,20,27455,00:25:14.8410000,99,104566,665008,46642617,62855804,985752185,1048607989,614657346,1663265335,12.355598829285244,17.629670327504723,0.40574008226394653,6,100,71,1.3943661
47,0,6416,00:00:00.0800000,1,1,5,995,995,9,1004,9793,10797,1,1,0,0,1,1,0
47,1,6988,00:00:00.0950000,2,2,9,1815,1815,190,2005,17530,19535,1.0088154269972451,1.0177862133905857,0,1,2,1,1
47,2,7630,00:00:00.1210000,3,4,16,3270,3271,731,4002,33083,37085,1.0180428134556574,1.0368424083851457,0.011762134730815887,1,3,2,1
47,3,8584,00:00:00.1480000,5,6,31,5705,5707,2303,8010,74326,82336,1.0236634531113058,1.0488367736690227,0.018554773181676865,1,5,4,1
47,4,9591,00:00:00.1760000,7,15,61,9969,9998,6033,16031,148012,164043,1.067208345872204,1.147591001087148,0.05349167808890343,1,7,6,1
47,5,10835,00:00:00.2270000,10,22,115,16933,16983,15040,32023,303470,335493,1.227012342762653,1.6298525697752575,0.16556693613529205,2,10,8,1.125
47,6,11941,00:00:00.2970000,14,44,209,28856,29018,34992,64010,531398,595408,1.534377599112836,3.289099110361642,0.3407333195209503,2,14,10,1.3
47,7,13018,00:00:00.4170000,17,84,380,48604,49007,79110,128117,898453,1026570,1.8415151016377254,5.052414224722399,0.45819780230522156,2,17,13,1.2307693
47,8,14117,00:00:00.6380000,25,137,684,81208,82495,173587,256082,1513636,1769718,2.167520441335829,5.390121564738371,0.46065106987953186,3,25,19,1.2631578
47,9,15231,00:00:00.9830000,34,214,1166,136619,139741,372295,512036,2525109,3037145,2.577994276052379,4.374787439068823,0.34902122616767883,3,34,27,1.2222222
47,10,16363,00:00:01.6090000,37,393,2040,229836,238158,786123,1024281,4188918,5213199,3.084125202318175,3.8955656458075993,0.2744663953781128,4,37,29,1.2413793
47,11,17516,00:00:02.8060000,44,698,3587,382674,401405,1646723,2048128,6929437,8977565,3.605277599209771,6.61057867090147,0.2656019926071167,5,45,30,1.4666667
47,12,18720,00:00:04.9540000,43,1194,6223,631442,678322,3418492,4096814,11521546,15618360,4.1276585973058495,11.240391191924333,0.4364795982837677,4,44,31,1.3870968
47,13,19969,00:00:08.7730000,53,2013,10929,1057187,1169174,7024010,8193184,19157176,27350360,4.907974653490821,9.716583760515606,0.48073846101760864,5,54,37,1.4324324
47,14,21202,00:00:15.3170000,65,3410,19079,1863773,2064552,14326342,16390894,31232135,47623029,5.994799795897891,5.609251099553516,0.3056032657623291,5,66,42,1.5476191
47,15,22413,00:00:26.3770000,56,5851,33426,3288986,3675383,29110436,32785819,50250082,83035901,7.1537312715834,9.913323635693772,0.3177415430545807,5,57,36,1.5555556
47,16,23624,00:00:46.5700000,56,10027,58316,5742121,6459503,59095496,65554999,80153850,145708849,8.137600548647443,8.420202240853158,0.28786882758140564,5,57,43,1.3023256
47,17,24910,00:01:50.7290000,71,17780,104323,9484669,11120762,119985841,131106603,130190268,261296871,8.866511419639421,5.327181864728721,0.3459109365940094,6,72,57,1.245614
47,18,26332,00:04:51.0980000,103,32216,191836,15161673,19260733,242901404,262162137,218313583,480475720,9.702208852545494,11.412909308259803,0.41202783584594727,6,104,77,1.3376623
47,19,27827,00:11:09.9840000,118,58966,355486,27068693,35391065,488959886,524350951,365336438,889687389,11.391155901025588,29.210630712091632,0.49448832869529724,6,119,73,1.6164384
47,20,29250,00:22:32.4420000,62,105734,653946,55893690,68264374,980490560,1048754934,588425141,1637180075,13.424382591308607,4.961180527391771,0.27332764863967896,5,63,45,1.3777778
48,0,5182,00:00:00.0620000,1,1,3,993,993,9,1002,10433,11435,1,1,0,0,1,1,0
48,1,6226,00:00:00.0830000,5,7,14,1830,1832,171,2003,23912,25915,1.0387978142076504,1.0813912072219607,0.017789121717214584,1,5,4,1
48,2,7154,00:00:00.1260000,5,5,24,3257,3257,749,4006,45689,49695,1.0988639852625115,1.2206719762415041,0.0388893187046051,1,5,4,1
48,3,7954,00:00:00.1450000,8,16,46,5810,5833,2172,8005,79844,87849,1.1905335628227194,1.4693458095005507,0.06961500644683838,1,8,7,1
48,4,8775,00:00:00.1710000,10,20,74,10036,10066,5935,16001,140344,156345,1.3477481068154644,1.9164007858891798,0.08989235013723373,2,10,8,1.125
48,5,9655,00:00:00.2130000,11,34,128,17193,17290,14746,32036,250901,282937,1.6038504042342814,2.4810578893898003,0.17422454059123993,2,11,9,1.1111112
48,6,10504,00:00:00.2720000,12,38,203,29377,29596,34406,64002,426981,490983,1.8572692923035028,2.609015028714285,0.22435157001018524,2,12,10,1.1
48,7,11383,00:00:00.3620000,17,68,349,49775,50210,77845,128055,726887,854942,2.1380010045203415,2.8284101108232966,0.22925494611263275,3,17,14,1.1428572
48,8,12316,00:00:00.5510000,22,122,616,83582,84600,171513,256113,1249017,1505130,2.4479911942762795,3.944143851360434,0.23068785667419434,3,22,18,1.1666666
48,9,13304,00:00:00.8470000,28,202,1058,139447,142008,370072,512080,2147008,2659088,2.7566745788722598,4.695429341345241,0.23857077956199646,3,28,21,1.2857143
48,10,14390,00:00:01.4090000,36,379,1878,228905,236401,787688,1024089,3753068,4777157,3.0610690024245866,4.93955704648295,0.24482481181621552,3,37,30,1.2
48,11,15582,00:00:02.5520000,49,685,3394,376265,396161,1652403,2048564,6591994,8640558,3.4411757670790535,5.9302399806089765,0.2521313726902008,4,50,39,1.2564102
48,12,16847,00:00:04.7470000,79,1171,6096,619645,667496,3428650,4096146,11411385,15507531,3.907595478055984,5.816935216622031,0.2592027187347412,4,80,64,1.234375
48,13,18185,00:00:08.9950000,104,2098,11113,1031597,1141076,7051556,8192632,19585994,27778626,4.606525610291616,10.123739896876632,0.3291104733943939,5,105,82,1.2682927
48,14,19488,00:00:18.9290000,82,3606,19567,1814997,2048792,14343681,16392473,32308816,48701289,5.962479827790349,6.583393581456055,0.29193487763404846,6,83,58,1.4137931
48,15,20713,00:00:50.3820000,48,5974,33667,3243234,3629940,29144218,32774158,51580530,84354688,7.026718701148298,2.5399224904316005,0.15292267501354218,7,49,32,1.5
48,16,21994,00:01:52.3870000,52,10236,59658,5530753,6319048,59220405,65539453,83564198,149103651,7.876310332426706,5.885375319713661,0.19775733351707458,5,53,39,1.3333334
48,17,23265,00:03:40.6770000,48,18066,105451,9897485,11486562,119600462,131087024,132790683,263877707,9.315601690732544,4.834923651417648,0.17018811404705048,5,49,36,1.3333334
48,18,24573,00:07:02.9070000,65,32267,189940,17274476,20254328,241964528,262218856,213970976,476189832,10.288423336256336,3.89920787930571,0.16786499321460724,5,65,49,1.3061224
48,19,26001,00:13:38.7490000,86,58188,350839,27468934,35397452,488954591,524352043,355005921,879357964,11.213128110468357,13.857933389526137,0.3177734911441803,6,87,60,1.4333333
48,20,27524,00:26:47.7740000,103,107002,655514,46652671,64175261,984427691,1048602952,594199466,1642802418,12.67776816036964,22.401339712449676,0.3882118761539459,7,104,67,1.5373135
4,0,8273,00:00:00.0890000,4,4,8,994,994,10,1004,14635,15639,1.0503018108651911,1.105875879097453,0.007124262396246195,1,4,3,1
4,1,9045,00:00:00.1170000,5,6,13,1833,1834,167,2001,24471,26472,1.1963993453355155,1.4770410900696014,0.05852852389216423,1,5,4,1
4,2,9828,00:00:00.1290000,5,6,15,3291,3292,722,4014,43354,47368,1.3886356730477059,2.0637861592768205,0.16022342443466187,1,5,4,1
4,3,10469,00:00:00.1420000,9,17,36,5840,5861,2140,8001,70984,78985,1.5542808219178081,2.4519333883171277,0.21139957010746002,2,9,6,1.3333334
4,4,11124,00:00:00.1800000,10,23,59,10213,10251,5771,16022,119212,135234,1.7127190835210027,2.3910783044174058,0.2521993815898895,2,10,8,1.125
4,5,11837,00:00:00.2090000,13,32,99,17508,17614,14434,32048,207896,239944,1.8400731094356866,2.207449557663733,0.309639573097229,2,13,11,1.0909091
4,6,12631,00:00:00.2590000,17,59,175,29691,29883,34139,64022,372944,436966,1.9897948873395979,2.0287597063284304,0.3366709053516388,3,17,14,1.1428572
4,7,13501,00:00:00.3480000,22,86,322,49695,50175,77890,128065,671614,799679,2.170842137035919,2.3091481004215364,0.28530338406562805,3,22,16,1.3125
4,8,14431,00:00:00.5380000,31,144,581,83096,84530,171506,256036,1194339,1450375,2.4634519110426494,3.780824075563772,0.26564931869506836,4,31,24,1.25
4,9,15389,00:00:00.8310000,38,269,1077,140169,144670,367380,512050,2066345,2578395,2.9977384443065156,7.581920340645039,0.257437527179718,5,38,28,1.3214285
4,10,16306,00:00:01.3140000,43,408,1764,240697,249825,774769,1024594,3412278,4436872,3.7704001296235514,7.049658762507669,0.19583038985729218,6,44,33,1.3030303
4,11,17146,00:00:02.1000000,31,643,2950,423921,442505,1606219,2048724,5393592,7442316,4.92288185770462,5.385190687608346,0.10628774017095566,6,32,23,1.3478261
4,12,17933,00:00:03.2780000,17,1145,4995,750608,784045,3315248,4099293,8397089,12496382,5.921961929529129,3.0945541088583233,0.06672954559326172,6,17,10,1.6
4,13,18757,00:00:05.3830000,20,1882,8624,1282258,1342083,6855294,8197377,13465803,21663180,6.513071472355797,2.371647363194617,0.03636340796947479,5,21,15,1.3333334
4,14,19688,00:00:09.5280000,31,3337,15590,2097315,2252207,14133523,16385730,22660950,39046680,6.922282060634669,2.0993946121090095,0.04071939364075661,5,31,23,1.3043479
4,15,20754,00:00:25.1360000,57,5881,28886,3404695,3812917,28967973,32780890,39533129,72314019,7.475678731868787,3.463835014062429,0.09629126638174057,5,58,42,1.3571428
4,16,21894,00:01:12.8140000,71,10529,53095,5666306,6614580,58957415,65571995,67440563,133012558,8.387537665632602,14.944350717512666,0.20905540883541107,5,72,52,1.3653846
4,17,23105,00:02:46.8030000,72,18602,98196,9665549,11556701,119523835,131080536,114528740,245609276,9.346195234228288,13.101963036528462,0.34176018834114075,5,73,49,1.4693878
4,18,24420,00:05:54.7440000,89,33201,183329,16292398,20221494,241951263,262172757,196081538,458254295,10.276037204590754,10.397935557399975,0.43482092022895813,5,90,65,1.3692307
4,19,25802,00:11:58.8760000,97,59583,342134,29189052,36797301,487698620,524495921,332233184,856729105,11.774317644848486,8.05594485815174,0.3804076313972473,6,98,66,1.469697
4,20,27201,00:23:25.4340000,72,108009,639753,54637852,68590585,980023229,1048613814,552085097,1600698911,13.439602127843532,12.248190069503197,0.2558014690876007,6,73,50,1.44
49,0,5118,00:00:00.1890000,2,2,5,991,991,10,1001,10351,11352,1.002018163471241,1.0040444531169364,0,1,2,1,1
49,1,6208,00:00:00.2290000,2,3,12,1832,1833,175,2008,24717,26725,1.002183406113537,1.0043762895458417,0,1,2,1,1
49,2,6976,00:00:00.2750000,1,3,17,3282,3286,724,4010,43090,47100,1,1,0,0,1,1,0
49,3,7935,00:00:00.3090000,5,12,39,5751,5762,2256,8018,84503,92521,1.014432272648235,1.0294305135676372,0.010955052450299263,1,5,4,1
49,4,8935,00:00:00.3680000,5,15,65,9899,9925,6077,16002,158071,174073,1.045257096676432,1.0961900369534034,0.038528408855199814,1,5,4,1
49,5,10071,00:00:00.4420000,10,28,115,16867,16951,15072,32023,300190,332213,1.1692061421711033,1.4253290678850594,0.11684682220220566,2,10,8,1.125
49,6,11294,00:00:00.5680000,19,59,234,28584,28794,35267,64061,553457,617518,1.4588930870417016,2.7409211232801844,0.2563507556915283,2,19,16,1.125
49,7,12439,00:00:00.8100000,23,97,437,48220,48946,79085,128031,944053,1072084,1.8106387391124015,4.903474284859034,0.39926260709762573,2,23,20,1.1
49,8,13542,00:00:01.1150000,32,144,713,81009,82906,173231,256137,1562263,1818400,2.200792504536533,5.9984055308601425,0.43379074335098267,2,32,27,1.1481482
49,9,14637,00:00:01.6000000,42,253,1237,135195,139880,372432,512312,2560253,3072565,2.5833425792373976,5.184487574600945,0.43395546078681946,3,42,34,1.2058823
49,10,15796,00:00:02.5020000,56,425,2113,224840,234441,789631,1024072,4271511,5295583,2.9232476427681906,4.135441890235671,0.30737635493278503,3,56,45,1.2222222
49,11,17056,00:00:04.2390000,67,737,3749,368961,391937,1656476,2048413,7280496,9328909,3.286829773336477,5.602667988416385,0.32863035798072815,4,68,53,1.264151
49,12,18370,00:00:07.3910000,77,1283,6587,608663,665906,3431580,4097486,12278751,16376237,3.9315861157980687,15.094275082950796,0.4846462607383728,4,78,52,1.4807693
49,13,19623,00:00:13.5450000,73,2126,11336,1074822,1183732,7009502,8193234,19910380,28103614,5.101728472249358,9.700398928769337,0.33770087361335754,5,74,52,1.4038461
49,14,20830,00:00:34.4320000,64,3461,19315,1871819,2056331,14334053,16390384,31766204,48156588,5.925097458675224,4.059222020045365,0.2203519642353058,5,65,47,1.3617021
49,15,22144,00:01:15.1430000,63,5997,34067,3022273,3471939,29311086,32783025,52488609,85271634,6.4178375017743265,5.972270317897364,0.2605079710483551,4,64,47,1.3404255
49,16,23598,00:02:34.8820000,97,10575,61763,4820642,5948770,59593624,65542394,89188096,154730490,7.136917862807485,18.938514058578367,0.4097520112991333,5,98,72,1.3472222
49,17,25106,00:04:59.7800000,117,18482,111786,8058809,10491932,120602865,131094797,148204226,279299023,8.297007411392924,32.75740165418763,0.40617692470550537,6,118,80,1.4625
49,18,26578,00:09:07.8350000,83,32564,200270,15789526,19405891,242809073,262214964,238850657,501065621,9.977969762993519,5.895621069621404,0.27800020575523376,5,84,60,1.3833333
49,19,28058,00:16:31.1380000,59,57082,363107,28643715,35037857,489446460,524484317,384774645,909258962,11.167230821839974,5.830053564610183,0.19225390255451202,6,60,42,1.4047619
49,20,29550,00:29:18.7890000,62,104621,666334,54511390,66825977,981885844,1048711821,618537805,1667249626,13.197565004304606,8.515971368505193,0.1798286885023117,7,63,43,1.4418604
5,0,5610,00:00:00.0670000,1,1,2,998,998,9,1007,13770,14777,1,1,0,0,1,1,0
5,1,6395,00:00:00.0830000,1,2,4,1821,1822,184,2006,24236,26242,1,1,0,0,1,1,0
5,2,7163,00:00:00.1100000,1,3,13,3260,3263,745,4008,42866,46874,1,1,0,0,1,1,0
5,3,8215,00:00:00.1290000,4,9,38,5759,5770,2255,8025,87561,95586,1.0043410314290675,1.0087322169245023,0,1,4,3,1
5,4,9203,00:00:00.1670000,7,14,70,9864,9878,6126,16004,161055,177059,1.0266626115166262,1.055265711397527,0.020439261570572853,1,7,6,1
5,5,10454,00:00:00.2240000,11,33,140,16905,16995,15033,32028,316068,348096,1.0950606329488317,1.2076102519661072,0.06372091174125671,2,11,9,1.1111112
5,6,11770,00:00:00.3270000,19,56,257,28424,28691,35323,64014,586723,650737,1.3844990149169716,2.010399938539337,0.18337172269821167,2,19,15,1.2
5,7,12870,00:00:00.4850000,25,89,436,48791,49494,78524,128018,959617,1087635,1.9992826545879363,4.270468646285641,0.24507838487625122,3,25,20,1.2
5,8,13825,00:00:00.6690000,33,137,694,83435,84876,171261,256137,1493059,1749196,2.5609636243782585,2.9417172912910643,0.2249225229024887,3,33,27,1.1851852
5,9,14764,00:00:00.9670000,41,229,1117,140477,143767,368342,512109,2349502,2861611,2.9176733557806616,2.068174094574287,0.180352583527565,4,41,34,1.1764706
5,10,15799,00:00:01.5400000,41,405,1920,230447,239870,784191,1024061,3882148,4906209,3.2334246052237607,2.4050820709564067,0.16212229430675507,4,41,33,1.2121212
5,11,16902,00:00:02.5830000,48,701,3394,384060,404865,1643778,2048643,6499310,8547953,3.708178409623496,5.360614838838662,0.21277347207069397,4,49,39,1.2307693
5,12,18045,00:00:04.5580000,53,1158,5982,641300,690206,3406556,4096762,10857791,14954553,4.357093404023078,10.632531985928383,0.3213129937648773,4,54,40,1.325
5,13,19229,00:00:08.1140000,60,2070,10568,1085706,1185141,7010507,8195648,18108527,26304175,5.074689648947321,10.43252112014201,0.3212662935256958,5,61,42,1.4285715
5,14,20419,00:00:14.9180000,56,3431,18485,1898986,2095962,14292620,16388582,29758877,46147459,6.16616288903657,8.46224987637024,0.29281049966812134,6,57,37,1.5135136
5,15,21612,00:00:44.1540000,51,5877,32339,3287417,3654549,29126003,32780552,48546673,81327225,7.046580339518838,4.944215150004004,0.38360509276390076,4,52,39,1.3076923
5,16,22897,00:01:47.8240000,66,10322,58451,5445746,6262666,59304751,65567417,80709131,146276548,7.7547643610260195,9.691370053927843,0.4375459849834442,5,67,52,1.2692307
5,17,24242,00:03:46.3950000,75,18122,105350,8965713,10959227,120145902,131105129,132843316,263948445,8.714823684407476,7.347522355686484,0.4781576693058014,4,76,63,1.1904762
5,18,25644,00:07:26.2080000,93,32725,192380,16111684,19892669,242334264,262226933,219435436,481662369,10.203503432664146,9.870742280836481,0.38358062505722046,6,94,67,1.3880597
5,19,26962,00:13:30.1820000,62,58631,349041,33465681,38930374,485407228,524337602,348914892,873252494,12.450166276311544,2.9081686385519814,0.45525968074798584,6,63,45,1.3777778
5,20,28297,00:24:42.0890000,49,104906,642766,55893370,68401074,980568296,1048969370,559806537,1608775907,13.246253178149752,2.485265440908063,0.36353883147239685,4,50,39,1.2564102
6,0,3566,00:00:00.1650000,1,1,6,993,993,9,1002,7708,8710,1,1,0,0,1,1,0
6,1,4325,00:00:00.2150000,1,1,8,1823,1823,185,2008,17442,19450,1,1,0,0,1,1,0
6,2,5121,00:00:00.2910000,2,4,17,3280,3283,724,4007,36461,40468,1.0039634146341463,1.0079582379349794,0,1,2,1,1
6,3,6137,00:00:00.3560000,3,8,37,5717,5731,2279,8010,79718,87728,1.0262375371698442,1.0539361633552842,0.006548898294568062,1,3,2,1
6,4,7254,00:00:00.4690000,6,18,71,9911,9948,6067,16015,162074,178089,1.0585208354353748,1.1249728901624152,0.02106201834976673,1,6,5,1
6,5,8356,00:00:00.6220000,13,33,141,16823,16950,15054,32004,299025,331029,1.1679843071984783,1.4113365187451945,0.07510565221309662,1,13,12,1
6,6,9586,00:00:00.8450000,19,66,247,28589,28889,35112,64001,552514,616515,1.439644618559586,2.3204509111012466,0.17487910389900208,2,19,16,1.125
6,7,10748,00:00:01.0950000,26,95,435,48307,48882,79151,128033,949358,1077391,1.7693087958266918,2.9553505994842086,0.2791329324245453,2,26,23,1.0869565
6,8,11888,00:00:01.4170000,33,148,714,81148,82693,173339,256032,1586004,1842036,2.0913516044757725,3.1967174385933106,0.3212603032588959,2,33,27,1.1851852
6,9,13060,00:00:01.9280000,43,239,1258,136283,139315,372853,512168,2652014,3164182,2.4756646096725197,5.426116385108168,0.3404143750667572,3,43,35,1.2
6,10,14246,00:00:02.8460000,56,406,2163,225601,233452,790813,1024265,4399485,5423750,2.8811574416780066,8.839232592556765,0.3514847159385681,4,56,44,1.25
6,11,15503,00:00:04.4900000,71,722,3693,376804,394719,1653477,2048196,7392992,9441188,3.376898865192514,11.759571581664373,0.36382150650024414,4,72,58,1.2241379
6,12,16774,00:00:07.3980000,72,1227,6522,620424,670023,3427961,4097984,12230235,16328219,3.9872748314056192,11.34901287616299,0.3616560995578766,5,73,55,1.3090909
6,13,18083,00:00:12.8340000,85,1987,11350,1041157,1144881,7050675,8195556,20234365,28429921,4.652514462276103,8.773655278673093,0.3846031725406647,4,86,63,1.3492063
6,14,19458,00:00:29.9760000,79,3499,20145,1716768,1959162,14428788,16387950,33735110,50123060,5.356028886838525,9.822233927368623,0.42135918140411377,4,80,61,1.295082
6,15,20904,00:01:13.0900000,89,6059,35870,2872191,3373405,29396130,32769535,56455753,89225288,6.120886459152612,15.186417823338761,0.43966007232666016,4,90,66,1.3484849
6,16,22433,00:02:35.1430000,100,10485,64216,4747602,5830079,59706804,65536883,94963264,160500147,6.936039920785272,9.948540611580366,0.5636491775512695,4,101,71,1.4084507
6,17,24037,00:05:04.4310000,107,18341,115878,7833587,10163484,120960830,131124314,158463459,289587773,7.89245309971026,22.66405212105512,0.5216462016105652,5,108,75,1.4266666
6,18,25631,00:09:34.5220000,103,32596,207587,14351488,18521448,243734196,262255644,256435308,518690952,9.428643775474711,11.960886098925972,0.5067989826202393,5,104,65,1.5846153
6,19,27187,00:17:33.1750000,74,56898,373192,27855034,34342665,490004243,524346908,409376762,933723670,11.009051792936242,7.454393317965483,0.4273136556148529,4,75,52,1.4230769
6,20,28769,00:32:02.1650000,82,102479,682788,48585445,62342650,986361363,1048704013,657767674,1706471687,12.29512313821557,16.669171203023655,0.3910098373889923,6,83,61,1.3442622
7,0,5110,00:00:00.1580000,2,2,5,994,994,9,1003,15406,16409,1.0100603621730382,1.0203231203732623,0,1,2,1,1
7,1,6215,00:00:00.1930000,3,3,9,1815,1815,186,2001,30811,32812,1.0352617079889808,1.0735623122485924,0.026097390800714493,1,3,2,1
7,2,6987,00:00:00.2500000,5,8,20,3253,3256,749,4005,49417,53422,1.0541039040885336,1.115860672295864,0.03294679522514343,1,5,4,1
7,3,7837,00:00:00.2760000,5,8,35,5802,5807,2212,8019,85942,93961,1.0953119613926232,1.2161221500220207,0.06630410999059677,1,5,4,1
7,4,8908,00:00:00.3200000,7,15,79,9895,9923,6100,16023,165347,181370,1.2289034866093986,1.6192431241380474,0.12199676036834717,1,7,6,1
7,5,9851,00:00:00.3750000,9,19,133,17318,17367,14673,32040,281677,313717,1.4508603764868921,2.6086893441162524,0.23857714235782623,1,9,8,1
7,6,10839,00:00:00.4710000,12,45,224,29109,29318,34721,64039,486612,550651,1.7014325466350613,3.418054349188955,0.33873480558395386,2,12,9,1.2222222
7,7,11867,00:00:00.6220000,20,77,395,48653,49225,78826,128051,839748,967799,1.8940044807103364,3.3173593271391084,0.4335784316062927,2,20,15,1.2666667
7,8,12988,00:00:00.9110000,31,146,703,81040,82518,173520,256038,1469128,1725166,2.104466929911155,3.673352915716353,0.504950761795044,3,31,24,1.25
7,9,14158,00:00:01.4180000,45,235,1223,134434,138078,374055,512133,2532683,3044816,2.466489132213577,6.501645445790198,0.510321855545044,3,45,36,1.2222222
7,10,15317,00:00:02.3000000,56,422,2136,228267,237181,786978,1024159,4237929,5262088,3.0955241011622356,9.14437430113846,0.4799293279647827,4,56,43,1.2790698
7,11,16432,00:00:03.8360000,49,714,3653,379268,405026,1643043,2048069,6878871,8926940,3.7239313625193793,4.181556600345647,0.454511821269989,4,50,38,1.2894737
7,12,17578,00:00:06.3680000,59,1206,6226,638178,688781,3408317,4097098,11245543,15342641,4.289094892020722,4.304427936869259,0.28949445486068726,4,60,45,1.3111111
7,13,18804,00:00:11.1180000,74,2020,10860,1062679,1167795,7027367,8195162,18757262,26952424,4.853828860831916,8.229631333326921,0.30268070101737976,5,75,58,1.2758621
7,14,20106,00:00:21.8900000,90,3490,19458,1782446,2004663,14381910,16386573,31532068,47918641,5.614867434974187,13.865966960268093,0.34818390011787415,5,91,73,1.2328767
7,15,21431,00:00:56.0750000,75,6005,34076,3041080,3520258,29258455,32778713,52342076,85120789,6.6559794546674205,15.562846850140078,0.28609737753868103,5,76,59,1.2711865
7,16,22806,00:02:02.8500000,73,10633,61239,5193312,6113794,59450525,65564319,87067677,152631996,7.484195442137888,14.816299815596672,0.32414960861206055,5,74,52,1.4038461
7,17,24251,00:04:16.5530000,91,18250,109918,8413721,10499821,120596392,131096213,143210480,274306693,8.215111245072187,15.987545710801793,0.4635321795940399,6,92,63,1.4444444
7,18,25763,00:08:34.6420000,91,32563,199850,14764564,19060956,243120076,262181032,236339680,498520712,9.747615642426014,12.217173328137541,0.4714019298553467,4,92,61,1.4918033
7,19,27270,00:16:36.3930000,80,57540,364277,27816357,34621229,489730673,524351902,384759974,909111876,11.057212668071523,4.407841723664734,0.34774112701416016,5,81,61,1.3114754
7,20,28841,00:31:56.9380000,101,104252,672289,48218808,63156087,985488836,1048644923,631246206,1679891129,12.474121218425806,17.934295293114044,0.32850027084350586,6,102,70,1.4428571
8,0,4938,00:00:00.0790000,2,2,7,993,993,9,1002,10326,11328,1.0040281973816716,1.008088853983473,0,1,2,1,1
8,1,5759,00:00:00.0990000,7,7,16,1835,1835,170,2005,20927,22932,1.0245231607629428,1.0506912505822372,0.017099400982260704,1,7,6,1
8,2,6490,00:00:00.1400000,5,5,21,3309,3309,699,4008,38081,42089,1.0758537322453914,1.1674304047956008,0.0528038889169693,1,5,4,1
8,3,7393,00:00:00.1590000,5,10,40,5802,5812,2191,8003,76696,84699,1.202171664943123,1.5281115090488044,0.14066994190216064,1,5,4,1
8,4,8275,00:00:00.1860000,8,15,72,10059,10078,5926,16004,140808,156812,1.3564966696490706,2.0777268681781975,0.1881081461906433,2,8,6,1.1666666
8,5,9169,00:00:00.2280000,10,21,131,17276,17327,14690,32017,252813,284830,1.6278652465848575,3.1794489051940764,0.2886907458305359,2,10,8,1.125
8,6,10037,00:00:00.2850000,11,37,199,29412,29553,34469,64022,432257,496279,1.8944648442812457,3.552327680182448,0.3450218439102173,2,11,9,1.1111112
8,7,10913,00:00:00.3750000,16,72,343,49960,50439,77649,128088,730737,858825,2.188470776621297,3.8624991479972213,0.3272481858730316,2,16,13,1.1538461
8,8,11833,00:00:00.5480000,22,133,592,83537,84914,171254,256168,1246711,1502879,2.4886577205310223,3.4361066199402,0.26051369309425354,3,22,17,1.2352941
8,9,12824,00:00:00.8650000,34,259,1105,137916,141681,370579,512260,2151052,2663312,2.765436932625656,2.4670318543914416,0.2163454294204712,3,34,28,1.1785715
8,10,13911,00:00:01.4760000,48,433,1992,227404,237807,786463,1024270,3759133,4783403,3.0602056252308665,2.3389378373560907,0.18021798133850098,4,49,39,1.2307693
8,11,15057,00:00:02.6950000,70,752,3542,379972,405521,1643480,2049001,6472446,8521447,3.750265809059615,5.347200366414015,0.20267096161842346,5,71,54,1.2962962
8,12,16096,00:00:04.5560000,63,1226,5981,673503,722458,3374975,4097433,10413291,14510724,4.968888037618243,11.07940458390003,0.2251492440700531,6,64,45,1.4
8,13,17087,00:00:07.6030000,50,2101,10075,1179354,1261230,6931297,8192527,16487005,24679532,5.83767130140738,5.80659958920518,0.25707438588142395,6,51,34,1.4705882
8,14,18146,00:00:18.2650000,45,3461,17438,1983075,2152080,14240991,16393071,26918327,43311398,6.435900306342423,6.024978726463817,0.30019447207450867,5,46,35,1.2857143
8,15,19291,00:00:48.2630000,54,5956,31084,3364499,3742218,29044618,32786836,44975557,77762393,7.324032790617563,8.433874693448164,0.2413426637649536,6,55,41,1.3170732
8,16,20432,00:01:42.2400000,50,10295,55167,5940173,6665950,58874010,65539960,72942940,138482900,8.51995792041747,4.64652714623019,0.2088552862405777,6,51,36,1.3888888
8,17,21639,00:03:22.4680000,55,18432,100626,9806301,11502707,119622669,131125376,119967917,251093293,9.235670106393838,4.216846058312902,0.17643368244171143,5,56,40,1.375
8,18,22983,00:06:43.3370000,96,33105,186264,15746224,19857497,242317407,262174904,203353874,465528778,10.040779109963125,11.569691255774439,0.21851547062397003,5,97,79,1.2151898
8,19,24433,00:13:21.4360000,98,59406,348247,25679627,35347873,489116090,524463963,346296796,870760759,11.267881538933567,14.838026218967393,0.29609933495521545,5,99,70,1.4
8,20,25968,00:26:30.4620000,113,106939,655188,44862259,63109786,985630000,1048739786,587560066,1636299852,12.458657398415893,26.815580423824276,0.4206714630126953,6,114,79,1.4303797
