RepeatId,GenerationId,Generations,Time,SubcloneSelect,SubcloneAlive,SubcloneTotal,CellSelectCount,CellAliveCount,CellNecroCount,CellTumorCount,CellLostCount,CellTotalCount,MeanDriversPerCell,ClonalDiversity,TreeBalance,TreeDepth,NodeCount,LeafCount,Branching
0,0,1331,00:00:00.0370000,1,1,2,599,599,403,1002,1218,2220,1,1,0,0,1,1,0
0,1,1563,00:00:00.0480000,1,1,4,1010,1010,992,2002,2446,4448,1,1,0,0,1,1,0
0,2,1861,00:00:00.0510000,2,2,5,1666,1666,2344,4010,5119,9129,1.0018007202881152,1.0036079169444578,0,1,2,1,1
0,3,2194,00:00:00.0730000,2,3,6,2924,2925,5082,8007,9804,17811,1.0478796169630642,1.100321063495865,0,1,2,1,1
0,4,2518,00:00:00.0780000,4,8,12,5546,5554,10470,16024,17091,33115,1.4473494410385863,1.986101529167175,0,2,4,2,1.5
0,5,2756,00:00:00.1030000,5,8,16,11262,11276,20769,32045,25677,57722,1.89664358018114,1.8083225777336853,0.03384953737258911,2,5,3,1.3333334
0,6,2955,00:00:00.1220000,6,13,23,22864,22906,41239,64145,37346,101491,2.382566480055983,2.7101441791565857,0.14589104056358337,3,6,3,1.6666666
0,7,3129,00:00:00.1270000,5,25,40,45737,45918,82528,128446,53872,182318,2.7943022060913485,3.0826929267919216,0.7532551884651184,3,5,2,2
0,8,3292,00:00:00.1350000,8,48,70,91514,91991,164639,256630,78299,334929,3.2187315601984396,3.536995947930262,0.7168353796005249,4,8,3,2.3333333
0,9,3421,00:00:00.1440000,10,82,121,202487,203812,309619,513431,109095,622526,3.9825717206536715,3.8230868406118765,0.3817691504955292,4,10,5,1.8
0,10,3521,00:00:00.1560000,13,167,232,443453,446829,578853,1025682,147201,1172883,4.606434052763202,2.402951587894952,0.17572924494743347,4,13,8,1.5
0,11,3615,00:00:00.1760000,18,315,434,915674,925461,1137964,2063425,204739,2268164,5.062320214399448,2.406611578352691,0.10842060297727585,5,18,10,1.7
0,12,3701,00:00:00.2120000,21,631,836,1885209,1921797,2209115,4130912,288261,4419173,5.605780579235512,4.08377297029234,0.22572503983974457,6,22,13,1.6153846
0,13,3766,00:00:00.2660000,30,1350,1707,4190878,4280396,3955877,8236273,387500,8623773,6.4800929542687715,7.254216618857533,0.25616711378097534,7,31,19,1.5789474
0,14,3813,00:00:00.3400000,29,2828,3438,9395688,9671218,6885046,16556264,502051,17058315,7.318853499605351,4.588325860759659,0.2672751843929291,5,29,18,1.5555556
0,15,3852,00:00:00.4530000,35,5630,6687,19795390,20574483,12293813,32868296,653474,33521770,7.931432874017638,3.968026258902812,0.20948344469070435,7,35,23,1.4782609
0,16,3887,00:00:00.7170000,42,11532,13406,41432765,43645003,22557490,66202493,868411,67070904,8.564491918412878,5.0675694043152175,0.19104845821857452,8,43,27,1.5555556
0,17,3907,00:00:01.0720000,49,24724,27466,96486070,101799624,34485769,136285393,1056293,137341686,10.32028416122659,10.298510336878069,0.19391292333602905,10,50,31,1.5806452
0,18,3913,00:00:01.2560000,43,51256,54501,217697284,229805000,42904174,272709174,1147018,273856192,12.106722815154644,6.896386567335442,0.12490195780992508,11,44,26,1.6538461
0,19,3918,00:00:01.6020000,43,116332,120358,513400615,543115196,59439284,602554480,1272081,603826561,13.15351586791535,4.228497009500578,0.10691475868225098,10,44,30,1.4333333
0,20,3922,00:00:02.1430000,38,222783,228224,983605498,1054758089,87740860,1142498949,1433629,1143932578,13.604511089261926,3.6095478406355306,0.09701164066791534,8,39,27,1.4074074
9,0,1226,00:00:00.0220000,1,1,1,585,585,418,1003,1456,2459,1,1,0,0,1,1,0
9,1,1449,00:00:00.0320000,1,1,1,1010,1010,991,2001,2688,4689,1,1,0,0,1,1,0
9,2,1743,00:00:00.0350000,2,2,2,1692,1692,2317,4009,5241,9250,1.0153664302600474,1.0312048949225503,0,1,2,1,1
9,3,2051,00:00:00.0400000,2,3,4,3039,3042,4965,8007,9585,17592,1.2119118130964133,1.501524878558033,0,1,2,1,1
9,4,2303,00:00:00.0590000,2,3,6,6000,6001,10001,16002,15366,31368,1.642,1.8507275950103594,0,1,2,1,1
9,5,2526,00:00:00.0630000,5,6,9,11276,11281,20764,32045,23597,55642,1.8858637814827952,1.2949287209259954,0,2,5,3,1.3333334
9,6,2765,00:00:00.0750000,6,10,16,20471,20475,43616,64091,37808,101899,2.0792828879878855,1.3458952740295043,0.08501620590686798,2,6,4,1.25
9,7,2992,00:00:00.0800000,6,15,31,40346,40365,87959,128324,59315,187639,2.4790065929708027,2.7638644699786012,0.3675299286842346,2,6,4,1.25
9,8,3203,00:00:00.0860000,8,28,49,78450,78700,177838,256538,91263,347801,2.807482472912683,3.1587779311691078,0.606529712677002,3,8,4,1.75
9,9,3426,00:00:00.0990000,13,71,114,145297,146029,366907,512936,145137,658073,3.0338479115191643,3.0432041586741847,0.6692083477973938,3,13,9,1.3333334
9,10,3602,00:00:00.1170000,19,171,243,359563,362775,664490,1027265,210354,1237619,4.349001426731894,4.79263553322465,0.4172258973121643,5,19,12,1.5
9,11,3671,00:00:00.1320000,20,347,470,982997,996236,1052328,2048564,251921,2300485,5.583158443006439,1.9945062019723603,0.3208969235420227,6,20,12,1.5833334
9,12,3730,00:00:00.1580000,27,726,926,2183708,2217223,1894615,4111838,309112,4420950,6.154816028516633,2.1744984834499794,0.13628242909908295,6,28,20,1.35
9,13,3784,00:00:00.2040000,28,1388,1753,4568284,4670963,3567270,8238233,392274,8630507,6.697230513689604,3.2804931511512097,0.08379386365413666,6,29,22,1.2727273
9,14,3833,00:00:00.2810000,35,2809,3422,9556581,9828311,6800463,16628774,512541,17141315,7.241074815354989,3.749197501498722,0.08412852138280869,6,36,28,1.25
9,15,3877,00:00:00.3990000,33,5652,6801,19168369,20058187,12859157,32917344,684205,33601549,7.74923291595649,3.6049239758636724,0.13519813120365143,4,33,26,1.2307693
9,16,3915,00:00:00.6190000,47,11488,13568,40085913,42390045,23644420,66034465,917229,66951694,8.437911617480186,5.407846625026023,0.15117250382900238,5,47,35,1.3142858
9,17,3943,00:00:00.9780000,58,23829,27295,86647381,92976057,40724221,133700278,1189441,134889719,9.348276920222204,8.98667334236904,0.1701422780752182,7,58,39,1.4615384
9,18,3961,00:00:01.4870000,62,50301,55464,193965731,210071020,64655016,274726036,1466734,276192770,10.559627504510063,11.492798374706084,0.21598981320858002,8,62,42,1.4523809
9,19,3971,00:00:02.1350000,59,100581,107688,400900533,440388909,93834478,534223387,1711667,535935054,11.609643160539274,5.72380693901046,0.18973307311534882,9,59,38,1.5263158
9,20,3980,00:00:03.2740000,65,218897,229686,886269927,991586133,151365588,1142951721,2067085,1145018806,12.481258862572238,3.912875912606046,0.16121594607830048,10,65,41,1.5609756
10,0,1345,00:00:00.0220000,1,1,1,583,583,425,1008,1473,2481,1,1,0,0,1,1,0
10,1,1578,00:00:00.0320000,1,1,1,1016,1016,988,2004,2694,4698,1,1,0,0,1,1,0
10,2,1875,00:00:00.0340000,1,1,1,1685,1685,2323,4008,5282,9290,1,1,0,0,1,1,0
10,3,2224,00:00:00.0530000,1,1,1,2831,2831,5174,8005,10328,18333,1,1,0,0,1,1,0
10,4,2647,00:00:00.0580000,1,5,5,4803,4809,11206,16015,20069,36084,1,1,0,0,1,1,0
10,5,3172,00:00:00.0640000,2,5,8,7981,7995,24044,32039,39517,71556,1.0948502693898008,1.2073027450453215,0,1,2,1,1
10,6,3513,00:00:00.0710000,8,14,20,19788,19811,44320,64131,58860,122991,2.1108247422680413,3.39111392914091,0.090643972158432,3,8,4,1.75
10,7,3687,00:00:00.0850000,10,29,39,45984,46098,81973,128071,75187,203258,2.8730210508002783,2.8794901035012295,0.20025277137756348,4,10,5,1.8
10,8,3817,00:00:00.0900000,12,51,71,103955,104336,151870,256206,94404,350610,3.658255976143524,4.8661320029110104,0.4381638467311859,5,12,5,2.2
10,9,3899,00:00:00.0950000,11,84,114,248506,250606,264527,515133,113858,628991,4.679923221169711,5.052252609502657,0.4158604145050049,5,11,4,2.5
10,10,3960,00:00:00.1020000,12,165,218,549018,554010,473524,1027534,137207,1164741,5.342267466640438,2.7231891335714047,0.23397289216518402,5,12,5,2.2
10,11,4020,00:00:00.1200000,15,331,430,1117170,1129782,922657,2052439,173910,2226349,5.709857944627943,1.8823337574933268,0.13277041912078857,5,15,8,1.75
10,12,4085,00:00:00.1460000,23,662,846,2199273,2226508,1910327,4136835,237434,4374269,5.988543941566145,1.8097006704538032,0.1080905944108963,6,24,15,1.5333333
10,13,4153,00:00:00.2000000,25,1313,1677,4229034,4313808,3940793,8254601,343071,8597672,6.284607075752997,2.384706094793136,0.07795890420675278,6,26,17,1.4705882
10,14,4219,00:00:00.3030000,29,2684,3388,8362489,8655137,7827398,16482535,504854,16987389,6.751767924597569,4.183907170515069,0.09674755483865738,5,30,21,1.3809524
10,15,4273,00:00:00.4690000,38,5437,6710,17954533,18796836,14454150,33250986,713691,33964677,7.52750517097827,8.655262427128926,0.18754993379116058,6,39,26,1.4615384
10,16,4312,00:00:00.7090000,52,11199,13299,38519193,40567343,24979461,65546804,952748,66499552,8.323746917543158,12.61955295560237,0.33259832859039307,6,52,35,1.4571428
10,17,4345,00:00:01.1300000,53,23164,26789,82835210,89130474,44554943,133685417,1275111,134960528,9.061496119826339,14.966553877024602,0.3962946832180023,6,53,33,1.5757576
10,18,4371,00:00:01.8970000,70,47159,53409,173226937,188137072,77627994,265765066,1678563,267443629,9.773743964542883,18.557031855363775,0.3614334166049957,7,70,44,1.5681819
10,19,4389,00:00:03.0120000,91,96715,106383,371417820,405855421,125023217,530878638,2112947,532991585,10.886297596060416,25.718937840886326,0.30805864930152893,9,91,53,1.6981132
10,20,4398,00:00:04.1620000,90,203637,216573,819426824,904650269,175872526,1080522795,2454012,1082976807,12.395851479960827,22.963242418014882,0.27451086044311523,9,90,51,1.745098
11,0,1378,00:00:00.0280000,1,1,1,614,614,392,1006,1266,2272,1,1,0,0,1,1,0
11,1,1608,00:00:00.0390000,1,1,2,1013,1013,995,2008,2485,4493,1,1,0,0,1,1,0
11,2,1893,00:00:00.0430000,1,1,3,1711,1711,2302,4013,5027,9040,1,1,0,0,1,1,0
11,3,2230,00:00:00.0640000,4,5,7,2918,2919,5093,8012,9755,17767,1.0161069225496915,1.0328391238438261,0,1,4,3,1
11,4,2591,00:00:00.0810000,5,7,12,5316,5319,10686,16005,18027,34032,1.2983446200150488,1.866519981661049,0.2065037190914154,1,5,4,1
11,5,2864,00:00:00.0870000,8,14,23,10567,10581,21463,32044,28050,60094,1.7583987886817452,2.991288246031462,0.4128378927707672,2,8,6,1.1666666
11,6,3121,00:00:00.0940000,10,18,29,19828,19893,44192,64085,43095,107180,1.9901654226346581,2.561987737080536,0.5472497940063477,2,10,6,1.5
11,7,3375,00:00:00.1020000,14,30,45,37809,37903,90302,128205,67055,195260,2.356925599724933,4.105016651682658,0.5087651610374451,2,14,9,1.4444444
11,8,3599,00:00:00.1130000,17,52,83,76027,76493,179558,256051,101066,357117,2.764228497770529,4.0373916447721045,0.5344420671463013,3,17,10,1.6
11,9,3816,00:00:00.1310000,24,97,147,147885,149430,363195,512625,153119,665744,3.1147851370997737,4.218799400590472,0.46165817975997925,3,25,17,1.4117647
11,10,4013,00:00:00.1560000,35,167,270,308812,312477,714982,1027459,228343,1255802,3.680637410463324,6.766484862764734,0.3576010465621948,6,36,24,1.4583334
11,11,4102,00:00:00.1760000,26,361,506,941319,957971,1103437,2061408,279720,2341128,5.724745808806579,3.6839162488216144,0.19100910425186157,7,27,17,1.5294118
11,12,4145,00:00:00.1960000,20,725,930,2347656,2394835,1733924,4128759,321225,4449984,6.649269313732506,2.080458186589808,0.13075566291809082,6,21,13,1.5384616
11,13,4186,00:00:00.2320000,21,1420,1769,5074819,5172512,3147300,8319812,384679,8704491,7.117802230976119,2.1850793539349582,0.059384506195783615,7,22,15,1.4
11,14,4226,00:00:00.2940000,22,2759,3350,10136346,10395621,6019908,16415529,482996,16898525,7.506299212753787,2.7406082931057245,0.05900874733924866,7,22,15,1.4
11,15,4265,00:00:00.4110000,26,5671,6746,20609494,21327495,11696279,33023774,634287,33658061,8.008519277571784,3.9685656745788864,0.08392360806465149,7,27,17,1.5294118
11,16,4296,00:00:00.6000000,33,11723,13548,43397965,45249793,21001499,66251292,823777,67075069,8.79393715811329,7.222656584578081,0.20421326160430908,5,33,24,1.3333334
11,17,4318,00:00:00.8750000,46,24115,26994,94002953,98963867,35329898,134293765,1038137,135331902,9.702852877398437,9.8534404623694,0.22710123658180237,7,46,32,1.40625
11,18,4335,00:00:01.2620000,56,49522,54095,197074195,210341111,59364237,269705348,1303098,271008446,10.462369418786666,9.45664136208617,0.22430381178855896,6,56,38,1.4473684
11,19,4348,00:00:01.9420000,65,97487,104704,393425865,427397480,97049454,524446934,1619738,526066672,11.240392293475672,11.914380649485222,0.3182414770126343,8,65,42,1.5238096
11,20,4357,00:00:02.9950000,59,219017,229556,902520214,999470319,151511009,1150981328,1965014,1152946342,12.695147190354232,11.58930779184502,0.3576189875602722,8,59,40,1.45
12,0,1075,00:00:00.0380000,1,1,1,605,605,399,1004,1284,2288,1,1,0,0,1,1,0
12,1,1330,00:00:00.0550000,2,2,2,960,960,1049,2009,2720,4729,1.0010416666666666,1.002085471578767,0,1,2,1,1
12,2,1590,00:00:00.0620000,1,1,2,1766,1766,2245,4011,4999,9010,1,1,0,0,1,1,0
12,3,1970,00:00:00.0930000,2,2,3,2774,2774,5228,8002,10563,18565,1.0061283345349676,1.0123317287058329,0,1,2,1,1
12,4,2368,00:00:00.1040000,4,6,8,4981,4986,11040,16026,19825,35851,1.178076691427424,1.3415012069963446,0.012663067318499088,2,4,2,1.5
12,5,2579,00:00:00.1230000,7,9,13,12688,12695,19380,32075,27287,59362,2.3361443883984867,2.2911694382371866,0.017621628940105438,3,7,4,1.5
12,6,2711,00:00:00.1280000,5,14,20,27245,27296,37004,64300,35187,99487,2.8670948797944575,1.5202965315906982,0.05392920598387718,3,5,2,2
12,7,2838,00:00:00.1340000,6,22,34,53446,53542,74710,128252,47306,175558,3.1884893163192753,1.8088228369840917,0.12444472312927246,3,6,3,1.6666666
12,8,2966,00:00:00.1410000,7,45,66,103955,104320,152434,256754,66605,323359,3.510701745947766,2.5038232706245416,0.21115072071552277,3,7,4,1.5
12,9,3098,00:00:00.1540000,11,87,130,197138,198357,314821,513178,98608,611786,3.776374925179316,2.3361648252047558,0.3087998032569885,3,11,7,1.4285715
12,10,3241,00:00:00.1770000,18,147,236,367259,370387,654759,1025146,153638,1178784,4.00179709687169,2.275298600210738,0.36271291971206665,3,18,14,1.2142857
12,11,3383,00:00:00.2160000,23,308,476,735798,746239,1311133,2057372,239902,2297274,4.493971171435638,4.185774392597147,0.4645552933216095,4,23,17,1.2941177
12,12,3488,00:00:00.2750000,30,636,903,1687151,1721088,2396155,4117243,340636,4457879,5.372594984088561,5.25974499976335,0.5377269983291626,4,30,20,1.45
12,13,3566,00:00:00.3570000,36,1314,1772,3784858,3876748,4317843,8194591,460019,8654610,6.116999369593258,4.638017813792843,0.45915940403938293,5,36,25,1.4
12,14,3633,00:00:00.5050000,34,2688,3467,8187722,8519042,8042053,16561095,623381,17184476,6.775452683908907,5.161740645863772,0.3343214690685272,6,35,23,1.4782609
12,15,3685,00:00:00.6990000,40,5555,6896,17840689,18739518,14360637,33100155,824317,33924472,7.583330273847608,7.938582047885583,0.22581763565540314,7,41,28,1.4285715
12,16,3720,00:00:00.9840000,44,11396,13491,40298462,42495283,23878577,66373860,1037989,67411849,8.63064950220681,9.988021405580849,0.2629965841770172,8,45,28,1.5714285
12,17,3739,00:00:01.2410000,42,24015,26971,92690069,98120890,35319586,133440476,1218799,134659275,10.10348786125081,9.943918528941532,0.18693262338638306,8,43,30,1.4
12,18,3749,00:00:01.5700000,46,52558,56431,215512221,230033321,49626766,279660087,1373309,281033396,11.453864419131943,6.2398873753095,0.12517385184764862,9,47,32,1.4375
12,19,3756,00:00:02.1050000,55,103685,108922,436405390,470263721,71721727,541985448,1546866,543532314,12.191123434566196,4.6986797885149585,0.10281544923782349,9,56,40,1.375
12,20,3763,00:00:03.2030000,68,211542,219486,892680600,974867886,117423626,1092291512,1820544,1094112056,12.74236494441573,4.652481283020306,0.09205222129821777,9,69,49,1.3877552
13,0,1085,00:00:00.0390000,2,2,3,575,575,429,1004,1321,2325,1.0365217391304349,1.0757034836921884,0,1,2,1,1
13,1,1278,00:00:00.0580000,3,3,4,1111,1111,898,2009,2340,4349,1.1737173717371736,1.403899444070904,0.014223868027329445,1,3,2,1
13,2,1459,00:00:00.0750000,4,4,6,2013,2013,1991,4004,3893,7897,1.4421261798310978,1.9992040692065705,0.03830558806657791,1,4,3,1
13,3,1621,00:00:00.1010000,4,4,7,3825,3825,4179,8004,6152,14156,1.7341176470588235,1.676955775544948,0.04997340217232704,1,4,3,1
13,4,1793,00:00:00.1060000,4,5,9,6869,6872,9133,16005,9981,25986,1.8932886883097977,1.2645406318973962,0.057532042264938354,1,4,3,1
13,5,1993,00:00:00.1120000,5,9,14,11948,11967,20104,32071,17218,49289,1.9677770338131906,1.1082290067076659,0.06301860511302948,2,5,3,1.3333334
13,6,2231,00:00:00.1210000,9,18,27,20337,20416,43713,64129,31337,95466,2.0365343954368886,1.1329014250138874,0.04087628424167633,3,9,6,1.3333334
13,7,2465,00:00:00.1340000,15,39,52,40890,41078,87357,128435,52928,181363,2.5854487649792124,2.461240076346017,0.06424813717603683,3,15,12,1.1666666
13,8,2606,00:00:00.1450000,15,67,91,98211,99177,157325,256502,73752,330254,3.507947174960035,2.313734388227866,0.08493538945913315,4,16,12,1.25
13,9,2725,00:00:00.1590000,18,102,145,207756,209873,304869,514742,102305,617047,3.9795866304703593,1.9274518941699013,0.09104538708925247,3,18,14,1.2142857
13,10,2840,00:00:00.1790000,18,180,251,414619,420425,608182,1028607,146367,1174974,4.375129938570109,2.923312924096344,0.11406142264604568,4,18,13,1.3076923
13,11,2950,00:00:00.2120000,20,335,454,833022,849334,1207432,2056766,213488,2270254,4.817849948740849,4.951610328693387,0.21106305718421936,4,20,14,1.3571428
13,12,3051,00:00:00.2700000,25,683,919,1699415,1742370,2354855,4097225,311127,4408352,5.308540291806298,4.463632270985608,0.18671056628227234,4,25,19,1.2631578
13,13,3146,00:00:00.3700000,33,1295,1749,3508277,3615294,4626471,8241765,457313,8699078,5.792808264569759,3.2547933780926663,0.141349196434021,4,34,27,1.2222222
13,14,3233,00:00:00.5660000,41,2628,3496,7106980,7421554,8976224,16397778,669996,17067774,6.27518988374809,3.654167582134192,0.11507314443588257,5,42,33,1.2424242
13,15,3313,00:00:00.8830000,51,5384,6992,14815072,15663424,17328052,32991476,979445,33970921,6.870366070445017,5.126418947406979,0.21226540207862854,5,51,37,1.3513514
13,16,3353,00:00:01.1530000,47,11875,14253,40355584,42840580,26054272,68894852,1212970,70107822,9.212905207864171,6.7032955223256145,0.24189771711826324,7,47,28,1.6428572
13,17,3362,00:00:01.2840000,39,24879,27591,97842793,103869337,31697446,135566783,1299966,136866749,11.051914033157251,3.9967288461279153,0.13548864424228668,7,40,26,1.5
13,18,3369,00:00:01.5300000,35,53325,56685,224319791,238777177,42238083,281015260,1409003,282424263,12.03286415775949,3.646869008250303,0.10160625725984573,6,36,25,1.4
13,19,3375,00:00:01.9710000,34,107057,111558,457374719,491902486,61876823,553779309,1558569,555337878,12.587449163319409,4.009250901200539,0.07712795585393906,6,35,27,1.2592592
13,20,3381,00:00:02.9000000,49,214934,221808,926360307,1003609554,102203878,1105813432,1794753,1107608185,13.033531566244019,4.961211173582916,0.07515353709459305,7,50,40,1.225
14,0,997,00:00:00.0220000,1,1,1,596,596,406,1002,1285,2287,1,1,0,0,1,1,0
14,1,1227,00:00:00.0370000,1,1,1,982,982,1020,2002,2555,4557,1,1,0,0,1,1,0
14,2,1504,00:00:00.0410000,2,2,2,1750,1750,2260,4010,4974,8984,1.0034285714285713,1.0068806665449321,0,1,2,1,1
14,3,1855,00:00:00.0620000,3,5,5,2873,2876,5129,8005,9962,17967,1.0469892098851374,1.0985992574996974,0.011658276431262493,1,3,2,1
14,4,2172,00:00:00.0760000,7,9,10,5597,5602,10408,16010,17116,33126,1.4361264963373235,2.1473291029374835,0.12800325453281403,2,7,5,1.2
14,5,2421,00:00:00.0810000,8,10,13,10833,10840,21171,32011,26129,58140,1.8378103941659742,1.9551582663448293,0.21569398045539856,2,8,6,1.1666666
14,6,2643,00:00:00.0850000,9,16,22,21672,21690,42520,64210,39125,103335,2.2137320044296787,2.2443584509233956,0.17491263151168823,2,9,7,1.1428572
14,7,2842,00:00:00.0910000,8,28,41,42688,42782,85289,128071,57951,186022,2.6354010494752624,2.0735717062904975,0.1282808631658554,2,8,6,1.1666666
14,8,3040,00:00:00.0990000,10,45,77,80926,81378,175378,256756,87934,344690,2.8731557225119246,1.4208970458432724,0.10129118710756302,3,10,7,1.2857143
14,9,3258,00:00:00.1140000,17,78,128,146155,147978,365628,513606,140437,654043,3.0550032499743422,1.3955708630591204,0.08461659401655197,4,18,14,1.2142857
14,10,3461,00:00:00.1370000,26,154,249,306784,310951,714543,1025494,217517,1243011,3.6925002607697923,3.7501166344396912,0.1787208765745163,4,26,19,1.3157895
14,11,3598,00:00:00.1660000,36,285,442,737703,749212,1299478,2048690,299975,2348665,4.584415408368951,6.446196834009908,0.18946433067321777,5,36,26,1.3461539
14,12,3702,00:00:00.2070000,38,595,859,1705328,1740167,2386937,4127104,400060,4527164,5.425902817522494,7.414835668503855,0.20702025294303894,6,39,25,1.52
14,13,3766,00:00:00.2600000,29,1351,1755,4145325,4265013,4012786,8277799,497336,8775135,6.568350853069422,7.162506531352102,0.29755523800849915,5,29,18,1.5555556
14,14,3811,00:00:00.3300000,32,2784,3424,9317095,9618394,6834699,16453093,607360,17060453,7.328688609486111,3.3203504691615984,0.2340322583913803,5,32,20,1.55
14,15,3854,00:00:00.4690000,38,5631,6746,19564850,20366218,12795527,33161745,775245,33936990,7.80254103660391,2.591631120739649,0.20365126430988312,6,39,26,1.4615384
14,16,3896,00:00:00.7490000,45,11270,13392,39286011,41724273,24898823,66623096,1036209,67659305,8.226016100234762,3.269294556563602,0.1800534576177597,7,46,29,1.5517242
14,17,3932,00:00:01.3040000,60,23011,26837,80807868,87471077,46106422,133577499,1388719,134966218,8.9190162522293,6.619828897019942,0.16555450856685638,8,61,39,1.5384616
14,18,3957,00:00:02.1250000,72,46721,52914,169352912,186443739,77144201,263587940,1773354,265361294,9.828872284168341,11.758052164486312,0.17272135615348816,8,73,46,1.5652174
14,19,3975,00:00:03.3090000,91,96696,106420,364802331,405835504,125246064,531081568,2210578,533292146,10.806070951339398,16.05748428366838,0.1872774362564087,9,92,56,1.625
14,20,3987,00:00:04.8350000,89,196506,210856,760496109,863499086,193502115,1057001201,2670316,1059671517,11.8311537304657,24.070757691000406,0.2687567174434662,9,90,53,1.6792452
15,0,1117,00:00:00.0220000,1,1,1,581,581,422,1003,1195,2198,1,1,0,0,1,1,0
15,1,1339,00:00:00.0350000,1,1,2,1017,1017,985,2002,2364,4366,1,1,0,0,1,1,0
15,2,1607,00:00:00.0380000,1,1,2,1733,1733,2279,4012,4726,8738,1,1,0,0,1,1,0
15,3,1964,00:00:00.0580000,1,3,4,2806,2809,5195,8004,9899,17903,1,1,0,0,1,1,0
15,4,2401,00:00:00.0630000,2,2,7,4698,4698,11335,16033,19996,36029,1.0025542784163475,1.0051216436926969,0,1,2,1,1
15,5,2894,00:00:00.0710000,3,4,12,8203,8204,23801,32005,38098,70103,1.1626234304522736,1.3827076211016298,0.0718570277094841,1,3,2,1
15,6,3258,00:00:00.0860000,7,13,27,17645,17660,46409,64069,59174,123243,1.766846132048739,2.0982053441147954,0.20909902453422546,2,7,5,1.2
15,7,3531,00:00:00.1010000,8,16,41,37289,37345,91010,128355,84994,213349,2.3257797205610236,2.9862374875182502,0.23071719706058502,2,8,6,1.1666666
15,8,3756,00:00:00.1090000,8,40,83,76306,76641,180029,256670,118924,375594,2.7511335936885697,3.4140720303851433,0.2884311079978943,2,8,6,1.1666666
15,9,3987,00:00:00.1250000,12,79,149,140363,141670,370386,512056,174577,686633,2.9513618261222687,2.776145718652694,0.2902183532714844,3,13,9,1.3333334
15,10,4236,00:00:00.1540000,29,148,266,263603,266059,759201,1025260,270061,1295321,3.2737943043136837,4.157865285847192,0.3039587736129761,4,30,24,1.2083334
15,11,4415,00:00:00.1890000,35,284,472,675044,683000,1375908,2058908,376282,2435190,4.521696363496305,5.607313003943746,0.3919728696346283,6,35,26,1.3076923
15,12,4458,00:00:00.2050000,24,651,886,2216897,2256553,1849266,4105819,416108,4521927,6.946179727790692,2.169139059766252,0.1616944968700409,6,25,17,1.4117647
15,13,4486,00:00:00.2280000,22,1406,1713,5412140,5519463,2825529,8344992,459344,8804336,7.71855236560769,1.6106660887873312,0.07179706543684006,7,23,14,1.5714285
15,14,4513,00:00:00.2720000,25,2864,3342,11211380,11489108,4939261,16428369,525696,16954065,8.12131548480205,1.8204045230367216,0.06258176267147064,8,26,15,1.6666666
15,15,4539,00:00:00.3510000,22,5857,6649,23316157,24160817,9139515,33300332,626278,33926610,8.729343133175849,2.9701415578656314,0.07293999940156937,8,23,12,1.8333334
15,16,4558,00:00:00.4830000,24,12295,13551,49753429,51828275,15635329,67463604,743254,68206858,9.59575610356424,5.40151060445447,0.15804523229599,5,24,15,1.5333333
15,17,4573,00:00:00.7060000,30,25291,27328,105088739,109980519,26710356,136690875,891628,137582503,10.319177014770347,6.18878297282279,0.24980786442756653,5,30,20,1.45
15,18,4586,00:00:01.1320000,38,50549,53961,210147129,222354462,46640257,268994719,1095665,270090384,10.864519381561477,6.64711873531359,0.2758057713508606,6,38,25,1.48
15,19,4598,00:00:01.8870000,52,100529,106551,418769662,449569433,83659575,533229008,1390981,534619989,11.411922826921497,8.302959552503708,0.32099390029907227,7,52,32,1.59375
15,20,4608,00:00:03.1360000,70,204580,214596,851662480,928173525,145749040,1073922565,1777229,1075699794,12.158061132386623,11.908873360054546,0.3500438332557678,7,70,44,1.5681819
16,0,1026,00:00:00.0200000,1,1,1,591,591,410,1001,1245,2246,1,1,0,0,1,1,0
16,1,1266,00:00:00.0320000,1,1,2,1011,1011,992,2003,2542,4545,1,1,0,0,1,1,0
16,2,1551,00:00:00.0350000,1,1,2,1706,1706,2309,4015,5044,9059,1,1,0,0,1,1,0
16,3,1896,00:00:00.0540000,1,1,2,2825,2825,5186,8011,9979,17990,1,1,0,0,1,1,0
16,4,2335,00:00:00.0650000,3,5,7,4688,4690,11313,16003,20125,36128,1.0138651877133107,1.0282122270501874,0,1,3,2,1
16,5,2776,00:00:00.0890000,8,10,13,9175,9182,22834,32016,36168,68184,1.4397820163487738,2.4230148740854025,0.2902878224849701,2,8,6,1.1666666
16,6,3003,00:00:00.0940000,9,16,20,22040,22058,42073,64131,49416,113547,2.393874773139746,2.964922471538938,0.47906529903411865,3,9,6,1.3333334
16,7,3171,00:00:00.0980000,9,19,30,46267,46327,82111,128438,65412,193850,2.8304407028767806,1.5314565134997762,0.2750605642795563,3,9,6,1.3333334
16,8,3339,00:00:00.1040000,10,38,62,88896,89294,166905,256199,90753,346952,3.1225026997840173,1.6124979723187989,0.11467064917087555,4,10,6,1.5
16,9,3497,00:00:00.1130000,13,71,114,180551,181634,330395,512029,128609,640638,3.6219406151170586,2.604117298477082,0.06180393323302269,4,13,9,1.3333334
16,10,3624,00:00:00.1260000,13,148,222,398023,401965,626981,1028946,176966,1205912,4.334968079734086,4.3712172262088025,0.10345270484685898,4,14,9,1.4444444
16,11,3721,00:00:00.1450000,17,310,434,894197,903708,1153217,2056925,235655,2292580,5.108753440237442,6.781101412350515,0.2503614127635956,5,17,10,1.6
16,12,3790,00:00:00.1750000,20,677,882,2061918,2085212,2033867,4119079,301913,4420992,6.004709692625992,8.143066488228294,0.2619583308696747,5,20,13,1.4615384
16,13,3841,00:00:00.2160000,24,1396,1728,4612952,4698592,3563651,8262243,380194,8642437,6.805885905597977,6.218138231387363,0.27796533703804016,6,24,16,1.4375
16,14,3882,00:00:00.2820000,31,2787,3357,9956928,10179787,6315550,16495337,480195,16975532,7.501209911330081,4.981847503645644,0.23517943918704987,7,31,21,1.4285715
16,15,3918,00:00:00.3890000,36,5751,6709,21000480,21716582,11568370,33284952,620373,33905325,8.105289593380723,4.734491204561573,0.17986956238746643,7,36,25,1.4
16,16,3949,00:00:00.5740000,46,11729,13420,43427491,45578497,21093562,66672059,811689,67483748,8.74783965760306,5.559892038430549,0.1263694018125534,8,46,32,1.40625
16,17,3970,00:00:00.8330000,55,24362,27114,94393985,100389196,34584544,134973740,1014596,135988336,9.887156697537455,9.528093758277103,0.1454373598098755,8,55,36,1.5
16,18,3982,00:00:01.1140000,60,50050,53967,202334684,216995517,51566862,268562379,1199302,269761681,11.011228134272818,10.116033559099135,0.22230589389801025,8,61,40,1.5
16,19,3991,00:00:01.6300000,65,103376,109041,429288425,465259263,79001167,544260430,1419477,545679907,11.939510500428703,11.171203778572059,0.21912728250026703,8,66,45,1.4444444
16,20,3998,00:00:02.4660000,63,217369,225652,911490274,1000751595,124200035,1124951630,1692871,1126644501,12.861394060250829,11.994001980973092,0.2216789871454239,8,64,41,1.5365853
17,0,1422,00:00:00.0390000,1,1,1,585,585,416,1001,1356,2357,1,1,0,0,1,1,0
17,1,1673,00:00:00.0490000,1,1,1,982,982,1021,2003,2711,4714,1,1,0,0,1,1,0
17,2,1966,00:00:00.0520000,1,1,1,1699,1699,2306,4005,5239,9244,1,1,0,0,1,1,0
17,3,2313,00:00:00.0770000,3,3,3,2819,2819,5196,8015,10232,18247,1.0049663001064206,1.0099942865045644,0,1,3,2,1
17,4,2719,00:00:00.0950000,6,6,8,4899,4899,11115,16014,19624,35638,1.122269850989998,1.2831605204571126,0.06906939297914505,2,6,4,1.25
17,5,3018,00:00:00.1000000,6,9,15,10909,10915,21174,32089,30399,62488,1.9108992574938124,3.939416320232058,0.3573779761791229,2,6,4,1.25
17,6,3188,00:00:00.1030000,6,12,24,24391,24434,39698,64132,40331,104463,2.5968184986265426,2.030215655288709,0.3069433569908142,2,6,4,1.25
17,7,3346,00:00:00.1160000,7,23,42,47216,47420,80755,128175,55490,183665,2.869747543205693,1.299657695156344,0.21361321210861206,3,7,4,1.5
17,8,3521,00:00:00.1230000,10,43,72,86565,86952,169202,256154,81950,338104,3.0158609137642234,1.2263513627756653,0.13866007328033447,3,10,7,1.2857143
17,9,3712,00:00:00.1350000,13,76,121,159724,160999,351161,512160,127985,640145,3.2706731612030753,1.8868331538940764,0.07837792485952377,3,14,11,1.1818181
17,10,3900,00:00:00.1630000,18,154,238,313172,317685,709393,1027078,199917,1226995,3.6512555400865976,3.913502617132856,0.15861566364765167,3,19,15,1.2
17,11,4085,00:00:00.2010000,27,316,492,607232,621120,1431499,2052619,313000,2365619,3.994209791315346,5.067452041187488,0.4471991956233978,2,27,23,1.1304348
17,12,4258,00:00:00.2800000,43,625,930,1241972,1285211,2812610,4097821,479521,4577342,4.5237074587832895,9.4719839439901,0.47208020091056824,4,43,32,1.3125
17,13,4386,00:00:00.3800000,46,1260,1812,2989585,3125356,5106506,8231862,672416,8904278,5.6005241530178935,12.602286241959433,0.43597936630249023,5,46,31,1.451613
17,14,4449,00:00:00.4760000,39,2602,3413,7930009,8286683,8109262,16395945,822519,17218464,7.030319889926985,5.528194878064585,0.21751685440540314,7,39,25,1.52
17,15,4488,00:00:00.5980000,35,5609,6806,19449752,20331314,13031859,33363173,972569,34335742,8.103569906701123,5.419688726956588,0.1212129220366478,7,36,23,1.5217391
17,16,4515,00:00:00.7630000,39,11708,13515,43301686,45553421,21024707,66578128,1138311,67716439,8.983857649330329,6.900154238768015,0.104750856757164,8,40,26,1.5
17,17,4534,00:00:01.0090000,45,24915,27657,97544543,103273290,33576001,136849291,1323626,138172917,10.051798510143207,7.914241502343673,0.12248647212982178,8,46,30,1.5
17,18,4547,00:00:01.3010000,56,51151,55174,208691011,222167137,52710133,274877270,1527674,276404944,10.933868728059398,5.544527837231563,0.13505487143993378,9,57,39,1.4358975
17,19,4558,00:00:01.9230000,59,106498,112819,438727197,474787942,87430644,562218586,1804045,564022631,11.665039589510563,4.899045320624134,0.17969024181365967,8,59,40,1.45
17,20,4566,00:00:02.8640000,66,204076,213547,843418260,928260397,138304265,1066564662,2117197,1068681859,12.366956311806671,6.7028725788863275,0.1866622269153595,8,66,44,1.4772727
18,0,1275,00:00:00.0350000,1,1,1,593,593,410,1003,1371,2374,1,1,0,0,1,1,0
18,1,1492,00:00:00.0520000,1,1,1,1034,1034,968,2002,2509,4511,1,1,0,0,1,1,0
18,2,1800,00:00:00.0670000,2,2,2,1633,1633,2368,4001,5264,9265,1.0042865890998163,1.0086099227585164,0,1,2,1,1
18,3,2136,00:00:00.0890000,2,2,2,2941,2941,5086,8027,10021,18048,1.0499829989799387,1.1049350719903288,0,1,2,1,1
18,4,2462,00:00:00.0960000,3,6,6,5537,5540,10463,16003,17385,33388,1.5293480223947986,2.2386731337063517,0,2,3,1,2
18,5,2627,00:00:00.1000000,4,6,9,13405,13410,18709,32119,23317,55436,2.454158895934353,2.214483119366312,0,3,4,1,3
18,6,2758,00:00:00.1120000,4,14,19,27336,27381,36697,64078,31075,95153,2.8260169739537604,1.3964935645085121,0,3,4,1,3
18,7,2897,00:00:00.1150000,7,19,29,51196,51266,76745,128011,44214,172225,3.0271114930853975,1.3422822701444055,0.025141801685094833,3,7,4,1.5
18,8,3046,00:00:00.1390000,9,46,66,95761,96148,160414,256562,66846,323408,3.305834316684245,1.9102448673630712,0.0793009027838707,4,9,5,1.6
18,9,3191,00:00:00.1480000,14,83,124,187327,188732,324001,512733,101763,614496,3.6774357140188014,2.339801372388092,0.12167049944400787,4,14,10,1.3
18,10,3325,00:00:00.1620000,18,155,226,388321,392771,636581,1029352,152844,1182196,4.245964034909263,3.1199143468824473,0.13642936944961548,3,18,14,1.2142857
18,11,3421,00:00:00.1840000,18,305,435,888362,899643,1148680,2048323,210661,2258984,5.114723502356021,3.7958523618576137,0.13520582020282745,4,18,13,1.3076923
18,12,3500,00:00:00.2140000,17,624,861,1929979,1967528,2146661,4114189,287105,4401294,5.702415414882752,2.5286149975889125,0.11389525234699249,5,17,11,1.4545455
18,13,3574,00:00:00.2720000,24,1252,1662,3986744,4087982,4157734,8245716,401215,8646931,6.187081488051402,2.752921547645772,0.08688678592443466,5,24,18,1.2777778
18,14,3639,00:00:00.3680000,30,2593,3335,8407639,8686764,7883448,16570212,560239,17130451,6.813393153535731,4.044369273327257,0.12317374348640442,6,30,22,1.3181819
18,15,3692,00:00:00.5270000,37,5434,6766,17793850,18537396,14423540,32960936,765994,33726930,7.492006957460021,4.611831897221167,0.11598888039588928,6,37,28,1.2857143
18,16,3729,00:00:00.7470000,40,11785,13899,41273953,43341713,24159870,67501583,989465,68491048,8.793551177421751,7.878362106745882,0.13913922011852264,9,40,27,1.4444444
18,17,3742,00:00:00.9190000,42,25867,28577,103303742,108544840,32323592,140868432,1114414,141982846,10.812816567670898,11.636891566648792,0.13267077505588531,10,43,26,1.6153846
18,18,3748,00:00:01.0610000,39,55988,59242,242055780,254116409,41466950,295583359,1208554,296791913,12.37489413390583,10.48094625882327,0.15112954378128052,8,39,24,1.5833334
18,19,3752,00:00:01.3160000,33,116428,120291,519871230,547112222,55097414,602209636,1310103,603519739,13.376745216310585,7.749276271360526,0.21625018119812012,8,33,20,1.6
18,20,3755,00:00:01.6810000,35,212277,216997,960193821,1008950719,75396813,1084347532,1427422,1085774954,13.920800547413645,6.149790847106722,0.19491472840309143,8,35,20,1.7
1,0,1103,00:00:00.0220000,2,2,2,591,591,411,1002,1246,2248,1.0016920473773265,1.0033898394220524,0,1,2,1,1
1,1,1340,00:00:00.0330000,2,2,2,992,992,1009,2001,2562,4563,1.0141129032258065,1.0286239632364766,0,1,2,1,1
1,2,1592,00:00:00.0360000,3,3,4,1859,1859,2149,4008,4733,8741,1.2867132867132867,1.6177922707892567,0,2,3,1,2
1,3,1735,00:00:00.0560000,3,5,6,4039,4042,3994,8036,6737,14773,2.1431047288932903,2.782151525560573,0,2,3,1,2
1,4,1831,00:00:00.0600000,4,7,8,8495,8503,7566,16069,8925,24994,2.6322542672160094,1.7415061288216624,0,3,4,1,3
1,5,1931,00:00:00.0620000,6,9,11,16183,16192,15912,32104,12618,44722,2.867268120867577,1.3221285062337869,0.011377181857824326,3,6,3,1.6666666
1,6,2042,00:00:00.0770000,6,13,17,30049,30088,34247,64335,19203,83538,3.014709308130054,1.2860278733518034,0.05175824090838432,3,6,3,1.6666666
1,7,2165,00:00:00.0800000,7,26,34,55003,55153,73366,128519,30859,159378,3.2169518026289476,1.698797383440548,0.14377479255199432,3,7,4,1.5
1,8,2293,00:00:00.0850000,8,47,60,103522,104005,152368,256373,50212,306585,3.5029655532157418,2.621080451813033,0.2412300407886505,2,8,6,1.1666666
1,9,2427,00:00:00.0940000,12,83,116,196528,197892,315891,513783,82488,596271,3.7567725718472684,2.7350746547958105,0.3209856152534485,3,12,9,1.2222222
1,10,2570,00:00:00.1090000,20,168,229,369693,373553,654008,1027561,137362,1164923,4.022083187942428,2.7897404510604047,0.34162551164627075,3,20,16,1.1875
1,11,2688,00:00:00.1340000,28,343,463,821273,833400,1219267,2052667,208029,2260696,4.928806864465288,4.698899057478449,0.2595163583755493,5,28,19,1.4210526
1,12,2749,00:00:00.1620000,24,700,904,2130105,2166099,1959810,4125909,265816,4391725,6.340601050182972,6.0051328335913015,0.16933901607990265,5,24,15,1.5333333
1,13,2787,00:00:00.1970000,22,1371,1689,4945008,5055550,3180399,8235949,324194,8560143,7.228173948353572,4.425513656050448,0.26252511143684387,6,22,13,1.6153846
1,14,2823,00:00:00.2720000,24,2806,3332,10428932,10746100,5801558,16547658,412828,16960486,7.6848797173095,3.3898540862004913,0.2818066477775574,7,25,16,1.5
1,15,2860,00:00:00.3670000,32,5646,6599,20960194,21824888,11393280,33218168,557798,33775966,8.050532022747499,3.6168901535309024,0.4199899733066559,8,33,22,1.4545455
1,16,2891,00:00:00.5510000,48,11592,13313,43852374,45789593,20795338,66584931,747688,67332619,8.834763335731836,6.4537864210901335,0.7016246914863586,9,48,32,1.46875
1,17,2909,00:00:00.8440000,42,23758,26272,93768600,99443718,32339636,131783354,920116,132703470,10.016695823548607,8.536621906556732,0.5634221434593201,7,42,28,1.4642857
1,18,2920,00:00:01.1880000,47,52808,56303,218945026,233252379,48066456,281318835,1088505,282407340,11.457617589357795,7.61933329813428,0.3757634162902832,9,47,28,1.6428572
1,19,2926,00:00:01.5760000,43,116866,121400,505091477,537948884,67601359,605550243,1239011,606789254,12.885416726206211,6.45053054241517,0.23497536778450012,9,43,23,1.826087
1,20,2930,00:00:02.1490000,42,241642,247501,1072858069,1139934357,96365429,1236299786,1403203,1237702989,13.807668790530391,4.3590163788056975,0.16288836300373077,9,43,24,1.75
19,0,1128,00:00:00.0440000,2,2,2,595,595,406,1001,1442,2443,1.0403361344537816,1.0839147937442728,0,1,2,1,1
19,1,1332,00:00:00.0570000,2,2,3,1065,1065,936,2001,2533,4534,1.2338028169014084,1.5583073972474188,0,1,2,1,1
19,2,1501,00:00:00.0590000,2,2,3,2033,2033,1996,4029,4041,8070,1.5504181013280867,1.979868935935255,0,1,2,1,1
19,3,1660,00:00:00.0780000,2,3,4,3766,3768,4238,8006,6274,14280,1.7920870950610728,1.4911358322910033,0,1,2,1,1
19,4,1826,00:00:00.0800000,3,4,6,6949,6950,9100,16050,10057,26107,1.931788746582242,1.1808422221313528,0,2,3,1,2
19,5,2022,00:00:00.0830000,3,6,10,12048,12061,20010,32071,17245,49316,2.0072211155378485,1.125193143915817,0,2,3,1,2
19,6,2222,00:00:00.0870000,5,15,20,22956,23013,41012,64025,28925,92950,2.400113260149852,1.8581730503660905,0.014153203926980495,3,5,2,2
19,7,2354,00:00:00.1000000,6,25,32,53279,53492,74871,128363,41175,169538,3.306837590795623,2.3769028737707774,0.012865359894931316,4,6,2,2.5
19,8,2461,00:00:00.1050000,7,49,64,112244,112726,143863,256589,57208,313797,3.7575104237197534,1.4771448666689289,0.015187256969511509,3,7,4,1.5
19,9,2576,00:00:00.1130000,7,87,118,212831,214769,299301,514070,84961,599031,3.9694311448990045,1.3074429738149103,0.014753922820091248,3,7,4,1.5
19,10,2702,00:00:00.1270000,15,161,225,394244,399154,627351,1026505,133669,1160174,4.192631974107406,1.6783955240078092,0.0995960682630539,3,15,12,1.1666666
19,11,2833,00:00:00.1550000,24,323,455,759317,771897,1283956,2055853,213707,2269560,4.519667016542498,2.826739590409515,0.19886597990989685,4,24,20,1.15
19,12,2961,00:00:00.2100000,33,651,895,1492967,1535705,2569990,4105695,337699,4443394,4.93175334752878,3.9777012998558017,0.2416672259569168,4,33,28,1.1428572
19,13,3075,00:00:00.3170000,45,1284,1756,3157874,3274053,4949711,8223764,512153,8735917,5.570759947990325,5.626649258987222,0.23463843762874603,4,45,36,1.2222222
19,14,3151,00:00:00.4170000,50,2672,3476,7654305,7959526,8504509,16464035,693587,17157622,6.797905884335678,11.125851838920957,0.32623323798179626,4,50,37,1.3243244
19,15,3191,00:00:00.5290000,43,5569,6746,18652585,19595548,13354118,32949666,846649,33796315,7.9855230789727,8.579922558616014,0.47836312651634216,5,43,29,1.4482758
19,16,3223,00:00:00.7560000,58,11595,13498,41699345,43623315,22634000,66257315,1043881,67301196,8.681716439430883,6.818872098156334,0.42134371399879456,7,58,39,1.4615384
19,17,3249,00:00:01.2150000,61,23955,27104,90302858,95479835,38821033,134300868,1296486,135597354,9.555684605242504,9.613265891072768,0.37272873520851135,7,62,38,1.6052631
19,18,3262,00:00:01.6240000,64,53406,57705,217226650,230881682,56385176,287266858,1494940,288761798,11.344772015772467,9.20962327561042,0.2303895801305771,9,65,40,1.6
19,19,3267,00:00:01.9640000,59,100419,105572,427669350,455766582,71450406,527216988,1616587,528833575,12.55954803167447,4.350164364889038,0.15703637897968292,8,60,40,1.475
19,20,3272,00:00:02.6100000,51,217194,223972,941116738,1015777152,103349409,1119126561,1808324,1120934885,13.463222474319652,3.0537109228640134,0.10111618787050247,9,52,36,1.4166666
20,0,1247,00:00:00.0350000,2,2,2,597,597,406,1003,1386,2389,1.033500837520938,1.069240928038052,0,1,2,1,1
20,1,1448,00:00:00.0550000,2,2,3,1072,1072,931,2003,2442,4445,1.2080223880597014,1.4914202905201115,0,1,2,1,1
20,2,1613,00:00:00.0620000,2,2,3,2043,2043,1960,4003,3863,7866,1.504650024473813,1.999827153281167,0,1,2,1,1
20,3,1777,00:00:00.0790000,2,2,3,3728,3728,4280,8008,6210,14218,1.7840665236051503,1.5119728487706663,0,1,2,1,1
20,4,1947,00:00:00.0850000,2,3,4,6819,6820,9182,16002,10161,26163,1.920222906584543,1.172093123232622,0,1,2,1,1
20,5,2146,00:00:00.0880000,2,4,10,11759,11762,20342,32104,17670,49774,1.9747427502338635,1.0517886016712323,0,1,2,1,1
20,6,2386,00:00:00.0920000,3,13,22,20160,20184,43917,64101,31981,96082,1.9955853174603175,1.019977391341101,0,2,3,1,2
20,7,2681,00:00:00.0990000,10,23,38,33969,34053,94236,128289,59863,188152,2.0527245429656453,1.11925932251008,0.040749069303274155,2,10,8,1.125
20,8,2982,00:00:00.1280000,19,43,77,65656,65884,190605,256489,105236,361725,2.4495095650054832,2.6778848440848724,0.2860463559627533,2,19,15,1.2
20,9,3214,00:00:00.1420000,20,75,131,147443,148541,364480,513021,160530,673551,3.1651960418602445,6.33243476479985,0.5239526033401489,2,20,15,1.2666667
20,10,3396,00:00:00.1610000,27,148,251,321113,324074,703858,1027932,230184,1258116,3.733249666005425,3.878794757726812,0.49803540110588074,3,27,18,1.4444444
20,11,3563,00:00:00.1950000,36,307,480,658157,667514,1388756,2056270,332090,2388360,4.202349895237762,4.330841183102097,0.48272788524627686,5,36,24,1.4583334
20,12,3688,00:00:00.2470000,39,656,936,1570441,1604967,2502437,4107404,450744,4558148,5.302459627582316,7.300530180006557,0.46468812227249146,6,39,25,1.52
20,13,3754,00:00:00.3030000,38,1321,1760,4016046,4121641,4125430,8247071,551375,8798446,6.453347396917266,2.941928259799077,0.2770049571990967,6,39,28,1.3571428
20,14,3808,00:00:00.3850000,42,2719,3438,8893541,9211138,7391837,16602975,683808,17286783,7.0700453284018145,3.000864166321804,0.1949613392353058,6,43,30,1.4
20,15,3857,00:00:00.5390000,54,5496,6751,18242551,19038038,13769912,32807950,874433,33682383,7.562876869578163,5.072667563570096,0.18424725532531738,5,55,38,1.4210526
20,16,3903,00:00:00.8180000,63,11378,13638,38111372,40263172,26279672,66542844,1158230,67701074,8.147460553243793,10.781462021010295,0.19440136849880219,6,64,42,1.5
20,17,3937,00:00:01.2780000,71,23164,26925,81199401,87118156,45646484,132764640,1487958,134252598,9.058630223146597,17.194771840206254,0.20271043479442596,8,72,46,1.5434783
20,18,3956,00:00:01.7270000,72,48765,54256,183869285,199469704,69349618,268819322,1777079,270596401,10.447253368065253,13.337742999096744,0.22768542170524597,8,73,47,1.531915
20,19,3966,00:00:02.2560000,70,100683,108076,402474965,439624910,97433193,537058103,2018925,539077028,11.75376226941221,12.027297702316075,0.2530234754085541,8,70,44,1.5681819
20,20,3973,00:00:03.1030000,69,211060,221071,873301782,961924631,140575624,1102500255,2289404,1104789659,12.822230302056111,12.897735958157405,0.23520956933498383,9,69,48,1.4166666
21,0,1281,00:00:00.0380000,1,1,1,595,595,408,1003,1432,2435,1,1,0,0,1,1,0
21,1,1493,00:00:00.0470000,1,1,1,1017,1017,995,2012,2563,4575,1,1,0,0,1,1,0
21,2,1776,00:00:00.0500000,2,2,2,1694,1694,2314,4008,4988,8996,1.0041322314049588,1.0082985714114634,0,1,2,1,1
21,3,2140,00:00:00.0720000,2,4,4,2849,2851,5164,8015,10235,18250,1.035100035100035,1.072657599694387,0,1,2,1,1
21,4,2484,00:00:00.0760000,4,5,5,5354,5359,10656,16015,18146,34161,1.3804632050803138,1.9325487788806666,0.06474485248327255,1,4,3,1
21,5,2735,00:00:00.0890000,7,11,11,11052,11059,21019,32078,27216,59294,1.8452768729641693,1.8088418212869914,0.11567617952823639,2,7,5,1.2
21,6,2948,00:00:00.0930000,8,14,17,21843,21873,42180,64053,39821,103874,2.2908941079522043,2.3038039961898282,0.11345997452735901,3,8,5,1.4
21,7,3128,00:00:00.0970000,11,27,35,45106,45211,82790,128001,56855,184856,2.797587904048242,2.581257814043469,0.10484669357538223,3,11,7,1.4285715
21,8,3280,00:00:00.1040000,12,56,74,94864,95466,161034,256500,79644,336144,3.3289551357733176,2.7562870625534033,0.09119100868701935,4,12,7,1.5714285
21,9,3420,00:00:00.1150000,14,99,145,189819,191759,321296,513055,113297,626352,3.711472508020799,2.0116199110231063,0.11499917507171631,3,14,10,1.3
21,10,3565,00:00:00.1330000,18,169,256,362971,368838,658173,1027011,168926,1195937,3.9954679574952268,1.8291624197703191,0.11198504269123077,3,18,13,1.3076923
21,11,3709,00:00:00.1650000,25,342,503,718129,731950,1324477,2056427,256853,2313280,4.42629806065484,2.9932799280159115,0.10568587481975555,4,25,18,1.3333334
21,12,3831,00:00:00.2200000,28,658,947,1536453,1574771,2521905,4096676,374249,4470925,5.075658676184693,6.007070557234028,0.16498243808746338,5,29,18,1.5555556
21,13,3931,00:00:00.3070000,33,1315,1841,3398265,3499951,4722110,8222061,527165,8749226,5.80970318677325,7.394051973763805,0.18303540349006653,6,34,22,1.5
21,14,3996,00:00:00.4090000,34,2657,3460,8135897,8419653,8052026,16471679,683363,17155042,6.915356229313129,4.406663046494358,0.2876638174057007,4,34,23,1.4347826
21,15,4043,00:00:00.5530000,35,5504,6764,18291475,19094648,13924657,33019305,865480,33884785,7.66834238354206,2.7458097336441827,0.1850518435239792,5,35,24,1.4166666
21,16,4086,00:00:00.8390000,46,11283,13526,38469993,40629404,25815641,66445045,1131928,67576973,8.177963120502778,3.2022990768365416,0.12928202748298645,5,46,34,1.3235294
21,17,4125,00:00:01.3490000,56,22740,26821,77839352,83859288,48270029,132129317,1514182,133643499,8.732071227931085,5.2680893613368545,0.1608993411064148,6,57,39,1.4358975
21,18,4156,00:00:02.3380000,67,47033,54001,166131345,181857388,85496108,267353496,1992063,269345559,9.576805960368286,11.422930317130069,0.17694050073623657,6,68,45,1.4888889
21,19,4176,00:00:03.5610000,74,97014,107856,358188456,399133947,137243264,536377211,2479006,538856217,10.70965045283313,17.58462226462246,0.2690713703632355,9,75,49,1.5102041
21,20,4186,00:00:04.8030000,70,196289,210882,765436489,861909616,192249996,1054159612,2857572,1057017184,12.136380648819578,11.26600015513043,0.35429421067237854,6,70,47,1.468085
22,0,1209,00:00:00.0220000,1,1,2,606,606,399,1005,1132,2137,1,1,0,0,1,1,0
22,1,1436,00:00:00.0330000,1,1,2,1005,1005,997,2002,2338,4340,1,1,0,0,1,1,0
22,2,1723,00:00:00.0390000,1,2,3,1678,1679,2334,4013,4902,8915,1,1,0,0,1,1,0
22,3,2070,00:00:00.0590000,2,2,4,2856,2856,5156,8012,9859,17871,1.0353641456582634,1.0732228343250279,0,1,2,1,1
22,4,2387,00:00:00.0630000,2,3,6,5576,5579,10435,16014,17009,33023,1.4354375896700144,1.9672003056979812,0,1,2,1,1
22,5,2638,00:00:00.0670000,4,7,12,10927,10934,21103,32037,26213,58250,1.7958268509197401,1.503721353744919,0.04062856361269951,2,4,2,1.5
22,6,2895,00:00:00.0810000,7,14,23,19662,19689,44401,64090,41296,105386,1.966381853321127,1.1477332718172173,0.03567221760749817,2,7,5,1.2
22,7,3173,00:00:00.0880000,11,24,40,35822,35870,92327,128197,67486,195683,2.1765674725029314,1.5374628037814828,0.047925494611263275,2,11,9,1.1111112
22,8,3429,00:00:00.0970000,11,44,75,71804,72213,184527,256740,106205,362945,2.6296724416467048,3.863939509289022,0.1796434372663498,3,11,8,1.25
22,9,3667,00:00:00.1130000,16,83,134,138987,140564,371747,512311,163546,675857,2.958226308935368,4.432577853964947,0.584987998008728,2,16,12,1.25
22,10,3880,00:00:00.1370000,27,146,243,302539,306087,721496,1027583,244150,1271733,3.666138911016431,9.210384201350026,0.48887941241264343,3,27,21,1.2380953
22,11,4022,00:00:00.1640000,28,288,451,721149,732528,1322249,2054777,329963,2384740,4.492588910197477,5.327933961543763,0.35709139704704285,4,28,21,1.2857143
22,12,4152,00:00:00.2150000,26,570,870,1460590,1500537,2602543,4103080,456639,4559719,4.8737701887593365,3.45007858310286,0.35409435629844666,4,27,19,1.3684211
22,13,4288,00:00:00.3240000,32,1191,1763,2816960,2929473,5283457,8212930,666642,8879572,5.19823355674202,4.213631256495012,0.3375161290168762,5,33,21,1.5238096
22,14,4407,00:00:00.5180000,42,2501,3560,6057041,6390586,10101510,16492096,954714,17446810,5.909067810503512,8.6990237671737,0.36372989416122437,5,43,28,1.5
22,15,4492,00:00:00.7850000,53,5106,6863,13960943,14848346,17961771,32810117,1279929,34090046,6.877347110435162,8.841116330344187,0.4282698631286621,6,54,34,1.5588236
22,16,4537,00:00:01.0390000,61,10920,13550,35939598,38057913,28046517,66104430,1549737,67654167,8.35789320737533,7.999505591082433,0.2924363911151886,7,62,41,1.4878049
22,17,4563,00:00:01.3300000,55,23197,26970,83926506,89682505,42971216,132653721,1801810,134455531,9.427402565763908,8.049913471295532,0.26436394453048706,8,56,35,1.5714285
22,18,4584,00:00:01.9520000,56,49031,54890,185452481,201196368,70834155,272030523,2129476,274159999,10.210862630627195,10.778977872171422,0.24394255876541138,7,57,35,1.6
22,19,4601,00:00:03.0480000,63,100811,110149,385875755,427984023,119839438,547823461,2553932,550377393,10.902417471136532,14.404957184146564,0.3026766777038574,6,63,44,1.4090909
22,20,4614,00:00:04.7440000,71,196559,211246,750031608,858361623,196644078,1055005701,3061523,1058067224,11.568834573702393,15.85807191068469,0.3591245412826538,7,72,48,1.4791666
23,0,1441,00:00:00.0390000,1,1,1,587,587,417,1004,1529,2533,1,1,0,0,1,1,0
23,1,1665,00:00:00.0610000,1,1,1,1022,1022,983,2005,2709,4714,1,1,0,0,1,1,0
23,2,1940,00:00:00.0670000,2,2,2,1722,1722,2279,4001,5107,9108,1.0023228803716608,1.0046564962646791,0,1,2,1,1
23,3,2273,00:00:00.0720000,2,2,3,2931,2931,5070,8001,9809,17810,1.0658478335039236,1.1402817428897376,0,1,2,1,1
23,4,2588,00:00:00.1060000,4,5,9,5476,5481,10522,16003,16952,32955,1.4581811541271001,2.020483083956698,0.048026688396930695,1,4,3,1
23,5,2838,00:00:00.1190000,6,10,15,10824,10835,21275,32110,26243,58353,1.8184589800443458,1.4891186247101513,0.06733061373233795,2,6,4,1.25
23,6,3093,00:00:00.1240000,9,12,19,19663,19675,44370,64045,41295,105340,1.9696892641000865,1.2107408933008206,0.09045866876840591,2,9,7,1.1428572
23,7,3358,00:00:00.1300000,12,19,31,37342,37376,90647,128023,66128,194151,2.3372074339885383,1.9509226477486916,0.10326461493968964,3,12,8,1.375
23,8,3524,00:00:00.1360000,11,44,66,92491,92980,163565,256545,90746,347291,3.3556562260111793,3.1580892264585576,0.21125417947769165,4,11,6,1.6666666
23,9,3653,00:00:00.1560000,14,94,130,198066,199641,313533,513174,121572,634746,3.836428261286642,2.0399376379999454,0.3907911479473114,3,14,9,1.4444444
23,10,3785,00:00:00.1720000,21,166,238,384667,388928,637305,1026233,172219,1198452,4.1448317635773275,2.3424097515264486,0.3293856978416443,4,21,15,1.3333334
23,11,3914,00:00:00.1980000,27,327,463,763617,777000,1273919,2050919,250703,2301622,4.576634621806481,4.330344173878605,0.381021112203598,4,27,19,1.3684211
23,12,4027,00:00:00.2470000,35,678,946,1624633,1662831,2453772,4116603,359555,4476158,5.206399229856835,8.206370939028195,0.5180532336235046,5,36,24,1.4583334
23,13,4118,00:00:00.3240000,38,1322,1783,3528788,3642511,4570207,8212718,498568,8711286,5.887491115929889,9.371223305932322,0.4807267189025879,5,39,26,1.4615384
23,14,4194,00:00:00.4450000,46,2636,3463,7696769,8034304,8513109,16547413,683337,17230750,6.592444829772077,7.3151703204744445,0.4074316918849945,6,47,32,1.4375
23,15,4246,00:00:00.6000000,49,5445,6768,17735678,18600865,14553000,33153865,882550,34036415,7.654499647546601,9.61071880274693,0.31653597950935364,7,50,33,1.4848485
23,16,4280,00:00:00.7810000,50,11276,13293,39604619,41881488,23835113,65716601,1090418,66807019,8.576512729487437,9.749124525866526,0.31450697779655457,9,51,31,1.6129032
23,17,4301,00:00:01.0410000,49,23633,26629,89513056,95356915,35981213,131338128,1287044,132625172,10.084155377289319,11.609832655011264,0.3245287537574768,10,50,27,1.8148148
23,18,4308,00:00:01.1950000,51,49819,53383,208341665,220357451,45282104,265639555,1390625,267030180,11.948420470768532,6.047237643321886,0.19185304641723633,11,52,30,1.7
23,19,4313,00:00:01.4830000,41,108577,112960,470961682,503055871,60807500,563863371,1511698,565375069,13.03818947843829,3.844079388311215,0.1464170515537262,10,42,27,1.5185186
23,20,4317,00:00:01.9620000,48,209056,214714,925574752,986763480,87069993,1073833473,1666201,1075499674,13.580356314645886,3.559966463764632,0.14611086249351501,9,49,35,1.3714286
24,0,1212,00:00:00.1050000,1,1,1,604,604,400,1004,1298,2302,1,1,0,0,1,1,0
24,1,1448,00:00:00.1350000,1,1,1,1022,1022,982,2004,2529,4533,1,1,0,0,1,1,0
24,2,1727,00:00:00.1470000,2,2,2,1680,1680,2322,4002,5027,9029,1.013095238095238,1.026533370824864,0,1,2,1,1
24,3,2031,00:00:00.1610000,3,3,4,3062,3062,4943,8005,9311,17316,1.2112998040496408,1.5014769100556533,0.013730962760746479,1,3,2,1
24,4,2275,00:00:00.2280000,4,6,8,5975,5980,10031,16011,14857,30868,1.6336401673640166,1.9083662896556843,0.041036736220121384,2,4,2,1.5
24,5,2494,00:00:00.2400000,4,6,12,11402,11419,20647,32066,22913,54979,1.937642518856341,1.475831641307126,0.07262590527534485,2,4,2,1.5
24,6,2704,00:00:00.2530000,5,14,24,21936,21974,42188,64162,35389,99551,2.2914843180160465,1.983940460140378,0.05975136533379555,2,5,3,1.3333334
24,7,2892,00:00:00.2680000,7,22,37,43998,44166,84210,128376,53151,181527,2.6831901450065914,1.822412719542338,0.0407894104719162,3,7,4,1.5
24,8,3080,00:00:00.2900000,12,39,72,83742,84135,172532,256667,81572,338239,2.9511117479878677,1.504560960564622,0.036365117877721786,3,12,9,1.2222222
24,9,3265,00:00:00.3210000,17,72,121,164276,165252,346805,512057,125841,637898,3.3839879227641285,2.4632411432557983,0.0787901058793068,4,17,13,1.2307693
24,10,3376,00:00:00.3500000,21,158,225,445575,449493,574673,1024166,166348,1190514,5.110073500533019,5.227262095573729,0.07251735776662827,6,21,15,1.3333334
24,11,3413,00:00:00.3700000,23,353,441,1222414,1237355,832084,2069439,188543,2257982,6.581039647778903,3.188896585321262,0.0479460284113884,7,23,16,1.375
24,12,3442,00:00:00.4000000,22,699,824,2734953,2776715,1350519,4127234,216606,4343840,7.252757542817006,3.164716350935327,0.07550607621669769,6,22,15,1.4
24,13,3470,00:00:00.4520000,24,1417,1624,5656399,5757711,2442228,8199939,259817,8459756,7.693753570071701,3.4598662935997457,0.07943423092365265,7,24,16,1.4375
24,14,3499,00:00:00.5530000,27,2904,3291,11549549,11821670,4790514,16612184,331028,16943212,8.080718216789244,3.761627298147058,0.15971176326274872,7,27,19,1.3684211
24,15,3528,00:00:00.6530000,32,5839,6620,22963380,23731826,9576574,33308400,444662,33753062,8.435726273745416,3.850353286834618,0.17661052942276,7,32,23,1.3478261
24,16,3556,00:00:00.8790000,40,11635,13095,45535387,47677358,18806958,66484316,618163,67102479,8.909907430895448,4.369708219797437,0.2026038020849228,8,40,28,1.3928572
24,17,3574,00:00:01.1620000,42,24652,26962,99530452,105591876,30616839,136208715,790238,136998953,10.271088731718008,7.143311944061947,0.18279756605625153,6,42,32,1.28125
24,18,3582,00:00:01.3950000,45,51429,54516,217663826,231085593,42311373,273396966,912766,274309732,11.702421072025079,8.048671596127038,0.1502862572669983,7,45,32,1.375
24,19,3588,00:00:01.8360000,48,110843,114997,479236170,513336221,61770578,575106799,1061462,576168261,12.70391034132503,6.710105701265672,0.12045789510011673,8,48,33,1.4242424
24,20,3593,00:00:02.6350000,54,228224,234283,989645167,1073358193,96664451,1170022644,1262363,1171285007,13.384186085758957,5.856841134883592,0.12767276167869568,8,54,36,1.4722222
25,0,1267,00:00:00.0680000,1,1,2,583,583,421,1004,1321,2325,1,1,0,0,1,1,0
25,1,1496,00:00:00.0840000,1,1,2,1015,1015,987,2002,2545,4547,1,1,0,0,1,1,0
25,2,1784,00:00:00.0900000,1,1,2,1689,1689,2316,4005,5095,9100,1,1,0,0,1,1,0
25,3,2140,00:00:00.1230000,2,2,3,2814,2814,5205,8019,10252,18271,1.0017768301350392,1.0035599429645068,0,1,2,1,1
25,4,2575,00:00:00.1350000,3,5,8,4843,4846,11179,16025,20254,36279,1.0726822217633698,1.15655765138114,0.022349616512656212,1,3,2,1
25,5,2911,00:00:00.1590000,5,7,12,10460,10471,21542,32013,32409,64422,1.8392925430210325,2.9821417430398443,0.10464707762002945,2,5,3,1.3333334
25,6,3081,00:00:00.1650000,9,12,18,24537,24546,39572,64118,42385,106503,2.6010922280637403,2.083573747638732,0.09642083942890167,3,9,5,1.6
25,7,3234,00:00:00.1720000,9,22,34,48427,48497,79537,128034,57021,185055,2.931794247010965,1.581086783490687,0.1308765560388565,3,9,5,1.6
25,8,3388,00:00:00.1810000,10,36,51,95026,95379,161489,256868,80170,337038,3.2995916906951783,2.304433152576971,0.22104637324810028,4,10,5,1.8
25,9,3515,00:00:00.1930000,11,79,107,203148,204605,308104,512709,110431,623140,3.975224959143088,4.179195053308315,0.4202938973903656,4,11,5,2
25,10,3618,00:00:00.2090000,18,159,221,440296,443793,584482,1028275,149751,1178026,4.57700955720697,2.5919715991082883,0.3219734728336334,5,18,11,1.5454545
25,11,3709,00:00:00.2350000,24,337,448,924309,935540,1118088,2053628,205068,2258696,5.155782319548982,2.7190382559719026,0.20196329057216644,5,25,17,1.4117647
25,12,3777,00:00:00.2740000,30,726,925,2101578,2136593,2007986,4144579,270443,4415022,6.050640994528873,4.102070248794963,0.15442359447479248,7,31,21,1.4285715
25,13,3825,00:00:00.3310000,34,1455,1788,4671676,4775100,3468002,8243102,343994,8587096,6.899484253616904,4.5333437913439045,0.11076042056083679,8,35,23,1.4782609
25,14,3860,00:00:00.4050000,31,3034,3562,10408577,10744387,5864322,16608709,428851,17037560,7.84640484477369,7.09536393351509,0.10610441863536835,8,32,20,1.55
25,15,3885,00:00:00.5120000,31,6213,7037,22991082,23918450,9760487,33678937,526126,34205063,8.73434377729591,6.132969934864524,0.13889643549919128,7,32,18,1.7222222
25,16,3905,00:00:00.6920000,38,12458,13793,48851709,51020172,16596099,67616271,650476,68266747,9.449418750119879,4.425069520560992,0.17171083390712738,6,38,25,1.48
25,17,3921,00:00:00.9900000,37,24785,26989,98579848,104288569,27962866,132251435,806823,133058258,10.144314880664048,4.820441001362292,0.21896620094776154,6,37,27,1.3333334
25,18,3935,00:00:01.5090000,42,51264,54945,207256686,223000297,48773077,271773374,1023945,272797319,10.863782252119963,5.463212145678815,0.2937687337398529,7,42,30,1.3666667
25,19,3946,00:00:02.3530000,60,105688,111578,435989006,471473060,83024770,554497830,1296297,555794127,11.705794115826857,6.492891075414902,0.23664306104183197,7,60,46,1.2826087
25,20,3953,00:00:03.4880000,62,225081,233671,956437616,1040227784,128374743,1168602527,1571232,1170173759,12.995122287202054,8.339528468690421,0.2282450944185257,8,62,45,1.3555555
26,0,1145,00:00:00.0620000,2,2,2,574,574,428,1002,1481,2483,1.0557491289198606,1.1176709791787864,0,1,2,1,1
26,1,1325,00:00:00.0830000,4,4,4,1076,1076,927,2003,2433,4436,1.1802973977695168,1.424849779336615,0.031114855781197548,1,4,3,1
26,2,1498,00:00:00.1000000,4,5,5,2032,2034,1980,4014,3967,7981,1.4970472440944882,2.096515258568956,0.10052064806222916,1,4,3,1
26,3,1655,00:00:00.1270000,5,5,7,3784,3784,4241,8025,6133,14158,1.7766913319238902,1.7245339398275699,0.18394061923027039,2,5,3,1.3333334
26,4,1824,00:00:00.1320000,5,5,8,6840,6840,9183,16023,9968,25991,1.9308479532163743,1.3838178159904593,0.18989263474941254,2,5,3,1.3333334
26,5,2013,00:00:00.1370000,5,7,12,12213,12218,19873,32091,17040,49131,2.0878572013428314,1.465719964557151,0.18132305145263672,2,5,3,1.3333334
26,6,2200,00:00:00.1440000,8,16,24,23203,23265,40816,64081,28126,92207,2.409817695987588,2.1213754484273704,0.10348500311374664,3,8,5,1.4
26,7,2373,00:00:00.1520000,14,29,37,46350,46426,81907,128333,44411,172744,2.8018770226537217,1.9789501480604772,0.05168468877673149,3,14,11,1.1818181
26,8,2532,00:00:00.1620000,14,46,65,92559,93014,163562,256576,68232,324808,3.245648721356108,2.663598657676517,0.06547625362873077,4,15,11,1.2727273
26,9,2678,00:00:00.1850000,18,85,124,187285,188549,324188,512737,103212,615949,3.6897776116613716,4.542884154963031,0.2086099237203598,4,18,11,1.5454545
26,10,2801,00:00:00.2040000,18,166,235,411387,415878,615090,1030968,149734,1180702,4.480603422081884,6.5249773609882595,0.5972939729690552,5,18,8,2.125
26,11,2875,00:00:00.2250000,21,307,419,1007135,1018261,1051312,2069573,194293,2263866,5.558702656545548,3.959130147442969,0.35705021023750305,6,21,11,1.8181819
26,12,2929,00:00:00.2540000,23,666,850,2262272,2301534,1835578,4137112,246494,4383606,6.316608259307457,3.4804263232796453,0.17183774709701538,6,23,13,1.6923077
26,13,2974,00:00:00.3020000,34,1328,1633,4934901,5020338,3301069,8321407,315761,8637168,7.02070436671374,4.21438665104036,0.10074479877948761,8,34,23,1.4347826
26,14,3000,00:00:00.3540000,32,2831,3293,11257735,11519211,5084721,16603932,377362,16981294,8.513924781494678,6.008566665220568,0.1211400106549263,8,32,22,1.4090909
26,15,3012,00:00:00.4010000,26,6214,6786,25766572,26505200,7085308,33590508,423420,34013928,9.846404480968598,2.9839770181364824,0.11608262360095978,8,27,17,1.5294118
26,16,3022,00:00:00.4870000,26,12754,13586,55006680,56991360,10860064,67851424,485284,68336708,10.553749599139595,2.275393967849496,0.11783210933208466,8,27,18,1.4444444
26,17,3032,00:00:00.6670000,34,26081,27441,113326795,118319194,18877929,137197123,584485,137781608,10.994265089734515,2.458638814575595,0.12838339805603027,7,34,24,1.375
26,18,3042,00:00:01.0500000,49,53464,55955,230108770,242013548,35377044,277390592,742893,278133485,11.424135386061122,3.4699415835926715,0.12195106595754623,8,49,34,1.4117647
26,19,3051,00:00:01.7200000,58,106693,111091,456269141,487196795,65220122,552416917,967891,553384808,11.945429335971683,5.907494362236101,0.12898322939872742,8,58,42,1.3571428
26,20,3059,00:00:02.9530000,63,218754,226407,919528481,1008429784,119123449,1127553233,1285672,1128838905,12.600895933532264,10.152954219419096,0.18435077369213104,8,63,45,1.3777778
27,0,1094,00:00:00.1000000,2,2,2,660,660,342,1002,1268,2270,1.2242424242424241,1.5335437215839764,0,1,2,1,1
27,1,1231,00:00:00.1270000,2,2,2,1179,1179,830,2009,1985,3994,1.529262086513995,1.993173345645902,0,1,2,1,1
27,2,1358,00:00:00.1320000,2,3,3,2189,2190,1820,4010,3115,7125,1.7428049337597076,1.6183626360022774,0,1,2,1,1
27,3,1498,00:00:00.1730000,4,5,5,3965,3966,4036,8002,5058,13060,1.8791929382093318,1.2815505687016153,0.022775430232286453,2,4,2,1.5
27,4,1660,00:00:00.2000000,5,6,6,6906,6908,9117,16025,8834,24859,1.9790037648421663,1.1443738175403477,0.017059244215488434,2,5,3,1.3333334
27,5,1841,00:00:00.2100000,6,10,11,12450,12459,19645,32104,15494,47598,2.1163052208835342,1.3669046549936292,0.025769606232643127,2,6,4,1.25
27,6,2024,00:00:00.2220000,9,18,20,23829,23856,40339,64195,26220,90415,2.4596919719669312,2.564943722110154,0.08285786956548691,3,9,5,1.6
27,7,2180,00:00:00.2350000,10,28,36,48797,48919,79354,128273,40906,169179,2.987232821689858,4.202839480705373,0.3813629448413849,3,10,6,1.5
27,8,2314,00:00:00.2450000,11,49,66,101462,101833,155135,256968,60994,317962,3.492263113283791,3.247219601292973,0.38151276111602783,3,11,7,1.4285715
27,9,2441,00:00:00.2580000,13,90,124,201471,202363,310345,512708,91559,604267,3.8558204406589534,2.334551544168648,0.3996909260749817,3,13,8,1.5
27,10,2569,00:00:00.2780000,16,181,252,394449,397883,629395,1027278,140705,1167983,4.210062644346924,2.826688912176448,0.4714639484882355,3,16,11,1.3636364
27,11,2694,00:00:00.3170000,24,343,477,780886,791129,1265012,2056141,217043,2273184,4.597599393509424,4.080956197234322,0.39523258805274963,4,24,17,1.3529412
27,12,2815,00:00:00.3850000,32,639,893,1551063,1591746,2522702,4114448,334287,4448735,5.0188851129838055,5.291250635130402,0.35887497663497925,5,33,22,1.4545455
27,13,2925,00:00:00.5020000,48,1292,1753,3196019,3308228,4895755,8203983,502964,8706947,5.572210615769181,8.504992634881155,0.2887365520000458,4,49,38,1.2631578
27,14,3020,00:00:00.7070000,53,2593,3501,6842563,7172884,9332977,16505861,734667,17240528,6.210734048046032,13.009614279433485,0.4157677888870239,5,54,37,1.4324324
27,15,3100,00:00:01.0350000,60,5157,6859,14625042,15526023,17526372,33052395,1044830,34097225,6.857469811026867,15.629889208751688,0.40384235978126526,6,61,38,1.5789474
27,16,3162,00:00:01.4630000,76,10619,13534,32476456,34527800,31413971,65941771,1423953,67365724,7.70085923168464,19.549901868649137,0.4535503387451172,7,77,46,1.6521739
27,17,3205,00:00:02.1150000,72,21972,26644,71965072,78012090,53212302,131224392,1839590,133063982,8.629310827341353,20.639316391408606,0.46968477964401245,7,73,44,1.6363636
27,18,3238,00:00:03.2930000,85,46218,53981,160167872,176022348,91423727,267446075,2350037,269796112,9.462458226328936,20.7172366524015,0.475595623254776,7,86,52,1.6346154
27,19,3262,00:00:05.0870000,95,93473,105764,333857965,375455878,151555227,527011105,2935948,529947053,10.33027503776943,21.598161255305254,0.4566953182220459,9,96,57,1.6666666
27,20,3273,00:00:06.6580000,79,196991,212951,756188002,855847659,207733290,1063580949,3342719,1066923668,12.312088572386527,10.045039202615198,0.3407474160194397,9,80,47,1.6808511
28,0,1476,00:00:00.0390000,1,1,2,583,583,420,1003,1295,2298,1,1,0,0,1,1,0
28,1,1714,00:00:00.0500000,1,1,2,1011,1011,995,2006,2548,4554,1,1,0,0,1,1,0
28,2,2005,00:00:00.0530000,1,1,3,1694,1694,2309,4003,5088,9091,1,1,0,0,1,1,0
28,3,2351,00:00:00.0730000,3,4,6,2940,2942,5064,8006,9898,17904,1.010544217687075,1.021336859669623,0,1,3,2,1
28,4,2746,00:00:00.0890000,6,10,12,5023,5033,10979,16012,18984,34996,1.1947043599442564,1.4975435610593255,0.11191593110561371,1,6,5,1
28,5,3047,00:00:00.0940000,8,9,15,10393,10401,21651,32052,29975,62027,1.7040315597036466,3.040501475940753,0.38721194863319397,2,8,6,1.1666666
28,6,3302,00:00:00.1000000,8,14,24,20014,20065,43964,64029,44932,108961,2.0378235235335267,2.8901175826494065,0.5715097188949585,1,8,7,1
28,7,3529,00:00:00.1060000,11,21,34,40445,40535,87743,128278,66210,194488,2.483817529978984,2.776347402771446,0.5895611643791199,2,11,8,1.25
28,8,3739,00:00:00.1130000,13,37,59,78130,78440,177698,256138,98144,354282,2.8150390375016,1.5537438661092307,0.3866824209690094,2,13,8,1.5
28,9,3964,00:00:00.1260000,15,74,119,143600,144679,367996,512675,152379,665054,3.0116852367688023,1.3401149396495229,0.19871081411838531,2,16,12,1.25
28,10,4194,00:00:00.1500000,19,151,228,276152,280144,743872,1024016,240167,1264183,3.3712194733335266,2.4396071252846485,0.12756817042827606,3,20,16,1.1875
28,11,4408,00:00:00.1950000,27,310,475,556816,571003,1482724,2053727,370405,2424132,3.8263286256142064,4.187015697829287,0.17430780827999115,4,28,22,1.2272727
28,12,4574,00:00:00.2650000,36,623,929,1324663,1364919,2739978,4104897,527918,4632815,4.812150713049281,5.882986642096744,0.2663189172744751,4,36,27,1.2962962
28,13,4674,00:00:00.3440000,40,1332,1844,3412922,3528771,4752402,8281173,679156,8960329,6.016935048618164,3.4362248730065765,0.16614964604377747,6,40,29,1.3448275
28,14,4711,00:00:00.4060000,33,2828,3524,9477216,9843475,6783322,16626797,767148,17393945,7.872882289482481,2.392112727212693,0.08738881349563599,7,33,21,1.5238096
28,15,4734,00:00:00.4840000,26,5863,6821,22171851,23153206,10170546,33323752,856111,34179863,8.851205341403386,2.077883745628892,0.07004809379577637,7,26,17,1.4705882
28,16,4752,00:00:00.5830000,30,12434,13849,49813969,51923016,16254446,68177462,967619,69145081,9.700759018017617,2.655489428658443,0.06514117121696472,8,31,21,1.4285715
28,17,4766,00:00:00.7650000,30,24531,26637,100450475,105569187,26397489,131966676,1105092,133071768,10.315810841113494,2.6360143874659077,0.0446997731924057,6,31,24,1.25
28,18,4780,00:00:01.1090000,34,49740,53330,205642573,218824268,47360715,266184983,1322163,267507146,10.802334626497792,2.7511486838603902,0.05633555352687836,5,34,27,1.2222222
28,19,4793,00:00:01.8160000,50,99860,106136,411581957,443847155,86915224,530762379,1640661,532403040,11.32986137922465,3.7376953793315932,0.13188689947128296,6,50,36,1.3611112
28,20,4801,00:00:02.7610000,43,230967,240163,988985472,1065260985,135566776,1200827761,1945163,1202772924,13.22187196294831,5.763739586830974,0.1474815458059311,8,43,26,1.6153846
2,0,1078,00:00:00.0210000,2,2,2,600,600,403,1003,1196,2199,1.0016666666666667,1.003338885662942,0,1,2,1,1
2,1,1309,00:00:00.0490000,3,3,3,1036,1036,969,2005,2411,4416,1.0077220077220077,1.0155863482309448,0,1,3,2,1
2,2,1593,00:00:00.0770000,2,2,3,1695,1695,2306,4001,4946,8947,1.0530973451327434,1.111798049274526,0,1,2,1,1
2,3,1863,00:00:00.0860000,2,3,4,3214,3215,4813,8028,8696,16724,1.3571873055382702,1.8491435560590912,0,1,2,1,1
2,4,2080,00:00:00.1050000,3,5,8,6194,6201,9831,16032,13621,29653,1.713432353890862,1.7033583568876876,0,2,3,1,2
2,5,2291,00:00:00.1080000,4,8,13,11532,11546,20463,32009,21473,53482,1.9738120013874436,1.335311315907964,0.020095689222216606,2,4,2,1.5
2,6,2498,00:00:00.1120000,5,10,20,22302,22327,41837,64164,33588,97752,2.2757151824948436,1.8534642030867112,0.0815909132361412,2,5,3,1.3333334
2,7,2690,00:00:00.1160000,8,25,38,43680,43781,84679,128460,51768,180228,2.6626373626373625,2.0838224244043415,0.1486353874206543,3,8,5,1.4
2,8,2880,00:00:00.1390000,11,40,66,82415,82832,173198,256030,80578,336608,2.935485045198083,1.7118978828014413,0.18229378759860992,2,11,9,1.1111112
2,9,3073,00:00:00.1500000,16,78,123,159402,160657,351647,512304,126920,639224,3.2855296671309016,2.513324755587232,0.17670509219169617,2,16,13,1.1538461
2,10,3253,00:00:00.1690000,28,160,253,324165,327336,700355,1027691,195809,1223500,3.737476285225117,4.221146381660209,0.2269032895565033,3,28,21,1.2857143
2,11,3414,00:00:00.2020000,36,289,452,668422,680666,1367443,2048109,293549,2341658,4.263314193727914,6.851345913454415,0.2730177044868469,4,36,26,1.3461539
2,12,3541,00:00:00.2620000,40,601,876,1535941,1571989,2539317,4111306,415094,4526400,5.15217576716814,13.342906945327298,0.34473320841789246,5,41,25,1.6
2,13,3621,00:00:00.3300000,44,1242,1700,3714520,3805967,4388037,8194004,536782,8730786,6.138564605924857,4.484349632006987,0.43807747960090637,5,44,27,1.5925926
2,14,3687,00:00:00.4150000,41,2660,3420,8167163,8457199,8043241,16500440,698031,17198471,6.77129328752224,2.697992387948081,0.4285127818584442,7,41,25,1.6
2,15,3733,00:00:00.5350000,43,5506,6739,18982964,19789117,13515311,33304428,872356,34176784,8.034266935342657,4.664462817973969,0.41350841522216797,7,44,30,1.4333333
2,16,3752,00:00:00.6330000,43,11742,13409,45254999,47093899,19003111,66097010,986783,67083793,9.569331821220457,6.785128661016696,0.2438315451145172,8,44,32,1.34375
2,17,3764,00:00:00.7800000,41,24312,26536,100838280,105734000,27167186,132901186,1102353,134003539,10.651553884100364,8.509352482564914,0.1643635779619217,9,42,29,1.4137931
2,18,3773,00:00:01.0110000,44,49462,52536,209544802,222326877,40392712,262719589,1239228,263958817,11.478408898923677,9.929645793561372,0.13629522919654846,10,45,28,1.5714285
2,19,3780,00:00:01.3650000,41,104469,108747,447514977,481345693,61898168,543243861,1407080,544650941,12.499862016908542,11.320513259229296,0.28896430134773254,7,42,26,1.5769231
2,20,3785,00:00:01.9530000,39,218225,224110,949034904,1023930785,94518624,1118449409,1599901,1120049310,13.429100009160464,7.5824797062372,0.27056464552879333,8,40,23,1.6956521
29,0,1112,00:00:00.0340000,3,3,3,614,614,390,1004,1138,2142,1.009771986970684,1.019762536106834,0,1,3,2,1
29,1,1352,00:00:00.0550000,3,3,3,1015,1015,987,2002,2429,4431,1.0374384236453202,1.0784772099996083,0.026105064898729324,1,3,2,1
29,2,1592,00:00:00.0620000,4,5,5,1840,1841,2180,4021,4609,8630,1.2679347826086957,1.7468385245352587,0.17768408358097076,1,4,3,1
29,3,1784,00:00:00.0740000,3,5,6,3564,3568,4434,8002,7310,15312,1.6259820426487093,2.924336628608305,0.6115045547485352,1,3,2,1
29,4,1970,00:00:00.0920000,5,7,8,6587,6589,9426,16015,11558,27573,1.8592682556550781,2.5487852858354554,0.5549423694610596,2,5,3,1.3333334
29,5,2166,00:00:00.0990000,5,7,10,12022,12028,20040,32068,18801,50869,1.988770587256696,2.310593561204346,0.7103726863861084,2,5,3,1.3333334
29,6,2375,00:00:00.1020000,6,7,14,22029,22031,41982,64013,31126,95139,2.245176812383676,2.9194030746087503,0.959302544593811,2,6,3,1.6666666
29,7,2574,00:00:00.1070000,7,17,26,43171,43274,85002,128276,49838,178114,2.6283153042551715,2.198143638695843,0.8236254453659058,2,7,4,1.5
29,8,2768,00:00:00.1130000,8,41,62,82352,82722,173780,256502,79249,335751,2.9254905770351662,1.551149080281591,0.43691486120224,2,9,6,1.3333334
29,9,2958,00:00:00.1240000,15,77,127,162491,163550,348968,512518,124846,637364,3.331273732083623,2.425021270189462,0.20763076841831207,3,16,10,1.5
29,10,3107,00:00:00.1430000,23,154,242,370250,373980,653641,1027621,181061,1208682,4.181415259959487,7.26640430568273,0.2923235595226288,4,24,15,1.5333333
29,11,3200,00:00:00.1620000,26,332,452,906056,917699,1140817,2058516,236996,2295512,5.230547559974218,6.628458144929049,0.3635094165802002,6,27,16,1.625
29,12,3263,00:00:00.1880000,31,677,897,2142605,2176638,1971455,4148093,297489,4445582,6.165080357788766,6.173852226034767,0.39969754219055176,6,31,19,1.5789474
29,13,3305,00:00:00.2220000,35,1427,1750,4955434,5052559,3277128,8329687,361531,8691218,7.214726500241957,7.954210941399004,0.23436889052391052,8,35,22,1.5454545
29,14,3327,00:00:00.2700000,34,2978,3423,11476936,11724380,4849152,16573532,414094,16987626,8.612135416630363,8.897200355131568,0.15230914950370789,7,34,23,1.4347826
29,15,3340,00:00:00.3030000,33,6171,6791,25618326,26352178,7041013,33393191,463958,33857149,9.729865097352574,5.463694631373902,0.13202449679374695,7,34,23,1.4347826
29,16,3351,00:00:00.3610000,33,12410,13297,53016852,54937126,11114364,66051490,531361,66582851,10.354657817103135,3.647644812619657,0.12453214079141617,7,34,24,1.375
29,17,3363,00:00:00.4960000,39,26434,27977,113492785,118277237,20606891,138884128,650087,139534215,10.823224824379805,3.3171532341202643,0.12893980741500854,8,39,27,1.4074074
29,18,3373,00:00:00.7730000,40,54241,56848,233032245,246533510,36903125,283436635,808145,284244780,11.538337915424536,4.4940303718073595,0.17369689047336578,9,40,28,1.3928572
29,19,3379,00:00:01.0890000,43,104019,107708,452385800,481014662,56235662,537250324,955099,538205423,12.466574377445092,5.278831259076492,0.17491354048252106,9,43,30,1.4
29,20,3384,00:00:01.6490000,43,213976,219344,937492371,1007615851,88730551,1096346402,1146430,1097492832,13.3571324838013,4.935801025137164,0.15133854746818542,7,43,32,1.3125
30,0,1152,00:00:00.0210000,1,1,1,599,599,404,1003,1278,2281,1,1,0,0,1,1,0
30,1,1385,00:00:00.0320000,1,1,1,994,994,1012,2006,2537,4543,1,1,0,0,1,1,0
30,2,1667,00:00:00.0350000,1,1,1,1707,1707,2301,4008,4993,9001,1,1,0,0,1,1,0
30,3,2014,00:00:00.0550000,2,3,4,2832,2834,5178,8012,9980,17992,1.0010593220338984,1.0021208316351462,0,1,2,1,1
30,4,2425,00:00:00.0680000,4,7,12,4875,4879,11130,16009,19522,35531,1.1048205128205129,1.239716338921743,0.07891754806041718,1,4,3,1
30,5,2758,00:00:00.0830000,6,8,16,9898,9904,22173,32077,31678,63755,1.6076985249545364,3.053327724817524,0.3225618004798889,1,6,5,1
30,6,3037,00:00:00.0900000,8,13,27,18946,18984,45091,64075,48119,112194,1.9002427953129948,2.5561025124187577,0.4330686330795288,2,8,6,1.1666666
30,7,3336,00:00:00.0980000,14,16,35,34047,34051,94183,128234,76522,204756,2.0678180162716244,2.6231405952302294,0.4180693030357361,2,14,11,1.1818181
30,8,3621,00:00:00.1080000,16,30,57,68118,68337,188063,256400,119326,375726,2.5170586335476672,5.367910769269157,0.4652356207370758,3,16,12,1.25
30,9,3841,00:00:00.1210000,17,75,125,156053,156908,356813,513721,171518,685239,3.3608389457427923,7.939851136004861,0.437417596578598,4,18,10,1.7
30,10,3962,00:00:00.1340000,17,145,218,403532,406390,621066,1027456,217278,1244734,4.436988888117919,2.7310776423747396,0.26524972915649414,5,18,10,1.7
30,11,4062,00:00:00.1540000,20,300,423,869683,880592,1175685,2056277,278412,2334689,4.9430436147423835,2.059532535832371,0.14763882756233215,6,21,12,1.6666666
30,12,4159,00:00:00.1940000,22,600,824,1760871,1796404,2318764,4115168,372728,4487896,5.381720750696672,2.8754803172787504,0.13978883624076843,5,23,13,1.6923077
30,13,4247,00:00:00.2670000,27,1265,1676,3642250,3730380,4475850,8206230,508189,8714419,5.928148260004118,4.554050681031118,0.12992994487285614,6,28,16,1.6875
30,14,4323,00:00:00.3780000,27,2593,3348,7755814,8032842,8476103,16508945,693717,17202662,6.567283459866366,4.609608136558521,0.1918984353542328,6,28,16,1.6875
30,15,4383,00:00:00.5530000,32,5468,6811,16885465,17643422,15356873,33000295,925337,33925632,7.35282427815876,5.623758933391957,0.1659356653690338,7,33,20,1.6
30,16,4417,00:00:00.7270000,33,11211,13257,39933390,41939910,23846474,65786384,1127511,66913895,8.87466290740656,9.177329136895647,0.19018790125846863,9,34,20,1.65
30,17,4430,00:00:00.9160000,35,23959,26552,95783716,100264226,31747781,132012007,1250247,133262254,10.5602063820535,8.04157959712425,0.17911863327026367,9,36,22,1.5909091
30,18,4439,00:00:01.1250000,40,54301,57759,231291744,242677885,45245292,287923177,1390698,289313875,11.712611622661292,5.061083199140258,0.15848322212696075,10,41,26,1.5384616
30,19,4446,00:00:01.5550000,46,109761,114683,478516264,506118165,68856286,574974451,1569639,576544090,12.34804684924983,3.913019446330934,0.19963879883289337,10,46,30,1.5
30,20,4452,00:00:02.2470000,49,203239,210557,878747539,945079526,108646875,1053726401,1805554,1055531955,12.749772343885905,3.8119157522263287,0.17112894356250763,9,50,35,1.4
31,0,1300,00:00:00.0220000,1,1,1,552,552,451,1003,1393,2396,1,1,0,0,1,1,0
31,1,1532,00:00:00.0320000,2,2,2,1029,1029,984,2013,2587,4600,1.0038872691933916,1.0078048128710837,0,1,2,1,1
31,2,1814,00:00:00.0350000,2,3,3,1732,1733,2272,4005,5111,9116,1.0508083140877598,1.106750087583364,0,1,2,1,1
31,3,2079,00:00:00.0380000,2,2,4,3202,3202,4804,8006,8832,16838,1.396939412866958,1.91849099356832,0,1,2,1,1
31,4,2292,00:00:00.0560000,2,4,7,6344,6349,9706,16055,13731,29786,1.7667087011349307,1.5569848250355942,0,1,2,1,1
31,5,2504,00:00:00.0630000,4,8,13,11586,11596,20506,32102,21628,53730,1.937683411013292,1.1859843790870341,0.0034163540694862604,2,4,2,1.5
31,6,2739,00:00:00.0770000,7,12,21,20612,20637,43475,64112,35500,99612,2.073986027556763,1.2659620036259647,0.03997904807329178,2,7,5,1.2
31,7,2974,00:00:00.0830000,9,25,42,39682,39740,88576,128316,57766,186082,2.4493473111234314,2.3561977160709118,0.17544381320476532,2,9,7,1.1428572
31,8,3188,00:00:00.0910000,9,38,67,77991,78296,178136,256432,90008,346440,2.79230936902976,2.280526542336692,0.29058727622032166,1,9,8,1
31,9,3419,00:00:00.1060000,14,75,135,141254,142371,371030,513401,145762,659163,2.9583587013465107,1.866201125610478,0.33678436279296875,2,14,11,1.1818181
31,10,3648,00:00:00.1300000,26,139,242,288396,291755,733892,1025647,232744,1258391,3.5783540687110778,3.4610247296064722,0.28378719091415405,3,26,22,1.1363636
31,11,3775,00:00:00.1550000,26,304,458,773619,785547,1265859,2051406,308437,2359843,4.80205889462384,3.782826426553811,0.19337521493434906,4,26,18,1.3888888
31,12,3862,00:00:00.1900000,20,650,900,1812455,1853106,2249425,4102531,392166,4494697,5.617783062200165,4.1913058733675825,0.20601008832454681,4,21,12,1.6666666
31,13,3933,00:00:00.2510000,24,1307,1739,3968961,4074891,4124002,8198893,501090,8699983,6.254849065032385,4.5919791077997445,0.22201663255691528,5,25,15,1.6
31,14,3996,00:00:00.3480000,33,2736,3487,8463155,8731161,7752557,16483718,654547,17138265,6.874757345221729,5.035080616470766,0.3593365550041199,6,33,22,1.4545455
31,15,4033,00:00:00.4620000,33,5728,6886,20147387,21008407,12376656,33385063,794393,34179456,8.309054866519416,5.2154164926372415,0.5364452600479126,7,34,22,1.5
31,16,4053,00:00:00.5900000,38,11695,13363,45026647,47177733,18524067,65701800,916664,66618464,9.33463881954168,3.3254276283815463,0.36257338523864746,7,39,27,1.4074074
31,17,4071,00:00:00.8310000,45,24747,27310,97820534,103782890,30939832,134722722,1092726,135815448,10.032196655152179,3.5858403465016306,0.23405082523822784,7,46,30,1.5
31,18,4085,00:00:01.1900000,52,50390,54318,203124184,218061444,51223692,269285136,1309002,270594138,10.858428034349666,5.643417007546901,0.17732588946819305,8,53,33,1.5757576
31,19,4094,00:00:01.7120000,59,104799,110405,435991268,470385238,78304329,548689567,1527382,550216949,12.043653539409876,7.512342969795448,0.17863748967647552,8,60,40,1.475
31,20,4100,00:00:02.4770000,63,231066,238916,987985144,1072599931,117974311,1190574242,1764181,1192338423,13.24324993696464,6.7584751302044275,0.1513964831829071,9,64,43,1.4651163
32,0,1397,00:00:00.0350000,1,1,1,574,574,428,1002,1272,2274,1,1,0,0,1,1,0
32,1,1626,00:00:00.0580000,1,1,1,1024,1024,980,2004,2497,4501,1,1,0,0,1,1,0
32,2,1925,00:00:00.0600000,1,1,1,1690,1690,2312,4002,5102,9104,1,1,0,0,1,1,0
32,3,2273,00:00:00.0800000,3,4,4,2865,2866,5146,8012,10070,18082,1.0481675392670158,1.1015283670228726,0.022503597661852837,1,3,2,1
32,4,2600,00:00:00.0940000,3,6,7,5458,5466,10539,16005,17505,33510,1.4333089043605716,2.1618890493260143,0.2576659023761749,1,3,2,1
32,5,2849,00:00:00.0970000,4,9,11,11013,11033,21043,32076,26614,58690,1.807681830563879,1.9026381656876168,0.4781893193721771,2,4,2,1.5
32,6,3101,00:00:00.1020000,7,13,17,19912,19938,44111,64049,41412,105461,1.9921655283246285,1.6234314693849146,0.6089786291122437,2,7,4,1.5
32,7,3359,00:00:00.1080000,8,22,37,37584,37658,90685,128343,65816,194159,2.3217858663260964,2.6101100868310425,0.6826843023300171,2,8,5,1.4
32,8,3589,00:00:00.1160000,10,46,76,74590,75115,181120,256235,100726,356961,2.7296420431693256,3.36689300489119,0.6745370030403137,3,10,6,1.5
32,9,3813,00:00:00.1320000,21,83,138,145963,147229,365911,513140,154330,667470,3.0843912498372874,3.414756993933755,0.6098957061767578,4,22,15,1.4
32,10,3970,00:00:00.1510000,24,174,262,360418,364735,659432,1024167,212957,1237124,4.159989234721906,3.20452827834385,0.4775943458080292,5,25,16,1.5
32,11,4083,00:00:00.1760000,30,356,504,812908,825259,1231769,2057028,281701,2338729,4.772824231032294,1.664086318621095,0.18611718714237213,5,31,23,1.3043479
32,12,4193,00:00:00.2250000,35,681,939,1622678,1664454,2437270,4101724,388234,4489958,5.15613510505473,1.886212345867853,0.1101960688829422,6,36,26,1.3461539
32,13,4283,00:00:00.3020000,38,1391,1862,3657842,3784603,4476584,8261187,524132,8785319,6.132141300799761,4.81551545957807,0.19252733886241913,6,39,27,1.4074074
32,14,4331,00:00:00.3760000,36,2794,3496,9076236,9387220,7209295,16596515,640043,17236558,7.367747709513062,4.099460177635023,0.10025337338447571,6,37,24,1.5
32,15,4367,00:00:00.4910000,33,5711,6850,20342006,21158166,12216089,33374255,780353,34154608,8.106985564747154,3.465181177074818,0.08774447441101074,5,33,24,1.3333334
32,16,4400,00:00:00.7030000,39,11625,13599,42436025,44588565,22256257,66844822,985343,67830165,8.621978613689667,3.5273045638447074,0.09679879248142242,6,39,29,1.3103448
32,17,4430,00:00:01.0770000,48,23179,26648,85919022,91426010,41147199,132573209,1279816,133853025,9.145571803645531,4.776403821930018,0.10357204079627991,7,48,36,1.3055556
32,18,4454,00:00:01.6780000,60,46890,52634,176224707,190468367,71751055,262219422,1646954,263866376,9.959829900582555,9.05783275065729,0.17982424795627594,10,60,42,1.4047619
32,19,4464,00:00:02.2430000,59,98686,106020,399438445,431987785,97411364,529399149,1878631,531277780,11.98747679633091,12.557368120685515,0.22954465448856354,10,59,39,1.4871795
32,20,4469,00:00:02.8870000,46,230718,239625,994906455,1070274344,128527052,1198801396,2071935,1200873331,13.644843003858087,6.048837367955879,0.17025119066238403,8,46,29,1.5517242
33,0,1076,00:00:00.0210000,1,1,1,598,598,403,1001,1212,2213,1,1,0,0,1,1,0
33,1,1313,00:00:00.0320000,1,1,2,1029,1029,977,2006,2483,4489,1,1,0,0,1,1,0
33,2,1577,00:00:00.0350000,1,1,2,1755,1755,2255,4010,4762,8772,1,1,0,0,1,1,0
33,3,1913,00:00:00.0540000,1,1,2,2902,2902,5104,8006,9458,17464,1,1,0,0,1,1,0
33,4,2329,00:00:00.0600000,2,2,7,4761,4761,11245,16006,19011,35017,1.0069313169502205,1.0139586863054477,0,1,2,1,1
33,5,2764,00:00:00.0670000,4,5,13,9378,9380,22662,32042,34599,66641,1.5672851354233313,2.1149531888973905,0.03478914499282837,2,4,2,1.5
33,6,2940,00:00:00.0800000,6,13,22,24441,24470,39637,64107,44764,108871,2.606603657788143,1.7034691739107775,0.015911657363176346,3,6,3,1.6666666
33,7,3090,00:00:00.0950000,6,30,45,49289,49483,78927,128410,58846,187256,2.9485280691432165,1.3422748833645861,0.044315632432699203,3,6,3,1.6666666
33,8,3245,00:00:00.1010000,10,41,66,93874,94430,162724,257154,82199,339353,3.2508149221296634,1.8657200251107033,0.15475180745124817,4,10,6,1.5
33,9,3389,00:00:00.1100000,15,82,128,189669,191232,322061,513293,116761,630054,3.7426780338378967,3.5414965090626636,0.34310382604599,4,15,10,1.4
33,10,3510,00:00:00.1250000,19,165,244,403328,408494,616577,1025071,162652,1187723,4.344503728974929,3.5840953724126523,0.43803736567497253,3,19,15,1.2
33,11,3618,00:00:00.1480000,21,335,481,842638,856178,1200230,2056408,228435,2284843,4.854350266662553,2.8625025037387166,0.3659203052520752,3,21,16,1.25
33,12,3718,00:00:00.1930000,24,673,929,1712956,1757316,2350294,4107610,325454,4433064,5.314984739829861,3.9104921089829587,0.2827194333076477,3,24,19,1.2105263
33,13,3813,00:00:00.2760000,39,1314,1764,3472996,3571889,4620243,8192132,471739,8663871,5.760363962411705,6.465559167237238,0.257921427488327,4,39,31,1.2258065
33,14,3899,00:00:00.4210000,45,2631,3490,7268841,7599473,8884910,16484383,680717,17165100,6.397335146001955,10.752480264843422,0.2768597900867462,5,46,33,1.3636364
33,15,3958,00:00:00.5980000,50,5393,6850,16864757,17794922,15385790,33180712,906385,34087097,7.470343865612769,10.02401870712861,0.24442070722579956,6,51,33,1.5151515
33,16,3995,00:00:00.8250000,50,11233,13517,38247637,40880183,25111000,65991183,1132430,67123613,8.463386796941208,8.221820369067965,0.2586597204208374,6,50,36,1.3611112
33,17,4023,00:00:01.1760000,60,23004,26588,83410824,89477638,41773638,131251276,1403950,132655226,9.265023433889107,9.13497376952317,0.21604666113853455,7,60,42,1.4047619
33,18,4046,00:00:01.9020000,66,48045,53837,179693888,195965402,71674793,267640195,1759017,269399212,10.043374213150756,12.925370998180153,0.22549809515476227,8,66,41,1.5853659
33,19,4063,00:00:03.0010000,71,96247,105536,364357984,407042684,118598167,525640851,2174479,527815330,10.822009823174342,19.20135328497901,0.3177487254142761,8,72,45,1.5777777
33,20,4077,00:00:04.8440000,91,206234,221167,799910024,901313342,200735235,1102048577,2718977,1104767554,11.746919818571994,28.361432908238946,0.48963645100593567,9,92,53,1.7169812
34,0,957,00:00:00.0360000,2,2,2,677,677,330,1007,895,1902,1.5745937961595273,1.9564553120386505,0,1,2,1,1
34,1,1058,00:00:00.0460000,3,3,3,1271,1271,730,2001,1427,3428,1.7419354838709677,1.635824981267287,0,2,3,1,2
34,2,1172,00:00:00.0480000,3,3,3,2306,2306,1713,4019,2429,6448,1.8924544666088465,1.3376643236268273,0,2,3,1,2
34,3,1294,00:00:00.0660000,3,4,4,4176,4177,3874,8051,4166,12217,2.041427203065134,1.3561906992619257,0,2,3,1,2
34,4,1421,00:00:00.0680000,4,5,6,7721,7722,8336,16058,7052,23110,2.2823468462634375,1.8137966150038485,0,3,4,1,3
34,5,1541,00:00:00.0700000,6,8,10,15041,15044,16958,32002,11414,43416,2.6814041619573166,2.3868269702356675,0.026242785155773163,3,6,3,1.6666666
34,6,1647,00:00:00.0820000,6,16,20,30539,30573,33573,64146,17613,81759,3.1711909361799666,2.718722600210548,0.06952250003814697,3,6,3,1.6666666
34,7,1746,00:00:00.0850000,7,25,34,60693,60877,67476,128353,26897,155250,3.5594055327632512,2.1749066028449646,0.09238780289888382,3,7,4,1.5
34,8,1848,00:00:00.0900000,10,55,73,115879,116441,140195,256636,42427,299063,3.8042354524978643,1.6454420166511705,0.10858023166656494,3,10,7,1.2857143
34,9,1960,00:00:00.0980000,17,92,126,215714,217150,295052,512202,69501,581703,4.006147028009309,1.5820590915233554,0.1094508171081543,4,17,13,1.2307693
34,10,2077,00:00:00.1110000,22,171,230,417553,421905,605935,1027840,114322,1142162,4.380629524874687,2.5167044978498194,0.1391405612230301,5,22,17,1.2352941
34,11,2169,00:00:00.1450000,25,335,443,920147,935333,1120672,2056005,169863,2225868,5.2271245790074845,5.476427885966602,0.18090330064296722,4,25,21,1.1428572
34,12,2232,00:00:00.1700000,30,644,828,2116694,2155510,1959019,4114529,230280,4344809,6.108895286706534,5.269341167400374,0.1630631536245346,5,30,24,1.2083334
34,13,2284,00:00:00.2130000,30,1363,1693,4611158,4730837,3563011,8293848,310552,8604400,6.775925483360145,4.897523884510908,0.19176755845546722,5,30,21,1.3809524
34,14,2329,00:00:00.2930000,35,2741,3352,9768456,10046719,6570032,16616751,420895,17037646,7.383135983823851,6.926802940102182,0.18150702118873596,6,35,23,1.4782609
34,15,2364,00:00:00.3820000,42,5636,6643,20664154,21346052,11520674,32866726,556042,33422768,8.159733226920396,11.845013872569497,0.18198244273662567,7,42,28,1.4642857
34,16,2391,00:00:00.5300000,44,11717,13371,44528038,46491032,19831256,66322288,721565,67043853,8.972685996180653,11.77331257376526,0.23271378874778748,7,44,29,1.4827586
34,17,2413,00:00:00.8530000,47,23971,26755,91979358,97416507,34421977,131838484,936281,132774765,9.6305430398851,8.617248171478368,0.24291396141052246,7,48,32,1.46875
34,18,2433,00:00:01.4300000,55,48555,53440,187799863,202652724,62154978,264807702,1245872,266053574,10.200576205958148,6.842031524193685,0.472068190574646,7,55,36,1.5
34,19,2450,00:00:02.4970000,70,99065,107495,384680562,423242206,110759076,534001282,1662191,535663473,10.891254931669774,7.787698464858252,0.41465696692466736,8,70,45,1.5333333
34,20,2463,00:00:04.1540000,84,210295,224001,827006976,926364244,189302247,1115666491,2171247,1117837738,11.851726426065843,12.575682014460327,0.3996846079826355,9,85,58,1.4482758
35,0,1376,00:00:00.0220000,1,1,1,582,582,422,1004,1546,2550,1,1,0,0,1,1,0
35,1,1615,00:00:00.0400000,3,3,3,1022,1022,980,2002,2801,4803,1.0088062622309197,1.0177954232298245,0,1,3,2,1
35,2,1880,00:00:00.0700000,3,3,3,1777,1777,2238,4015,5145,9160,1.1294316263365223,1.2932453654690192,0.032532788813114166,1,3,2,1
35,3,2104,00:00:00.0820000,5,5,7,3462,3462,4539,8001,8286,16287,1.5002888503755054,2.0371386598219456,0.03844525292515755,1,5,4,1
35,4,2298,00:00:00.1080000,4,6,8,6567,6575,9443,16018,12635,28653,1.7816354499771585,1.5673452997249464,0.06507329642772675,1,4,3,1
35,5,2513,00:00:00.1150000,4,8,13,11385,11391,20732,32123,20763,52886,1.9287659200702678,1.212809682244196,0.10584468394517899,1,4,3,1
35,6,2759,00:00:00.1190000,6,13,23,20048,20067,44075,64142,35392,99534,1.9833898643256185,1.1158091201079592,0.11492536962032318,2,6,4,1.25
35,7,3044,00:00:00.1260000,12,22,41,34786,34841,93184,128025,62380,190405,2.1076582533203014,1.3477266701625028,0.11483695358037949,2,12,10,1.1
35,8,3317,00:00:00.1360000,15,32,68,70272,70447,186330,256777,103387,360164,2.613288365209472,3.175384998160024,0.15115751326084137,3,16,12,1.25
35,9,3505,00:00:00.1470000,16,75,124,168953,170042,343674,513716,147746,661462,3.541203766728025,5.209704189105682,0.19072802364826202,4,17,12,1.3333334
35,10,3626,00:00:00.1600000,20,168,244,401276,405117,620858,1025975,193707,1219682,4.37480935814751,2.8439936968224853,0.17786815762519836,4,20,14,1.3571428
35,11,3733,00:00:00.1820000,22,317,440,838408,851637,1199959,2051596,258920,2310516,4.8327317964523235,1.8915808241567784,0.11271101236343384,5,22,15,1.4
35,12,3835,00:00:00.2240000,28,629,868,1709740,1749359,2353642,4103001,357533,4460534,5.329623217565244,2.65160758622362,0.13403217494487762,5,28,19,1.4210526
35,13,3916,00:00:00.2920000,34,1324,1738,3778281,3874090,4334478,8208568,480931,8689499,6.11286455401279,5.157700992893119,0.1821400225162506,5,35,23,1.4782609
35,14,3980,00:00:00.3880000,36,2597,3335,8206672,8511708,7896451,16408159,636642,17044801,6.807247078962093,5.25303866232846,0.2971741557121277,6,37,26,1.3846154
35,15,4035,00:00:00.5540000,48,5263,6600,17419721,18198421,14588147,32786568,849097,33635665,7.427472001417244,5.92957972823571,0.42275047302246094,6,48,31,1.516129
35,16,4078,00:00:00.8090000,52,11008,13250,37682003,40129843,25799032,65928875,1110812,67039687,8.286678683189956,9.366600255818248,0.36309999227523804,6,52,33,1.5454545
35,17,4106,00:00:01.1230000,55,23176,26721,84342758,90963836,42195596,133159432,1381642,134541074,9.348384955588006,11.615093736358277,0.28826552629470825,8,55,33,1.6363636
35,18,4125,00:00:01.5450000,57,49825,55227,189072109,206493773,67300834,273794607,1675576,275470183,10.431797637588101,11.042961083315785,0.2516760528087616,7,57,35,1.6
35,19,4136,00:00:02.1530000,58,99431,106893,392748942,434057211,98846004,532903215,1944525,534847740,11.511144574897417,9.494285602422,0.2265794277191162,8,59,40,1.45
35,20,4145,00:00:03.2150000,67,214234,225134,867964365,971299681,155149603,1126449284,2297220,1128746504,12.45265419853959,8.044819158783266,0.269128680229187,8,68,49,1.3673469
36,0,1369,00:00:00.0230000,2,2,2,579,579,425,1004,1430,2434,1.001727115716753,1.0034601740759692,0,1,2,1,1
36,1,1609,00:00:00.0330000,1,1,2,988,988,1015,2003,2751,4754,1,1,0,0,1,1,0
36,2,1897,00:00:00.0370000,2,2,3,1688,1688,2316,4004,5279,9283,1.0260663507109005,1.0534896916013448,0,1,2,1,1
36,3,2188,00:00:00.0400000,2,2,4,3137,3137,4864,8001,9353,17354,1.2572521517373287,1.6185078815144816,0,1,2,1,1
36,4,2430,00:00:00.0590000,2,3,7,6136,6139,9884,16023,14789,30812,1.6701434159061277,1.792443726147868,0,1,2,1,1
36,5,2648,00:00:00.0620000,3,5,10,11428,11438,20643,32081,22856,54937,1.890182009100455,1.2644710463744528,0,2,3,1,2
36,6,2889,00:00:00.0660000,5,13,21,20199,20241,43837,64078,37125,101203,2.0328234070993614,1.2158706218662176,0.03558693081140518,2,5,3,1.3333334
36,7,3134,00:00:00.0940000,9,26,44,38617,38753,89527,128280,60218,188498,2.3762591604733667,2.14698658457596,0.1521795690059662,3,9,6,1.3333334
36,8,3351,00:00:00.1040000,15,45,76,77904,78426,178038,256464,92824,349288,2.8229487574450607,2.7831881811809835,0.2537401616573334,2,15,13,1.0769231
36,9,3545,00:00:00.1170000,20,92,141,160852,161989,351571,513560,139157,652717,3.318578569119439,3.694982280282796,0.2427166998386383,3,20,16,1.1875
36,10,3718,00:00:00.1370000,24,171,254,329257,332809,693453,1026262,205345,1231607,3.781890741882481,3.7305369941232196,0.24007828533649445,3,24,20,1.15
36,11,3878,00:00:00.1710000,31,313,458,675157,684666,1367694,2052360,302620,2354980,4.272142627566625,4.896328357527115,0.21545922756195068,4,31,25,1.2
36,12,4013,00:00:00.2240000,36,590,839,1466640,1501243,2601382,4102625,432266,4534891,4.968924889543446,8.009063456607771,0.2065558135509491,5,37,27,1.3333334
36,13,4107,00:00:00.2970000,43,1216,1656,3511142,3602384,4636917,8239301,575225,8814526,5.94374707716179,11.036893402792137,0.257127583026886,6,43,31,1.3548387
36,14,4171,00:00:00.3910000,40,2593,3333,8169195,8458515,7976627,16435142,729581,17164723,6.937201033884,9.488106165350672,0.2632652223110199,6,40,25,1.56
36,15,4210,00:00:00.5100000,43,5601,6739,19735916,20496251,12885389,33381640,878997,34260637,8.134743125173415,4.451767543291742,0.25045812129974365,8,43,27,1.5555556
36,16,4231,00:00:00.6230000,39,11793,13374,44625746,46922534,19068749,65991283,1005923,66997206,9.413804891911498,4.425339733454467,0.17723946273326874,9,39,25,1.52
36,17,4244,00:00:00.8010000,47,24118,26301,98715910,103716703,27801874,131518577,1130566,132649143,10.509525941664318,5.05488554134675,0.13883891701698303,10,48,33,1.4242424
36,18,4254,00:00:01.0960000,52,51383,54503,216788886,229466656,42564009,272030665,1283520,273314185,11.468735772736984,7.098798496081154,0.09592477232217789,11,53,36,1.4444444
36,19,4261,00:00:01.5150000,46,109751,114196,469296460,503545031,64880914,568425945,1455677,569881622,12.527306702888831,10.13632337558825,0.13627243041992188,10,47,32,1.4375
36,20,4266,00:00:02.1550000,44,227790,234181,983811289,1068488757,99060846,1167549603,1654506,1169204109,13.419282629313273,8.990911435773658,0.1581481397151947,8,45,30,1.4666667
37,0,1316,00:00:00.0230000,1,1,1,574,574,429,1003,1382,2385,1,1,0,0,1,1,0
37,1,1559,00:00:00.0330000,2,2,2,986,986,1021,2007,2724,4731,1.0050709939148073,1.0101933957187508,0,1,2,1,1
37,2,1835,00:00:00.0370000,3,3,3,1716,1716,2289,4005,5176,9181,1.0297202797202798,1.0614104536059552,0.010246261954307556,1,3,2,1
37,3,2132,00:00:00.0500000,3,5,8,3080,3083,4927,8010,9400,17410,1.231818181818182,1.5930127402085825,0.1589030623435974,1,3,2,1
37,4,2379,00:00:00.0710000,3,5,8,5994,5996,10014,16010,15061,31071,1.6691691691691692,2.5104645355161956,0.521331250667572,1,3,2,1
37,5,2599,00:00:00.0740000,4,6,13,11399,11411,20644,32055,23142,55197,1.8956048776208438,1.9069937435524347,0.6935683488845825,2,4,2,1.5
37,6,2846,00:00:00.0790000,6,13,25,20042,20096,44071,64167,37794,101961,1.995559325416625,1.7574972214617377,0.7300722599029541,2,6,4,1.25
37,7,3108,00:00:00.0860000,13,25,41,37450,37488,90670,128158,62364,190522,2.2991188251001335,2.773334543140242,0.5591912269592285,3,13,8,1.5
37,8,3295,00:00:00.0930000,15,42,73,88391,88646,168476,257122,90218,347340,3.2273760903259383,5.016750730358231,0.3668873608112335,4,15,9,1.5555556
37,9,3428,00:00:00.1030000,15,85,127,195640,196453,316284,512737,122104,634841,3.8345328153751788,3.296741709863344,0.30327996611595154,4,16,9,1.6666666
37,10,3551,00:00:00.1170000,16,170,242,399135,402369,622818,1025187,169454,1194641,4.283585754193443,3.6058354092212377,0.31304365396499634,5,17,9,1.7777778
37,11,3669,00:00:00.1410000,20,327,454,805930,815835,1238555,2054390,241445,2295835,4.699432953234152,3.454031390571976,0.42402735352516174,4,20,13,1.4615384
37,12,3782,00:00:00.1870000,24,611,867,1617815,1645732,2451624,4097356,350978,4448334,5.136987850897661,3.8767714747343107,0.3843672573566437,5,25,16,1.5
37,13,3883,00:00:00.2710000,29,1286,1759,3412131,3508710,4728606,8237316,505877,8743193,5.755459857783889,5.629311869529508,0.3087892234325409,5,30,20,1.45
37,14,3958,00:00:00.3860000,38,2597,3420,7670700,7927516,8464629,16392145,686998,17079143,6.635126259663394,8.454236791819907,0.23398011922836304,6,39,27,1.4074074
37,15,4008,00:00:00.5350000,42,5531,6828,18213147,18988326,14325799,33314125,878571,34192696,7.728028769547624,8.503967934562553,0.24962325394153595,6,43,28,1.5
37,16,4039,00:00:00.7270000,46,11674,13662,41823728,44077275,23003208,67080483,1068866,68149349,8.80115777818754,6.56847393264212,0.2159411460161209,7,47,31,1.483871
37,17,4060,00:00:00.9970000,48,23968,26997,91036717,97237499,36388960,133626459,1273965,134900424,9.764297486694296,6.323129942230888,0.18203836679458618,7,49,32,1.5
37,18,4076,00:00:01.4120000,49,50163,54775,196557131,212280557,58760942,271041499,1522342,272563841,10.639506266501213,7.695778747840223,0.21465346217155457,7,49,33,1.4545455
37,19,4087,00:00:02.1180000,54,101287,108040,410717310,446898760,91060603,537959363,1790535,539749898,11.63365152299035,10.787467752897845,0.1651727855205536,8,55,37,1.4594594
37,20,4094,00:00:03.0120000,60,214599,223905,897944763,981812254,134317235,1116129489,2059969,1118189458,12.871390610248483,9.97506237684647,0.1439957171678543,9,61,41,1.4634147
38,0,1273,00:00:00.0370000,1,1,1,597,597,405,1002,1506,2508,1,1,0,0,1,1,0
38,1,1489,00:00:00.0480000,2,2,2,1037,1037,966,2003,2639,4642,1.0038572806171648,1.0077442657030031,0,1,2,1,1
38,2,1765,00:00:00.0510000,3,3,3,1732,1732,2283,4015,5100,9115,1.0733256351039262,1.1582197861068437,0.026160070672631264,1,3,2,1
38,3,2022,00:00:00.0640000,3,3,3,3285,3285,4748,8033,8739,16772,1.4118721461187214,1.9715253904438215,0.06971517205238342,1,3,2,1
38,4,2235,00:00:00.0830000,3,5,5,6230,6232,9770,16002,13604,29606,1.7446227929373996,1.6565510654414353,0.08211889863014221,1,3,2,1
38,5,2445,00:00:00.0930000,5,10,12,11598,11609,20452,32061,21238,53299,1.9255906190722538,1.2383438685831374,0.08423452824354172,2,5,3,1.3333334
38,6,2677,00:00:00.0980000,7,20,27,20627,20706,43302,64008,34913,98921,2.0848887380617636,1.333344318198777,0.07786685973405838,2,7,5,1.2
38,7,2905,00:00:00.1050000,13,29,45,40167,40328,87941,128269,56304,184573,2.469514775810989,2.829713623656827,0.11544501036405563,3,13,10,1.2
38,8,3111,00:00:00.1140000,16,43,71,80463,80878,175895,256773,87306,344079,2.8798951070678447,4.167210873519002,0.18703995645046234,3,17,13,1.2307693
38,9,3300,00:00:00.1270000,20,82,139,162552,163647,350200,513847,132635,646482,3.3397066784782714,4.5212633514944205,0.35265955328941345,3,20,14,1.3571428
38,10,3469,00:00:00.1470000,24,152,256,333983,337607,688168,1025775,197349,1223124,3.8350065721908,3.2902154969224187,0.36056333780288696,4,24,16,1.4375
38,11,3602,00:00:00.1740000,30,295,464,772069,780861,1278331,2059192,277447,2336639,4.717108185926388,5.353096143396125,0.4699143171310425,4,30,21,1.3809524
38,12,3693,00:00:00.2120000,26,604,870,1785609,1820623,2294983,4115606,365399,4481005,5.530738252327358,4.736407069404977,0.43039488792419434,5,27,18,1.4444444
38,13,3773,00:00:00.2790000,29,1228,1679,3780726,3874377,4341351,8215728,488850,8704578,6.038439707082714,4.657779071060699,0.3749079704284668,5,30,21,1.3809524
38,14,3847,00:00:00.3900000,40,2603,3426,7902393,8147259,8328232,16475491,669430,17144921,6.6245570170959605,6.568035025117529,0.3047754168510437,6,41,27,1.4814814
38,15,3893,00:00:00.5230000,40,5457,6736,18739411,19484572,13721379,33205951,843860,34049811,7.93582791903118,9.313783682601004,0.2865481972694397,8,41,24,1.6666666
38,16,3917,00:00:00.6870000,41,11871,13690,45751391,47458521,20644528,68103049,989981,69093030,9.347044158722955,6.924842471030014,0.16640157997608185,8,42,26,1.5769231
38,17,3930,00:00:00.8830000,43,24823,27279,102069179,106595327,29527429,136122756,1117211,137239967,10.513461561202526,4.0613811038898895,0.11565752327442169,8,43,29,1.4482758
38,18,3940,00:00:01.1600000,46,50064,53534,210908446,222633399,44500740,267134139,1272536,268406675,11.261537610494745,2.6097783182616423,0.06788593530654907,8,47,37,1.2432432
38,19,3950,00:00:01.7680000,53,104997,110551,441872458,475320680,76239299,551559979,1520440,553080419,11.826585525726522,2.462604161060666,0.04976089298725128,10,54,39,1.3589743
38,20,3958,00:00:02.7060000,66,204233,213026,858764270,935779292,127441645,1063220937,1831797,1065052734,12.42815084982518,3.48059827128558,0.04842495173215866,9,67,51,1.2941177
3,0,1246,00:00:00.0230000,1,1,1,581,581,424,1005,1502,2507,1,1,0,0,1,1,0
3,1,1469,00:00:00.0330000,1,1,1,1020,1020,984,2004,2649,4653,1,1,0,0,1,1,0
3,2,1763,00:00:00.0520000,2,2,3,1691,1691,2324,4015,5259,9274,1.004139562389119,1.0083133554319865,0,1,2,1,1
3,3,2093,00:00:00.0730000,5,6,8,2977,2978,5025,8003,9961,17964,1.0937185085656702,1.206205283815227,0.020531851798295975,1,5,4,1
3,4,2388,00:00:00.1050000,6,6,10,5705,5705,10319,16024,16679,32703,1.511831726555653,2.095247052317022,0.0781090185046196,1,6,5,1
3,5,2627,00:00:00.1160000,7,9,15,11024,11031,20993,32024,25379,57403,1.8365384615384615,1.516389979055442,0.10784341394901276,2,7,5,1.2
3,6,2871,00:00:00.1220000,11,20,29,20286,20329,43720,64049,39622,103671,2.046435965690624,1.4113249135032666,0.10928339511156082,3,11,8,1.25
3,7,3077,00:00:00.1280000,13,25,44,43929,44070,84024,128094,58618,186712,2.800473491315532,3.0328770091891397,0.06647104769945145,4,13,9,1.3333334
3,8,3204,00:00:00.1340000,12,57,86,104069,104781,152574,257355,77437,334792,3.625786737645216,2.1897837532313376,0.0352603904902935,4,12,8,1.375
3,9,3312,00:00:00.1430000,12,111,152,217675,219969,294464,514433,103450,617883,4.135702308487424,2.1953571200450157,0.03206438943743706,4,12,8,1.375
3,10,3411,00:00:00.1560000,15,185,258,449068,454152,572850,1027002,141196,1168198,4.628746648614464,2.8900942577213535,0.10366394370794296,5,15,9,1.5555556
3,11,3498,00:00:00.1760000,19,373,490,951625,965124,1097797,2062921,193854,2256775,5.223874950742152,3.747697039226037,0.11837570369243622,5,19,13,1.3846154
3,12,3569,00:00:00.2150000,25,719,915,2024405,2061395,2036973,4098368,262322,4360690,5.88171981397003,4.537980264161466,0.12135873734951019,5,25,19,1.2631578
3,13,3631,00:00:00.2690000,27,1410,1781,4284601,4398708,3831259,8229967,357566,8587533,6.466562464042743,4.821605603414181,0.13597916066646576,5,27,20,1.3
3,14,3686,00:00:00.3580000,34,2772,3472,8883259,9171487,7219358,16390845,491746,16882591,7.0259426185817615,5.522986817842873,0.14174175262451172,5,34,26,1.2692307
3,15,3733,00:00:00.5100000,42,5658,6940,18977680,19746147,13352004,33098151,673233,33771384,7.733392912094629,7.620848953473789,0.13170607388019562,6,42,31,1.3225807
3,16,3768,00:00:00.7440000,45,11478,13517,40430057,42667124,23252627,65919751,887513,66807264,8.542942766565973,10.144431419907326,0.21421349048614502,8,45,31,1.4193548
3,17,3793,00:00:01.0830000,48,23482,26703,88093452,93974565,38411642,132386207,1127771,133513978,9.582226974145593,13.645512183059274,0.283455491065979,10,49,29,1.6551725
3,18,3805,00:00:01.4060000,44,49234,53519,198915164,212323288,54155622,266478910,1307662,267786572,11.187413529719635,10.776064502117729,0.3691711127758026,9,44,26,1.6538461
3,19,3812,00:00:01.8460000,41,112391,117981,481659825,512422025,75672428,588094453,1479597,589574050,12.633513162531253,8.264504435357242,0.24085471034049988,9,41,25,1.6
3,20,3816,00:00:02.3440000,37,209052,215979,911971220,977315114,101897766,1079212880,1636063,1080848943,13.422956130128755,6.128287090700018,0.21460887789726257,9,38,21,1.7619047
39,0,1045,00:00:00.0230000,2,2,2,595,595,407,1002,1187,2189,1.0201680672268907,1.041148944725581,0,1,2,1,1
39,1,1264,00:00:00.0340000,2,2,2,1031,1031,971,2002,2397,4399,1.0950533462657615,1.207782662222412,0,1,2,1,1
39,2,1459,00:00:00.0360000,3,3,3,1938,1938,2065,4003,4097,8100,1.4427244582043344,2.0096571135401744,0,2,3,1,2
39,3,1618,00:00:00.0540000,3,3,3,3834,3834,4181,8015,6352,14367,1.8886280646844027,2.2216386876209446,0,2,3,1,2
39,4,1744,00:00:00.0590000,3,3,5,7795,7795,8285,16080,9204,25284,2.350481077613855,2.373130738981813,0,2,3,1,2
39,5,1862,00:00:00.0720000,3,5,8,15158,15160,16964,32124,13550,45674,2.670141179575142,1.7736694464770217,0,2,3,1,2
39,6,1989,00:00:00.0770000,4,12,20,27913,27935,36368,64303,21183,85486,2.85601690968366,1.3256394596294558,0,3,4,1,3
39,7,2133,00:00:00.0800000,6,18,30,50605,50695,77838,128533,34864,163397,2.981879260942595,1.2018472293726647,0.008559071458876133,4,6,2,2.5
39,8,2265,00:00:00.1030000,8,49,65,105506,105832,151600,257432,54533,311965,3.696927188975035,2.1203115391795717,0.02696840465068817,4,8,4,1.75
39,9,2351,00:00:00.1080000,8,104,133,242180,244016,272012,516028,75211,591239,4.5040961268477995,1.8119552734987612,0.024181365966796875,4,8,4,1.75
39,10,2430,00:00:00.1180000,12,183,242,500394,505513,526673,1032186,105716,1137902,4.930015148063326,1.598103742593526,0.020224856212735176,5,12,7,1.5714285
39,11,2505,00:00:00.1340000,14,353,459,1010462,1025177,1024728,2049905,151408,2201313,5.416574794499941,2.38002014126259,0.1292586326599121,4,14,10,1.3
39,12,2568,00:00:00.1600000,17,698,876,2150695,2188800,1911960,4100760,212022,4312782,6.088319357231034,3.486175365636458,0.17580221593379974,5,17,12,1.3333334
39,13,2623,00:00:00.2060000,23,1366,1682,4576833,4681273,3611411,8292684,296733,8589417,6.667801949513998,3.0687078886159767,0.17081987857818604,6,23,16,1.375
39,14,2672,00:00:00.3050000,27,2715,3306,9328211,9655797,6808230,16464027,416680,16880707,7.213050819712376,3.6415621011670276,0.15132774412631989,6,27,20,1.3
39,15,2706,00:00:00.3870000,34,5808,6771,21526369,22364372,11418898,33783270,545789,34329059,8.49573051544364,6.906008755369332,0.13730987906455994,7,34,23,1.4347826
39,16,2720,00:00:00.4630000,37,12560,13841,50785748,52934638,15874995,68809633,630662,69440295,10.179664105764475,6.514151945632156,0.16719384491443634,9,37,25,1.44
39,17,2727,00:00:00.5410000,31,26030,27665,111491714,116423777,21016970,137440747,698613,138139360,11.51302339831281,4.217540043760802,0.21804505586624146,8,31,20,1.5
39,18,2733,00:00:00.7230000,32,56878,59088,251278251,262954996,30949942,293904938,793453,294698391,12.382389126864783,3.118506464179832,0.16253724694252014,9,32,21,1.4761904
39,19,2738,00:00:00.9940000,28,110982,114147,490102623,520528006,48460720,568988726,920561,569909287,12.87728810829074,2.9965683464088437,0.2747515141963959,7,28,19,1.4210526
39,20,2743,00:00:01.5730000,37,210730,215814,928864178,996150971,82692750,1078843721,1116995,1079960716,13.204786370822882,3.2848405357122705,0.20641599595546722,7,37,27,1.3333334
40,0,980,00:00:00.0200000,1,1,2,572,572,432,1004,1375,2379,1,1,0,0,1,1,0
40,1,1226,00:00:00.0330000,1,1,3,1019,1019,988,2007,2684,4691,1,1,0,0,1,1,0
40,2,1527,00:00:00.0470000,1,1,4,1713,1713,2298,4011,5285,9296,1,1,0,0,1,1,0
40,3,1873,00:00:00.0680000,1,1,6,2824,2824,5178,8002,10300,18302,1,1,0,0,1,1,0
40,4,2305,00:00:00.0790000,1,3,11,4786,4788,11229,16017,20150,36167,1,1,0,0,1,1,0
40,5,2833,00:00:00.0870000,5,6,17,7924,7930,24103,32033,39969,72002,1.0918727915194346,1.2081422403773745,0.07835346460342407,1,5,4,1
40,6,3228,00:00:00.1070000,11,18,32,17487,17526,46507,64033,62845,126878,1.7537027506147425,4.020899998519877,0.42490485310554504,2,11,8,1.25
40,7,3484,00:00:00.1150000,14,28,50,38823,38912,89464,128376,86643,215019,2.4222496973443577,5.828633409265384,0.41794055700302124,2,14,11,1.1818181
40,8,3694,00:00:00.1240000,15,45,80,79019,79327,177300,256627,118331,374958,2.824232146698895,3.934188008166505,0.41138818860054016,3,15,10,1.4
40,9,3906,00:00:00.1380000,17,85,138,151277,152250,361234,513484,169324,682808,3.163990560362778,4.191164140282927,0.48836231231689453,4,17,10,1.6
40,10,4063,00:00:00.1560000,20,167,262,359823,362736,662093,1024829,228594,1253423,4.142055955289128,4.085534735982321,0.403158038854599,4,21,13,1.5384616
40,11,4170,00:00:00.1780000,20,307,459,841477,853838,1204886,2058724,293506,2352230,4.921302661867169,2.701855303252261,0.3234359323978424,5,21,13,1.5384616
40,12,4260,00:00:00.2140000,23,630,876,1818601,1852710,2267567,4120277,380810,4501087,5.523721805937641,3.346258266280879,0.10658303648233414,5,24,17,1.3529412
40,13,4339,00:00:00.2770000,25,1266,1682,3843775,3941490,4310338,8251828,502587,8754415,6.0885845295315155,4.866048746513823,0.09891365468502045,5,26,19,1.3157895
40,14,4413,00:00:00.4000000,28,2606,3398,7797143,8099148,8390254,16489402,684688,17174090,6.526550430074195,6.3605875537263765,0.12864656746387482,5,29,18,1.5555556
40,15,4487,00:00:00.6110000,41,5168,6693,15304650,16111267,16699629,32810896,973367,33784263,6.8858366574864505,7.482069906690049,0.3301568031311035,5,41,28,1.4285715
40,16,4558,00:00:01.0150000,61,10448,13438,31144363,33272521,32677410,65949931,1409268,67359199,7.444000797190811,11.99353905072568,0.37765002250671387,5,61,36,1.6666666
40,17,4603,00:00:01.4610000,69,21898,26668,71814182,77246249,54174774,131421023,1838447,133259470,8.6969377580601,17.268783029217577,0.35501182079315186,7,69,39,1.7435898
40,18,4628,00:00:02.0080000,70,47206,54182,169868251,184701499,83317353,268018852,2221693,270240545,9.940600289102877,7.651620251440441,0.25754374265670776,6,70,47,1.468085
40,19,4645,00:00:02.9490000,75,97957,108082,374197528,409178951,128488175,537667126,2636960,540304086,10.973673110422045,7.402343753362573,0.25958988070487976,6,75,50,1.48
40,20,4653,00:00:03.9040000,61,206124,219055,837968150,919786918,173272049,1093058967,2938862,1095997829,12.702401511322357,5.593324911462387,0.17600086331367493,7,61,43,1.3953488
41,0,806,00:00:00.0190000,1,1,1,591,591,410,1001,1218,2219,1,1,0,0,1,1,0
41,1,1050,00:00:00.0300000,1,1,1,999,999,1006,2005,2489,4494,1,1,0,0,1,1,0
41,2,1339,00:00:00.0350000,2,2,2,1721,1721,2283,4004,5014,9018,1.0133643230679836,1.0270857086072105,0,1,2,1,1
41,3,1639,00:00:00.0400000,3,3,4,3058,3058,4950,8008,9216,17224,1.1909744931327666,1.4500202999177625,0.025631112977862358,1,3,2,1
41,4,1883,00:00:00.0690000,6,6,10,6057,6057,9970,16027,14774,30801,1.6631996037642398,2.1259064470846956,0.09294779598712921,2,6,4,1.25
41,5,2074,00:00:00.0730000,6,9,14,12417,12422,19620,32042,21657,53699,2.1803978416686802,2.6422367390006882,0.15779855847358704,2,6,4,1.25
41,6,2233,00:00:00.0760000,6,10,19,25120,25153,38977,64130,31085,95215,2.6097133757961783,3.7697326398251048,0.2919262945652008,2,6,4,1.25
41,7,2391,00:00:00.0800000,8,16,31,47995,48045,80428,128473,46150,174623,2.855359933326388,3.348886027896777,0.38954049348831177,3,8,4,1.75
41,8,2566,00:00:00.0870000,12,38,66,87329,87467,169218,256685,72680,329365,3.0327840694385597,3.3738536973599538,0.4174807369709015,4,12,6,1.8333334
41,9,2728,00:00:00.0970000,14,70,119,184151,185091,327435,512526,111010,623536,3.8193276170099537,6.352380394122549,0.5535192489624023,4,14,8,1.625
41,10,2803,00:00:00.1050000,14,171,237,500877,504249,529483,1033732,139223,1172955,5.190404031329049,2.3921112516135943,0.23195020854473114,4,14,8,1.625
41,11,2863,00:00:00.1180000,15,334,446,1090222,1104444,955571,2060015,175971,2235986,5.697014919897049,1.436484334341621,0.15944452583789825,5,16,10,1.5
41,12,2929,00:00:00.1430000,21,640,834,2144274,2176453,1942694,4119147,240613,4359760,5.919054188037537,1.2689560111280396,0.07456188648939133,6,22,15,1.4
41,13,3003,00:00:00.2020000,30,1306,1683,4064924,4152858,4086106,8238964,355442,8594406,6.14348607747648,1.4836285708939891,0.042572107166051865,7,31,22,1.3636364
41,14,3054,00:00:00.2780000,29,2725,3340,9390628,9691177,6935804,16626981,475801,17102782,7.5981091999384915,4.10966050539758,0.11142374575138092,6,29,22,1.2727273
41,15,3075,00:00:00.3400000,31,5782,6627,22472871,23244645,9988299,33232944,556634,33789578,8.931426474169678,4.927836509714989,0.20014280080795288,6,31,22,1.3636364
41,16,3093,00:00:00.4510000,33,12018,13318,48993626,50972239,16124459,67096698,668337,67765035,9.58840337720666,4.179279247489352,0.2989165484905243,6,33,24,1.3333334
41,17,3111,00:00:00.6710000,38,24349,26606,99425121,104402912,29168700,133571612,846462,134418074,9.964671936381148,4.444684864253407,0.30376413464546204,5,38,29,1.2758621
41,18,3130,00:00:01.1240000,45,49489,53784,197586966,211364112,57213900,268578012,1144903,269722915,10.308778829065071,5.877517829569369,0.30698055028915405,6,45,31,1.4193548
41,19,3148,00:00:02.1540000,61,100121,108306,394410390,429637691,110409920,540047611,1591306,541638917,10.822530078378513,9.769744542782863,0.48418378829956055,8,61,40,1.5
41,20,3160,00:00:03.6180000,72,213046,226046,856198205,944047148,181387932,1125435080,2054804,1127489884,12.146379641148629,16.334625395596,0.3810282051563263,9,72,44,1.6136364
42,0,1279,00:00:00.0410000,2,2,3,596,596,406,1002,1270,2272,1.0083892617449663,1.0169192069813213,0,1,2,1,1
42,1,1517,00:00:00.0520000,2,2,4,1028,1028,974,2002,2573,4575,1.117704280155642,1.262148098719712,0,1,2,1,1
42,2,1724,00:00:00.0550000,2,2,4,1924,1924,2081,4005,4388,8393,1.4407484407484408,1.9723029823124831,0,1,2,1,1
42,3,1895,00:00:00.0740000,2,2,4,3716,3716,4306,8022,6788,14810,1.702637244348762,1.7178478994956172,0,1,2,1,1
42,4,2071,00:00:00.0770000,4,7,10,6786,6793,9263,16056,10776,26832,1.8735632183908046,1.30659577274622,0,2,4,2,1.5
42,5,2265,00:00:00.0900000,6,11,17,12098,12120,19890,32010,17825,49835,2.0000826582906264,1.1890891700881443,0.038695018738508224,2,6,4,1.25
42,6,2474,00:00:00.0940000,8,15,21,21920,21952,42202,64154,30224,94378,2.234124087591241,1.7410289875606553,0.18839603662490845,2,8,6,1.1666666
42,7,2674,00:00:00.1000000,8,30,39,42561,42727,85367,128094,49175,177269,2.6040741523930357,3.8275258574604756,0.4627128541469574,2,8,6,1.1666666
42,8,2873,00:00:00.1090000,11,51,72,80727,81066,175173,256239,79342,335581,2.8774759374187076,4.452926554261407,0.6136407852172852,2,11,7,1.4285715
42,9,3080,00:00:00.1240000,19,95,143,152636,153753,358516,512269,129087,641356,3.1767735003537827,5.503183245109555,0.6716148853302002,3,19,12,1.5
42,10,3236,00:00:00.1440000,27,182,282,369206,372749,654136,1026885,187207,1214092,4.297408492819726,10.118055556319666,0.42960482835769653,6,27,15,1.7333333
42,11,3293,00:00:00.1570000,24,381,520,1101191,1116924,965724,2082648,220420,2303068,6.286208296290107,7.248290076068077,0.2507791519165039,7,24,13,1.7692307
42,12,3319,00:00:00.1690000,22,762,950,2750093,2793405,1401814,4195219,245520,4440739,7.491820458435406,4.746792660838102,0.12418541312217712,7,23,13,1.6923077
42,13,3340,00:00:00.1900000,25,1519,1764,5890759,5997091,2238671,8235762,277997,8513759,8.098508528357721,4.3057853551416425,0.09052211046218872,8,26,15,1.6666666
42,14,3362,00:00:00.2330000,26,3069,3458,12172255,12517325,4111168,16628493,331998,16960491,8.52121919890768,4.021900221750611,0.08952603489160538,8,27,16,1.625
42,15,3384,00:00:00.2940000,34,6097,6785,24618828,25421386,7953462,33374848,417903,33792751,8.93177591557161,4.415335508760791,0.12824216485023499,8,34,22,1.5
42,16,3403,00:00:00.3980000,36,12252,13386,49825030,51958726,14661742,66620468,535019,67155487,9.55005704963951,4.992195197510431,0.19235950708389282,7,36,23,1.5217391
42,17,3419,00:00:00.6070000,39,25439,27452,104508306,110114267,26460995,136575262,692419,137267681,10.267990297345362,4.201959016736729,0.2633310556411743,7,39,25,1.52
42,18,3432,00:00:00.9370000,44,50285,53699,207831519,221073730,46298456,267372186,895837,268268023,10.858486301108158,3.9499965864213427,0.20851433277130127,6,44,31,1.3870968
42,19,3444,00:00:01.6080000,46,99371,105179,407710322,442363093,83050684,525413777,1189829,526603606,11.371845275479682,4.319392161800215,0.1534143090248108,6,46,32,1.40625
42,20,3456,00:00:03.0360000,51,211557,222428,851805896,952289053,158994126,1111283179,1660172,1112943351,11.990892284220582,5.474610612275182,0.13929161429405212,7,51,33,1.5151515
43,0,1027,00:00:00.0330000,1,1,1,586,586,415,1001,1200,2201,1,1,0,0,1,1,0
43,1,1258,00:00:00.0440000,2,2,2,1015,1015,992,2007,2439,4446,1.0019704433497536,1.0039487054518088,0,1,2,1,1
43,2,1534,00:00:00.0470000,3,3,3,1724,1724,2286,4010,4878,8888,1.0464037122969838,1.097923658777187,0.027072304859757423,1,3,2,1
43,3,1813,00:00:00.0600000,4,4,4,3191,3191,4819,8010,8778,16788,1.2591664055155123,1.664637818540293,0.15604925155639648,2,4,2,1.5
43,4,2034,00:00:00.0800000,4,4,6,6388,6388,9640,16028,13805,29833,1.83703819661866,3.074469554970643,0.4283108115196228,2,4,2,1.5
43,5,2192,00:00:00.0820000,4,5,7,13461,13466,18688,32154,19605,51759,2.408662060768145,2.6597363319866134,0.3666023910045624,2,4,2,1.5
43,6,2330,00:00:00.0840000,5,6,11,26950,26951,37302,64253,27707,91960,2.741410018552876,1.627506235466116,0.23019090294837952,3,5,2,2
43,7,2481,00:00:00.0870000,5,16,25,49017,49119,79244,128363,42165,170528,2.911010465756778,1.2505985617817528,0.11194940656423569,3,5,2,2
43,8,2652,00:00:00.0930000,8,36,57,88397,88634,167861,256495,67978,324473,3.04715092141136,1.269717893014282,0.045272551476955414,3,8,5,1.4
43,9,2836,00:00:00.1040000,12,80,117,165646,166385,347436,513821,112408,626229,3.365363485988192,2.034990067362997,0.03704181686043739,4,13,9,1.3333334
43,10,2996,00:00:00.1200000,12,159,229,347871,352059,673811,1025870,173330,1199200,3.962940285335656,3.4693770063580964,0.16969893872737885,3,12,9,1.2222222
43,11,3129,00:00:00.1460000,20,310,447,746615,756267,1294106,2050373,254264,2304637,4.535166049436457,3.655158584201966,0.1662154495716095,3,20,16,1.1875
43,12,3257,00:00:00.1970000,25,614,890,1492594,1523213,2575386,4098599,378288,4476887,4.902434955520389,3.191153055336323,0.1741914302110672,3,25,20,1.2
43,13,3384,00:00:00.3160000,35,1196,1705,2960264,3073518,5149582,8223100,573545,8796645,5.341637435039577,4.654190739211382,0.22120964527130127,6,35,26,1.3076923
43,14,3455,00:00:00.4030000,29,2638,3440,7989633,8326156,8209285,16535441,738978,17274419,7.2199504032287845,5.567969511362709,0.43446967005729675,7,29,18,1.5555556
43,15,3484,00:00:00.4820000,27,5620,6737,20055900,20848533,11968806,32817339,850438,33667777,8.418629281159161,2.8234297686435417,0.2121296525001526,7,27,17,1.5294118
43,16,3509,00:00:00.6360000,36,11803,13527,44876532,46791266,19691477,66482743,1004304,67487047,9.101318123245353,3.122419646397404,0.14722642302513123,9,36,21,1.6666666
43,17,3525,00:00:00.8500000,39,25306,27743,102368331,107369833,30039745,137409578,1156387,138565965,10.602078537355464,5.8378871002968955,0.11019273102283478,11,40,25,1.56
43,18,3530,00:00:00.9870000,35,52552,55391,229303117,238670462,37157280,275827742,1231233,277058975,12.540072527666512,4.611441971010743,0.0658087357878685,12,36,22,1.5909091
43,19,3533,00:00:01.1710000,28,105840,109042,477874989,494954942,46320761,541275703,1302011,542577714,13.672587413860239,2.4843221282138677,0.05003032833337784,9,29,18,1.5555556
43,20,3536,00:00:01.5320000,20,221239,225069,1016825657,1053553505,65774500,1119328005,1415307,1120743312,14.335714914990584,1.6884764482487242,0.04294215142726898,8,20,12,1.5833334
44,0,1835,00:00:00.0450000,1,1,1,590,590,411,1001,1369,2370,1,1,0,0,1,1,0
44,1,2091,00:00:00.0550000,2,2,2,1004,1004,1003,2007,2727,4734,1.0268924302788844,1.055229044079572,0,1,2,1,1
44,2,2336,00:00:00.0590000,2,2,2,1810,1810,2198,4008,4894,8902,1.2143646408839779,1.5078973664169915,0,1,2,1,1
44,3,2535,00:00:00.0770000,3,4,4,3566,3567,4451,8018,7701,15719,1.632641615255188,1.8772949021885492,0,2,3,1,2
44,4,2713,00:00:00.0790000,3,5,7,6843,6854,9174,16028,11673,27701,1.8703784889668273,1.4256393833255692,0,2,3,1,2
44,5,2899,00:00:00.0830000,5,11,15,12429,12452,19607,32059,18518,50577,2.1080537452731516,1.5122423090827244,0.03997209295630455,2,5,3,1.3333334
44,6,3078,00:00:00.0960000,8,21,27,23959,24038,40075,64113,29017,93130,2.4873325263992654,2.217263243652057,0.0920991376042366,3,8,5,1.4
44,7,3241,00:00:00.1010000,10,35,49,47510,47747,80566,128313,44354,172667,2.895201010313618,2.201239100686977,0.11569980531930923,3,10,6,1.5
44,8,3388,00:00:00.1090000,10,58,87,96133,96951,159085,256036,66127,322163,3.343950568483247,2.733267164388596,0.1572127342224121,2,10,6,1.5
44,9,3529,00:00:00.1210000,16,107,150,190146,191649,321196,512845,99965,612810,3.709638909048836,2.411941975756694,0.16334114968776703,3,16,11,1.3636364
44,10,3673,00:00:00.1390000,22,188,264,363276,368493,655696,1024189,155042,1179231,3.9987502615091555,2.2877724864886826,0.16670078039169312,3,22,15,1.4
44,11,3817,00:00:00.1710000,35,328,455,717534,732642,1321545,2054187,242645,2296832,4.418391323616721,3.990446032604293,0.16841451823711395,4,36,25,1.4
44,12,3942,00:00:00.2250000,41,645,902,1519743,1568228,2544800,4113028,363042,4476070,5.038184087704303,9.217650077166589,0.20581215620040894,5,42,28,1.4642857
44,13,4043,00:00:00.3090000,49,1249,1748,3322440,3441981,4757873,8199854,517690,8717544,5.730806274906394,11.034061626069754,0.23986804485321045,5,50,31,1.5806452
44,14,4130,00:00:00.4540000,51,2581,3490,7123744,7482351,9033247,16515598,730258,17245856,6.334528865720048,10.94389284854878,0.35978320240974426,5,52,33,1.5454545
44,15,4208,00:00:00.6910000,60,5151,6777,14672707,15523999,17261769,32785768,1033289,33819057,6.830947827146007,11.268520739210343,0.3948487341403961,6,61,39,1.5384616
44,16,4280,00:00:01.1090000,75,10543,13603,30276040,32780759,33173128,65953887,1475717,67429604,7.381670786536152,15.502538915050376,0.41810718178749084,7,76,48,1.5625
44,17,4335,00:00:01.8410000,92,21601,26819,66166722,72607684,58881536,131489220,2005691,133494911,8.34069432969643,18.89087167992508,0.38920778036117554,8,93,57,1.6140351
44,18,4357,00:00:02.5360000,83,46507,53447,164968429,181727590,81759900,263487490,2329928,265817418,10.413141813940655,16.61155884319366,0.21331152319908142,9,84,51,1.627451
44,19,4366,00:00:03.0790000,65,105449,113978,417864811,459810448,106142865,565953313,2547609,568500922,12.215518188249645,11.478763376826537,0.1664583384990692,10,66,40,1.625
44,20,4371,00:00:03.7120000,57,202111,212401,839243380,919542023,136628918,1056170941,2740588,1058911529,13.132044371919859,8.769122021083469,0.1514148712158203,10,58,38,1.5
45,0,1150,00:00:00.0410000,1,1,1,587,587,417,1004,1273,2277,1,1,0,0,1,1,0
45,1,1389,00:00:00.0540000,1,1,1,1013,1013,989,2002,2558,4560,1,1,0,0,1,1,0
45,2,1670,00:00:00.0570000,2,2,2,1714,1714,2298,4012,5034,9046,1.0075845974329054,1.0152841812970783,0,1,2,1,1
45,3,1987,00:00:00.0610000,2,2,3,3043,3043,4978,8021,9455,17476,1.1114032205060795,1.246859624218007,0,1,2,1,1
45,4,2260,00:00:00.0810000,3,4,5,5907,5909,10131,16040,15610,31650,1.5567970204841712,2.0163207102450973,0,2,3,1,2
45,5,2481,00:00:00.0840000,4,7,11,11510,11517,20496,32013,23829,55842,1.9962641181581233,1.7728389642608275,0.01649371348321438,2,4,2,1.5
45,6,2667,00:00:00.0960000,4,13,17,23504,23575,40498,64073,34778,98851,2.470005105513955,2.164235031164995,0,3,4,1,3
45,7,2832,00:00:00.1000000,6,21,27,47013,47228,81213,128441,50450,178891,2.8665475506774722,1.851378521540635,0.014817587099969387,3,6,3,1.6666666
45,8,2984,00:00:00.1050000,9,49,65,94578,95352,161480,256832,73258,330090,3.310822812916323,2.3025959617325933,0.06260540336370468,4,9,5,1.6
45,9,3117,00:00:00.1150000,13,91,126,198388,200075,314765,514840,105144,619984,3.878339415690465,2.9529910373887716,0.09717930853366852,3,13,10,1.2
45,10,3230,00:00:00.1270000,18,166,238,421172,424639,605637,1030276,148453,1178729,4.434340364506663,3.2303083229358807,0.12108036130666733,4,18,13,1.3076923
45,11,3334,00:00:00.1480000,19,305,451,862673,873090,1185323,2058413,212002,2270415,4.89524883704486,3.1679168485701212,0.12970706820487976,4,19,14,1.2857143
45,12,3433,00:00:00.1890000,21,631,888,1739822,1769665,2339778,4109443,308261,4417704,5.32580344426039,3.787348236653031,0.13114970922470093,4,21,16,1.25
45,13,3531,00:00:00.2720000,28,1255,1725,3431911,3527742,4680883,8208625,459796,8668421,5.697002632061262,3.8898093277454433,0.2063784897327423,4,28,20,1.35
45,14,3628,00:00:00.4250000,40,2512,3419,6790529,7055103,9335290,16390393,696697,17087090,6.107732401996958,4.5131544795663325,0.20300301909446716,5,40,30,1.3
45,15,3693,00:00:00.5910000,42,5324,6782,16609949,17434351,15644807,33079158,938374,34017532,7.699639896546341,6.964590873678211,0.18082047998905182,8,42,30,1.3666667
45,16,3713,00:00:00.7410000,32,11582,13449,43278028,45353160,20886217,66239377,1057485,67296862,9.609822425365593,4.417665482579751,0.17140881717205048,8,32,21,1.4761904
45,17,3724,00:00:00.8940000,36,25004,27394,102314137,106984322,28268775,135253097,1163829,136416926,10.828105083855617,3.1251015821383015,0.08829851448535919,8,36,25,1.4
45,18,3733,00:00:01.1290000,40,51804,55119,218541792,229626661,41967948,271594609,1303940,272898549,11.518964853184695,2.606487603815165,0.07151991873979568,8,40,27,1.4444444
45,19,3742,00:00:01.6920000,42,108394,113506,460743663,492881836,71425487,564307323,1529675,565836998,12.05535106838789,2.9456420662702616,0.10777835547924042,9,43,27,1.5555556
45,20,3749,00:00:02.5370000,52,205577,213418,870465519,944870486,117096579,1061967065,1803401,1063770466,12.604009660950165,4.344548009506051,0.10845538228750229,9,53,32,1.625
46,0,1115,00:00:00.0390000,2,2,2,661,661,348,1009,964,1973,1.4947049924357034,1.9997758486830137,0,1,2,1,1
46,1,1220,00:00:00.0490000,2,4,4,1238,1240,767,2007,1521,3528,1.6817447495961229,1.766589966841723,0,1,2,1,1
46,2,1346,00:00:00.0510000,3,3,4,2226,2226,1788,4014,2650,6664,1.8283917340521114,1.4077287536852396,0,2,3,1,2
46,3,1475,00:00:00.0690000,3,3,5,4028,4028,3996,8024,4519,12543,1.9299900695134062,1.202800269808123,0,2,3,1,2
46,4,1632,00:00:00.0720000,3,4,6,7163,7165,8889,16054,8075,24129,2.034622364930895,1.2047950985162692,0,2,3,1,2
46,5,1799,00:00:00.0750000,4,7,10,13118,13130,18916,32046,14180,46226,2.2572038420490927,1.6845456551148172,0.011935106478631496,2,4,2,1.5
46,6,1959,00:00:00.0870000,5,16,20,25271,25307,38980,64287,23606,87893,2.5824067112500493,1.9864609010052234,0.043195877224206924,3,5,2,2
46,7,2121,00:00:00.0930000,6,30,42,47192,47483,80781,128264,38954,167218,2.835480589930497,1.4864122836452602,0.05591778829693794,2,6,4,1.25
46,8,2295,00:00:00.1010000,14,51,73,87194,87843,168745,256588,65187,321775,3.048202857994816,1.4800377227176305,0.061544012278318405,2,14,12,1.0833334
46,9,2467,00:00:00.1130000,25,89,135,172459,173500,339861,513361,106338,619699,3.4942508074382896,2.987124760787856,0.10360512137413025,3,25,21,1.1428572
46,10,2605,00:00:00.1310000,25,191,267,379116,383892,644069,1027961,158679,1186640,4.191004863946655,5.521603076715162,0.18353663384914398,4,25,20,1.2
46,11,2719,00:00:00.1570000,33,314,472,809227,824868,1224074,2048942,227816,2276758,4.79448288304765,4.055278408063768,0.33805185556411743,4,33,25,1.28
46,12,2801,00:00:00.1900000,34,660,915,1924647,1962266,2171016,4133282,306046,4439328,5.8348902422106494,3.9527169341105166,0.27859237790107727,5,34,24,1.375
46,13,2860,00:00:00.2510000,28,1369,1801,4303736,4413588,3855069,8268657,397097,8665754,6.5383246091303,2.194434973079819,0.18921606242656708,5,28,19,1.4210526
46,14,2917,00:00:00.3430000,33,2669,3435,8768882,9041434,7391529,16432963,537252,16970215,6.925285116164181,1.9421100777296256,0.13039591908454895,6,33,24,1.3333334
46,15,2975,00:00:00.4970000,36,5429,6842,17414750,18213948,14682892,32896840,762469,33659309,7.326078008584677,2.6819102050176857,0.13425631821155548,6,36,27,1.2962962
46,16,3024,00:00:00.7690000,46,10971,13481,36163541,38391659,27174351,65566010,1060721,66626731,8.065659858917023,5.815612628868338,0.1370694488286972,7,47,32,1.4375
46,17,3053,00:00:01.0790000,55,23119,26841,83369174,89127515,43295110,132422625,1337311,133759936,9.36938092969471,10.37110959632626,0.1768549084663391,7,56,38,1.4473684
46,18,3070,00:00:01.5610000,48,48541,53915,185334777,201108748,65358511,266467259,1597758,268065017,10.498723264441622,9.6149828644453,0.2825711965560913,6,49,31,1.548387
46,19,3082,00:00:02.2620000,55,98073,105829,388401297,424992714,99415665,524408379,1888904,526297283,11.365250108832669,10.121165227588426,0.415964812040329,6,55,35,1.5428572
46,20,3092,00:00:03.4400000,68,209902,221550,854338815,944528619,160034331,1104562950,2274794,1106837744,12.313207417598134,11.153903740325758,0.4116499423980713,8,68,44,1.5227273
47,0,1077,00:00:00.0340000,1,1,1,557,557,446,1003,1537,2540,1,1,0,0,1,1,0
47,1,1304,00:00:00.0460000,1,2,2,1004,1005,998,2003,2729,4732,1,1,0,0,1,1,0
47,2,1601,00:00:00.0490000,2,2,2,1645,1645,2366,4011,5462,9473,1.0425531914893618,1.0887136406675861,0,1,2,1,1
47,3,1885,00:00:00.0600000,3,5,6,3070,3075,4931,8006,9585,17591,1.3029315960912051,1.7275156579295703,0,2,3,1,2
47,4,2095,00:00:00.0780000,4,5,7,6522,6524,9495,16019,14328,30347,1.8946642134314629,2.4709961172528727,0.11272481083869934,2,4,2,1.5
47,5,2246,00:00:00.1000000,4,7,10,13625,13635,18456,32091,19887,51978,2.4534311926605503,2.5740094208506927,0.26961854100227356,2,4,2,1.5
47,6,2382,00:00:00.1050000,5,8,13,26916,26926,37168,64094,27935,92029,2.766978748699658,1.8346388639213544,0.3750704526901245,3,5,2,2
47,7,2532,00:00:00.1080000,6,11,22,49372,49386,78910,128296,42286,170582,2.9301223365470306,1.487389648083525,0.4638098478317261,3,6,2,2.5
47,8,2701,00:00:00.1130000,5,34,62,89344,89637,167206,256843,67956,324799,3.083172904727794,1.5865431665942233,0.6543918251991272,2,5,2,2
47,9,2877,00:00:00.1230000,12,81,122,168527,169377,342844,512221,110445,622666,3.414847472511823,2.5071365586302363,0.8913736939430237,3,12,7,1.5714285
47,10,3034,00:00:00.1460000,14,160,241,353851,357852,670804,1028656,170463,1199119,3.9907673003608863,3.9061400592507116,0.7341071367263794,3,14,9,1.4444444
47,11,3166,00:00:00.1720000,19,302,454,749452,760183,1290639,2050822,250702,2301524,4.541683790289438,6.281384158898661,0.5539515614509583,4,20,11,1.7272727
47,12,3290,00:00:00.2220000,26,629,913,1524420,1563490,2546312,4109802,370907,4480709,4.993613308668214,7.9960377470445305,0.5653112530708313,5,27,15,1.7333333
47,13,3399,00:00:00.3230000,35,1255,1771,3244958,3360513,4876885,8237398,537627,8775025,5.6356766404988905,11.034450699635173,0.6102709174156189,5,36,24,1.4583334
47,14,3485,00:00:00.4370000,47,2595,3532,7121666,7424315,9007170,16431485,746939,17178424,6.346518356800221,10.443176759367486,0.5698933601379395,6,48,31,1.516129
47,15,3559,00:00:00.6370000,54,5071,6689,15244187,16139292,16905028,33044320,1033476,34077796,6.974200132811281,10.664546281865679,0.5161722898483276,6,55,35,1.5428572
47,16,3617,00:00:00.9870000,68,10686,13371,33140312,35339128,30308662,65647790,1387287,67035077,7.7693031978697125,16.766619830801876,0.4823593199253082,7,69,40,1.7
47,17,3657,00:00:01.4350000,70,22304,26762,75025637,81274333,51082264,132356597,1772787,134129384,8.805830745562346,13.806137252248938,0.455614298582077,8,71,41,1.7073171
47,18,3682,00:00:02.1850000,80,48147,54822,175145605,191157818,80624793,271782611,2154429,273937040,10.140235839774569,14.413578756936232,0.4418044686317444,9,81,47,1.7021277
47,19,3691,00:00:02.7590000,73,107873,116073,434391649,473332252,105143924,578476176,2372383,580848559,12.272535584587171,6.109514518561013,0.24552564322948456,10,74,44,1.6590909
47,20,3695,00:00:03.2760000,61,201257,210717,842835304,919990326,129472710,1049463036,2526101,1051989137,13.335488591493553,4.3974201109839655,0.14555872976779938,10,62,36,1.6944444
48,0,875,00:00:00.0200000,2,2,2,712,712,290,1002,746,1748,1.8665730337078652,1.3008103328525524,0,1,2,1,1
48,1,967,00:00:00.0290000,2,2,2,1315,1315,699,2014,1270,3284,1.935361216730038,1.137554501656413,0,1,2,1,1
48,2,1072,00:00:00.0450000,2,2,2,2341,2341,1682,4023,2197,6220,1.969243912857753,1.0634003049802065,0,1,2,1,1
48,3,1194,00:00:00.0590000,2,3,3,4193,4197,3841,8038,3883,11921,1.984736465537801,1.0309928441542369,0,1,2,1,1
48,4,1346,00:00:00.0650000,3,4,4,7251,7255,8825,16080,7323,23403,2.0035857123155427,1.0326367029057442,0,2,3,1,2
48,5,1534,00:00:00.0810000,5,9,11,12082,12094,19921,32015,14348,46363,2.0468465485846714,1.1030114166056775,0.017314810305833817,3,5,2,2
48,6,1715,00:00:00.0940000,5,16,22,24532,24623,39588,64211,24869,89080,2.6476031306049244,2.263079855690083,0.07453524321317673,2,5,3,1.3333334
48,7,1826,00:00:00.0970000,7,27,35,56602,56785,71586,128371,35273,163644,3.4651425744673334,1.9841255926903445,0.0485268197953701,3,7,4,1.5
48,8,1927,00:00:00.1010000,9,54,68,115298,115619,140429,256048,50527,306575,3.8210376589359747,1.3631426494928314,0.03227701038122177,3,9,6,1.3333334
48,9,2039,00:00:00.1210000,8,103,134,216067,218138,295825,513963,77609,591572,4.010922537916479,1.303012038197646,0.024225808680057526,3,8,5,1.4
48,10,2160,00:00:00.1350000,21,187,242,404783,409967,615351,1025318,123961,1149279,4.267481588900719,1.8188269035920497,0.024698108434677124,4,21,16,1.25
48,11,2274,00:00:00.1590000,29,316,431,827088,841466,1215558,2057024,193160,2250184,4.824567639719111,3.9330364426000677,0.21667957305908203,6,29,22,1.2727273
48,12,2348,00:00:00.1870000,31,661,858,2019845,2065970,2058788,4124758,262508,4387266,6.230204297854538,9.668099931510314,0.2987329959869385,6,31,20,1.5
48,13,2373,00:00:00.2070000,27,1432,1694,5309398,5435898,2833066,8268964,299858,8568822,8.024609381327224,7.092839800746056,0.20220516622066498,6,27,17,1.5294118
48,14,2389,00:00:00.2330000,30,3041,3387,12070027,12350062,4104324,16454386,338561,16792947,8.947536571376352,4.075934388042719,0.14735925197601318,7,30,20,1.45
48,15,2405,00:00:00.2860000,30,6386,6923,26270976,27022697,6984213,34006910,401160,34408070,9.475132024025298,2.879812495089563,0.11404987424612045,7,30,22,1.3181819
48,16,2421,00:00:00.3850000,32,12694,13674,52683610,54757681,13068261,67825942,501784,68327726,9.796605490777871,2.618042990588169,0.0947551429271698,8,32,23,1.3478261
48,17,2438,00:00:00.6080000,39,25239,27138,103766066,109617081,26094057,135711138,671308,136382446,10.108013317185986,2.9915638055163702,0.1300377994775772,8,39,25,1.52
48,18,2454,00:00:01.0650000,45,50245,53851,203650763,218926369,50309571,269235940,921620,270157560,10.612778381782935,4.628385058063672,0.17466814815998077,6,45,29,1.5172414
48,19,2467,00:00:01.8680000,57,104292,110619,425152819,461778597,90220418,551999015,1243249,553242264,11.419419345306046,8.03752611064793,0.19184260070323944,6,57,36,1.5555556
48,20,2476,00:00:02.9570000,64,204494,214405,837151619,925576984,146693942,1072270926,1594376,1073865302,12.220968367977319,9.188834400927014,0.20882749557495117,7,64,41,1.5365853
4,0,1239,00:00:00.0250000,1,1,1,581,581,421,1002,1357,2359,1,1,0,0,1,1,0
4,1,1486,00:00:00.0360000,2,2,2,974,974,1027,2001,2702,4703,1.0010266940451746,1.0020554881843955,0,1,2,1,1
4,2,1770,00:00:00.0400000,3,3,4,1726,1726,2282,4008,5167,9175,1.0034762456546928,1.0069821385339326,0,1,3,2,1
4,3,2094,00:00:00.0540000,3,3,6,2914,2914,5092,8006,9729,17735,1.0727522306108441,1.1564745832263625,0.01640186458826065,1,3,2,1
4,4,2397,00:00:00.0750000,3,6,11,5617,5625,10402,16027,16553,32580,1.4345736158091509,1.9937096046635676,0.05858181044459343,1,3,2,1
4,5,2649,00:00:00.0790000,4,7,16,10773,10779,21278,32057,25929,57986,1.8082242643646151,1.4937575105880394,0.0638880729675293,1,4,3,1
4,6,2907,00:00:00.0840000,5,11,25,19466,19482,44623,64105,41344,105449,1.9525326209801706,1.146690836480909,0.07069232314825058,2,5,3,1.3333334
4,7,3203,00:00:00.0920000,8,24,45,33837,33942,94252,128194,69316,197510,2.0463693589857255,1.1882002259024047,0.07657182216644287,2,8,6,1.1666666
4,8,3504,00:00:00.1050000,17,45,84,65763,66054,189950,256004,114361,370365,2.4425892979334884,2.392942907689869,0.09615343809127808,3,17,13,1.2307693
4,9,3754,00:00:00.1240000,23,92,156,139153,140197,372806,513003,174068,687071,3.0094931478300864,3.2115036591560786,0.13088755309581757,3,24,20,1.15
4,10,3957,00:00:00.1520000,29,180,288,299770,303918,720492,1024410,251291,1275701,3.585682356473296,3.5588887715556634,0.13931578397750854,4,30,22,1.3181819
4,11,4141,00:00:00.1970000,31,335,520,613460,630099,1425292,2055391,363102,2418493,4.057465849444137,3.469555806025787,0.24022245407104492,4,31,22,1.3636364
4,12,4296,00:00:00.2720000,43,632,948,1341521,1383552,2717971,4101523,511723,4613246,4.760235583341595,7.207796156245341,0.2823389172554016,5,44,31,1.3870968
4,13,4409,00:00:00.3640000,48,1353,1855,3166322,3271195,4946004,8217199,683528,8900727,5.665913953160796,8.378133252718465,0.40413787961006165,5,48,32,1.46875
4,14,4480,00:00:00.4940000,44,2714,3556,7779167,8112388,8396349,16508737,854223,17362960,6.796819376676192,8.586864716042568,0.305147260427475,5,44,29,1.4827586
4,15,4529,00:00:00.6370000,48,5637,7014,17893425,18748130,14323197,33071327,1043788,34115115,7.631869248061788,6.330806671469181,0.2501114010810852,6,49,34,1.4117647
4,16,4569,00:00:00.9020000,53,11461,13729,38441155,40612357,25171859,65784216,1289632,67073848,8.319811878701355,7.720710543303808,0.20248568058013916,7,54,41,1.2926829
4,17,4603,00:00:01.3270000,59,23644,27508,82436744,88617373,45277085,133894458,1622463,135516921,9.02870176434916,7.608987930959429,0.20971499383449554,8,60,44,1.3409091
4,18,4628,00:00:02.0250000,66,49134,55451,178327062,195811693,76633802,272445495,2008026,274453521,10.081198915282975,8.609531478835269,0.19192048907279968,9,67,46,1.4347826
4,19,4637,00:00:02.6880000,64,100367,108219,397672255,435938215,100688535,536626750,2222567,538849317,11.95378402750275,10.60101623748173,0.16126292943954468,9,64,43,1.4651163
4,20,4642,00:00:03.3450000,60,202088,211550,840591974,922258853,130196357,1052455210,2410953,1054866163,13.154579426189,8.328514858082197,0.1526140570640564,9,60,39,1.5128205
49,0,1236,00:00:00.0690000,1,1,1,599,599,407,1006,1230,2236,1,1,0,0,1,1,0
49,1,1476,00:00:00.0960000,1,1,1,972,972,1034,2006,2511,4517,1,1,0,0,1,1,0
49,2,1756,00:00:00.1100000,1,1,1,1721,1721,2288,4009,4995,9004,1,1,0,0,1,1,0
49,3,2102,00:00:00.1460000,2,2,2,2883,2883,5127,8010,9920,17930,1.0055497745404094,1.0111611735758985,0,1,2,1,1
49,4,2516,00:00:00.1580000,4,4,5,5009,5009,11021,16030,19453,35483,1.1429427031343582,1.3290954095648837,0.03656679391860962,1,4,3,1
49,5,2829,00:00:00.1840000,4,8,10,10168,10184,21841,32025,30913,62938,1.6663060582218725,2.000788523261944,0.16109076142311096,1,4,3,1
49,6,3099,00:00:00.1930000,5,13,22,19136,19167,44915,64082,46861,110943,1.9083403010033444,1.3963862309427182,0.22330772876739502,2,5,3,1.3333334
49,7,3399,00:00:00.2060000,10,24,40,33733,33812,94442,128254,75342,203596,2.0547831500311267,1.388180517154234,0.21101917326450348,2,10,8,1.125
49,8,3685,00:00:00.2370000,15,42,79,68013,68405,187785,256190,118344,374534,2.536765030214812,2.7855438324965056,0.1488225907087326,3,15,12,1.1666666
49,9,3893,00:00:00.2590000,17,79,137,157201,158268,354998,513266,167655,680921,3.312669766731764,3.3078476058618382,0.12041962146759033,3,18,15,1.1333333
49,10,4065,00:00:00.2870000,20,162,258,329908,332887,694741,1027628,233743,1261371,3.7812814481613057,1.9733418837534313,0.09268005192279816,4,21,17,1.1764706
49,11,4237,00:00:00.3400000,24,307,493,639033,649940,1403354,2053294,338827,2392121,4.102691097329872,2.0598793225115033,0.11511249095201492,4,24,20,1.15
49,12,4400,00:00:00.4310000,29,598,941,1295630,1335125,2768115,4103240,496218,4599458,4.615492077213402,4.497769062668374,0.20667000114917755,3,29,24,1.1666666
49,13,4533,00:00:00.5880000,42,1235,1835,2883892,2985684,5229077,8214761,699438,8914199,5.34021835769162,5.490978193474237,0.20197944343090057,4,42,34,1.2058823
49,14,4634,00:00:00.7780000,42,2460,3522,6566001,6878900,9554655,16433555,943879,17377434,6.183355591934878,5.542982179268665,0.22545556724071503,6,43,31,1.3548387
49,15,4700,00:00:01.0560000,46,5257,6887,15777360,16677634,16251319,32928953,1195835,34124788,7.310960642338135,9.420000856335001,0.39362603425979614,6,46,29,1.5517242
49,16,4737,00:00:01.3200000,51,11111,13520,38430883,40672063,25476553,66148616,1419799,67568415,8.596654154420548,10.999068633075215,0.3130241334438324,8,51,30,1.6666666
49,17,4757,00:00:01.6330000,52,23194,26493,88503745,93909115,37271365,131180480,1610729,132791209,9.897521602051981,11.495589605636182,0.27400627732276917,9,52,30,1.7
49,18,4770,00:00:02.1140000,47,49439,53999,199969309,213844006,55113399,268957405,1809858,270767263,10.972909582840035,7.604691600859433,0.24932211637496948,7,48,28,1.6785715
49,19,4780,00:00:02.8680000,46,100445,107006,411180748,447043580,85199482,532243062,2054974,534298036,11.68079586741741,6.5671647976538265,0.2503751218318939,8,47,26,1.7692307
49,20,4790,00:00:04.3870000,60,214441,225228,884670404,973325174,149640823,1122965997,2450140,1125416137,12.272582516505208,7.7269256089767,0.2336978316307068,8,61,38,1.5789474
5,0,1363,00:00:00.0230000,1,1,1,568,568,436,1004,1425,2429,1,1,0,0,1,1,0
5,1,1599,00:00:00.0340000,1,1,1,955,955,1047,2002,2767,4769,1,1,0,0,1,1,0
5,2,1886,00:00:00.0440000,1,1,1,1734,1734,2276,4010,5264,9274,1,1,0,0,1,1,0
5,3,2238,00:00:00.0720000,1,1,2,2832,2832,5183,8015,10358,18373,1,1,0,0,1,1,0
5,4,2682,00:00:00.0780000,2,3,4,4659,4662,11352,16014,20576,36590,1.0060098733633827,1.0120919854515047,0,1,2,1,1
5,5,3140,00:00:00.0900000,4,6,9,8762,8775,23239,32014,37446,69460,1.3274366582971924,1.8416488639040536,0.09815669804811478,1,4,3,1
5,6,3463,00:00:00.1040000,8,15,22,18473,18506,45659,64165,56231,120396,1.8678612028365722,1.933096609793107,0.1719016432762146,2,8,6,1.1666666
5,7,3715,00:00:00.1120000,16,26,42,38613,38690,89442,128132,79718,207850,2.418278818014658,2.5609403949908187,0.13403218984603882,3,16,12,1.25
5,8,3913,00:00:00.1240000,17,43,66,83127,83422,172976,256398,109319,365717,3.0207273208464156,2.8317118667268026,0.150019571185112,3,17,13,1.2307693
5,9,4075,00:00:00.1340000,18,82,126,176672,177716,335292,513008,148173,661181,3.5494702046730664,3.783273881857147,0.19088363647460938,4,19,14,1.2857143
5,10,4234,00:00:00.1510000,16,154,239,343162,347065,679506,1026571,209389,1235960,3.8597368006947157,3.3308542494555344,0.45330989360809326,3,16,10,1.5
5,11,4400,00:00:00.1830000,22,287,453,649744,662363,1385787,2048150,310833,2358983,4.143302593021251,3.9133814417203223,0.7440979480743408,4,22,15,1.4
5,12,4559,00:00:00.2480000,38,597,898,1315545,1355705,2740452,4096157,464027,4560184,4.653189362583568,7.079029792722316,0.6705622673034668,5,39,26,1.4615384
5,13,4675,00:00:00.3350000,52,1211,1724,3160731,3274928,4953675,8228603,639128,8867731,5.6894123542939905,12.534270363674626,0.6340921521186829,6,53,35,1.4857143
5,14,4750,00:00:00.4570000,53,2526,3377,7472244,7776708,8609538,16386246,820730,17206976,6.5894340441773585,8.808947997232044,0.5432568788528442,6,54,35,1.5142857
5,15,4813,00:00:00.6420000,55,5237,6722,16267929,17062832,15740123,32802955,1064164,33867119,7.215280691229966,9.525118597083933,0.5001548528671265,5,56,37,1.4864864
5,16,4868,00:00:00.9530000,69,10708,13289,34673236,36680479,29238686,65919165,1401635,67320800,7.849670247103559,13.578785596691484,0.490581214427948,7,70,48,1.4375
5,17,4911,00:00:01.3860000,69,22316,26745,74595587,80331616,52006780,132338396,1819034,134157430,8.654795879547137,19.38162589620429,0.4855099320411682,6,70,46,1.5
5,18,4941,00:00:02.0260000,80,46008,53196,160445680,175660515,86785809,262446324,2279223,264725547,9.564606270483567,14.861703478409838,0.4285084009170532,7,81,54,1.4814814
5,19,4961,00:00:03.1660000,84,98536,109596,363055236,406486750,137805847,544292597,2763520,547056117,10.826584982787578,12.279479871098344,0.354417622089386,8,85,54,1.5555556
5,20,4971,00:00:04.3780000,87,198385,213177,767325412,865577284,194129628,1059706912,3147251,1062854163,12.070344636259746,13.524695890662173,0.27985209226608276,8,88,60,1.45
6,0,1279,00:00:00.0250000,1,1,1,585,585,422,1007,1418,2425,1,1,0,0,1,1,0
6,1,1515,00:00:00.0350000,2,2,3,999,999,1004,2003,2678,4681,1.001001001001001,1.0020040048071408,0,1,2,1,1
6,2,1779,00:00:00.0400000,2,2,5,1731,1731,2270,4001,4958,8959,1.0028885037550548,1.005793687955644,0,1,2,1,1
6,3,2129,00:00:00.0610000,2,2,5,2888,2888,5120,8008,9926,17934,1.009349030470914,1.0188728748859113,0,1,2,1,1
6,4,2520,00:00:00.0660000,2,2,6,5049,5049,10969,16018,18853,34871,1.179639532580709,1.4179134152632331,0,1,2,1,1
6,5,2821,00:00:00.0710000,3,7,13,10255,10273,21789,32062,29791,61853,1.674012676743052,1.8087305797088098,0,2,3,1,2
6,6,3080,00:00:00.0770000,9,15,23,19826,19851,44157,64008,45035,109043,2.025118531221628,1.5156871630495947,0.07012167572975159,2,9,7,1.1428572
6,7,3310,00:00:00.0930000,13,27,38,40283,40349,88097,128446,66679,195125,2.4745922597621828,2.866434443062513,0.2742495536804199,3,13,9,1.3333334
6,8,3516,00:00:00.1020000,15,43,62,80223,80475,176389,256864,97823,354687,2.873739451279558,3.6896260180182887,0.46468886733055115,3,15,10,1.4
6,9,3708,00:00:00.1150000,19,86,128,159496,161019,351831,512850,143908,656758,3.296816221096454,5.143151347317704,0.5255023241043091,3,19,13,1.3846154
6,10,3881,00:00:00.1350000,24,168,247,330249,335412,691054,1026466,209649,1236115,3.8136315325708785,6.434906984017466,0.5007755160331726,3,24,15,1.5333333
6,11,4031,00:00:00.1670000,34,291,451,695352,711011,1340824,2051835,300564,2352399,4.366366962344252,6.613990510787897,0.3816385567188263,4,34,21,1.5714285
6,12,4166,00:00:00.2210000,40,590,874,1438355,1479823,2616887,4096710,431174,4527884,4.868800817600662,5.669417847792236,0.40567147731781006,4,41,28,1.4285715
6,13,4271,00:00:00.3020000,46,1265,1718,3384477,3489773,4712740,8202513,588436,8790949,5.996066157341296,7.880622928279795,0.3509261906147003,7,47,29,1.5862069
6,14,4317,00:00:00.3700000,41,2704,3389,9112632,9417658,7234803,16652461,698899,17351360,7.47831636348313,3.392066892629647,0.26975709199905396,7,42,24,1.7083334
6,15,4350,00:00:00.4740000,37,5766,6792,20449964,21313542,11856085,33169627,827499,33997126,8.219801560530865,3.457348687798358,0.14664357900619507,7,38,22,1.6818181
6,16,4380,00:00:00.6690000,44,11751,13559,42635514,44825010,21035184,65860194,1012794,66872988,8.754579456928795,4.51722819582169,0.11908943951129913,7,45,28,1.5714285
6,17,4408,00:00:01.0070000,49,23722,26882,87596045,93263449,38932333,132195782,1286514,133482296,9.294512634674316,6.85030395559239,0.12906670570373535,8,50,34,1.4411764
6,18,4433,00:00:01.5670000,57,48413,54141,180210152,195411007,72235947,267646954,1675144,269322098,9.88556407743333,11.428247375109025,0.3687382638454437,6,57,38,1.4736842
6,19,4453,00:00:02.6620000,72,99087,108904,376290517,414919966,127244540,542164506,2166343,544330849,10.735688914530897,19.72229372540913,0.37437769770622253,7,72,45,1.5777777
6,20,4461,00:00:03.6390000,61,211935,224547,860529608,949288739,172135376,1121424115,2468397,1123892512,12.799159137125239,8.77293584253222,0.27141332626342773,8,61,37,1.6216216
7,0,1351,00:00:00.0410000,2,2,2,647,647,355,1002,1197,2199,1.4250386398763524,1.9560345545382682,0,1,2,1,1
7,1,1467,00:00:00.0520000,2,2,2,1217,1217,784,2001,1814,3815,1.7165160230073953,1.684186778852435,0,1,2,1,1
7,2,1582,00:00:00.0700000,2,2,2,2293,2293,1730,4023,2814,6837,1.8639337112952463,1.3073682292649276,0,1,2,1,1
7,3,1716,00:00:00.0710000,2,2,2,4055,4055,3960,8015,4687,12702,1.9341553637484588,1.1402746173975136,0,1,2,1,1
7,4,1878,00:00:00.0740000,2,4,5,6939,6945,9100,16045,8431,24476,1.9749243406830956,1.0514072649935526,0,1,2,1,1
7,5,2069,00:00:00.0770000,3,7,9,12038,12056,19964,32020,15512,47532,1.9955142050174448,1.0154214328213937,0,2,3,1,2
7,6,2305,00:00:00.0810000,5,16,20,20415,20479,43608,64087,29397,93484,2.027577761449914,1.0618319398918317,0.0241429153829813,2,5,3,1.3333334
7,7,2565,00:00:00.0980000,12,26,36,37431,37574,90441,128015,53616,181631,2.27471881595469,1.7863859962188338,0.1686093956232071,2,12,10,1.1
7,8,2777,00:00:00.1080000,16,48,75,81667,82025,174422,256447,85192,341639,3.0082775172346237,4.956110222234897,0.294487327337265,3,16,13,1.1538461
7,9,2924,00:00:00.1200000,18,88,133,189541,190789,322756,513545,120189,633734,3.846560902390512,3.26283486416797,0.224155455827713,4,18,13,1.3076923
7,10,3003,00:00:00.1290000,18,175,241,491881,496867,531645,1028512,149657,1178169,5.172096503015974,2.9692391830781864,0.09834394603967667,5,18,12,1.4166666
7,11,3057,00:00:00.1410000,20,340,444,1139492,1152292,917559,2069851,182636,2252487,5.93541595728623,2.7386945235048654,0.05433623120188713,6,20,13,1.4615384
7,12,3107,00:00:00.1620000,23,729,906,2365688,2403007,1716880,4119887,231231,4351118,6.37389419061178,3.227955168627355,0.06755699217319489,6,23,15,1.4666667
7,13,3159,00:00:00.2070000,25,1431,1787,4689662,4811361,3436322,8247683,311767,8559450,6.713645247781184,3.7062787591284656,0.2828289270401001,6,25,16,1.5
7,14,3212,00:00:00.3040000,36,2822,3441,9280403,9613810,6941799,16555609,441966,16997575,7.089878316706721,4.7717344928828505,0.3000737428665161,6,36,24,1.4583334
7,15,3254,00:00:00.4130000,48,5775,6861,19819426,20695353,12523369,33218722,602726,33821448,8.021552339608624,9.5916271588287,0.29456380009651184,7,48,32,1.46875
7,16,3273,00:00:00.5150000,40,12385,13869,47680909,50212482,18187936,68400418,716977,69117395,9.747528177367592,8.620426646319137,0.22715212404727936,7,40,24,1.625
7,17,3283,00:00:00.6390000,45,25120,27115,102419723,108290704,25280691,133571395,814390,134385785,10.816876931018452,3.8849050979476014,0.16652201116085052,8,45,29,1.5172414
7,18,3292,00:00:00.8780000,53,50924,53790,214892843,227891767,39012090,266903857,953222,267857079,11.491077164445166,2.8945694342794717,0.13078269362449646,8,53,36,1.4444444
7,19,3301,00:00:01.3330000,56,105310,109998,449083716,483030744,68047152,551077896,1175831,552253727,12.024278341902738,3.1740982782046947,0.11456325650215149,7,56,41,1.3414634
7,20,3309,00:00:02.2580000,60,213132,221180,893887892,982651545,121215035,1103866580,1491768,1105358348,12.541873957948185,4.481073628586066,0.10520070046186447,8,60,42,1.4047619
8,0,1179,00:00:00.0210000,2,2,2,592,592,414,1006,1326,2332,1.010135135135135,1.0204756259626009,0,1,2,1,1
8,1,1420,00:00:00.0310000,2,2,2,1010,1010,992,2002,2610,4612,1.0891089108910892,1.1937974726489082,0,1,2,1,1
8,2,1637,00:00:00.0340000,4,4,4,1929,1929,2079,4008,4491,8499,1.3758424053913945,1.9125445325143304,0.04789048433303833,1,4,3,1
8,3,1820,00:00:00.0620000,4,5,5,3677,3680,4363,8043,7125,15168,1.7253195539842263,1.777067339889631,0.10182414948940277,2,4,2,1.5
8,4,1987,00:00:00.0640000,4,9,10,6841,6855,9152,16007,10884,26891,1.9717877503288992,1.6159979329157839,0.12331872433423996,2,4,2,1.5
8,5,2147,00:00:00.0670000,7,12,15,13293,13322,18763,32085,16743,48828,2.320318964868728,2.1026600745408497,0.0863136351108551,3,7,4,1.5
8,6,2294,00:00:00.0710000,9,21,26,26053,26125,37903,64028,25393,89421,2.6946225002878745,2.132278481912933,0.06048709154129028,3,9,6,1.3333334
8,7,2433,00:00:00.0750000,13,36,47,51640,51920,76543,128463,38381,166844,3.110941130906274,2.2851102333974125,0.04687342420220375,4,13,9,1.3333334
8,8,2551,00:00:00.0810000,13,64,83,108038,109080,147954,257034,56040,313074,3.7281604620596456,3.4007454884924817,0.07683168351650238,3,13,10,1.2
8,9,2646,00:00:00.0890000,17,95,128,233035,235505,279113,514618,78637,593255,4.346411483253589,3.450594386319559,0.0945141464471817,4,17,12,1.3333334
8,10,2733,00:00:00.0990000,21,178,234,475664,480921,543966,1024887,111854,1136741,4.786275606310337,2.8317029695955918,0.16354790329933167,5,21,14,1.4285715
8,11,2817,00:00:00.1170000,25,355,464,975727,989459,1075505,2064964,162921,2227885,5.2800752669547935,3.727571329608024,0.20820556581020355,4,25,18,1.3333334
8,12,2885,00:00:00.1460000,30,670,854,2108585,2142099,1998556,4140655,228574,4369229,6.009690859035799,6.302411964499929,0.2554168105125427,5,30,19,1.5263158
8,13,2938,00:00:00.1890000,34,1364,1691,4521767,4612473,3594980,8207453,310000,8517453,6.7053056913370375,6.449578144114027,0.33577200770378113,7,34,21,1.5714285
8,14,2968,00:00:00.2400000,36,2917,3398,11022853,11307427,5459323,16766750,379478,17146228,8.582497834272125,7.147877213981401,0.19282051920890808,8,36,22,1.5909091
8,15,2977,00:00:00.2630000,34,6216,6793,25972193,26681066,6919483,33600549,413676,34014225,10.261278822315852,4.481021551068755,0.12357356399297714,8,34,20,1.65
8,16,2984,00:00:00.3010000,31,13234,13989,58106696,60203733,9585626,69789359,456787,70246146,11.228958208189981,3.964519412283972,0.07322583347558975,8,32,18,1.7222222
8,17,2990,00:00:00.3740000,28,26455,27484,117094949,122507893,14491134,136999027,515932,137514959,11.786403092416906,4.272488130239293,0.05273596569895744,8,29,18,1.5555556
8,18,2996,00:00:00.5310000,32,53003,54588,233965250,246879561,24443555,271323116,608920,271932036,12.232634218115724,5.133447205866881,0.08270786702632904,9,33,20,1.6
8,19,3002,00:00:00.8900000,40,107565,110282,474168839,502629638,44563077,547192715,756072,547948787,12.710958998720706,6.9407827567298535,0.12097039818763733,8,41,28,1.4285715
8,20,3008,00:00:01.6000000,39,231214,236216,1008059334,1090088904,86651167,1176740071,994769,1177734840,13.277494389035637,9.66628766173087,0.21374018490314484,8,39,27,1.4074074
