RepeatId,GenerationId,Generations,Time,SubcloneSelect,SubcloneAlive,SubcloneTotal,CellSelectCount,CellAliveCount,CellNecroCount,CellTumorCount,CellLostCount,CellTotalCount,MeanDriversPerCell,ClonalDiversity,TreeBalance,TreeDepth,NodeCount,LeafCount,Branching
0,0,1995,00:00:00.0450000,4,4,4,547,547,458,1005,2798,3803,1.1151736745886653,1.2572916729700796,0.016461655497550964,1,4,3,1
0,1,2341,00:00:00.0660000,3,3,4,913,913,1088,2001,4655,6656,1.28039430449069,1.6800102811879667,0.01828095130622387,1,3,2,1
0,2,2686,00:00:00.0700000,3,4,5,1633,1634,2369,4003,7677,11680,1.642375995101041,1.8607876368454006,0.023178817704319954,1,3,2,1
0,3,3040,00:00:00.0920000,4,4,7,2913,2913,5094,8007,12782,20789,1.8801922416752488,1.2860700665704619,0.026804259046912193,2,4,2,1.5
0,4,3419,00:00:00.0970000,3,5,10,4988,4993,11028,16021,21518,37539,1.9921812349639134,1.1376771997921387,0,2,3,1,2
0,5,3856,00:00:00.1030000,3,5,14,8514,8524,23500,32024,37785,69809,2.1700728212356117,1.4473652615499766,0,2,3,1,2
0,6,4295,00:00:00.1120000,4,10,26,15651,15685,48390,64075,63716,127791,2.5631589035844353,1.9807644342524104,0.01955001801252365,2,4,2,1.5
0,7,4725,00:00:00.1230000,5,19,49,28080,28189,99921,128110,104282,232392,2.8689814814814816,1.3488080130059943,0.01798553764820099,2,5,3,1.3333334
0,8,5189,00:00:00.1420000,9,39,94,50000,50396,205877,256273,174552,430825,3.27844,1.6186359877368512,0.033259451389312744,3,9,6,1.3333334
0,9,5553,00:00:00.1640000,13,65,152,114601,115289,397343,512632,261078,773710,4.477796877863195,2.0281357186354145,0.11009462177753448,4,13,9,1.3333334
0,10,5877,00:00:00.1990000,11,126,274,216903,219213,805566,1024779,385793,1410572,4.920572790602251,1.3056955326770603,0.0955485925078392,4,11,7,1.4285715
0,11,6239,00:00:00.2740000,19,252,553,385359,390582,1657816,2048398,608243,2656641,5.229430219613399,1.6414296564497934,0.104560986161232,4,19,13,1.3846154
0,12,6582,00:00:00.4040000,22,455,1020,812806,831657,3272959,4104616,939009,5043625,6.2176189644269355,3.9161884868737977,0.15467241406440735,4,23,16,1.375
0,13,6885,00:00:00.6500000,33,878,1932,1651871,1691648,6509826,8201474,1407462,9608936,6.924208367360405,2.9761612278344907,0.16034933924674988,5,34,25,1.32
0,14,7193,00:00:01.0980000,32,1775,3777,3171132,3296445,13121921,16418366,2163545,18581911,7.523541435676598,5.321641606215009,0.46740636229515076,4,32,23,1.3478261
0,15,7484,00:00:01.8390000,39,3491,7304,6521227,6832926,25991689,32824615,3294454,36119069,8.377210301067576,7.68912337401758,0.6310089826583862,5,40,27,1.4444444
0,16,7761,00:00:03.4150000,43,6947,14213,12994267,13815787,51788921,65604708,5006477,70611185,9.075108661381208,5.674903832368099,0.5525593161582947,5,44,30,1.4333333
0,17,8035,00:00:08.1560000,50,13901,27854,25254138,27617096,103485636,131102732,7692211,138794943,9.764085592626444,6.883230819466306,0.5541520118713379,6,51,34,1.4705882
0,18,8300,00:00:18.5730000,62,27830,55145,50635850,56698310,205898761,262597071,11807991,274405062,10.560410953899263,9.381541623401002,0.31313905119895935,5,63,47,1.3191489
0,19,8552,00:00:39.1960000,74,55458,108625,101646787,116943923,408554406,525498329,18021106,543519435,11.345106727279044,13.48536206060873,0.367540568113327,6,75,54,1.3703704
0,20,8789,00:01:17.3740000,95,112769,215757,207543390,246247576,805335697,1051583273,27273272,1078856545,12.288087806602753,20.618019320371193,0.3302249014377594,8,96,63,1.5079365
9,0,2192,00:00:00.0430000,3,3,3,506,506,500,1006,2738,3744,1.0059288537549407,1.0119440443465206,0,1,3,2,1
9,1,2644,00:00:00.0750000,2,2,3,860,860,1142,2002,5219,7221,1.0662790697674418,1.141255836339613,0,1,2,1,1
9,2,3108,00:00:00.0800000,3,3,4,1536,1536,2468,4004,9304,13308,1.423828125,2.002291440705153,0,2,3,1,2
9,3,3448,00:00:00.0840000,3,3,4,3020,3020,4994,8014,14097,22111,2.083774834437086,2.670420596177754,0,2,3,1,2
9,4,3723,00:00:00.1040000,3,5,8,5774,5780,10248,16028,20448,36476,2.5909248354693455,1.9598581388410186,0,2,3,1,2
9,5,3999,00:00:00.1080000,4,6,12,10184,10186,21825,32011,30605,62616,2.858110761979576,1.328590474525297,0,3,4,1,3
9,6,4313,00:00:00.1130000,5,7,17,17702,17706,46313,64019,49323,113342,2.9890407863518247,1.2007866081738947,0.00732034258544445,3,5,2,2
9,7,4678,00:00:00.1210000,6,20,37,30710,30774,97464,128238,83880,212118,3.1675024422012372,1.465931251211732,0.022366313263773918,2,6,4,1.25
9,8,5068,00:00:00.1340000,12,34,65,55566,55742,200441,256183,142551,398734,3.563420077025519,2.1966253603360295,0.05213284119963646,3,12,9,1.2222222
9,9,5457,00:00:00.1540000,13,68,133,104078,104708,407998,512706,236717,749423,4.1013951075155175,2.5573312501800154,0.09923727065324783,2,13,11,1.0909091
9,10,5837,00:00:00.1920000,21,113,242,198956,200544,824576,1025120,383362,1408482,4.624238525101028,4.138876216470215,0.18053382635116577,4,21,15,1.3333334
9,11,6222,00:00:00.2850000,24,252,515,378436,384168,1664803,2048971,618291,2667262,5.208169941548901,5.149882744883573,0.2304435521364212,4,24,18,1.2777778
9,12,6539,00:00:00.3840000,25,457,977,865574,881039,3219985,4101024,923675,5024699,6.462651373539408,2.2576974412723203,0.22541601955890656,4,25,19,1.2631578
9,13,6823,00:00:00.5920000,25,916,1896,1732390,1770973,6440346,8211319,1362669,9573988,7.069501671101773,1.769098295798568,0.08845046162605286,5,25,16,1.5
9,14,7119,00:00:00.9920000,26,1726,3661,3214408,3350987,13038232,16389219,2090741,18479960,7.56465234033763,3.601999982723549,0.09347965568304062,5,27,18,1.4444444
9,15,7416,00:00:01.7130000,39,3499,7191,6315894,6667531,26111731,32779262,3246830,36026092,8.264047338349883,9.555547721465096,0.5309816598892212,3,39,28,1.3571428
9,16,7703,00:00:03.0820000,58,6850,14068,12768351,13570700,52069398,65640098,5019202,70659300,9.02730383900004,10.602038938937316,0.5366359949111938,4,58,41,1.3902439
9,17,7968,00:00:06.5010000,59,13983,27750,26476381,28707535,102448229,131155764,7609758,138765522,9.9558349760868,9.932636021450787,0.5386053323745728,5,59,38,1.5263158
9,18,8215,00:00:15.8840000,59,28259,54783,53842006,59548833,203268506,262817339,11456191,274273530,10.739512825729413,5.269454393341877,0.4456431567668915,5,60,42,1.4047619
9,19,8461,00:00:35.4480000,75,55992,108755,102729084,117394435,407041414,524435849,17540099,541975948,11.326707926257768,6.848360817057612,0.42927640676498413,4,76,56,1.3392857
9,20,8709,00:01:15.0250000,107,111223,215464,197047816,234853615,815009329,1049862944,27241241,1077104185,12.023476555558474,19.32293668225059,0.41509222984313965,4,108,75,1.4266666
10,0,2469,00:00:00.0360000,1,1,1,500,500,501,1001,3028,4029,1,1,0,0,1,1,0
10,1,2975,00:00:00.0490000,2,2,3,854,854,1147,2001,5807,7808,1.0035128805620608,1.0070503982861334,0,1,2,1,1
10,2,3556,00:00:00.0560000,2,2,4,1466,1466,2535,4001,10926,14927,1.0020463847203274,1.004101188114296,0,1,2,1,1
10,3,4235,00:00:00.0650000,3,3,8,2353,2353,5655,8008,20637,28645,1.0539736506587336,1.1148796253440532,0.033807121217250824,1,3,2,1
10,4,4884,00:00:00.0840000,4,4,12,4441,4441,11585,16026,35173,51199,1.4807475793740148,2.4221305439844687,0.25457850098609924,1,4,3,1
10,5,5427,00:00:00.1120000,4,10,25,7807,7816,24193,32009,55427,87436,1.8526962981939286,2.1496106349385027,0.70206218957901,2,4,2,1.5
10,6,6005,00:00:00.1240000,4,9,34,13336,13364,50693,64057,89825,153882,2.0061487702459506,1.7996670240652033,0.7518337965011597,2,4,2,1.5
10,7,6623,00:00:00.1430000,10,20,59,24017,24078,103954,128032,148909,276941,2.3520006661947788,2.719186392244609,0.5100757479667664,3,10,6,1.5
10,8,7173,00:00:00.1680000,14,40,98,47574,47809,208506,256315,230828,487143,3.0394333039054944,2.6373721369881706,0.3030443787574768,3,15,10,1.4
10,9,7656,00:00:00.2040000,18,70,179,91680,92362,419823,512185,347113,859298,3.6490510471204187,5.149018980690436,0.327118456363678,3,19,13,1.3846154
10,10,8148,00:00:00.2640000,23,120,318,165008,167513,856883,1024396,536883,1561279,3.9669046349267916,5.2183349971716595,0.4555293619632721,4,24,16,1.4375
10,11,8682,00:00:00.3730000,36,232,564,298622,304330,1745219,2049549,865893,2915442,4.363158106234637,8.452529657928912,0.5478511452674866,4,37,29,1.2413793
10,12,9213,00:00:00.6030000,54,457,1063,573506,592655,3507854,4100509,1379529,5480038,4.98796176500333,10.57394526311731,0.5268804430961609,4,55,41,1.3170732
10,13,9659,00:00:00.9580000,54,881,2006,1325092,1380568,6813623,8194191,2058819,10253010,6.30830085760083,7.121414019700987,0.3799263834953308,4,55,38,1.4210526
10,14,10007,00:00:01.4440000,42,1765,3874,2929332,3055180,13349031,16404211,2908806,19313017,7.2963460611497775,4.51863196324167,0.25453585386276245,4,43,30,1.4
10,15,10344,00:00:02.3190000,44,3345,7374,5679060,6001594,26801090,32802684,4222121,37024805,7.870673139568872,3.7167077847727,0.2631100118160248,4,45,36,1.2222222
10,16,10663,00:00:04.1360000,58,6766,14380,11944412,12840336,52714485,65554821,6179570,71734391,8.895465762567467,6.093497419451559,0.3002973794937134,5,59,47,1.2340425
10,17,10929,00:00:08.6750000,51,13798,27963,26533727,28715666,102516675,131232341,8777255,140009596,9.97662654025196,4.514952405533406,0.2647576332092285,6,52,35,1.4571428
10,18,11175,00:00:19.1910000,53,27880,55066,54933261,60241611,202575666,262817277,12606760,275424037,10.828781801247882,7.409269840416422,0.30090582370758057,6,54,37,1.4324324
10,19,11363,00:00:34.6350000,49,60504,108765,140066118,152232833,373679037,525911870,17177181,543089051,12.708509769650359,6.891592235487629,0.22494705021381378,6,50,30,1.6333333
10,20,11494,00:00:55.4060000,41,130478,214907,336868609,363549170,687705690,1051254860,22312624,1073567484,13.973137615799637,3.487785629522317,0.10839780420064926,7,42,25,1.64
11,0,2481,00:00:00.0500000,2,2,2,497,497,504,1001,3222,4223,1.0865191146881288,1.1877431490214068,0,1,2,1,1
11,1,2887,00:00:00.0630000,2,2,3,907,907,1095,2002,5431,7433,1.3395810363836824,1.8133401235726205,0,1,2,1,1
11,2,3202,00:00:00.0670000,2,4,6,1686,1688,2322,4010,8100,12110,1.6257413997627521,1.881036365108224,0,1,2,1,1
11,3,3562,00:00:00.0710000,2,2,6,2805,2805,5205,8010,13323,21333,1.839572192513369,1.3687032793019833,0,1,2,1,1
11,4,3941,00:00:00.0930000,3,4,10,4890,4891,11133,16024,22192,38216,1.9494887525562372,1.1107328513822048,0,2,3,1,2
11,5,4403,00:00:00.0990000,3,5,13,8205,8208,23821,32029,39484,71513,2.000609384521633,1.0438133977691173,0,2,3,1,2
11,6,4953,00:00:00.1090000,6,9,22,13806,13813,50215,64028,72493,136521,2.0982181660147763,1.2312977460712975,0.04261300340294838,2,6,4,1.25
11,7,5524,00:00:00.1330000,7,24,48,25222,25307,102695,128002,126414,254416,2.49080168107208,2.2714637936980964,0.1527518928050995,1,7,6,1
11,8,6072,00:00:00.1580000,16,47,104,45534,45804,210461,256265,209022,465287,2.8924759520358414,1.8657425540340016,0.23824672400951385,2,16,14,1.0714285
11,9,6634,00:00:00.1990000,24,78,177,83490,84327,427878,512205,344245,856450,3.3008024913163254,2.9346879320458323,0.24663235247135162,3,24,20,1.15
11,10,7180,00:00:00.2680000,34,143,330,159732,161893,863367,1025260,554031,1579291,3.884969824455964,8.404671155384618,0.32721197605133057,3,34,25,1.32
11,11,7681,00:00:00.3810000,34,252,608,328495,336669,1711411,2048080,858834,2906914,4.823294114065663,7.621629892897804,0.2710321247577667,5,35,24,1.4166666
11,12,7999,00:00:00.5250000,24,484,1114,881595,899575,3202378,4101953,1162729,5264682,6.572395487723955,1.8905660931619384,0.08415685594081879,5,24,16,1.4375
11,13,8274,00:00:00.7530000,16,961,2057,1755463,1798141,6400876,8199017,1588814,9787831,7.14332686020725,1.7046879895328926,0.0337938629090786,5,17,11,1.4545455
11,14,8555,00:00:01.1590000,21,1824,3838,3479033,3583342,12837495,16420837,2276777,18697614,7.879803957019091,3.478345903336064,0.07509590685367584,6,21,15,1.3333334
11,15,8772,00:00:01.6950000,19,3796,7290,8420967,8718130,24132620,32850750,3112063,35962813,9.439225922628601,4.201606459614944,0.147543802857399,5,19,13,1.3846154
11,16,8944,00:00:02.6510000,18,7985,14216,18895536,19567478,46169163,65736641,4175764,69912405,10.496315955260544,3.5500306397250276,0.09871302545070648,5,18,12,1.4166666
11,17,9108,00:00:05.7140000,21,15732,27547,37951106,39698220,91433343,131131563,5792685,136924248,11.161958784547675,3.095192552368893,0.08371402323246002,5,21,15,1.3333334
11,18,9281,00:00:12.9940000,33,30746,53962,71771404,76243125,186178658,262421783,8504077,270925860,11.623728093712643,2.3552682772493307,0.04565724730491638,4,33,29,1.1034483
11,19,9470,00:00:28.7390000,42,60649,107469,129331057,143013364,382619303,525632667,13201585,538834252,12.022151307400202,2.297872608479586,0.05765519663691521,4,42,38,1.0789474
11,20,9666,00:01:00.2940000,72,120316,214017,241545328,279940852,770252717,1050193569,20885529,1071079098,12.670268604822693,4.620267616167109,0.18477030098438263,5,72,56,1.2678572
12,0,2706,00:00:00.0350000,1,1,1,524,524,477,1001,2704,3705,1,1,0,0,1,1,0
12,1,3161,00:00:00.0470000,3,3,3,852,852,1151,2003,5153,7156,1.0046948356807512,1.0094421417551405,0,1,3,2,1
12,2,3696,00:00:00.0630000,1,1,4,1453,1453,2557,4010,9810,13820,1,1,0,0,1,1,0
12,3,4439,00:00:00.0720000,2,3,8,2355,2357,5647,8004,20429,28433,1.0016985138004246,1.0034027575773958,0,1,2,1,1
12,4,5332,00:00:00.1010000,3,5,13,3820,3824,12191,16015,41298,57313,1.0073298429319373,1.0147941824266626,0,1,3,2,1
12,5,6322,00:00:00.1170000,5,8,20,6717,6725,25284,32009,77654,109663,1.2632127437844276,1.7485148733320142,0.1843150556087494,1,5,4,1
12,6,7061,00:00:00.1320000,8,12,35,12734,12740,51289,64029,121157,185186,1.8259776975027486,3.0495768182085308,0.4161335527896881,1,8,7,1
12,7,7787,00:00:00.1520000,10,17,51,21786,21822,106241,128063,190776,318839,1.9922427246855778,2.44813449750963,0.5179120302200317,2,10,8,1.125
12,8,8437,00:00:00.1760000,11,30,90,48354,48532,207837,256369,287262,543631,3.210303180708938,2.5049690175158967,0.26109790802001953,3,11,8,1.25
12,9,8848,00:00:00.2020000,11,66,155,100251,101241,410870,512111,385939,898050,3.9413172935930816,1.2419512200602403,0.08237656950950623,3,12,9,1.2222222
12,10,9277,00:00:00.2500000,22,122,272,183473,185527,838823,1024350,551562,1575912,4.352733099693143,1.9883986682168986,0.03457444906234741,4,23,19,1.1578947
12,11,9671,00:00:00.3250000,24,234,522,382260,388659,1661197,2049856,790685,2840541,5.260134463454193,3.9291991136925444,0.1865869015455246,2,24,20,1.15
12,12,10034,00:00:00.4670000,25,476,1033,738252,757369,3341111,4098480,1144713,5243193,5.8138359259439865,2.0075935268592695,0.16143308579921722,3,25,20,1.2
12,13,10431,00:00:00.7970000,34,856,1991,1302883,1360995,6834727,8195722,1759580,9955302,6.0996720350177265,2.0019634057573223,0.17276327311992645,3,34,27,1.2222222
12,14,10852,00:00:01.3800000,67,1632,3798,2467031,2621789,13774937,16396726,2789917,19186643,6.725290845554839,6.550631013545021,0.43800321221351624,5,68,51,1.3137255
12,15,11230,00:00:02.3360000,75,3374,7463,5303857,5704436,27066508,32770944,4251207,37022151,7.768533917863924,17.609213482752278,0.5815449357032776,4,76,51,1.4705882
12,16,11540,00:00:04.1100000,77,6870,14486,12432349,13251357,52343222,65594579,6148323,71742902,9.051354414197993,9.239006921857795,0.5270151495933533,6,78,50,1.54
12,17,11779,00:00:08.5470000,50,14274,28081,29747427,32004515,99173153,131177668,8467063,139644731,10.5479427514857,6.769000584040799,0.29745030403137207,7,51,32,1.5625
12,18,11954,00:00:16.2160000,39,30447,54963,72364740,77220937,185488942,262709879,11178320,273888199,11.918143642884642,6.087805281829682,0.22248752415180206,5,40,23,1.6956521
12,19,12106,00:00:28.9370000,36,63098,108293,155676680,166600563,358285079,524885642,14944296,539829938,12.821633940292148,5.1214065630736805,0.13356058299541473,6,37,28,1.2857143
12,20,12252,00:00:52.4070000,38,128616,214651,316580520,343670435,708955742,1052626177,20695523,1073321700,13.566303416268315,4.650434733611405,0.11863837391138077,7,39,30,1.2666667
13,0,2555,00:00:00.0340000,1,1,1,523,523,478,1001,2379,3380,1,1,0,0,1,1,0
13,1,3036,00:00:00.0500000,2,2,5,856,856,1146,2002,5000,7002,1.0011682242990654,1.0023392317515543,0,1,2,1,1
13,2,3582,00:00:00.0570000,2,2,6,1451,1451,2551,4002,9742,13744,1.0034458993797382,1.0069155950316355,0,1,2,1,1
13,3,4276,00:00:00.0660000,2,3,10,2344,2345,5658,8003,19787,27790,1.006825938566553,1.0137450253084668,0,1,2,1,1
13,4,5075,00:00:00.0940000,2,3,14,3966,3967,12045,16012,38238,54250,1.2168431669188098,1.5143357146980718,0,1,2,1,1
13,5,5714,00:00:00.1030000,4,5,23,7600,7601,24428,32029,61371,93400,1.76,1.6122803126958776,0,2,4,2,1.5
13,6,6297,00:00:00.1250000,5,9,38,13729,13742,50303,64045,96053,160098,2.051132638939471,1.331845402145815,0.03132928907871246,2,5,3,1.3333334
13,7,6873,00:00:00.1400000,6,17,55,25020,25092,103044,128136,150704,278840,2.5364908073541166,2.2217285214690277,0.14037516713142395,2,6,4,1.25
13,8,7411,00:00:00.1630000,10,39,102,45951,46266,209910,256176,231697,487873,2.8917107353485236,1.559969656189235,0.18394175171852112,2,10,8,1.125
13,9,7999,00:00:00.2040000,24,62,172,80213,80793,431672,512465,373475,885940,3.1455749068106167,1.773907535638514,0.17465390264987946,3,24,19,1.2105263
13,10,8552,00:00:00.2690000,26,128,298,166356,168398,856337,1024735,583778,1608513,4.0760657866262715,6.057628327619959,0.2559647858142853,3,26,20,1.25
13,11,9000,00:00:00.3600000,28,252,586,340977,346600,1701894,2048494,857149,2905643,4.822990993527423,2.600007221425884,0.17986877262592316,4,29,21,1.3333334
13,12,9454,00:00:00.5600000,34,463,1090,632465,649020,3452848,4101868,1299770,5401638,5.282580063718941,3.3163737393273025,0.21366381645202637,4,34,27,1.2222222
13,13,9913,00:00:00.9140000,44,862,2075,1214051,1256061,6946082,8202143,2009124,10211267,5.872965797977185,8.071525884208654,0.35341185331344604,3,45,35,1.2571429
13,14,10361,00:00:01.5160000,49,1596,3871,2365770,2498710,13909085,16407795,3106580,19514375,6.54847301301479,9.991837798377452,0.40315765142440796,4,50,35,1.4
13,15,10795,00:00:02.6000000,60,3112,7394,4585989,4980582,27794380,32774962,4791309,37566271,7.231785117670365,9.779723080205967,0.3160935044288635,5,61,46,1.3043479
13,16,11218,00:00:04.7010000,91,6161,14457,9015547,10009497,55569268,65578765,7395425,72974190,7.933351464974892,10.965552619399611,0.36709341406822205,5,92,69,1.3188406
13,17,11606,00:00:11.5240000,102,12651,28440,19279013,22065675,109146510,131212185,11161331,142373516,9.078059960849655,18.865918403841658,0.3995330035686493,6,103,71,1.4366198
13,18,11879,00:00:23.1800000,72,27331,55404,52590088,58697388,203549500,262246888,15336512,277583400,10.953867941806829,5.633503610117672,0.389443576335907,8,73,48,1.5
13,19,12085,00:00:39.9040000,50,57499,108890,125340070,137416841,387982752,525399593,20405175,545804768,12.13949851791211,3.398445913518908,0.1734546720981598,6,51,32,1.5625
13,20,12254,00:01:06.3560000,50,120665,214236,286884428,312524692,736280847,1048805539,27003595,1075809134,13.316101607996654,4.87050456195771,0.13624055683612823,7,51,36,1.3888888
14,0,2147,00:00:00.0310000,1,1,1,523,523,478,1001,2662,3663,1,1,0,0,1,1,0
14,1,2597,00:00:00.0430000,2,2,2,876,876,1128,2004,5027,7031,1.0068493150684932,1.0137923941070524,0,1,2,1,1
14,2,3124,00:00:00.0490000,2,2,2,1449,1449,2554,4003,9614,13617,1.0048309178743962,1.0097084664315077,0,1,2,1,1
14,3,3812,00:00:00.0570000,3,4,5,2392,2394,5607,8001,19428,27429,1.056020066889632,1.118764588101662,0.018557872623205185,1,3,2,1
14,4,4484,00:00:00.0750000,3,3,9,4300,4300,11712,16012,34605,50617,1.433953488372093,1.972711353678783,0.01910192333161831,1,3,2,1
14,5,5020,00:00:00.1000000,5,7,16,7991,7995,24052,32047,54360,86407,1.8733575272181204,1.3520777280677077,0.04390399530529976,2,5,3,1.3333334
14,6,5578,00:00:00.1100000,8,11,27,13726,13735,50284,64019,87736,151755,2.1097916363106513,1.4133083547118557,0.07017292827367783,2,8,6,1.1666666
14,7,6128,00:00:00.1250000,10,16,50,25740,25769,102286,128055,139228,267283,2.5985236985236986,2.334068359670865,0.08954107761383057,3,10,7,1.2857143
14,8,6632,00:00:00.1460000,12,35,89,48722,48933,207210,256143,215148,471291,3.1126185296170106,2.3160747125672296,0.09285052865743637,3,13,9,1.3333334
14,9,7110,00:00:00.1770000,16,65,154,92748,93355,419106,512461,330070,842531,3.6484452494932507,2.0958255297002064,0.09834321588277817,3,16,12,1.25
14,10,7595,00:00:00.2330000,17,116,294,167977,170505,854145,1024650,517207,1541857,4.052191669097555,1.6764906172037712,0.06388676166534424,3,18,14,1.2142857
14,11,8088,00:00:00.3350000,21,229,557,315952,324336,1725602,2049938,818770,2868708,4.590330176735707,3.3198944628587657,0.0947580486536026,4,22,17,1.2352941
14,12,8564,00:00:00.5360000,33,471,1079,617682,637698,3462404,4100102,1279910,5380012,5.241253590035002,4.781496087754628,0.1766689568758011,3,34,28,1.1785715
14,13,9026,00:00:00.9000000,49,871,2010,1193247,1244439,6955653,8200092,1993419,10193511,5.833807250301069,3.6870273641731166,0.2805481553077698,3,49,37,1.2972972
14,14,9486,00:00:01.5280000,69,1665,3848,2322896,2460804,13935048,16395852,3119362,19515214,6.522471518311625,7.012099630108636,0.27532878518104553,5,70,55,1.2545455
14,15,9856,00:00:02.4620000,56,3353,7403,5711629,6093107,26692043,32785150,4536959,37322109,8.101875839624737,5.623388021021436,0.21566151082515717,6,57,42,1.3333334
14,16,10143,00:00:03.8900000,42,6732,14260,12898845,13620062,52032622,65652684,6307941,71960625,9.077571596526665,3.17721947268501,0.179684117436409,6,43,30,1.4
14,17,10421,00:00:07.6880000,40,13472,28107,25338939,27265008,103994917,131259925,9041271,140301196,9.719135674938876,5.347412763908722,0.14241093397140503,5,41,33,1.2121212
14,18,10692,00:00:18.6320000,63,27107,55250,50672244,55715664,206660791,262376455,13253600,275630055,10.498097123940278,9.343344402595621,0.20283812284469604,6,64,47,1.3404255
14,19,10938,00:00:38.9680000,74,56026,109404,107528919,121283546,404612837,525896383,19301904,545198287,11.566292701222078,8.463677165198998,0.25109124183654785,5,74,55,1.3272728
14,20,11142,00:01:11.9480000,65,116492,215233,239573492,274738827,773856218,1048595045,27247800,1075842845,12.789078388522215,9.363144486947657,0.21491897106170654,6,65,48,1.3333334
15,0,2739,00:00:00.0350000,1,1,1,497,497,508,1005,3123,4128,1,1,0,0,1,1,0
15,1,3170,00:00:00.0550000,1,1,1,878,878,1129,2007,5445,7452,1,1,0,0,1,1,0
15,2,3733,00:00:00.0610000,3,3,4,1425,1425,2579,4004,10335,14339,1.0056140350877194,1.0113032031439315,0,1,3,2,1
15,3,4402,00:00:00.0780000,2,2,4,2451,2451,5552,8003,19872,27875,1.108935128518972,1.2409049640097773,0,1,2,1,1
15,4,4995,00:00:00.1010000,2,5,9,4442,4450,11559,16009,33278,49287,1.54975236380009,1.9803917704275302,0,1,2,1,1
15,5,5530,00:00:00.1140000,3,6,13,8014,8022,23999,32021,53014,85035,1.8961816820564013,1.34653376745947,0,2,3,1,2
15,6,6058,00:00:00.1280000,4,13,30,14208,14245,49809,64054,84291,148345,2.1857404279279278,1.572759912770609,0.01397363655269146,2,4,2,1.5
15,7,6571,00:00:00.1410000,8,24,58,26533,26599,101462,128061,132212,260273,2.6607620698752497,1.9029212814711096,0.04990444704890251,3,8,5,1.4
15,8,7083,00:00:00.1630000,10,37,101,47319,47480,208730,256210,209453,465663,2.9998732010397515,1.4645652691769238,0.08670256286859512,2,10,8,1.125
15,9,7610,00:00:00.1990000,14,61,177,86703,87453,424599,512052,336290,848342,3.450584178171459,2.45943925229322,0.13734783232212067,3,14,11,1.1818181
15,10,8127,00:00:00.2550000,20,103,305,163219,165177,859164,1024341,535193,1559534,3.9379974145166923,2.3582010606881445,0.21302016079425812,3,21,17,1.1764706
15,11,8642,00:00:00.3520000,23,240,583,313804,318950,1730775,2049725,850308,2900033,4.548909510395023,3.8903075588723186,0.24387387931346893,4,24,17,1.3529412
15,12,9091,00:00:00.5440000,31,465,1125,673375,687582,3414544,4102126,1283127,5385253,5.535740115091888,6.276791314646157,0.1846909373998642,5,32,21,1.4761904
15,13,9475,00:00:00.8450000,32,856,2054,1417315,1459688,6746641,8206329,1872681,10079010,6.419251189749632,4.967152286469495,0.17546379566192627,5,33,23,1.3913044
15,14,9834,00:00:01.3430000,27,1715,3892,2792838,2937137,13453922,16391059,2752656,19143715,7.123148209813817,4.010770761958801,0.24294759333133698,4,28,21,1.2857143
15,15,10186,00:00:02.2180000,49,3310,7483,5520356,5857330,26929313,32786643,4122815,36909458,7.800031737083623,5.351470663214821,0.24603955447673798,5,50,37,1.3243244
15,16,10499,00:00:03.7220000,52,6791,14498,12305778,13244141,52418685,65662826,6039376,71702202,9.046902845151278,6.762235409514873,0.22693094611167908,6,53,37,1.4054054
15,17,10751,00:00:06.3350000,45,13959,28220,27892537,29850144,101523483,131373627,8505219,139878846,10.124606090869396,4.711166203945462,0.20620127022266388,6,46,32,1.40625
15,18,10989,00:00:14.5490000,44,28228,55323,56143095,61087241,201751196,262838437,12218631,275057068,10.83692698095821,6.2880221689402935,0.20429199934005737,5,45,31,1.4193548
15,19,11217,00:00:32.8900000,59,57547,109291,115108187,127406815,398051144,525457959,17837277,543295236,11.747962019417438,10.30659512991996,0.2794117331504822,6,60,43,1.3720931
15,20,11385,00:00:58.7500000,55,124806,216315,292951955,324419657,728746527,1053166184,24325260,1077491444,13.63674890648878,10.383887853942651,0.2707352936267853,8,56,37,1.4864864
16,0,3283,00:00:00.0410000,1,1,1,515,515,486,1001,3084,4085,1,1,0,0,1,1,0
16,1,3740,00:00:00.0550000,2,2,2,865,865,1141,2006,5522,7528,1.001156069364162,1.002314856520877,0,1,2,1,1
16,2,4297,00:00:00.0620000,2,2,3,1487,1487,2520,4007,10336,14343,1.0275722932078009,1.0566625650862869,0,1,2,1,1
16,3,4968,00:00:00.0690000,3,4,5,2449,2450,5557,8007,20006,28013,1.28705594120049,1.6526592092083872,0,2,3,1,2
16,4,5398,00:00:00.0930000,4,5,9,5128,5129,10879,16008,29586,45594,2.151911076443058,2.9030544962303226,0.03091893345117569,2,4,2,1.5
16,5,5715,00:00:00.1070000,4,6,13,9957,9962,22057,32019,41093,73112,2.7168825951591846,1.6176905337537975,0.04682718589901924,2,4,2,1.5
16,6,6043,00:00:00.1130000,5,13,24,17221,17253,46825,64078,60501,124579,2.9167876429940187,1.1856049244690592,0.05879804491996765,3,5,2,2
16,7,6430,00:00:00.1230000,9,17,42,29200,29243,98859,128102,97038,225140,2.993835616438356,1.0959254968365322,0.05628440901637077,3,9,6,1.3333334
16,8,6894,00:00:00.1420000,12,43,85,49183,49461,206681,256142,167411,423553,3.111725596242604,1.3058337411629974,0.07166299223899841,3,12,9,1.2222222
16,9,7392,00:00:00.1770000,19,71,172,91280,91921,420247,512168,287259,799427,3.6341586327782647,3.7863287994425847,0.13861136138439178,3,20,17,1.117647
16,10,7820,00:00:00.2280000,22,122,310,189743,191977,833341,1025318,450964,1476282,4.490004901366586,3.0361050475418807,0.26430007815361023,3,22,18,1.1666666
16,11,8225,00:00:00.3120000,21,232,569,358931,364545,1683922,2048467,698071,2746538,4.990246036146223,1.786667948335544,0.13662460446357727,3,21,17,1.1764706
16,12,8647,00:00:00.4750000,25,442,1058,670245,686831,3415521,4102352,1109196,5211548,5.48300994412491,2.704730220965282,0.08379221707582474,4,26,20,1.25
16,13,9067,00:00:00.8080000,30,833,1982,1299933,1343937,6857737,8201674,1757639,9959313,6.1170537250766,3.616195067532037,0.12278318405151367,4,31,24,1.25
16,14,9467,00:00:01.3580000,36,1642,3806,2620991,2744431,13663404,16407835,2735818,19143653,6.89859522600421,4.870227837293835,0.28131917119026184,4,36,28,1.25
16,15,9842,00:00:02.2690000,52,3209,7298,5317575,5598703,27221086,32819789,4193586,37013375,7.637839428686949,7.330943560330473,0.3201235234737396,4,52,42,1.2142857
16,16,10210,00:00:04.0510000,64,6347,14296,10270513,11126181,54512505,65638686,6466161,72104847,8.288411883612824,9.024160469619353,0.3711034655570984,5,65,48,1.3333334
16,17,10557,00:00:08.8950000,76,12825,28239,21237329,23742684,107512036,131254720,9847862,141102582,9.293091659502002,12.126939828609984,0.29739347100257874,5,77,58,1.3103448
16,18,10838,00:00:18.8080000,74,26819,55196,49521941,55331543,207021340,262352883,14187865,276540748,10.57009098250006,6.502108868855964,0.2639389932155609,6,75,52,1.4230769
16,19,11068,00:00:37.0020000,56,56488,108834,114594548,128892399,395402351,524294750,19813515,544108265,11.927793781253886,7.197074058685144,0.37652337551116943,7,57,38,1.4736842
16,20,11244,00:01:04.9640000,57,120801,216093,275671694,305440098,746752589,1052192687,26685792,1078878479,13.213281280884791,4.980445880728811,0.4135485589504242,6,58,40,1.425
17,0,2935,00:00:00.0360000,1,1,1,523,523,479,1002,2662,3664,1,1,0,0,1,1,0
17,1,3475,00:00:00.0490000,1,1,1,849,849,1156,2005,5515,7520,1,1,0,0,1,1,0
17,2,4092,00:00:00.0570000,2,2,2,1393,1393,2609,4002,10982,14984,1.0078966259870783,1.0159179007631909,0,1,2,1,1
17,3,4766,00:00:00.0650000,2,2,3,2418,2418,5587,8005,20592,28597,1.2071960297766748,1.4892736127504378,0,1,2,1,1
17,4,5297,00:00:00.0890000,3,5,10,4532,4535,11475,16010,32680,48690,1.6758605472197705,1.7854980515968624,0.0138167142868042,1,3,2,1
17,5,5803,00:00:00.1060000,4,6,17,8052,8056,23952,32008,51427,83435,1.940387481371088,1.173944478857147,0,2,4,2,1.5
17,6,6357,00:00:00.1160000,5,10,27,13844,13869,50144,64013,84515,148528,2.114778965616874,1.3077894817113795,0.04527552053332329,2,5,3,1.3333334
17,7,6916,00:00:00.1310000,7,24,54,25408,25469,102690,128159,137561,265720,2.56580604534005,2.2869230170838404,0.1435154378414154,1,7,6,1
17,8,7453,00:00:00.1530000,13,38,96,45878,46130,210096,256226,218301,474527,2.9143598238807273,1.7185164534768536,0.25313952565193176,2,13,10,1.2
17,9,8017,00:00:00.1940000,27,74,176,83502,84116,428081,512197,353945,866142,3.2974539531987257,2.75799844313021,0.36045461893081665,3,27,21,1.2380953
17,10,8552,00:00:00.2610000,31,122,319,163694,165717,859735,1025452,558450,1583902,3.9687954353855366,8.46455769286886,0.5232967734336853,3,31,21,1.4285715
17,11,9034,00:00:00.3560000,37,223,558,327039,332321,1716787,2049108,852939,2902047,4.681881977378845,7.602802693293979,0.46771979331970215,4,38,26,1.4230769
17,12,9491,00:00:00.5490000,42,448,1103,644881,659790,3437203,4096993,1296437,5393430,5.376194987912498,8.563786118476427,0.45498308539390564,6,43,28,1.5
17,13,9868,00:00:00.8390000,35,856,2046,1521221,1559425,6633424,8192849,1871112,10063961,6.772392702966893,5.7358738967059715,0.30828434228897095,5,36,25,1.4
17,14,10161,00:00:01.2530000,31,1769,3863,3356682,3435275,12979450,16414725,2588685,19003410,7.688713437853213,1.8094402950832067,0.10436542332172394,5,32,22,1.4090909
17,15,10463,00:00:02.0180000,27,3421,7438,6171538,6439582,26364364,32803946,3770837,36574783,8.094955908883653,1.6300935589926453,0.04554453492164612,5,28,19,1.4210526
17,16,10780,00:00:03.9380000,43,6549,14211,11696741,12552936,53051699,65604635,5728599,71333234,8.73802095814552,3.8390580236921408,0.12208233773708344,4,43,31,1.3548387
17,17,11067,00:00:09.8560000,56,13475,27837,25052900,27293102,103957205,131250307,8526764,139777071,9.782921378363383,12.529123887624447,0.3992953896522522,5,56,38,1.4473684
17,18,11305,00:00:20.0420000,59,28479,54907,58261438,63744319,198588687,262333006,12190469,274523475,11.210055663233028,19.532622320423275,0.48300617933273315,5,59,37,1.5675676
17,19,11465,00:00:33.2120000,49,62393,108725,151947659,164606873,361960859,526567732,16107965,542675697,12.932988424652201,5.954256127278133,0.324506938457489,5,49,33,1.4545455
17,20,11604,00:00:55.1750000,49,128977,214973,322849289,350158475,702292550,1052451025,21597652,1074048677,13.667000765796947,3.2728498527497423,0.21488486230373383,5,50,34,1.4411764
18,0,2766,00:00:00.0620000,1,1,1,503,503,499,1002,2638,3640,1,1,0,0,1,1,0
18,1,3291,00:00:00.0750000,2,2,2,830,830,1171,2001,5492,7493,1.0012048192771084,1.0024125999595188,0,1,2,1,1
18,2,3819,00:00:00.0820000,2,4,7,1471,1473,2531,4004,9959,13963,1.0101971447994562,1.0206022457434225,0,1,2,1,1
18,3,4459,00:00:00.0910000,3,4,10,2405,2407,5608,8015,19129,27144,1.128066528066528,1.2991850608836566,0.11238440126180649,1,3,2,1
18,4,5044,00:00:00.1090000,5,6,13,4353,4355,11649,16004,32331,48335,1.5573167930163105,2.751033504697227,0.3091185986995697,2,5,3,1.3333334
18,5,5522,00:00:00.1340000,5,11,25,8534,8554,23468,32022,49831,81853,2.214436372158425,3.4102852373481554,0.7002629637718201,3,5,2,2
18,6,5915,00:00:00.1430000,6,13,31,16383,16406,47615,64021,73061,137082,2.770005493499359,2.320223652224042,0.4558990001678467,3,6,2,2.5
18,7,6274,00:00:00.1540000,9,25,60,31535,31611,96510,128121,106808,234929,3.322054859679721,2.3205810638580813,0.13115888833999634,5,9,3,2.6666667
18,8,6606,00:00:00.1700000,10,48,105,62779,63022,193507,256529,156471,413000,4.107233310501919,2.591399097713546,0.03303879126906395,5,11,5,2
18,9,6853,00:00:00.1880000,8,81,162,140663,141621,370883,512504,215436,727940,5.302339634445447,2.130977907984007,0.04429946839809418,5,8,3,2.3333333
18,10,7079,00:00:00.2140000,10,155,286,275889,277814,747736,1025550,302551,1328101,5.815353276136417,1.293405672185536,0.027109459042549133,4,10,6,1.5
18,11,7335,00:00:00.2680000,14,244,516,483659,489860,1559001,2048861,460190,2509051,6.00346731891684,1.1786568059834008,0.014405004680156708,3,14,11,1.1818181
18,12,7637,00:00:00.3810000,23,430,967,832408,850666,3247970,4098636,755428,4854064,6.187122180469193,1.5451014984152744,0.1420755833387375,4,23,18,1.2222222
18,13,7970,00:00:00.6390000,39,851,1881,1521422,1575364,6620220,8195584,1270882,9466466,6.645411332293079,4.0130205771242595,0.34505143761634827,3,39,32,1.1875
18,14,8300,00:00:01.0890000,51,1721,3663,3008531,3148107,13270202,16418309,2079507,18497816,7.362006906360612,11.62488062554491,0.4883941411972046,3,51,39,1.2820513
18,15,8626,00:00:01.8990000,58,3428,7243,5748961,6139738,26653760,32793498,3350200,36143698,7.938927921062606,10.904172426759645,0.5333275198936462,4,58,41,1.3902439
18,16,8958,00:00:03.5630000,76,6595,14067,10985070,12046133,53537826,65583959,5399451,70983410,8.576593958891477,15.58719078480873,0.5037108659744263,4,76,57,1.3157895
18,17,9275,00:00:08.1420000,88,13250,27804,22378961,25089632,106253612,131343244,8497620,139840864,9.451529720258238,23.01762754271425,0.45242446660995483,5,89,63,1.3968254
18,18,9568,00:00:19.8470000,90,26588,54914,45766234,52489382,210052432,262541814,13045945,275587759,10.298642859711812,25.53582657948356,0.4438075125217438,5,91,63,1.4285715
18,19,9841,00:00:41.6650000,99,54030,108791,95451284,111027081,413734358,524761439,19758251,544519690,11.244686504164784,31.791599121631272,0.5659473538398743,6,100,63,1.5714285
18,20,10065,00:01:16.1830000,88,114091,216167,227353456,261350450,788182490,1049532940,28448998,1077981938,12.661279527679579,21.4994785840471,0.5048657059669495,6,89,54,1.6296296
1,0,2429,00:00:00.0550000,2,2,3,564,564,440,1004,2628,3632,1.4148936170212767,1.9436867706371777,0,1,2,1,1
1,1,2686,00:00:00.0670000,2,2,3,1000,1000,1007,2007,3954,5961,1.697,1.7312478702267076,0,1,2,1,1
1,2,2954,00:00:00.0710000,3,3,5,1739,1739,2266,4005,6294,10299,1.848188614146061,1.3533158864539456,0,2,3,1,2
1,3,3275,00:00:00.0920000,3,5,7,2882,2885,5128,8013,10942,18955,1.956974323386537,1.1147496412863287,0,2,3,1,2
1,4,3642,00:00:00.0980000,5,6,11,5016,5018,11005,16023,19589,35612,2.0454545454545454,1.151544906864081,0.013311954215168953,3,5,2,2
1,5,4007,00:00:00.1230000,6,7,14,9572,9573,22443,32016,33136,65152,2.688988717091517,2.3027195869844297,0.03914185240864754,3,6,3,1.6666666
1,6,4273,00:00:00.1300000,5,10,23,19852,19874,44159,64033,48780,112813,3.5571730807979045,1.7398769778365997,0.025023972615599632,2,5,3,1.3333334
1,7,4532,00:00:00.1370000,3,20,38,36561,36710,91567,128277,73397,201674,3.8784770657257734,1.1819067523857965,0,2,3,1,2
1,8,4831,00:00:00.1480000,5,33,71,62780,63069,193252,256321,118898,375219,3.9810927046830202,1.0622986597738946,0.00782586820423603,3,5,2,2
1,9,5193,00:00:00.1700000,11,61,138,104877,105867,406209,512076,206981,719057,4.066468339101996,1.1649526045421053,0.046747807413339615,2,11,9,1.1111112
1,10,5610,00:00:00.2150000,21,118,269,185594,187970,837463,1025433,368112,1393545,4.383611539166137,2.1839434585616333,0.1931750625371933,3,21,17,1.1764706
1,11,6009,00:00:00.2930000,32,215,519,376449,380740,1667296,2048036,611179,2659215,5.182428429880276,4.648016836436385,0.23390614986419678,2,32,25,1.24
1,12,6381,00:00:00.4420000,29,437,997,729756,746827,3349821,4096648,973386,5070034,5.767688103968998,2.0603041369980297,0.18138854205608368,3,29,20,1.4
1,13,6780,00:00:00.7330000,38,854,1959,1316399,1362666,6832135,8194801,1590284,9785085,6.130274331718574,2.0097377539869803,0.1400461494922638,4,38,29,1.2758621
1,14,7185,00:00:01.2850000,51,1683,3808,2603048,2739278,13666848,16406126,2580136,18986262,6.901671041025751,6.656145755292862,0.18092100322246552,4,52,41,1.2439024
1,15,7542,00:00:02.1490000,51,3373,7366,5522428,5871055,26909522,32780577,3963558,36744135,7.841120970703466,7.229512305440416,0.2872738838195801,4,52,37,1.3783784
1,16,7878,00:00:03.7890000,58,6802,14508,11120299,12039629,53624444,65664073,6035280,71699353,8.589363829156033,10.296426351533876,0.28323695063591003,5,59,43,1.3488373
1,17,8196,00:00:06.8910000,76,13340,28278,22522010,24845902,106354664,131200566,9145755,140346321,9.400198650120482,17.51635892545028,0.4392619729042053,4,77,54,1.4074074
1,18,8491,00:00:15.1510000,95,26765,55355,47052552,52617507,209847481,262464988,13716758,276181746,10.317397853361918,24.26012511059257,0.43196767568588257,6,96,61,1.5573771
1,19,8737,00:00:33.1510000,96,56488,109584,111288708,124977482,400752629,525730111,19719826,545449937,11.843979993010612,17.544218545541213,0.3172435462474823,8,97,59,1.6271186
1,20,8907,00:00:58.5220000,70,121468,215222,280635460,311573656,738083887,1049657543,26334618,1075992161,13.391765595124722,4.17968804494773,0.21477097272872925,6,71,45,1.5555556
19,0,2738,00:00:00.0390000,1,1,2,498,498,506,1004,3024,4028,1,1,0,0,1,1,0
19,1,3240,00:00:00.0610000,1,1,2,888,888,1117,2005,5664,7669,1,1,0,0,1,1,0
19,2,3838,00:00:00.0770000,1,1,2,1414,1414,2587,4001,10955,14956,1,1,0,0,1,1,0
19,3,4502,00:00:00.0900000,2,2,6,2358,2358,5651,8009,20473,28482,1.001696352841391,1.0033984515258398,0,1,2,1,1
19,4,5319,00:00:00.1190000,3,3,10,3864,3864,12137,16001,39346,55347,1.0714285714285714,1.1541395911866241,0.03180891275405884,1,3,2,1
19,5,6090,00:00:00.1400000,4,6,15,7238,7240,24786,32026,67364,99390,1.5841392649903288,2.20940891954534,0.18072053790092468,1,4,3,1
19,6,6732,00:00:00.1530000,8,11,28,13173,13185,50858,64043,105575,169618,1.9363850299855765,1.464977128550808,0.2867228388786316,2,8,5,1.4
19,7,7407,00:00:00.1720000,9,20,52,22923,23004,105056,128060,170379,298439,2.1709200366444183,1.745962598057156,0.39165374636650085,2,9,6,1.3333334
19,8,8041,00:00:00.2000000,17,38,97,43693,43841,212225,256066,265498,521564,2.7171629322774815,3.6247682133753214,0.41990822553634644,3,18,13,1.3076923
19,9,8658,00:00:00.2420000,22,66,171,78899,79553,432844,512397,413813,926210,3.0951723089012537,3.5337982617784975,0.42035895586013794,3,23,16,1.375
19,10,9250,00:00:00.3120000,31,138,316,155647,157825,866792,1024617,639663,1664280,3.826678316960815,8.135405922138862,0.28437334299087524,5,32,20,1.55
19,11,9673,00:00:00.3990000,30,246,576,383950,390558,1658735,2049293,893509,2942802,5.326008594869124,2.80796909284312,0.23456025123596191,5,31,20,1.5
19,12,10022,00:00:00.5550000,22,467,1029,761261,780150,3320124,4100274,1233272,5333546,5.9131782660611805,1.410013672252753,0.26358386874198914,5,23,14,1.5714285
19,13,10403,00:00:00.8430000,32,837,1918,1351259,1406289,6786701,8192990,1822798,10015788,6.2209643007003095,1.816472955832492,0.16039738059043884,5,33,25,1.28
19,14,10808,00:00:01.3850000,59,1650,3823,2530414,2672577,13715314,16387891,2816426,19204317,6.765472369343515,5.023368633237674,0.3400065302848816,4,60,48,1.2291666
19,15,11197,00:00:02.3360000,69,3244,7372,5079134,5511473,27266794,32778267,4324799,37103066,7.6095222138262155,13.778857323556162,0.529431164264679,5,70,50,1.38
19,16,11529,00:00:03.9450000,68,6673,14403,11784473,12759755,52876270,65636025,6353188,71989213,8.948915153015328,16.84759755034413,0.6168091893196106,5,69,43,1.5813954
19,17,11771,00:00:06.3510000,48,14180,28032,28959358,31114820,100093399,131208219,8709546,139917765,10.357210681258888,3.1140201987770575,0.27280205488204956,5,49,30,1.6
19,18,11993,00:00:13.5030000,46,28453,54809,59069363,63724268,198624523,262348791,12177666,274526457,10.983340974914526,2.1649017408221924,0.12857894599437714,5,47,34,1.3529412
19,19,12221,00:00:31.9200000,61,56717,108267,112588389,125575796,399672936,525248732,17820602,543069334,11.600897646736911,4.07338635321334,0.10781849175691605,7,62,45,1.3555555
19,20,12420,00:01:03.1000000,70,119581,215603,256039633,289900440,763285170,1053185610,25531604,1078717214,13.111203615887076,14.704635777459364,0.18366318941116333,7,71,50,1.4
20,0,2615,00:00:00.1260000,2,2,2,522,522,479,1001,3293,4294,1.0613026819923372,1.1300575157919666,0,1,2,1,1
20,1,2958,00:00:00.1580000,2,2,2,943,943,1060,2003,5060,7063,1.2449628844114529,1.5870801982763454,0,1,2,1,1
20,2,3335,00:00:00.1750000,3,3,3,1586,1586,2417,4003,8288,12291,1.57124842370744,1.967101751748593,0,2,3,1,2
20,3,3676,00:00:00.1900000,3,3,4,2909,2909,5102,8011,13082,21093,1.8508078377449295,1.4859712175113295,0,2,3,1,2
20,4,4036,00:00:00.2440000,3,6,8,5185,5189,10844,16033,21208,37241,2.0358727097396336,1.36180647775015,0,2,3,1,2
20,5,4418,00:00:00.2650000,4,6,14,8992,9007,23018,32025,35420,67445,2.351534697508897,1.9211989440421173,0.023031823337078094,2,4,2,1.5
20,6,4805,00:00:00.3090000,7,8,21,16364,16365,47715,64080,58163,122243,2.7424835003666583,1.7847755625316224,0.02998770959675312,3,7,4,1.5
20,7,5197,00:00:00.3430000,6,25,44,29269,29411,98706,128117,95240,223357,3.063992620178346,1.630688666326482,0.03975159674882889,2,6,4,1.25
20,8,5604,00:00:00.3940000,12,37,84,53900,54287,201968,256255,156676,412931,3.5057884972170688,2.180150902588773,0.027043554931879044,3,12,9,1.2222222
20,9,6004,00:00:00.4700000,17,69,152,102628,103669,408535,512204,252900,765104,4.03074209767315,2.192519332702425,0.05390067398548126,4,17,13,1.2307693
20,10,6389,00:00:00.6220000,20,122,287,200791,203074,822035,1025109,400584,1425693,4.675493423510018,3.719099939803378,0.13158969581127167,3,20,16,1.1875
20,11,6745,00:00:00.7100000,25,227,522,403381,407876,1643428,2051304,617444,2668748,5.408544279477715,6.648791400894997,0.21940766274929047,4,25,19,1.2631578
20,12,7084,00:00:00.9070000,25,473,1037,789688,806121,3294095,4100216,947159,5047375,6.054180891693935,8.594144529257607,0.4196626543998718,3,25,18,1.3333334
20,13,7422,00:00:01.2260000,36,894,1959,1516978,1561328,6642799,8204127,1470616,9674743,6.616411708014223,6.423114279958256,0.37385064363479614,4,36,25,1.4
20,14,7772,00:00:01.8120000,45,1672,3684,2824794,2955777,13442866,16398643,2329953,18728596,7.1100051897589704,5.981410688670028,0.38520002365112305,4,46,34,1.3235294
20,15,8135,00:00:02.9620000,60,3274,7218,5254481,5667663,27144316,32811979,3743050,36555029,7.649214070809277,10.111985130936535,0.4602719247341156,4,61,47,1.2765957
20,16,8499,00:00:05.2830000,80,6522,14233,10170531,11278467,54265530,65543997,5986510,71530507,8.371827488653247,17.96192003855373,0.5076916813850403,5,81,58,1.3793104
20,17,8801,00:00:10.6340000,83,13645,28028,24666886,27306046,103774243,131080289,8905352,139985641,9.90720328459782,7.570273289939095,0.3047060966491699,6,84,57,1.4561404
20,18,9030,00:00:20.9370000,69,28560,55003,58701273,64005981,198674400,262680381,12454594,275134975,11.146362158108564,4.422283877913514,0.1909969300031662,7,70,48,1.4375
20,19,9228,00:00:38.8800000,63,58956,108624,129276769,140948395,384493065,525441460,17334578,542776038,12.167076336816555,10.453065918036701,0.2832797169685364,7,64,42,1.5
20,20,9397,00:01:08.2880000,64,122599,214637,284360457,312901628,735779743,1048681371,23933621,1072614992,13.316581288937794,16.317269715681384,0.3740437626838684,8,65,41,1.5609756
21,0,1817,00:00:00.0400000,1,1,2,477,477,525,1002,2582,3584,1,1,0,0,1,1,0
21,1,2286,00:00:00.0550000,2,2,3,863,863,1138,2001,5094,7095,1.0023174971031286,1.004645717732772,0,1,2,1,1
21,2,2815,00:00:00.0610000,2,2,4,1465,1465,2539,4004,9615,13619,1.0061433447098975,1.0123621381679333,0,1,2,1,1
21,3,3499,00:00:00.0680000,3,3,6,2408,2408,5603,8011,19352,27363,1.1204318936877076,1.27688647812665,0.08927050232887268,1,3,2,1
21,4,4093,00:00:00.0850000,4,5,9,4395,4396,11611,16007,32886,48893,1.595221843003413,2.403312437054852,0.2643592059612274,1,4,3,1
21,5,4613,00:00:00.1080000,6,7,15,7965,7969,24082,32051,52198,84249,1.895291902071563,1.8533718887860247,0.45491549372673035,2,6,3,1.6666666
21,6,5191,00:00:00.1200000,9,12,27,13625,13628,50412,64040,86958,150998,2.025908256880734,1.6994886045457485,0.500998318195343,2,9,6,1.3333334
21,7,5814,00:00:00.1370000,14,27,53,24247,24320,103743,128063,146421,274484,2.388006763723347,3.2966639025545716,0.4608590304851532,3,14,9,1.4444444
21,8,6345,00:00:00.1600000,16,39,80,48193,48475,207610,256085,225702,481787,3.1178801900690973,5.511587217639021,0.3847544193267822,3,17,11,1.4545455
21,9,6809,00:00:00.1900000,20,76,154,93559,94118,418325,512443,337640,850083,3.719962804219797,2.6595854902734373,0.29874154925346375,4,21,14,1.4285715
21,10,7292,00:00:00.2450000,26,131,292,166689,168741,856624,1025365,524805,1550170,4.0020337274805176,1.9518071443804341,0.21041911840438843,4,27,20,1.3
21,11,7804,00:00:00.3480000,35,245,560,312721,319428,1729571,2048999,838260,2887259,4.561631614122493,4.481623956172952,0.253110408782959,5,36,26,1.3461539
21,12,8205,00:00:00.5180000,37,459,1039,755894,773622,3327155,4100777,1220790,5321567,6.009558218480369,4.039170379807724,0.12711206078529358,5,38,28,1.3214285
21,13,8525,00:00:00.7590000,27,877,1945,1591348,1633607,6558616,8192223,1714195,9906418,6.813919394123724,1.9887916493736086,0.06183499097824097,5,28,21,1.2857143
21,14,8854,00:00:01.2030000,28,1692,3710,2992971,3102229,13308336,16410565,2524357,18934922,7.288738514339096,2.5462550261076267,0.11170471459627151,4,28,21,1.2857143
21,15,9193,00:00:02.0020000,45,3361,7236,5681730,5981774,26797107,32778881,3845146,36624027,7.855655055766466,5.9560215406478045,0.20286023616790771,3,45,36,1.2222222
21,16,9527,00:00:03.5790000,64,6607,14078,11246935,12068774,53525316,65594090,5903286,71497376,8.595979526866653,14.78183819565949,0.30586910247802734,4,65,48,1.3333334
21,17,9840,00:00:06.5040000,75,13137,27733,23055298,25296965,105857770,131154735,8959586,140114321,9.4813009140025,16.92486985617043,0.5199095606803894,4,75,54,1.3703704
21,18,10125,00:00:14.3760000,80,26864,54934,48185613,53644749,208528319,262173068,13380441,275553509,10.384693144818973,9.927751568348231,0.44521209597587585,4,81,55,1.4545455
21,19,10394,00:00:34.9510000,88,54347,108675,97953141,112239472,412925091,525164563,20001049,545165612,11.260924322988275,9.950869690248709,0.4007526934146881,6,89,59,1.4915254
21,20,10574,00:01:01.6850000,62,121216,214716,282584624,316047826,732851345,1048899171,26865246,1075764417,13.721380750001458,5.2813398860240515,0.20793980360031128,7,63,38,1.6315789
22,0,2950,00:00:00.0700000,2,2,3,507,507,495,1002,2999,4001,1.0039447731755424,1.0079206302532138,0,1,2,1,1
22,1,3506,00:00:00.0830000,1,1,3,819,819,1185,2004,6079,8083,1,1,0,0,1,1,0
22,2,4087,00:00:00.0890000,1,1,5,1426,1426,2583,4009,11155,15164,1,1,0,0,1,1,0
22,3,4804,00:00:00.0970000,1,2,7,2402,2403,5600,8003,21431,29434,1,1,0,0,1,1,0
22,4,5610,00:00:00.1240000,5,7,14,4036,4038,11969,16007,39754,55761,1.1744301288404362,1.44237971857421,0.13077281415462494,1,5,4,1
22,5,6286,00:00:00.1440000,7,9,19,7533,7540,24473,32013,64713,96726,1.7233505907341033,3.64452720462542,0.4876170754432678,2,7,5,1.2
22,6,6878,00:00:00.1570000,9,13,34,13607,13614,50435,64049,99984,164033,2.0210920849562726,3.2169273425804765,0.5711008310317993,3,9,6,1.3333334
22,7,7442,00:00:00.1720000,12,23,56,25943,25983,102183,128166,153053,281219,2.697876113016999,4.319133164340671,0.28184422850608826,3,12,7,1.5714285
22,8,7850,00:00:00.1910000,12,38,90,55203,55477,200683,256160,213825,469985,3.6034635798779053,2.033262187775259,0.0982637032866478,4,13,8,1.5
22,9,8247,00:00:00.2180000,15,73,164,100995,101596,410691,512287,310039,822326,3.955779989108372,1.4115956932768776,0.0788886621594429,4,16,12,1.25
22,10,8679,00:00:00.2670000,20,123,299,181160,183574,841296,1024870,476776,1501646,4.295837933318613,2.178336974596664,0.14210602641105652,3,20,16,1.1875
22,11,9112,00:00:00.3580000,33,255,607,352150,358125,1692952,2051077,740714,2791791,4.940894505182451,7.498424725285967,0.22417213022708893,3,33,26,1.2307693
22,12,9515,00:00:00.5300000,40,459,1075,697762,715334,3381221,4096555,1131788,5228343,5.631354243997237,6.031596136652293,0.22730745375156403,4,41,29,1.3793104
22,13,9917,00:00:00.8370000,47,864,2002,1330611,1378831,6821471,8200302,1751811,9952113,6.183964359230459,5.838228238006644,0.34910738468170166,4,47,33,1.3939394
22,14,10311,00:00:01.3810000,56,1688,3838,2645450,2775130,13633151,16408281,2716674,19124955,6.930660190137783,13.534301471482129,0.45598018169403076,4,57,43,1.3023256
22,15,10677,00:00:02.2790000,56,3318,7352,5360988,5707678,27061209,32768887,4139558,36908445,7.726853706816729,7.156815452757734,0.43038278818130493,5,57,39,1.4358975
22,16,11021,00:00:03.9680000,62,6637,14378,11012867,11940015,53596972,65536987,6256800,71793787,8.612240754383032,10.228814495802903,0.35123395919799805,6,63,43,1.4418604
22,17,11311,00:00:06.8120000,59,13538,27977,25246943,27430570,103782665,131213235,9078077,140291312,9.862109840387408,7.266271539066002,0.25078004598617554,6,60,40,1.475
22,18,11562,00:00:13.8920000,55,27353,54644,53918917,58752335,203598779,262351114,12982329,275333443,10.72071740610072,3.161054700104208,0.1540517508983612,6,56,43,1.2790698
22,19,11810,00:00:32.7850000,61,54724,108507,102940049,117302337,407332782,524635119,19115040,543750159,11.329471059412455,3.5921051546084266,0.1025686264038086,7,62,45,1.3555555
22,20,12034,00:01:06.5180000,71,114484,215124,225348295,264890816,786002672,1050893488,27795459,1078688947,12.735893222533589,10.67959042868199,0.16806185245513916,7,72,54,1.3148148
23,0,2884,00:00:00.0810000,1,1,2,505,505,498,1003,3007,4010,1,1,0,0,1,1,0
23,1,3358,00:00:00.1030000,2,2,3,860,860,1142,2002,5497,7499,1.0046511627906978,1.0093456431738441,0,1,2,1,1
23,2,3895,00:00:00.1180000,2,2,4,1520,1520,2486,4006,10121,14127,1.1210526315789473,1.270321602741103,0,1,2,1,1
23,3,4420,00:00:00.1320000,2,2,8,2649,2649,5365,8014,17520,25534,1.4492261230653076,1.9795867283420927,0,1,2,1,1
23,4,4862,00:00:00.1680000,3,3,13,4831,4831,11194,16025,27529,43554,1.83730076588698,1.3827916097687416,0,2,3,1,2
23,5,5339,00:00:00.1840000,4,6,20,8181,8183,23849,32032,45210,77242,1.9667522307786334,1.1234320678593621,0.004689956083893776,2,4,2,1.5
23,6,5883,00:00:00.2190000,6,18,44,13835,13866,50144,64010,77792,141802,2.08876039031442,1.2332712735282163,0.04715844616293907,3,6,3,1.6666666
23,7,6414,00:00:00.2480000,12,23,62,27191,27244,100843,128087,127598,255685,2.834614394468758,3.3850244833165,0.1467934399843216,3,12,9,1.2222222
23,8,6805,00:00:00.2780000,14,44,99,56288,56497,199754,256251,186197,442448,3.6610822910744742,2.2779737001762412,0.19008007645606995,3,14,10,1.3
23,9,7188,00:00:00.3200000,14,62,162,103850,104637,408045,512682,278915,791597,4.053336543090997,1.8577351228279797,0.2604306638240814,3,14,10,1.3
23,10,7592,00:00:00.3850000,17,134,299,189475,191978,832331,1024309,434737,1459046,4.460546246206624,3.185061033948756,0.35111233592033386,4,18,12,1.4166666
23,11,8013,00:00:00.5040000,21,241,551,346876,354443,1693605,2048048,691584,2739632,4.865588855960055,3.7651630647908054,0.5414484739303589,3,21,16,1.25
23,12,8458,00:00:00.7700000,33,457,1061,638592,660744,3437194,4097938,1124325,5222263,5.337154239326519,5.035645618364002,0.4007098376750946,4,34,26,1.2692307
23,13,8889,00:00:01.1890000,41,842,1992,1278122,1341985,6855129,8197114,1787893,9985007,6.124590610286029,6.523913702060044,0.36921030282974243,5,42,33,1.2424242
23,14,9269,00:00:01.8340000,46,1732,3876,2762410,2901192,13483179,16384371,2714181,19098552,7.147036102533657,7.073954778034785,0.3739893436431885,5,47,33,1.3939394
23,15,9578,00:00:02.8990000,42,3513,7473,6436492,6727604,26092294,32819898,3906679,36726577,8.39280962362728,6.046671442363642,0.4921833574771881,6,43,28,1.5
23,16,9826,00:00:04.8570000,45,7254,14471,14811791,15497615,50147397,65645012,5429506,71074518,9.621951457457103,6.007276316794052,0.22938518226146698,6,46,31,1.451613
23,17,10028,00:00:09.3310000,40,14951,28153,33141146,34942831,96193367,131136198,7405647,138541845,10.75529934903277,5.252099329628707,0.1263357698917389,6,41,30,1.3333334
23,18,10211,00:00:17.1890000,45,30375,55099,69969375,74528240,188519481,263047721,10257156,273304877,11.641585393609704,5.70227303177238,0.09476431459188461,7,46,35,1.2857143
23,19,10376,00:00:30.9230000,50,62478,108589,148114654,159850154,366597192,526447346,14335779,540783125,12.643536094679733,8.316843342300952,0.1485520452260971,5,50,40,1.225
23,20,10522,00:00:55.4430000,52,129168,215349,313647693,344421801,709348212,1053770013,20071737,1073841750,13.62548584408048,6.697415176095173,0.17456993460655212,5,52,39,1.3076923
24,0,3089,00:00:00.0860000,2,2,2,522,522,481,1003,2835,3838,1.003831417624521,1.0076922516553348,0,1,2,1,1
24,1,3614,00:00:00.1100000,2,2,2,868,868,1134,2002,5637,7639,1.076036866359447,1.1634813872353285,0,1,2,1,1
24,2,4073,00:00:00.1220000,2,3,3,1531,1532,2470,4002,9703,13705,1.3370346178967996,1.8079409984706267,0,1,2,1,1
24,3,4464,00:00:00.1320000,3,3,4,2820,2820,5196,8016,15211,23227,1.702836879432624,1.7924342049049002,0,2,3,1,2
24,4,4860,00:00:00.1660000,3,3,4,4983,4983,11049,16032,24332,40364,1.9604655829821394,1.315881135000637,0,2,3,1,2
24,5,5278,00:00:00.1790000,5,10,14,8701,8716,23296,32012,39772,71784,2.2334214458108264,1.6731675415653793,0.0339931957423687,2,5,3,1.3333334
24,6,5688,00:00:00.2080000,5,12,27,15968,16000,48031,64031,63994,128025,2.6311372745490984,1.943758266881008,0.07562848180532455,2,5,3,1.3333334
24,7,6112,00:00:00.2280000,7,17,46,28110,28217,99889,128106,104109,232215,2.8897901102810386,1.3586299631617484,0.09031862020492554,2,7,5,1.2
24,8,6590,00:00:00.2570000,14,32,78,48639,48831,207246,256077,176251,432328,3.066654330886737,1.3554386716430458,0.1019870713353157,2,14,11,1.1818181
24,9,7104,00:00:00.3080000,17,64,156,88761,89421,423093,512514,299844,812358,3.528565473575106,3.160495272998949,0.17070432007312775,3,17,13,1.2307693
24,10,7572,00:00:00.3830000,23,144,302,177777,179602,844879,1024481,479083,1503564,4.27421432468767,4.3490809962013826,0.2111533284187317,4,24,17,1.3529412
24,11,8007,00:00:00.5060000,27,248,550,344388,350924,1698683,2049607,744635,2794242,4.855700547057388,2.081809931455561,0.13368037343025208,4,28,21,1.2857143
24,12,8446,00:00:00.7680000,35,462,1040,647141,669507,3427031,4096538,1170836,5267374,5.391520549617471,2.925135615878319,0.08212687820196152,5,36,29,1.2068965
24,13,8862,00:00:01.1730000,43,924,2034,1328731,1390842,6810823,8201665,1810495,10012160,6.284849228323867,6.448085859084023,0.12445636838674545,5,44,33,1.3030303
24,14,9204,00:00:01.7570000,41,1770,3817,3011725,3152810,13259331,16412141,2644110,19056251,7.430058521279333,6.798405531874085,0.23093996942043304,4,41,32,1.25
24,15,9509,00:00:02.7690000,46,3425,7363,6242302,6547645,26256856,32804501,3831399,36635900,8.209951072537022,5.848114876836131,0.20973950624465942,5,46,34,1.3235294
24,16,9797,00:00:04.9950000,52,6781,14196,12864236,13629631,52048011,65677642,5608750,71286392,9.057563542833014,6.510335963602497,0.3774457275867462,5,52,38,1.3421053
24,17,10063,00:00:10.5820000,60,13596,27754,26413063,28471554,102792560,131264114,8216438,139480552,9.902159700296782,5.219184565249868,0.23381072282791138,6,61,44,1.3636364
24,18,10291,00:00:19.7300000,64,28781,54681,60954999,66017375,196321214,262338589,11727187,274065776,11.359404287743487,8.449865994854381,0.15904495120048523,8,65,44,1.4545455
24,19,10442,00:00:31.8640000,49,63273,108138,158792291,170343622,355528997,525872619,15424091,541296710,13.128728352436202,6.447956257314702,0.12135560065507889,7,50,32,1.53125
24,20,10565,00:00:52.0240000,39,133125,214168,352876310,379279022,672209305,1051488327,20262298,1071750625,14.122489313606799,8.459867439948049,0.1754138320684433,7,39,24,1.5833334
25,0,2598,00:00:00.0600000,2,2,3,499,499,502,1001,2762,3763,1.0040080160320641,1.0080481170959583,0,1,2,1,1
25,1,3060,00:00:00.0730000,2,2,3,901,901,1107,2008,5227,7235,1.0432852386237514,1.09030241862652,0,1,2,1,1
25,2,3518,00:00:00.0780000,4,4,5,1534,1534,2481,4015,9213,13228,1.3435462842242503,1.859629005188095,0.07209315150976181,1,4,3,1
25,3,3932,00:00:00.0930000,6,8,10,2801,2804,5208,8012,15040,23052,1.7193859335951447,1.9076145279522512,0.1776130348443985,2,6,4,1.25
25,4,4336,00:00:00.1170000,6,7,12,4897,4901,11113,16014,24421,40435,1.9493567490300183,1.3980655783608344,0.23380157351493835,2,6,4,1.25
25,5,4780,00:00:00.1240000,6,11,21,8396,8409,23640,32049,41206,73255,2.143639828489757,1.6140194109033152,0.19719505310058594,2,6,4,1.25
25,6,5212,00:00:00.1340000,10,15,33,15853,15880,48201,64081,66713,130794,2.6111776950734877,3.2123022211101357,0.25189608335494995,3,10,7,1.2857143
25,7,5592,00:00:00.1470000,11,31,53,30844,31011,97073,128084,102236,230320,3.275450654908572,3.9342811408707776,0.28805628418922424,4,12,7,1.5714285
25,8,5944,00:00:00.1630000,12,46,91,58804,59095,196990,256085,155090,411175,3.7908815726821303,2.5347550289873473,0.22917675971984863,4,13,8,1.5
25,9,6304,00:00:00.1880000,13,73,156,108379,109240,402902,512142,241648,753790,4.202253204033992,2.730032986477528,0.2934982478618622,3,13,9,1.3333334
25,10,6679,00:00:00.2300000,16,136,283,198700,200619,823792,1024411,386460,1410871,4.625098137896326,3.1900582498331778,0.25045421719551086,3,17,12,1.3333334
25,11,7085,00:00:00.3160000,20,255,535,352196,358555,1690804,2049359,635451,2684810,4.897216322729389,2.364854752206056,0.3905661404132843,3,21,16,1.25
25,12,7550,00:00:00.5140000,46,469,1043,609386,626718,3473184,4099902,1088758,5188660,5.134650287338403,2.709462112991037,0.3251168131828308,4,47,40,1.15
25,13,7958,00:00:00.8310000,47,925,2020,1506466,1563932,6630593,8194525,1704272,9898797,6.8887342960279225,3.206832465201672,0.36599647998809814,4,48,38,1.2368422
25,14,8226,00:00:01.2360000,18,1876,3858,3513897,3657187,12758754,16415941,2359575,18775516,7.962545003453431,1.4949775815550377,0.07295705378055573,4,19,13,1.3846154
25,15,8502,00:00:01.9510000,19,3497,7395,6610449,6921519,25908147,32829666,3439778,36269444,8.360229085800375,2.123435216336264,0.05297791212797165,5,19,13,1.3846154
25,16,8785,00:00:03.7820000,35,6970,14289,12922720,13778057,51761717,65539774,5183204,70722978,9.1124895532829,4.9164265886124445,0.26229676604270935,4,35,25,1.36
25,17,9008,00:00:08.3070000,38,14645,27841,31466666,33649998,97582620,131232618,7341792,138574410,10.688146338731913,10.342594958042351,0.4281534254550934,5,38,25,1.48
25,18,9181,00:00:15.6850000,48,30645,54472,72956145,77291359,185383934,262675293,10028198,272703491,11.85576988751256,8.180228160821445,0.3620653748512268,6,48,32,1.46875
25,19,9336,00:00:28.1660000,48,62913,107265,153945849,164710866,359582960,524293826,13858815,538152641,12.777079029912654,7.001229123184531,0.28333330154418945,7,48,32,1.46875
25,20,9467,00:00:48.4470000,47,132582,213726,345383815,373224879,677860720,1051085599,18959533,1070045132,14.134114668922747,6.373894655344379,0.19238026440143585,7,48,35,1.3428571
26,0,2519,00:00:00.0490000,1,1,1,495,495,508,1003,2958,3961,1,1,0,0,1,1,0
26,1,2984,00:00:00.0660000,2,2,2,854,854,1149,2003,5535,7538,1.0117096018735363,1.0236934155952608,0,1,2,1,1
26,2,3591,00:00:00.0730000,3,3,3,1467,1467,2540,4007,11020,15027,1.1206543967280163,1.2708859497345995,0.02533997781574726,1,3,2,1
26,3,4071,00:00:00.0890000,4,4,5,2675,2675,5326,8001,17751,25752,1.5682242990654205,2.1491971902687443,0.1712794005870819,2,4,2,1.5
26,4,4471,00:00:00.1120000,4,5,7,5000,5002,11013,16015,26892,42907,1.9866,1.9043305357384055,0.17392563819885254,2,4,2,1.5
26,5,4851,00:00:00.1180000,4,7,15,9126,9138,22922,32060,40993,73053,2.4643874643874644,2.2302398513536534,0.1650909036397934,2,4,2,1.5
26,6,5212,00:00:00.1250000,6,15,28,16673,16693,47402,64095,62266,126361,2.8035146644275177,1.5623166992843374,0.08324097841978073,3,6,3,1.6666666
26,7,5599,00:00:00.1350000,7,22,47,29406,29528,98577,128105,98828,226933,3.051826157926954,1.4482032642461682,0.033884234726428986,3,7,4,1.5
26,8,6014,00:00:00.1530000,12,39,94,53313,53526,202787,256313,161370,417683,3.4516159285727683,2.380270332415379,0.1418047994375229,3,12,8,1.375
26,9,6425,00:00:00.1810000,18,77,164,100705,101562,411227,512789,260385,773174,3.954202869768135,2.9795306171534173,0.2604466676712036,3,18,14,1.2142857
26,10,6827,00:00:00.2300000,26,136,309,191833,194327,829825,1024152,415259,1439411,4.521912288292421,3.7070951030103916,0.2591172456741333,3,26,20,1.25
26,11,7227,00:00:00.3170000,29,236,562,361088,369423,1678857,2048280,659168,2707448,5.049054524104927,3.6325580532501083,0.5124242901802063,4,29,21,1.3333334
26,12,7623,00:00:00.4870000,37,434,1037,708842,728744,3372464,4101208,1044016,5145224,5.706432463087684,6.952138188712773,0.3925683796405792,4,38,27,1.3703704
26,13,7995,00:00:00.7690000,35,879,2010,1423231,1476030,6727186,8203216,1617414,9820630,6.449681042641707,7.460691664282549,0.4400022029876709,4,36,24,1.4583334
26,14,8363,00:00:01.2950000,41,1727,3867,2717852,2853337,13543116,16396453,2520948,18917401,6.991864531254829,5.640447628615491,0.33510205149650574,4,42,31,1.3225807
26,15,8740,00:00:02.2430000,60,3333,7361,5182665,5542808,27264858,32807666,3988218,36795884,7.586847307321619,9.358873492824564,0.4159305691719055,5,61,48,1.25
26,16,9092,00:00:04.1010000,81,6772,14394,11022438,11950380,53717262,65667642,6147833,71815475,8.633742643868807,16.311734238264773,0.32126307487487793,6,82,57,1.4210526
26,17,9377,00:00:09.2940000,70,13652,28163,25341566,27636224,103613206,131249430,8923386,140172816,9.885129435173816,9.47386813769232,0.2971093952655792,5,71,51,1.372549
26,18,9613,00:00:19.3060000,53,28152,54985,56985310,62678456,199751899,262430355,12577503,275007858,11.047966730373144,10.633053370705499,0.35637417435646057,5,54,37,1.4324324
26,19,9822,00:00:35.9640000,63,57842,108670,121722290,134164147,390927223,525091370,17741708,542833078,11.918147530743958,8.894470302227335,0.26608702540397644,5,64,49,1.2857143
26,20,10021,00:01:07.2280000,70,117525,215275,245946913,277336381,773375183,1050711564,25549069,1076260633,12.69729431001234,10.416940315282739,0.34234288334846497,6,71,52,1.3461539
27,0,2804,00:00:00.0960000,1,1,3,490,490,511,1001,2900,3901,1,1,0,0,1,1,0
27,1,3276,00:00:00.1180000,1,1,3,860,860,1146,2006,5390,7396,1,1,0,0,1,1,0
27,2,3782,00:00:00.1300000,2,2,5,1483,1483,2518,4001,9707,13708,1.0074173971679028,1.0149447841579973,0,1,2,1,1
27,3,4459,00:00:00.1490000,3,3,8,2426,2426,5583,8009,19252,27261,1.129843363561418,1.2959098977162586,0.04934752359986305,1,3,2,1
27,4,5025,00:00:00.2050000,3,5,16,4561,4565,11462,16027,32009,48036,1.5853979390484543,2.0452869047149544,0.13900935649871826,1,3,2,1
27,5,5540,00:00:00.2220000,5,7,22,7920,7922,24098,32020,51100,83120,1.9001262626262627,1.3791326657254457,0.16978496313095093,2,5,3,1.3333334
27,6,6117,00:00:00.2440000,6,11,32,13561,13591,50427,64018,85584,149602,2.047341641471868,1.2859881976289254,0.20546050369739532,2,6,4,1.25
27,7,6712,00:00:00.2730000,9,25,64,24775,24881,103207,128088,141952,270040,2.44351160443996,2.424776649385066,0.1587391495704651,2,9,7,1.1428572
27,8,7248,00:00:00.3120000,18,34,95,47784,48040,208305,256345,221910,478255,3.1068558513309896,2.805373567207126,0.16828827559947968,5,19,12,1.5
27,9,7619,00:00:00.3530000,18,74,166,115776,116532,396558,513090,309685,822775,4.572692095080154,3.3594476500227373,0.18123015761375427,4,18,11,1.5454545
27,10,7903,00:00:00.3960000,15,118,291,240753,243213,782756,1025969,418787,1444756,5.3537982911947095,2.6878452149161647,0.13297122716903687,5,15,7,2
27,11,8190,00:00:00.4710000,14,221,516,453568,460197,1588348,2048545,594717,2643262,5.8140433187526455,2.1503553818455203,0.11117695271968842,4,14,8,1.625
27,12,8492,00:00:00.6600000,19,478,1006,854014,869131,3231107,4100238,888535,4988773,6.315898802595742,2.7362777072167344,0.10981987416744232,4,20,12,1.5833334
27,13,8788,00:00:00.9190000,25,922,1908,1697789,1742495,6455091,8197586,1345237,9542823,7.057461203954084,5.317295742803007,0.14512178301811218,5,26,15,1.6666666
27,14,9065,00:00:01.3850000,33,1883,3726,3467874,3591428,12830997,16422425,2023908,18446333,7.849974076336107,6.546757978042192,0.2639085054397583,6,34,23,1.4347826
27,15,9327,00:00:02.2290000,43,3649,7210,7034980,7352711,25483368,32836079,3043440,35879519,8.637453411381411,7.13021117644978,0.3420540392398834,5,43,32,1.3125
27,16,9574,00:00:03.9310000,55,7085,13925,14452209,15195584,50510846,65706430,4570059,70276489,9.447167142407087,7.140198475839418,0.2607027292251587,5,55,41,1.3170732
27,17,9811,00:00:08.4260000,58,14084,27228,28615518,30817494,100538266,131355760,6899882,138255642,10.169271581943756,8.253949718598395,0.384708970785141,5,59,39,1.4871795
27,18,10049,00:00:18.6250000,67,28066,53920,55323996,60848420,202005975,262854395,10616000,273470395,10.785635133803423,12.625663785468046,0.3331987261772156,6,68,48,1.3958334
27,19,10289,00:00:38.7420000,81,56111,107846,106260455,120473825,404480607,524954432,16547011,541501443,11.449793123886021,22.546709434269278,0.3374716341495514,6,82,52,1.5576923
27,20,10513,00:01:14.9970000,86,114670,214459,219673695,257481579,792151880,1049633459,25273404,1074906863,12.4868231901867,25.869230092305774,0.4348911941051483,6,87,56,1.5357143
28,0,3969,00:00:00.0560000,1,1,1,512,512,491,1003,3556,4559,1,1,0,0,1,1,0
28,1,4486,00:00:00.0700000,1,1,1,832,832,1169,2001,6361,8362,1,1,0,0,1,1,0
28,2,5049,00:00:00.0770000,2,2,3,1466,1466,2543,4009,11248,15257,1.0156889495225103,1.0318699483518323,0,1,2,1,1
28,3,5694,00:00:00.0860000,2,3,5,2471,2472,5551,8023,20346,28369,1.1545932820720357,1.3538915590153449,0,1,2,1,1
28,4,6273,00:00:00.1120000,2,5,10,4451,4457,11566,16023,33539,49562,1.603235228038643,1.9182258215819261,0,1,2,1,1
28,5,6790,00:00:00.1210000,5,11,21,7981,7990,24016,32006,52804,84810,1.9226913920561333,1.2567643910773336,0.01367559190839529,2,5,3,1.3333334
28,6,7337,00:00:00.1440000,7,11,32,13973,13995,50019,64014,85627,149641,2.176125384670436,1.5741924870902946,0.04724419489502907,2,7,5,1.2
28,7,7857,00:00:00.1600000,8,27,61,26212,26340,101798,128138,134419,262557,2.6370746223103922,3.778274797517656,0.18643207848072052,2,8,6,1.1666666
28,8,8380,00:00:00.1890000,17,47,118,46173,46531,209657,256188,213136,469324,2.9286379485846705,3.634232997908304,0.46951574087142944,2,17,14,1.1428572
28,9,8955,00:00:00.2360000,26,76,196,81070,82113,430326,512439,351407,863846,3.1974713210805477,4.748992550749997,0.5489380359649658,2,26,21,1.1904762
28,10,9512,00:00:00.3090000,32,142,350,160555,163118,861669,1024787,564019,1588806,3.9479555292578867,12.001273695499052,0.7519547343254089,3,33,25,1.28
28,11,9989,00:00:00.4350000,37,247,594,330091,336214,1713598,2049812,854608,2904420,4.723991263015351,4.569386223818403,0.6910801529884338,3,38,26,1.4230769
28,12,10439,00:00:00.6160000,34,467,1108,650512,669593,3431303,4100896,1290815,5391711,5.43580287527363,4.478442951566571,0.2726591229438782,3,35,27,1.2592592
28,13,10829,00:00:00.9190000,29,878,2039,1399458,1452473,6739790,8192263,1888521,10080784,6.420286996823056,3.07319091091947,0.1620103269815445,4,30,21,1.3809524
28,14,11190,00:00:01.4180000,38,1779,3928,2820377,2945851,13450983,16396834,2772814,19169648,7.149143536484662,2.434181992537968,0.1452004462480545,6,39,27,1.4074074
28,15,11463,00:00:02.0890000,38,3656,7376,7583051,7885734,24969064,32854798,3811021,36665819,9.20502736959042,4.701161617736178,0.17288368940353394,8,39,25,1.52
28,16,11628,00:00:02.9060000,29,7833,14150,19327465,20012669,45558835,65571504,4826235,70397739,10.681537904738153,2.5926380877908253,0.1627032607793808,7,29,19,1.4736842
28,17,11779,00:00:04.4070000,19,15997,27597,40506511,42308465,89167484,131475949,6313888,137789837,11.4795092324787,3.3020480110892607,0.09587378054857254,5,20,14,1.3571428
28,18,11928,00:00:08.1600000,22,32231,54546,80848793,85062863,178122535,263185398,8649731,271835129,12.129190030084926,3.5561774736611413,0.11919704079627991,5,22,16,1.3125
28,19,12083,00:00:18.6700000,25,63718,107752,151428370,164328865,361807066,526135931,12513053,538648984,12.59482106952614,2.2341623429292086,0.10859883576631546,4,25,18,1.3333334
28,20,12251,00:00:43.4710000,47,124662,213402,274006611,308562614,740744827,1049307441,19141775,1068449216,12.998211988396148,2.017175657724644,0.1722838431596756,4,47,40,1.15
2,0,2498,00:00:00.0360000,2,2,3,507,507,497,1004,3444,4448,1.0118343195266273,1.0239486689895356,0,1,2,1,1
2,1,2960,00:00:00.0500000,3,3,4,868,868,1136,2004,6036,8040,1.1601382488479262,1.3699963276343645,0.023778555914759636,1,3,2,1
2,2,3345,00:00:00.0780000,2,2,4,1623,1623,2383,4006,9409,13415,1.5317313616759087,1.9919772744068607,0,1,2,1,1
2,3,3693,00:00:00.0830000,2,3,6,2899,2901,5116,8017,14317,22334,1.8120041393583994,1.4394843992928543,0,1,2,1,1
2,4,4078,00:00:00.1050000,3,3,7,4984,4984,11030,16014,23194,39208,1.9468298555377208,1.131336107022657,0,2,3,1,2
2,5,4542,00:00:00.1120000,3,6,12,8175,8187,23850,32037,40505,72542,2.0051376146788993,1.0535670372039103,0,2,3,1,2
2,6,5076,00:00:00.1270000,6,11,26,14002,14013,50013,64026,72767,136793,2.1848307384659336,1.4568778924429384,0.0549515038728714,2,6,4,1.25
2,7,5598,00:00:00.1460000,7,28,51,26192,26331,101807,128138,121860,249998,2.6596670739156996,2.2056133620005474,0.1780654639005661,2,7,5,1.2
2,8,6093,00:00:00.1730000,15,39,92,48369,48653,207468,256121,196285,452406,3.120056234364986,2.2547031924694942,0.16690470278263092,2,15,13,1.0769231
2,9,6572,00:00:00.2050000,19,74,166,92416,93277,419353,512630,311424,824054,3.639661963296399,4.0056355245145605,0.21446485817432404,3,19,16,1.125
2,10,7064,00:00:00.2660000,29,142,321,165456,167951,857357,1025308,501814,1527122,3.9750386809786287,3.581387400712039,0.22743798792362213,3,30,25,1.16
2,11,7584,00:00:00.3750000,43,240,586,308170,314335,1734919,2049254,821256,2870510,4.507499107635396,6.973822233812533,0.4011971652507782,4,43,34,1.2352941
2,12,8006,00:00:00.5540000,36,465,1074,729866,749581,3351981,4101562,1225309,5326871,5.9204525214217405,4.924371164276485,0.3599374294281006,5,37,27,1.3333334
2,13,8331,00:00:00.8040000,29,888,1985,1583410,1623572,6581637,8205209,1726053,9931262,6.797802211682382,1.8422990553420402,0.1597578525543213,4,30,21,1.3809524
2,14,8660,00:00:01.2630000,28,1679,3729,3008772,3104404,13297708,16402112,2535507,18937619,7.30880106568394,2.3572219318414906,0.0879424437880516,4,29,23,1.2173913
2,15,8981,00:00:02.0290000,29,3311,7256,6035982,6355428,26438543,32793971,3781796,36575767,8.10522430318712,4.373309501056803,0.13190768659114838,5,30,24,1.2083334
2,16,9286,00:00:03.5120000,45,6735,14362,12043893,12835820,52790950,65626770,5669410,71296180,8.80056340586885,2.291287133318859,0.1650952845811844,4,45,37,1.1891892
2,17,9592,00:00:06.4070000,58,13254,27914,23215828,25380821,105720245,131101066,8668509,139769575,9.452940037288354,3.5109044546268517,0.13663458824157715,4,58,50,1.14
2,18,9876,00:00:12.6360000,78,27055,55079,48554387,54572534,207907530,262480064,13062299,275542363,10.460031448857546,5.706892435042015,0.14490088820457458,6,79,63,1.2380953
2,19,10109,00:00:28.2280000,77,56398,108240,112661059,127073877,397355842,524429719,18762482,543192201,11.830823860798255,5.0344194074091755,0.1215013787150383,6,78,60,1.2833333
2,20,10305,00:00:57.8190000,61,117533,215183,247207987,280849602,770655838,1051505440,26440224,1077945664,12.81609353099097,2.99726482334632,0.11791419982910156,7,61,46,1.3043479
29,0,2376,00:00:00.0310000,1,1,1,513,513,488,1001,2692,3693,1,1,0,0,1,1,0
29,1,2819,00:00:00.0430000,1,1,2,833,833,1170,2003,5082,7085,1,1,0,0,1,1,0
29,2,3355,00:00:00.0480000,1,1,4,1443,1443,2566,4009,9716,13725,1,1,0,0,1,1,0
29,3,4087,00:00:00.0550000,1,1,4,2265,2265,5738,8003,20281,28284,1,1,0,0,1,1,0
29,4,4973,00:00:00.0810000,3,4,10,3781,3782,12227,16009,40963,56972,1.0179846601428193,1.0367409334464202,0.011575390584766865,1,3,2,1
29,5,5908,00:00:00.1060000,8,12,24,6936,6943,25072,32015,75323,107338,1.4047001153402539,2.1626066823277306,0.17794768512248993,2,8,6,1.1666666
29,6,6530,00:00:00.1280000,10,18,39,14187,14231,49800,64031,112054,176085,2.201733981814337,3.283009271488434,0.498888224363327,3,10,6,1.5
29,7,7011,00:00:00.1540000,13,27,60,27292,27407,100605,128012,157113,285125,2.8263227319360986,2.255327598479419,0.36017030477523804,3,13,9,1.3333334
29,8,7455,00:00:00.1820000,17,46,99,52092,52443,203847,256290,223590,479880,3.358653919987714,2.9827280335794306,0.21986150741577148,3,18,13,1.3076923
29,9,7890,00:00:00.2120000,22,86,180,96143,96940,415227,512167,328591,840758,3.7930998616643956,3.365059865241624,0.25455442070961,3,23,16,1.375
29,10,8352,00:00:00.2690000,31,144,315,172579,174663,850436,1025099,507109,1532208,4.127889256514408,3.64853207955349,0.23393715918064117,4,32,24,1.2916666
29,11,8824,00:00:00.3690000,41,272,574,327632,335338,1713814,2049152,795503,2844655,4.716926307564584,9.976713922837288,0.27044543623924255,4,42,31,1.3225807
29,12,9257,00:00:00.5600000,49,467,1029,673862,694266,3402884,4097150,1214202,5311352,5.554227720215712,8.3424300986787,0.39965811371803284,5,50,34,1.4411764
29,13,9639,00:00:00.8580000,46,884,1994,1412080,1471073,6723313,8194386,1801287,9995673,6.468013143731233,6.983919879409417,0.2859727442264557,5,47,31,1.483871
29,14,9977,00:00:01.3200000,44,1768,3805,2980269,3117555,13267163,16384718,2627422,19012140,7.366697771241455,4.9177388352113125,0.2978001832962036,5,45,30,1.4666667
29,15,10294,00:00:02.1090000,51,3533,7357,6047974,6362299,26451862,32814161,3860856,36675017,8.103771114095398,3.6335189722507786,0.2781229317188263,5,52,38,1.3421053
29,16,10603,00:00:03.6170000,51,6843,14251,11734306,12736401,52852347,65588748,5769984,71358732,8.773739154237157,3.915311821525727,0.17125347256660461,4,52,38,1.3421053
29,17,10904,00:00:06.5320000,72,13756,28131,23495224,25935248,105353536,131288784,8717377,140006161,9.551790483036042,7.651216446895668,0.16307100653648376,6,73,52,1.3846154
29,18,11176,00:00:12.5830000,77,27596,55287,50412793,56403601,205946888,262350489,12925559,275276048,10.625287712188452,15.40903925557077,0.2599807381629944,6,78,53,1.4528302
29,19,11415,00:00:30.7310000,75,56475,109402,108641947,122266052,403534820,525800872,18817609,544618481,11.56026409394154,7.239599327066159,0.3823344111442566,6,75,52,1.4230769
29,20,11643,00:01:05.7410000,96,112630,215286,216694694,249157621,799931440,1049089061,27754394,1076843455,12.265200660612392,7.995094778597233,0.43845757842063904,6,97,64,1.5
30,0,2358,00:00:00.0330000,2,2,2,503,503,498,1001,3006,4007,1.0417495029821073,1.086971780544372,0,1,2,1,1
30,1,2730,00:00:00.0460000,2,2,4,949,949,1054,2003,4946,6949,1.1454162276080084,1.3307439701476491,0,1,2,1,1
30,2,3149,00:00:00.0510000,2,2,4,1567,1567,2438,4005,8611,12616,1.4582003828972558,1.9861193536943411,0,1,2,1,1
30,3,3520,00:00:00.0550000,3,3,8,2821,2821,5182,8003,13779,21782,1.771712158808933,1.5531869566819605,0.024121692404150963,1,3,2,1
30,4,3910,00:00:00.0850000,2,4,10,4944,4947,11077,16024,22680,38704,1.919093851132686,1.1747025856055588,0,1,2,1,1
30,5,4369,00:00:00.0920000,3,6,22,8002,8010,23996,32006,39876,71882,1.9781304673831541,1.0505188833453136,0,2,3,1,2
30,6,4929,00:00:00.1030000,5,9,32,13754,13763,50284,64047,73579,137626,2.0261742038679658,1.0703202855115712,0.015738913789391518,2,5,3,1.3333334
30,7,5555,00:00:00.1260000,6,21,58,23842,23942,104068,128010,133214,261224,2.3044627128596593,1.8522392020363283,0.14482350647449493,1,6,5,1
30,8,6145,00:00:00.1520000,11,43,101,44999,45297,211031,256328,221711,478039,2.85615235894131,2.785155877792475,0.33915063738822937,2,11,8,1.25
30,9,6688,00:00:00.1890000,20,66,175,86667,87267,424776,512043,351720,863763,3.4411136880242768,4.623360740135977,0.4024043381214142,3,20,14,1.3571428
30,10,7200,00:00:00.2510000,31,132,316,164858,167300,857500,1024800,548285,1573085,3.993636948161448,5.688399085613592,0.45972806215286255,4,31,20,1.5
30,11,7657,00:00:00.3450000,44,244,561,357083,362705,1687106,2049811,825826,2875637,5.083271956379889,11.42366048940557,0.522129237651825,6,45,30,1.4666667
30,12,7967,00:00:00.4790000,26,450,1015,880659,900487,3196293,4096780,1123577,5220357,6.567547711429736,3.513797917767889,0.2751471698284149,5,27,15,1.7333333
30,13,8232,00:00:00.6670000,24,894,1882,1840016,1875563,6334647,8210210,1532913,9743123,7.317742345718733,2.977046873016335,0.1289515644311905,5,25,17,1.4117647
30,14,8503,00:00:01.0440000,22,1737,3618,3477355,3564276,12839469,16403745,2201018,18604763,7.789965649178758,2.86487871656527,0.14301997423171997,4,23,17,1.2941177
30,15,8794,00:00:01.7350000,21,3401,7093,6337425,6644568,26125180,32769748,3337872,36107620,8.20377014323641,3.546049368422925,0.14566868543624878,5,22,16,1.3125
30,16,9102,00:00:03.1780000,43,6687,13935,11720168,12665297,52873158,65538455,5242077,70780532,8.727844174247332,6.72058539801558,0.2991706132888794,4,43,32,1.3125
30,17,9388,00:00:05.9510000,66,13765,27569,25497186,27791232,103315093,131106325,8018242,139124567,9.904340541736644,10.994023455035515,0.2688170075416565,5,66,45,1.4444444
30,18,9619,00:00:11.6480000,64,28394,54330,58256858,63302800,199367669,262670469,11599153,274269622,11.029814910375016,7.627648191408365,0.23341576755046844,6,65,45,1.4222223
30,19,9839,00:00:28.0540000,64,57554,108253,114113106,127764205,397067026,524831231,17048089,541879320,11.664624771496449,8.72346184134232,0.29577916860580444,6,64,45,1.4
30,20,10059,00:01:01.6760000,85,114894,214780,223520038,258292010,791039440,1049331450,25658652,1074990102,12.438649285662702,13.015188705522773,0.30411311984062195,7,86,62,1.3709677
31,0,3345,00:00:00.0440000,2,2,3,539,539,464,1003,3333,4336,1.085343228200371,1.1850019724645438,0,1,2,1,1
31,1,3733,00:00:00.0570000,5,5,7,934,934,1067,2001,5397,7398,1.404710920770878,1.9812855146847754,0.061458032578229904,1,5,4,1
31,2,4039,00:00:00.0760000,5,5,7,1721,1721,2282,4003,8073,12076,1.715862870424172,1.8271295614090985,0.12034285813570023,1,5,4,1
31,3,4378,00:00:00.0970000,6,6,8,2914,2914,5098,8012,12970,20982,1.9148936170212767,1.309074111359286,0.15356993675231934,2,6,4,1.25
31,4,4761,00:00:00.1020000,6,6,9,4994,4994,11009,16003,21924,37927,1.9803764517420905,1.1626240594103854,0.1777127981185913,2,6,4,1.25
31,5,5218,00:00:00.1090000,6,9,13,8290,8293,23717,32010,39327,71337,2.0155609167671895,1.1471886069450925,0.1564483642578125,2,6,4,1.25
31,6,5746,00:00:00.1200000,8,15,28,14172,14212,49828,64040,71076,135116,2.1982782952300313,1.6150763441325366,0.12676694989204407,2,9,7,1.1428572
31,7,6262,00:00:00.1340000,10,20,47,26222,26265,101774,128039,119342,247381,2.632217222179849,1.9820842017424283,0.06111771985888481,2,11,9,1.1111112
31,8,6784,00:00:00.1530000,11,36,83,46401,46619,209416,256035,197622,453657,2.9237731945432213,1.2749550330519221,0.05235005542635918,3,12,9,1.2222222
31,9,7375,00:00:00.1890000,16,59,146,79422,80102,432381,512483,340682,853165,3.1117196746493416,1.4176895165706134,0.08288659155368805,2,16,14,1.0714285
31,10,7981,00:00:00.2560000,29,124,289,149048,151654,873037,1024691,572371,1597062,3.678902098652783,3.9329831364270795,0.13578979671001434,3,30,27,1.074074
31,11,8534,00:00:00.3630000,35,236,558,299308,305743,1742278,2048021,910726,2958747,4.409598139708929,5.564497078079405,0.3283849358558655,3,35,30,1.1333333
31,12,9057,00:00:00.5740000,33,452,1079,569344,590232,3509694,4099926,1417461,5517387,4.954510805418166,3.6888932623696733,0.3395121991634369,3,33,26,1.2307693
31,13,9574,00:00:00.9820000,56,851,2129,1120000,1170855,7022801,8193656,2215022,10408678,5.658411607142857,8.422974373158876,0.35570600628852844,4,57,46,1.2173913
31,14,10028,00:00:01.5990000,56,1644,3970,2381622,2525268,13865692,16390960,3321485,19712445,6.62294352336349,6.77489486329766,0.40054741501808167,4,57,46,1.2173913
31,15,10447,00:00:02.6780000,51,3144,7589,4759036,5151598,27665767,32817365,4948691,37766056,7.354595972797853,6.3955888625863055,0.3444189727306366,4,52,37,1.3783784
31,16,10850,00:00:04.6880000,66,6330,14763,9418982,10411116,55175998,65587114,7434507,73021621,8.082078190615503,8.412848886649327,0.23557701706886292,5,67,49,1.3469387
31,17,11227,00:00:08.5140000,78,12552,28589,19529769,22088488,109210727,131299215,11113190,142412405,9.014547176671675,18.169641536213568,0.34471458196640015,6,79,54,1.4444444
31,18,11485,00:00:15.4850000,57,28112,55743,59604047,65480153,197278811,262758964,15003492,277762456,11.576838196909684,3.949291269644004,0.2860028147697449,7,58,32,1.78125
31,19,11642,00:00:27.4280000,41,61186,108860,148640424,161157309,363914377,525071686,18884525,543956211,12.767379417593697,1.6271342520614713,0.1395949125289917,5,42,32,1.28125
31,20,11801,00:00:51.3060000,47,123918,215332,295632374,321968775,729230743,1051199518,25161674,1076361192,13.27255795402164,1.9520901205743235,0.17174051702022552,3,48,38,1.2368422
32,0,4331,00:00:00.0660000,2,2,2,503,503,498,1001,3244,4245,1.0019880715705765,1.003984011220178,0,1,2,1,1
32,1,4836,00:00:00.0800000,1,1,3,860,860,1145,2005,5999,8004,1,1,0,0,1,1,0
32,2,5381,00:00:00.0850000,1,2,4,1393,1394,2607,4001,10757,14758,1,1,0,0,1,1,0
32,3,6090,00:00:00.0940000,3,4,8,2366,2368,5638,8006,20939,28945,1.0270498732037194,1.0556337864386593,0.004265169613063335,1,3,2,1
32,4,6825,00:00:00.1130000,4,5,13,4166,4167,11834,16001,37658,53659,1.343254920787326,1.895426071088339,0.10709230601787567,1,4,3,1
32,5,7405,00:00:00.1400000,5,7,20,7829,7832,24181,32013,58936,90949,1.8431472729595095,1.7106216338450462,0.2716279923915863,2,5,3,1.3333334
32,6,7976,00:00:00.1530000,7,18,34,13630,13676,50333,64009,93163,157172,2.067498165810712,1.6439205103017653,0.32211026549339294,2,7,4,1.5
32,7,8548,00:00:00.1700000,14,19,56,25242,25275,102885,128160,147488,275648,2.5281277236352113,2.995271162043504,0.39394429326057434,3,14,10,1.3
32,8,9066,00:00:00.1920000,14,33,98,47850,47944,208179,256123,225314,481437,3.04858934169279,2.9118406728073585,0.3600577712059021,3,15,11,1.2727273
32,9,9559,00:00:00.2290000,13,73,191,90706,91683,420677,512360,343785,856145,3.592011553811214,2.2842299742160534,0.16742220520973206,4,14,9,1.4444444
32,10,10048,00:00:00.2890000,17,136,330,168507,171169,853853,1025022,531681,1556703,4.051790133347576,1.7365649662514973,0.06979934126138687,4,18,14,1.2142857
32,11,10533,00:00:00.3940000,27,248,616,324277,331053,1719945,2050998,827672,2878670,4.661314246770508,3.9185410798460594,0.09167523682117462,4,28,22,1.2272727
32,12,10980,00:00:00.5960000,40,457,1098,662293,678824,3423167,4101991,1260022,5362013,5.476129145257461,6.486482309059155,0.31185978651046753,3,40,32,1.21875
32,13,11374,00:00:00.8910000,38,848,2018,1382882,1429676,6768540,8198216,1866202,10064418,6.35480178352166,6.370220696860035,0.27183061838150024,4,38,28,1.3214285
32,14,11749,00:00:01.4050000,39,1695,3879,2703396,2832574,13580469,16413043,2787176,19200219,6.986365297573866,5.2129928021940275,0.39553138613700867,5,40,28,1.3928572
32,15,12119,00:00:02.3580000,49,3364,7500,5327177,5672684,27108828,32781512,4225609,37007121,7.704441207791669,10.265493598694912,0.5073369741439819,5,50,33,1.4848485
32,16,12446,00:00:04.4180000,63,6787,14495,11770392,12627038,53013364,65640402,6231867,71872269,8.828774861533923,10.224332702491887,0.44902220368385315,6,64,37,1.7027028
32,17,12729,00:00:10.0100000,53,13744,28237,24881150,27111891,103973534,131085425,9000998,140086423,9.735839058885944,5.080054599837757,0.3300350308418274,5,54,36,1.4722222
32,18,13002,00:00:22.0440000,62,27250,55551,49562314,55025296,207256189,262281485,13248267,275529752,10.439014227624643,7.088349344299261,0.23071247339248657,5,63,44,1.4090909
32,19,13265,00:00:44.4530000,76,55150,109648,99463505,114077346,411495647,525572993,19725662,545298655,11.284399871088395,14.137280125153968,0.2699393033981323,5,77,52,1.4615384
32,20,13479,00:01:18.9400000,69,115773,215760,236244810,273328929,775703593,1049032522,27992154,1077024676,12.912289429765673,8.92977890391255,0.2754612863063812,7,70,42,1.6428572
33,0,3142,00:00:00.0400000,1,1,3,507,507,496,1003,3345,4348,1,1,0,0,1,1,0
33,1,3635,00:00:00.0540000,1,1,3,870,870,1131,2001,5986,7987,1,1,0,0,1,1,0
33,2,4257,00:00:00.0600000,1,1,4,1389,1389,2612,4001,11631,15632,1,1,0,0,1,1,0
33,3,4918,00:00:00.0680000,2,2,5,2413,2413,5589,8002,21062,29064,1.0045586406962288,1.0091588058509469,0,1,2,1,1
33,4,5757,00:00:00.0960000,5,5,11,3873,3873,12130,16003,40472,56475,1.0792667183062226,1.1749148196853214,0.05020987242460251,1,5,4,1
33,5,6485,00:00:00.1180000,6,12,20,7398,7404,24618,32022,67128,99150,1.677345228440119,3.1542290474469965,0.4162566363811493,1,6,5,1
33,6,7103,00:00:00.1330000,14,20,40,13505,13519,50522,64041,104397,168438,2.012291743798593,2.6788839460709286,0.4852900505065918,2,14,10,1.3
33,7,7699,00:00:00.1530000,18,28,60,25179,25238,102862,128100,161019,289119,2.562254259501966,5.942415690203415,0.49331772327423096,4,18,12,1.4166666
33,8,8130,00:00:00.1750000,20,52,110,55874,56121,200179,256300,224930,481230,3.6752335612270466,4.136735907322039,0.39362481236457825,5,21,11,1.8181819
33,9,8461,00:00:00.2000000,20,83,170,116132,117254,395078,512332,304447,816779,4.517583439534323,2.5730933125363458,0.1440494954586029,5,21,12,1.6666666
33,10,8773,00:00:00.2410000,20,143,308,226331,229455,795906,1025361,423787,1449148,5.120845133896815,2.357915774285937,0.056014541536569595,5,21,14,1.4285715
33,11,9071,00:00:00.3020000,22,277,562,452572,459900,1589644,2049544,605331,2654875,5.867192402534846,3.8367293101260205,0.08938957750797272,5,23,17,1.2941177
33,12,9345,00:00:00.4190000,26,485,994,924116,941907,3163671,4105578,871163,4976741,6.636966571296244,4.563318683984146,0.36664360761642456,5,26,19,1.3157895
33,13,9605,00:00:00.6260000,30,968,1889,1872601,1915779,6295204,8210983,1272190,9483173,7.411896073963434,5.566838552076713,0.3119319677352905,4,30,22,1.3181819
33,14,9841,00:00:00.9560000,30,1861,3569,3905181,4026576,12380246,16406822,1850147,18256969,8.302278434725562,3.8732089766565245,0.31078070402145386,4,30,20,1.45
33,15,10065,00:00:01.5070000,33,3718,7010,7936027,8234074,24618407,32852481,2723161,35575642,9.072928305309444,3.12682393973405,0.2295907586812973,5,34,22,1.5
33,16,10258,00:00:02.4170000,31,7553,13658,17662597,18411673,47130636,65542309,3907532,69449841,10.328978915161796,6.425301487371015,0.3518889248371124,6,32,19,1.6315789
33,17,10418,00:00:04.1420000,31,15671,27006,38937103,40805813,90709785,131515598,5478856,136994454,11.332434131013805,3.238099340015295,0.535117506980896,5,31,20,1.5
33,18,10578,00:00:09.9140000,33,31401,53617,75581007,80262239,182331300,262593539,7990295,270583834,11.85480946291176,2.2634210062866758,0.5877764225006104,5,34,24,1.375
33,19,10751,00:00:23.5700000,43,61845,106936,139851208,152019765,372586420,524606185,12289006,536895191,12.29974337440117,2.8290310671315666,0.30870571732521057,4,44,33,1.3030303
33,20,10929,00:00:51.2930000,60,123788,214029,268315321,300858932,750437948,1051296880,19274776,1070571656,12.98028269134881,5.814053530522631,0.15830965340137482,5,61,48,1.25
34,0,2316,00:00:00.0450000,1,1,1,527,527,474,1001,2540,3541,1,1,0,0,1,1,0
34,1,2784,00:00:00.0570000,1,1,2,816,816,1186,2002,5167,7169,1,1,0,0,1,1,0
34,2,3336,00:00:00.0630000,2,2,6,1443,1443,2568,4011,9872,13883,1.0027720027720028,1.0055593144946087,0,1,2,1,1
34,3,4073,00:00:00.0720000,3,3,7,2377,2377,5629,8006,20491,28497,1.0437526293647454,1.0914455566660268,0.007252766750752926,1,3,2,1
34,4,4760,00:00:00.0910000,3,9,14,4233,4245,11763,16008,36096,52104,1.3895582329317269,1.9123039777300632,0.017238153144717216,1,3,2,1
34,5,5310,00:00:00.1170000,4,6,19,8047,8049,23953,32002,56101,88103,1.9433329191002857,1.8166029756155306,0.057161543518304825,2,4,2,1.5
34,6,5772,00:00:00.1260000,5,9,32,15454,15460,48610,64070,83340,147410,2.5472369613045167,2.2879079512936396,0.043611396104097366,3,5,2,2
34,7,6171,00:00:00.1360000,6,22,55,30137,30232,97973,128205,120647,248852,3.166141288117596,2.3360431807524407,0.01528643537312746,3,6,3,1.6666666
34,8,6542,00:00:00.1520000,9,38,95,57033,57236,198914,256150,176682,432832,3.6981922746480107,1.9325020513429922,0.03424509987235069,3,9,6,1.3333334
34,9,6919,00:00:00.1790000,14,73,181,105034,105662,406546,512208,267814,780022,4.088580840489747,1.8127918250797812,0.04760836437344551,4,14,9,1.4444444
34,10,7301,00:00:00.2240000,18,128,314,199113,201461,823278,1024739,414660,1439399,4.670905465740559,3.4313882161049127,0.11532501876354218,3,18,13,1.3076923
34,11,7658,00:00:00.3010000,20,257,574,396732,404399,1643616,2048015,631922,2679937,5.385325610235625,6.017779143630117,0.39456677436828613,4,20,12,1.5833334
34,12,8011,00:00:00.4700000,31,488,1083,759303,776213,3327504,4103717,975672,5079389,5.896819846622495,6.3001878134109095,0.4548552930355072,3,31,23,1.3043479
34,13,8380,00:00:00.7560000,44,909,2037,1400926,1458928,6744388,8203316,1545393,9748709,6.356703351925797,9.579439405158814,0.47430795431137085,4,44,33,1.3030303
34,14,8756,00:00:01.2850000,71,1727,3888,2687383,2836649,13548793,16385442,2466432,18851874,6.993929782245404,17.952472850572853,0.5078153610229492,6,72,52,1.3653846
34,15,9051,00:00:02.0170000,61,3653,7485,6973107,7372879,25425675,32798554,3590284,36388838,8.89339615755215,3.9665695625303883,0.3093429207801819,6,62,43,1.4186046
34,16,9259,00:00:03.1800000,43,7448,14274,16227731,17084654,48592189,65676843,4875559,70552402,9.960683967462858,2.009509126411357,0.12300163507461548,6,44,33,1.3030303
34,17,9470,00:00:06.3520000,41,14528,27683,31350048,33215512,98123776,131339288,6960205,138299493,10.429584669216455,2.9742162261580125,0.06724998354911804,6,42,32,1.28125
34,18,9694,00:00:15.2350000,54,28832,54741,58478091,63657546,199217020,262874566,10463674,273338240,10.929991644221081,6.389867496036091,0.1795244961977005,5,55,43,1.255814
34,19,9912,00:00:32.4130000,74,58152,108472,116547683,130733969,393697963,524431932,15833969,540265901,11.814309856335797,11.683567809487347,0.3241318166255951,5,74,55,1.3272728
34,20,10092,00:00:59.7520000,67,121871,214537,268173159,305847138,746196628,1052043766,22821053,1074864819,13.284269310486811,10.215563977636844,0.2198813110589981,6,67,48,1.375
35,0,2887,00:00:00.1340000,1,1,1,501,501,500,1001,3040,4041,1,1,0,0,1,1,0
35,1,3376,00:00:00.1710000,1,1,2,849,849,1162,2011,5720,7731,1,1,0,0,1,1,0
35,2,3929,00:00:00.1940000,2,2,3,1465,1465,2539,4004,10485,14489,1.0013651877133105,1.0027340970049379,0,1,2,1,1
35,3,4540,00:00:00.2250000,4,6,10,2445,2449,5557,8006,19102,27108,1.0658486707566461,1.140951321653336,0.015521618537604809,1,4,3,1
35,4,5192,00:00:00.2820000,6,7,17,4314,4316,11689,16005,33868,49873,1.4749652294853963,2.2236582583273274,0.15730020403862,2,6,4,1.25
35,5,5732,00:00:00.3530000,10,12,27,8100,8102,23932,32034,53969,86003,2.0046913580246914,2.168722604176857,0.22788499295711517,3,10,7,1.2857143
35,6,6174,00:00:00.3890000,12,18,38,15915,15952,48060,64012,80283,144295,2.706440464970154,3.281313553705048,0.15128864347934723,3,12,9,1.2222222
35,7,6523,00:00:00.4240000,13,23,58,31961,32027,96033,128060,112994,241054,3.4380651418916806,2.8458449975577937,0.09553147107362747,4,13,9,1.3333334
35,8,6848,00:00:00.4650000,11,33,88,61431,61642,194509,256151,162127,418278,3.9839820286174734,2.2620244560051948,0.06456811726093292,4,12,8,1.375
35,9,7173,00:00:00.5190000,11,62,143,115606,116266,396211,512477,240754,753231,4.458220161583309,2.3498496341997344,0.0653657615184784,4,11,7,1.4285715
35,10,7511,00:00:00.6180000,13,111,272,212964,214590,811359,1025949,371257,1397206,4.850218816325764,1.7792674559625141,0.05668490752577782,3,13,10,1.2
35,11,7872,00:00:00.7300000,14,216,525,386771,393574,1654683,2048257,592598,2640855,5.253876324750305,2.2431030396636564,0.06956910341978073,4,15,11,1.2727273
35,12,8234,00:00:00.9320000,21,430,989,761552,777785,3319070,4096855,944187,5041042,5.942336176649789,4.817496720435956,0.15129871666431427,4,21,16,1.25
35,13,8575,00:00:01.2340000,27,853,1891,1517953,1563828,6633265,8197093,1470632,9667725,6.645598381504565,3.051658027940801,0.1458808183670044,5,28,21,1.2857143
35,14,8910,00:00:01.7850000,41,1680,3687,3004329,3118717,13296259,16414976,2292067,18707043,7.342147947178888,3.6169904041886047,0.18502897024154663,5,41,33,1.2121212
35,15,9208,00:00:02.7240000,44,3399,7236,6521262,6824917,26024198,32849115,3447218,36296333,8.411585518263182,9.124312314295445,0.20921063423156738,5,45,34,1.2941177
35,16,9473,00:00:04.3710000,39,6938,14055,13481447,14312091,51251881,65563972,5085359,70649331,9.226206356038784,6.533935833573694,0.2539018988609314,5,40,28,1.3928572
35,17,9733,00:00:07.9340000,50,13899,27621,26706149,28793604,102320891,131114495,7637415,138751910,9.92982009499011,4.817075525980061,0.2500004470348358,6,51,32,1.5625
35,18,9970,00:00:16.8240000,64,28564,54943,57179395,62418411,199912962,262331373,11307808,273639181,10.980862109506406,7.4226874001964465,0.3326527178287506,6,65,44,1.4545455
35,19,10184,00:00:35.1360000,65,57897,108629,116723590,131090058,393449519,524539577,16594256,541133833,11.786627587448262,5.469214615284428,0.4135044515132904,4,66,48,1.3541666
35,20,10395,00:01:10.1200000,85,116033,214926,230121039,264973540,783767056,1048740596,24860620,1073601216,12.525591686555874,8.517342059162322,0.3013469874858856,5,86,61,1.3934426
36,0,3051,00:00:00.0560000,1,1,1,502,502,501,1003,3426,4429,1,1,0,0,1,1,0
36,1,3547,00:00:00.0700000,2,2,2,863,863,1146,2009,6106,8115,1.0208574739281575,1.042584183230632,0,1,2,1,1
36,2,4129,00:00:00.0780000,3,3,3,1453,1453,2549,4002,11217,15219,1.1782518926359258,1.4167505900196173,0.024424472823739052,1,3,2,1
36,3,4603,00:00:00.0930000,4,4,5,2692,2692,5324,8016,17962,25978,1.5713224368499257,1.9764793929759255,0.022654928267002106,1,4,3,1
36,4,5032,00:00:00.1160000,3,8,10,4767,4778,11236,16014,27863,43877,1.868680511852318,1.2992630424209795,0.013683866709470749,1,3,2,1
36,5,5499,00:00:00.1230000,5,7,12,8111,8118,23928,32046,45217,77263,1.9702872642090987,1.088560063753793,0.03187258541584015,2,5,3,1.3333334
36,6,6065,00:00:00.1340000,7,15,28,13621,13636,50412,64048,79326,143374,2.0491153366125836,1.1455505382063254,0.048043832182884216,2,7,5,1.2
36,7,6662,00:00:00.1490000,8,18,44,24645,24699,103335,128034,135858,263892,2.4259281801582473,2.4393519584355596,0.09949319809675217,3,9,6,1.3333334
36,8,7194,00:00:00.1690000,14,34,84,47850,47945,208075,256020,215591,471611,3.069237199582027,4.1507944963061485,0.1840372234582901,4,15,10,1.4
36,9,7669,00:00:00.1980000,14,67,156,93892,94364,418360,512724,329905,842629,3.7236825288629487,2.5428786633253964,0.21857218444347382,3,14,10,1.3
36,10,8113,00:00:00.2490000,16,144,304,181377,184060,840645,1024705,500492,1525197,4.322907535134003,2.4249999488232707,0.10847258567810059,4,16,11,1.3636364
36,11,8548,00:00:00.3350000,25,250,540,340839,348223,1700957,2049180,765896,2815076,4.8280478466372685,1.8694432308311768,0.0592784658074379,4,26,21,1.1904762
36,12,8994,00:00:00.5140000,36,437,983,641844,662055,3436797,4098852,1199170,5298022,5.363723895526015,2.8067093731438817,0.1221945732831955,3,36,29,1.2068965
36,13,9412,00:00:00.8320000,39,882,1996,1323947,1379736,6821387,8201123,1841201,10042324,6.228274243606428,7.128141496271966,0.266690194606781,4,39,28,1.3571428
36,14,9793,00:00:01.3620000,48,1767,3916,2711791,2824177,13581146,16405323,2773114,19178437,6.990312675276229,5.499810275304704,0.5031821131706238,4,48,31,1.516129
36,15,10163,00:00:02.2970000,47,3311,7444,5299621,5649057,27179833,32828890,4211829,37040719,7.675245456231681,7.337313045470748,0.3473252058029175,5,47,34,1.3529412
36,16,10500,00:00:03.9540000,54,6677,14338,11442771,12335273,53222534,65557807,6278165,71835972,8.753767597026979,8.822553183614922,0.273964524269104,4,55,39,1.3846154
36,17,10787,00:00:07.7820000,48,13531,27975,24707589,26944301,104353404,131297705,9085120,140382825,9.710407842707761,3.8226444420522583,0.25069499015808105,5,49,34,1.4117647
36,18,11056,00:00:18.4330000,56,27212,55177,51407738,56644768,205714940,262359708,13254709,275614417,10.629897662488087,4.9338112758569626,0.16026094555854797,7,57,44,1.2727273
36,19,11270,00:00:35.5000000,53,57729,108689,122802969,135867480,388970489,524837969,18485297,543323266,12.11036482350846,5.017957955421339,0.10913745313882828,7,54,43,1.2325581
36,20,11440,00:01:01.4690000,49,121414,214923,278535152,309956817,740383952,1050340769,25134101,1075474870,13.235862251239297,4.460440111245753,0.08489666879177094,6,50,41,1.195122
37,0,3125,00:00:00.0610000,1,1,1,502,502,506,1008,3130,4138,1,1,0,0,1,1,0
37,1,3599,00:00:00.0750000,1,1,1,854,854,1148,2002,5638,7640,1,1,0,0,1,1,0
37,2,4163,00:00:00.0820000,1,1,2,1407,1407,2597,4004,10645,14649,1,1,0,0,1,1,0
37,3,4873,00:00:00.0910000,1,2,5,2344,2345,5661,8006,20750,28756,1,1,0,0,1,1,0
37,4,5759,00:00:00.1200000,3,3,14,3916,3916,12085,16001,41064,57065,1.0071501532175688,1.0144154697592167,0,1,3,2,1
37,5,6727,00:00:00.1500000,6,16,38,6683,6711,25304,32015,76916,108931,1.2187640281310788,1.5311821617969006,0.048694755882024765,2,6,4,1.25
37,6,7400,00:00:00.1710000,12,18,49,14129,14172,49908,64080,116184,180264,2.2569183947908558,4.18593199558832,0.19974473118782043,2,12,10,1.1
37,7,7865,00:00:00.1880000,13,23,65,27359,27459,100589,128048,159620,287668,2.8076318578895427,5.580594912170521,0.3186579942703247,2,13,11,1.0909091
37,8,8363,00:00:00.2140000,14,42,104,46628,47013,209186,256199,234798,490997,2.9757441880415203,4.793253452402099,0.36208248138427734,3,15,11,1.2727273
37,9,8937,00:00:00.2580000,25,73,183,81091,81815,430613,512428,373379,885807,3.1947195126462864,6.428715291725115,0.6138598918914795,3,25,18,1.3333334
37,10,9476,00:00:00.3250000,31,137,326,167121,169619,854719,1024338,578814,1603152,4.093207915223102,7.311613736376051,0.41405290365219116,3,32,22,1.4090909
37,11,9925,00:00:00.4160000,32,223,548,339344,345277,1703622,2048899,852574,2901473,4.80114279315385,2.1473329065272577,0.22216588258743286,4,33,23,1.3913044
37,12,10390,00:00:00.6190000,31,440,1094,618604,634733,3465617,4100350,1305575,5405925,5.201096339499906,2.3861510537896775,0.1743878424167633,4,32,26,1.1923077
37,13,10865,00:00:00.9660000,45,826,2065,1181210,1229273,6966482,8195755,2039384,10235139,5.809360740257871,8.30565910679069,0.20057933032512665,4,46,34,1.3235294
37,14,11316,00:00:01.5670000,58,1611,3911,2370757,2500684,13898549,16399233,3143187,19542420,6.5611570481495995,13.589349053149713,0.32812803983688354,4,59,44,1.3181819
37,15,11745,00:00:02.6390000,76,3246,7598,4735054,5045874,27727481,32773355,4808408,37581763,7.285821238786295,14.191027502030101,0.41933491826057434,4,76,58,1.2931035
37,16,12149,00:00:04.6170000,77,6302,14553,9652423,10510643,55070973,65581616,7292052,72873668,8.135527317855837,18.547131623025464,0.42555034160614014,5,78,53,1.4528302
37,17,12522,00:00:08.1510000,80,12527,28326,19854176,22016872,109147498,131164370,10933155,142097525,8.984131751425997,17.07799227890804,0.4020392596721649,5,81,56,1.4285715
37,18,12855,00:00:14.3970000,79,25670,55491,43199702,48905844,213532986,262438830,16071824,278510654,10.12301550135693,19.92986971483204,0.45935994386672974,6,80,55,1.4363636
37,19,13101,00:00:28.1360000,73,55705,109229,114840025,127547080,398171059,525718139,22041990,547760129,12.033210206981407,11.54592472807753,0.20868349075317383,9,74,47,1.5531915
37,20,13234,00:00:46.9490000,50,128401,215174,335399961,367555271,683965982,1051521253,27170028,1078691281,14.330978386726766,4.302141495498046,0.10583402961492538,9,51,34,1.4705882
38,0,2194,00:00:00.0460000,1,1,2,542,542,462,1004,2535,3539,1,1,0,0,1,1,0
38,1,2656,00:00:00.0630000,1,1,2,865,865,1136,2001,4994,6995,1,1,0,0,1,1,0
38,2,3228,00:00:00.0690000,1,1,3,1405,1405,2596,4001,10076,14077,1,1,0,0,1,1,0
38,3,3907,00:00:00.0760000,1,1,5,2344,2344,5660,8004,19738,27742,1,1,0,0,1,1,0
38,4,4783,00:00:00.1030000,1,1,7,3884,3884,12126,16010,39927,55937,1,1,0,0,1,1,0
38,5,5879,00:00:00.1180000,4,7,20,6287,6292,25723,32015,80535,112550,1.0424685859710514,1.0896781837744465,0.032667338848114014,1,4,3,1
38,6,6790,00:00:00.1480000,9,14,34,12857,12874,51148,64022,133453,197475,1.8246869409660107,4.000877772141121,0.3728009760379791,2,9,6,1.3333334
38,7,7351,00:00:00.1640000,12,21,51,26037,26100,101917,128017,186194,314211,2.670584168683028,2.2767360754200587,0.20006950199604034,3,12,8,1.375
38,8,7828,00:00:00.1850000,13,42,93,50252,50463,205747,256210,257451,513661,3.2271750378094404,2.111758715754089,0.07917525619268417,3,13,9,1.3333334
38,9,8284,00:00:00.2190000,13,82,181,94612,95530,417182,512712,366844,879556,3.7373694668752377,2.1826011287092486,0.10721531510353088,4,14,9,1.4444444
38,10,8743,00:00:00.2780000,21,144,324,174363,176966,847411,1024377,543635,1568012,4.189030929727064,2.4229780827855323,0.19251985847949982,3,21,16,1.25
38,11,9202,00:00:00.3750000,36,224,574,333301,340569,1709953,2050522,823422,2873944,4.7456653295369655,4.636490891072373,0.22712469100952148,4,36,28,1.25
38,12,9634,00:00:00.5740000,46,459,1058,683713,702832,3399992,4102824,1240980,5343804,5.631412595635888,7.904486878930698,0.24591216444969177,5,47,34,1.3529412
38,13,9984,00:00:00.8590000,40,963,2036,1531252,1579654,6629576,8209230,1778142,9987372,6.727038397337603,6.09505336416831,0.3306081295013428,4,40,28,1.3928572
38,14,10305,00:00:01.3310000,37,1784,3860,3072949,3192586,13223082,16415668,2565945,18981613,7.418715377313454,6.2097317537818615,0.4001856744289398,6,38,26,1.4230769
38,15,10618,00:00:02.1440000,47,3519,7449,6136310,6445458,26326244,32771702,3781661,36553363,8.167110853265235,7.347491212227648,0.5801695585250854,5,48,35,1.3428571
38,16,10891,00:00:03.5760000,48,7047,14419,13557207,14444973,51266167,65711140,5457945,71169085,9.321466287266986,4.248582378928695,0.3416200280189514,6,49,33,1.4545455
38,17,11122,00:00:06.5700000,41,14543,28122,29681545,31932121,99303748,131235869,7715083,138950952,10.41542065953777,4.372629958323818,0.1940823495388031,6,42,30,1.3666667
38,18,11322,00:00:14.6570000,45,29658,55066,64760517,69669215,192647369,262316584,10823513,273140097,11.396851881216453,6.483958241928831,0.2016933262348175,5,46,33,1.3636364
38,19,11515,00:00:30.6570000,56,59665,108289,128720486,140635162,383737012,524372174,15605974,539978148,12.04066288251895,6.507022306189659,0.2901557981967926,5,56,39,1.4102564
38,20,11713,00:01:02.4680000,66,119258,215595,243389603,277847162,774042511,1051889673,23388129,1075277802,12.644076900030935,10.76438795406352,0.3321361541748047,6,67,46,1.4347826
3,0,1722,00:00:00.0330000,2,2,2,596,596,409,1005,1593,2598,1.832214765100671,1.3874757536937599,0,1,2,1,1
3,1,1919,00:00:00.0440000,2,2,2,1050,1050,952,2002,2655,4657,1.900952380952381,1.2172474392800188,0,1,2,1,1
3,2,2178,00:00:00.0480000,2,2,2,1758,1758,2253,4011,4992,9003,1.9562002275312855,1.0914202848040047,0,1,2,1,1
3,3,2480,00:00:00.0700000,2,2,2,3019,3019,4986,8005,9376,17381,1.9894004637297118,1.0214237570616058,0,1,2,1,1
3,4,2854,00:00:00.0760000,2,4,5,4982,4989,11039,16028,18091,34119,1.9943797671617824,1.011303652612095,0,1,2,1,1
3,5,3309,00:00:00.0840000,5,11,18,8270,8296,23705,32001,35060,67061,2.0024183796856105,1.0171241255806736,0,2,5,3,1.3333334
3,6,3861,00:00:00.1080000,9,17,31,13847,13877,50183,64060,68292,132352,2.078139669242435,1.1746407204393656,0.061914145946502686,1,9,8,1
3,7,4418,00:00:00.1250000,12,19,50,25909,25943,102183,128126,120897,249023,2.6652128603960015,3.619668239197671,0.32409942150115967,2,12,10,1.1
3,8,4840,00:00:00.1430000,14,39,91,54731,54990,201066,256056,183844,439900,3.540041292868758,2.453824429729526,0.28130605816841125,3,14,10,1.3
3,9,5239,00:00:00.1710000,21,63,159,101619,102094,410079,512173,280150,792323,3.9401785099243254,1.4223930549907917,0.14347824454307556,4,21,16,1.25
3,10,5664,00:00:00.2210000,19,133,293,186564,189096,835880,1024976,443571,1468547,4.444104972020326,2.327780887804679,0.08781357109546661,4,20,15,1.2666667
3,11,6024,00:00:00.2990000,18,250,556,407065,414171,1636302,2050473,661935,2712408,5.511006841659195,2.9130352832653332,0.16543863713741302,4,19,13,1.3846154
3,12,6344,00:00:00.4060000,22,459,1008,823265,839838,3259276,4099114,972901,5072015,6.2094987640674635,2.69587988499764,0.1975189596414566,4,22,15,1.4
3,13,6642,00:00:00.6270000,26,889,1888,1710306,1759816,6432652,8192468,1431375,9623843,7.147311650663682,5.277378098559228,0.13879097998142242,5,26,20,1.25
3,14,6891,00:00:00.9830000,27,1786,3626,3801223,3908619,12493559,16402178,2040305,18442483,8.216949124005616,5.563067672564723,0.12342201918363571,5,28,21,1.2857143
3,15,7130,00:00:01.5660000,30,3611,7150,7483218,7729426,25107459,32836885,2975561,35812446,8.774685837028937,4.075473839681097,0.17362697422504425,4,30,23,1.2608696
3,16,7391,00:00:02.8690000,40,7048,14034,13445136,14198608,51421893,65620501,4599945,70220446,9.109792418611459,4.316751209255642,0.2418471872806549,5,40,28,1.3928572
3,17,7673,00:00:06.8300000,59,13857,27678,24385854,26865025,104249681,131114706,7367826,138482532,9.626402913754836,8.18865539783244,0.37763404846191406,4,59,45,1.2888889
3,18,7882,00:00:14.7480000,50,30310,54467,70627252,77087565,186140837,263228402,10501163,273729565,12.470773887677238,6.789307644481012,0.1375727504491806,8,50,35,1.4
3,19,7978,00:00:22.0530000,35,69539,107533,200807133,213365665,313899752,527265417,12867187,540132604,14.244781075580617,2.4915916731077865,0.047127656638622284,8,36,24,1.4583334
3,20,8070,00:00:35.9820000,30,142745,212151,419010610,445226251,603971766,1049198017,16510771,1065708788,14.808013694450363,2.0397639772438834,0.04066968336701393,9,31,20,1.5
39,0,2655,00:00:00.0430000,1,1,1,516,516,490,1006,2760,3766,1,1,0,0,1,1,0
39,1,3111,00:00:00.0560000,1,1,1,860,860,1142,2002,5167,7169,1,1,0,0,1,1,0
39,2,3710,00:00:00.0630000,1,1,2,1473,1473,2536,4009,10260,14269,1,1,0,0,1,1,0
39,3,4449,00:00:00.0730000,1,1,3,2399,2399,5619,8018,20738,28756,1,1,0,0,1,1,0
39,4,5280,00:00:00.1000000,1,2,5,3851,3853,12162,16015,39980,55995,1,1,0,0,1,1,0
39,5,6293,00:00:00.1170000,3,5,14,6390,6396,25607,32003,77434,109437,1.0697965571205008,1.1183688881946772,0,2,3,1,2
39,6,6956,00:00:00.1310000,6,11,25,14958,14993,49012,64005,115168,179173,2.508022462896109,1.793035226000696,0.02362816408276558,3,6,3,1.6666666
39,7,7368,00:00:00.1520000,6,18,50,28766,28855,99340,128195,153909,282104,2.946186470138358,1.1305427738918015,0.01103760115802288,3,6,3,1.6666666
39,8,7836,00:00:00.1710000,7,30,90,48868,49111,207015,256126,224988,481114,3.104853892117541,1.2827669741757817,0.07992932945489883,3,7,4,1.5
39,9,8337,00:00:00.2030000,10,55,146,89245,90034,421967,512001,345922,857923,3.5580144545912935,3.02977451681817,0.2718680500984192,2,10,8,1.125
39,10,8804,00:00:00.2520000,18,115,279,178045,180147,843952,1024099,525136,1549235,4.276772725996237,4.109237729232406,0.2708072364330292,3,18,13,1.3076923
39,11,9234,00:00:00.3360000,27,226,552,349994,355977,1693291,2049268,787562,2836830,4.915164259958742,2.4327766843366216,0.2367526888847351,4,27,20,1.3
39,12,9648,00:00:00.5140000,33,494,1085,687581,708266,3392521,4100787,1189025,5289812,5.604411698403534,5.013692232536637,0.29077762365341187,4,34,24,1.375
39,13,10025,00:00:00.8180000,44,927,2056,1422668,1479722,6721600,8201322,1768343,9969665,6.468747451970523,7.967999113294004,0.3696674406528473,4,44,29,1.4827586
39,14,10362,00:00:01.2960000,55,1832,3898,3015364,3153601,13253119,16406720,2591644,18998364,7.424201854237166,6.03718780056477,0.28955721855163574,5,56,40,1.375
39,15,10627,00:00:01.9560000,40,3671,7372,7287807,7642463,25221656,32864119,3611763,36475882,8.926148840110612,5.333548476044926,0.19818206131458282,6,41,26,1.5384616
39,16,10843,00:00:03.0280000,32,7290,14131,15838593,16534526,49065941,65600467,4949290,70549757,9.795221204307731,2.8388998639715033,0.16975848376750946,6,33,24,1.3333334
39,17,11062,00:00:05.3690000,31,14450,27572,30855007,32701519,98527008,131228527,7104244,138332771,10.414358291994553,3.5052474599778822,0.2703494429588318,7,32,19,1.6315789
39,18,11242,00:00:11.3810000,33,30517,54314,72679186,77448328,185095852,262544180,9872749,272416929,11.990768017132167,5.1615407736952355,0.2722868323326111,6,33,22,1.4545455
39,19,11376,00:00:21.3270000,33,65489,107543,171516615,181681478,344800630,526482108,13178463,539660571,13.271957553499991,5.100328725484449,0.19732598960399628,6,34,22,1.5
39,20,11498,00:00:39.7100000,34,134266,213293,356636475,381793466,669587800,1051381266,17990133,1069371399,14.04846568203659,5.84205641018883,0.190274178981781,6,35,22,1.5454545
40,0,2538,00:00:00.0330000,1,1,1,493,493,508,1001,3243,4244,1,1,0,0,1,1,0
40,1,2988,00:00:00.0530000,2,2,3,872,872,1129,2001,5612,7613,1.0160550458715596,1.0326253497480118,0,1,2,1,1
40,2,3527,00:00:00.0710000,3,3,6,1426,1426,2582,4008,10396,14404,1.0301542776998598,1.0622567867152972,0.008489655330777168,1,3,2,1
40,3,4110,00:00:00.0940000,3,3,6,2514,2514,5497,8011,18603,26614,1.2975338106603023,1.823368391188272,0.24264873564243317,1,3,2,1
40,4,4614,00:00:00.1170000,4,5,10,4599,4600,11415,16015,30144,46159,1.746684061752555,2.341964711373473,0.5684006214141846,2,4,2,1.5
40,5,5097,00:00:00.1250000,4,6,15,8153,8161,23847,32008,48075,80083,1.966270084631424,1.8717626604974356,0.7484768629074097,2,4,2,1.5
40,6,5598,00:00:00.1340000,6,10,29,15043,15055,49006,64061,77855,141916,2.4825500232666355,3.007377276747001,0.9164841175079346,3,6,3,1.6666666
40,7,5960,00:00:00.1440000,7,14,43,32211,32261,95831,128092,111733,239825,3.470149948775263,3.8534035490328296,0.5366136431694031,4,8,4,1.75
40,8,6288,00:00:00.1550000,6,35,76,60397,60631,195882,256513,161566,418079,3.87133466894051,2.506072813860107,0.5139864683151245,4,7,3,2
40,9,6658,00:00:00.1780000,9,65,148,103667,104549,407582,512131,251555,763686,4.034089922540442,2.3717358204584853,0.30976685881614685,3,10,6,1.5
40,10,7076,00:00:00.2240000,19,126,292,186099,188393,836270,1024663,412717,1437380,4.395697988704937,3.671027023665991,0.6767295002937317,3,19,14,1.2857143
40,11,7463,00:00:00.3060000,30,267,568,386949,392610,1658649,2051259,647647,2698906,5.31699267862173,4.905091309547249,0.3365829288959503,4,31,25,1.2
40,12,7806,00:00:00.4520000,33,428,1000,788524,802926,3300209,4103135,980287,5083422,6.0436714671969405,3.9940535663875663,0.19890350103378296,5,34,26,1.2692307
40,13,8145,00:00:00.6960000,36,857,1868,1509004,1556588,6644688,8201276,1505319,9706595,6.6112535155639085,4.1442684124868965,0.14281336963176727,5,37,27,1.3333334
40,14,8491,00:00:01.1620000,46,1684,3629,2875824,3008079,13394475,16402554,2354717,18757271,7.191384451899699,4.565757074612492,0.17239908874034882,5,47,37,1.2432432
40,15,8820,00:00:01.9470000,55,3418,7138,5978312,6360574,26475320,32835894,3628629,36464523,8.170960799637088,8.504084991018408,0.21263036131858826,7,56,39,1.4102564
40,16,9038,00:00:02.9650000,44,7500,13913,16950103,17881069,47691419,65572488,4943312,70515800,10.450077147023826,4.648927487719684,0.11496380716562271,7,44,30,1.4333333
40,17,9184,00:00:04.5390000,31,16095,27360,40815073,42636177,88473061,131109238,6376291,137485529,11.612015614917558,1.9543978990685358,0.08635520935058594,6,32,20,1.55
40,18,9334,00:00:09.6560000,27,31979,54152,79725231,83936944,178673629,262610573,8732827,271343400,12.055913980355855,1.815987365370694,0.043268509209156036,7,28,20,1.35
40,19,9500,00:00:22.3900000,35,62933,107533,146238830,156955295,368789091,525744386,12869738,538614124,12.410215139166526,2.6667895622303486,0.09914501756429672,4,35,27,1.2592592
40,20,9675,00:00:49.0750000,55,124545,214357,274197531,303768683,748103515,1051872198,19754741,1071626939,12.991665085416104,6.055364247958043,0.14776335656642914,6,55,38,1.4210526
41,0,2279,00:00:00.0840000,3,3,3,556,556,445,1001,2823,3824,1.5503597122302157,2.0678546558188478,0,2,3,1,2
41,1,2517,00:00:00.1020000,3,3,3,980,980,1025,2005,4136,6141,1.926530612244898,1.9704636235508257,0,2,3,1,2
41,2,2731,00:00:00.1080000,3,3,3,1856,1856,2148,4004,5995,9999,2.2473060344827585,2.1689096113586634,0,2,3,1,2
41,3,2961,00:00:00.1140000,4,5,5,3343,3346,4676,8022,9292,17314,2.5192940472629375,2.0823816844886487,0.020296907052397728,2,4,2,1.5
41,4,3190,00:00:00.1580000,4,6,8,6029,6036,10006,16042,14495,30537,2.7420799469232047,1.6452007510881494,0,3,4,1,3
41,5,3462,00:00:00.1670000,5,8,11,10188,10199,21824,32023,24679,56702,2.8997840596780526,1.3380310168038316,0.01295996643602848,3,5,2,2
41,6,3770,00:00:00.1780000,4,12,19,17818,17858,46228,64086,42907,106993,3.0517454259737344,1.331932635163082,0.08301053941249847,2,4,2,1.5
41,7,4112,00:00:00.1940000,6,23,42,31738,31873,96360,128233,75320,203553,3.337733946688512,1.9641445685658545,0.2322721928358078,2,6,3,1.6666666
41,8,4459,00:00:00.2160000,10,35,81,59621,59852,196647,256499,127715,384214,3.858606866708039,2.9161843262576452,0.4845646917819977,3,10,6,1.5
41,9,4789,00:00:00.2460000,10,68,144,115229,115907,396821,512728,207415,720143,4.43535915437954,2.697034272124666,0.5896048545837402,3,11,7,1.4285715
41,10,5129,00:00:00.3000000,13,130,278,210276,212897,812239,1025136,338382,1363518,4.805008655291141,1.682428775916679,0.43220025300979614,3,14,9,1.4444444
41,11,5509,00:00:00.4110000,25,228,524,368280,374588,1673830,2048418,571570,2619988,5.054320082545889,1.5685325936350323,0.2577013075351715,3,26,20,1.25
41,12,5929,00:00:00.6390000,44,434,987,666769,684445,3416481,4100926,981176,5082102,5.4517666538186385,3.428689409399387,0.18290850520133972,4,45,37,1.1891892
41,13,6354,00:00:01.0290000,53,855,1929,1281892,1339450,6859231,8198681,1636803,9835484,6.112529760697469,11.728745322307539,0.2821137309074402,4,54,42,1.2619047
41,14,6720,00:00:01.6430000,48,1691,3683,2862390,3018007,13370477,16388484,2526365,18914849,7.286344278732108,3.8284832637735784,0.16956277191638947,5,49,35,1.3714286
41,15,7025,00:00:02.6300000,39,3473,7152,6444262,6778036,26054944,32832980,3705769,36538749,8.441448842396538,2.725973405026035,0.1256452202796936,5,39,27,1.4074074
41,16,7269,00:00:04.3660000,30,7150,14036,14649653,15383348,50228498,65611846,5208693,70820539,9.544287840810973,1.7832412078403683,0.05386009067296982,6,31,22,1.3636364
41,17,7512,00:00:09.5790000,31,14204,27691,27868925,29774851,101477483,131252334,7605477,138857811,9.992819744572136,1.4344835084933858,0.08013823628425598,4,31,26,1.1538461
41,18,7778,00:00:22.0320000,55,27505,54686,50022808,55557046,207113961,262671007,11759894,274430901,10.401539813598628,2.3968849128349192,0.11303120106458664,4,55,46,1.173913
41,19,8041,00:00:46.0980000,73,55281,108397,96743094,114383258,410822371,525205629,18221229,543426858,11.284515099341354,8.384210423558432,0.2334975302219391,5,74,56,1.3035715
41,20,8255,00:01:22.3600000,76,116979,216135,232781184,271420177,780111649,1051531826,26509388,1078041214,12.822297570236605,7.306157304024163,0.2883780002593994,5,76,53,1.4150944
42,0,2338,00:00:00.0450000,1,1,2,533,533,469,1002,2699,3701,1,1,0,0,1,1,0
42,1,2776,00:00:00.0570000,2,2,4,862,862,1143,2005,5052,7057,1.0011600928074247,1.0023228619729754,0,1,2,1,1
42,2,3316,00:00:00.0630000,1,1,4,1471,1471,2531,4002,9664,13666,1,1,0,0,1,1,0
42,3,4012,00:00:00.0700000,1,1,5,2324,2324,5684,8008,19682,27690,1,1,0,0,1,1,0
42,4,4935,00:00:00.0970000,1,3,11,3766,3769,12235,16004,41140,57144,1,1,0,0,1,1,0
42,5,5993,00:00:00.1110000,2,4,19,6291,6296,25722,32018,80434,112452,1.0017485296455253,1.0035031188953798,0,1,2,1,1
42,6,7181,00:00:00.1310000,4,8,33,11143,11156,52872,64028,150275,214303,1.3520595889796285,2.028691959789867,0.2034219354391098,1,4,3,1
42,7,8037,00:00:00.1640000,11,22,68,21286,21359,106650,128009,231692,359701,1.9599736916283004,2.121093675026995,0.3540036082267761,2,11,8,1.25
42,8,8791,00:00:00.2000000,17,36,117,40626,40839,215361,256200,345991,602191,2.5046521931767836,4.856582954357392,0.3379550874233246,3,17,13,1.2307693
42,9,9450,00:00:00.2510000,24,78,207,76934,77667,434866,512533,504601,1017134,3.0230197311981697,6.017363332168056,0.5913984179496765,3,25,17,1.4117647
42,10,10062,00:00:00.3310000,36,140,354,152707,154829,870399,1025228,737972,1763200,3.7563765904640913,11.753306455794108,0.5518768429756165,5,37,24,1.5
42,11,10561,00:00:00.4620000,32,273,646,327836,335645,1713255,2048900,1040189,3089089,4.750945594748594,6.355283681826724,0.4917370676994324,4,33,22,1.4545455
42,12,10982,00:00:00.6340000,31,484,1161,688458,705371,3397373,4102744,1447712,5550456,5.605512609338551,3.8041502448284317,0.2876952886581421,4,32,23,1.3478261
42,13,11377,00:00:00.9610000,33,881,2103,1357696,1401540,6799080,8200620,2057354,10257974,6.26661122961252,3.581089566230391,0.3366268277168274,4,34,23,1.4347826
42,14,11768,00:00:01.5000000,37,1654,3940,2614833,2745228,13659276,16404504,3016729,19421233,6.857022226658452,3.6488114681646784,0.4182666540145874,4,38,27,1.3703704
42,15,12160,00:00:02.4810000,56,3259,7417,5020033,5367664,27412539,32780203,4541812,37322015,7.47789207760188,6.380340967487132,0.2620618939399719,4,57,46,1.2173913
42,16,12534,00:00:04.3030000,73,6541,14576,10439286,11314782,54248964,65563746,6837649,72401395,8.43425134630855,15.655129414657134,0.4093095064163208,5,74,55,1.3272728
42,17,12839,00:00:07.1710000,57,13354,28130,23935481,26218525,104926479,131145004,9802983,140947987,9.674261528314387,7.012495260726782,0.3690818250179291,6,58,40,1.425
42,18,13114,00:00:12.4430000,62,26829,54992,49617470,54889156,207538391,262427547,14078788,276506335,10.44804370315536,7.288561624374905,0.2907296419143677,7,63,43,1.4418604
42,19,13369,00:00:26.9950000,63,55049,108897,103865051,118187075,407023266,525210341,20343776,545554117,11.496266679732338,11.866346667108402,0.3360432982444763,6,64,42,1.5
42,20,13562,00:00:54.9160000,61,118268,215153,260337503,292113953,757913671,1050027624,27815187,1077842811,13.159843059568717,16.77383658352035,0.34391552209854126,7,62,37,1.6486486
43,0,2233,00:00:00.0440000,1,1,1,511,511,491,1002,2775,3777,1,1,0,0,1,1,0
43,1,2716,00:00:00.0590000,1,1,1,835,835,1171,2006,5359,7365,1,1,0,0,1,1,0
43,2,3314,00:00:00.0650000,2,2,4,1400,1400,2606,4006,10688,14694,1.002857142857143,1.0057306236569608,0,1,2,1,1
43,3,3970,00:00:00.0740000,3,3,9,2424,2424,5587,8011,19921,27932,1.016089108910891,1.0328335622243245,0,1,3,2,1
43,4,4743,00:00:00.1100000,3,3,15,4195,4195,11806,16001,37349,53350,1.2853396901072704,1.776952137996299,0.224781796336174,1,3,2,1
43,5,5349,00:00:00.1200000,3,7,28,7686,7700,24308,32008,59508,91516,1.7725735102784284,2.248755324965069,0.5852236151695251,1,3,2,1
43,6,5948,00:00:00.1330000,5,14,43,13347,13397,50657,64054,95311,159365,1.97482580355136,1.7207527920010806,0.7376837134361267,2,5,2,2
43,7,6612,00:00:00.1550000,14,30,78,23106,23193,104875,128068,159119,287187,2.240327187743443,2.5177317600108893,0.6597387194633484,3,14,10,1.3
43,8,7184,00:00:00.1850000,19,43,119,47462,47669,208488,256157,244304,500461,3.080253676625511,5.635678084379452,0.4621099531650543,4,20,14,1.3571428
43,9,7639,00:00:00.2180000,18,72,188,95267,96382,416186,512568,353392,865960,3.788825091584704,3.593660250611055,0.35393768548965454,4,19,13,1.3846154
43,10,8082,00:00:00.2710000,24,128,325,180396,182371,841967,1024338,524140,1548478,4.2913756402580985,3.8583383214604745,0.24819275736808777,5,25,17,1.4117647
43,11,8522,00:00:00.3630000,27,245,597,342489,348906,1700358,2049264,792067,2841331,4.841834336285253,3.3981277351544,0.20992374420166016,4,28,19,1.4210526
43,12,8955,00:00:00.5430000,36,418,1057,660581,679694,3418082,4097776,1211964,5309740,5.449013822680337,4.704195851426893,0.2067147195339203,4,37,24,1.5
43,13,9375,00:00:00.8680000,46,867,2014,1292757,1349068,6852058,8201126,1858880,10060006,6.125479885237519,7.023173821565585,0.23525778949260712,4,47,34,1.3529412
43,14,9784,00:00:01.4360000,64,1657,3828,2527168,2655402,13755840,16411242,2862337,19273579,6.7534512940967915,10.29527076526596,0.3615356683731079,5,65,47,1.3617021
43,15,10181,00:00:02.4190000,73,3335,7399,5055553,5449104,27347665,32796769,4400805,37197574,7.581413942253201,13.950179073354034,0.3835289180278778,6,74,51,1.4313725
43,16,10516,00:00:04.0350000,71,6662,14289,11452394,12369180,53288850,65658030,6456293,72114323,8.755736486187953,5.025005417528167,0.27798259258270264,6,72,48,1.4791666
43,17,10808,00:00:06.7860000,57,13408,27820,24453545,26697215,104386081,131083296,9308761,140392057,9.716020192573305,6.60978463718152,0.21377861499786377,5,58,38,1.5
43,18,11075,00:00:11.7920000,48,27026,54720,50617396,56219293,206118106,262337399,13459762,275797161,10.545596320284828,6.183214674617189,0.31880760192871094,5,49,35,1.3714286
43,19,11335,00:00:26.3970000,68,54521,108707,101020127,114311550,411404688,525716238,19880309,545596547,11.276173766837573,7.307658270068089,0.4802805781364441,6,69,50,1.36
43,20,11558,00:00:58.6610000,76,114296,215404,231135878,263230361,787627587,1050857948,28533771,1079391719,12.658305998690519,13.832821293046598,0.40986618399620056,6,77,50,1.52
44,0,3205,00:00:00.0860000,1,1,1,512,512,489,1001,2686,3687,1,1,0,0,1,1,0
44,1,3679,00:00:00.1090000,1,1,2,873,873,1135,2008,5205,7213,1,1,0,0,1,1,0
44,2,4232,00:00:00.1220000,1,1,3,1411,1411,2593,4004,10142,14146,1,1,0,0,1,1,0
44,3,4919,00:00:00.1430000,2,2,5,2371,2371,5632,8003,19870,27873,1.0016870518768453,1.00337979196671,0,1,2,1,1
44,4,5789,00:00:00.1980000,2,2,12,3811,3811,12193,16004,40006,56010,1.0060351613749672,1.0121431387234487,0,1,2,1,1
44,5,6770,00:00:00.2290000,5,10,26,6516,6526,25492,32018,76526,108544,1.214855739717618,1.5297108987554175,0.06639754772186279,1,5,4,1
44,6,7523,00:00:00.2740000,10,15,37,13159,13170,50847,64017,120843,184860,1.9651189300098793,2.3540126446485625,0.13569995760917664,2,10,8,1.125
44,7,8067,00:00:00.3030000,14,26,59,26198,26262,101883,128145,172064,300209,2.679059470188564,2.1958538466417434,0.1030261367559433,3,14,11,1.1818181
44,8,8552,00:00:00.3390000,15,35,89,49116,49373,206675,256048,244859,500907,3.1702296603957976,2.1428941492063776,0.08150018006563187,4,15,11,1.2727273
44,9,9013,00:00:00.3830000,16,68,161,95315,96040,416616,512656,355534,868190,3.755946073545612,3.1564591723725606,0.14774498343467712,3,16,12,1.25
44,10,9448,00:00:00.4500000,21,107,293,184331,186323,837955,1024278,522662,1546940,4.3906993397746445,4.172241310584902,0.1684415489435196,4,22,15,1.4
44,11,9863,00:00:00.6010000,24,225,542,357033,362935,1685961,2048896,776343,2825239,4.979573316752233,4.499971052170567,0.294452041387558,4,24,16,1.4375
44,12,10267,00:00:00.7950000,34,451,1042,703553,718735,3378901,4097636,1168464,5266100,5.649797527691589,7.482165190932145,0.3007679879665375,4,35,27,1.2592592
44,13,10619,00:00:01.1060000,39,919,1998,1605867,1649852,6558005,8207857,1704677,9912534,7.023554877209632,8.403741787437564,0.29248127341270447,7,40,27,1.4444444
44,14,10836,00:00:01.4610000,29,1889,3702,4252900,4359561,12063310,16422871,2231657,18654528,8.72767452796915,2.548982650864263,0.162584587931633,6,30,21,1.3809524
44,15,11031,00:00:02.0950000,20,3776,7143,8675754,8964527,23915574,32880101,2996104,35876205,9.373075469866942,2.7603061551771226,0.08814618736505508,5,21,15,1.3333334
44,16,11240,00:00:03.6440000,26,7321,13892,16127559,16798323,48849064,65647387,4299259,69946646,9.75824140528644,3.44578377887642,0.15609626471996307,5,27,19,1.3684211
44,17,11468,00:00:08.2850000,36,14321,27305,29459059,31500387,99884891,131385278,6548192,137933470,10.1936784878295,4.33982188322875,0.43499839305877686,3,36,28,1.25
44,18,11699,00:00:18.5040000,52,28645,54132,56663493,62555624,199782350,262337974,10142319,272480293,10.909475577158648,6.719498675611004,0.4664075970649719,4,52,37,1.3783784
44,19,11904,00:00:36.3890000,66,59395,107457,125213123,140167278,384320864,524488142,15154307,539642449,12.259041658117576,12.324137852290178,0.4149435758590698,6,66,40,1.625
44,20,12021,00:00:55.6250000,58,136267,214849,366281387,399266642,654352795,1053619437,19643361,1073262798,14.768329647610512,7.933214349649743,0.27406489849090576,8,58,36,1.5833334
45,0,2450,00:00:00.0340000,1,1,1,507,507,495,1002,2773,3775,1,1,0,0,1,1,0
45,1,2924,00:00:00.0480000,1,1,1,852,852,1151,2003,5334,7337,1,1,0,0,1,1,0
45,2,3453,00:00:00.0540000,1,1,2,1421,1421,2581,4002,9841,13843,1,1,0,0,1,1,0
45,3,4169,00:00:00.0620000,3,3,4,2386,2386,5638,8024,20055,28079,1.0176026823134954,1.0359453071560047,0,1,3,2,1
45,4,4898,00:00:00.0810000,3,3,4,4111,4111,11890,16001,36697,52698,1.3237655071758696,1.9359210280180743,0.29193100333213806,1,3,2,1
45,5,5486,00:00:00.1050000,4,7,14,7815,7819,24217,32036,58209,90245,1.8056301983365324,2.4863026194879767,0.7285671830177307,2,4,2,1.5
45,6,6070,00:00:00.1160000,7,9,24,13481,13488,50552,64040,92918,156958,2.0057117424523403,2.1303678119807388,0.8643780946731567,2,7,5,1.2
45,7,6691,00:00:00.1320000,9,25,58,24155,24217,103907,128124,152153,280277,2.36311322707514,3.182926071384766,0.6001139879226685,2,9,6,1.3333334
45,8,7263,00:00:00.1580000,13,40,96,45178,45383,210826,256209,238216,494425,2.845588560803931,2.2048736613601334,0.3292507529258728,3,14,9,1.4444444
45,9,7840,00:00:00.1970000,17,67,170,82539,83123,429303,512426,376921,889347,3.26207005173312,2.9090948943528816,0.2021843045949936,3,18,13,1.3076923
45,10,8392,00:00:00.2620000,28,140,347,156867,159015,865003,1024018,589161,1613179,3.8430390075669196,5.885287586622984,0.3486315608024597,3,28,19,1.4210526
45,11,8922,00:00:00.3820000,38,241,605,307441,312800,1736427,2049227,913766,2962993,4.476010031192977,9.703998670946975,0.47395941615104675,4,39,27,1.4074074
45,12,9403,00:00:00.5840000,42,480,1115,628540,646088,3452180,4098268,1378226,5476494,5.310444840423839,10.905578740658045,0.411370187997818,6,43,26,1.6153846
45,13,9798,00:00:00.8720000,44,910,2059,1446192,1496205,6700706,8196911,1981527,10178438,6.616167839401684,7.116016877920384,0.29734620451927185,6,45,27,1.6296296
45,14,10082,00:00:01.2610000,38,1814,3845,3501409,3613129,12771295,16384424,2671655,19056079,7.973577494088809,4.035744599097135,0.12229491025209427,6,39,25,1.52
45,15,10330,00:00:01.8860000,30,3626,7327,7366330,7660138,25198836,32858974,3637777,36496751,8.793652877348693,4.787846391149819,0.10195362567901611,6,31,21,1.4285715
45,16,10571,00:00:03.0610000,42,7204,14245,14528685,15290885,50317249,65608134,5131972,70740106,9.4505978345597,5.3615046345474,0.3984277844429016,4,42,32,1.28125
45,17,10813,00:00:05.6150000,59,14144,27708,28298595,30240805,100898497,131139302,7509385,138648687,10.086560975907108,6.407813951043872,0.3643009066581726,4,59,43,1.3488373
45,18,11054,00:00:12.3490000,69,28504,54800,54500916,60513109,201908088,262421197,11262011,273683208,10.776151028360697,12.373604215843137,0.3909408748149872,5,69,46,1.4782609
45,19,11288,00:00:29.8950000,81,57154,108582,107670548,123685522,401612075,525297597,17034372,542331969,11.56485536787646,20.447077931494018,0.4774797260761261,6,82,54,1.5
45,20,11505,00:01:02.8340000,97,115847,215209,222359758,261504880,787756485,1049261365,25505048,1074766413,12.518378325452217,25.826594490154516,0.4536944329738617,6,98,60,1.6166667
46,0,3203,00:00:00.1500000,1,1,1,534,534,469,1003,3489,4492,1,1,0,0,1,1,0
46,1,3636,00:00:00.1840000,1,1,1,891,891,1115,2006,5736,7742,1,1,0,0,1,1,0
46,2,4218,00:00:00.2080000,2,2,3,1430,1430,2572,4002,10784,14786,1.0244755244755244,1.0501476235010356,0,1,2,1,1
46,3,4816,00:00:00.2360000,2,2,3,2472,2472,5544,8016,19321,27337,1.25,1.6,0,1,2,1,1
46,4,5350,00:00:00.2980000,3,6,9,4605,4609,11403,16012,31469,47481,1.7183496199782844,1.6858464226711734,0.01569375954568386,1,3,2,1
46,5,5839,00:00:00.3480000,6,15,24,8042,8089,23934,32023,49718,81741,1.954861974633176,1.1789123558134311,0.013646538369357586,2,6,4,1.25
46,6,6385,00:00:00.3900000,16,19,34,14182,14186,49884,64070,82792,146862,2.187420674093922,1.5788399334995802,0.03906433656811714,3,16,13,1.1538461
46,7,6906,00:00:00.4370000,15,24,50,26323,26387,101671,128058,131935,259993,2.6947536375033243,4.683236242416756,0.4753320813179016,3,15,12,1.1666666
46,8,7374,00:00:00.4920000,17,38,81,50682,50822,205184,256006,202366,458372,3.27027346987096,4.955410774685655,0.633173406124115,3,17,12,1.3333334
46,9,7815,00:00:00.5740000,16,74,160,96664,97493,414749,512242,308695,820937,3.8315608706447075,2.1116221589871538,0.3869594931602478,3,16,11,1.3636364
46,10,8241,00:00:00.6960000,19,137,291,186024,188397,835708,1024105,472518,1496623,4.408871973508795,2.3568692508305142,0.11470574885606766,3,20,15,1.2666667
46,11,8651,00:00:00.8830000,19,274,573,359321,367742,1680799,2048541,722012,2770553,5.042112762682949,2.6292110766698764,0.06512542814016342,4,20,15,1.2666667
46,12,9036,00:00:01.0830000,29,496,1071,726834,747955,3350379,4098334,1094763,5193097,5.806734412534361,4.235194081144102,0.14289863407611847,4,29,24,1.1666666
46,13,9377,00:00:01.4250000,23,922,1975,1547683,1608473,6600078,8208551,1617649,9826200,6.80182246622855,5.651583702051846,0.2933988869190216,4,23,17,1.2941177
46,14,9680,00:00:01.9260000,23,1756,3713,3201804,3323721,13068674,16392395,2360075,18752470,7.563343352684924,2.4956320074096845,0.2061668336391449,4,23,16,1.375
46,15,9997,00:00:02.9470000,35,3334,7230,5912965,6201084,26597919,32799003,3599587,36398590,7.948263011873062,1.7366153837586338,0.11935973167419434,5,36,27,1.2962962
46,16,10339,00:00:05.5320000,55,6613,14292,10821849,11705950,53864874,65570824,5714396,71285220,8.465351992991216,3.1466052116829832,0.2065819352865219,5,56,44,1.25
46,17,10659,00:00:12.2630000,68,13370,28186,22801551,25149278,106131063,131280341,8831265,140111606,9.478982679730866,8.844303722004806,0.28224828839302063,6,69,50,1.36
46,18,10941,00:00:25.0450000,65,26948,55051,48630189,54566723,207940658,262507381,13198998,275706379,10.473940313084121,7.904728436147139,0.2208515852689743,6,66,45,1.4444444
46,19,11187,00:00:47.0150000,63,55539,108660,107948359,121188717,403354847,524543564,19233201,543776765,11.629687385984255,10.095624561915399,0.21587924659252167,8,64,44,1.4318181
46,20,11360,00:01:16.1170000,50,122370,215584,291818613,319872840,733882061,1053754901,25902888,1079657789,13.615174334338983,8.220580668200716,0.3179904818534851,6,51,35,1.4285715
47,0,2569,00:00:00.0340000,1,1,1,497,497,504,1001,2936,3937,1,1,0,0,1,1,0
47,1,3018,00:00:00.0460000,1,1,1,872,872,1129,2001,5248,7249,1,1,0,0,1,1,0
47,2,3607,00:00:00.0520000,2,2,5,1433,1433,2573,4006,10406,14412,1.0125610607117934,1.0254376257624287,0,1,2,1,1
47,3,4247,00:00:00.0600000,2,2,6,2492,2492,5529,8021,19365,27386,1.1745585874799358,1.4048411706024322,0,1,2,1,1
47,4,4800,00:00:00.0840000,2,4,11,4626,4628,11391,16019,31762,47781,1.620838737570255,1.8896303386092923,0,1,2,1,1
47,5,5332,00:00:00.0920000,4,6,20,7920,7926,24078,32004,51539,83543,1.9108585858585858,1.225259024642304,0.02506920136511326,2,4,2,1.5
47,6,5905,00:00:00.1120000,5,9,27,13681,13698,50335,64033,85571,149604,2.031869015422849,1.1777048832692905,0.019199954345822334,2,5,3,1.3333334
47,7,6510,00:00:00.1280000,8,25,63,24289,24370,103702,128072,142733,270805,2.4077565976367903,2.207451285233211,0.06514663994312286,3,8,5,1.4
47,8,7052,00:00:00.1540000,11,39,110,47268,47500,208705,256205,223734,479939,3.042121519844292,3.10926396098895,0.22945308685302734,2,11,9,1.1111112
47,9,7533,00:00:00.1870000,13,71,189,91551,92283,419851,512134,339510,851644,3.6492119146705115,2.540188731104528,0.2018340677022934,2,13,11,1.0909091
47,10,8027,00:00:00.2450000,22,119,313,164393,166464,857631,1024095,530306,1554401,3.9333791584799838,1.646069076508568,0.16098298132419586,4,22,16,1.3125
47,11,8565,00:00:00.3520000,31,221,576,305621,311497,1739357,2050854,860703,2911557,4.503754650367612,2.7725922648454984,0.1281409114599228,4,32,26,1.1923077
47,12,8980,00:00:00.5230000,32,469,1086,711670,728255,3368655,4096910,1260343,5357253,5.729524920257985,1.7680008396659306,0.12002889066934586,4,33,27,1.1851852
47,13,9363,00:00:00.8260000,39,890,2068,1383838,1427795,6764541,8192336,1851170,10043506,6.328837624057151,2.250881272160229,0.06352531909942627,6,40,32,1.21875
47,14,9701,00:00:01.3000000,35,1765,3886,3149375,3276589,13144976,16421565,2670984,19092549,7.639306529073229,7.617073887941894,0.29368942975997925,4,35,28,1.2142857
47,15,9961,00:00:01.9550000,30,3628,7430,7079950,7402281,25411888,32814169,3681560,36495729,8.682748465737752,3.3498262108636707,0.3280896246433258,4,30,23,1.2608696
47,16,10216,00:00:03.2490000,43,7008,14134,13825526,14596161,50974668,65570829,5262429,70833258,9.25917220075388,3.892574513401441,0.32109400629997253,5,43,30,1.4
47,17,10474,00:00:06.2200000,56,13988,27896,26699611,28980721,102229749,131210470,7795292,139005762,9.932982956193632,9.955429731323992,0.4600125253200531,5,57,42,1.3333334
47,18,10723,00:00:14.9480000,82,28035,54810,53530494,59177122,203151490,262328612,11667420,273996032,10.714693012173585,17.218504180987352,0.4613015353679657,6,83,57,1.4385965
47,19,10954,00:00:33.3990000,81,57074,108319,110981328,126345503,398558298,524903801,17344881,542248682,11.719085547435512,20.45843494469623,0.5992486476898193,7,82,55,1.4727273
47,20,11137,00:01:01.3870000,74,121487,214761,269923226,303926442,745466543,1049392985,24420051,1073813036,13.382773477966657,12.778929522206772,0.3817448019981384,8,75,51,1.4509804
48,0,2111,00:00:00.0470000,1,1,2,536,536,469,1005,2382,3387,1,1,0,0,1,1,0
48,1,2585,00:00:00.0590000,1,1,2,852,852,1149,2001,4985,6986,1,1,0,0,1,1,0
48,2,3116,00:00:00.0640000,1,1,2,1428,1428,2573,4001,9685,13686,1,1,0,0,1,1,0
48,3,3883,00:00:00.0730000,2,2,4,2322,2322,5684,8006,20668,28674,1.0017226528854435,1.0034512025104136,0,1,2,1,1
48,4,4705,00:00:00.1010000,3,5,9,4066,4068,11947,16015,39383,55398,1.1819970486965077,1.4263129591764918,0.023098012432456017,1,3,2,1
48,5,5369,00:00:00.1210000,4,7,18,7627,7641,24363,32004,63716,95720,1.7473449586993575,1.6686242846243469,0.07383297383785248,1,4,3,1
48,6,5974,00:00:00.1330000,7,9,35,13245,13250,50759,64009,100095,164104,1.9860324650811627,1.1980126674936153,0.07267702370882034,2,7,5,1.2
48,7,6620,00:00:00.1520000,11,19,61,23620,23691,104420,128111,161933,290044,2.3008890770533448,1.8758178921220585,0.06820521503686905,2,11,9,1.1111112
48,8,7212,00:00:00.1780000,13,36,97,44507,44737,211486,256223,250396,506619,2.8003684813624825,1.9293779331214658,0.09032420068979263,3,14,11,1.1818181
48,9,7792,00:00:00.2150000,21,59,165,82176,82851,429218,512069,389270,901339,3.2436842873831777,2.3307775916968962,0.1755909025669098,2,21,18,1.1111112
48,10,8356,00:00:00.2800000,26,120,307,155563,157323,866875,1024198,606015,1630213,3.775139332617653,3.6014808837911985,0.23107852041721344,3,26,22,1.1363636
48,11,8931,00:00:00.3960000,29,248,610,282298,289048,1759355,2048403,959332,3007735,4.188251422255914,4.127391182763228,0.2550886869430542,4,30,24,1.2083334
48,12,9492,00:00:00.6420000,52,455,1129,554262,574708,3524864,4099572,1502340,5601912,4.886418336454601,6.36446593586573,0.2027592808008194,4,53,43,1.2093023
48,13,9995,00:00:01.0390000,55,892,2147,1150921,1211787,6989127,8200914,2275116,10476030,5.804725085388137,9.768468930477919,0.31143271923065186,5,56,41,1.3414634
48,14,10404,00:00:01.5970000,47,1747,3975,2714726,2846210,13570325,16416535,3266547,19683082,7.129289659435243,11.430116852968505,0.3550278842449188,4,48,35,1.3428571
48,15,10711,00:00:02.3830000,29,3428,7418,6374281,6678290,26165702,32843992,4455984,37299976,8.340687522247608,3.6211796740241953,0.32976874709129333,5,30,17,1.7058823
48,16,10979,00:00:03.7920000,32,6877,14079,14143493,14859928,50831536,65691464,6101382,71792846,9.544889441384813,3.0477457733468274,0.1780116856098175,7,33,19,1.6842105
48,17,11139,00:00:06.3000000,24,15749,27624,40056234,41743352,89913452,131656804,7650055,139306859,11.671981145306871,3.403462147533576,0.06954386085271835,8,25,15,1.6
48,18,11272,00:00:11.7200000,23,32911,54711,86912753,90613092,172862764,263475856,9738705,273214561,12.45467888929948,3.3879950732417896,0.07419086247682571,6,24,16,1.4375
48,19,11413,00:00:23.1150000,27,65139,108015,164400190,173600185,350728080,524328265,13257344,537585609,12.851504496436409,3.7686005189239644,0.13016942143440247,4,27,21,1.2380953
48,20,11570,00:00:48.6990000,38,127660,214680,298942337,325779764,725051656,1050831420,19457203,1070288623,13.225199286509893,4.709041472740073,0.28015831112861633,6,38,28,1.3214285
4,0,2779,00:00:00.0540000,1,1,1,480,480,524,1004,3462,4466,1,1,0,0,1,1,0
4,1,3276,00:00:00.0660000,1,1,2,861,861,1141,2002,6189,8191,1,1,0,0,1,1,0
4,2,3879,00:00:00.0730000,1,1,3,1412,1412,2594,4006,11482,15488,1,1,0,0,1,1,0
4,3,4523,00:00:00.0800000,1,3,5,2410,2413,5591,8004,20563,28567,1,1,0,0,1,1,0
4,4,5422,00:00:00.1070000,3,5,11,3761,3763,12243,16006,41676,57682,1.0204732783834087,1.0419195480471133,0.008883615955710411,1,3,2,1
4,5,6288,00:00:00.1310000,5,9,20,7050,7061,24950,32011,73393,105404,1.5015602836879434,2.3419129151068807,0.18532171845436096,2,5,3,1.3333334
4,6,6852,00:00:00.1420000,5,9,27,14597,14626,49397,64023,106310,170333,2.3282866342399124,2.714540242127278,0.23455242812633514,2,5,3,1.3333334
4,7,7313,00:00:00.1540000,6,18,50,27349,27429,100676,128105,149768,277873,2.8064280229624483,1.4724809956117515,0.10766829550266266,3,6,3,1.6666666
4,8,7810,00:00:00.1740000,8,38,97,47084,47379,208660,256039,225162,481201,2.996134568006117,1.1628811884922412,0.01831687055528164,3,8,5,1.4
4,9,8361,00:00:00.2140000,16,77,187,83753,84652,427405,512057,357720,869777,3.307487492985326,1.893824951361307,0.12168768048286438,3,16,13,1.1538461
4,10,8897,00:00:00.2870000,27,144,340,160936,164025,860102,1024127,562944,1587071,3.94176567082567,3.2700841854677622,0.2392057329416275,2,27,24,1.0833334
4,11,9389,00:00:00.3950000,38,258,607,321607,329662,1719747,2049409,863102,2912511,4.65159029498736,3.761681863112898,0.21579241752624512,3,38,33,1.1212121
4,12,9848,00:00:00.5930000,41,443,1086,636077,657716,3443596,4101312,1307280,5408592,5.370244482979262,4.672692026091999,0.1941213607788086,4,41,29,1.3793104
4,13,10265,00:00:00.9110000,39,858,2017,1321747,1378721,6827915,8206636,1948514,10155150,6.228399988802698,5.165391148246716,0.22111424803733826,5,40,26,1.5
4,14,10634,00:00:01.4040000,45,1737,3862,2867869,2983744,13430036,16413780,2849087,19262867,7.260657652075461,4.17576480396604,0.19367903470993042,4,46,34,1.3235294
4,15,10921,00:00:02.1010000,37,3507,7370,6751736,7040293,25771240,32811533,3958742,36770275,8.54082298241519,2.445140177450615,0.1342477649450302,4,37,31,1.1612903
4,16,11173,00:00:03.3320000,39,7144,14310,14291205,15016682,50525966,65542648,5513248,71055896,9.451049229228746,2.830494199595743,0.07404212653636932,6,40,31,1.2580645
4,17,11391,00:00:05.4880000,39,14546,27846,31564183,33418288,97917213,131335501,7643801,138979302,10.5648888171761,3.613806448037428,0.08304592221975327,6,39,30,1.2666667
4,18,11587,00:00:11.0460000,37,29614,54637,65598329,70499302,192280635,262779937,10702297,273482234,11.407938836368835,3.6827139559885014,0.15944334864616394,4,37,27,1.3333334
4,19,11778,00:00:24.9810000,44,59254,107562,130110085,142530427,382691279,525221706,15435967,540657673,12.103359474402003,5.04936907208902,0.17459045350551605,4,44,30,1.4333333
4,20,11963,00:00:52.6380000,64,119961,213673,261997043,292462229,757165532,1049627761,22685109,1072312870,12.929538639869305,8.695408220520282,0.23076999187469482,6,64,43,1.4651163
49,0,2415,00:00:00.0360000,2,2,4,504,504,497,1001,2966,3967,1.0277777777777777,1.0570962767280936,0,1,2,1,1
49,1,2825,00:00:00.0490000,2,2,4,882,882,1119,2001,5128,7129,1.1088435374149659,1.2406844652074638,0,1,2,1,1
49,2,3214,00:00:00.0540000,3,3,5,1622,1622,2385,4007,8384,12391,1.4475955610357583,1.987919269522002,0,2,3,1,2
49,3,3607,00:00:00.0590000,3,3,6,2852,2852,5157,8009,13967,21976,1.7843618513323982,1.620745783649546,0,2,3,1,2
49,4,3978,00:00:00.0820000,4,6,11,5055,5057,10987,16044,22452,38496,2.074975272007913,1.491998192484883,0.011770631186664104,2,4,2,1.5
49,5,4356,00:00:00.1020000,5,7,14,9032,9034,22983,32017,36581,68598,2.4309123117803364,2.056227034470249,0.03190326318144798,2,5,3,1.3333334
49,6,4729,00:00:00.1090000,8,15,29,16617,16628,47415,64043,58551,122594,2.7597039176746705,1.6767426177803373,0.04280192777514458,3,8,5,1.4
49,7,5127,00:00:00.1200000,8,18,42,29148,29213,98846,128059,96007,224066,3.0054206120488542,1.436649648812371,0.05037878081202507,2,8,6,1.1666666
49,8,5556,00:00:00.1380000,10,50,94,52582,52881,203158,256039,160691,416730,3.3826024114716065,2.4481192275715262,0.0994935929775238,3,10,7,1.2857143
49,9,5973,00:00:00.1680000,17,79,177,100917,101975,410657,512632,261003,773635,3.9952039795079126,4.8420413193660305,0.22100208699703217,3,17,12,1.3333334
49,10,6362,00:00:00.2170000,21,147,318,196985,199418,825933,1025351,410643,1435994,4.598791786176612,2.9172121919843677,0.3007693588733673,3,21,16,1.25
49,11,6756,00:00:00.3060000,30,276,590,363404,370852,1677774,2048626,651280,2699906,5.037231290794818,2.205233960102361,0.20277543365955353,3,30,24,1.2083334
49,12,7163,00:00:00.4870000,48,461,1039,685642,705527,3392302,4097829,1046897,5144726,5.573280224957047,4.137081519159806,0.1633622944355011,4,49,38,1.2631578
49,13,7560,00:00:00.7960000,57,866,1999,1360446,1413905,6788783,8202688,1658277,9860965,6.305837203387712,8.019079855820157,0.23580946028232574,4,58,47,1.2127659
49,14,7920,00:00:01.2970000,49,1761,3851,2870939,2995389,13397278,16392667,2536743,18929410,7.236425086008445,9.178476411887646,0.2736905515193939,5,50,36,1.3611112
49,15,8243,00:00:02.1040000,44,3480,7439,6041805,6344003,26496275,32840278,3790702,36630980,8.10549314319148,6.951555992946078,0.25467804074287415,6,45,29,1.5172414
49,16,8538,00:00:03.5840000,50,6898,14390,12692003,13486619,52125077,65611696,5607394,71219090,9.063489112002259,11.495966107583671,0.4423901438713074,7,51,28,1.7857143
49,17,8774,00:00:06.7610000,59,14349,27938,30166142,31852827,99362905,131215732,7903559,139119291,10.424944097922763,7.496440963761433,0.39478084444999695,7,60,35,1.6857142
49,18,8977,00:00:14.8510000,56,29298,54721,64713520,68928663,193654240,262582903,11064766,273647669,11.354754647869564,6.554406793807702,0.34313762187957764,6,57,37,1.5135136
49,19,9159,00:00:29.3580000,49,60687,108396,138993141,150447396,375911330,526358726,15552679,541911405,12.435923474813768,9.785254104882526,0.3940424621105194,5,50,34,1.4411764
49,20,9316,00:00:53.6930000,50,125712,214640,297912691,325328502,725169743,1050498245,21716555,1072214800,13.399696265373267,6.238580330002788,0.48032480478286743,5,51,37,1.3513514
5,0,2284,00:00:00.0350000,1,1,1,542,542,459,1001,2614,3615,1,1,0,0,1,1,0
5,1,2748,00:00:00.0470000,2,2,2,883,883,1119,2002,5070,7072,1.0033975084937712,1.0068181346296359,0,1,2,1,1
5,2,3334,00:00:00.0540000,2,2,5,1380,1380,2625,4005,10351,14356,1.0036231884057971,1.0072726293586676,0,1,2,1,1
5,3,3987,00:00:00.0620000,2,3,7,2450,2452,5555,8007,19464,27471,1.04,1.0831889565678998,0,1,2,1,1
5,4,4685,00:00:00.0710000,2,4,11,4261,4264,11761,16025,35307,51332,1.3970898850035203,1.9187192977401297,0,1,2,1,1
5,5,5250,00:00:00.0950000,3,8,20,7793,7803,24230,32033,55966,87999,1.828564095983575,1.4057827518709318,0,2,3,1,2
5,6,5840,00:00:00.1070000,4,9,33,13316,13335,50735,64070,91319,155389,1.9800240312406128,1.0755657000931573,0,2,4,2,1.5
5,7,6517,00:00:00.1350000,11,21,57,22778,22843,105189,128032,156350,284382,2.1291158135042587,1.3320178446169066,0.08422879874706268,2,11,9,1.1111112
5,8,7185,00:00:00.1610000,15,31,88,42686,42772,213454,256226,257078,513304,2.6597713536053975,3.832820373220987,0.37588265538215637,2,15,13,1.0769231
5,9,7800,00:00:00.1990000,21,66,160,80207,80606,431892,512498,405500,917998,3.171992469485207,4.5486332108646765,0.5384191274642944,2,21,17,1.1764706
5,10,8374,00:00:00.2680000,33,123,317,155519,157166,866999,1024165,625185,1649350,3.7727351641921567,2.3619462688028734,0.3989587426185608,4,33,24,1.3333334
5,11,8906,00:00:00.3740000,31,217,562,314774,322027,1726090,2048117,949189,2997306,4.6282126223893965,3.8034663435455034,0.33826228976249695,4,32,22,1.4090909
5,12,9316,00:00:00.5410000,28,429,1019,708409,724543,3373698,4098241,1344928,5443169,5.711666565501003,1.927020456107476,0.243534654378891,5,29,19,1.4736842
5,13,9692,00:00:00.8240000,29,859,1952,1439606,1484039,6710036,8194075,1923338,10117413,6.513275160009058,2.4968145348609463,0.10215868055820465,5,30,23,1.2608696
5,14,10003,00:00:01.2570000,26,1751,3747,3228046,3342045,13047146,16389191,2681881,19071072,7.630799251311784,2.177960718250562,0.08751111477613449,4,27,22,1.1818181
5,15,10300,00:00:01.9950000,31,3463,7335,6310431,6602701,26220153,32822854,3842595,36665449,8.198492464302358,2.3213042747192083,0.1002127006649971,4,31,26,1.1538461
5,16,10599,00:00:03.4890000,50,6764,14210,12344966,13156838,52477209,65634047,5690622,71324669,8.905978031855252,6.718924344821121,0.15135511755943298,5,50,38,1.2894737
5,17,10866,00:00:06.9790000,59,13786,27997,26697691,28865049,102337503,131202552,8295076,139497628,10.00962457764606,8.756757656853065,0.25160863995552063,6,60,40,1.475
5,18,11092,00:00:16.0630000,57,28602,54890,59435173,64858783,197789870,262648653,11796568,274445221,11.160640602493073,7.972177672342844,0.20184773206710815,6,58,38,1.5
5,19,11282,00:00:31.5210000,60,59231,108166,130902274,143882941,380475013,524357954,16480203,540838157,12.233479312972058,9.111488611127754,0.20901358127593994,6,61,40,1.5
5,20,11460,00:00:59.9350000,58,120903,214255,263603292,298625509,751083673,1049709182,23473385,1073182567,12.984882335991465,8.027341131354856,0.2992730140686035,6,59,38,1.5263158
6,0,2182,00:00:00.0330000,1,1,2,518,518,483,1001,2410,3411,1,1,0,0,1,1,0
6,1,2642,00:00:00.0460000,1,1,3,903,903,1100,2003,4749,6752,1,1,0,0,1,1,0
6,2,3206,00:00:00.0520000,1,1,4,1406,1406,2596,4002,9775,13777,1,1,0,0,1,1,0
6,3,3882,00:00:00.0610000,2,3,9,2415,2416,5596,8012,19294,27306,1.0012422360248447,1.0024875269780829,0,1,2,1,1
6,4,4721,00:00:00.0910000,4,5,17,3993,3994,12019,16013,38507,54520,1.0861507638367143,1.1920204149030411,0.06541810929775238,1,4,3,1
6,5,5457,00:00:00.1150000,8,10,29,7452,7454,24556,32010,65394,97404,1.6298980139559849,2.6511689631012736,0.26382577419281006,2,8,6,1.1666666
6,6,6051,00:00:00.1310000,10,17,48,13868,13905,50121,64026,100433,164459,2.145298528987597,2.5992416976004997,0.30613499879837036,2,10,8,1.125
6,7,6563,00:00:00.1490000,16,29,74,26573,26637,101431,128068,148265,276333,2.70530237459075,2.912649864303793,0.2445988655090332,3,16,12,1.25
6,8,7034,00:00:00.1740000,19,47,111,49875,50101,205930,256031,218900,474931,3.2213533834586467,2.848323691942532,0.1465236395597458,3,20,16,1.1875
6,9,7487,00:00:00.2080000,16,74,180,94842,95797,416449,512246,327670,839916,3.74654688850931,2.2708266198081137,0.12364844232797623,4,17,12,1.3333334
6,10,7947,00:00:00.2660000,17,135,335,175479,177861,846635,1024496,504686,1529182,4.211153471355547,2.345978773627382,0.2361203134059906,4,18,12,1.4166666
6,11,8384,00:00:00.3560000,22,245,591,351773,358644,1691388,2050032,770215,2820247,4.958439107037777,3.218067399598129,0.17918761074543,5,23,17,1.2941177
6,12,8778,00:00:00.5260000,25,484,1104,713611,731565,3367117,4098682,1152556,5251238,5.72538119507687,3.141214917452071,0.21348059177398682,4,26,20,1.25
6,13,9157,00:00:00.8260000,36,878,2046,1406183,1452387,6753696,8206083,1736304,9942387,6.38062400128575,4.571289620425389,0.18799161911010742,4,37,26,1.3846154
6,14,9513,00:00:01.3270000,44,1747,3922,2882837,3010813,13385379,16396192,2605889,19002081,7.2467225861191595,10.839104351412454,0.4226435124874115,3,44,34,1.2647059
6,15,9820,00:00:02.0960000,51,3511,7447,6293974,6645815,26152136,32797951,3792797,36590748,8.303648696356229,4.653033547323565,0.34286460280418396,4,52,37,1.3783784
6,16,10101,00:00:03.4910000,52,7028,14530,12857983,13752836,51934953,65687789,5528802,71216591,9.068788705040285,3.1029793851660807,0.2425214648246765,5,53,38,1.3684211
6,17,10375,00:00:06.1910000,59,13834,28145,25462285,27759105,103644895,131404000,8217087,139621087,9.791828973715438,7.015808423649059,0.17434906959533691,5,60,44,1.3409091
6,18,10630,00:00:12.8710000,61,27908,55134,53288361,59348574,203485095,262833669,12170408,275004077,10.813001135463708,12.103463339277278,0.2812550365924835,6,62,42,1.4523809
6,19,10830,00:00:26.7790000,51,58813,108310,127694985,141656321,383764025,525420346,17069665,542490011,12.272651005049259,5.797182675044359,0.20643796026706696,7,52,34,1.5
6,20,10999,00:00:51.0930000,54,122944,215356,282048503,310978315,741666813,1052645128,23703761,1076348889,13.208460507234106,4.7017859568554465,0.17408007383346558,7,55,39,1.3846154
7,0,2735,00:00:00.0530000,1,1,1,524,524,478,1002,2856,3858,1,1,0,0,1,1,0
7,1,3269,00:00:00.0660000,1,1,1,879,879,1123,2002,5724,7726,1,1,0,0,1,1,0
7,2,3885,00:00:00.0720000,1,1,1,1415,1415,2586,4001,11152,15153,1,1,0,0,1,1,0
7,3,4581,00:00:00.0800000,2,2,2,2368,2368,5635,8003,21113,29116,1.0067567567567568,1.0136048651888032,0,1,2,1,1
7,4,5398,00:00:00.1070000,5,6,9,3904,3907,12096,16003,39803,55806,1.15625,1.3569606891367048,0.029724108055233955,2,5,3,1.3333334
7,5,5998,00:00:00.1340000,6,11,18,8187,8199,23810,32009,61422,93431,2.028948332722609,3.0003876933362807,0.11327233910560608,2,6,4,1.25
7,6,6412,00:00:00.1420000,5,16,26,16110,16160,47869,64029,85776,149805,2.68504034761018,1.7459310201825462,0.09027138352394104,2,5,3,1.3333334
7,7,6821,00:00:00.1680000,7,26,49,28607,28733,99475,128208,124464,252672,2.938756248470654,1.221470003186419,0.06116219237446785,3,7,4,1.5
7,8,7284,00:00:00.1870000,9,35,79,49375,49614,206431,256045,194585,450630,3.146653164556962,1.4397261075065397,0.025002872571349144,3,10,7,1.2857143
7,9,7770,00:00:00.2180000,17,75,163,91559,92179,420174,512353,311585,823938,3.617164888214157,3.50649281030273,0.30327123403549194,3,17,13,1.2307693
7,10,8241,00:00:00.2720000,26,134,301,175187,177313,847118,1024431,492415,1516846,4.1990558660174555,4.923634528318774,0.3402976095676422,4,26,20,1.25
7,11,8646,00:00:00.3510000,27,235,529,395582,402904,1646992,2049896,736336,2786232,5.512444954522703,4.3535982012389045,0.20069003105163574,6,27,19,1.3684211
7,12,8905,00:00:00.4570000,18,461,939,996190,1014574,3094072,4108646,985334,5093980,7.037541031329365,2.301582917417406,0.0673927515745163,6,19,12,1.5
7,13,9108,00:00:00.5970000,12,948,1829,2231546,2275491,5937488,8212979,1298133,9511112,8.137462996505562,2.4556242702334004,0.02641848288476467,6,13,6,2
7,14,9301,00:00:00.8730000,13,1883,3552,4465545,4561507,11876206,16437713,1774502,18212215,8.716705351754378,1.531445698296541,0.02995571494102478,5,13,8,1.5
7,15,9515,00:00:01.4050000,22,3671,6959,8060379,8306542,24536166,32842708,2615104,35457812,8.991927674864916,1.3675309165902134,0.0204684566706419,3,22,19,1.1052631
7,16,9761,00:00:02.5590000,37,7142,13874,14069499,14884195,50813433,65697628,4147170,69844798,9.260408917190299,1.9005846479743451,0.2042946219444275,4,37,30,1.2
7,17,10026,00:00:05.0650000,55,14022,27483,25600230,28247569,103085784,131333353,6751268,138084621,9.800992178585895,5.491361222574483,0.3896522521972656,3,55,47,1.1489362
7,18,10290,00:00:10.1330000,80,27999,54656,49256698,56260658,206174371,262435029,10854937,273289966,10.484446744684348,17.353985795069306,0.5018988847732544,3,80,60,1.3166667
7,19,10556,00:00:27.3600000,111,55489,108528,93842474,111712794,413853781,525566575,17412338,542978913,11.153503401881753,22.83117836471619,0.5223422646522522,4,111,79,1.392405
7,20,10789,00:01:03.8000000,104,115240,215895,212452827,256167639,794697555,1050865194,26426202,1077291396,12.616218234648391,7.38760971166683,0.4078613817691803,5,104,69,1.4927536
8,0,2741,00:00:00.1000000,1,1,1,514,514,488,1002,3269,4271,1,1,0,0,1,1,0
8,1,3206,00:00:00.1210000,1,1,1,861,861,1141,2002,5792,7794,1,1,0,0,1,1,0
8,2,3768,00:00:00.1340000,1,1,2,1437,1437,2567,4004,10697,14701,1,1,0,0,1,1,0
8,3,4453,00:00:00.1500000,1,1,4,2347,2347,5656,8003,20470,28473,1,1,0,0,1,1,0
8,4,5313,00:00:00.1950000,2,3,7,3841,3842,12159,16001,40329,56330,1.0046862796146836,1.0094165129207637,0,1,2,1,1
8,5,6338,00:00:00.2250000,3,4,18,6451,6452,25552,32004,78486,110490,1.1864827158580065,1.44108465773496,0.0450298897922039,1,3,2,1
8,6,7123,00:00:00.2660000,4,13,40,12734,12764,51274,64038,124614,188652,1.804696089209989,1.5170252967493472,0.08858471363782883,2,4,2,1.5
8,7,7842,00:00:00.3030000,10,19,70,22261,22312,105736,128048,193389,321437,2.0654957099860742,1.2746841352241371,0.11729759722948074,2,10,8,1.125
8,8,8532,00:00:00.3550000,16,44,125,41997,42270,213751,256021,296694,552715,2.6263066409505442,3.5020957478631365,0.15337708592414856,3,16,13,1.1538461
8,9,9114,00:00:00.4220000,22,77,193,84080,84879,427619,512498,435889,948387,3.3684348239771644,6.017053253298841,0.3416840434074402,2,22,20,1.05
8,10,9644,00:00:00.5160000,29,136,336,159464,161267,862886,1024153,640094,1664247,3.8620190136958814,4.760581606807959,0.313623309135437,3,29,23,1.2173913
8,11,10206,00:00:00.7120000,36,231,591,285810,292778,1756596,2049374,985227,3034601,4.21804695427032,5.730875466500669,0.2910816967487335,3,37,27,1.3333334
8,12,10763,00:00:00.9780000,57,407,1077,558180,576890,3523938,4100828,1524833,5625661,4.908400515962593,8.986511309323364,0.46316397190093994,3,58,44,1.2954545
8,13,11271,00:00:01.4410000,52,858,2083,1128180,1185257,7009989,8195246,2307808,10503054,5.704298073002535,11.238747491138087,0.4887544512748718,5,53,34,1.5294118
8,14,11723,00:00:02.2030000,57,1640,3944,2473228,2609702,13797088,16406790,3405528,19812318,6.792794275335715,12.132422230543595,0.3453346788883209,5,58,39,1.4615384
8,15,12046,00:00:03.2570000,39,3344,7387,6297464,6631163,26151575,32782738,4646401,37429139,8.401995787510655,4.431912738970451,0.12846189737319946,7,40,26,1.5
8,16,12302,00:00:04.8330000,27,7013,14321,14222670,14933014,50741691,65674705,6225953,71900658,9.444548386484394,3.397685562341024,0.05501268431544304,7,28,18,1.5
8,17,12531,00:00:07.9580000,24,14249,27942,30253552,31957778,99229552,131187330,8470072,139657402,10.38339521256876,4.013539533770374,0.051970887929201126,5,25,18,1.3333334
8,18,12738,00:00:14.8520000,33,29139,54808,63654325,68217603,194717397,262935000,11695551,274630551,11.257084180847098,4.314309002165866,0.07669136673212051,5,33,26,1.2307693
8,19,12940,00:00:31.2130000,53,58809,108464,123647211,136575175,389486636,526061811,16710644,542772455,11.87774722229683,3.8545312308400446,0.11265331506729126,5,53,46,1.1304348
8,20,13147,00:01:05.9530000,99,116658,214340,235821924,266592786,782839303,1049432089,24842007,1074274096,12.483262671540242,6.718272838090144,0.1960141658782959,6,99,75,1.3066666
