RepeatId,GenerationId,Generations,Time,SubcloneSelect,SubcloneAlive,SubcloneTotal,CellSelectCount,CellAliveCount,CellNecroCount,CellTumorCount,CellLostCount,CellTotalCount,MeanDriversPerCell,ClonalDiversity,TreeBalance,TreeDepth,NodeCount,LeafCount,Branching
0,0,8044,00:00:00.1000000,4,4,17,770,770,234,1004,18004,19008,1.5415584415584416,2.314840136295644,0.3137754797935486,2,4,2,1.5
0,1,8768,00:00:00.1290000,3,3,22,1298,1298,703,2001,24939,26940,1.7033898305084745,2.0387910413088437,0.3387284278869629,1,3,2,1
0,2,9448,00:00:00.1410000,4,7,33,2236,2240,1761,4001,35546,39547,1.8336314847942754,1.7600385342484854,0.4422287046909332,2,4,2,1.5
0,3,10342,00:00:00.1810000,7,13,54,3737,3749,4254,8003,58767,66770,1.9376505218089377,1.5829093699115104,0.3447588086128235,2,7,4,1.5
0,4,11231,00:00:00.2130000,10,21,94,6255,6282,9719,16001,96879,112880,2.0313349320543566,1.5766006368629926,0.6091045141220093,2,10,7,1.2857143
0,5,12334,00:00:00.2790000,20,39,179,10383,10450,21563,32013,174783,206796,2.2349995184436096,2.3470650168835,0.6485859751701355,3,20,16,1.1875
0,6,13495,00:00:00.3870000,29,67,317,17298,17478,46557,64035,308555,372590,2.5738813735691988,4.303172729735241,0.6322720646858215,4,29,20,1.4
0,7,14642,00:00:00.5670000,41,124,556,29564,29993,98022,128015,522359,650374,3.244452712758761,7.787456790237071,0.5674448609352112,4,42,29,1.4137931
0,8,15690,00:00:00.8320000,39,174,925,50374,51690,204453,256143,832172,1088315,4.0167348235200695,5.5799607844968815,0.3794020712375641,5,40,27,1.4444444
0,9,16727,00:00:01.3040000,48,318,1495,85681,88980,423058,512038,1328460,1840498,4.697027345619215,2.8356721848636437,0.17905162274837494,6,49,36,1.3333334
0,10,17858,00:00:02.1500000,56,481,2606,142889,150341,873724,1024065,2204717,3228782,5.213536381386951,3.0107212323272465,0.12442993372678757,5,57,42,1.3333334
0,11,19080,00:00:03.7340000,78,832,4612,240009,256212,1792740,2048952,3718792,5767744,5.889595806823911,8.572328990621637,0.16917684674263,5,79,63,1.2380953
0,12,20375,00:00:06.7780000,87,1504,8297,402067,444865,3652076,4096941,6296106,10393047,6.720877366210109,11.290732353696967,0.2775737941265106,5,88,62,1.4032258
0,13,21725,00:00:13.1690000,104,2716,14930,689453,781623,7413500,8195123,10579444,18774567,7.761816976646704,12.980933936779978,0.33084002137184143,5,104,76,1.3552631
0,14,23034,00:00:41.1370000,84,4655,26418,1161991,1378308,15010824,16389132,16798302,33187434,8.839020267798976,6.427016869080602,0.29967984557151794,5,85,61,1.3770492
0,15,24439,00:01:39.5450000,104,8142,48139,1981112,2423374,30352068,32775442,27498926,60274368,9.847266080867715,14.0971441990645,0.3286248445510864,6,105,74,1.4054054
0,16,25878,00:03:27.8450000,95,14476,88438,3586249,4491336,61053258,65544594,44948281,110492875,11.52093036484639,12.839609433964311,0.43666061758995056,4,96,68,1.3970588
0,17,27354,00:06:47.6650000,101,26436,164139,6316979,8089196,123041838,131131034,73665732,204796766,12.71302310803946,16.403935063340185,0.447605699300766,5,102,70,1.4428571
0,18,28898,00:13:06.4430000,109,48090,307146,10960709,14997815,247207708,262205523,121556570,383762093,14.39842413478909,35.51305621024635,0.4829767644405365,5,110,71,1.5352113
0,19,30426,00:24:45.5810000,94,89820,575070,21162094,28759602,495689634,524449236,195407295,719856531,16.402651505092077,10.004335481525052,0.2910783588886261,6,95,61,1.5409836
0,20,31963,00:46:28.2850000,105,166479,1089395,36853918,53647480,995061322,1048708802,313614965,1362323767,17.908469189083235,9.215236107162873,0.21397891640663147,6,106,72,1.4583334
9,0,8347,00:00:00.1090000,1,1,20,747,747,254,1001,22142,23143,1,1,0,0,1,1,0
9,1,9651,00:00:00.1390000,4,4,29,1239,1239,763,2002,34228,36230,1.1468926553672316,1.3377273354509187,0.027228988707065582,1,4,3,1
9,2,10536,00:00:00.1680000,4,10,47,2156,2164,1843,4007,48095,52102,1.2504638218923934,1.6023021459952762,0.018870143219828606,2,4,2,1.5
9,3,11662,00:00:00.2000000,8,11,69,3617,3623,4380,8003,77382,85385,1.5808681227536632,2.24614905937053,0.09939463436603546,2,8,6,1.1666666
9,4,12754,00:00:00.2660000,14,23,113,6117,6141,9868,16009,124363,140372,1.9166257969592937,2.159807373274458,0.12026666849851608,2,14,12,1.0833334
9,5,13836,00:00:00.3320000,18,41,192,10417,10500,21526,32026,200466,232492,2.270231352596717,2.5313580526910995,0.11875458806753159,3,18,15,1.1333333
9,6,14912,00:00:00.4310000,19,55,312,17599,17781,46223,64004,323201,387205,2.7572021137564633,3.5433105046464397,0.1282741278409958,3,19,16,1.125
9,7,15966,00:00:00.5670000,28,86,507,29902,30269,97847,128116,518150,646266,3.3029228814126146,3.4004282985467538,0.11621688306331635,4,28,23,1.173913
9,8,17043,00:00:00.8250000,37,177,883,49446,50644,205443,256087,839283,1095370,3.7808720624519676,2.536403079749291,0.14067751169204712,4,37,28,1.2857143
9,9,18189,00:00:01.3530000,55,297,1529,83255,86193,426153,512346,1387280,1899626,4.270566332352411,2.9886919109327033,0.14386703073978424,5,55,42,1.2857143
9,10,19371,00:00:02.2070000,64,480,2567,145171,151948,872459,1024407,2294557,3318964,5.373042825357682,7.710055981389475,0.17635062336921692,6,65,48,1.3333334
9,11,20437,00:00:03.5750000,49,806,4417,260181,275924,1772399,2048323,3609801,5658124,6.770540508338426,3.370596355814616,0.18886657059192657,6,50,34,1.4411764
9,12,21526,00:00:05.9790000,51,1435,7927,443277,477604,3619525,4097129,5786097,9883226,7.529673319391712,4.423087650742965,0.13529027998447418,7,52,35,1.4571428
9,13,22652,00:00:10.6940000,63,2499,13940,746584,829989,7364075,8194064,9195077,17389141,8.469860055934765,10.177568855577942,0.24592365324497223,6,64,46,1.3695652
9,14,23768,00:00:28.6370000,59,4577,24788,1377919,1556288,14837929,16394217,14530919,30925136,10.281565171827951,6.405908215067705,0.19045400619506836,7,60,40,1.475
9,15,24861,00:01:09.0120000,61,8154,44695,2536066,2838416,29947177,32785593,22931174,55716767,11.60880000757078,3.8010149712411376,0.13251237571239471,6,62,45,1.3555555
9,16,26046,00:02:29.1670000,69,14927,82635,4189061,4947585,60594061,65541646,37485917,103027563,12.473052075393507,6.249942711790971,0.16781878471374512,6,70,55,1.2545455
9,17,27350,00:05:12.2100000,86,27593,155612,6731414,8783825,122313480,131097305,62964022,194061327,13.600040496692078,18.003058426836205,0.2542482614517212,6,87,63,1.3650794
9,18,28730,00:10:33.5450000,102,50636,294484,11804855,16135308,246137949,262273257,105754761,368028018,15.187475407364174,20.556743218190206,0.3653542101383209,7,103,65,1.5692308
9,19,30110,00:20:38.9380000,89,93389,556960,23549115,31144014,493163317,524307331,172155910,696463241,17.321274111574894,6.947177537005234,0.34116217494010925,5,90,64,1.390625
9,20,31509,00:39:53.0600000,91,173318,1062944,41468024,57428407,991171676,1048600083,280342750,1328942833,18.649821607125528,7.42864920798295,0.24655866622924805,5,92,73,1.2465754
10,0,9630,00:00:00.1120000,2,2,23,737,737,264,1001,22712,23713,1.012211668928087,1.0247215202358968,0,1,2,1,1
10,1,10891,00:00:00.1430000,4,5,32,1241,1242,762,2004,33691,35695,1.1345688960515714,1.3206621394679872,0.11010557413101196,1,4,3,1
10,2,12013,00:00:00.1750000,6,6,44,2162,2162,1843,4005,51255,55260,1.3839037927844589,2.2608369785969082,0.26540422439575195,2,6,4,1.25
10,3,13122,00:00:00.2030000,7,10,63,3614,3618,4386,8004,80589,88593,1.6809629219701163,3.640575987113412,0.44647639989852905,2,7,5,1.2
10,4,14164,00:00:00.2370000,9,19,92,6087,6110,9892,16002,125582,141584,1.952028914079185,4.0975717960370694,0.6452873349189758,2,9,5,1.6
10,5,15186,00:00:00.3080000,12,28,159,10382,10429,21578,32007,197544,229551,2.3034097476401465,4.92071334796915,0.5777158141136169,3,12,7,1.5714285
10,6,16239,00:00:00.3970000,18,50,273,17277,17431,46573,64004,317549,381553,2.6189153209469236,4.960918413735325,0.5090212225914001,3,18,12,1.4166666
10,7,17413,00:00:00.5680000,33,100,496,29169,29506,98546,128052,534502,662554,2.9261544790702456,4.182996881401425,0.4262600541114807,3,33,26,1.2307693
10,8,18735,00:00:00.9600000,50,196,973,47179,48508,207561,256069,934041,1190110,3.230102376057144,4.89880622422936,0.3822016716003418,4,51,39,1.2820513
10,9,20082,00:00:01.5730000,76,309,1701,80990,83630,428507,512137,1574888,2087025,3.9213730090134584,13.328445777373055,0.3948952853679657,5,77,58,1.3103448
10,10,21396,00:00:02.6790000,80,512,2908,136258,144442,879847,1024289,2581407,3605696,4.744528761613997,10.92040694112426,0.448933482170105,5,81,57,1.4035088
10,11,22749,00:00:04.5600000,72,886,5042,228704,247938,1800474,2048412,4255636,6304048,5.506593675668112,12.68060411273626,0.4123360812664032,5,73,51,1.4117647
10,12,24141,00:00:08.0130000,82,1504,8896,392485,433001,3664258,4097259,7020630,11117889,6.461941220683593,10.321691719639574,0.422169953584671,5,83,61,1.3442622
10,13,25581,00:00:16.7020000,89,2637,15848,667444,759035,7435454,8194489,11631393,19825882,7.416493368732058,9.341221134881323,0.3476272225379944,5,90,63,1.4126984
10,14,26984,00:00:49.5910000,93,4378,27820,1146901,1345964,15041284,16387248,18356133,34743381,8.578736089688649,7.479907968824275,0.27163708209991455,6,94,66,1.4090909
10,15,28420,00:01:50.7450000,101,8024,49827,2005902,2410851,30371388,32782239,29276931,62059170,9.793666390481688,10.983054684020964,0.291165292263031,6,102,70,1.4428571
10,16,29903,00:03:44.1330000,100,14415,90551,3458584,4351424,61199064,65550488,47282419,112832907,11.08037133115749,12.726222701124318,0.4339761734008789,5,101,65,1.5384616
10,17,31453,00:07:17.2700000,105,26297,166957,5770013,7873663,123217307,131090970,77328143,208419113,12.442893456219249,33.120357051851705,0.5400269031524658,4,106,73,1.4383562
10,18,33056,00:14:27.0030000,113,47511,311125,10061629,14505784,247720493,262226277,126985705,389211982,13.991798047811145,23.727833983835986,0.4844912886619568,5,114,76,1.4868422
10,19,34674,00:27:13.3820000,113,88985,584484,19236515,28304594,496171304,524475898,205555015,730030913,16.460807479941142,21.651962531485218,0.4888572692871094,7,114,75,1.5066667
10,20,35994,00:46:13.0130000,44,170415,1084454,54813770,64249019,984417805,1048666824,306661928,1355328752,20.06217556281934,3.5729301494719072,0.11826498061418533,5,45,33,1.3333334
11,0,8037,00:00:00.1110000,7,7,19,784,784,220,1004,14082,15086,2.190051020408163,3.574662039507726,0.7472196221351624,2,7,4,1.5
11,1,8646,00:00:00.1480000,8,9,27,1344,1345,666,2011,19983,21994,2.46875,3.4691063992945574,0.5668655633926392,2,8,6,1.1666666
11,2,9245,00:00:00.1610000,11,13,38,2309,2312,1695,4007,29236,33243,2.682979644867908,2.6001502325196038,0.4098876714706421,3,11,8,1.25
11,3,9784,00:00:00.1770000,15,19,56,3878,3885,4118,8003,43489,51492,2.7973182052604435,2.1280687083797254,0.33527764678001404,3,15,11,1.2727273
11,4,10429,00:00:00.2180000,17,25,81,6522,6544,9461,16005,71559,87564,2.9296228150873964,1.8951265449531214,0.21476516127586365,3,18,14,1.2142857
11,5,11154,00:00:00.2570000,23,44,143,11008,11071,20977,32048,123323,155371,3.064407703488372,2.001991384030731,0.18400432169437408,3,24,19,1.2105263
11,6,11997,00:00:00.3260000,24,69,248,18033,18167,45857,64024,220947,284971,3.2296345588643045,2.3803070369614763,0.14775893092155457,3,25,19,1.2631578
11,7,12946,00:00:00.4580000,32,95,441,30326,30751,97295,128046,397809,525855,3.4715425707313856,4.122350042629234,0.2005370408296585,4,33,24,1.3333334
11,8,13996,00:00:00.7180000,48,171,802,50059,51114,204943,256057,710897,966954,3.776883277732276,7.709449828272978,0.24628202617168427,5,49,36,1.3333334
11,9,15168,00:00:01.2060000,61,290,1449,82491,85437,426607,512044,1272030,1784074,4.189620685893006,12.299352825109334,0.48697158694267273,4,62,44,1.3863636
11,10,16420,00:00:02.1540000,81,529,2645,138644,146347,878107,1024454,2236155,3260609,4.918481867228297,14.978097839704699,0.48703286051750183,5,82,54,1.5
11,11,17675,00:00:03.8120000,88,866,4615,237800,256596,1792235,2048831,3786222,5835053,5.906921783010934,6.994065027926162,0.33266177773475647,5,89,64,1.375
11,12,18965,00:00:06.8000000,78,1520,8366,400603,444633,3653342,4097975,6354996,10452971,6.729817300419618,11.128342939457655,0.35710999369621277,4,79,56,1.3928572
11,13,20365,00:00:12.9320000,82,2666,15238,647667,763143,7432100,8195243,10865754,19060997,7.435481505156199,20.24975295950856,0.5450072288513184,4,83,62,1.3225807
11,14,21793,00:00:42.7200000,121,4552,27187,1070692,1313441,15073343,16386784,17684948,34071732,8.256991739921471,28.60496525869325,0.5503329634666443,5,122,88,1.375
11,15,23291,00:01:45.9430000,124,8198,49199,1834829,2360418,30415062,32775480,29013165,61788645,9.583058148743016,26.659973016849126,0.472692608833313,6,125,84,1.4761904
11,16,24819,00:03:42.3400000,97,14546,90360,3255730,4263459,61279336,65542795,47531608,113074403,10.903862421023856,12.296522285586445,0.37930405139923096,5,98,68,1.4264706
11,17,26428,00:07:24.1920000,135,26209,167791,5728710,7695014,123424867,131119881,78630072,209749953,12.194844389050939,35.30772245055072,0.44180068373680115,5,136,99,1.3636364
11,18,27994,00:13:55.4460000,89,47970,311066,11726963,15247715,246944699,262192414,126991717,389184131,14.679184968861929,3.7693482448773294,0.2885347604751587,6,90,58,1.5344827
11,19,29504,00:25:36.7330000,83,87977,579258,21798190,28836944,495647626,524484570,200045453,724530023,16.372438124449783,11.320862594255686,0.2753601372241974,5,84,59,1.4067796
11,20,31020,00:47:19.7870000,95,167386,1091641,39128153,54671179,994160591,1048831770,316647715,1365479485,18.162455840938875,20.492058162686543,0.2809801399707794,6,96,67,1.4179105
12,0,8249,00:00:00.0940000,6,6,17,751,751,252,1003,20864,21867,1.0945406125166446,1.2162139573115105,0.07430998235940933,1,6,5,1
12,1,9064,00:00:00.1250000,5,6,21,1268,1269,736,2005,28280,30285,1.1829652996845426,1.452985107781723,0.09713401645421982,1,5,4,1
12,2,10011,00:00:00.1420000,5,5,33,2172,2172,1831,4003,42857,46860,1.3775322283609577,2.02839318574173,0.15302561223506927,1,5,4,1
12,3,11199,00:00:00.1710000,10,12,58,3609,3612,4392,8004,73869,81873,1.6500415627597673,2.5621206334380737,0.2619638741016388,2,10,7,1.2857143
12,4,12264,00:00:00.2300000,11,21,101,6088,6121,9885,16006,120025,136031,1.9160643889618922,2.4892716661915126,0.4683248996734619,2,11,7,1.4285715
12,5,13368,00:00:00.2870000,13,29,162,10299,10341,21667,32008,197526,229534,2.1771045732595398,2.825078304613484,0.5988601446151733,3,13,8,1.5
12,6,14498,00:00:00.3840000,21,64,299,17577,17754,46298,64052,325047,389099,2.525459407179837,4.264496993572283,0.5083861947059631,3,21,13,1.5384616
12,7,15732,00:00:00.5840000,37,100,522,28475,28848,99159,128007,554433,682440,2.8643371378402107,4.066781689664632,0.4574722349643707,4,38,28,1.3214285
12,8,17042,00:00:00.8980000,49,169,897,48217,49236,206782,256018,947561,1203579,3.3942385465707114,5.083835326999719,0.4257355034351349,5,50,38,1.2894737
12,9,18238,00:00:01.4880000,49,289,1520,83701,86578,425586,512164,1515813,2027977,4.4264584652513115,5.784492873910989,0.31734150648117065,5,50,38,1.2894737
12,10,19366,00:00:02.4190000,51,504,2616,144427,151973,872130,1024103,2383899,3408002,5.367805188780491,5.816742850482523,0.24167363345623016,5,52,37,1.3783784
12,11,20539,00:00:04.1270000,57,797,4563,243766,260097,1788429,2048526,3837046,5885572,6.030311856452499,11.428453635473872,0.26572686433792114,5,58,42,1.3571428
12,12,21821,00:00:07.4780000,67,1484,8358,404234,443338,3652885,4096223,6389819,10486042,6.667900275582954,15.057112720653123,0.3954382538795471,4,68,51,1.3137255
12,13,23224,00:00:15.7470000,91,2559,15235,664788,762956,7431422,8194378,10892163,19086541,7.420514509888867,18.85906372311323,0.4634062945842743,5,92,68,1.3382353
12,14,24639,00:00:52.1920000,118,4587,27306,1108929,1330449,15054304,16384753,17659373,34044126,8.459560530926687,34.215318885761604,0.5729741454124451,5,119,83,1.4216868
12,15,26064,00:01:59.2190000,106,8152,49264,2023767,2445368,30322865,32768233,28457410,61225643,9.990883831982634,22.546539292811328,0.5598958134651184,4,107,68,1.5588236
12,16,27525,00:04:00.6370000,102,14226,89881,3518087,4363784,61186602,65550386,46224087,111774473,11.113516237659843,14.323870092104313,0.5025238394737244,4,103,75,1.36
12,17,29077,00:07:51.7220000,115,25935,166408,5873318,7875205,123198889,131074094,76313018,207387112,12.438827422591455,25.764718359917754,0.5273073315620422,5,116,82,1.402439
12,18,30600,00:14:30.9160000,79,49080,308014,12672498,16094352,246121317,262215669,123216236,385431905,15.475061112655137,5.416024116059457,0.31476694345474243,7,80,55,1.4363636
12,19,31903,00:24:59.6430000,46,90052,569097,27216898,32271466,492155433,524426899,186473782,710900681,17.55964022792017,3.3604474175546906,0.19726988673210144,5,47,34,1.3529412
12,20,33251,00:45:00.0930000,79,174960,1071602,45561968,59858609,988885749,1048744358,290927254,1339671612,19.14327912701225,6.886977151093829,0.1926310658454895,5,80,60,1.3166667
13,0,7562,00:00:00.1930000,3,3,6,741,741,260,1001,18864,19865,1.0040485829959513,1.0081373567072571,0,1,3,2,1
13,1,8797,00:00:00.2540000,3,4,16,1248,1249,754,2003,30005,32008,1.0048076923076923,1.0096734289670624,0,1,3,2,1
13,2,10009,00:00:00.2980000,8,10,33,2128,2131,1873,4004,48687,52691,1.0859962406015038,1.1941097762544886,0.06611207127571106,1,8,7,1
13,3,11455,00:00:00.3660000,10,14,70,3553,3562,4440,8002,87335,95337,1.262876442443006,1.7638751520084985,0.16214951872825623,1,10,9,1
13,4,12809,00:00:00.4530000,10,18,114,5985,6002,10004,16006,145304,161310,1.5989974937343359,3.2813604916667645,0.32112735509872437,2,10,8,1.125
13,5,14069,00:00:00.6120000,12,31,199,10026,10102,21908,32010,232999,265009,1.8498902852583283,3.150256160094415,0.4621499478816986,2,12,8,1.375
13,6,15574,00:00:00.8200000,29,61,343,16609,16740,47269,64009,406929,470938,2.0617737371304714,3.063113296808744,0.4327203333377838,2,29,25,1.12
13,7,17184,00:00:01.1670000,37,102,626,27345,27839,100197,128036,705152,833188,2.344267690619857,4.757181764446065,0.5057768225669861,3,37,30,1.2
13,8,18786,00:00:01.7890000,61,186,1086,46388,47415,208689,256104,1185039,1441143,2.9079287746831075,16.810525578427743,0.5670241117477417,4,62,45,1.3555555
13,9,20266,00:00:02.7930000,71,319,1849,78634,81983,430146,512129,1890364,2402493,3.710532339700384,19.306824284299562,0.5931896567344666,5,72,51,1.3921568
13,10,21642,00:00:04.2860000,67,515,3057,134623,142955,881347,1024302,2942932,3967234,4.609873498584937,6.461547174408445,0.34916314482688904,4,68,46,1.4565217
13,11,23053,00:00:06.9560000,63,925,5305,222097,244352,1803837,2048189,4692192,6740381,5.315407231975218,5.31306293792534,0.2351490706205368,4,64,50,1.26
13,12,24527,00:00:12.0170000,88,1576,9355,374007,422520,3674193,4096713,7618448,11715161,6.165860532022128,8.98250737134223,0.2601906657218933,5,89,69,1.2753624
13,13,26006,00:00:28.5780000,101,2651,16391,659223,759952,7434989,8194941,12349224,20544165,7.475394517484979,11.114377605952287,0.36513978242874146,5,102,75,1.3466667
13,14,27391,00:01:04.1070000,101,4609,28300,1150357,1350141,15034137,16384278,18958655,35342933,8.629947051219752,12.59089317931785,0.4687800705432892,5,102,67,1.5074627
13,15,28786,00:02:07.3850000,98,7946,50014,2080461,2479495,30292723,32772218,29554208,62326426,10.137355134270722,20.34273424613439,0.5324232578277588,5,99,64,1.53125
13,16,30186,00:03:57.9630000,91,14225,89723,3741097,4538697,60998056,65536753,46576131,112112884,11.60535399108871,18.371896678029337,0.5369125008583069,5,92,56,1.625
13,17,31614,00:07:19.1550000,75,26132,164765,6653780,8391218,122717945,131109163,74356830,205465993,13.1780431574233,13.755804508433023,0.5166640281677246,6,76,47,1.5957447
13,18,33058,00:13:37.7230000,76,48109,305347,12233793,15760644,246389943,262150587,119290322,381440909,14.932651713168598,10.173735327104348,0.32169532775878906,6,77,54,1.4074074
13,19,34496,00:24:49.1270000,76,91006,570391,22486797,30236463,494290376,524526839,188535649,713062488,16.96155917625796,17.684899567840045,0.33825650811195374,8,77,52,1.4615384
13,20,35816,00:43:29.2890000,61,175050,1069926,51659866,63411735,985386522,1048798257,289869759,1338668016,19.91776951182955,3.8918282509599216,0.1379629522562027,7,62,46,1.326087
14,0,4940,00:00:00.0820000,4,4,8,780,780,228,1008,10763,11771,1.705128205128205,2.7971642482615127,0.42651817202568054,1,4,3,1
14,1,5567,00:00:00.1090000,5,9,17,1299,1303,699,2002,16835,18837,1.892994611239415,2.477286037766009,0.8435013890266418,2,5,2,2
14,2,6205,00:00:00.1200000,8,9,24,2264,2266,1747,4013,26876,30889,2.030035335689046,2.4495699047054837,0.8306304216384888,3,8,4,1.75
14,3,6919,00:00:00.1370000,10,13,38,3780,3783,4229,8012,45544,53556,2.1476190476190475,2.830239094261874,0.8261284828186035,3,10,6,1.5
14,4,7759,00:00:00.1630000,14,21,65,6370,6392,9626,16018,81925,97943,2.2992150706436423,3.4030397916432102,0.7175509333610535,3,14,10,1.3
14,5,8692,00:00:00.2240000,19,36,120,10562,10632,21373,32005,148018,180023,2.6114372277977655,4.536131734949687,0.5775044560432434,3,20,15,1.2666667
14,6,9617,00:00:00.3000000,28,64,243,18043,18224,45781,64005,253513,317518,3.0834672726265033,5.138951065948088,0.44538015127182007,4,29,19,1.4736842
14,7,10581,00:00:00.4360000,41,124,469,30260,30869,97181,128050,433165,561215,3.581229345670853,4.543960170404606,0.3570007085800171,4,42,30,1.3666667
14,8,11570,00:00:00.6860000,52,193,816,50440,51897,204180,256077,727065,983142,4.025138778747026,4.274752752441683,0.31003376841545105,5,53,39,1.3333334
14,9,12627,00:00:01.1210000,60,297,1376,85174,88679,423633,512312,1233809,1746121,4.647721135557799,7.298609142825949,0.3151882290840149,5,61,44,1.3636364
14,10,13710,00:00:01.8970000,63,526,2443,146300,154638,869720,1024358,2069344,3093702,5.596097060833903,6.502822532316399,0.2501596510410309,6,64,43,1.4651163
14,11,14776,00:00:03.1840000,56,912,4308,256645,274590,1774216,2048806,3389946,5438752,6.718954197432251,4.724248520552695,0.12963885068893433,6,57,39,1.4358975
14,12,15853,00:00:05.5440000,41,1491,7707,444157,483685,3613067,4096752,5547083,9643835,7.717712430514435,4.48431284307086,0.11548729985952377,4,42,33,1.2424242
14,13,16940,00:00:09.7100000,53,2568,13630,748137,832779,7361946,8194725,8809853,17004578,8.44859029830098,4.942945658174058,0.20253269374370575,4,53,41,1.2682927
14,14,18153,00:00:18.4970000,81,4525,25002,1228309,1425059,14965503,16390562,14629053,31019615,9.14327502281592,6.710637896385891,0.20637564361095428,6,82,61,1.3278688
14,15,19460,00:00:49.0140000,87,8218,46024,2115830,2574686,30194704,32769390,24597608,57366998,10.602769126064004,9.326703456018393,0.2963775396347046,7,88,66,1.3181819
14,16,20739,00:02:06.7120000,61,14874,84527,4070852,4851201,60688509,65539710,40167513,105707223,12.388020247358538,3.7313322693610536,0.18421995639801025,6,62,41,1.4878049
14,17,22030,00:04:37.0910000,66,26785,156928,7441821,8980712,122156117,131136829,65367242,196504071,13.877439943798702,6.7801141904224265,0.21745194494724274,5,67,49,1.3469387
14,18,23361,00:09:25.7790000,90,49199,294585,12850173,16461781,245713700,262175481,106478054,368653535,15.312414626635766,17.68679074153146,0.35564517974853516,7,91,61,1.4754099
14,19,24761,00:18:54.9900000,99,92324,557938,20633141,29943433,494438717,524382150,174072721,698454871,16.702332863425884,23.766240659076605,0.45835232734680176,6,100,67,1.4776119
14,20,26251,00:38:00.0720000,120,173958,1069083,33547705,54896962,994141837,1049038799,288600837,1337639636,18.20096137723877,30.71953300565002,0.5544520020484924,5,121,84,1.4285715
15,0,8797,00:00:00.2390000,6,6,17,751,751,250,1001,12438,13439,2.0319573901464714,1.1988670142214954,0.09822355210781097,2,6,4,1.25
15,1,9276,00:00:00.2810000,8,10,25,1319,1321,687,2008,16771,18779,2.043972706595906,1.1449087088951861,0.06777066737413406,2,8,6,1.1666666
15,2,9841,00:00:00.3020000,9,12,36,2273,2278,1724,4002,25425,29427,2.1275846898372195,1.3169302023558696,0.07617947459220886,3,10,7,1.2857143
15,3,10571,00:00:00.3340000,12,14,49,3816,3818,4190,8008,44812,52820,2.2796121593291403,1.7021039809425338,0.05103657767176628,3,13,9,1.3333334
15,4,11311,00:00:00.3990000,16,23,81,6529,6543,9481,16024,76440,92464,2.6056057589217336,2.9772441610748848,0.0949694812297821,3,17,12,1.3333334
15,5,12041,00:00:00.4490000,21,41,129,11063,11118,20887,32005,127738,159743,3.0903010033444818,5.1677284866472,0.16345839202404022,4,22,16,1.3125
15,6,12794,00:00:00.5250000,22,58,217,18774,18944,45099,64043,214139,278182,3.5347821455204005,3.896840244309891,0.30845779180526733,3,22,17,1.2352941
15,7,13617,00:00:00.6460000,30,98,359,31262,31677,96399,128076,365774,493850,3.8379822148295055,2.926992572330032,0.31870371103286743,3,30,23,1.2608696
15,8,14548,00:00:00.9250000,40,170,681,51521,52711,203350,256061,643368,899429,4.125443993711302,2.956568974462558,0.3018498122692108,4,40,31,1.2580645
15,9,15598,00:00:01.4240000,55,294,1284,84848,88126,424136,512262,1146613,1658875,4.548946351122006,5.491433812038007,0.2973554730415344,4,56,41,1.3414634
15,10,16750,00:00:02.4880000,63,556,2474,140463,149206,875329,1024535,2037221,3061756,5.18207641870101,11.50863427517897,0.3798861801624298,4,64,44,1.4318181
15,11,17980,00:00:04.4970000,67,887,4441,232144,255159,1793241,2048400,3564839,5613239,5.844682610793301,8.792918880098794,0.36829906702041626,5,68,45,1.4888889
15,12,19271,00:00:08.4930000,79,1559,8130,405994,451423,3645321,4096744,6135939,10232683,6.971462632452696,10.513008832721214,0.38600143790245056,6,80,53,1.490566
15,13,20482,00:00:19.7100000,65,2638,14466,735989,817635,7374999,8192634,9851572,18044206,8.295418817400803,5.058899933094707,0.29599735140800476,5,66,46,1.4130435
15,14,21722,00:00:49.7100000,70,4494,25747,1234816,1406552,14985020,16391572,15788161,32179733,9.0304093889292,4.30784457434278,0.29292598366737366,6,71,48,1.4583334
15,15,23065,00:01:48.9710000,74,8030,46758,2100229,2529472,30239266,32768738,26026071,58794809,10.386088850311085,11.011006724476298,0.48540201783180237,5,75,50,1.48
15,16,24378,00:03:33.5740000,64,14592,85794,4013639,4742827,60826036,65568863,42000780,107569643,12.097809992378487,4.91834394671641,0.19859132170677185,6,65,45,1.4222223
15,17,25759,00:06:53.1740000,77,26680,160054,6701216,8438718,122654854,131093572,68960697,200054269,13.14008174038861,15.17784412262028,0.553502082824707,6,78,58,1.3275862
15,18,27203,00:13:09.3380000,101,49470,300742,12030971,15869347,246324277,262193624,113806893,376000517,15.078148139497635,19.692735242053537,0.6377797722816467,7,102,62,1.6290323
15,19,28597,00:24:22.3750000,73,91578,563685,23889438,30626728,493733169,524359897,180984005,705343902,17.056182234173946,8.033692500916034,0.3336356282234192,6,74,50,1.46
15,20,30041,00:46:07.8670000,83,171943,1072616,39832558,56287971,992708460,1048996431,292440492,1341436923,18.445178489415618,12.803683290375558,0.320949524641037,5,84,61,1.3606558
16,0,5552,00:00:00.0680000,4,4,10,753,753,251,1004,14704,15708,1.1274900398406376,1.2902902179606484,0.03620857000350952,1,4,3,1
16,1,6620,00:00:00.1010000,4,5,18,1261,1262,741,2003,24747,26750,1.3108643933386201,1.8175906527714072,0.11578989773988724,1,4,3,1
16,2,7492,00:00:00.1200000,13,14,38,2153,2154,1847,4001,38200,42201,1.535531816070599,2.385737450151388,0.14122755825519562,2,13,10,1.2
16,3,8485,00:00:00.1500000,16,21,70,3709,3715,4291,8006,64385,72391,1.9350229172283635,2.8044609640800258,0.2766744792461395,2,16,12,1.25
16,4,9417,00:00:00.2080000,21,26,108,6365,6379,9643,16022,104664,120686,2.3413982717989,3.7164090029917114,0.3337256908416748,3,21,15,1.3333334
16,5,10309,00:00:00.2640000,30,50,165,10620,10694,21319,32013,167740,199753,2.637382297551789,5.840639554920177,0.39866548776626587,3,30,23,1.2608696
16,6,11253,00:00:00.3530000,36,75,290,17913,18111,45958,64069,276888,340957,3.00619661698208,7.958098885606563,0.49495792388916016,4,36,26,1.3461539
16,7,12277,00:00:00.5070000,44,115,499,30189,30580,97452,128032,468511,596543,3.426148597171155,11.247288327641352,0.5470471382141113,4,45,31,1.4193548
16,8,13299,00:00:00.7880000,50,182,839,50493,51712,204439,256151,771913,1028064,3.998534450319846,13.254385981213343,0.42846646904945374,5,51,37,1.3513514
16,9,14345,00:00:01.2250000,65,293,1432,85756,89147,423041,512188,1272153,1784341,4.720964130789683,8.881634495661705,0.3615453243255615,6,66,45,1.4444444
16,10,15406,00:00:01.9880000,73,500,2487,148514,155737,868920,1024657,2089885,3114542,5.689214484829713,9.936873764182733,0.27685314416885376,6,74,52,1.4038461
16,11,16456,00:00:03.2820000,66,835,4356,259225,274262,1774033,2048295,3390416,5438711,6.675729578551452,5.6063854740570065,0.345619797706604,6,67,47,1.4042553
16,12,17581,00:00:05.7930000,61,1479,7821,432886,468084,3627994,4096078,5641480,9737558,7.333006842448127,5.732058326980785,0.25199317932128906,5,62,45,1.3555555
16,13,18775,00:00:10.6810000,72,2641,14140,722882,810494,7385573,8196067,9300860,17496927,8.164102854961113,11.036959289074826,0.34533578157424927,5,73,52,1.3846154
16,14,19995,00:00:31.7190000,76,4618,25286,1272116,1448561,14942391,16390952,15123001,31513953,9.39227790547403,10.369243574611518,0.299517959356308,5,77,55,1.3818182
16,15,21262,00:01:20.5900000,69,8151,46167,2202979,2585899,30195503,32781402,24813720,57595122,10.558237731725995,7.728059105277558,0.36807096004486084,6,70,46,1.5
16,16,22609,00:02:54.2550000,82,14678,85535,3689345,4605035,60954359,65559394,41217012,106776406,11.698358380688171,10.43308320196825,0.462703138589859,5,83,59,1.3898305
16,17,24026,00:05:53.5940000,100,26870,160325,6283819,8342807,122757161,131099968,68820640,199920608,13.07009670393116,8.336935286928174,0.43007564544677734,5,101,68,1.4705882
16,18,25448,00:11:27.3240000,70,50537,300014,13304327,16964609,245303041,262267650,112546386,374814036,16.138417749353273,4.295851240085022,0.14587029814720154,8,71,49,1.4285715
16,19,26650,00:20:10.6520000,42,92257,557361,29089576,33906499,490581724,524488223,171131697,695619920,18.098514498801908,1.4044016266068904,0.03041616827249527,6,43,35,1.2
16,20,27989,00:38:25.0340000,80,177447,1060500,41082072,58139087,990519376,1048658463,275203921,1323862384,18.6197988504572,3.5320699533765856,0.39421242475509644,3,80,65,1.2153846
17,0,8645,00:00:00.0990000,4,4,9,756,756,247,1003,10436,11439,1.8835978835978835,1.6448877270936928,0.4879073202610016,2,4,2,1.5
17,1,9294,00:00:00.1260000,3,3,13,1280,1280,722,2002,16569,18571,1.9328125,1.479482915654787,0.523419976234436,1,3,2,1
17,2,9953,00:00:00.1360000,5,7,25,2242,2245,1756,4001,26876,30877,1.9339875111507583,1.4607246455953664,0.4690840244293213,2,5,3,1.3333334
17,3,10702,00:00:00.1740000,8,13,45,3779,3789,4218,8007,46344,54351,1.9865043662344535,1.4200004799639392,0.5028390884399414,2,8,5,1.4
17,4,11614,00:00:00.2050000,13,19,82,6299,6312,9694,16006,85479,101485,2.0738212414668995,1.4832626006001643,0.2803352475166321,2,13,10,1.2
17,5,12673,00:00:00.2630000,19,38,161,10461,10530,21481,32011,160299,192310,2.2803747251696778,2.2445379300797557,0.3953894078731537,2,19,16,1.125
17,6,13783,00:00:00.3600000,26,55,287,17272,17433,46573,64006,286826,350832,2.573529411764706,4.847887330327107,0.4756568372249603,3,26,20,1.25
17,7,14981,00:00:00.5550000,37,121,514,28808,29460,98592,128052,509459,637511,2.9249166898083865,9.59178898920791,0.5671005249023438,3,38,29,1.2758621
17,8,16273,00:00:00.9500000,60,214,960,48197,49604,206412,256016,898361,1154377,3.395626283793597,14.21238006923072,0.6514352560043335,4,61,45,1.3333334
17,9,17553,00:00:01.5900000,75,321,1636,79694,83369,428786,512155,1509848,2022003,3.894960724772254,13.980516803319354,0.6678131818771362,4,76,57,1.3157895
17,10,18881,00:00:02.6830000,77,534,2863,136208,145662,878557,1024219,2527115,3551334,4.8771511218136965,11.559922816451355,0.3854018747806549,5,78,55,1.4
17,11,20053,00:00:04.3440000,49,861,4841,249419,269205,1779160,2048365,3971121,6019486,6.518164213632482,1.8471777925673813,0.1553967297077179,5,50,33,1.4848485
17,12,21220,00:00:07.0640000,45,1428,8248,422683,459150,3637555,4096705,6304172,10400877,7.060267387143557,1.3723968496391565,0.06507344543933868,5,46,37,1.2162162
17,13,22566,00:00:13.5210000,77,2572,14883,678497,773299,7422186,8195485,10643077,18838562,7.539675193847578,2.993362918264772,0.1411687731742859,3,78,66,1.1666666
17,14,23937,00:00:41.5320000,116,4622,26806,1105350,1340077,15044624,16384701,17143604,33528305,8.473877052517302,13.156737679033746,0.30396682024002075,4,117,83,1.3975904
17,15,25404,00:01:40.9820000,127,8075,48708,1846356,2364989,30406168,32771157,28276881,61048038,9.57567392203887,16.811649195608698,0.3364981710910797,5,128,89,1.4269663
17,16,26927,00:03:32.8420000,104,14371,89623,3286581,4314954,61233383,65548337,46722237,112270574,11.075901065575442,15.484881527062587,0.47885042428970337,5,105,76,1.3684211
17,17,28462,00:06:56.1550000,94,25689,165740,6125692,7994393,123135347,131129740,76475967,207605707,12.648675610853434,9.922394652409272,0.4302237927913666,5,95,68,1.382353
17,18,30030,00:13:16.9510000,114,47215,309031,10985453,14756562,247453496,262210058,125120331,387330389,14.15320578951091,13.369623107309026,0.4191921055316925,5,115,81,1.4074074
17,19,31617,00:25:17.3910000,108,88603,580479,19028464,27628861,496661319,524290180,202032113,726322293,15.890117405167333,8.221901196843502,0.3515802025794983,5,109,75,1.44
17,20,33235,00:47:53.6380000,113,166085,1099169,33882627,52321415,996356632,1048678047,325794514,1374472561,17.783296377816278,29.034876317859517,0.5327712297439575,6,114,77,1.4675325
18,0,7713,00:00:00.0950000,3,3,14,745,745,256,1001,18844,19845,1.0469798657718121,1.0990049511057929,0.016904937103390694,1,3,2,1
18,1,8839,00:00:00.1310000,4,7,26,1247,1250,754,2004,29163,31167,1.1026463512429832,1.2297217672153586,0.0420769602060318,1,4,3,1
18,2,9991,00:00:00.1540000,7,11,40,2116,2122,1886,4008,47547,51555,1.3733459357277882,2.1590109302042113,0.1982109397649765,2,7,5,1.2
18,3,11067,00:00:00.1830000,7,13,70,3652,3662,4347,8009,75063,83072,1.5783132530120483,2.9501345025429133,0.3652173578739166,2,7,4,1.5
18,4,12205,00:00:00.2480000,12,19,120,6197,6219,9810,16029,123751,139780,1.923995481684686,3.154586034997585,0.35527440905570984,3,12,8,1.375
18,5,13286,00:00:00.3130000,20,36,182,10359,10418,21604,32022,200078,232100,2.352061009749976,4.259239859973122,0.28745487332344055,3,20,16,1.1875
18,6,14274,00:00:00.4030000,24,67,299,17893,18083,45957,64040,312510,376550,2.951880623707595,5.671123346027089,0.27678292989730835,4,24,17,1.3529412
18,7,15262,00:00:00.5510000,32,103,521,30175,30563,97490,128053,497141,625194,3.569345484672742,3.2389348988799846,0.3086946904659271,5,33,23,1.3913044
18,8,16246,00:00:00.8150000,32,166,853,51046,52176,203989,256165,789233,1045398,4.0635113427104965,2.5182470579568923,0.18925827741622925,5,33,23,1.3913044
18,9,17264,00:00:01.2310000,35,285,1448,86739,90170,422070,512240,1275716,1787956,4.878393802095943,3.482017044922455,0.10775028169155121,5,36,27,1.2962962
18,10,18288,00:00:01.9600000,39,449,2424,149842,156731,867809,1024540,2064545,3089085,5.722481013334045,2.0519025223093825,0.06381028145551682,5,40,31,1.2580645
18,11,19391,00:00:03.2720000,48,839,4337,247988,265183,1783016,2048199,3434785,5482984,6.241652821910738,2.20971026868415,0.08153914660215378,4,48,38,1.2368422
18,12,20615,00:00:06.0310000,69,1530,8030,406855,454597,3642240,4096837,5878861,9975698,6.9560064396406585,6.9341846382042975,0.14783073961734772,5,70,54,1.2777778
18,13,21890,00:00:11.4860000,91,2668,14534,692648,792942,7399653,8192595,9855427,18048022,7.964358519767616,12.21309253588871,0.31231337785720825,5,92,65,1.4
18,14,23143,00:00:33.6570000,86,4665,25996,1222103,1429645,14960979,16390624,15809366,32199990,9.279846297734315,6.282772023863542,0.2630922496318817,6,87,58,1.4827586
18,15,24432,00:01:24.9500000,78,8180,47067,2153692,2558066,30222880,32780946,25649331,58430277,10.471917061492544,4.440627435283124,0.19033318758010864,6,79,59,1.3220339
18,16,25777,00:03:02.1830000,75,14737,86484,3796474,4667696,60901545,65569241,42003189,107572430,11.916155095491238,13.04725819979521,0.3009722828865051,6,76,50,1.5
18,17,27143,00:06:00.8500000,93,26818,160286,6955864,8609026,122507449,131116475,68613664,199730139,13.413042290648582,17.55852074264724,0.30055537819862366,7,94,61,1.5245901
18,18,28552,00:11:38.4360000,94,49275,300071,12136694,15914116,246263117,262177233,112421985,374599218,15.005067442583623,19.053292123738686,0.370608389377594,7,95,62,1.516129
18,19,29975,00:22:15.3260000,80,91892,564611,22726479,30440417,493952589,524393006,180858961,705251967,17.06802298763482,11.257523893547036,0.34758681058883667,6,81,50,1.6
18,20,31378,00:41:39.6940000,68,171880,1069963,43597295,58002965,990662139,1048665104,289224211,1337889315,18.81630259400268,8.474963092675965,0.3185160160064697,5,69,53,1.2830188
1,0,5796,00:00:00.0840000,4,4,7,777,777,226,1003,9862,10865,2.2638352638352637,3.1372812874031797,0.34418949484825134,2,4,2,1.5
1,1,6254,00:00:00.1070000,5,5,9,1350,1350,657,2007,14236,16243,2.474074074074074,2.61570821162209,0.3523407578468323,3,5,2,2
1,2,6727,00:00:00.1140000,6,6,15,2286,2286,1725,4011,21847,25858,2.627296587926509,2.3688927916246927,0.467837393283844,3,6,3,1.6666666
1,3,7254,00:00:00.1400000,7,9,31,3940,3943,4064,8007,35467,43474,2.7926395939086293,1.9271506131874692,0.5220339298248291,3,7,3,2
1,4,7830,00:00:00.1560000,7,14,57,6597,6609,9404,16013,60376,76389,2.927088070335001,1.702369011912646,0.5903285145759583,3,7,4,1.5
1,5,8540,00:00:00.1860000,11,35,121,10926,11015,21021,32036,110459,142495,3.0028372688998717,1.6545408199937857,0.37145817279815674,3,11,7,1.4285715
1,6,9376,00:00:00.2480000,16,50,212,17950,18137,45877,64014,207032,271046,3.1508635097493034,1.9542510325200144,0.5407828688621521,3,16,12,1.25
1,7,10340,00:00:00.3680000,34,97,418,30067,30422,97618,128040,387073,515113,3.472444873116706,3.390369908064188,0.475030779838562,3,34,27,1.2222222
1,8,11339,00:00:00.6020000,42,161,754,51548,52416,203731,256147,682960,939107,4.055424070768992,6.004141382695548,0.4063482880592346,4,42,31,1.3225807
1,9,12370,00:00:00.9820000,45,277,1367,85313,88453,423648,512101,1176884,1688985,4.729794990212511,3.6472775789124325,0.22918373346328735,4,46,36,1.25
1,10,13473,00:00:01.7750000,49,511,2468,142919,151239,872783,1024022,2029604,3053626,5.288338149581231,3.568538718056163,0.1484532207250595,5,50,38,1.2894737
1,11,14685,00:00:03.2720000,60,876,4505,237255,256646,1792181,2048827,3533293,5582120,5.842279404016775,5.016389122674064,0.14788688719272614,5,61,47,1.2765957
1,12,16015,00:00:06.3470000,88,1542,8312,394254,439301,3657727,4097028,6184139,10281167,6.59063700051236,9.439179431112173,0.2509676218032837,6,89,64,1.375
1,13,17328,00:00:11.8000000,85,2652,14800,708058,803130,7393261,8196391,10274662,18471053,8.17352956961153,12.744757862142183,0.3614424765110016,5,85,57,1.4736842
1,14,18530,00:00:20.6610000,63,4588,25939,1287348,1453980,14933845,16387825,16015094,32402919,9.450174311841087,4.985238575060772,0.22643455862998962,6,64,45,1.4
1,15,19821,00:00:48.6680000,64,7909,46637,2119534,2529964,30241158,32771122,25907521,58678643,10.282286106285627,4.839461519574776,0.28405889868736267,5,65,48,1.3333334
1,16,21199,00:02:16.4510000,74,14685,85983,3623915,4588250,60948392,65536642,42650365,108187007,11.710930030091765,13.089699047376522,0.34916338324546814,5,75,51,1.4509804
1,17,22590,00:05:04.7610000,75,26689,159849,6881785,8629226,122484328,131113554,69685209,200798763,13.541086505899269,7.580966659214936,0.2788492739200592,6,76,54,1.3888888
1,18,23948,00:10:07.4110000,61,48803,298462,13104088,16415127,245815172,262230299,111607826,373838125,15.358885715663693,4.60531628664862,0.19810055196285248,4,62,47,1.2978723
1,19,25365,00:20:00.4020000,75,91163,563476,21069516,29448969,494950074,524399043,180162923,704561966,16.465102378241628,13.53689912025507,0.35750994086265564,4,76,56,1.3392857
1,20,26904,00:40:24.2890000,122,172413,1078423,31658837,53371290,995630236,1049001526,298234621,1347236147,17.835223037409744,28.628154882527436,0.46234339475631714,6,123,82,1.4878049
19,0,14085,00:00:00.1470000,3,3,22,783,783,218,1001,21337,22338,1.6143039591315453,2.319275743890721,0.3703291118144989,1,3,2,1
19,1,14884,00:00:00.1760000,3,3,23,1283,1283,726,2009,28923,30932,1.7529228371005456,2.0655920424865575,0.4572000503540039,1,3,2,1
19,2,15602,00:00:00.1900000,10,14,38,2286,2290,1726,4016,40235,44251,1.9549431321084865,1.8106848517997822,0.5281630754470825,2,10,8,1.125
19,3,16350,00:00:00.2100000,14,21,66,3805,3813,4200,8013,59891,67904,2.100131406044678,2.329615190845874,0.36731478571891785,3,14,11,1.1818181
19,4,17222,00:00:00.2640000,20,29,111,6494,6514,9509,16023,97705,113728,2.354943024330151,3.4530374385008877,0.29367730021476746,4,20,15,1.2666667
19,5,18086,00:00:00.3160000,25,44,175,10748,10805,21220,32025,159012,191037,2.8843505768515074,6.920808582893245,0.39940914511680603,4,25,19,1.2631578
19,6,18869,00:00:00.3850000,31,69,265,18729,18922,45084,64006,249093,313099,3.7099151049175076,6.518705566419727,0.29512912034988403,5,32,22,1.4090909
19,7,19592,00:00:00.4830000,34,104,422,32194,32648,95440,128088,382818,510906,4.451046778902901,2.802820680590361,0.173996239900589,5,35,24,1.4166666
19,8,20357,00:00:00.6740000,32,174,707,54582,55931,200128,256059,611608,867667,4.886977391814151,1.9338450515653192,0.14974431693553925,4,32,25,1.24
19,9,21238,00:00:00.9920000,29,292,1251,89115,92661,419641,512302,1036392,1548694,5.209033271615328,2.1441870804518053,0.13074228167533875,4,30,24,1.2083334
19,10,22256,00:00:01.6940000,41,480,2332,146747,154748,869542,1024290,1827316,2851606,5.542709561353894,3.7931784425876938,0.12243746221065521,4,42,35,1.1714286
19,11,23417,00:00:03.0940000,63,900,4369,239419,259320,1789565,2048885,3272263,5321148,5.967650854777608,6.866906895136323,0.1741119921207428,5,64,51,1.2352941
19,12,24714,00:00:06.0840000,91,1567,8059,395314,444515,3653021,4097536,5862511,9960047,6.685993918758253,14.521245614743043,0.5211752653121948,4,91,66,1.3636364
19,13,26013,00:00:11.4220000,87,2705,14619,695336,803126,7390911,8194037,9911115,18105152,8.161812418744319,10.38500063921802,0.3423073887825012,6,87,63,1.3650794
19,14,27213,00:00:20.3400000,81,4609,25755,1282712,1462084,14922230,16384314,15634755,32019069,9.54059367964126,7.393059543970682,0.232979878783226,6,82,63,1.2857143
19,15,28462,00:00:46.8260000,75,8041,46308,2231757,2613082,30169292,32782374,25208359,57990733,10.683647906111641,11.432462221558703,0.19989550113677979,7,76,51,1.4705882
19,16,29756,00:02:08.4950000,87,14553,85132,4003995,4791028,60745751,65536779,40973370,106510149,12.225756775420548,14.200693925337253,0.21791958808898926,7,88,56,1.5535715
19,17,31046,00:04:41.7090000,65,26872,157723,7370383,8999926,122104396,131104322,66131817,197236139,13.930466300055235,3.4303661514992023,0.13692261278629303,6,66,47,1.3829787
19,18,32399,00:09:40.9580000,78,49897,296606,12220714,16162004,246058634,262220638,108109847,370330485,15.12229260908978,9.41204842485324,0.24860040843486786,7,79,59,1.3220339
19,19,33789,00:19:18.4260000,77,93911,560683,22610439,30999064,493486582,524485646,174952319,699437965,17.25615641518504,5.7954852678070745,0.2859973907470703,6,77,53,1.4339622
19,20,35171,00:37:15.0150000,69,174551,1066038,43157853,58834779,990099642,1048934421,281721576,1330655997,18.999173684566745,6.517341952692593,0.19385963678359985,5,70,49,1.4081633
20,0,4369,00:00:00.1070000,3,3,8,753,753,252,1005,7845,8850,1.9760956175298805,1.4535002818630864,0,2,3,1,2
20,1,4933,00:00:00.1340000,4,5,12,1306,1307,698,2005,13083,15088,2.048238897396631,1.4666511286570532,0.035226970911026,2,4,2,1.5
20,2,5576,00:00:00.1690000,4,6,18,2228,2230,1777,4007,23121,27128,2.115350089766607,1.497450931683931,0.05650969222187996,2,4,2,1.5
20,3,6281,00:00:00.1960000,5,8,39,3736,3742,4263,8005,41707,49712,2.2668629550321198,1.8224290758132236,0.06790921092033386,2,5,3,1.3333334
20,4,7033,00:00:00.2650000,6,15,65,6294,6318,9683,16001,74169,90170,2.4488401652367333,2.160479976245691,0.1184537261724472,2,6,4,1.25
20,5,7895,00:00:00.3060000,10,27,111,10633,10688,21314,32002,134914,166916,2.643186306780777,2.1937767115293143,0.15182144939899445,2,10,8,1.125
20,6,8846,00:00:00.3730000,17,53,232,17608,17751,46304,64055,244391,308446,2.83246251703771,1.840175791372281,0.1736188679933548,2,17,15,1.0666667
20,7,9953,00:00:00.6440000,26,103,453,29046,29530,98478,128008,450760,578768,3.0278868002478827,1.7815989920964503,0.19156086444854736,2,26,23,1.0869565
20,8,11232,00:00:00.9430000,45,196,848,47853,49144,206899,256043,837874,1093917,3.3169498255072827,2.6603465697029183,0.18850688636302948,3,45,38,1.1578947
20,9,12570,00:00:01.5090000,70,306,1588,79555,82675,429347,512022,1475793,1987815,3.810722141914399,6.714085672126569,0.24774114787578583,3,70,59,1.1694915
20,10,13955,00:00:02.6660000,81,534,2851,132552,141143,882989,1024132,2537754,3561886,4.492199287826664,16.127932325027015,0.32761150598526,5,82,60,1.35
20,11,15379,00:00:04.6160000,83,860,5015,225301,245624,1803201,2048825,4298709,6347534,5.417357224335444,21.150149854782143,0.3350769579410553,6,84,60,1.3833333
20,12,16757,00:00:08.1370000,73,1568,8910,400905,439746,3657884,4097630,7027630,11125260,6.646567141841583,4.827586011760906,0.40176185965538025,6,74,47,1.5531915
20,13,18074,00:00:14.1130000,53,2661,15607,712085,802401,7391331,8193732,11138721,19332453,8.133842167718742,5.400413638292027,0.3176223635673523,7,54,39,1.3589743
20,14,19260,00:00:34.6560000,60,4491,26719,1326521,1477042,14914015,16391057,16806131,33197188,9.623569472326484,5.876698619240305,0.33589833974838257,6,61,42,1.4285715
20,15,20504,00:01:23.9610000,69,8059,47555,2243422,2616175,30168183,32784358,26352017,59136375,10.69284557252269,10.679427390789751,0.4129120409488678,5,70,49,1.4081633
20,16,21753,00:02:52.6720000,70,14850,86100,4263101,4951931,60604841,65556772,41570079,107126851,12.608251833583113,2.892891801330151,0.1905081570148468,6,71,51,1.372549
20,17,23043,00:05:38.9400000,62,26669,158937,7097285,8782973,122305790,131088763,66805900,197894663,13.567070224740869,3.844181283520041,0.14707034826278687,6,63,52,1.1923077
20,18,24428,00:10:59.8250000,95,49968,297657,12283968,16283133,245967168,262250301,109692650,371942951,15.312570661206541,15.643128217937537,0.2644195556640625,7,96,70,1.3571428
20,19,25758,00:20:31.1490000,69,94179,559472,25412605,32186376,492258583,524444959,173838766,698283725,17.65367261640434,8.321397824978664,0.23702259361743927,7,69,47,1.4468085
20,20,27099,00:38:39.3220000,67,175377,1062308,43445952,59496317,989421699,1048918016,277856918,1326774934,19.029033268738132,7.492548063869184,0.2962759733200073,6,68,48,1.3958334
21,0,5592,00:00:00.0720000,6,6,11,767,767,234,1001,11950,12951,1.6883963494132985,2.358391664228308,0.26581794023513794,3,6,3,1.6666666
21,1,6197,00:00:00.0990000,5,5,12,1347,1347,664,2011,17486,19497,2.220489977728285,2.4498548613080593,0.3420944809913635,2,5,3,1.3333334
21,2,6679,00:00:00.1070000,6,7,19,2319,2320,1681,4001,25036,29037,2.5653298835705045,1.8558012619877762,0.37161973118782043,3,6,3,1.6666666
21,3,7223,00:00:00.1350000,8,12,33,3886,3894,4115,8009,39302,47311,2.729027277406073,1.528624186618236,0.35076531767845154,3,8,5,1.4
21,4,7841,00:00:00.1530000,11,22,67,6641,6663,9354,16017,65895,81912,2.900316217437133,1.2242440461507842,0.17385832965373993,3,11,8,1.25
21,5,8570,00:00:00.1880000,15,42,124,10818,10914,21114,32028,117913,149941,3.0240340173784435,1.1560330267128633,0.09219178557395935,2,15,13,1.0769231
21,6,9436,00:00:00.2570000,19,58,235,18174,18367,45652,64019,217716,281735,3.1014086057004513,1.2731464279495008,0.060473643243312836,2,20,18,1.0555556
21,7,10461,00:00:00.3940000,34,95,439,29948,30371,97732,128103,409007,537110,3.2857953786563376,1.9369132191708491,0.08548205345869064,3,35,29,1.1724138
21,8,11585,00:00:00.6830000,47,177,808,49579,50751,205359,256110,743903,1000013,3.6770810222069827,4.974107418017811,0.16840854287147522,4,48,38,1.2368422
21,9,12724,00:00:01.1430000,60,319,1484,83278,86902,425235,512137,1287806,1799943,4.440716635846202,15.162502691693778,0.5056111812591553,4,60,41,1.4390244
21,10,13827,00:00:01.9930000,62,505,2583,146292,154431,869978,1024409,2136875,3161284,5.549305498591857,5.419325787417452,0.26729607582092285,4,62,45,1.3555555
21,11,14938,00:00:03.3860000,62,853,4513,248613,266739,1781911,2048650,3516009,5564659,6.35499350395997,4.635296814905263,0.16512252390384674,7,63,41,1.5121951
21,12,16097,00:00:05.9720000,67,1452,7986,435373,475925,3620344,4096269,5825433,9921702,7.600671148647252,8.940834579767918,0.2515924274921417,7,68,45,1.4888889
21,13,17088,00:00:09.9250000,53,2608,13577,836528,915731,7276489,8192220,8801925,16994145,9.659846412791921,4.475118106565952,0.13541118800640106,7,54,39,1.3589743
21,14,18072,00:00:25.3010000,50,4528,24039,1469957,1619836,14774869,16394705,13565113,29959818,10.6194487321738,4.296806506267792,0.11189545691013336,5,51,43,1.1627907
21,15,19171,00:01:05.7120000,65,8244,43899,2379543,2773545,30003356,32776901,22027304,54804205,11.273267598021974,6.468247290800661,0.18762359023094177,5,65,51,1.254902
21,16,20386,00:02:28.1650000,91,15312,82002,3960265,4952919,60594048,65546967,36885941,102432908,12.541644561664434,14.457496769786392,0.39521023631095886,5,91,67,1.3432835
21,17,21626,00:05:03.4170000,72,27936,154136,7358819,9239633,121897590,131137223,61096392,192233615,14.254168365875014,6.397909486551515,0.35380691289901733,5,73,48,1.5
21,18,22932,00:10:01.1280000,83,50230,290535,12406058,16451364,245721855,262173219,101371247,363544466,15.293036917931547,11.39858923866519,0.41681185364723206,4,84,64,1.296875
21,19,24341,00:20:11.5440000,112,94113,554339,20007772,29881803,494642036,524523839,169241629,693765468,16.705765389569613,20.130509794127057,0.519210934638977,5,113,75,1.4933333
21,20,25826,00:40:49.5510000,107,175173,1065827,33736061,54872675,993896278,1048768953,283299338,1332068291,18.182908994621513,19.37245872125302,0.5407355427742004,6,108,75,1.4266666
22,0,7606,00:00:00.0910000,4,4,18,767,767,234,1001,13580,14581,1.940026075619296,1.8214579964874809,0.5997998118400574,1,4,3,1
22,1,8314,00:00:00.1200000,7,7,25,1289,1289,712,2001,20175,22176,1.987587276958883,1.4235698829394394,0.3996884822845459,2,7,5,1.2
22,2,9030,00:00:00.1360000,9,11,42,2243,2245,1758,4003,31688,35691,2.09184128399465,1.7749716316097237,0.45844435691833496,2,9,7,1.1428572
22,3,9752,00:00:00.1570000,12,16,66,3795,3800,4203,8003,50608,58611,2.183399209486166,2.143827948337074,0.42220479249954224,3,12,7,1.5714285
22,4,10542,00:00:00.2040000,10,20,98,6444,6467,9539,16006,84058,100064,2.369335816263191,3.1695906180781064,0.41482412815093994,3,11,6,1.6666666
22,5,11414,00:00:00.2490000,11,25,152,10694,10741,21269,32010,145437,177447,2.6716850570413317,4.361401410874103,0.3768196403980255,3,12,7,1.5714285
22,6,12316,00:00:00.3120000,11,40,245,17913,18024,45999,64023,247800,311823,3.0305923072628818,4.636975512863507,0.3076004981994629,3,12,8,1.375
22,7,13269,00:00:00.4290000,16,77,448,29987,30392,97615,128007,424270,552277,3.425984593323774,3.9889677105642285,0.2512592375278473,4,17,11,1.4545455
22,8,14320,00:00:00.6740000,25,144,770,49811,50956,205058,256014,736878,992892,3.7848266447170302,2.7307684760234245,0.18133996427059174,4,26,20,1.25
22,9,15497,00:00:01.1320000,42,275,1421,82040,84692,427417,512109,1302488,1814597,4.135945880058508,2.897554541925612,0.22313424944877625,4,42,33,1.2424242
22,10,16786,00:00:02.0630000,63,491,2652,136765,144014,880092,1024106,2293147,3317253,4.711453953862465,7.283917884401457,0.31202033162117004,5,64,50,1.26
22,11,18114,00:00:03.8140000,80,819,4721,234697,252371,1796499,2048870,3931319,5980189,5.688658142200369,10.90906709226398,0.33668947219848633,4,81,59,1.3559322
22,12,19440,00:00:06.8840000,93,1536,8547,400444,440876,3656538,4097414,6565597,10663011,6.623313122434098,5.342781334094383,0.22835086286067963,5,94,67,1.3880597
22,13,20851,00:00:12.8610000,84,2528,15387,665004,764891,7427295,8192186,11095512,19287698,7.4708302506451085,7.044687299379468,0.29901123046875,4,85,62,1.3548387
22,14,22246,00:00:23.4680000,91,4580,27339,1145371,1343190,15044866,16388056,17759413,34147469,8.56772347125953,8.925003764988858,0.3042088747024536,5,92,65,1.4
22,15,23682,00:00:59.1290000,74,8114,49196,1983309,2413801,30360358,32774159,28660827,61434986,9.826268624808337,6.7353160529511475,0.21758608520030975,6,75,57,1.2982457
22,16,25116,00:02:34.7850000,59,14528,89536,3777851,4560816,60989304,65550120,46033546,111583666,11.702605793611236,6.865600992841524,0.13727396726608276,6,60,45,1.3111111
22,17,26512,00:05:28.3530000,60,26152,163921,6961317,8484483,122593419,131077902,73201603,204279505,13.240393161236588,5.360158488155787,0.16920095682144165,6,60,43,1.3720931
22,18,27961,00:10:57.3020000,88,48038,304820,12023387,15602270,246638262,262240532,118343402,380583934,14.77301096604476,16.597029767017226,0.31347042322158813,6,89,64,1.375
22,19,29420,00:21:07.8520000,91,90771,570272,22490868,29849590,494596964,524446554,188588551,713035105,16.838883852770824,15.468416472601817,0.3157445192337036,7,92,62,1.467742
22,20,30841,00:39:50.8200000,80,171008,1077206,44484383,58116680,990872672,1048989352,298124073,1347113425,18.902652195940316,7.000193595038552,0.23855964839458466,7,81,56,1.4285715
23,0,7471,00:00:00.0860000,6,6,18,760,760,244,1004,15805,16809,1.2986842105263159,1.7874716905620676,0.1162581518292427,2,6,4,1.25
23,1,8349,00:00:00.1200000,5,6,28,1277,1278,724,2002,24284,26286,1.6092404072043853,2.1554553146160775,0.18219603598117828,2,5,3,1.3333334
23,2,9225,00:00:00.1370000,6,6,35,2187,2187,1817,4004,38167,42171,1.8084133516232281,1.6172080171957564,0.13195598125457764,2,6,4,1.25
23,3,10084,00:00:00.1750000,8,13,56,3689,3695,4315,8010,61084,69094,1.9696394686907022,1.3713558953126241,0.2949661314487457,2,8,5,1.4
23,4,11073,00:00:00.2110000,11,22,100,6193,6226,9781,16007,104147,120154,2.1057645729048926,1.5472532031501018,0.3311918079853058,3,11,7,1.4285715
23,5,12108,00:00:00.2690000,18,32,169,10428,10475,21540,32015,177520,209535,2.319716148830073,2.326704448061193,0.30652835965156555,3,18,14,1.2142857
23,6,13204,00:00:00.3640000,18,54,292,17509,17642,46375,64017,302338,366355,2.7010109086755385,4.802312039037761,0.31750330328941345,3,19,14,1.2857143
23,7,14265,00:00:00.5160000,30,85,480,29768,30169,97860,128029,498579,626608,3.260514646600376,6.850721068183378,0.29381752014160156,4,31,22,1.3636364
23,8,15343,00:00:00.7710000,40,174,838,49991,51015,205052,256067,817733,1073800,3.792202596467364,4.587111521294994,0.23784004151821136,5,41,31,1.2903225
23,9,16473,00:00:01.2510000,46,304,1463,83202,86628,425601,512229,1358594,1870823,4.39943751352131,5.66620175297998,0.2217407524585724,5,47,36,1.2777778
23,10,17642,00:00:02.1010000,56,499,2600,141940,150058,874175,1024233,2260394,3284627,5.214604762575736,8.83485137994733,0.34160226583480835,5,57,39,1.4358975
23,11,18843,00:00:03.6750000,60,862,4589,239175,258782,1789622,2048404,3749305,5797709,5.980754677537368,5.566002246589821,0.2779630124568939,5,61,44,1.3636364
23,12,20123,00:00:06.6640000,71,1532,8305,406163,448054,3649214,4097268,6301335,10398603,6.818053343115941,8.26464520968423,0.2712366580963135,5,72,52,1.3653846
23,13,21411,00:00:13.3200000,65,2665,14739,706630,797340,7395551,8192891,10319091,18511982,8.026107014986627,11.881978044323374,0.36884304881095886,5,66,48,1.3541666
23,14,22675,00:00:39.1230000,69,4553,26087,1225117,1404718,14980940,16385658,16336041,32721699,9.027211278596248,9.033230964778586,0.3908718526363373,6,70,49,1.4081633
23,15,24034,00:01:36.0170000,83,8193,47751,2028734,2475549,30300129,32775678,26698095,59473773,10.065844018979323,18.05263678975347,0.40237730741500854,5,84,58,1.4310344
23,16,25389,00:03:16.7730000,78,14918,87281,3987119,4775901,60784244,65560145,43119129,108679274,12.25279807299456,5.420306367712592,0.3584834933280945,5,79,52,1.5
23,17,26726,00:06:14.1070000,63,26343,160251,7003332,8588176,122504176,131092352,69237317,200329669,13.325204345588643,4.34616692370238,0.401549369096756,4,64,50,1.26
23,18,28175,00:12:05.0980000,96,48712,300774,11462017,15675752,246501096,262176848,114386201,376563049,14.878863205315435,21.51680739089381,0.46424412727355957,6,97,72,1.3333334
23,19,29583,00:22:40.7390000,75,91769,564897,23602685,30433802,493874147,524307949,182184086,706492035,17.011962410208838,5.365922938522768,0.34222880005836487,7,76,52,1.4423077
23,20,31036,00:42:53.4680000,84,171329,1073180,39989496,56375440,992593654,1048969094,294268995,1343238089,18.492588878839584,17.46504748369875,0.41382038593292236,5,85,58,1.4482758
24,0,8176,00:00:00.1020000,6,6,16,785,785,216,1001,17786,18787,1.6573248407643313,3.0720471070764552,0.35368359088897705,2,6,4,1.25
24,1,8920,00:00:00.1320000,6,7,20,1323,1324,680,2004,24642,26646,1.8427815570672714,3.1903807641094057,0.5204988121986389,2,6,3,1.6666666
24,2,9634,00:00:00.1460000,8,10,29,2255,2258,1749,4007,35888,39895,2.0687361419068737,3.029110210599938,0.5250575542449951,2,8,5,1.4
24,3,10346,00:00:00.1620000,7,9,43,3829,3833,4176,8009,54496,62505,2.2520240271611387,3.4101135403829925,0.7699806094169617,2,7,4,1.5
24,4,11060,00:00:00.1840000,12,19,72,6472,6487,9515,16002,84829,100831,2.473423980222497,3.7303212304209685,0.6429013609886169,2,12,9,1.2222222
24,5,11902,00:00:00.2420000,13,32,132,10600,10666,21357,32023,144482,176505,2.700754716981132,3.1996338625842604,0.4886148273944855,3,13,8,1.5
24,6,12820,00:00:00.3100000,21,57,249,17933,18066,45947,64013,249366,313379,2.927619472480901,2.656299301617156,0.3830156922340393,4,21,15,1.3333334
24,7,13861,00:00:00.4550000,30,100,447,29338,29819,98265,128084,443092,571176,3.1832435748858137,2.9253770009983673,0.3022332489490509,4,31,24,1.25
24,8,15020,00:00:00.7490000,41,159,813,48885,50309,205713,256022,789100,1045122,3.6338140533906107,5.356373914609816,0.2808533310890198,4,42,35,1.1714286
24,9,16188,00:00:01.2300000,52,289,1453,83278,86243,425958,512201,1345984,1858185,4.326712937390427,5.3406397767871825,0.3662625253200531,4,53,40,1.3
24,10,17409,00:00:02.1400000,53,483,2627,138054,146314,877818,1024132,2286980,3311112,4.866356643052718,3.1347332981962084,0.32472917437553406,4,54,42,1.2619047
24,11,18761,00:00:03.9250000,76,912,4829,226354,246461,1802068,2048529,3964758,6013287,5.416882405435733,4.895682148216046,0.3075350821018219,6,77,55,1.3818182
24,12,20169,00:00:07.3760000,97,1563,8786,391361,436961,3659406,4096367,6758491,10854858,6.573368322341777,14.12688525340156,0.43346402049064636,5,98,69,1.4057971
24,13,21499,00:00:15.4070000,70,2617,15289,689280,785901,7409173,8195074,10928789,19123863,7.8820856545961,3.922690491970412,0.2745034694671631,5,71,50,1.4
24,14,22819,00:00:45.4470000,66,4457,26800,1157108,1366026,15023523,16389549,17215241,33604790,8.690299436180547,7.446850088134653,0.26941776275634766,5,67,50,1.32
24,15,24228,00:01:43.8000000,82,7926,48380,1959864,2440507,30327826,32768333,27938809,60707142,9.932297853320435,14.574502965060546,0.3137171268463135,5,83,60,1.3666667
24,16,25654,00:03:29.0670000,83,14642,88547,3621674,4502272,61063788,65566060,45251508,110817568,11.533092155726882,5.299662466098405,0.2119739055633545,6,84,59,1.4067796
24,17,27134,00:06:44.4250000,92,26340,164346,6156968,8041425,123041998,131083423,74058802,205142225,12.611922946489246,7.705558177376658,0.35695478320121765,5,93,65,1.4153847
24,18,28703,00:12:59.5730000,108,48269,307581,10408063,14767044,247412598,262179642,122709195,384888837,14.22830059733497,21.715444392032108,0.4303237795829773,5,109,70,1.5428572
24,19,30297,00:24:55.7110000,91,89575,579303,18642073,27463907,496961414,524425321,199901920,724327241,15.816069757907288,20.726716472217948,0.40579143166542053,5,92,62,1.467742
24,20,31936,00:48:08.8010000,139,166295,1098674,32805235,51614360,997210494,1048824854,325146687,1373971541,17.602952790918888,41.513199369367626,0.5043554902076721,6,140,89,1.5617977
25,0,8002,00:00:00.1040000,2,2,16,748,748,253,1001,24246,25247,1.0093582887700534,1.0188916974859554,0,1,2,1,1
25,1,9325,00:00:00.1330000,4,4,28,1251,1251,754,2005,36526,38531,1.1742605915267785,1.4029779989659954,0.04581351950764656,2,4,2,1.5
25,2,10312,00:00:00.1640000,7,9,43,2116,2118,1885,4003,52149,56152,1.4551039697542534,2.051490651333955,0.04019058868288994,3,7,4,1.5
25,3,11345,00:00:00.1930000,9,10,66,3656,3657,4350,8007,79222,87229,1.7335886214442013,2.2861818151277284,0.06085788831114769,2,9,7,1.1428572
25,4,12296,00:00:00.2480000,13,24,111,6318,6353,9652,16005,119515,135520,2.084045584045584,2.6633606263285587,0.08537163585424423,3,13,10,1.2
25,5,13242,00:00:00.3070000,23,37,185,10513,10554,21485,32039,186373,218412,2.508037667649577,3.8815314163503607,0.12648408114910126,4,23,17,1.2941177
25,6,14221,00:00:00.3970000,25,65,296,17892,18082,45927,64009,298338,362347,2.9390789179521573,6.337310019015551,0.19999708235263824,4,25,19,1.2631578
25,7,15217,00:00:00.5610000,38,98,492,30056,30416,97636,128052,484015,612067,3.419483630556295,9.520428144822448,0.4349307119846344,4,38,28,1.3214285
25,8,16251,00:00:00.7860000,39,178,871,50184,51343,204779,256122,791564,1047686,3.9296787820819383,11.583485114566617,0.4731512665748596,4,39,28,1.3571428
25,9,17339,00:00:01.2780000,47,302,1505,83929,87440,424566,512006,1312188,1824194,4.469539730009889,10.945772290247284,0.5096922516822815,4,47,33,1.3939394
25,10,18507,00:00:02.1770000,71,566,2659,140310,148753,875593,1024346,2214539,3238885,5.076209821110399,10.348841553754568,0.45212340354919434,5,72,53,1.3396226
25,11,19758,00:00:03.9040000,85,887,4670,232314,255424,1793308,2048732,3766652,5815384,5.810837917645944,13.083800576592523,0.4114179015159607,5,86,62,1.3709677
25,12,21064,00:00:07.0240000,96,1543,8450,397059,443377,3652808,4096185,6370467,10466652,6.728914342704736,10.280663232363363,0.34466931223869324,6,97,74,1.2972972
25,13,22397,00:00:13.4990000,84,2685,14996,691111,790632,7403253,8193885,10564313,18758198,7.947470088017699,10.790873160440093,0.22500015795230865,7,85,67,1.2537314
25,14,23619,00:00:40.0880000,62,4576,26163,1302538,1465852,14924047,16389899,16384994,32774893,9.582260172064078,4.242460801651637,0.15737320482730865,7,63,44,1.4090909
25,15,24842,00:01:28.4900000,62,8065,46885,2346139,2670882,30100835,32771717,25742902,58514619,10.960120862404146,6.213122142612666,0.11018803715705872,6,63,46,1.3478261
25,16,26056,00:02:54.1210000,51,14722,84822,4324435,5041095,60513250,65554345,40568108,106122453,12.784767721101138,5.729927659798382,0.14095738530158997,5,51,38,1.3157895
25,17,27292,00:05:31.2070000,55,26970,156717,7524802,9117901,121988427,131106328,64767716,195874044,14.01847942311306,3.348982394100151,0.17311236262321472,5,56,46,1.1956521
25,18,28627,00:10:39.6860000,85,50376,295174,12324626,16314208,245841714,262155922,106070012,368225934,15.213146346185273,11.408017097378156,0.298836886882782,4,85,64,1.3125
25,19,30033,00:20:46.9640000,113,93939,558767,21095631,30087469,494375821,524463290,173737222,698200512,16.825316151955825,43.219978804399126,0.37958070635795593,7,114,75,1.5066667
25,20,31471,00:40:37.4110000,103,175508,1067251,40318372,57532797,991080710,1048613507,284275453,1332888960,18.85373318148858,14.703686279730562,0.4951218366622925,5,104,64,1.609375
26,0,6151,00:00:00.0740000,4,4,14,730,730,272,1002,12394,13396,1.0287671232876712,1.059687689870535,0,1,4,3,1
26,1,7204,00:00:00.1090000,6,7,21,1276,1277,726,2003,22001,24004,1.0909090909090908,1.2044467271931811,0.054326485842466354,1,6,5,1
26,2,8230,00:00:00.1280000,9,12,37,2157,2160,1844,4004,37929,41933,1.2934631432545203,1.7479799845516064,0.11321334540843964,2,9,6,1.3333334
26,3,9351,00:00:00.1610000,15,19,70,3715,3722,4301,8023,66962,74985,1.7413189771197846,3.7579377626065797,0.2555924952030182,2,15,12,1.1666666
26,4,10271,00:00:00.2020000,21,30,112,6313,6327,9679,16006,106185,122191,2.1336923808015205,5.653209758364452,0.31945517659187317,3,21,16,1.25
26,5,11144,00:00:00.2780000,25,47,189,10759,10846,21193,32039,167630,199669,2.7230225857421693,5.816391390425394,0.38058847188949585,4,25,18,1.3333334
26,6,12052,00:00:00.3650000,33,72,292,18074,18267,45774,64041,272258,336299,3.198351222750913,5.3310163356807205,0.373554527759552,4,33,24,1.3333334
26,7,12995,00:00:00.5100000,41,135,501,30467,30944,97144,128088,448764,576852,3.6632421964748745,6.258686309505363,0.3755927085876465,4,41,31,1.2903225
26,8,13945,00:00:00.7670000,41,194,821,51386,52665,203390,256055,730319,986374,4.149359747791228,6.980837246662106,0.5600719451904297,5,42,30,1.3666667
26,9,14984,00:00:01.2220000,59,309,1445,85475,88607,423721,512328,1229383,1741711,4.636794384322902,7.575909928182378,0.5416420102119446,4,60,42,1.4047619
26,10,16122,00:00:02.0620000,72,521,2581,142148,149881,874395,1024276,2110410,3134686,5.191596082955792,7.7208397953936085,0.4657328724861145,5,73,52,1.3846154
26,11,17349,00:00:03.6970000,75,889,4665,235173,255960,1793165,2049125,3631860,5680985,5.8748921007088395,8.770757200118602,0.4116971790790558,5,76,56,1.3392857
26,12,18644,00:00:06.7890000,82,1536,8333,396979,445156,3652764,4097920,6216096,10314016,6.787162545122034,9.735201168075266,0.3716392517089844,5,83,64,1.28125
26,13,19966,00:00:12.4250000,84,2644,14936,693771,786111,7410376,8196487,10383042,18579529,7.874749737305249,9.368804967678996,0.26546040177345276,6,85,59,1.4237288
26,14,21252,00:00:37.9370000,75,4625,26525,1228762,1400101,14987987,16388088,16503362,32891450,9.033349013071692,9.230885336816117,0.3880808353424072,5,76,55,1.3636364
26,15,22591,00:01:31.6480000,72,8038,47761,2106318,2504743,30277201,32781944,26723329,59505273,10.206925070193579,7.4864817999151185,0.2554806172847748,6,73,53,1.3584906
26,16,23981,00:03:12.1720000,75,14633,87210,3696598,4591812,60969217,65561029,43610542,109171571,11.732510811291895,8.040996453602082,0.3945998251438141,5,76,55,1.3636364
26,17,25373,00:06:15.2540000,73,26587,161191,6762087,8487102,122621094,131108196,70713199,201821395,13.257221328267441,3.8310219289303773,0.2236883044242859,5,74,52,1.4038461
26,18,26802,00:12:01.3570000,80,48985,301521,12294051,15997778,246247798,262245576,115026977,377272553,15.154171395579862,7.361441232029877,0.2306309938430786,6,81,56,1.4285715
26,19,28203,00:22:34.4970000,80,91088,564876,23397319,30517959,493803526,524321485,182609547,706931032,17.025736282007355,8.741792082360076,0.4610862135887146,5,80,54,1.462963
26,20,29572,00:41:41.4970000,73,174637,1068267,47362193,60998821,988014032,1049012853,288022147,1337035000,19.548957583108535,4.940903375345614,0.14719641208648682,9,74,49,1.4897959
27,0,7952,00:00:00.0900000,3,3,10,743,743,258,1001,18423,19424,1.041722745625841,1.0877020458912454,0.026574566960334778,1,3,2,1
27,1,8785,00:00:00.1200000,5,5,18,1282,1282,728,2010,25635,27645,1.1326053042121684,1.3169284233366279,0.10178955644369125,1,5,4,1
27,2,10122,00:00:00.1470000,10,12,40,2128,2131,1870,4001,46642,50643,1.2969924812030076,1.889110917822647,0.17484012246131897,1,10,9,1
27,3,11188,00:00:00.1750000,8,13,67,3721,3730,4286,8016,74777,82793,1.5326525127653856,3.1365804162261806,0.3624230921268463,1,8,7,1
27,4,12377,00:00:00.2380000,10,30,118,6124,6163,9850,16013,126259,142272,1.7746570868713258,3.317973732452752,0.4730519652366638,2,10,7,1.2857143
27,5,13551,00:00:00.3120000,19,38,198,10194,10269,21738,32007,208705,240712,2.032666274278988,3.3874184205871543,0.62720787525177,2,19,14,1.2857143
27,6,14807,00:00:00.4520000,29,75,343,16945,17136,46878,64014,352636,416650,2.3060489820005903,4.78105158559815,0.5750569105148315,2,29,24,1.1666666
27,7,16091,00:00:00.6350000,43,121,606,28741,29224,98799,128023,589916,717939,2.8373403848161165,8.42048478509454,0.6361469030380249,3,43,34,1.2352941
27,8,17312,00:00:00.9720000,65,217,1020,49073,50135,205944,256079,952650,1208729,3.650887453385772,8.407917213225552,0.4752674400806427,4,66,50,1.3
27,9,18451,00:00:01.5330000,64,330,1679,83040,86939,425349,512288,1494763,2007051,4.4435814065510595,5.182682565684239,0.3259958326816559,4,65,47,1.3617021
27,10,19631,00:00:02.4710000,62,544,2808,139779,148518,876012,1024530,2407074,3431604,5.081879252248192,4.4113515678797395,0.3573629558086395,4,63,45,1.3777778
27,11,20903,00:00:04.2500000,71,892,4893,231589,252894,1795694,2048588,3984566,6033154,5.6944328098484815,9.022360507409699,0.33978235721588135,4,72,48,1.4791666
27,12,22271,00:00:07.5790000,95,1577,8754,385859,432957,3664221,4097178,6712490,10809668,6.424178262007625,15.438555551045384,0.3506195843219757,6,96,65,1.4615384
27,13,23723,00:00:13.9640000,110,2670,15759,655287,760165,7433171,8193336,11373472,19566808,7.459000407455054,16.035197840262196,0.3330537676811218,6,111,73,1.5068493
27,14,25050,00:00:31.3360000,75,4562,27339,1208341,1417143,14969984,16387127,17696150,34083277,9.236715463598438,5.607113994826691,0.21653792262077332,5,76,51,1.4705882
27,15,26344,00:01:21.4960000,56,8006,48156,2198999,2552896,30230632,32783528,27589804,60373332,10.424484049333357,4.0922548204949445,0.11451009660959244,5,57,43,1.3023256
27,16,27736,00:03:00.3820000,72,14432,87748,3574215,4475973,61066811,65542784,44543190,110085974,11.321898095106198,9.969141051551585,0.39971470832824707,5,72,53,1.3396226
27,17,29234,00:06:13.0820000,108,26592,163540,5758099,8043408,123064966,131108374,73650670,204759044,12.652339426605899,28.531697343139527,0.47861433029174805,6,109,78,1.3846154
27,18,30791,00:12:22.6440000,107,48622,306966,10160473,14829104,247347761,262176865,121934908,384111773,14.27885699809448,21.74721305890714,0.429378867149353,6,108,66,1.6212121
27,19,32339,00:23:33.3630000,103,89630,576589,20987898,28743734,495770977,524514711,196799500,721314211,16.461034735350818,13.082987165552215,0.40709996223449707,5,104,69,1.4927536
27,20,33856,00:44:18.6930000,96,166835,1089410,39981121,54884625,994062129,1048946754,313479558,1362426312,18.267861373871934,14.905005729276908,0.28479060530662537,6,97,67,1.4328358
28,0,9318,00:00:00.1140000,7,7,21,771,771,231,1002,18682,19684,1.48378728923476,2.222201144693056,0.13032880425453186,1,7,6,1
28,1,10174,00:00:00.1460000,8,10,30,1292,1294,707,2001,26405,28406,1.7817337461300309,1.7561994978078497,0.1632888913154602,2,8,6,1.1666666
28,2,10924,00:00:00.1630000,9,11,42,2226,2228,1777,4005,38217,42222,1.8917340521114105,1.4375165197916455,0.17355479300022125,2,9,7,1.1428572
28,3,11741,00:00:00.2030000,9,15,62,3775,3784,4235,8019,59588,67607,1.9470198675496688,1.344816699344136,0.1995077133178711,2,9,6,1.3333334
28,4,12776,00:00:00.2420000,13,27,105,6205,6231,9770,16001,104357,120358,2.0201450443190976,1.2664605969189553,0.17212745547294617,2,13,9,1.3333334
28,5,13877,00:00:00.3080000,20,45,183,10201,10275,21743,32018,182784,214802,2.1236153318302127,1.4219117749728611,0.18657131493091583,3,20,15,1.2666667
28,6,15175,00:00:00.4520000,31,66,326,17029,17209,46843,64052,333298,397350,2.404192847495449,2.7844192966835744,0.26934269070625305,3,32,27,1.1481482
28,7,16444,00:00:00.6230000,46,115,556,28613,29103,98941,128044,568725,696769,2.843777304022647,7.207392574978946,0.3394436240196228,3,47,36,1.2777778
28,8,17750,00:00:00.9600000,56,196,932,47721,49112,206966,256078,963382,1219460,3.3929926028373254,7.865301024436722,0.3204199969768524,4,57,41,1.3658537
28,9,19022,00:00:01.5630000,70,302,1614,80996,83664,428507,512171,1568703,2080874,3.9127981628722406,5.281374380148042,0.26639169454574585,5,71,52,1.3461539
28,10,20367,00:00:02.6730000,72,524,2870,134545,142657,881469,1024126,2600467,3624593,4.632539299119254,6.401547952912572,0.22684583067893982,4,73,58,1.2413793
28,11,21733,00:00:04.5840000,67,853,5054,229134,248522,1800462,2048984,4289618,6338602,5.527630120366249,6.513203187647596,0.20559586584568024,4,68,55,1.2181818
28,12,23156,00:00:08.1330000,72,1509,8961,384049,426370,3671547,4097917,7118519,11216436,6.243968868555835,7.1705431225218685,0.2060593217611313,6,73,57,1.2631578
28,13,24607,00:00:16.9710000,96,2701,15986,692921,777315,7417592,8194907,11734863,19929770,7.780226028652617,13.560591072290183,0.2909378409385681,7,97,68,1.4117647
28,14,25849,00:00:46.3420000,61,4565,27377,1286554,1455669,14930032,16385701,17634282,34019983,9.478650721228957,8.614430697868995,0.2548791766166687,6,62,45,1.3555555
28,15,27078,00:01:38.2370000,51,7929,48249,2312582,2667441,30117049,32784490,27035610,59820100,10.92030596104268,7.934538844388153,0.2811052203178406,5,52,38,1.3421053
28,16,28354,00:03:12.7670000,81,14487,86725,3923846,4748353,60811199,65559552,42634585,108194137,12.002085199062348,4.3483534366561205,0.22332225739955902,6,82,59,1.3728814
28,17,29725,00:06:14.9190000,101,26992,160599,6565650,8560624,122545452,131106076,69366812,200472888,13.361029753337446,15.218330392337021,0.3024420738220215,5,102,69,1.4637681
28,18,31137,00:11:55.2280000,104,50157,300917,12057874,16048710,246207751,262256461,113165305,375421766,15.193491157728136,20.364938276523233,0.4804432988166809,6,105,65,1.6
28,19,32455,00:21:31.6240000,60,93538,562002,26293180,32937669,491490656,524428325,176680631,701108956,17.948035954570727,4.987861371587258,0.2860793173313141,7,61,42,1.4285715
28,20,33731,00:39:02.6020000,67,177709,1060269,51124570,64334996,984595390,1048930386,275121339,1324051725,20.135581345720855,11.95134605425154,0.188974991440773,8,68,49,1.3673469
2,0,11680,00:00:00.2160000,4,4,25,736,736,266,1002,23498,24500,1.0421195652173914,1.0886436109275601,0.021779637783765793,1,4,3,1
2,1,12415,00:00:00.2490000,5,9,36,1285,1289,714,2003,30210,32213,1.0988326848249028,1.2216482189418632,0.04609173908829689,1,5,4,1
2,2,13465,00:00:00.2750000,6,10,47,2161,2167,1835,4002,46672,50674,1.2683942619157798,1.6776221684487957,0.07979360222816467,2,6,4,1.25
2,3,14660,00:00:00.3100000,11,12,77,3586,3587,4414,8001,77645,85646,1.5764082543223648,2.3934093327224586,0.11215303093194962,2,11,9,1.1111112
2,4,15676,00:00:00.3680000,13,24,121,6243,6262,9747,16009,120758,136767,1.979497036681083,2.917142502009751,0.1624174863100052,3,13,10,1.2
2,5,16659,00:00:00.4240000,20,39,179,10634,10691,21316,32007,190011,222018,2.476584540154222,4.19168430558396,0.2013501673936844,3,20,15,1.2666667
2,6,17603,00:00:00.4980000,28,72,289,18007,18168,45845,64013,298019,362032,3.0616426945076913,6.439071464180909,0.25487861037254333,4,28,18,1.5
2,7,18545,00:00:00.6190000,34,116,501,30697,31089,96915,128004,473144,601148,3.644134605987556,7.212026024934039,0.3148297667503357,5,34,23,1.4347826
2,8,19490,00:00:00.8650000,38,173,815,51525,52650,203470,256120,753814,1009934,4.211703056768559,7.108509455885373,0.5001891255378723,4,38,26,1.4230769
2,9,20499,00:00:01.2480000,47,275,1410,86629,89424,422776,512200,1237293,1749493,4.7796927126020154,7.3386195632624815,0.4644947052001953,5,48,36,1.3055556
2,10,21587,00:00:02.0380000,61,534,2504,145054,152040,872112,1024152,2078524,3102676,5.3612723537441225,7.835534551903454,0.41821280121803284,5,62,45,1.3555555
2,11,22750,00:00:03.5100000,68,887,4540,244609,262911,1785546,2048457,3521376,5569833,6.20950987085512,8.87975167597668,0.35425427556037903,5,69,51,1.3333334
2,12,23884,00:00:06.0620000,57,1535,8026,450313,487253,3609227,4096480,5773738,9870218,7.884216089697611,11.560855834802824,0.2853396236896515,6,58,40,1.425
2,13,24859,00:00:09.7960000,30,2567,13616,838196,909362,7285353,8194715,8693541,16888256,9.579212976439878,6.822868182417345,0.21752142906188965,6,31,19,1.5789474
2,14,25833,00:00:16.2550000,32,4600,23890,1500599,1647416,14744088,16391504,13399145,29790649,10.834726665818117,4.300545565133608,0.12926916778087616,6,33,23,1.3913044
2,15,26879,00:00:30.0120000,53,8249,43341,2532490,2873500,29910561,32784061,21457446,54241507,11.67855312360562,2.9640655896571713,0.0730801522731781,5,54,46,1.1521739
2,16,28064,00:01:29.3100000,74,15073,81043,3935583,4920212,60648274,65568486,36024827,101593313,12.350834425293533,3.874333798487117,0.13432759046554565,5,74,63,1.1587301
2,17,29366,00:03:53.2200000,98,28065,153467,6654205,8918809,122217105,131135914,61426442,192562356,13.887657954631695,17.009873987442777,0.22924217581748962,7,99,70,1.4
2,18,30679,00:08:30.8630000,73,51004,290245,12860466,16675977,245475484,262151461,101784154,363935615,15.570935221165392,9.545165936595717,0.2524404525756836,6,74,53,1.3773584
2,19,32066,00:17:48.4010000,99,93649,553520,21511416,30144331,494382610,524526941,168774943,693301884,16.76962804308187,14.927456041957111,0.34720578789711,6,100,66,1.5
2,20,33485,00:35:53.3630000,91,177428,1061043,41818968,59007112,989756389,1048763501,277796387,1326559888,19.21741820601599,13.521819872965782,0.3408581614494324,7,92,57,1.5964912
29,0,9537,00:00:00.1140000,4,4,15,748,748,258,1006,18782,19788,1.7513368983957218,1.6573870428688435,0,2,4,2,1.5
29,1,10194,00:00:00.1420000,7,10,26,1310,1313,690,2003,24793,26796,1.86793893129771,1.4453801855853587,0.02217777818441391,2,7,5,1.2
29,2,10989,00:00:00.1590000,8,8,33,2213,2213,1789,4002,37233,41235,2.033438770899232,1.3552779636924441,0.04764360934495926,2,8,6,1.1666666
29,3,11829,00:00:00.1990000,11,16,53,3744,3753,4256,8009,59465,67474,2.170138888888889,1.623679518232038,0.08833949267864227,2,11,9,1.1111112
29,4,12599,00:00:00.2270000,13,24,85,6415,6443,9562,16005,92523,108528,2.357755261106781,2.147456624166738,0.14535851776599884,3,13,10,1.2
29,5,13463,00:00:00.2720000,15,32,150,10570,10628,21388,32016,153627,185643,2.5624408703878903,2.6182452401683594,0.21539108455181122,2,15,13,1.0769231
29,6,14451,00:00:00.3530000,18,65,269,17603,17856,46173,64029,266886,330915,2.7873657899221724,2.5533059924048516,0.29525336623191833,2,18,15,1.1333333
29,7,15571,00:00:00.5290000,29,103,490,29192,29691,98334,128025,475669,603694,2.9949986297615787,2.207770606663057,0.29673120379447937,2,29,24,1.1666666
29,8,16868,00:00:00.8480000,45,178,910,47537,48943,207092,256035,865688,1121723,3.2810232029787323,3.329371545438229,0.3009778559207916,3,45,38,1.1578947
29,9,18225,00:00:01.4530000,67,306,1633,79366,82461,429713,512174,1512713,2024887,3.7811279389159087,10.242297627209632,0.353778213262558,4,67,51,1.2941177
29,10,19628,00:00:02.5720000,77,513,2935,133758,141480,882842,1024322,2587963,3612285,4.533500799952153,19.249603776449497,0.3584769368171692,5,78,58,1.3275862
29,11,20991,00:00:04.5420000,67,871,5071,229784,250122,1798273,2048395,4268644,6317039,5.646489746892734,8.291209482590421,0.2601926326751709,6,68,48,1.3958334
29,12,22345,00:00:07.9120000,71,1511,8933,397045,437000,3661028,4098028,6961884,11059912,6.532481204901208,6.2100147966942005,0.24478909373283386,5,72,53,1.3396226
29,13,23774,00:00:16.9680000,83,2567,15855,667478,759633,7433247,8192880,11543079,19735959,7.414099041466535,8.864738047434843,0.21038727462291718,6,84,65,1.2769231
29,14,25165,00:00:47.9060000,90,4608,27747,1142779,1354378,15037733,16392111,18194165,34586276,8.657397449550613,18.8226551172529,0.26659831404685974,7,91,65,1.3846154
29,15,26568,00:01:45.8230000,79,8091,49088,2041893,2453329,30318723,32772052,28851954,61624006,10.048937432078958,10.318972135006584,0.28014716506004333,6,80,53,1.490566
29,16,27979,00:03:29.4440000,62,14288,89138,3712563,4521809,61032331,65554140,45993870,111548010,11.5501759835456,4.531024066102461,0.1769109070301056,6,63,40,1.55
29,17,29457,00:06:46.1130000,76,26228,165069,6052660,8051343,123056425,131107768,74779758,205887526,12.601885782449369,6.3007831589261345,0.1849512755870819,6,77,59,1.2881356
29,18,31011,00:12:55.5120000,106,48535,308412,10606125,14994957,247192355,262187312,122954019,385141331,14.43810430293816,20.26081239101873,0.3991517424583435,6,107,73,1.4520547
29,19,32513,00:24:06.1470000,85,89597,575736,21985083,29349830,494987162,524336992,195526931,719863923,16.663858398897105,14.869922724482823,0.3169683814048767,7,86,56,1.5178572
29,20,33968,00:44:24.3780000,91,169051,1085087,43912712,57519513,991425789,1048945302,307568910,1356514212,18.792458593766654,16.400310628731013,0.24859851598739624,7,92,64,1.421875
30,0,6746,00:00:00.0840000,3,3,10,774,774,228,1002,12553,13555,1.8372093023255813,2.5539979942485345,0,2,3,1,2
30,1,7341,00:00:00.1010000,3,4,13,1351,1352,650,2002,17897,19899,2.1591413767579573,2.58324705650304,0,2,3,1,2
30,2,7874,00:00:00.1100000,5,7,22,2231,2234,1780,4014,26501,30515,2.382787987449574,2.4531429542744454,0,3,5,2,2
30,3,8473,00:00:00.1340000,10,15,39,3936,3946,4071,8017,42086,50103,2.630081300813008,2.085534248113239,0.021219059824943542,3,10,7,1.2857143
30,4,9098,00:00:00.1730000,13,23,67,6577,6596,9436,16032,69162,85194,2.8584461000456134,1.8076498598430648,0.046751514077186584,3,13,10,1.2
30,5,9811,00:00:00.2070000,13,28,116,11037,11091,20947,32038,119322,151360,3.0560840808190632,1.81362647406301,0.05510363355278969,4,13,9,1.3333334
30,6,10618,00:00:00.2670000,19,63,220,18277,18518,45498,64016,212035,276051,3.317776440334847,2.337190210833063,0.08432717621326447,3,19,14,1.2857143
30,7,11499,00:00:00.3790000,25,104,411,30827,31299,96785,128084,375053,503137,3.7477211535342394,4.549820982182166,0.16718730330467224,4,25,19,1.2631578
30,8,12419,00:00:00.6010000,33,170,734,51875,53115,203035,256150,648772,904922,4.370949397590361,6.9283170211345055,0.23509268462657928,5,33,23,1.3913044
30,9,13365,00:00:00.9330000,32,256,1283,87846,91053,421046,512099,1103056,1615155,5.070965098012431,5.294111901874401,0.39399254322052,4,32,21,1.4761904
30,10,14363,00:00:01.5580000,37,422,2256,151561,157006,867327,1024333,1871358,2895691,5.759496176457004,4.12740555397578,0.24842789769172668,6,37,23,1.5652174
30,11,15418,00:00:02.8090000,37,807,4104,258621,273208,1774889,2048097,3177790,5225887,6.66475653562549,5.1218422906160885,0.14751052856445312,5,38,29,1.2758621
30,12,16435,00:00:04.9760000,35,1477,7352,468801,499824,3597189,4097013,5157663,9254676,8.161972777361823,2.832136055407545,0.08620303869247437,6,36,28,1.25
30,13,17436,00:00:11.8340000,38,2544,13159,802288,868953,7327151,8196104,8179993,16376097,8.941066051093872,1.5660334754308947,0.06935375183820724,4,38,32,1.15625
30,14,18582,00:00:33.0430000,63,4569,23919,1260386,1456288,14934694,16390982,13699426,30090408,9.349616704723791,2.349088224293037,0.05769994854927063,5,64,52,1.2115384
30,15,19893,00:01:23.1300000,114,8275,45124,1959206,2501412,30272061,32773473,23722894,56496367,10.088861508182397,12.135127795994457,0.2595541179180145,4,115,91,1.2527473
30,16,21322,00:03:04.5310000,131,14996,85260,3235745,4425673,61137813,65563486,41073428,106636914,11.29454731445154,48.129461534148696,0.585159957408905,4,131,89,1.4606742
30,17,22822,00:06:20.2390000,122,27022,160813,5839108,8090316,123022184,131112500,70156317,201268817,12.843455027719987,28.789928355276107,0.45250341296195984,7,123,75,1.6266667
30,18,24303,00:12:18.5620000,86,48918,302392,12167496,15711224,246537287,262248511,116069435,378317946,14.985936876412369,6.9021612962916965,0.2868902087211609,5,87,58,1.4827586
30,19,25761,00:23:14.0610000,76,89295,568357,21800865,29263007,495057907,524320914,186431768,710752682,16.483434395837048,11.160185910952984,0.23437736928462982,5,77,55,1.3818182
30,20,27286,00:44:24.7370000,118,168997,1080223,35619559,53921726,994992404,1048914130,303690270,1352604400,17.974092716869404,21.428008261148662,0.30350926518440247,6,119,89,1.3258427
31,0,7059,00:00:00.0880000,3,3,11,757,757,248,1005,13313,14318,1.8599735799207398,1.3318142355100469,0,2,3,1,2
31,1,7638,00:00:00.1050000,5,5,16,1299,1299,702,2001,18707,20708,1.9014626635873748,1.3509875858539049,0.03477344289422035,2,5,3,1.3333334
31,2,8328,00:00:00.1270000,3,6,24,2186,2189,1817,4006,29772,33778,1.9803293687099726,1.1971637179346708,0,2,3,1,2
31,3,9060,00:00:00.1590000,5,8,40,3760,3766,4243,8009,49046,57055,2.0375,1.1557006298952075,0.03221995010972023,2,5,3,1.3333334
31,4,9888,00:00:00.1820000,5,17,70,6302,6326,9679,16005,84122,100127,2.0996509044747698,1.2507113719079603,0.03276665508747101,2,5,3,1.3333334
31,5,10921,00:00:00.2290000,13,24,131,10376,10423,21609,32032,156892,188924,2.266383962991519,1.7521018724472928,0.06831388920545578,3,13,10,1.2
31,6,12023,00:00:00.3140000,20,60,268,17344,17504,46509,64013,282339,346352,2.5582910516605164,2.7442745154778865,0.11243348568677902,3,21,16,1.25
31,7,13226,00:00:00.4860000,29,98,498,28667,29158,98847,128005,506218,634223,2.9563609725468307,3.313536358074491,0.1543426662683487,4,30,22,1.3181819
31,8,14449,00:00:00.8000000,44,181,896,48374,49652,206404,256056,871524,1127580,3.490800843428288,5.271684121068241,0.18854522705078125,5,45,33,1.3333334
31,9,15639,00:00:01.2940000,60,300,1576,83394,85970,426034,512004,1436921,1948925,4.312264671319279,9.493878212370994,0.3182104527950287,5,60,44,1.3409091
31,10,16789,00:00:02.1790000,58,491,2684,145850,152314,871945,1024259,2319205,3343464,5.3840178265341105,11.778506683436968,0.2843833863735199,6,59,42,1.3809524
31,11,17911,00:00:03.6830000,45,843,4581,251429,268127,1780330,2048457,3706934,5755391,6.402558972910842,5.859900977269202,0.1946043074131012,8,46,31,1.451613
31,12,19043,00:00:06.2360000,52,1445,8028,448724,482029,3616254,4098283,5959223,10057506,7.725624214439165,5.396434048381943,0.1791561096906662,6,53,39,1.3333334
31,13,20030,00:00:10.0590000,38,2599,13665,842058,907291,7289299,8196590,8926814,17123404,9.498450225518907,1.8293489715896056,0.08925437927246094,6,39,29,1.3103448
31,14,21067,00:00:25.4730000,35,4463,24110,1387325,1548748,14844743,16393491,13945166,30338657,10.063825707746924,1.4099391258666272,0.04245210066437721,5,35,27,1.2592592
31,15,22269,00:01:08.8490000,71,8204,44670,2150885,2624001,30145477,32769478,23202157,55971635,10.599279831325244,3.0852599584521023,0.08500606566667557,5,72,58,1.2241379
31,16,23581,00:02:37.1770000,102,15162,83601,3617508,4714904,60826020,65540924,39150744,104691668,12.035089072366944,18.4229790234269,0.44126155972480774,4,102,75,1.3466667
31,17,24922,00:05:24.5200000,96,27398,156816,6969207,8774721,122309175,131083896,65263847,196347743,13.721426985882324,15.587411818119914,0.4371330738067627,6,96,67,1.4179105
31,18,26196,00:10:16.3320000,63,50430,292412,15078722,17896830,244327961,262224791,104261961,366486752,16.464979989683474,2.5159982583767344,0.16710184514522552,7,64,44,1.4318181
31,19,27433,00:19:06.3080000,46,92970,550340,26892216,32875362,491647077,524522439,164627899,689150338,17.737725295676636,3.430197798220224,0.09140274673700333,7,47,34,1.3529412
31,20,28762,00:36:59.7060000,73,179290,1052520,43087243,60052458,988787573,1048840031,267499535,1316339566,19.130016975093998,5.33803645158576,0.18084414303302765,6,74,58,1.2586207
32,0,8708,00:00:00.0950000,4,4,17,786,786,218,1004,15887,16891,2.326972010178117,1.8414078396649731,0,2,4,2,1.5
32,1,9100,00:00:00.1190000,4,4,20,1369,1369,634,2003,19412,21415,2.5368882395909425,1.627419824442005,0,2,4,2,1.5
32,2,9550,00:00:00.1260000,4,4,21,2325,2325,1676,4001,26441,30442,2.764301075268817,1.2906141197630159,0,2,4,2,1.5
32,3,10018,00:00:00.1530000,5,6,27,3999,4002,4003,8005,38508,46513,2.8864716179044763,1.1609005118288063,0,2,5,3,1.3333334
32,4,10623,00:00:00.1650000,8,9,41,6660,6661,9341,16002,64476,80478,2.9906906906906907,1.0891836151727232,0.02134542725980282,2,8,6,1.1666666
32,5,11347,00:00:00.1880000,10,27,84,11024,11062,20959,32021,115603,147624,3.045355587808418,1.1618911252911195,0.0514611080288887,2,10,8,1.125
32,6,12184,00:00:00.2360000,15,47,188,17955,18097,45934,64031,212106,276137,3.16140350877193,1.4173846834990478,0.11392970383167267,3,15,12,1.1666666
32,7,13159,00:00:00.3410000,20,80,378,30021,30402,97651,128053,393204,521257,3.370374071483295,2.2496914611228873,0.2336127758026123,2,20,18,1.0555556
32,8,14239,00:00:00.5930000,31,166,752,49413,50564,205511,256075,714800,970875,3.74796106287819,5.067994901466344,0.39799606800079346,2,31,26,1.1538461
32,9,15406,00:00:01.0400000,49,274,1415,82675,85753,426399,512152,1272384,1784536,4.228944662836407,8.295101819216493,0.47841876745224,4,49,39,1.2307693
32,10,16643,00:00:01.9330000,62,500,2614,139151,147418,877037,1024455,2224484,3248939,4.978979669567592,10.089902938441163,0.46723008155822754,4,62,45,1.3555555
32,11,17862,00:00:03.5750000,70,882,4630,245004,261857,1787212,2049069,3730215,5779284,6.134197809015363,14.062146485570818,0.40431827306747437,5,70,45,1.5333333
32,12,19068,00:00:06.3800000,62,1462,8112,421327,459774,3637271,4097045,6134394,10231439,7.1201513313886835,11.509632156951847,0.3774943947792053,5,63,40,1.55
32,13,20325,00:00:11.8480000,69,2594,14608,697781,790262,7403964,8194226,10041051,18235277,7.88739446903828,11.740390621407675,0.4428354799747467,5,70,48,1.4375
32,14,21624,00:00:31.2590000,92,4523,26165,1185923,1389202,14998484,16387686,16222641,32610327,8.905283058006296,20.17520479867858,0.4285772740840912,6,93,64,1.4375
32,15,22927,00:01:17.3690000,72,8155,47110,2266322,2631322,30151791,32783113,26121889,58905002,10.890121086059262,7.103639916313392,0.29216763377189636,6,73,46,1.5652174
32,16,24184,00:02:42.7620000,61,14492,85310,4131644,4816989,60727874,65544863,41482520,107027383,12.208051806980466,3.3709696354145033,0.15248821675777435,5,62,44,1.3863636
32,17,25561,00:05:34.9130000,77,26662,159610,6394152,8365152,122739026,131104178,68418003,199522181,12.99994197823261,8.804693799477791,0.25467777252197266,4,78,62,1.2419355
32,18,27075,00:11:27.3360000,113,50123,302412,9941513,14949124,247217571,262166695,115508409,377675104,14.271697778798861,35.642032742329086,0.3857229948043823,6,114,79,1.4303797
32,19,28641,00:22:40.9650000,120,92180,573032,18738522,28005048,496459369,524464417,191072974,715537391,16.12550216073605,25.93741878744652,0.4908170700073242,6,121,78,1.5384616
32,20,30221,00:44:18.6640000,112,168514,1089395,35558918,53211685,995639168,1048850853,312006277,1360857130,17.95426795607223,19.825412966391948,0.4320060908794403,5,113,71,1.5774648
33,0,6788,00:00:00.0820000,4,4,18,742,742,260,1002,15283,16285,1.110512129380054,1.2558886686857562,0.0955376997590065,1,4,3,1
33,1,7958,00:00:00.1190000,7,8,27,1237,1238,764,2002,26172,28174,1.1932093775262733,1.5075421965461524,0.13789162039756775,1,7,6,1
33,2,9090,00:00:00.1430000,7,9,43,2155,2157,1846,4003,44296,48299,1.351276102088167,2.123539104330568,0.253633052110672,2,7,5,1.2
33,3,10088,00:00:00.1720000,12,17,70,3690,3701,4314,8015,69884,77899,1.7249322493224932,3.8508747546187623,0.37005814909935,2,12,10,1.1
33,4,11125,00:00:00.2200000,19,31,120,6263,6291,9710,16001,114861,130862,2.0338495928468783,4.551412651289621,0.4479178488254547,3,19,15,1.2
33,5,12153,00:00:00.2870000,30,47,191,10564,10640,21390,32030,188042,220072,2.4375236652783037,7.486176504119434,0.4565221071243286,4,30,21,1.3809524
33,6,13095,00:00:00.3920000,33,67,296,18306,18480,45531,64011,295529,359540,3.2428711897738447,9.855039326030843,0.43289148807525635,4,33,22,1.4545455
33,7,13906,00:00:00.5110000,41,110,462,32105,32504,95522,128026,443928,571954,4.229870736645382,3.550279712825427,0.2637706696987152,5,41,29,1.3793104
33,8,14707,00:00:00.7060000,33,166,755,53685,55056,201089,256145,683432,939577,4.8170066126478535,1.8810144103766047,0.25529035925865173,5,34,23,1.4347826
33,9,15603,00:00:01.0650000,37,282,1285,89176,91975,420100,512075,1115477,1627552,5.112294787835292,1.8853989979156265,0.2937050461769104,5,38,28,1.3214285
33,10,16647,00:00:01.7680000,46,489,2309,146303,153360,871061,1024421,1925176,2949597,5.4461289242189155,3.334514331887996,0.24092839658260345,4,47,38,1.2105263
33,11,17801,00:00:03.1210000,60,834,4235,242781,263099,1784912,2048011,3356325,5404336,6.165041745441365,10.299335720576305,0.34340614080429077,4,61,44,1.3636364
33,12,19004,00:00:05.7870000,76,1502,7895,419222,460727,3635872,4096599,5759893,9856492,7.161410899237159,7.5806668240436235,0.23828192055225372,5,77,54,1.4074074
33,13,20235,00:00:10.7940000,70,2591,14346,711875,799837,7397049,8196886,9562227,17759113,8.037682177348552,5.455337043226217,0.24898064136505127,5,70,56,1.2321428
33,14,21516,00:00:25.1210000,71,4525,25712,1187793,1389025,14997718,16386743,15676906,32063649,8.881866621540958,9.449477090275831,0.31178802251815796,5,72,57,1.245614
33,15,22901,00:01:15.8270000,92,8197,47234,1987179,2436783,30335114,32771897,26228663,59000560,9.874434562764602,17.059032124780245,0.4767388701438904,4,93,63,1.4603175
33,16,24388,00:02:58.5560000,109,14751,87639,3324201,4322604,61229628,65552232,44270865,109823097,10.989997897239066,38.283473329616356,0.510299563407898,5,110,78,1.3974359
33,17,25963,00:06:19.5430000,140,26567,164522,5584133,7737655,123336166,131073821,74746711,205820532,12.217534037960773,40.83341180983254,0.6188746690750122,5,141,87,1.6091954
33,18,27593,00:12:37.1310000,133,48206,309340,10231804,14625160,247549408,262174568,125117458,387292026,14.245667137486215,27.847937461929014,0.4903390109539032,5,134,82,1.6219512
33,19,29132,00:23:35.3460000,71,88201,577920,21715443,28731017,495571221,524302238,199604352,723906590,16.39474994822809,7.144377178592659,0.2376568615436554,7,72,49,1.4489796
33,20,30662,00:44:10.4870000,81,166363,1091335,40285307,55182580,993819291,1049001871,317194142,1366196013,18.396613509734454,10.72175416143892,0.38176631927490234,6,82,58,1.3965517
34,0,5497,00:00:00.0700000,4,4,15,739,739,268,1007,11962,12969,1.0514208389715831,1.1091296738413867,0.014456450939178467,1,4,3,1
34,1,6558,00:00:00.1050000,4,4,27,1240,1240,763,2003,21757,23760,1.178225806451613,1.4523006087105315,0.1538567841053009,1,4,3,1
34,2,7598,00:00:00.1270000,6,6,39,2180,2180,1824,4004,38573,42577,1.436697247706422,2.607850081884372,0.31160980463027954,1,6,5,1
34,3,8604,00:00:00.1520000,7,13,55,3620,3627,4374,8001,64650,72651,1.6759668508287293,3.673120251922734,0.43027734756469727,1,7,6,1
34,4,9661,00:00:00.1910000,11,17,95,6119,6139,9867,16006,110045,126051,1.834940349730348,3.7505947787492073,0.5763372778892517,2,11,8,1.25
34,5,10835,00:00:00.2710000,15,34,175,10340,10412,21593,32005,192396,224401,2.0011605415860734,3.2873231092963575,0.6288813948631287,3,15,11,1.2727273
34,6,12121,00:00:00.3870000,24,64,312,16906,17131,46880,64011,340158,404169,2.359458180527623,4.805397709769921,0.5149393677711487,3,24,19,1.2105263
34,7,13312,00:00:00.5950000,34,123,553,29512,29997,98092,128089,559538,687627,3.203171591217132,4.3938917077315045,0.29102256894111633,5,34,25,1.32
34,8,14368,00:00:00.8650000,44,174,915,50642,51731,204288,256019,872306,1128325,4.035207930176533,2.6681098130283614,0.18502527475357056,5,45,32,1.375
34,9,15388,00:00:01.2780000,39,294,1492,86573,90194,421970,512164,1359922,1872086,4.971607776096474,4.073748133814879,0.18126897513866425,6,40,26,1.5
34,10,16390,00:00:02.0130000,41,499,2528,149666,157538,866534,1024072,2132873,3156945,5.832413507409832,3.1709079533350657,0.21303501725196838,6,42,28,1.4642857
34,11,17454,00:00:03.3210000,51,871,4451,252121,270418,1777797,2048215,3455862,5504077,6.487500049579369,4.533534956026637,0.2832984924316406,5,52,40,1.275
34,12,18604,00:00:05.8460000,67,1442,7843,428639,467158,3630178,4097336,5751751,9849087,7.3121951105709,10.27317925836167,0.4022749960422516,5,68,50,1.34
34,13,19799,00:00:10.4910000,78,2490,14067,713273,802532,7389639,8192171,9415345,17607516,8.044845381782292,9.852967229816517,0.34757500886917114,5,79,59,1.3220339
34,14,21088,00:00:19.5070000,100,4542,25724,1176003,1379958,15008285,16388243,15572326,31960569,8.788080472583829,17.586452789091606,0.47244992852211,5,101,73,1.369863
34,15,22486,00:00:39.7330000,110,8039,47277,1950390,2440830,30329499,32770329,26204558,58974887,9.930909715492799,23.881827727849874,0.6162202954292297,6,111,74,1.4864864
34,16,23912,00:01:58.2550000,96,14785,87547,3642818,4544497,61004689,65549186,43487705,109036891,11.679774559146244,11.842849992855882,0.3734213709831238,6,97,67,1.4328358
34,17,25287,00:04:36.9460000,71,26367,161242,7175566,8714427,122377492,131091919,70204164,201296083,13.61304488036205,8.842141394133744,0.23260022699832916,7,72,51,1.3921568
34,18,26649,00:09:31.0370000,67,49100,299964,13223717,16471435,245760759,262232194,112278952,374511146,15.439992099044467,11.561030797483337,0.23450596630573273,5,68,50,1.34
34,19,28019,00:18:46.3080000,69,91382,562497,23197887,30459196,494007132,524466328,178590279,703056607,16.88869188818792,2.693608236258972,0.23012368381023407,6,70,50,1.38
34,20,29488,00:37:34.6190000,105,173489,1072164,36445879,55842294,992974425,1048816719,291711345,1340528064,18.415246535829194,10.758543999996933,0.2794888913631439,6,106,74,1.418919
35,0,7658,00:00:00.0970000,4,4,21,751,751,252,1003,16174,17177,1.0798934753661784,1.1748478703720653,0.030629046261310577,1,4,3,1
35,1,8736,00:00:00.1330000,4,4,28,1255,1255,747,2002,25845,27847,1.1474103585657371,1.3325322181204768,0.02177242748439312,2,4,2,1.5
35,2,9772,00:00:00.1530000,5,5,37,2107,2107,1894,4001,41932,45933,1.4299952539155196,2.072673319027235,0.08884347975254059,2,5,3,1.3333334
35,3,10699,00:00:00.1780000,8,14,66,3617,3626,4375,8001,65985,73986,1.6842687309925353,2.4463248743512707,0.0745299831032753,2,8,5,1.4
35,4,11705,00:00:00.2370000,13,28,109,6129,6155,9850,16005,109129,125134,1.9875999347364985,2.623546436302135,0.08899227529764175,2,13,11,1.0909091
35,5,12730,00:00:00.2960000,19,26,174,10561,10576,21434,32010,181070,213080,2.4392576460562445,2.777563523178139,0.08306765556335449,3,19,16,1.125
35,6,13722,00:00:00.3800000,26,50,286,17663,17754,46253,64007,294772,358779,2.827322651871143,2.624966633119381,0.09554874151945114,3,26,22,1.1363636
35,7,14791,00:00:00.5290000,29,99,495,29694,30026,97992,128018,493134,621152,3.2374217013538087,3.2884549058407186,0.11373773217201233,4,29,24,1.1666666
35,8,15922,00:00:00.8090000,29,175,881,49122,50634,205516,256150,829788,1085938,3.6512967713041,5.272266139820337,0.23514631390571594,3,29,21,1.3333334
35,9,17111,00:00:01.3320000,47,292,1557,82610,85482,426607,512089,1398288,1910377,4.140213049267643,7.43814869685448,0.30813708901405334,4,47,34,1.3529412
35,10,18393,00:00:02.3200000,64,471,2736,137140,143743,880273,1024016,2384487,3408503,4.716705556365758,6.843239441503404,0.32252180576324463,5,65,48,1.3333334
35,11,19758,00:00:04.1990000,75,845,4826,229628,246772,1801944,2048716,4074749,6123465,5.458894385702092,8.641548412826996,0.3450898230075836,5,76,56,1.3392857
35,12,21178,00:00:07.6450000,74,1463,8708,383488,427594,3670312,4097906,6894624,10992530,6.297190524866489,11.729940261294683,0.5476237535476685,4,75,56,1.3214285
35,13,22682,00:00:14.3150000,77,2554,15872,630569,742693,7449624,8192317,11711107,19903424,7.140352602173593,10.063748093748059,0.5026273727416992,4,78,55,1.4
35,14,24169,00:00:40.2760000,98,4527,28300,1097071,1319944,15064984,16384928,18917714,35302642,8.389130694367092,12.7009947736508,0.540531575679779,6,99,70,1.4
35,15,25624,00:01:41.8130000,90,8059,50120,2035647,2424084,30347202,32771286,29944902,62716188,9.946787434167122,13.883870443770833,0.37066030502319336,6,91,63,1.4285715
35,16,26980,00:03:23.5220000,62,14326,89380,4126108,4784140,60783387,65567527,46379065,111946592,12.239357040581584,4.928535298400552,0.14739879965782166,6,63,43,1.4418604
35,17,28316,00:06:21.8010000,64,26089,162482,7111125,8610298,122494538,131104836,72497580,203602416,13.35135115751727,4.691529641771341,0.14155946671962738,5,65,53,1.2075472
35,18,29767,00:12:12.4400000,107,49381,303633,11006726,15478542,246674407,262152949,117749498,379902447,14.634972107055267,25.102854783958495,0.45797616243362427,5,107,71,1.4929577
35,19,31229,00:23:05.5440000,108,92303,569893,21229803,29592609,494727777,524320386,188079433,712399819,16.724340776972824,12.507929357800606,0.4382604956626892,6,109,71,1.5211267
35,20,32740,00:44:21.3890000,112,170412,1082435,35284668,54057390,994618340,1048675730,304322211,1352997941,17.985708296872737,24.57880691402774,0.5221520066261292,5,113,82,1.3658537
36,0,8510,00:00:00.2870000,2,2,11,735,735,270,1005,22940,23945,1.0081632653061225,1.016459806818045,0,1,2,1,1
36,1,9883,00:00:00.3400000,4,5,18,1229,1230,776,2006,35749,37755,1.0439381611065908,1.0927953693527865,0.025378528982400894,1,4,3,1
36,2,10950,00:00:00.3910000,5,7,29,2137,2141,1860,4001,52517,56518,1.110435189518016,1.2536304773735871,0.07052776217460632,1,5,4,1
36,3,12301,00:00:00.4510000,10,16,66,3583,3592,4410,8002,88056,96058,1.3653363103544516,2.1686717922870438,0.18939554691314697,1,10,9,1
36,4,13537,00:00:00.5280000,14,24,107,6138,6160,9850,16010,141458,157468,1.770772238514174,4.188508373766123,0.39572110772132874,2,14,10,1.3
36,5,14739,00:00:00.6710000,19,41,194,10278,10338,21669,32007,225600,257607,2.1167542323409223,4.573689221993163,0.42778095602989197,2,19,14,1.2857143
36,6,15893,00:00:00.8430000,24,69,323,17100,17308,46758,64066,357945,422011,2.443859649122807,4.045870834609964,0.35524263978004456,2,24,19,1.2105263
36,7,17166,00:00:01.1220000,35,116,567,28586,29068,98994,128062,594183,722245,2.8028405513188273,2.522915564874547,0.2698797583580017,3,35,28,1.2142857
36,8,18535,00:00:01.6490000,47,192,1039,47244,48681,207370,256051,1006192,1262243,3.1749428498856997,2.6256630325827666,0.26311007142066956,4,48,36,1.3055556
36,9,19903,00:00:02.5180000,64,304,1754,79760,83219,428867,512086,1658710,2170796,3.855478936810431,7.9153373332844446,0.30959397554397583,5,65,51,1.254902
36,10,21250,00:00:03.9760000,72,498,2928,135570,143665,880868,1024533,2692554,3717087,4.702721841115291,6.95131620194174,0.3802308440208435,5,73,53,1.3584906
36,11,22621,00:00:06.4310000,83,865,5067,228671,247142,1801818,2048960,4388795,6437755,5.456651696104884,8.515196887288893,0.36133241653442383,5,84,59,1.4067796
36,12,24024,00:00:11.0730000,90,1494,8965,388712,432282,3665585,4097867,7175464,11273331,6.409995060610426,19.143065616389894,0.40212076902389526,5,91,65,1.3846154
36,13,25485,00:00:29.6410000,98,2597,16020,650382,751835,7440883,8192718,11856185,20048903,7.2946852772678215,20.235225225310266,0.46597298979759216,5,99,67,1.4626865
36,14,26928,00:01:07.6520000,103,4565,28319,1099237,1325710,15059429,16385139,18791373,35176512,8.418240106546632,14.445660453776284,0.5693649649620056,5,104,70,1.4714285
36,15,28422,00:02:17.2940000,118,7982,50355,1876766,2326254,30445976,32772230,30131733,62903963,9.361265069806251,12.934586984759372,0.495714008808136,5,119,88,1.3409091
36,16,30038,00:04:32.3140000,125,14298,92136,3036296,4094039,61464594,65558633,49718147,115276780,10.394118689350446,37.045968895178056,0.5918540358543396,4,126,85,1.4705882
36,17,31725,00:08:49.9060000,124,26026,170845,5271799,7496406,123575943,131072349,82188758,213261107,11.975530174803705,24.382122609863753,0.5940114855766296,6,125,78,1.5897436
36,18,33424,00:16:45.7970000,105,46918,318082,9913766,14004527,248243970,262248497,134664380,396912877,13.618074301935309,15.065592795343392,0.5910888910293579,4,106,72,1.4583334
36,19,35158,00:31:28.9890000,130,86051,595581,17086906,25886038,498414333,524300371,219735600,744035971,15.153833057898252,46.664433386371556,0.621073842048645,5,131,86,1.5116279
36,20,36892,00:58:43.7060000,104,163045,1122299,31763950,49926462,999060927,1048987389,351668567,1400655956,17.339466407672848,9.097329994964278,0.31787553429603577,5,105,77,1.3506494
37,0,10388,00:00:00.3110000,6,6,23,770,770,232,1002,20013,21015,1.8246753246753247,2.882324946238392,0.5602087378501892,2,6,3,1.6666666
37,1,11027,00:00:00.3550000,5,5,26,1323,1323,678,2001,26013,28014,1.8820861678004535,2.3835369266708595,0.5738610029220581,2,5,3,1.3333334
37,2,11724,00:00:00.3760000,8,11,41,2232,2235,1778,4013,37084,41097,1.9444444444444444,2.4338529524242687,0.5895692706108093,2,8,6,1.1666666
37,3,12491,00:00:00.4040000,10,15,59,3734,3741,4260,8001,57288,65289,2.0420460632029993,2.516990077780345,0.580548107624054,2,10,7,1.2857143
37,4,13409,00:00:00.4470000,11,22,99,6242,6272,9734,16006,97041,113047,2.194008330663249,3.2357137996213345,0.560227632522583,2,11,8,1.25
37,5,14374,00:00:00.5400000,19,37,159,10581,10650,21352,32002,165128,197130,2.442491257915131,5.142936951712739,0.5027902126312256,3,19,14,1.2857143
37,6,15363,00:00:00.6470000,24,65,276,17657,17843,46166,64009,278260,342269,2.8249419493685224,7.9244003896740205,0.443038672208786,3,25,19,1.2631578
37,7,16419,00:00:00.8470000,29,107,508,29542,29991,98074,128065,474440,602505,3.2875566989371063,9.17741955919238,0.35986435413360596,3,30,23,1.2608696
37,8,17507,00:00:01.1890000,42,181,859,49235,50545,205564,256109,797497,1053606,3.676530923123794,7.1153247492734515,0.3306804597377777,4,43,33,1.2727273
37,9,18715,00:00:01.8870000,61,312,1552,81153,84338,427909,512247,1376175,1888422,4.071322070656661,6.4612506121954425,0.46252623200416565,4,62,48,1.2708334
37,10,20029,00:00:03.1750000,82,501,2746,135803,143314,880922,1024236,2385732,3409968,4.633454341951209,13.524697556144355,0.5563966631889343,4,83,60,1.3666667
37,11,21392,00:00:05.5210000,88,861,4893,230291,249023,1799890,2048913,4067449,6116362,5.544888858010083,22.570164417638843,0.5631860494613647,4,89,63,1.3968254
37,12,22769,00:00:09.9430000,78,1550,8731,389987,435300,3662706,4098006,6804889,10902895,6.497901212091685,11.898341986364937,0.43710342049598694,5,79,49,1.5918367
37,13,24206,00:00:23.3090000,74,2598,15614,651125,761083,7432036,8193119,11416345,19609464,7.433397581109618,8.715207993905292,0.3506975471973419,5,75,52,1.4230769
37,14,25503,00:00:55.5400000,68,4614,27182,1314608,1494411,14890080,16384491,17580848,33965339,9.975463408103405,6.145371841629429,0.18451014161109924,7,69,48,1.4166666
37,15,26602,00:01:43.7130000,46,7947,46780,2603922,2850104,29931253,32781357,26010525,58791882,11.675145415262055,4.72094416484348,0.0996721088886261,6,47,34,1.3529412
37,16,27782,00:03:14.8830000,50,14858,84892,4227720,4978779,60586779,65565558,40518688,106084246,12.507044222417758,8.889978420204333,0.5065685510635376,3,50,36,1.3611112
37,17,29061,00:06:18.2760000,82,27153,157460,6980734,8926962,122148301,131075263,65519394,196594657,13.78512589077309,8.52600515816362,0.5231679677963257,5,82,58,1.3965517
37,18,30332,00:11:41.8990000,79,51961,294029,14932490,18316413,243937105,262253518,104414909,366668427,16.86408154299785,4.1977759438973505,0.19663473963737488,7,80,54,1.462963
37,19,31477,00:20:27.8970000,52,94999,547107,29196336,34958035,489550223,524508258,160395556,684903814,18.409551561538407,3.0971009327455183,0.11994495242834091,4,52,41,1.2439024
37,20,32732,00:38:20.6060000,96,183394,1043876,46270247,63312223,985624548,1048936771,257269800,1306206571,19.817515000514263,12.724923771851916,0.25243836641311646,7,97,64,1.5
38,0,11249,00:00:00.1620000,4,4,17,743,743,262,1005,19428,20433,1.0363391655450875,1.076011932477151,0,1,4,3,1
38,1,12283,00:00:00.2020000,5,5,26,1256,1256,753,2009,29151,31160,1.1504777070063694,1.3715605282081567,0.12631958723068237,1,5,4,1
38,2,13407,00:00:00.2310000,7,9,46,2167,2170,1835,4005,47148,51153,1.5085371481310568,2.9374184545106066,0.3972870409488678,2,7,4,1.5
38,3,14353,00:00:00.2600000,12,15,63,3724,3729,4275,8004,71779,79783,1.8335123523093448,4.124609904681171,0.47516322135925293,3,12,7,1.5714285
38,4,15285,00:00:00.2990000,14,26,101,6272,6303,9727,16030,111672,127702,2.372608418367347,5.308094755785359,0.5389024019241333,3,14,8,1.625
38,5,16066,00:00:00.3660000,16,32,166,11056,11121,20912,32033,166048,198081,3.02017004341534,4.152467945189578,0.26487722992897034,4,16,8,1.875
38,6,16822,00:00:00.4300000,16,52,255,18688,18840,45165,64005,252132,316137,3.574646832191781,2.168843801639533,0.21890386939048767,4,16,9,1.6666666
38,7,17633,00:00:00.5420000,23,87,426,31119,31455,96638,128093,402298,530391,3.879655515922748,1.597996177859157,0.15209782123565674,4,24,16,1.4375
38,8,18569,00:00:00.7680000,22,165,739,51415,52577,203482,256059,681455,937514,4.112301857434601,1.6204214133860118,0.1231645867228508,4,23,17,1.2941177
38,9,19641,00:00:01.1650000,35,278,1344,83988,86893,425419,512312,1195614,1707926,4.413356670000476,2.710651652339982,0.222402885556221,4,36,29,1.2068965
38,10,20857,00:00:02.0320000,61,498,2536,138756,146197,878259,1024456,2133894,3158350,4.84998126207155,5.730562039403595,0.4265628755092621,5,62,51,1.1960784
38,11,22175,00:00:03.7360000,86,894,4679,232488,252204,1795962,2048166,3764046,5812212,5.674731599050274,13.121126384214323,0.6890780329704285,5,87,62,1.3870968
38,12,23442,00:00:06.6460000,80,1489,8375,416633,458522,3638357,4096879,6275858,10372737,7.156490244411748,8.693077303671851,0.48824024200439453,6,81,57,1.4035088
38,13,24663,00:00:11.9660000,73,2569,14572,720615,802128,7393369,8195497,10036554,18232051,8.05348487056195,4.941533981173168,0.35350877046585083,6,74,51,1.4313725
38,14,25952,00:00:37.7820000,75,4575,26109,1175463,1380405,15008830,16389235,16189103,32578338,8.777769270491712,11.259216559251312,0.49761396646499634,4,76,56,1.3392857
38,15,27357,00:01:33.9110000,94,8082,47853,1937193,2417434,30352514,32769948,26880042,59649990,9.790936163820538,20.693057151757383,0.49416717886924744,5,95,66,1.4242424
38,16,28829,00:03:21.1590000,104,14639,88287,3457138,4430990,61130725,65561715,44718447,110280162,11.371214860384514,32.15140265772071,0.5409694910049438,6,105,71,1.4647887
38,17,30243,00:06:24.5550000,81,26213,162597,7054780,8630956,122505075,131136031,72125604,203261635,13.564079957135446,9.97575448961299,0.3494074046611786,6,82,51,1.5882353
38,18,31619,00:11:49.1080000,74,48972,302285,13064388,16266145,245904996,262171141,114703306,376874447,15.246104065494686,11.707312051809364,0.24411262571811676,6,75,56,1.3214285
38,19,33011,00:22:08.3290000,87,91675,565902,22948239,30378187,494045539,524423726,181974681,706398407,16.887861896505434,12.606849688723958,0.30510789155960083,7,88,63,1.3809524
38,20,34441,00:41:54.0940000,81,174062,1071973,40211019,58020918,990620619,1048641537,292087432,1340728969,18.961481254677977,11.242500177466809,0.3160569369792938,7,82,56,1.4464285
3,0,4940,00:00:00.0610000,4,4,7,753,753,250,1003,7055,8058,1.953519256308101,1.1152965642792712,0,2,4,2,1.5
3,1,5445,00:00:00.0840000,3,5,11,1282,1284,717,2001,11774,13775,1.9804992199687987,1.049642505760598,0,2,3,1,2
3,2,6049,00:00:00.0930000,6,8,21,2215,2218,1787,4005,21355,25360,2.0126410835214448,1.1380176333635525,0.03039216622710228,2,6,4,1.25
3,3,6841,00:00:00.1500000,13,19,47,3758,3767,4234,8001,42087,50088,2.0971261309207025,1.3314020103307023,0.08867033571004868,3,13,10,1.2
3,4,7663,00:00:00.1770000,17,31,92,6334,6370,9645,16015,77839,93854,2.275813072308178,1.9322143989793894,0.20323669910430908,3,17,13,1.2307693
3,5,8601,00:00:00.2220000,23,46,161,10538,10611,21403,32014,144643,176657,2.5947048775858796,3.9690105487738165,0.37251779437065125,3,23,19,1.1578947
3,6,9556,00:00:00.2980000,32,69,285,17866,18068,45975,64043,254140,318183,2.8907981641106013,6.527787764529357,0.492797315120697,2,32,26,1.1923077
3,7,10599,00:00:00.4360000,37,107,486,29783,30308,97742,128050,448433,576483,3.254272571601249,8.816798434132197,0.515191912651062,3,37,28,1.2857143
3,8,11728,00:00:00.7080000,52,166,853,49330,50275,205806,256081,783935,1040016,3.6813095479424285,13.443602484927169,0.4978178143501282,4,52,34,1.5
3,9,12883,00:00:01.1910000,64,273,1487,83913,86502,425543,512045,1335143,1847188,4.381335430743746,11.615408761062932,0.38966605067253113,4,64,41,1.5365853
3,10,14037,00:00:02.0760000,54,510,2662,142994,150795,873391,1024186,2222247,3246433,5.283536372155475,4.207689025547344,0.2130395770072937,5,55,38,1.4210526
3,11,15237,00:00:03.7480000,61,902,4691,240138,258137,1790265,2048402,3710729,5759131,5.911954792660887,2.4405783978944307,0.1202925592660904,4,62,49,1.244898
3,12,16568,00:00:06.9670000,84,1498,8391,389629,435648,3660526,4096174,6366696,10462870,6.455351116061689,3.969854253962595,0.14677928388118744,4,85,69,1.2173913
3,13,18029,00:00:13.6890000,110,2618,15386,639389,753246,7439310,8192556,11059170,19251726,7.315607556589181,16.747248401753584,0.23039016127586365,5,111,83,1.3253012
3,14,19414,00:00:40.0550000,94,4617,27204,1177206,1384329,15002267,16386596,17688731,34075327,8.992088045762594,8.271274805519116,0.4286681115627289,4,94,64,1.453125
3,15,20763,00:01:35.4180000,58,7898,48674,2095911,2483187,30300106,32783293,27982421,60765714,10.136416097820948,3.1645706883187983,0.1890714168548584,5,59,42,1.3809524
3,16,22215,00:03:22.8520000,80,14363,89236,3486583,4373517,61180554,65554071,45660252,111214323,11.085940016342649,7.055682402842821,0.1671130657196045,5,81,60,1.3333334
3,17,23756,00:06:50.1110000,99,26085,165259,5856240,7906064,123180450,131086514,75536674,206623188,12.499965336120104,14.719528306865243,0.28021153807640076,6,100,72,1.375
3,18,25307,00:13:08.5820000,96,48136,308160,11472940,15274479,246879351,262153830,123528549,385682379,14.702740012586137,8.71991467542528,0.3576076924800873,6,97,65,1.4769231
3,19,26792,00:24:10.8690000,76,88230,574860,21957494,28953182,495518958,524472140,195393593,719865733,16.39033106419157,7.548891565027173,0.4988328218460083,5,77,54,1.4074074
3,20,28351,00:46:01.9680000,99,167592,1090766,34940047,53075533,995716094,1048791627,315223259,1364014886,17.80748869628023,30.680590254898775,0.5561655759811401,5,100,70,1.4142857
39,0,8195,00:00:00.1000000,3,3,13,725,725,277,1002,16499,17501,1.0124137931034483,1.0252076884780013,0,1,3,2,1
39,1,9289,00:00:00.1350000,4,5,23,1255,1256,749,2005,26390,28395,1.0254980079681275,1.05269407159355,0,1,4,3,1
39,2,10324,00:00:00.1560000,7,10,35,2142,2145,1858,4003,42296,46299,1.046218487394958,1.0981056345320577,0.026372389867901802,1,7,6,1
39,3,11726,00:00:00.1920000,12,14,55,3550,3554,4454,8008,78845,86853,1.2583098591549295,1.687317584578931,0.1419954150915146,2,12,10,1.1
39,4,13098,00:00:00.2470000,14,26,117,6099,6133,9873,16006,137104,153110,1.7370060665682898,3.911047268773491,0.34729301929473877,3,14,10,1.3
39,5,14186,00:00:00.3310000,18,42,191,10586,10651,21366,32017,212737,244754,2.466181749480446,6.173036529556722,0.3990381062030792,3,18,13,1.3076923
39,6,15083,00:00:00.4160000,22,70,309,17925,18162,45851,64013,314858,378871,3.2110460251046025,4.843579942361592,0.2017378807067871,3,22,18,1.1666666
39,7,15985,00:00:00.5530000,34,118,494,30427,30942,97063,128005,482322,610327,3.712853715450094,3.2172357865589465,0.15707823634147644,5,34,27,1.2222222
39,8,16940,00:00:00.7820000,37,168,834,50832,52117,203901,256018,766837,1022855,4.047293043751967,2.9813550689287176,0.1528474986553192,5,38,30,1.2333333
39,9,18028,00:00:01.2280000,50,271,1441,85252,87469,424732,512201,1288188,1800389,4.506451461549289,5.135993483857949,0.21512316167354584,5,51,40,1.25
39,10,19160,00:00:02.0340000,60,487,2544,145527,151673,872574,1024247,2159906,3184153,5.376067671291238,7.900177298201433,0.38022878766059875,5,60,43,1.3720931
39,11,20269,00:00:03.4460000,54,851,4420,254815,270767,1777375,2048142,3529091,5577233,6.532825775562663,6.149553880659257,0.2988380193710327,5,55,37,1.4594594
39,12,21378,00:00:05.9010000,41,1497,7853,440116,478443,3619939,4098382,5744493,9842875,7.568511483336211,4.119253690301302,0.25871944427490234,5,42,29,1.4137931
39,13,22513,00:00:10.5550000,60,2523,13812,728718,816615,7376807,8193422,9175758,17369180,8.21263232141926,4.11839545528417,0.3024144768714905,5,61,45,1.3333334
39,14,23763,00:00:34.0100000,88,4547,25093,1175799,1407438,14977873,16385311,15158119,31543430,9.003924990580874,12.201193199467953,0.32122644782066345,6,89,65,1.3538462
39,15,25072,00:01:24.2470000,91,8127,46194,2127143,2597201,30173966,32771167,25126497,57897664,10.728702771745953,11.977129850620344,0.2963709533214569,6,92,63,1.4444444
39,16,26336,00:02:52.4370000,67,14949,85137,4149900,4866432,60699631,65566063,40527664,106093727,12.39358273693342,5.315988733152241,0.17089354991912842,5,68,47,1.4255319
39,17,27657,00:05:40.3470000,61,26969,158579,7023207,8693165,122404687,131097852,66331838,197429690,13.459604850035033,9.316437280635835,0.31594401597976685,4,62,46,1.326087
39,18,29081,00:11:17.6610000,88,49806,299123,11285687,15723797,246494508,262218305,110781404,372999709,14.831481149530374,14.35789322088563,0.3423750400543213,5,89,65,1.3538462
39,19,30514,00:21:48.2020000,87,92740,564418,21444683,29976566,494449440,524426006,179608388,704034394,16.85451573240789,4.901294353404349,0.41688770055770874,6,88,65,1.3384615
39,20,31983,00:41:51.6290000,100,172120,1073387,38340304,55956542,992676194,1048632736,292686855,1341319591,18.472327788532922,18.5285417004144,0.4204328954219818,6,101,70,1.4285715
40,0,5384,00:00:00.0880000,2,2,6,759,759,242,1001,7734,8735,1.8827404479578393,1.2610650831766113,0,1,2,1,1
40,1,6045,00:00:00.1060000,3,3,11,1269,1269,733,2002,13777,15779,1.954294720252167,1.1026449170902628,0,2,3,1,2
40,2,6678,00:00:00.1160000,7,8,21,2223,2224,1778,4002,23682,27684,2.0098965362123256,1.1205233988668009,0.02159876748919487,2,7,5,1.2
40,3,7468,00:00:00.1610000,7,11,41,3700,3705,4305,8010,44662,52672,2.061891891891892,1.146126596757366,0.044917911291122437,2,7,5,1.2
40,4,8373,00:00:00.1920000,8,24,77,6260,6300,9713,16013,83743,99756,2.2172523961661343,1.593503126881827,0.14977793395519257,1,8,7,1
40,5,9306,00:00:00.2370000,12,34,132,10405,10491,21522,32013,149772,181785,2.433541566554541,2.5917050425790507,0.2641555964946747,2,12,9,1.2222222
40,6,10336,00:00:00.3200000,20,50,247,17475,17596,46419,64015,267402,331417,2.6944778254649497,4.083153172844959,0.3604162633419037,2,20,17,1.117647
40,7,11478,00:00:00.4650000,25,94,433,29042,29444,98591,128035,478700,606735,2.973142345568487,4.432329087665575,0.4460994601249695,2,25,21,1.1428572
40,8,12763,00:00:00.7760000,35,162,850,47882,49055,207040,256095,864490,1120585,3.2826740737646714,5.564531323488729,0.4315141439437866,3,35,29,1.1724138
40,9,14117,00:00:01.3350000,58,291,1540,79503,82213,430014,512227,1509992,2022219,3.810082638391004,8.73143123852906,0.436443567276001,4,58,40,1.425
40,10,15459,00:00:02.3530000,65,492,2808,136943,145051,879300,1024351,2537191,3561542,4.821947817705176,12.398942735775012,0.49299609661102295,5,66,47,1.3829787
40,11,16701,00:00:04.0690000,65,868,4841,243614,259507,1788725,2048232,4067441,6115673,6.042686380914069,6.902659968689892,0.34778761863708496,6,66,43,1.5116279
40,12,17926,00:00:06.9220000,50,1438,8382,423877,459111,3637635,4096746,6504176,10600922,7.129627226766256,5.6502575677197635,0.3741437792778015,5,51,35,1.4285715
40,13,19164,00:00:12.2400000,65,2524,14698,721623,795926,7396968,8192894,10335841,18528735,7.926144260922947,2.790323875796423,0.25301480293273926,5,66,50,1.3
40,14,20482,00:00:35.8200000,79,4502,26262,1140526,1361637,15027751,16389388,16622112,33011500,8.627495559066606,5.639815480205552,0.23457837104797363,5,80,63,1.2539682
40,15,21920,00:01:32.4370000,108,8081,48004,1866232,2388952,30392207,32781159,27560463,60341622,9.661285413603453,24.071956665240304,0.38537028431892395,4,109,79,1.3670886
40,16,23397,00:03:20.2970000,99,14853,88841,3529003,4497300,61068412,65565712,45425038,110990750,11.635175997300088,20.237349346251097,0.3846350312232971,7,100,65,1.5230769
40,17,24772,00:06:20.1120000,56,26393,162918,7223416,8693693,122382768,131076461,72116123,203192584,13.596241999630092,11.131773214893649,0.4183264374732971,5,57,37,1.5135136
40,18,26151,00:11:49.5830000,79,48581,302929,13021546,16193456,246056067,262249523,114837575,377087098,15.17407341647451,7.53083814754311,0.2553422749042511,6,80,57,1.3859649
40,19,27580,00:22:26.4100000,90,91326,568021,20913753,29380944,495121150,524502094,183862288,708364382,16.44925322585573,7.4678815396002705,0.21215499937534332,6,91,65,1.3846154
40,20,29108,00:43:59.2770000,128,172876,1080977,33073980,53913774,994709455,1048623229,301060643,1349683872,18.029444657099024,32.20499193396182,0.35685423016548157,6,129,87,1.4712644
41,0,8103,00:00:00.0970000,2,2,13,740,740,265,1005,15215,16220,1.0013513513513514,1.0027063653420534,0,1,2,1,1
41,1,9147,00:00:00.1200000,2,3,21,1274,1275,728,2003,24135,26138,1.0054945054945055,1.0110494464112565,0,1,2,1,1
41,2,10317,00:00:00.1430000,9,12,45,2153,2157,1848,4005,42144,46149,1.0478402229447283,1.1022209974973802,0.030263738706707954,1,9,8,1
41,3,11712,00:00:00.1940000,10,11,74,3590,3592,4413,8005,78495,86500,1.26991643454039,1.8271993327758116,0.21837618947029114,1,10,9,1
41,4,13068,00:00:00.2500000,13,22,125,6081,6105,9908,16013,136666,152679,1.6495642164117743,4.892020392572922,0.5577110052108765,2,13,8,1.5
41,5,14198,00:00:00.3230000,15,29,200,10528,10573,21431,32004,214778,246782,2.4507978723404253,9.038231979891503,0.7589369416236877,4,15,8,1.75
41,6,14961,00:00:00.4100000,18,53,295,19309,19476,44539,64015,300244,364259,4.009373867108602,2.4102366562704707,0.44135433435440063,5,18,10,1.7
41,7,15601,00:00:00.5010000,16,81,437,33554,33863,94179,128042,416927,544969,4.764200989449842,1.3255912564483554,0.170165553689003,5,16,9,1.6666666
41,8,16321,00:00:00.6440000,20,136,693,55626,56425,199679,256104,631848,887952,5.0356847517348005,1.221842861355825,0.03266115486621857,5,21,16,1.25
41,9,17193,00:00:00.9680000,21,265,1207,90221,92878,419371,512249,1052598,1564847,5.184846100131899,1.4929724316255157,0.029667874798178673,3,21,18,1.1111112
41,10,18217,00:00:01.6250000,38,425,2226,147575,154240,870165,1024405,1843879,2868284,5.450896154497713,2.5213669725767605,0.08149249851703644,3,39,33,1.1515151
41,11,19385,00:00:03.0380000,59,814,4194,240337,260064,1789089,2049153,3292495,5341648,5.9899349663181285,5.542571658020669,0.1741848886013031,5,60,48,1.2291666
41,12,20624,00:00:05.7230000,72,1464,7713,414598,461267,3636764,4098031,5755842,9853873,7.177407995214642,12.060665122867478,0.2869097888469696,6,73,53,1.3584906
41,13,21765,00:00:10.1200000,58,2486,13675,760358,840262,7354805,8195067,9229698,17424765,8.636344984862394,3.7926833320338975,0.2602559030056,6,58,40,1.425
41,14,22942,00:00:18.5430000,62,4341,24650,1295000,1452933,14940024,16392957,14895879,31288836,9.382776061776061,4.134055598944021,0.286243200302124,6,63,48,1.2916666
41,15,24234,00:00:45.4160000,79,8104,45659,2130205,2554453,30216469,32770922,24790195,57561117,10.395336129621327,11.123103206762227,0.3253895938396454,5,80,63,1.2539682
41,16,25566,00:02:10.7820000,86,14854,84860,3860227,4706418,60863376,65569794,40984308,106554102,12.017578758969355,12.232756765022229,0.2309824526309967,7,87,64,1.34375
41,17,26923,00:04:53.0270000,81,26944,158650,6992308,8656249,122470091,131126340,67421683,198548023,13.494252255478449,10.339325211218089,0.2359413206577301,6,82,60,1.35
41,18,28327,00:10:00.9010000,83,49166,298271,12092635,15862555,246281710,262144265,111139802,373284067,14.936130380185956,9.17632098368684,0.20357893407344818,6,84,59,1.4067796
41,19,29798,00:20:16.3180000,101,91763,565082,19957605,28879774,495487843,524367617,181902918,706270535,16.340924324336513,22.755758883541603,0.3278767168521881,6,102,69,1.4637681
41,20,31300,00:40:24.3030000,92,173268,1076783,40287043,56323360,992526164,1048849524,296902463,1345751987,18.692073553276174,18.7187283432326,0.37399962544441223,6,93,60,1.5333333
42,0,13328,00:00:00.1470000,5,5,17,768,768,235,1003,22086,23089,1.5442708333333333,2.1449861446134384,0.05610118806362152,2,5,3,1.3333334
42,1,14060,00:00:00.1750000,6,7,24,1303,1304,698,2002,28937,30939,1.9424405218726017,2.8445349108060274,0.03486279398202896,3,6,3,1.6666666
42,2,14634,00:00:00.1850000,11,13,35,2243,2245,1761,4006,38109,42115,2.3071778867588053,2.7305572423408373,0.08024413883686066,3,11,8,1.25
42,3,15202,00:00:00.1980000,10,15,53,3919,3925,4077,8002,52953,60955,2.623373309517734,1.9955323999949084,0.062313396483659744,3,10,7,1.2857143
42,4,15880,00:00:00.2340000,10,16,72,6409,6422,9581,16003,82454,98457,2.777500390076455,1.590083514218074,0.03510420396924019,3,10,7,1.2857143
42,5,16631,00:00:00.2620000,9,26,120,10873,10930,21074,32004,135452,167456,2.9032465740825897,1.3795150931273572,0.041889432817697525,3,9,6,1.3333334
42,6,17512,00:00:00.3170000,13,49,243,18050,18255,45760,64015,236701,300716,3.052299168975069,1.4249721965040136,0.07512974739074707,2,13,11,1.0909091
42,7,18506,00:00:00.4250000,23,93,445,29669,30110,97898,128008,421868,549876,3.2516094239778894,1.93820954887837,0.09561944007873535,2,23,21,1.0476191
42,8,19664,00:00:00.6900000,38,167,830,48626,49892,206173,256065,769426,1025491,3.571895693661827,3.7463708917614897,0.16354525089263916,3,38,32,1.15625
42,9,20893,00:00:01.1930000,65,301,1504,81053,84325,427958,512283,1356448,1868731,4.052632228295066,8.04744693531069,0.24677176773548126,4,66,52,1.25
42,10,22199,00:00:02.2340000,76,525,2741,135500,144359,879814,1024173,2360985,3385158,4.704619926199262,16.90472882666403,0.4696311056613922,4,76,57,1.3157895
42,11,23528,00:00:04.0180000,86,926,4965,233303,252867,1796079,2048946,4003126,6052072,5.755763963600982,17.41822128552962,0.3808724284172058,5,86,58,1.4655173
42,12,24792,00:00:07.0920000,60,1552,8603,417624,457863,3638521,4096384,6517696,10614080,7.151425684347643,7.734112334619162,0.24526290595531464,7,61,42,1.4285715
42,13,25993,00:00:12.2280000,53,2488,14747,740317,814888,7378595,8193483,10205399,18398882,8.264835198975574,5.723116787830849,0.21320858597755432,6,54,38,1.3947369
42,14,27193,00:00:34.9360000,58,4411,25792,1296678,1464618,14928178,16392796,15955466,32348262,9.510091171439633,4.543597857041241,0.13551148772239685,6,59,45,1.2888889
42,15,28432,00:01:22.4880000,60,7907,46363,2286006,2637328,30137601,32774929,25452127,58227056,10.80887189272469,5.3421918020747015,0.110154889523983,6,61,48,1.25
42,16,29713,00:02:51.6040000,57,14391,84612,3989772,4765980,60771860,65537840,41089920,106627760,12.095932298888258,4.140953620666909,0.1323617696762085,5,57,45,1.2444445
42,17,31088,00:05:46.2190000,77,26849,158277,6477820,8438612,122681145,131119757,67947041,199066798,13.138060335112739,8.693669295678966,0.13256071507930756,6,78,65,1.1846154
42,18,32564,00:11:37.7760000,108,49986,300331,10837028,15349634,246801999,262151633,113881316,376032949,14.60716766626422,26.222752339282877,0.32859739661216736,6,109,80,1.35
42,19,34030,00:22:33.3310000,89,92426,566758,22181498,30098719,494338500,524437219,184413858,708851077,17.0096885250942,11.485119762696844,0.3454081416130066,5,90,63,1.4126984
42,20,35459,00:42:24.4810000,79,169932,1074780,41858207,57021954,991903947,1048925901,294744708,1343670609,18.603259451605272,9.517690580477858,0.2777407765388489,6,80,59,1.338983
43,0,5426,00:00:00.0670000,4,4,12,753,753,248,1001,10406,11407,1.8539176626826028,1.3547210320926064,0,2,4,2,1.5
43,1,5984,00:00:00.0920000,6,7,18,1283,1284,717,2001,15585,17586,1.9049103663289166,1.2640413890713964,0,2,6,4,1.25
43,2,6722,00:00:00.1050000,3,6,33,2226,2230,1776,4006,27063,31069,1.9447439353099731,1.1479123195172372,0,2,3,1,2
43,3,7445,00:00:00.1370000,5,9,48,3754,3764,4247,8011,46108,54119,2.0213106020245073,1.1760501213137606,0.044780831784009933,2,5,3,1.3333334
43,4,8334,00:00:00.1670000,11,23,89,6231,6269,9742,16011,84863,100874,2.1295137217140105,1.3857033093860818,0.10354161262512207,2,11,9,1.1111112
43,5,9334,00:00:00.2220000,25,40,166,10486,10528,21481,32009,155393,187402,2.342170513065039,2.240020545714137,0.21908804774284363,3,25,20,1.2
43,6,10418,00:00:00.3150000,24,51,267,17414,17570,46435,64005,280039,344044,2.6363270931434477,4.410304838892471,0.38957974314689636,3,24,17,1.3529412
43,7,11542,00:00:00.4750000,39,109,491,29000,29514,98529,128043,489839,617882,3.054793103448276,8.229802320479305,0.4570041000843048,3,39,29,1.3103448
43,8,12730,00:00:00.7410000,50,177,888,49463,50676,205458,256134,843720,1099854,3.658593291955603,13.75477320638235,0.47883763909339905,4,50,34,1.4411764
43,9,13822,00:00:01.2360000,62,297,1500,86584,89089,423005,512094,1362575,1874669,4.818465305368197,6.932762216382684,0.2977454662322998,6,62,40,1.525
43,10,14827,00:00:01.9570000,46,517,2530,151081,159028,865269,1024297,2135825,3160122,5.905666496779873,2.6543040079908646,0.19113335013389587,6,47,29,1.5862069
43,11,15853,00:00:03.2150000,40,882,4304,260009,278136,1771040,2049176,3412784,5461960,6.806306704767912,4.042372228510803,0.1210043877363205,6,41,27,1.4814814
43,12,16903,00:00:05.4830000,47,1492,7545,450664,488281,3608069,4096350,5498455,9594805,7.828901354445884,3.906098622149018,0.10628196597099304,6,48,36,1.3055556
43,13,17960,00:00:09.4170000,59,2627,13501,770618,849482,7342827,8192309,8670805,16863114,8.699853883506485,5.469749884372554,0.11973877996206284,7,60,42,1.4047619
43,14,19059,00:00:16.7740000,61,4715,24266,1388838,1565602,14821353,16386955,13932072,30319027,10.354315622124394,8.216684591053989,0.14156672358512878,7,62,43,1.4186046
43,15,20116,00:00:35.8080000,59,8258,43982,2629968,2924352,29863784,32788136,22041785,54829921,11.972800049278167,4.619600517374097,0.07507336884737015,7,60,47,1.2553191
43,16,21237,00:01:41.8120000,53,15197,81513,4392015,5145961,60413739,65559700,35843623,101403323,12.91174142164815,6.350698003573821,0.13937261700630188,5,54,43,1.2325581
43,17,22472,00:04:02.4980000,80,27958,153358,7103069,9092530,121989241,131081771,60016854,191098625,13.955804596576494,10.617340826442048,0.22546878457069397,5,80,61,1.295082
43,18,23792,00:08:46.4940000,87,51185,290191,12091856,16560072,245611625,262171697,100676572,362848269,15.454226299089239,14.430782085850224,0.3607541024684906,5,87,60,1.4333333
43,19,25170,00:18:08.3920000,91,94241,553021,21678532,30351974,494011522,524363496,167093611,691457107,16.9170113548279,13.951563587474235,0.43075037002563477,6,92,62,1.467742
43,20,26618,00:36:42.3170000,85,175376,1061379,37911247,56618591,992201531,1048820122,278482381,1327302503,18.605655756984202,22.53396463971545,0.5857871174812317,5,86,54,1.574074
44,0,10704,00:00:00.1340000,4,4,17,769,769,232,1001,21982,22983,1.3342002600780234,1.8611064424005803,0.1432262808084488,2,4,2,1.5
44,1,11683,00:00:00.1680000,4,4,26,1289,1289,716,2005,30635,32640,1.6570985259891389,1.9696792407876897,0.17995497584342957,2,4,2,1.5
44,2,12419,00:00:00.1820000,5,7,33,2193,2196,1808,4004,42257,46261,1.7970816233470133,1.682635177326183,0.18664897978305817,2,5,3,1.3333334
44,3,13291,00:00:00.2210000,8,10,51,3649,3652,4355,8007,65112,73119,1.9262811729240887,1.429534773681553,0.3190918266773224,2,8,6,1.1666666
44,4,14222,00:00:00.2540000,14,22,85,6202,6220,9782,16002,105517,121519,2.0593356981618833,1.589492668330191,0.2923789918422699,2,14,12,1.0833334
44,5,15274,00:00:00.3110000,21,39,161,10418,10482,21526,32008,179644,211652,2.239585333077366,2.033739352541871,0.2793470621109009,3,21,17,1.1764706
44,6,16408,00:00:00.4140000,29,64,291,17349,17511,46517,64028,309251,373279,2.64660787365266,4.551759460194317,0.3128162920475006,4,29,22,1.2727273
44,7,17512,00:00:00.5740000,30,103,496,29598,30072,97988,128060,513680,641740,3.3146834245557133,10.5461895845157,0.3525940477848053,4,31,23,1.3043479
44,8,18554,00:00:00.8390000,38,171,806,50355,51526,204619,256145,823305,1079450,3.9476715321219342,7.8639425719597735,0.3006212115287781,5,39,27,1.4074074
44,9,19621,00:00:01.2610000,43,285,1436,85097,87981,424043,512024,1333871,1845895,4.622066582840758,4.536632475625159,0.2136455923318863,6,44,32,1.34375
44,10,20741,00:00:02.0860000,48,502,2505,144145,151751,872848,1024599,2199899,3224498,5.319782163793403,3.567797949068481,0.20147667825222015,6,49,38,1.2631578
44,11,21920,00:00:03.5860000,55,893,4472,241611,260368,1787645,2048013,3662031,5710044,6.069616035693739,3.9637801423778476,0.1306590437889099,5,56,44,1.25
44,12,23136,00:00:06.3790000,56,1520,8097,416868,463019,3634189,4097208,6086880,10184088,7.236204266098621,5.397107006509882,0.14911343157291412,5,57,43,1.3023256
44,13,24302,00:00:11.2370000,63,2629,14188,740397,825813,7368444,8194257,9641524,17835781,8.400208266646137,4.94725520395833,0.17719824612140656,6,63,45,1.3777778
44,14,25472,00:00:32.7140000,69,4667,25261,1300010,1485421,14906699,16392120,15237320,31629440,9.672937900477688,5.81440146215406,0.13744676113128662,7,70,50,1.38
44,15,26673,00:01:19.2890000,70,8266,45817,2294584,2685652,30083112,32768764,24428914,57197678,11.00676811134393,7.682021655486638,0.17965243756771088,6,71,52,1.3461539
44,16,27937,00:02:47.2930000,76,14744,84386,3919202,4777310,60775433,65552743,39872704,105425447,12.095732498605583,6.53082544281837,0.3366532623767853,6,77,59,1.2881356
44,17,29281,00:05:36.1580000,82,27345,157544,6901510,8796573,122323005,131119578,66043299,197162877,13.749092155195022,6.4634296665518844,0.19789615273475647,6,83,65,1.2615385
44,18,30618,00:10:45.5070000,62,49769,295267,12892359,16398247,245749969,262148216,107277697,369425913,15.32273054140053,3.176728823444208,0.10106303542852402,7,63,46,1.3478261
44,19,32033,00:21:09.6330000,98,92832,560486,21453387,29959949,494471873,524431822,175541214,699973036,16.761743588553173,18.9359151393087,0.44208747148513794,5,99,71,1.3802817
44,20,33457,00:40:49.0720000,85,175155,1067589,41990220,58019196,990866090,1048885286,285094411,1333979697,18.949830674857147,13.933011862352515,0.6502975225448608,8,86,58,1.4655173
45,0,8101,00:00:00.1100000,3,3,19,772,772,230,1002,18306,19308,1.5971502590673574,1.9734961082602789,0.07534880191087723,1,3,2,1
45,1,8938,00:00:00.1440000,7,7,32,1318,1318,691,2009,25857,27866,1.7738998482549317,1.8681283338878245,0.24731579422950745,2,7,5,1.2
45,2,9754,00:00:00.1610000,6,9,47,2241,2244,1764,4008,38843,42851,2.036590807675145,1.6836254249305869,0.289416640996933,2,6,4,1.25
45,3,10461,00:00:00.1800000,11,15,59,3830,3837,4168,8005,57377,65382,2.364490861618799,2.55827815675842,0.24993380904197693,3,11,8,1.25
45,4,11166,00:00:00.2060000,12,25,98,6540,6574,9435,16009,87641,103650,2.741131498470948,4.235751367708446,0.2799655795097351,3,12,8,1.375
45,5,11904,00:00:00.2630000,17,35,152,10955,11017,21030,32047,139858,171905,3.1535371976266546,5.122473392753643,0.2726965844631195,4,17,11,1.4545455
45,6,12670,00:00:00.3270000,24,57,253,18714,18833,45188,64021,228068,292089,3.555573367532329,4.0400970830433645,0.24368704855442047,4,25,16,1.5
45,7,13496,00:00:00.4390000,28,97,432,30893,31457,96546,128003,380578,508581,3.8890363512769883,3.185937561221483,0.21885241568088531,5,29,19,1.4736842
45,8,14399,00:00:00.6450000,38,163,737,52003,53177,202829,256006,649169,905175,4.277637828586812,3.798040300254812,0.2351938784122467,5,39,27,1.4074074
45,9,15392,00:00:01.0300000,50,300,1326,86903,89934,422214,512148,1124403,1636551,4.8169223156853045,7.422934799673575,0.38766759634017944,5,51,32,1.5625
45,10,16451,00:00:01.7740000,60,501,2373,147966,154389,869977,1024366,1941363,2965729,5.540583647594718,7.593146171992081,0.3283049762248993,5,61,42,1.4285715
45,11,17577,00:00:03.1230000,61,850,4318,248886,264491,1784350,2048841,3335428,5384269,6.2523806079892,6.701294469538818,0.3102196455001831,5,62,43,1.4186046
45,12,18794,00:00:05.8360000,68,1477,7847,414534,454220,3643861,4098081,5767053,9865134,6.977196080418012,9.76196966162256,0.3916052281856537,5,69,49,1.3877552
45,13,20101,00:00:11.1970000,78,2714,14624,687192,783513,7411915,8195428,9899789,18095217,7.8028309409888355,11.851395341152365,0.5372244715690613,4,79,59,1.3220339
45,14,21399,00:00:31.2710000,85,4670,26095,1182348,1394249,14993903,16388152,16060280,32448432,8.97194903700095,10.81242297820533,0.5320664644241333,5,86,62,1.3709677
45,15,22737,00:01:23.4060000,83,8217,47521,2123013,2519901,30259442,32779343,26245557,59024900,10.309846901549825,6.964120721228784,0.23797708749771118,5,84,61,1.3606558
45,16,24116,00:03:02.3760000,78,14657,87145,3738816,4546150,60991489,65537639,43008541,108546180,11.582401754994095,8.563269839715918,0.23488324880599976,6,79,57,1.3684211
45,17,25585,00:06:13.7200000,105,26604,162608,6135051,8112419,122973767,131086186,71595135,202681321,12.722474678694603,12.961217025041071,0.2817535698413849,7,106,71,1.4788733
45,18,27100,00:12:15.7290000,110,49198,305048,11353898,15371368,246820638,262192006,118564614,380756620,14.740155055118516,21.385116057651736,0.39929550886154175,7,111,71,1.5492958
45,19,28561,00:23:05.1720000,74,90406,570793,22533805,29672918,494633552,524306470,189036014,713342484,16.742209360558505,10.082216184754236,0.40309861302375793,6,75,54,1.3703704
45,20,30047,00:43:58.7930000,81,169836,1083475,38152567,55124988,993737261,1048862249,303524146,1352386395,18.209787876134257,6.906993894882936,0.35247504711151123,5,82,59,1.3728814
46,0,9736,00:00:00.1080000,3,3,16,734,734,267,1001,25540,26541,1.0204359673024523,1.0417629114065925,0,1,3,2,1
46,1,10848,00:00:00.1410000,2,6,23,1278,1282,721,2003,35520,37523,1.1338028169014085,1.301743102219809,0,1,2,1,1
46,2,11812,00:00:00.1570000,5,7,38,2140,2142,1862,4004,50537,54541,1.3621495327102804,1.8748398324764397,0.027452021837234497,2,5,3,1.3333334
46,3,12827,00:00:00.1830000,6,10,65,3612,3622,4381,8003,77052,85055,1.6481173864894796,2.2036062919001402,0.024540690705180168,2,6,4,1.25
46,4,13766,00:00:00.2320000,6,14,102,6135,6152,9867,16019,117170,133189,1.9424612876935616,2.1481810346334895,0.055517517030239105,2,6,4,1.25
46,5,14768,00:00:00.2870000,16,40,178,10505,10569,21446,32015,187236,219251,2.2894811994288435,2.392593633167529,0.05567939579486847,3,16,13,1.1538461
46,6,15804,00:00:00.3790000,18,60,289,17456,17643,46385,64028,305465,369493,2.754411090742438,2.667059284548455,0.07221528887748718,3,18,14,1.2142857
46,7,16874,00:00:00.5320000,19,100,532,29460,30006,98017,128023,503598,631621,3.1704684317718943,3.0716992175829874,0.2401684820652008,3,19,15,1.2
46,8,18009,00:00:00.8350000,32,170,886,48819,50270,205878,256148,841387,1097535,3.6403244638358014,4.968143887823092,0.2579638659954071,3,32,25,1.24
46,9,19208,00:00:01.3280000,52,291,1520,81574,84679,427378,512057,1415097,1927154,4.10279010469022,6.785696831347377,0.26656705141067505,4,52,41,1.2439024
46,10,20504,00:00:02.3160000,68,506,2719,136455,144107,879978,1024085,2411841,3435926,4.725389322487267,14.121904346382758,0.32842278480529785,5,69,54,1.2592592
46,11,21845,00:00:04.1300000,77,856,4924,231870,250414,1798469,2048883,4069086,6117969,5.577728899814551,14.265307713606285,0.3048492968082428,6,78,56,1.375
46,12,23230,00:00:07.4860000,76,1530,8787,391999,433391,3663990,4097381,6824681,10922062,6.420957706524762,12.274336805742122,0.3575100898742676,5,77,53,1.4339622
46,13,24668,00:00:14.9970000,71,2637,15704,673523,767342,7425986,8193328,11434161,19627489,7.542395731103467,13.314303604085525,0.42570948600769043,5,72,50,1.42
46,14,26020,00:00:45.9140000,79,4643,27447,1174472,1370383,15021575,16391958,17868760,34260718,8.772174219564196,14.725164313544745,0.3214128911495209,6,80,55,1.4363636
46,15,27404,00:01:43.6930000,94,7978,48979,2046285,2460915,30308954,32769869,28403218,61173087,10.028038616321773,14.409847299866971,0.3740558922290802,5,95,63,1.4920635
46,16,28835,00:03:30.8950000,95,14446,89081,3598941,4473717,61063745,65537462,45782758,111320220,11.432157681940327,22.797168897188158,0.5439322590827942,6,96,61,1.5573771
46,17,30301,00:06:48.6400000,91,26531,164628,6298873,8186025,122901557,131087582,74275221,205362803,12.864102832363821,15.960111869521338,0.5352780222892761,7,92,60,1.5166667
46,18,31836,00:12:58.9570000,97,48263,307314,10658293,14954609,247296864,262251473,121943217,384194690,14.323999161967118,15.05128069302103,0.3777344226837158,5,98,70,1.3857143
46,19,33369,00:24:33.3960000,88,89520,575775,20551167,28629888,495748592,524378480,196041242,720419722,16.344146149948564,10.611876702513651,0.25521624088287354,6,89,63,1.3968254
46,20,34915,00:46:26.9290000,94,167759,1089338,37573118,54269591,994563564,1048833155,314698542,1363531697,18.177574057069204,27.50224201769961,0.31495213508605957,7,95,62,1.516129
47,0,7160,00:00:00.0820000,5,5,12,749,749,253,1002,11548,12550,1.985313751668892,1.1486436619989067,0,2,5,3,1.3333334
47,1,7696,00:00:00.1090000,4,5,16,1311,1312,691,2003,16452,18455,2.045766590389016,1.1464918967935067,0.04745740443468094,2,4,2,1.5
47,2,8296,00:00:00.1200000,3,5,24,2194,2197,1808,4005,26108,30113,2.0752051048313582,1.1645654567084975,0.06084659323096275,1,3,2,1
47,3,9015,00:00:00.1530000,6,8,45,3742,3744,4258,8002,44738,52740,2.140566541956173,1.3299996553506632,0.05234032869338989,1,6,5,1
47,4,9839,00:00:00.1800000,8,23,86,6254,6301,9713,16014,79859,95873,2.2905340582027502,1.7682545243721475,0.09110493957996368,2,8,6,1.1666666
47,5,10753,00:00:00.2260000,11,35,161,10519,10588,21432,32020,143894,175914,2.53341572392813,2.362898663036985,0.13553160429000854,2,11,9,1.1111112
47,6,11718,00:00:00.3000000,15,35,254,17788,17883,46134,64017,254168,318185,2.8063863278614796,2.44825654042457,0.20651888847351074,2,15,12,1.1666666
47,7,12834,00:00:00.4450000,25,97,486,29051,29532,98476,128008,461212,589220,3.0912188909159752,2.5968180423597427,0.21626369655132294,3,25,21,1.1428572
47,8,14032,00:00:00.7400000,40,150,868,48785,49803,206325,256128,820574,1076702,3.5063031669570566,4.432677858681044,0.24266718327999115,3,40,35,1.1142857
47,9,15278,00:00:01.2570000,45,289,1557,79950,83538,428620,512158,1416661,1928819,3.9753595997498437,7.603625912219415,0.30111798644065857,3,45,37,1.1891892
47,10,16628,00:00:02.3160000,68,502,2820,133196,142181,882276,1024457,2455672,3480129,4.551938496651551,10.493683001350325,0.3269469141960144,4,69,52,1.3076923
47,11,18034,00:00:04.2710000,76,884,5009,227147,248105,1800097,2048202,4189563,6237765,5.483559104896829,11.911955651172734,0.32317695021629333,5,77,57,1.3333334
47,12,19348,00:00:07.5130000,56,1472,8676,413981,452990,3643947,4096937,6790589,10887526,7.012157562786698,4.139446544877307,0.40458279848098755,5,57,39,1.4358975
47,13,20607,00:00:15.1420000,49,2527,15008,716465,794880,7401048,8195928,10703030,18898958,7.953390605263341,3.570608091330665,0.15613818168640137,4,50,36,1.3611112
47,14,21899,00:00:41.5230000,74,4461,26633,1211570,1391340,14999523,16390863,16873543,33264406,8.916542172552969,7.358906363910127,0.16414302587509155,6,75,57,1.2982457
47,15,23214,00:01:35.1740000,80,8039,47801,2209660,2593649,30183734,32777383,26890454,59667837,10.677496537928912,8.522526230319835,0.19834378361701965,7,80,59,1.338983
47,16,24503,00:03:08.6070000,65,14420,86668,4022394,4759345,60787899,65547244,42613037,108160281,12.097229908358058,3.199301323472525,0.21221759915351868,6,66,49,1.3265306
47,17,25843,00:06:02.7010000,61,26953,160494,7082198,8802950,122299367,131102317,68731118,199833435,13.709112058149179,6.026540179866811,0.13901552557945251,6,62,46,1.326087
47,18,27205,00:11:23.6290000,65,49356,299379,12555030,16112794,246064162,262176956,110951580,373128536,15.095110644896906,4.03625112686432,0.11315733939409256,6,66,52,1.25
47,19,28663,00:22:09.7520000,93,92271,565201,19732790,28934019,495444615,524378634,181151016,705529650,16.286966668170088,11.173904306190687,0.265278160572052,5,94,70,1.3285714
47,20,30209,00:43:51.2800000,118,172740,1080436,32670002,53681959,995100099,1048782058,299506634,1348288692,18.031448574750623,18.427976436466814,0.3826161026954651,6,119,78,1.5128205
48,0,8339,00:00:00.0970000,5,5,17,734,734,268,1002,19677,20679,1.0667574931880108,1.0863724165955317,0.22464832663536072,2,5,3,1.3333334
48,1,9221,00:00:00.1290000,4,4,23,1287,1287,716,2003,27752,29755,1.6231546231546232,1.848425997354298,0.2165498435497284,2,4,2,1.5
48,2,9843,00:00:00.1410000,5,8,34,2243,2247,1756,4003,37419,41422,2.2478823004904145,2.4850636800316845,0.27294206619262695,1,5,4,1
48,3,10399,00:00:00.1550000,7,12,51,3862,3868,4133,8001,51829,59830,2.66468151216986,2.0460945720950274,0.3262823224067688,2,7,5,1.2
48,4,11002,00:00:00.1930000,12,20,81,6622,6644,9375,16019,77561,93580,2.89685895499849,1.7115219546590243,0.3822430372238159,2,12,9,1.2222222
48,5,11731,00:00:00.2290000,15,39,152,10936,11011,20996,32007,129386,161393,3.0294440380395025,1.8062845801329193,0.48654693365097046,2,15,12,1.1666666
48,6,12579,00:00:00.2990000,24,56,262,18072,18258,45752,64010,227632,291642,3.157647189021691,2.1968961537119442,0.4254976809024811,3,24,19,1.2105263
48,7,13559,00:00:00.4330000,28,87,437,29958,30374,97632,128006,410371,538377,3.395019694238601,3.5490914334343184,0.3904993236064911,3,29,22,1.2727273
48,8,14595,00:00:00.6720000,36,173,799,50155,51427,204627,256054,716815,972869,3.884119230385804,8.872195829835414,0.44331255555152893,4,37,27,1.3333334
48,9,15678,00:00:01.0940000,57,261,1415,85146,87524,424482,512006,1234223,1746229,4.543067202217368,11.293916247899062,0.3575703799724579,4,58,44,1.2954545
48,10,16826,00:00:01.8920000,63,485,2493,142372,149741,874794,1024535,2118761,3143296,5.15075998089512,10.45020497792334,0.30278831720352173,4,64,50,1.26
48,11,18082,00:00:03.5680000,77,886,4664,233625,252035,1796153,2048188,3674497,5722685,5.669607276618512,15.732921673852115,0.4368985593318939,5,78,56,1.375
48,12,19443,00:00:06.8050000,90,1583,8544,394249,442189,3653980,4096169,6380228,10476397,6.687352409264196,21.961817472552276,0.5170590281486511,5,91,65,1.3846154
48,13,20637,00:00:11.8930000,62,2575,14690,755381,838936,7356063,8194999,10029438,18224437,8.668963079558527,3.34372208314669,0.2261119782924652,7,63,41,1.5121951
48,14,21808,00:00:24.8730000,53,4455,25865,1294754,1457293,14935746,16393039,15663689,32056728,9.428461313886654,3.952599790069864,0.297993928194046,5,54,43,1.2325581
48,15,23077,00:01:11.7000000,63,8064,46829,2197907,2593276,30190662,32783938,25386790,58170728,10.593679350400176,6.687171958738198,0.3330872058868408,4,64,52,1.2115384
48,16,24414,00:02:44.2060000,82,14722,86523,3705454,4593967,60954761,65548728,41679690,107228418,11.653098378768162,9.792306582912373,0.26264330744743347,5,83,63,1.3015873
48,17,25860,00:05:47.9010000,106,26795,161404,6045452,8227228,122871369,131098597,69843484,200942081,12.895797535072646,22.881988269416933,0.38796383142471313,6,107,78,1.3589743
48,18,27359,00:11:38.2990000,102,49346,303977,10969981,15279633,246970214,262249847,116393851,378643698,14.622251761420554,15.02793644726942,0.3162424564361572,6,103,71,1.4366198
48,19,28865,00:22:24.1740000,101,90496,571732,20599661,28811615,495570099,524381714,189058976,713440690,16.36068734334997,18.739545816646196,0.343671590089798,6,102,71,1.4225352
48,20,30388,00:43:02.5550000,102,169471,1086259,38310123,54896193,994039775,1048935968,305975979,1354911947,18.293242415327146,12.952961316962062,0.4347425103187561,6,103,66,1.5454545
4,0,9394,00:00:00.2600000,3,3,15,755,755,246,1001,22145,23146,1.5059602649006623,2.005174415787897,0,2,3,1,2
4,1,10127,00:00:00.2930000,3,3,20,1295,1295,706,2001,28906,30907,1.6463320463320463,1.856983393366259,0,2,3,1,2
4,2,10814,00:00:00.3120000,4,5,27,2268,2269,1736,4005,39213,43218,1.7707231040564373,1.5914815461032588,0,2,4,2,1.5
4,3,11600,00:00:00.3770000,4,9,49,3697,3704,4297,8001,59704,67705,1.8950500405734378,1.372755807231674,0.014034472405910492,2,4,2,1.5
4,4,12561,00:00:00.4230000,8,14,86,6147,6169,9835,16004,101133,117137,2.04099560761347,1.3736657899527316,0.06481331586837769,2,8,6,1.1666666
4,5,13629,00:00:00.4980000,15,31,167,10262,10315,21690,32005,176231,208236,2.2335801987916586,1.8520641839084837,0.15120837092399597,2,15,13,1.0769231
4,6,14749,00:00:00.6580000,24,55,294,17215,17378,46658,64036,304778,368814,2.533488237002614,3.4135610027387178,0.11535560339689255,3,24,21,1.0952381
4,7,15965,00:00:00.9010000,31,107,546,28647,29250,98794,128044,530011,658055,2.844625964324362,5.047518042056363,0.4547443389892578,2,31,26,1.1538461
4,8,17314,00:00:01.3390000,52,178,962,47356,48708,207369,256077,936546,1192623,3.181750992482473,6.59178183655798,0.49065184593200684,3,52,39,1.3076923
4,9,18686,00:00:02.1570000,65,286,1659,79521,82266,429941,512207,1589869,2102076,3.8491844921467284,14.775193869965326,0.48951029777526855,3,65,47,1.3617021
4,10,20034,00:00:03.5150000,74,539,2921,134389,142126,882004,1024130,2624309,3648439,4.6395463914457284,11.737681672831993,0.4648003578186035,5,75,50,1.48
4,11,21426,00:00:06.0010000,73,876,5052,228757,247290,1801512,2048802,4346837,6395639,5.487290006426033,10.874670893261474,0.3868831396102905,6,74,53,1.3773584
4,12,22737,00:00:10.0830000,65,1496,8796,416897,454914,3641811,4096725,6941876,11038601,7.04786793860354,5.250447494561992,0.23721322417259216,5,66,49,1.3265306
4,13,23954,00:00:21.9950000,50,2621,15248,726700,809703,7386510,8196213,10687855,18884068,8.192072382000825,9.226184721703435,0.16327227652072906,5,51,41,1.2195122
4,14,25188,00:00:52.2760000,66,4414,26324,1264680,1434262,14950496,16384758,16587077,32971835,9.29544232533131,14.82032817303107,0.393158882856369,5,66,48,1.3541666
4,15,26399,00:01:44.7200000,55,8140,46986,2407297,2736819,30049318,32786137,25821850,58607987,11.280375873853538,5.608251598451409,0.2435557246208191,6,56,38,1.4473684
4,16,27632,00:03:18.2960000,55,14625,85522,4067458,4806614,60757265,65563879,40942221,106506100,12.125164414727823,3.890595183935489,0.2754618227481842,5,56,43,1.2790698
4,17,29005,00:06:26.1740000,81,26930,159427,6347389,8512610,122575922,131088532,67747194,198835726,13.264183587928832,12.411781855954915,0.4124859571456909,5,81,66,1.2121212
4,18,30378,00:12:08.7610000,74,50528,297610,12809104,16728804,245488522,262217326,109996769,372214095,15.714922526977688,8.512700736524385,0.2090694010257721,7,75,50,1.48
4,19,31633,00:21:42.2110000,58,94148,556585,27965726,33891038,490469990,524361028,170770942,695131970,18.22153878644166,6.7782338382453124,0.1346585750579834,8,59,44,1.3181819
4,20,32892,00:39:37.2150000,67,177994,1054741,48063447,62659241,986322737,1048981978,268050376,1317032354,19.61179750590922,10.319275537797498,0.14755383133888245,8,68,48,1.3958334
49,0,7032,00:00:00.0830000,2,2,16,741,741,261,1002,17159,18161,1.001349527665317,1.0027026598080386,0,1,2,1,1
49,1,8288,00:00:00.1120000,3,6,29,1289,1292,712,2004,28456,30460,1.004654771140419,1.0093626727820324,0,1,3,2,1
49,2,9341,00:00:00.1420000,3,4,38,2132,2133,1871,4004,44780,48784,1.0112570356472796,1.0228296217665405,0,1,3,2,1
49,3,10769,00:00:00.1990000,5,8,80,3524,3528,4474,8002,81986,89988,1.11577752553916,1.253785065380591,0.03214709833264351,2,5,3,1.3333334
49,4,12449,00:00:00.2680000,8,12,134,6017,6024,10000,16024,153616,169640,1.4605285025760346,2.215195379364856,0.11292243748903275,2,8,6,1.1666666
49,5,13663,00:00:00.3430000,15,27,207,10331,10368,21634,32002,237411,269413,2.0796631497434905,3.8204367426210637,0.18377427756786346,3,15,10,1.4
49,6,14752,00:00:00.4580000,19,58,333,17440,17582,46433,64015,361250,425265,2.648795871559633,2.8998666602554124,0.1853814274072647,3,19,13,1.3846154
49,7,15905,00:00:00.6140000,30,98,555,29060,29479,98601,128080,575606,703686,3.041844459738472,2.492839936963527,0.16214068233966827,5,30,21,1.3809524
49,8,17087,00:00:00.9290000,36,181,965,48908,50082,206084,256166,927470,1183636,3.601128649709659,4.37851877783505,0.17019937932491302,5,37,28,1.2857143
49,9,18178,00:00:01.4210000,40,284,1592,86806,89640,422663,512303,1445951,1958254,4.84746446098196,5.369581904614922,0.1559964418411255,6,41,31,1.2903225
49,10,19194,00:00:02.1760000,39,482,2615,150440,157169,866960,1024129,2229881,3254010,5.771895772400957,2.2307826026907125,0.2056567370891571,6,40,28,1.3928572
49,11,20290,00:00:03.6030000,46,862,4512,249376,265296,1783330,2048626,3592010,5640636,6.256199473886822,2.4840946283789793,0.23770105838775635,5,47,34,1.3529412
49,12,21519,00:00:06.3590000,72,1537,8093,408807,451476,3645445,4096921,6046494,10143415,6.873473301582409,7.838220711406118,0.37215590476989746,4,73,53,1.3584906
49,13,22851,00:00:12.6300000,96,2577,14637,675072,777906,7414710,8192616,10284474,18477090,7.66852128365567,17.746782238516538,0.3798363506793976,4,97,69,1.3913044
49,14,24206,00:00:39.9710000,123,4591,26328,1101610,1344529,15045847,16390376,16702232,33092608,8.511126442207315,22.06612133727749,0.4121292531490326,6,124,83,1.4819278
49,15,25657,00:01:37.8420000,117,8096,48120,1872244,2383486,30391632,32775118,27720429,60495547,9.679713755258396,15.290715667741804,0.5165359377861023,5,118,87,1.3448275
49,16,27178,00:03:28.8960000,127,14536,89161,3369928,4304143,61254883,65559026,46160789,111719815,11.000064393067152,18.716378180611233,0.4509616196155548,6,128,83,1.5301205
49,17,28714,00:06:52.2360000,93,26081,165137,6124773,7993132,123092780,131085912,75898136,206984048,12.650869836318831,13.885952922840035,0.35788366198539734,6,94,64,1.453125
49,18,30286,00:13:21.0900000,103,47276,308795,10818974,14719465,247495734,262215199,124648621,386863820,14.146264701255406,24.526111929103664,0.46084100008010864,5,104,72,1.4305556
49,19,31887,00:25:36.6460000,107,88682,581315,19174397,27556535,496807707,524364242,202302788,726667030,15.885333499666247,24.432796169487208,0.5646620392799377,5,108,71,1.5070423
49,20,33436,00:47:45.6950000,95,168027,1096287,41174482,55880591,993068471,1048949062,320766292,1369715354,18.58856922595893,10.12949435672297,0.36252984404563904,6,96,60,1.5833334
5,0,9047,00:00:00.1020000,5,5,18,766,766,235,1001,19080,20081,1.4908616187989556,2.7004848789066553,0.3009427785873413,1,5,4,1
5,1,9927,00:00:00.1340000,5,5,25,1320,1320,682,2002,27063,29065,1.8189393939393939,2.6838277738668244,0.47135376930236816,1,5,4,1
5,2,10600,00:00:00.1460000,5,9,32,2186,2191,1810,4001,37663,41664,1.9258920402561757,2.4588112632322554,0.5781748294830322,1,5,4,1
5,3,11450,00:00:00.1670000,8,14,51,3710,3718,4286,8004,59891,67895,1.976010781671159,2.384935839781037,0.6296217441558838,2,8,5,1.4
5,4,12399,00:00:00.2170000,11,20,89,6308,6331,9670,16001,100380,116381,2.0296448953709576,2.5358501939108256,0.6670976281166077,2,11,8,1.25
5,5,13476,00:00:00.2710000,21,41,160,10222,10286,21737,32023,176945,208968,2.130894149872823,2.8415360974159256,0.6274217963218689,2,21,18,1.1111112
5,6,14698,00:00:00.3900000,29,54,311,17215,17303,46703,64006,317268,381274,2.37914609352309,4.529386672350378,0.6171683669090271,3,30,25,1.16
5,7,15976,00:00:00.6160000,38,117,581,28557,29036,99013,128049,554339,682388,2.8029554925237243,9.110377575009094,0.6090403199195862,3,39,31,1.2258065
5,8,17294,00:00:00.9850000,50,175,1011,47855,49026,207056,256082,950844,1206926,3.349117124647372,9.742577259114958,0.5553697347640991,4,51,38,1.3157895
5,9,18598,00:00:01.5970000,58,280,1672,79275,82748,429300,512048,1574134,2086182,3.875849889624724,6.362142504725782,0.544937789440155,5,59,43,1.3488373
5,10,19982,00:00:02.7040000,64,534,2891,131856,141285,882885,1024170,2637192,3661362,4.534226732192695,9.183753078327525,0.44119590520858765,5,65,48,1.3333334
5,11,21359,00:00:04.7300000,66,868,5013,230520,251403,1796901,2048304,4333122,6381426,5.710515356585112,12.96879826519564,0.43171775341033936,6,67,47,1.4042553
5,12,22627,00:00:07.9140000,49,1520,8689,417927,458099,3639202,4097301,6850884,10948185,7.085464686416527,6.243859477359066,0.3496400713920593,5,50,34,1.4411764
5,13,23845,00:00:13.6870000,54,2568,15027,730135,809999,7386164,8196163,10594477,18790640,8.154739876872085,6.295823973006642,0.27537772059440613,6,55,41,1.3170732
5,14,25083,00:00:36.6170000,66,4524,26308,1235920,1425226,14963305,16388531,16516052,32904583,9.175802640947634,5.684104917023781,0.2947632670402527,5,67,52,1.2692307
5,15,26388,00:01:29.4360000,74,7992,47245,2125170,2559997,30222341,32782338,26481661,59263999,10.461642598003925,16.44818686154922,0.24950577318668365,6,75,53,1.3962264
5,16,27682,00:03:03.1310000,76,14725,86243,4059947,4853857,60712572,65566429,42212622,107779051,12.371633176492205,4.136305632323291,0.20077817142009735,6,77,53,1.4339622
5,17,29001,00:05:56.0960000,69,26435,159283,6927756,8674194,122415167,131089361,67993046,199082407,13.447688544457975,3.925515161352461,0.28848797082901,5,70,52,1.3269231
5,18,30417,00:11:35.3700000,104,49447,299373,11833888,15892933,246271389,262164322,112058965,374223287,15.02034107471695,12.672923563087826,0.4104594886302948,5,105,74,1.4054054
5,19,31847,00:22:21.1640000,85,92208,563283,21641882,29754518,494603484,524358002,180847762,705205764,16.728465343263586,10.995369306363806,0.45448920130729675,5,86,61,1.3934426
5,20,33316,00:43:08.9630000,88,173124,1072766,39700668,56644283,992141542,1048785825,293789219,1342575044,18.68205819609887,15.813199585244577,0.3528383672237396,6,89,62,1.4193548
6,0,7604,00:00:00.0920000,5,5,20,755,755,246,1001,17095,18096,1.3655629139072847,1.9858660424628878,0.16603320837020874,2,5,3,1.3333334
6,1,8461,00:00:00.1240000,6,6,25,1322,1322,679,2001,25026,27027,1.6906202723146748,3.0001202181173583,0.31165748834609985,2,6,4,1.25
6,2,9137,00:00:00.1380000,9,10,36,2229,2230,1773,4003,35952,39955,1.9977568416330194,4.022739245313764,0.36953994631767273,2,9,7,1.1428572
6,3,9795,00:00:00.1540000,9,13,55,3855,3863,4149,8012,52757,60769,2.2412451361867705,4.789218030531931,0.34873977303504944,3,9,5,1.6
6,4,10460,00:00:00.1750000,11,16,73,6600,6606,9400,16006,80888,96894,2.5454545454545454,5.143764509033771,0.375262975692749,3,11,7,1.4285715
6,5,11261,00:00:00.2330000,14,38,153,10718,10792,21216,32008,136945,168953,2.7996827766374324,4.722671078592147,0.38489609956741333,3,14,9,1.4444444
6,6,12149,00:00:00.3070000,22,64,267,18106,18311,45729,64040,238862,302902,3.0791450347950957,4.85791689499619,0.3792486786842346,3,22,17,1.2352941
6,7,13150,00:00:00.4490000,27,86,446,29787,30230,97812,128042,425508,553550,3.362809279215765,6.320947123345428,0.3174896836280823,4,28,22,1.2272727
6,8,14227,00:00:00.6650000,41,168,789,49861,50878,205245,256123,745728,1001851,3.709733057900965,7.663799848289168,0.31308621168136597,5,42,30,1.3666667
6,9,15411,00:00:01.1600000,57,313,1449,82609,85677,426530,512207,1311682,1823889,4.22351075548669,9.47340600214938,0.5176913142204285,4,58,43,1.3255814
6,10,16607,00:00:02.0250000,59,479,2519,142755,151192,873336,1024528,2230507,3255035,5.322174354663584,11.763736335548787,0.5107240080833435,5,60,37,1.5945946
6,11,17724,00:00:03.4460000,52,881,4436,251654,269427,1778712,2048139,3613957,5662096,6.4634577634371,3.8714658169135787,0.48644644021987915,4,53,37,1.4054054
6,12,18892,00:00:06.0650000,55,1435,7886,423213,464086,3632667,4096753,5951592,10048345,7.18054029531229,3.207048039138151,0.2945389449596405,4,56,45,1.2222222
6,13,20109,00:00:10.9880000,74,2603,14123,730372,814859,7377622,8192481,9704391,17896872,8.309936580263209,9.816642253374722,0.2456432580947876,6,75,57,1.2982457
6,14,21217,00:00:31.1450000,41,4564,24776,1416074,1569614,14817815,16387429,14994661,31382090,10.39416089837113,7.083215447565968,0.28493961691856384,5,41,28,1.4285715
6,15,22327,00:01:11.9490000,29,8073,44800,2460722,2777795,30006750,32784545,23537495,56322040,11.32566254944687,5.334750449936397,0.31634023785591125,5,29,19,1.4736842
6,16,23567,00:02:36.2980000,62,14785,83473,3854641,4782891,60770083,65552974,38743050,104296024,12.036365773103125,5.581394419598863,0.23411403596401215,6,63,50,1.24
6,17,24931,00:05:28.1930000,97,27342,157154,6261233,8558823,122555444,131114267,65353181,196467448,13.334547045286447,18.110322607381466,0.3447422683238983,6,98,76,1.2763158
6,18,26369,00:11:04.6570000,112,50192,297743,11064961,15509720,246720360,262230080,110196975,372427055,14.700267357471933,19.635048169872494,0.3441441059112549,6,113,85,1.3176471
6,19,27896,00:22:23.8530000,124,91506,565514,17456185,28048143,496254483,524302626,183601208,707903834,15.99013982723029,29.884790145042338,0.4793687164783478,5,125,83,1.4939759
6,20,29467,00:44:27.2970000,119,170649,1080038,34840414,53846059,994864828,1048710887,303644357,1352355244,18.209165654575745,34.60627462472953,0.5461446046829224,6,120,73,1.630137
7,0,5734,00:00:00.0880000,7,7,20,793,793,210,1003,12079,13082,2.7477931904161412,3.819423435103601,0.024674931541085243,4,7,3,2
7,1,6178,00:00:00.1130000,6,9,28,1376,1379,626,2005,16188,18193,3.208575581395349,2.9731729471543016,0.06443069130182266,4,6,2,2.5
7,2,6506,00:00:00.1200000,9,10,31,2467,2468,1546,4014,21217,25231,3.5233076611268745,2.553411332679538,0.034455906599760056,4,9,5,1.6
7,3,6880,00:00:00.1450000,8,15,45,4185,4200,3828,8028,30896,38924,3.7041816009557946,2.0408951491394767,0.03251771256327629,4,8,4,1.75
7,4,7311,00:00:00.1590000,11,19,64,7004,7021,8999,16020,49610,65630,3.898343803540834,1.7319399606019157,0.04980010539293289,4,11,7,1.4285715
7,5,7820,00:00:00.1810000,13,25,108,11769,11807,20210,32017,85596,117613,4.079700909168154,1.7168516172119483,0.07759007066488266,4,13,9,1.3333334
7,6,8391,00:00:00.2200000,19,51,182,19756,19907,44099,64006,150222,214228,4.260832152257542,2.0932763471155154,0.045967839658260345,4,19,15,1.2
7,7,9061,00:00:00.2940000,23,91,333,32692,33109,94930,128039,274311,402350,4.508014193074758,2.711845773451781,0.07323500514030457,3,23,20,1.1
7,8,9828,00:00:00.4340000,29,146,600,54525,55666,200513,256179,503079,759258,4.778743695552499,3.3193923234992733,0.10990549623966217,3,29,26,1.0769231
7,9,10726,00:00:00.7430000,41,263,1120,89683,92202,419942,512144,936327,1448471,5.139981936375902,4.145152357953593,0.1445971131324768,3,42,38,1.0789474
7,10,11748,00:00:01.3870000,47,488,2199,146429,154081,870477,1024558,1726461,2751019,5.511886306674224,6.802115996758456,0.18726025521755219,4,48,39,1.2051282
7,11,12922,00:00:02.7440000,67,877,4237,237112,257222,1791815,2049037,3186884,5235921,5.894041634333142,10.283355432293602,0.21847285330295563,4,68,56,1.1964285
7,12,14269,00:00:05.7560000,108,1533,8054,384274,432727,3664911,4097638,5876100,9973738,6.367966607160516,18.367151902652818,0.3375687897205353,5,109,90,1.2
7,13,15721,00:00:11.8460000,129,2719,15219,655950,768425,7423807,8192232,10537419,18729651,7.596534796859517,13.786219829325228,0.4499896764755249,5,129,94,1.3617021
7,14,17034,00:00:22.1640000,84,4645,26623,1173461,1389774,14995167,16384941,16774139,33159080,8.990064433330124,2.9540506818046075,0.13457846641540527,6,85,66,1.2727273
7,15,18430,00:00:58.0040000,85,7903,48129,1994688,2415617,30355610,32771227,27430258,60201485,9.75031333221035,7.550568961130819,0.20272573828697205,5,86,68,1.25
7,16,19943,00:02:38.0190000,108,14537,89353,3229292,4284884,61269554,65554438,45798814,111353252,10.890562389526869,31.88785335483456,0.3894573748111725,5,109,82,1.3170732
7,17,21507,00:05:54.5220000,109,26398,166168,5830300,7921953,123177093,131099046,76035632,207134678,12.627580570468073,19.125615643481577,0.44836199283599854,6,110,72,1.5138888
7,18,23047,00:11:53.2680000,68,47897,309551,11368172,15066804,247152293,262219097,123756916,385976013,14.439481387157056,5.8661711994647305,0.3589774966239929,5,69,44,1.5454545
7,19,24600,00:23:05.6210000,89,88406,578922,20343910,28370735,495943814,524314549,198922262,723236811,16.233715740976045,19.072686620288934,0.4336760342121124,6,90,63,1.4126984
7,20,26085,00:43:03.8570000,76,168617,1089360,42751829,56789366,992237217,1049026583,312994042,1362020625,18.684886183465974,4.2361768913915085,0.20963451266288757,8,77,50,1.52
8,0,5804,00:00:00.0680000,4,4,9,775,775,231,1006,10872,11878,1.7819354838709678,1.5778060876634963,0.1022847518324852,2,4,2,1.5
8,1,6373,00:00:00.0940000,5,5,15,1308,1308,695,2003,16048,18051,1.930428134556575,1.3428252528872722,0.14218728244304657,2,5,3,1.3333334
8,2,7014,00:00:00.1040000,9,12,25,2216,2220,1788,4008,26269,30277,1.9945848375451263,1.3661020047142216,0.2804805040359497,2,9,7,1.1428572
8,3,7761,00:00:00.1380000,11,13,43,3840,3844,4165,8009,45750,53759,2.1122395833333334,1.539176169065529,0.25201132893562317,2,11,9,1.1111112
8,4,8650,00:00:00.1670000,14,23,80,6278,6303,9699,16002,84496,100498,2.325740681745779,2.3015129429897088,0.19971466064453125,3,14,10,1.3
8,5,9542,00:00:00.2130000,15,37,146,10643,10693,21321,32014,146964,178978,2.606126092267218,4.1615801416373115,0.2436656504869461,3,15,10,1.4
8,6,10520,00:00:00.2940000,21,48,259,17597,17723,46284,64007,259315,323322,2.8440643291470136,5.21310760410448,0.2876989543437958,3,22,15,1.4
8,7,11628,00:00:00.4470000,33,117,488,29474,30009,98026,128035,465740,593775,3.144296668249983,6.733193811649823,0.5228610634803772,3,33,23,1.3913044
8,8,12810,00:00:00.7640000,44,196,908,48686,50043,206072,256115,819967,1076082,3.604835065521916,10.767796992066172,0.5419859290122986,3,44,33,1.3030303
8,9,14012,00:00:01.3000000,58,313,1605,81364,84885,427155,512040,1395854,1907894,4.162909886436262,12.251243323352579,0.5139275193214417,4,58,44,1.2954545
8,10,15271,00:00:02.3240000,70,549,2794,136610,145800,878565,1024365,2365518,3389883,4.8171949344850304,10.805439762345404,0.4900754988193512,5,71,51,1.372549
8,11,16589,00:00:04.1540000,63,900,4919,229815,252367,1796393,2048760,3994513,6043273,5.710397493636186,14.340173772751964,0.45110663771629333,4,64,48,1.3125
8,12,17910,00:00:07.3870000,63,1501,8599,401152,442588,3654461,4097049,6622432,10719481,6.700592294192725,6.889515984257442,0.4196230173110962,5,64,46,1.3695652
8,13,19314,00:00:13.5470000,72,2583,15481,661752,761393,7430630,8192023,11138824,19330847,7.43005536817418,8.313361051951933,0.39355671405792236,4,73,57,1.2631578
8,14,20732,00:00:36.2920000,98,4533,27442,1103549,1326528,15057653,16384181,17917312,34301493,8.372583365124703,28.16573657912275,0.5444994568824768,4,99,75,1.3066666
8,15,22226,00:01:36.8640000,106,8069,49480,1848527,2336316,30444155,32780471,29244914,62025385,9.409047311724416,24.47952724873178,0.5324389934539795,5,107,76,1.3947369
8,16,23812,00:03:35.1160000,109,14419,91213,3120137,4176720,61363078,65539798,48468196,114007994,10.668957805378417,16.327480894588472,0.48689812421798706,6,110,78,1.3974359
8,17,25439,00:07:14.8180000,101,25965,168902,5570242,7637111,123489444,131126555,79873153,210999708,12.101417137711431,6.902844612123289,0.3559655547142029,5,102,76,1.3289474
8,18,27135,00:14:13.9250000,121,47342,315312,9366234,13931487,248273821,262205308,132334708,394540016,13.520815836973537,29.462382617831594,0.4884517192840576,6,122,85,1.4235294
8,19,28811,00:26:53.5080000,106,87552,590108,19232006,27259637,497228260,524487897,213823360,738311257,15.885274110251421,11.811239005479134,0.4089745879173279,6,107,65,1.6307693
8,20,30435,00:49:57.5260000,101,162591,1109912,36215542,52071197,996572390,1048643587,338284061,1386927648,17.67157744042599,16.641464163146306,0.4326104521751404,5,102,68,1.4852941
