RepeatId,GenerationId,Generations,Time,SubcloneSelect,SubcloneAlive,SubcloneTotal,CellSelectCount,CellAliveCount,CellNecroCount,CellTumorCount,CellLostCount,CellTotalCount,MeanDriversPerCell,ClonalDiversity,TreeBalance,TreeDepth,NodeCount,LeafCount,Branching
0,0,3917,00:00:00.1210000,1,1,2,1006,1006,0,1006,8749,9755,1,1,0,0,1,1,0
0,1,4670,00:00:00.1500000,1,1,2,2001,2001,0,2001,19987,21988,1,1,0,0,1,1,0
0,2,5320,00:00:00.1900000,1,2,3,4002,4003,0,4003,39321,43324,1,1,0,0,1,1,0
0,3,6058,00:00:00.2080000,1,3,5,7991,7996,13,8009,82139,90148,1,1,0,0,1,1,0
0,4,6780,00:00:00.2270000,1,5,9,15404,15421,595,16016,164413,180429,1,1,0,0,1,1,0
0,5,7590,00:00:00.2510000,2,5,18,28721,28727,3288,32015,337115,369130,1.0011141673340065,1.002230862130204,0,1,2,1,1
0,6,8423,00:00:00.2840000,2,7,38,51941,51957,12053,64010,658660,722670,1.002676113282378,1.0053665818994038,0,1,2,1,1
0,7,9373,00:00:00.3280000,2,20,72,91468,91597,36453,128050,1302368,1430418,1.008341715135348,1.0168226087519598,0,1,2,1,1
0,8,10449,00:00:00.4000000,3,22,123,157952,158202,97940,256142,2556923,2813065,1.0349346636952999,1.072580573191745,0.017489952966570854,1,3,2,1
0,9,11640,00:00:00.5440000,3,52,241,267658,269232,242874,512106,4902275,5414381,1.1180200106105553,1.2672238001953995,0.05840064212679863,1,3,2,1
0,10,12900,00:00:00.7860000,10,97,475,451623,453817,570530,1024347,9038331,10062678,1.3255657927076345,1.8757527637197602,0.08445897698402405,1,10,9,1
0,11,14122,00:00:01.1390000,12,164,844,761447,768907,1280002,2048909,15644947,17693856,1.6290116055352506,2.366391617766059,0.156719371676445,2,12,10,1.1
0,12,15359,00:00:01.7860000,17,291,1496,1269060,1288632,2808921,4097553,26615787,30713340,1.8925228121601816,1.9724125732058488,0.1943061202764511,2,17,14,1.1428572
0,13,16685,00:00:03.1120000,24,504,2669,2093462,2145601,6046459,8192060,45749990,53942050,2.1421840950540303,2.142147318163687,0.19181609153747559,3,24,20,1.15
0,14,18076,00:00:05.4410000,36,846,4708,3480957,3607724,12779185,16386909,78130123,94517032,2.5552895367567023,3.572283328304372,0.18321603536605835,3,36,31,1.1290323
0,15,19461,00:00:09.6520000,40,1469,8170,5838338,6122104,26649272,32771376,130062241,162833617,3.1271411487310257,4.1901022512649355,0.18603496253490448,4,41,34,1.1764706
0,16,20861,00:00:23.0430000,36,2463,14031,9828835,10351428,55201535,65552963,214492564,280045527,3.6627279835300928,2.7284534795887074,0.19319799542427063,4,37,28,1.2857143
0,17,22362,00:00:58.1210000,39,4166,24469,16228750,17305400,113821646,131127046,359874564,491001610,4.0664814603712545,2.187179804376422,0.15195608139038086,5,40,30,1.3
0,18,23998,00:02:06.1500000,51,7327,43674,26804578,29271464,232962134,262233598,612984666,875218264,4.656125905059949,4.237507016536461,0.22250595688819885,5,52,41,1.2439024
0,19,25556,00:03:57.1850000,39,12241,75367,49876799,53962154,470351122,524313276,994535730,1518849006,6.328398360127321,3.1507161753524318,0.24053776264190674,5,40,31,1.2580645
0,20,26986,00:06:44.2140000,25,20493,129886,90675739,94933453,953990212,1048923665,1558183987,2607107652,7.25993206407725,2.270593511938456,0.0825660303235054,6,26,18,1.3888888
9,0,3691,00:00:00.0460000,1,1,1,1004,1004,0,1004,10081,11085,1,1,0,0,1,1,0
9,1,4609,00:00:00.0620000,1,1,1,2021,2021,0,2021,23322,25343,1,1,0,0,1,1,0
9,2,5377,00:00:00.0880000,2,2,2,4002,4002,0,4002,44621,48623,1.002248875562219,1.0045078813785686,0,1,2,1,1
9,3,6092,00:00:00.0970000,2,4,5,7983,7992,10,8002,85213,93215,1.0146561443066517,1.0297416664874908,0,1,2,1,1
9,4,6817,00:00:00.1070000,4,5,12,15435,15436,565,16001,166652,182653,1.0435374149659864,1.091503017303338,0.02205699309706688,1,4,3,1
9,5,7586,00:00:00.1290000,4,8,24,28802,28818,3199,32017,329875,361892,1.085619054232345,1.190077096259328,0.05919644236564636,1,4,3,1
9,6,8361,00:00:00.1480000,5,13,43,52207,52277,11745,64022,627799,691821,1.1740762732966843,1.43266499731766,0.10797230154275894,1,5,4,1
9,7,9112,00:00:00.1710000,6,18,69,92821,92963,35179,128142,1134579,1262721,1.329160427058532,1.980384278583328,0.18628600239753723,1,6,5,1
9,8,9862,00:00:00.2060000,6,33,122,161298,161842,94316,256158,2005761,2261919,1.514346117124825,2.6799783633265553,0.28523319959640503,1,6,5,1
9,9,10639,00:00:00.2660000,8,61,227,276208,277054,235090,512144,3538216,4050360,1.7030679777558941,2.906913427652453,0.3280234634876251,1,8,7,1
9,10,11476,00:00:00.3630000,8,89,381,467194,470180,554370,1024550,6291209,7315759,1.8408498396811603,2.573027356305637,0.39478206634521484,1,8,7,1
9,11,12424,00:00:00.5720000,9,153,714,776892,786063,1262000,2048063,11445558,13493621,1.9298963047630817,2.2406191073617854,0.4350641369819641,2,9,7,1.1428572
9,12,13535,00:00:00.9540000,18,253,1305,1279308,1298724,2799088,4097812,21347672,25445484,1.9953224712109985,2.1669283965184825,0.4488995373249054,2,18,15,1.1333333
9,13,14842,00:00:01.8240000,31,486,2463,2097564,2142400,6050170,8192570,40256925,48449495,2.095467885604444,2.467798842774549,0.4580546021461487,2,31,27,1.1111112
9,14,16318,00:00:03.7640000,47,898,4651,3432330,3555315,12835650,16390965,74710310,91101275,2.361457086002803,4.603666334003726,0.42783424258232117,3,47,40,1.15
9,15,17854,00:00:07.4220000,64,1526,8376,5700184,5973228,26806087,32779315,132380748,165160063,2.811497663935059,16.54601143889265,0.503226101398468,3,65,55,1.1636363
9,16,19437,00:00:14.0780000,76,2616,14903,9432921,10062375,55489158,65551533,227921733,293473266,3.3127585824157757,20.801100539123233,0.5862862467765808,4,77,59,1.2881356
9,17,21067,00:00:26.1680000,76,4458,26357,15706134,17023128,114098031,131121159,385396019,516517178,3.8997882610704835,9.955168164230887,0.42674675583839417,4,77,53,1.4339622
9,18,22754,00:00:50.1340000,63,7601,46033,26420058,29086347,233086984,262173331,645958329,908131660,4.6072335647408496,11.329461814146457,0.5679431557655334,3,64,45,1.4
9,19,24452,00:02:16.1910000,58,12613,80137,46088266,50551270,473947967,524499237,1064657074,1589156311,5.500808969467413,3.922159555377522,0.5098612904548645,4,59,41,1.4146341
9,20,26210,00:04:56.4920000,67,21404,140720,79000023,86636373,962332932,1048969305,1758004769,2806974074,6.223742972834325,2.9750644598267795,0.39855319261550903,4,68,52,1.2884616
10,0,4787,00:00:00.0550000,1,1,1,1006,1006,0,1006,8649,9655,1,1,0,0,1,1,0
10,1,5436,00:00:00.0690000,1,1,1,2007,2007,0,2007,18277,20284,1,1,0,0,1,1,0
10,2,6142,00:00:00.0910000,1,3,3,3997,4002,0,4002,38939,42941,1,1,0,0,1,1,0
10,3,6849,00:00:00.1070000,1,1,3,7991,7991,13,8004,80185,88189,1,1,0,0,1,1,0
10,4,7521,00:00:00.1150000,1,2,6,15447,15459,561,16020,154828,170848,1,1,0,0,1,1,0
10,5,8216,00:00:00.1240000,2,4,16,28894,28896,3170,32066,301877,333943,1.0020073371634248,1.004022789532605,0,1,2,1,1
10,6,9052,00:00:00.1400000,2,5,34,52082,52091,11971,64062,624876,688938,1.004512115510157,1.0090649795569104,0,1,2,1,1
10,7,9977,00:00:00.1640000,2,11,66,91631,91754,36303,128057,1249944,1378001,1.012779517848763,1.0258855916727256,0,1,2,1,1
10,8,11038,00:00:00.2100000,3,26,134,157250,157840,98405,256245,2496182,2752427,1.0415071542130365,1.0866573615967676,0.012658989988267422,1,3,2,1
10,9,12218,00:00:00.3080000,9,52,252,268242,269334,242842,512176,4820571,5332747,1.1283356073992887,1.2948414444951846,0.038113486021757126,1,9,8,1
10,10,13451,00:00:00.4930000,15,100,475,452147,455288,569083,1024371,8858448,9882819,1.3592659024609253,1.961347922164994,0.1015108972787857,2,15,12,1.1666666
10,11,14625,00:00:00.7620000,22,181,841,769061,775588,1272448,2048036,15182756,17230792,1.7674995871588859,2.942867502093625,0.18335393071174622,2,22,19,1.1052631
10,12,15709,00:00:01.1650000,28,281,1410,1305900,1319202,2778686,4097888,24756894,28854782,2.239221992495597,3.855344578599752,0.25017794966697693,3,28,23,1.173913
10,13,16747,00:00:01.8740000,27,479,2318,2219173,2255839,5937637,8193476,39655776,47849252,2.8091919827791703,5.597685933450773,0.2983540892601013,3,27,22,1.1818181
10,14,17685,00:00:02.9660000,27,799,3848,3908194,3975968,12412716,16388684,61344469,77733153,3.8305534474491285,4.035711062195004,0.23483358323574066,4,27,20,1.3
10,15,18528,00:00:04.5080000,21,1310,6257,6840042,6953392,25836667,32790059,92922185,125712244,4.708330007330364,1.701263970115194,0.11633586138486862,4,22,16,1.3125
10,16,19425,00:00:07.2370000,18,2163,10610,11479106,11675290,53861566,65536856,147217151,212754007,5.0925437921733625,1.5150838696572215,0.04410290718078613,4,19,14,1.2857143
10,17,20465,00:00:12.7230000,15,3786,18931,18821430,19338346,111796371,131134717,248209551,379344268,5.362799691628107,2.008392322754907,0.027856888249516487,3,16,13,1.1538461
10,18,21672,00:00:24.1420000,19,6692,34784,30580418,32104013,230099376,262203389,435586776,697790165,5.686968667334763,2.2833882280632922,0.1537620574235916,2,19,17,1.0588236
10,19,23067,00:00:51.7380000,45,11988,65208,49494895,53363014,470998176,524361190,781453907,1305815097,6.0553108153881325,2.248898555026524,0.1899583637714386,3,45,38,1.1578947
10,20,24640,00:02:52.4460000,69,21589,122668,80792828,90806028,957940308,1048746336,1402364026,2451110362,6.743637331274009,6.2596950162771865,0.28447678685188293,4,69,50,1.36
11,0,5178,00:00:00.0560000,1,1,1,1008,1008,0,1008,9911,10919,1,1,0,0,1,1,0
11,1,5989,00:00:00.0720000,1,1,2,2002,2002,0,2002,22420,24422,1,1,0,0,1,1,0
11,2,6641,00:00:00.0940000,1,1,3,4009,4009,0,4009,41028,45037,1,1,0,0,1,1,0
11,3,7344,00:00:00.1020000,1,1,4,8008,8008,11,8019,83105,91124,1,1,0,0,1,1,0
11,4,8041,00:00:00.1100000,1,2,7,15421,15422,586,16008,161544,177552,1,1,0,0,1,1,0
11,5,8802,00:00:00.1210000,1,4,14,28827,28839,3181,32020,321293,353313,1,1,0,0,1,1,0
11,6,9641,00:00:00.1350000,2,8,28,51986,52062,11979,64041,646387,710428,1.0014042242142116,1.0028123953418757,0,1,2,1,1
11,7,10578,00:00:00.1610000,4,19,61,91548,91729,36325,128054,1282220,1410274,1.0072093328090181,1.0145545651476633,0.005496506113559008,1,4,3,1
11,8,11655,00:00:00.2160000,6,35,123,157309,157869,98189,256058,2542422,2798480,1.0251288864591346,1.0519638509092388,0.01972203329205513,1,6,5,1
11,9,12852,00:00:00.3180000,12,56,245,268069,268604,243668,512272,4904478,5416750,1.0883205443374653,1.1997376867696652,0.06126236915588379,1,12,11,1
11,10,14166,00:00:00.4910000,12,98,467,450353,453295,571108,1024403,9209974,10234377,1.2653962558259855,1.7808630880835241,0.1816592514514923,1,12,11,1
11,11,15456,00:00:00.7640000,17,176,848,757737,766373,1281851,2048224,16170876,18219100,1.5769350051535032,3.5073427040464344,0.36237868666648865,2,17,14,1.1428572
11,12,16730,00:00:01.2950000,20,287,1483,1259237,1285275,2811717,4096992,27462198,31559190,1.8628915764069829,4.408350585828484,0.4924111068248749,2,20,17,1.117647
11,13,18070,00:00:02.2850000,34,512,2591,2092905,2144050,6050747,8194797,46801420,54996217,2.133216271163765,5.041236714485463,0.48228776454925537,3,34,24,1.375
11,14,19453,00:00:04.0950000,43,898,4595,3487404,3617366,12770575,16387941,78972967,95360908,2.5881635738216735,8.977556682054226,0.43956679105758667,3,43,31,1.3548387
11,15,20796,00:00:07.0680000,49,1405,7832,5919257,6180550,26598280,32778830,129266125,162044955,3.247926048826736,9.03826645535559,0.3346176743507385,4,50,37,1.3243244
11,16,22129,00:00:12.0330000,40,2331,13412,9944336,10486487,55069178,65555665,209639053,275194718,3.826910414129209,4.705596836090122,0.28499218821525574,4,41,28,1.4285715
11,17,23534,00:00:21.1500000,41,4127,23566,16703870,17754521,113327580,131082101,345484812,476566913,4.389528773870965,5.423033788066415,0.29317691922187805,4,42,32,1.28125
11,18,24968,00:00:45.6760000,38,7080,41225,28849553,30842939,231303263,262146202,566753306,828899508,5.288284535985705,4.263535667892842,0.4857776165008545,4,39,25,1.52
11,19,26437,00:02:03.8160000,34,12016,72888,49795725,52835498,471498910,524334408,929857085,1454191493,5.992609827450047,2.2133459651059226,0.3743399679660797,4,35,23,1.4782609
11,20,28035,00:04:43.3980000,35,20865,131000,83227535,90136242,958662162,1048798404,1560466286,2609264690,6.663099153423203,3.6182556944327158,0.15076670050621033,4,36,29,1.2068965
12,0,5457,00:00:00.2370000,1,1,1,1002,1002,0,1002,9035,10037,1,1,0,0,1,1,0
12,1,6247,00:00:00.2820000,1,1,3,2003,2003,0,2003,21011,23014,1,1,0,0,1,1,0
12,2,6894,00:00:00.3450000,1,1,3,4017,4017,0,4017,40021,44038,1,1,0,0,1,1,0
12,3,7651,00:00:00.3740000,2,2,4,7992,7992,12,8004,84567,92571,1.0023773773773774,1.0047660856340732,0,1,2,1,1
12,4,8358,00:00:00.4050000,2,2,8,15428,15428,579,16007,163452,179459,1.0077132486388385,1.0155454910162385,0,1,2,1,1
12,5,9141,00:00:00.4380000,2,4,15,28755,28757,3247,32004,330571,362575,1.0264301860545992,1.0542554314655537,0,1,2,1,1
12,6,9939,00:00:00.4810000,2,6,31,52115,52121,11950,64071,637223,701294,1.0684831622373596,1.146245391224644,0,1,2,1,1
12,7,10786,00:00:00.5360000,2,11,59,92002,92042,35997,128039,1210011,1338050,1.1608334601421708,1.3697356948269641,0,1,2,1,1
12,8,11655,00:00:00.6220000,2,25,118,159817,160160,96031,256191,2218902,2475093,1.3217805364886088,1.7745463156972874,0,1,2,1,1
12,9,12527,00:00:00.7610000,3,52,218,274108,275168,237078,512246,3930159,4442405,1.5360806689334132,1.9992178472279596,0,2,3,1,2
12,10,13443,00:00:00.8960000,5,80,392,463539,466713,558020,1024733,6935970,7960703,1.7496758633038427,1.6810209397445992,0.012074884958565235,2,5,3,1.3333334
12,11,14414,00:00:01.1460000,8,163,713,776838,785474,1262677,2048151,12206879,14255030,1.9272679760773803,1.4053608107163753,0.03405212610960007,2,8,6,1.1666666
12,12,15495,00:00:01.6730000,14,286,1324,1289880,1309397,2787971,4097368,21817825,25915193,2.1048213787329053,1.4988268945428889,0.08985887467861176,2,14,12,1.0833334
12,13,16679,00:00:02.6880000,21,485,2370,2135575,2185720,6009349,8195069,38898238,47093307,2.368000655561149,2.355467435199556,0.20758844912052155,2,21,19,1.0526316
12,14,17941,00:00:04.6230000,34,819,4240,3552835,3657512,12733697,16391209,68337860,84729069,2.708840967846804,3.9708149768203866,0.35147103667259216,3,34,30,1.1
12,15,19309,00:00:08.3970000,46,1491,7626,5822287,6080958,26698353,32779311,119848751,152628062,3.0161069009480297,4.4328708895501086,0.4169446527957916,2,46,42,1.0714285
12,16,20804,00:00:16.1230000,68,2612,13869,9577764,10162562,55393748,65556310,210150755,275707065,3.4253753798903377,7.66398240469211,0.39608868956565857,3,68,56,1.1964285
12,17,22376,00:00:48.0280000,80,4415,24800,15960222,17204506,113904114,131108620,362043965,493152585,4.018150436754577,15.491147785358224,0.44949740171432495,4,80,60,1.3166667
12,18,24000,00:01:52.4580000,65,7352,43937,26786488,29418925,232797947,262216872,612955866,875172738,4.729132016112004,17.061293363073162,0.5326055884361267,4,66,44,1.4772727
12,19,25666,00:03:51.1340000,58,12576,77531,46328898,50790124,473683908,524474032,1024093237,1548567269,5.564411266592182,9.27817065512908,0.4537375867366791,4,59,39,1.4871795
12,20,27378,00:07:21.8740000,53,21400,137382,79849237,88017451,960909054,1048926505,1698625719,2747552224,6.411648128835595,8.523049480150513,0.357265830039978,3,54,40,1.325
13,0,5132,00:00:00.0720000,1,1,1,1003,1003,0,1003,11206,12209,1,1,0,0,1,1,0
13,1,5710,00:00:00.0870000,1,1,1,2001,2001,0,2001,19395,21396,1,1,0,0,1,1,0
13,2,6414,00:00:00.1140000,1,2,4,4005,4006,0,4006,39652,43658,1,1,0,0,1,1,0
13,3,7093,00:00:00.1230000,1,3,6,7995,7997,9,8006,78437,86443,1,1,0,0,1,1,0
13,4,7759,00:00:00.1340000,3,4,11,15427,15435,584,16019,153281,169300,1.002592856679847,1.0052025315557986,0,1,3,2,1
13,5,8491,00:00:00.1580000,4,7,18,28820,28825,3195,32020,309473,341493,1.0064191533657183,1.0129475305987128,0.005151604767888784,1,4,3,1
13,6,9316,00:00:00.1750000,4,9,29,51937,51976,12028,64004,627828,691832,1.017251670292855,1.0353101686732136,0.01669236272573471,1,4,3,1
13,7,10233,00:00:00.2020000,5,20,66,91556,91750,36340,128090,1246380,1374470,1.0456660404561142,1.0971904913295105,0.039304524660110474,1,5,4,1
13,8,11246,00:00:00.2530000,6,28,130,157973,158708,97314,256022,2428936,2684958,1.12887645357118,1.308792171434956,0.09905070066452026,1,6,5,1
13,9,12287,00:00:00.3330000,11,56,248,270143,271372,240838,512210,4475346,4987556,1.3146703782811326,1.99292314444891,0.18930655717849731,2,11,9,1.1111112
13,10,13336,00:00:00.4840000,14,99,450,459759,461801,562443,1024244,7914040,8938284,1.5788815444613373,3.562101004816083,0.32035186886787415,2,14,12,1.0833334
13,11,14389,00:00:00.7180000,16,145,749,774575,780577,1268436,2049013,13616190,15665203,1.8296653003259853,4.554938735806966,0.4574008882045746,2,16,12,1.25
13,12,15511,00:00:01.1170000,20,257,1329,1288311,1304055,2793615,4097670,23578476,27676146,2.058093891925164,4.743388170650649,0.5464665293693542,2,20,15,1.2666667
13,13,16716,00:00:01.9500000,26,477,2379,2145802,2182343,6013684,8196027,40959774,49155801,2.3533657811857758,4.901023908672713,0.5532780289649963,3,26,20,1.25
13,14,17976,00:00:03.4700000,31,827,4265,3571205,3665817,12721854,16387671,70324858,86712529,2.7438399643817704,3.3605286748140504,0.44612351059913635,3,31,23,1.3043479
13,15,19289,00:00:06.2860000,30,1416,7556,5934323,6179381,26601565,32780946,119631271,152412217,3.2336182240164546,3.1400925979135623,0.41171908378601074,3,31,24,1.25
13,16,20589,00:00:11.1940000,34,2431,13055,10209693,10668523,54871225,65539748,197767397,263307145,4.043255757053616,3.8597070750938065,0.34108448028564453,4,35,26,1.3076923
13,17,21861,00:00:19.3660000,30,4097,22469,17593344,18346795,112769151,131115946,320643180,451759126,4.780328969864967,2.298076395504257,0.26119646430015564,4,31,24,1.25
13,18,23222,00:00:42.3790000,32,6920,39407,29457528,30938394,231268288,262206682,531559334,793766016,5.284571943715033,2.67660089353833,0.408674418926239,4,33,24,1.3333334
13,19,24712,00:01:59.6230000,44,12159,70766,48990811,52535805,471784893,524320698,900031822,1424352520,5.905784086734143,5.85910667125278,0.23083019256591797,4,45,36,1.2222222
13,20,26313,00:04:32.3500000,59,21094,128361,82295680,90185632,958557146,1048742778,1531465905,2580208683,6.6730313668955645,5.897396341371384,0.22074298560619354,4,60,48,1.2291666
14,0,4456,00:00:00.0620000,1,1,1,1001,1001,0,1001,11559,12560,1,1,0,0,1,1,0
14,1,5180,00:00:00.0800000,2,2,2,2008,2008,0,2008,21662,23670,1.0079681274900398,1.0160632211905116,0,1,2,1,1
14,2,5852,00:00:00.1090000,2,2,2,4013,4013,0,4013,41258,45271,1.0014951407924246,1.0029947165301425,0,1,2,1,1
14,3,6543,00:00:00.1190000,2,3,5,8002,8005,12,8017,81684,89701,1.0033741564608847,1.0067710880717626,0,1,2,1,1
14,4,7313,00:00:00.1300000,2,3,8,15406,15408,604,16012,168057,184069,1.0037647669739063,1.007557842860044,0,1,2,1,1
14,5,8086,00:00:00.1430000,2,6,18,28809,28828,3190,32018,329729,361747,1.0067687181089242,1.013629028903066,0,1,2,1,1
14,6,8939,00:00:00.1640000,3,10,37,51945,52016,12009,64025,657985,722010,1.0248724612570987,1.051181334184989,0.01677841506898403,1,3,2,1
14,7,9857,00:00:00.2070000,4,15,62,91466,91660,36413,128073,1282219,1410292,1.0557802899438042,1.1190551888282816,0.029864700511097908,1,4,3,1
14,8,10834,00:00:00.2560000,6,24,117,158278,158719,97338,256057,2419282,2675339,1.1444862836275413,1.343727609427816,0.07117804884910583,1,6,5,1
14,9,11860,00:00:00.3470000,9,51,237,271418,272212,239881,512093,4429227,4941320,1.3336182567110508,1.976235767865499,0.1431458294391632,1,9,8,1
14,10,12902,00:00:00.5130000,9,76,431,459406,462493,561838,1024331,7844279,8868610,1.581087317100778,2.761637350525367,0.24933606386184692,1,9,8,1
14,11,13962,00:00:00.7730000,16,149,767,774413,778647,1269944,2048591,13580078,15628669,1.8076633527587993,2.5842376745583553,0.3069767653942108,2,16,13,1.1538461
14,12,15124,00:00:01.3050000,18,289,1415,1279684,1293536,2802836,4096372,23913470,28009842,1.9487264043310693,2.218719604093087,0.339937299489975,2,18,15,1.1333333
14,13,16449,00:00:02.5130000,24,487,2563,2096887,2140164,6052103,8192267,43066256,51258523,2.097375299670416,2.3717394387723987,0.3354162871837616,3,24,19,1.2105263
14,14,17854,00:00:04.6960000,36,833,4602,3512996,3622110,12762471,16384581,75695133,92079714,2.62623441643543,4.695731316222797,0.32251104712486267,4,36,27,1.2962962
14,15,19116,00:00:08.1720000,33,1463,7856,6080002,6300553,26472536,32773089,122829259,155602348,3.496280264381492,2.754538964435075,0.22858160734176636,4,34,25,1.32
14,16,20362,00:00:13.9710000,27,2398,13271,10258872,10633032,54927011,65560043,198053318,263613361,3.9783312434349507,1.6714745206297292,0.1372978389263153,4,28,20,1.35
14,17,21745,00:00:29.5910000,28,4107,23267,16800653,17689434,113440071,131129505,332119955,463249460,4.322516571230892,2.235388276925037,0.09434930980205536,4,29,20,1.4
14,18,23275,00:01:30.6880000,47,7120,41546,27599166,29759837,232480937,262240774,569104635,831345409,4.823586879400631,3.580427769773787,0.18137454986572266,3,48,39,1.2051282
14,19,24929,00:03:26.7790000,66,12482,75128,45277798,50529657,473805938,524335595,977981629,1502317224,5.46392856825767,7.088511472718779,0.3564828932285309,4,67,50,1.32
14,20,26691,00:07:08.3960000,81,21664,136029,76399086,86825328,962042030,1048867358,1672532015,2721399373,6.253788507365128,24.563570540506436,0.475764662027359,5,82,58,1.3965517
15,0,7170,00:00:00.0760000,1,1,2,1002,1002,0,1002,9377,10379,1,1,0,0,1,1,0
15,1,8060,00:00:00.0920000,1,1,2,2008,2008,0,2008,22402,24410,1,1,0,0,1,1,0
15,2,8620,00:00:00.1140000,1,1,3,4001,4001,0,4001,38625,42626,1,1,0,0,1,1,0
15,3,9280,00:00:00.1210000,1,2,6,7992,7993,12,8005,77182,85187,1,1,0,0,1,1,0
15,4,9994,00:00:00.1300000,2,4,8,15401,15412,590,16002,157652,173654,1.0019479254593857,1.0039034677246228,0,1,2,1,1
15,5,10691,00:00:00.1400000,2,5,15,28789,28799,3202,32001,305473,337474,1.0047587620271632,1.0095628404074124,0,1,2,1,1
15,6,11525,00:00:00.1540000,2,8,30,51929,52012,12015,64027,626552,690579,1.0123245200177164,1.0249527163955139,0,1,2,1,1
15,7,12433,00:00:00.1770000,3,19,66,91468,91718,36321,128039,1242204,1370243,1.0340228276555736,1.0704782152733994,0.00949664507061243,1,3,2,1
15,8,13479,00:00:00.2310000,5,26,123,157869,158209,97914,256123,2463991,2720114,1.1001273207532827,1.2222947050328734,0.0284917913377285,1,5,4,1
15,9,14575,00:00:00.3090000,6,55,222,269346,270964,241123,512087,4619332,5131419,1.2570225657704217,1.6483571860125512,0.06728615611791611,1,6,5,1
15,10,15679,00:00:00.4630000,14,105,415,457391,459811,564243,1024054,8236203,9260257,1.5170849448283854,2.243970741113997,0.1090552881360054,2,14,12,1.0833334
15,11,16771,00:00:00.6890000,15,178,751,768795,776443,1271583,2048026,14149563,16197589,1.7818156985932532,1.9998953880411243,0.1548728346824646,2,15,13,1.0769231
15,12,17929,00:00:01.1090000,18,286,1346,1279690,1298467,2799686,4098153,24435755,28533908,1.997929967413983,1.7800441943622225,0.16691412031650543,2,18,16,1.0625
15,13,19182,00:00:01.9850000,22,454,2409,2116671,2165804,6026969,8192773,42511885,50704658,2.252055232012911,2.368212531204558,0.167758971452713,2,22,20,1.05
15,14,20512,00:00:03.5750000,31,788,4332,3503792,3625783,12763954,16389737,73517713,89907450,2.604223652545585,4.3159890930729565,0.19647909700870514,3,31,26,1.1538461
15,15,21933,00:00:06.6330000,38,1404,7882,5754511,6030752,26737831,32768583,126989825,159758408,2.9293390871961145,4.893074233684601,0.23323926329612732,3,39,32,1.1875
15,16,23497,00:00:12.6990000,58,2500,14248,9419834,10031017,55509746,65540763,221571827,287112590,3.277056050032304,6.921944874425553,0.42689594626426697,3,58,48,1.1875
15,17,25161,00:00:24.3330000,73,4229,25543,15555372,16922648,114198563,131121211,382355354,513476565,3.810658144337532,15.985749287707751,0.4719809889793396,3,73,59,1.220339
15,18,26896,00:00:48.3780000,84,7363,45491,26022740,28730592,233458390,262188982,650512223,912701205,4.446909356970096,20.02986258364945,0.48565635085105896,4,85,65,1.2923077
15,19,28713,00:02:16.4000000,80,12764,80929,43589066,48950141,475385102,524335243,1099384166,1623719409,5.134556060457914,14.33649288901907,0.49299395084381104,3,81,59,1.3559322
15,20,30611,00:05:20.0700000,76,21790,144607,74336699,84656672,964197523,1048854195,1846657287,2895511482,5.983054574430323,9.12520426148283,0.39880844950675964,4,77,55,1.3818182
16,0,5044,00:00:00.0690000,1,1,1,1003,1003,0,1003,11333,12336,1,1,0,0,1,1,0
16,1,5823,00:00:00.0870000,1,1,2,2002,2002,0,2002,23094,25096,1,1,0,0,1,1,0
16,2,6427,00:00:00.1110000,1,1,3,4003,4003,0,4003,40724,44727,1,1,0,0,1,1,0
16,3,7033,00:00:00.1200000,3,4,8,8006,8007,12,8019,76152,84171,1.0036222832875343,1.007277286735807,0,1,3,2,1
16,4,7696,00:00:00.1410000,4,5,13,15440,15441,565,16006,150874,166880,1.0110751295336788,1.0224786404373147,0.005706361960619688,1,4,3,1
16,5,8448,00:00:00.1560000,4,7,24,28802,28814,3213,32027,311549,343576,1.0197555725296854,1.0405335253656713,0.017023809254169464,1,4,3,1
16,6,9243,00:00:00.1740000,4,8,38,52187,52205,11820,64025,617356,681381,1.0555119090961351,1.1192926654823456,0.04758020117878914,1,4,3,1
16,7,10138,00:00:00.2010000,4,20,65,91523,91665,36336,128001,1223049,1351050,1.1403144564754215,1.3376262196893502,0.1224355697631836,1,4,3,1
16,8,11033,00:00:00.2460000,5,34,119,159155,159618,96519,256137,2265434,2521571,1.2957808425748485,1.8768146695292856,0.21277636289596558,1,5,4,1
16,9,11941,00:00:00.3170000,8,54,228,272802,274101,238172,512273,4051547,4563820,1.514677311749914,2.8701207081791176,0.3185843229293823,2,8,6,1.1666666
16,10,12858,00:00:00.4500000,11,92,403,464209,466553,557924,1024477,7060952,8085429,1.745733064201685,3.4785500072211444,0.39266863465309143,2,11,9,1.1111112
16,11,13824,00:00:00.6520000,15,160,735,781004,786735,1262707,2049442,12296904,14346346,1.9473485411086242,3.4249757595928325,0.44556352496147156,2,15,11,1.2727273
16,12,14880,00:00:01.0180000,18,267,1311,1297496,1315717,2780680,4096397,21675755,25772152,2.169271427426366,3.9724051574867896,0.48366278409957886,3,18,13,1.3076923
16,13,16011,00:00:01.7630000,27,446,2342,2168780,2203335,5989204,8192539,37980722,46173261,2.4933432621104954,6.427218924291239,0.4404315650463104,4,27,19,1.3684211
16,14,17189,00:00:03.2100000,31,796,4117,3638859,3718880,12669166,16388046,65414793,81802839,2.940822933782265,9.075633026261329,0.4953613579273224,4,31,22,1.3636364
16,15,18344,00:00:05.5390000,28,1308,7010,6275066,6443482,26325094,32768576,108580444,141349020,3.7846040185075345,10.567110650271955,0.45370423793792725,5,29,17,1.6470588
16,16,19400,00:00:09.1440000,22,2260,11750,11052176,11334279,54238798,65573077,172008015,237581092,4.7669667041132895,4.949602324268618,0.40065962076187134,5,23,11,2
16,17,20470,00:00:15.2630000,21,3838,20128,18885398,19330909,111764731,131095640,275596755,406692395,5.3797180763677845,3.1424401285130568,0.3330928683280945,6,22,11,1.9090909
16,18,21655,00:00:27.5300000,24,6620,35719,31425553,32488326,229709045,262197371,459351976,721549347,5.844677196293093,2.0228298241684346,0.19169805943965912,5,25,17,1.4117647
16,19,22926,00:01:12.3270000,27,11818,64392,54717001,57254647,467105752,524360399,772640531,1297000930,6.941945959355484,2.9114197209341706,0.07249249517917633,5,28,22,1.2272727
16,20,24151,00:02:54.9680000,19,20662,114537,99192597,102973611,945717869,1048691480,1253479362,2302170842,8.195641364244148,2.8389875556710793,0.11182008683681488,5,19,14,1.2857143
17,0,4341,00:00:00.0480000,1,1,1,1001,1001,0,1001,10659,11660,1,1,0,0,1,1,0
17,1,5103,00:00:00.0620000,1,1,1,2003,2003,0,2003,21311,23314,1,1,0,0,1,1,0
17,2,5822,00:00:00.0860000,1,2,2,4004,4005,0,4005,41703,45708,1,1,0,0,1,1,0
17,3,6453,00:00:00.0930000,2,2,3,8005,8005,8,8013,77271,85284,1.0012492192379763,1.0025015091895262,0,1,2,1,1
17,4,7177,00:00:00.1020000,2,4,11,15414,15416,587,16003,158731,174734,1.003438432593746,1.006900470956882,0,1,2,1,1
17,5,7967,00:00:00.1160000,2,6,22,28724,28732,3279,32011,326802,358813,1.010722740565381,1.021675414109552,0,1,2,1,1
17,6,8762,00:00:00.1320000,2,8,38,52056,52133,11915,64048,632792,696840,1.0311203319502074,1.0641736828095059,0,1,2,1,1
17,7,9657,00:00:00.1600000,3,22,84,91634,91872,36137,128009,1241844,1369853,1.0774930702577645,1.1678835990486853,0.0281353909522295,1,3,2,1
17,8,10608,00:00:00.2160000,7,31,146,158365,158763,97368,256131,2348703,2604834,1.1965017522811228,1.4751629035337528,0.04306551814079285,1,7,6,1
17,9,11583,00:00:00.2910000,11,58,251,271859,272857,239182,512039,4267236,4779275,1.4086897987559728,2.073479169929219,0.09468545764684677,2,11,9,1.1111112
17,10,12567,00:00:00.4400000,13,100,439,460883,463408,561026,1024434,7498010,8522444,1.663027275902995,2.2445252101024806,0.13392911851406097,2,13,11,1.0909091
17,11,13572,00:00:00.6290000,17,156,761,777225,783261,1264913,2048174,12944920,14993094,1.8975380359612726,1.9591162587547655,0.16485495865345,2,17,14,1.1428572
17,12,14647,00:00:01.0320000,20,276,1328,1295918,1311994,2784033,4096027,22483651,26579678,2.1382726376205903,2.130594448958471,0.17297442257404327,3,20,16,1.1875
17,13,15786,00:00:01.8020000,27,495,2367,2169433,2207382,5989152,8196534,38888457,47084991,2.503851467180595,3.549712410194713,0.17817826569080353,3,27,21,1.2380953
17,14,16935,00:00:03.2200000,30,820,4130,3655273,3744068,12640713,16384781,65625915,82010696,3.0290232767839775,5.182134412850735,0.18150758743286133,4,30,24,1.2083334
17,15,18100,00:00:05.6010000,28,1366,7069,6136639,6338301,26436413,32774714,109368500,142143214,3.550066575531003,3.0349034770234016,0.16177678108215332,4,29,22,1.2727273
17,16,19347,00:00:10.0850000,31,2362,12522,10221497,10600986,54936119,65537105,184743438,250280543,3.9348046572825877,1.987307586009231,0.12283022701740265,4,32,24,1.2916666
17,17,20743,00:00:26.4710000,36,4066,22428,16726899,17653866,113466632,131120498,320016943,451137441,4.30198484488966,2.600325218701125,0.146262064576149,4,37,29,1.2413793
17,18,22286,00:01:15.9940000,52,7206,40961,27575897,29632977,232535015,262167992,559041560,821209552,4.782382527756033,4.9418648477147675,0.1855912059545517,4,53,44,1.1818181
17,19,23978,00:02:57.7720000,70,12525,74572,44746830,49942566,474389516,524332082,977658582,1501990664,5.32213922192924,7.6896423348206575,0.27867043018341064,4,71,61,1.1475409
17,20,25821,00:06:17.5750000,95,21768,137480,72784869,84686205,964189927,1048876132,1704941996,2753818128,5.9474612779752345,12.593793884769921,0.3745945394039154,4,96,74,1.2837838
18,0,5681,00:00:00.0590000,1,1,2,1008,1008,0,1008,10897,11905,1,1,0,0,1,1,0
18,1,6237,00:00:00.0720000,1,1,4,2001,2001,0,2001,18489,20490,1,1,0,0,1,1,0
18,2,6965,00:00:00.0950000,1,1,5,4007,4007,0,4007,39187,43194,1,1,0,0,1,1,0
18,3,7735,00:00:00.1030000,1,2,6,7997,8001,12,8013,85197,93210,1,1,0,0,1,1,0
18,4,8418,00:00:00.1120000,2,4,10,15405,15411,593,16004,162345,178349,1.0014930217461864,1.002990531836589,0,1,2,1,1
18,5,9172,00:00:00.1230000,2,8,18,28792,28848,3184,32032,321171,353203,1.0019102528480133,1.0038278367878322,0,1,2,1,1
18,6,10032,00:00:00.1410000,4,10,37,51861,51955,12058,64013,655168,719181,1.0070766086269065,1.0142844286234027,0.004982769023627043,1,4,3,1
18,7,10936,00:00:00.1760000,6,20,78,91708,91803,36283,128086,1271173,1399259,1.020597984908623,1.0423461345611746,0.016265906393527985,1,6,5,1
18,8,11990,00:00:00.2310000,7,39,163,157828,158270,97803,256073,2499529,2755602,1.063341105507261,1.1378250667239815,0.04512380063533783,1,7,6,1
18,9,13133,00:00:00.3340000,9,53,298,268291,269949,242333,512282,4749002,5261284,1.187520267172585,1.4833443199979337,0.11669404804706573,1,9,8,1
18,10,14294,00:00:00.5140000,15,105,506,454266,457614,566827,1024441,8554808,9579249,1.4324932968789212,2.5339622211353676,0.23527008295059204,2,15,13,1.0769231
18,11,15440,00:00:00.7750000,19,171,823,764888,773887,1275106,2048993,14759279,16808272,1.7200295991047054,3.6758817339310053,0.3607758581638336,2,19,17,1.0588236
18,12,16631,00:00:01.2400000,26,280,1421,1274553,1296477,2801460,4097937,25323507,29421444,1.9503033612568486,3.595032041389786,0.4232105612754822,2,26,21,1.1904762
18,13,17916,00:00:02.1820000,37,522,2614,2118080,2158105,6038202,8196307,43866146,52062453,2.2022983079014957,4.4858651016464,0.4058137536048889,3,37,30,1.2
18,14,19274,00:00:03.9840000,41,863,4680,3504328,3617076,12771397,16388473,75508252,91896725,2.5848533584755766,7.689804171688675,0.40711337327957153,3,41,31,1.2903225
18,15,20675,00:00:07.2140000,46,1447,8191,5830490,6081554,26688092,32769646,128120155,160889801,3.038751116973016,8.495853800544216,0.42294225096702576,4,47,36,1.2777778
18,16,22126,00:00:13.2060000,49,2480,14162,9697069,10279108,55282122,65561230,215596795,281158025,3.5730528472056866,5.510939270549435,0.37502968311309814,5,50,39,1.2564102
18,17,23607,00:00:26.5020000,47,4175,24434,16389042,17575290,113534516,131109806,358550415,489660221,4.27788677336967,4.48591507911959,0.3741314113140106,4,48,34,1.382353
18,18,25077,00:01:09.1530000,35,7065,42208,28628688,30603254,231554879,262158133,585283580,847441713,5.203078289860856,4.191245523413529,0.20612962543964386,3,36,24,1.4583334
18,19,26574,00:02:37.8180000,37,11923,73435,49271471,52442433,471867771,524310204,955289692,1479599896,5.9030096747060785,2.1972732432782927,0.14431516826152802,4,38,28,1.3214285
18,20,28220,00:05:33.7190000,45,21004,132461,81243486,88490808,960448157,1048938965,1605470798,2654409763,6.438045851454478,3.426436189937683,0.3552968204021454,4,46,35,1.2857143
1,0,5409,00:00:00.0990000,1,1,1,1001,1001,0,1001,8867,9868,1,1,0,0,1,1,0
1,1,6075,00:00:00.1150000,1,2,2,2003,2005,0,2005,18535,20540,1,1,0,0,1,1,0
1,2,6730,00:00:00.1400000,2,2,3,4026,4026,0,4026,37328,41354,1.005464480874317,1.01098870639608,0,1,2,1,1
1,3,7479,00:00:00.1510000,2,3,4,7992,7993,11,8004,81956,89960,1.0181431431431431,1.0369441298272373,0,1,2,1,1
1,4,8245,00:00:00.1610000,2,5,8,15431,15435,588,16023,167255,183278,1.0452984252478776,1.0946822453505247,0,1,2,1,1
1,5,8948,00:00:00.1730000,3,8,19,28853,28866,3140,32006,315444,347450,1.1026583024295566,1.2265501807815073,0.01600133813917637,1,3,2,1
1,6,9666,00:00:00.1990000,3,10,34,52209,52277,11780,64057,591811,655868,1.1928977762454749,1.4545240676347542,0.02188994735479355,1,3,2,1
1,7,10387,00:00:00.2200000,4,15,60,92935,93002,35095,128097,1077054,1205151,1.3411093775219238,1.831281615972885,0.032630208879709244,1,4,3,1
1,8,11122,00:00:00.2520000,3,31,116,161000,161471,94590,256061,1931475,2187536,1.530304347826087,2.0311744084181576,0.0665251836180687,1,3,2,1
1,9,11902,00:00:00.3100000,4,58,215,276611,277948,234360,512308,3466016,3978324,1.7183915317901313,1.7380530930538864,0.08348362147808075,2,4,2,1.5
1,10,12727,00:00:00.4010000,7,86,360,468097,470568,553443,1024011,6179591,7203602,1.8601935069013473,1.41241556189826,0.06813322752714157,2,7,5,1.2
1,11,13666,00:00:00.6040000,9,167,678,781087,787465,1261657,2049122,11283491,13332613,1.9659756211535975,1.257795345607867,0.06148451939225197,2,9,7,1.1428572
1,12,14744,00:00:00.9610000,16,288,1276,1290622,1307098,2790665,4097763,20880172,24977935,2.0805813011090777,1.3374034634363003,0.06851447373628616,3,16,13,1.1538461
1,13,15954,00:00:01.7580000,23,474,2377,2130355,2176737,6019159,8195896,38356383,46552279,2.3234413982646083,2.037723751988988,0.10552076250314713,3,23,19,1.1578947
1,14,17205,00:00:03.3370000,31,822,4255,3587541,3685409,12706379,16391788,67465826,83857614,2.8424344139899724,4.775885416023797,0.174800843000412,3,32,28,1.1071428
1,15,18433,00:00:05.9480000,30,1432,7414,6056371,6279739,26498808,32778547,113537503,146316050,3.43658785104149,4.359603581185918,0.18714639544487,3,31,27,1.1111112
1,16,19722,00:00:10.6900000,33,2424,13033,10070200,10504327,55058098,65562425,191446981,257009406,3.8191118349188695,2.409064696438626,0.25179556012153625,3,33,26,1.2307693
1,17,21190,00:00:20.2850000,43,4161,23592,16300382,17291561,113793875,131085436,333932044,465017480,4.051316282035599,2.15883906799369,0.3665156662464142,3,44,37,1.1621622
1,18,22874,00:00:41.0070000,64,7226,43006,25683694,28779687,233450539,262230226,594884767,857114993,4.421459545499958,4.371423647033317,0.4812500476837158,4,65,53,1.2075472
1,19,24682,00:02:04.4810000,96,12747,78494,42333908,49195506,475234672,524430178,1041316760,1565746938,5.173474440394211,24.035582831995463,0.44370806217193604,4,97,81,1.1851852
1,20,26530,00:05:15.6530000,85,22175,141142,74152408,85737411,963053137,1048790548,1768483069,2817273617,6.157394511045413,14.981120117317277,0.3783596456050873,5,86,63,1.3492063
19,0,6423,00:00:00.0690000,1,1,1,1002,1002,0,1002,9651,10653,1,1,0,0,1,1,0
19,1,7231,00:00:00.0850000,1,1,1,2001,2001,0,2001,20797,22798,1,1,0,0,1,1,0
19,2,7936,00:00:00.1090000,1,1,2,4006,4006,0,4006,40942,44948,1,1,0,0,1,1,0
19,3,8571,00:00:00.1170000,1,4,8,7992,7996,12,8008,77143,85151,1,1,0,0,1,1,0
19,4,9254,00:00:00.1250000,1,2,11,15448,15450,568,16018,151959,167977,1,1,0,0,1,1,0
19,5,9967,00:00:00.1350000,1,5,18,28831,28876,3163,32039,302541,334580,1,1,0,0,1,1,0
19,6,10813,00:00:00.1520000,1,7,36,51863,51956,12062,64018,628734,692752,1,1,0,0,1,1,0
19,7,11752,00:00:00.1810000,4,19,72,91473,91628,36404,128032,1267514,1395546,1.0048757556874706,1.009815089634911,0.0044386303052306175,1,4,3,1
19,8,12850,00:00:00.2420000,6,29,145,157272,157560,98549,256109,2552305,2808414,1.0198891093138003,1.0408790441920766,0.01729249395430088,1,6,5,1
19,9,14086,00:00:00.3410000,7,51,290,266759,268121,244077,512198,4990655,5502853,1.0649800006747663,1.142298680572236,0.05263261869549751,1,7,6,1
19,10,15431,00:00:00.5600000,13,119,530,448294,452416,571940,1024356,9398563,10422919,1.2198624117208796,1.6119939958985565,0.1497020125389099,1,13,12,1
19,11,16771,00:00:00.8830000,21,189,953,754510,763874,1284699,2048573,16634481,18683054,1.5332096327417795,3.4362990609165442,0.330204576253891,2,21,17,1.1764706
19,12,18051,00:00:01.4680000,26,319,1632,1265632,1289248,2807606,4096854,27950438,32047292,1.8857464096988699,6.088063193120855,0.5173404812812805,3,26,19,1.3157895
19,13,19336,00:00:02.4780000,35,507,2740,2119121,2170015,6025040,8195055,46442943,54637998,2.2855962448581275,7.7361134622041945,0.5842702388763428,3,35,26,1.3076923
19,14,20578,00:00:04.1570000,35,911,4608,3594429,3708982,12677838,16386820,75271778,91658598,2.915547921519663,8.442993918761125,0.5336433053016663,4,35,24,1.4166666
19,15,21744,00:00:06.7750000,35,1475,7660,6203713,6390839,26379483,32770322,118912287,151682609,3.6775203817455773,7.860489298176296,0.3910447955131531,4,36,26,1.3461539
19,16,22895,00:00:11.1400000,30,2372,12810,10600810,10938495,54606959,65545454,188282359,253827813,4.32300041223265,4.584630549127227,0.2943887412548065,4,31,20,1.5
19,17,24120,00:00:19.9490000,29,4043,22089,17742964,18430796,112703964,131134760,306944483,438079243,4.8083922731286615,2.4259088858207556,0.17871716618537903,4,30,21,1.3809524
19,18,25484,00:00:50.7030000,37,6951,39238,29163774,30830253,231349232,262179485,518490140,780669625,5.2343208392713505,2.658024433435414,0.15715618431568146,4,38,29,1.2758621
19,19,26995,00:02:12.4320000,54,12072,71002,47956640,52211119,472135609,524346728,892225316,1416572044,5.831592642854045,6.075076931868859,0.19774846732616425,4,55,41,1.3170732
19,20,28601,00:04:53.1010000,72,21061,128495,82756479,90791868,957787621,1048579489,1524776073,2573355562,6.7738659712673375,8.645344078239074,0.322062224149704,5,73,50,1.44
20,0,5915,00:00:00.0720000,1,1,1,1005,1005,0,1005,9534,10539,1,1,0,0,1,1,0
20,1,6694,00:00:00.0950000,1,1,2,2011,2011,0,2011,20148,22159,1,1,0,0,1,1,0
20,2,7438,00:00:00.1200000,1,1,4,4033,4033,0,4033,41709,45742,1,1,0,0,1,1,0
20,3,8153,00:00:00.1280000,1,1,4,7991,7991,10,8001,82920,90921,1,1,0,0,1,1,0
20,4,8952,00:00:00.1400000,2,7,12,15411,15421,593,16014,173042,189056,1.001622217896308,1.003249663003839,0,1,2,1,1
20,5,9662,00:00:00.1520000,2,6,19,28819,28828,3185,32013,323563,355576,1.0030188417363546,1.0060559388334105,0,1,2,1,1
20,6,10535,00:00:00.1680000,4,8,35,51930,51937,12146,64083,661109,725192,1.008530714423262,1.0172427789314524,0.005108903627842665,1,4,3,1
20,7,11459,00:00:00.2060000,4,19,72,91495,91647,36410,128057,1289400,1417457,1.019476474124269,1.0399306029343989,0.015879901126027107,1,4,3,1
20,8,12523,00:00:00.2580000,4,31,149,157587,158103,97921,256024,2529797,2785821,1.0550426113829185,1.1181514460127575,0.04626370593905449,1,4,3,1
20,9,13671,00:00:00.3490000,9,54,269,268752,269621,242485,512106,4789878,5301984,1.1707559385604571,1.4295845401897542,0.09726940095424652,1,9,8,1
20,10,14861,00:00:00.5190000,11,102,476,454617,457453,566771,1024224,8683852,9708076,1.409032218328835,2.4000851736259414,0.2233690619468689,2,11,9,1.1111112
20,11,16021,00:00:00.7880000,14,177,854,764638,773248,1275227,2048475,14948270,16996745,1.6987751066517751,3.595161004515921,0.34323522448539734,2,14,12,1.0833334
20,12,17221,00:00:01.2680000,20,282,1451,1275998,1292494,2803780,4096274,25598268,29694542,1.9427279666582549,3.575231167782962,0.4102711081504822,2,20,16,1.1875
20,13,18518,00:00:02.1890000,26,469,2551,2112898,2154099,6039665,8193764,44312106,52505870,2.1949403142035253,4.223741183045553,0.40529748797416687,3,26,20,1.25
20,14,19879,00:00:03.8610000,33,806,4519,3512854,3611806,12772353,16384159,76019780,92403939,2.5638913544371613,5.521699536408129,0.3594210743904114,3,33,27,1.1851852
20,15,21304,00:00:07.0170000,35,1416,8045,5780003,6049811,26730103,32779914,129576511,162356425,2.9699861747476604,4.822271427408701,0.3302701711654663,3,36,30,1.1666666
20,16,22811,00:00:13.0420000,47,2587,14272,9598307,10155182,55408542,65563724,220571203,286134927,3.422194976676616,5.6049626702391295,0.29039326310157776,4,48,40,1.175
20,17,24402,00:00:24.9690000,57,4380,25296,15807677,17080417,114018704,131099121,374449162,505548283,3.9178154386631254,4.7034126246924854,0.20355089008808136,5,58,48,1.1875
20,18,26096,00:01:17.0830000,75,7434,44997,26156583,28934628,233244021,262178649,636360942,898539591,4.521078804521218,7.850269009942963,0.23246923089027405,4,76,64,1.171875
20,19,27833,00:02:57.3560000,85,12575,79394,44936106,50197912,474222233,524420145,1064633351,1589053496,5.428375057687464,9.773760042054684,0.29949676990509033,4,86,66,1.2878788
20,20,29575,00:06:06.7240000,71,21384,139930,79691084,87785056,961114436,1048899492,1750236592,2799136084,6.411795527840981,8.066842990426007,0.2673964500427246,5,72,46,1.5434783
21,0,8128,00:00:00.0850000,2,2,4,1002,1002,0,1002,8474,9476,1.3512974051896207,1.8374754433127447,0,1,2,1,1
21,1,8569,00:00:00.0980000,2,2,4,2004,2004,0,2004,14752,16756,1.5508982035928143,1.979487550876584,0,1,2,1,1
21,2,8990,00:00:00.1030000,2,2,4,4001,4001,0,4001,26621,30622,1.617595601099725,1.8951688977013383,0,1,2,1,1
21,3,9440,00:00:00.1250000,2,2,4,8027,8027,1,8028,52808,60836,1.7234334122337112,1.667097288444593,0,1,2,1,1
21,4,9827,00:00:00.1290000,2,4,7,15528,15533,469,16002,96044,112046,1.8053838227717671,1.4566249289281146,0,1,2,1,1
21,5,10209,00:00:00.1350000,2,5,10,29253,29263,2768,32031,176800,208831,1.8732095853416744,1.2844046928273865,0,1,2,1,1
21,6,10626,00:00:00.1410000,2,6,20,53436,53466,10584,64050,336883,400933,1.9090687925742944,1.1980718221688287,0,1,2,1,1
21,7,11091,00:00:00.1490000,2,8,31,94844,94932,33228,128160,653053,781213,1.9448357302517818,1.1163733987209437,0,1,2,1,1
21,8,11621,00:00:00.1640000,2,23,72,165064,165302,91005,256307,1272249,1528556,1.9681214559201279,1.065785139615818,0,1,2,1,1
21,9,12240,00:00:00.1950000,2,49,151,281919,282593,229807,512400,2495470,3007870,1.984116004951777,1.0322723028613865,0,1,2,1,1
21,10,12983,00:00:00.2710000,3,61,276,472733,474667,550014,1024681,4949811,5974492,1.9943667990176273,1.0168230672651644,0,2,3,1,2
21,11,13877,00:00:00.4180000,5,149,579,784385,789920,1258830,2048750,9819034,11867784,2.004757867628779,1.021211418850438,0.007440433371812105,2,5,3,1.3333334
21,12,14956,00:00:00.7270000,9,247,1116,1288249,1302257,2794498,4096755,19435405,23532160,2.0281110251201437,1.06317606644911,0.025755437090992928,2,9,7,1.1428572
21,13,16249,00:00:01.5130000,21,476,2291,2105475,2144467,6050381,8194848,38164076,46358924,2.120639760624087,1.2863422005399572,0.09240664541721344,2,21,19,1.0526316
21,14,17692,00:00:03.3550000,38,834,4456,3471812,3573612,12814963,16388575,71826998,88215573,2.418528998690021,2.611685210688117,0.2880289554595947,2,38,33,1.1212121
21,15,19166,00:00:06.8210000,46,1496,8170,5750614,6041370,26730875,32772245,127077081,159849326,2.953506877700364,8.627019541739152,0.5198090076446533,2,46,39,1.1538461
21,16,20639,00:00:12.8840000,56,2490,14260,9672908,10240951,55297614,65538565,215820960,281359525,3.5378971866578284,5.565041232093754,0.37386462092399597,3,56,47,1.1702127
21,17,22183,00:00:32.1510000,54,4351,25074,16031766,17183162,113893623,131076785,365236005,496312790,3.9943847733306486,3.301413701437201,0.2828627824783325,3,54,41,1.2926829
21,18,23867,00:01:34.0920000,63,7326,44450,26446842,28878154,233342283,262220437,625865202,888085639,4.492025286043604,5.973615196908916,0.35878872871398926,3,64,49,1.2857143
21,19,25663,00:03:33.7310000,75,12715,79909,43377339,49123539,475198608,524322147,1069638720,1593960867,5.142909296487735,12.460771446669005,0.34285297989845276,4,76,56,1.3392857
21,20,27560,00:07:05.1520000,92,21846,143575,73114511,84191403,964446412,1048637815,1817213204,2865851019,5.912820766865281,16.634304529720538,0.32981422543525696,5,93,71,1.2957747
22,0,3292,00:00:00.0420000,1,1,4,1001,1001,0,1001,7675,8676,1,1,0,0,1,1,0
22,1,4074,00:00:00.0660000,1,1,4,2004,2004,0,2004,18681,20685,1,1,0,0,1,1,0
22,2,4825,00:00:00.0910000,1,1,4,4013,4013,0,4013,40156,44169,1,1,0,0,1,1,0
22,3,5411,00:00:00.0970000,1,2,5,7993,7994,10,8004,74647,82651,1,1,0,0,1,1,0
22,4,6148,00:00:00.1070000,1,3,14,15422,15441,576,16017,157004,173021,1,1,0,0,1,1,0
22,5,6884,00:00:00.1170000,1,5,21,28782,28813,3215,32028,313726,345754,1,1,0,0,1,1,0
22,6,7704,00:00:00.1330000,1,10,34,52037,52115,11904,64019,627688,691707,1,1,0,0,1,1,0
22,7,8648,00:00:00.1600000,2,16,75,91394,91462,36581,128043,1271448,1399491,1.002330568746307,1.004671945823118,0,1,2,1,1
22,8,9715,00:00:00.2100000,3,27,138,157360,157643,98517,256160,2522609,2778769,1.0077211489578037,1.0155781750285673,0.004736328963190317,1,3,2,1
22,9,10964,00:00:00.3170000,5,55,263,265337,266975,245154,512129,4996324,5508453,1.0296905444774005,1.0616005018541013,0.018430471420288086,1,5,4,1
22,10,12407,00:00:00.5350000,14,111,532,446523,449441,574836,1024277,9739654,10763931,1.1344589192494003,1.314345204849806,0.07122166454792023,2,14,12,1.0833334
22,11,13850,00:00:00.9180000,21,193,985,749607,759895,1288924,2048819,17524262,19573081,1.4503399781485498,2.479469528275228,0.19782350957393646,2,21,18,1.1111112
22,12,15143,00:00:01.5460000,28,320,1706,1268997,1294387,2802469,4096856,28910053,33006909,1.9726705421683424,4.865273212662483,0.288512259721756,2,28,24,1.125
22,13,16323,00:00:02.5140000,32,553,2737,2152945,2203703,5993035,8196738,45867291,54064029,2.4822255097087944,4.087915348050626,0.2678372263908386,3,32,27,1.1481482
22,14,17521,00:00:04.1110000,36,886,4546,3593814,3687720,12705252,16392972,73834299,90227271,2.833148293150397,2.590091386363806,0.22863590717315674,3,36,28,1.25
22,15,18846,00:00:07.1030000,31,1460,7948,5859072,6109452,26673324,32782776,123766639,156549415,3.090461424607856,2.4339473403376277,0.2285321056842804,3,32,22,1.4090909
22,16,20316,00:00:12.8790000,43,2543,14064,9592232,10189458,55369016,65558474,212592201,278150675,3.4552566076383475,4.198384285839513,0.27512606978416443,4,44,31,1.3870968
22,17,21885,00:00:23.8390000,60,4322,24991,15838062,17160555,113936816,131097371,364309787,495407158,3.970012618968154,6.622849527917215,0.3470309376716614,4,61,47,1.2765957
22,18,23545,00:00:44.8730000,71,7333,44282,26191338,29119964,233084803,262204767,620942568,883147335,4.6003744062254475,11.22535998010131,0.37002649903297424,4,72,52,1.3653846
22,19,25284,00:01:58.9350000,70,12634,78807,44284652,49777636,474697446,524475082,1050487214,1574962296,5.3135010296569565,14.099939119334696,0.5190341472625732,4,71,50,1.4
22,20,27127,00:05:02.2640000,77,21742,141128,74353767,84815393,964091222,1048906615,1777530000,2826436615,5.978456572348244,10.592850298347557,0.5446567535400391,4,78,56,1.375
23,0,5884,00:00:00.0800000,1,2,3,1001,1002,0,1002,8477,9479,1,1,0,0,1,1,0
23,1,6538,00:00:00.0980000,2,3,4,2008,2009,0,2009,17850,19859,1.029382470119522,1.060488431371618,0,1,2,1,1
23,2,7242,00:00:00.1290000,3,3,5,4010,4010,0,4010,37957,41967,1.044139650872818,1.0924070896970532,0.01239356305450201,1,3,2,1
23,3,7886,00:00:00.1510000,3,4,8,7993,7994,7,8001,75047,83048,1.1211059677217565,1.2751241531915531,0.06061931326985359,1,3,2,1
23,4,8452,00:00:00.1610000,3,5,11,15462,15464,539,16003,139135,155138,1.19906868451688,1.4894046917374282,0.11769022792577744,1,3,2,1
23,5,9071,00:00:00.1730000,3,7,15,28951,28970,3046,32016,270014,302030,1.322752236537598,1.874040850889105,0.2113102227449417,1,3,2,1
23,6,9675,00:00:00.1870000,4,10,34,52661,52711,11310,64021,501942,565963,1.4727977060823,2.2863004184021087,0.31250229477882385,2,4,2,1.5
23,7,10258,00:00:00.2070000,4,21,61,93631,93836,34245,128081,895551,1023632,1.627035917591396,2.421220221940107,0.4223346710205078,2,4,2,1.5
23,8,10876,00:00:00.2390000,6,35,99,163042,163471,92687,256158,1613431,1869589,1.7759534353111468,2.2246139652622037,0.513232946395874,2,6,4,1.25
23,9,11551,00:00:00.2900000,7,48,177,279614,280546,232097,512643,2944773,3457416,1.8950553262712166,1.9695519512602238,0.5610179305076599,2,7,5,1.2
23,10,12308,00:00:00.4050000,9,76,310,473288,475197,549301,1024498,5436583,6461081,2.0057195618735317,1.9129062088416935,0.5728088021278381,2,9,7,1.1428572
23,11,13164,00:00:00.5970000,10,154,600,790709,796857,1251630,2048487,10083309,12131796,2.1438620276233102,2.1348576148749996,0.5253556966781616,2,10,8,1.125
23,12,14124,00:00:00.9590000,11,272,1125,1311793,1332888,2765107,4097995,18610915,22708910,2.347305558117782,2.857851666675075,0.4359254240989685,2,11,9,1.1111112
23,13,15169,00:00:01.7200000,23,467,2093,2194566,2231755,5963833,8195588,33688432,41884020,2.6350458359420497,3.4610606381199758,0.3324139416217804,3,23,19,1.1578947
23,14,16312,00:00:03.2710000,30,774,3785,3636472,3715692,12673163,16388855,60396154,76785009,2.91806096678319,3.1468106943155263,0.2543445825576782,4,31,24,1.25
23,15,17573,00:00:06.3500000,38,1371,7033,6011607,6199122,26575668,32774790,107853196,140627986,3.2626806775625887,4.0821082567806135,0.21078400313854218,4,39,28,1.3571428
23,16,18897,00:00:12.3530000,38,2432,12702,10070216,10560506,54996238,65556744,187583913,253140657,3.9113594981478053,9.629087258731515,0.23482242226600647,5,39,25,1.52
23,17,20207,00:00:38.1820000,37,4109,22135,17544818,18280022,112793811,131073833,313920397,444994230,4.752195377575305,7.392585548193201,0.3039666414260864,5,38,24,1.5416666
23,18,21508,00:01:26.6740000,26,6907,38591,30846394,32029342,230150052,262179394,514619994,776799388,5.732628650207865,6.263599987086501,0.23430366814136505,5,27,18,1.4444444
23,19,22810,00:02:49.0390000,15,11681,67765,53622264,55716153,468665664,524381817,836212184,1360594001,6.60066531319901,2.038861845316109,0.17653138935565948,3,16,10,1.5
23,20,24257,00:05:31.5000000,21,20390,122701,87484907,92646734,956322436,1048969170,1409055467,2458024637,6.93447349723993,1.2553803494825893,0.06693720072507858,4,22,17,1.2352941
24,0,3383,00:00:00.0400000,1,1,1,1001,1001,0,1001,9456,10457,1,1,0,0,1,1,0
24,1,4158,00:00:00.0550000,1,1,1,2007,2007,0,2007,21089,23096,1,1,0,0,1,1,0
24,2,4881,00:00:00.0790000,3,3,3,4008,4008,0,4008,41711,45719,1.0032435129740518,1.0065130971966496,0,1,3,2,1
24,3,5687,00:00:00.0990000,2,3,5,7986,7992,10,8002,88914,96916,1.0011269722013523,1.0022564299798078,0,1,2,1,1
24,4,6360,00:00:00.1070000,3,6,11,15444,15450,570,16020,164550,180570,1.0046620046620047,1.0093774585715543,0,1,3,2,1
24,5,7112,00:00:00.1190000,3,11,19,28753,28794,3212,32006,323462,355468,1.0097033353041422,1.019620954357265,0.004507480189204216,1,3,2,1
24,6,7966,00:00:00.1360000,3,12,36,52041,52129,11939,64068,650645,714713,1.0175246440306682,1.0357482714486106,0.010129016824066639,1,3,2,1
24,7,8886,00:00:00.1630000,4,20,66,91391,91730,36332,128062,1273578,1401640,1.052532525084527,1.111188922324527,0.019037611782550812,1,4,3,1
24,8,9884,00:00:00.2090000,7,30,130,157794,158485,97519,256004,2439644,2695648,1.1373879868689558,1.3204954696123168,0.0534268356859684,1,7,6,1
24,9,10926,00:00:00.2890000,12,49,250,270651,271486,240687,512173,4486901,4999074,1.3331338143956608,1.9165599394195647,0.11136891692876816,2,12,10,1.1
24,10,11959,00:00:00.4430000,13,97,447,459420,462638,562097,1024735,7870268,8895003,1.5943842235862609,2.494731503043555,0.18687739968299866,2,13,11,1.0909091
24,11,12997,00:00:00.6700000,19,158,807,775338,781271,1267475,2048746,13486037,15534783,1.86379875615538,2.3344619148877928,0.23454716801643372,2,19,16,1.125
24,12,14075,00:00:01.0710000,24,266,1356,1301193,1314044,2782081,4096125,23029892,27126017,2.168791255409459,2.5829328941433007,0.23700670897960663,3,24,20,1.15
24,13,15149,00:00:01.7850000,27,472,2259,2212984,2244692,5951746,8196438,38444285,46640723,2.74471256909223,4.102851553880952,0.22726882994174957,3,27,22,1.1818181
24,14,16154,00:00:02.9580000,26,799,3848,3789217,3866220,12528528,16394748,61801024,78195772,3.4342876113983443,2.5418223372964515,0.19656997919082642,4,26,19,1.3157895
24,15,17187,00:00:04.8900000,20,1305,6602,6323718,6491467,26292484,32783951,100674842,133458793,3.8294261382307053,1.456345807525342,0.13376201689243317,4,21,14,1.4285715
24,16,18368,00:00:08.8690000,22,2271,11685,10283127,10695161,54875994,65571155,172249629,237820784,4.025378856061974,1.2964496061559962,0.075615793466568,4,23,17,1.2941177
24,17,19744,00:00:17.7910000,40,4099,21507,16675617,17680860,113443066,131123926,305730836,436854762,4.306947443084115,2.012330330397563,0.09777498245239258,3,41,34,1.1764706
24,18,21258,00:00:59.6670000,63,7024,39525,27699204,30035427,232182986,262218413,539901222,802119635,4.943208187498818,7.455562328579839,0.20378342270851135,3,64,55,1.1454545
24,19,22836,00:02:26.3600000,65,12241,72184,46796666,51569615,472911953,524481568,929695621,1454177189,5.722198307888002,4.998863452910291,0.5053888559341431,3,65,47,1.3617021
24,20,24523,00:05:05.0480000,61,21738,131830,79637036,88128541,960449531,1048578072,1595226927,2643804999,6.42890344387001,6.316198041232312,0.5659205913543701,4,61,42,1.4285715
25,0,3451,00:00:00.0540000,1,1,1,1003,1003,0,1003,8437,9440,1,1,0,0,1,1,0
25,1,4059,00:00:00.0720000,1,1,2,2008,2008,0,2008,16717,18725,1,1,0,0,1,1,0
25,2,4761,00:00:00.1010000,1,1,3,4006,4006,0,4006,37276,41282,1,1,0,0,1,1,0
25,3,5484,00:00:00.1120000,1,2,11,7991,7992,12,8004,78519,86523,1,1,0,0,1,1,0
25,4,6162,00:00:00.1230000,1,4,14,15438,15445,567,16012,154421,170433,1,1,0,0,1,1,0
25,5,6921,00:00:00.1370000,2,6,19,28799,28835,3206,32041,314936,346977,1.0013889371158722,1.0027816728949759,0,1,2,1,1
25,6,7718,00:00:00.1590000,3,9,40,52015,52087,11926,64013,624627,688640,1.0057098913774873,1.0115004726032437,0.003193075302988291,1,3,2,1
25,7,8668,00:00:00.2050000,4,14,69,91356,91501,36569,128070,1270709,1398779,1.0196374622356494,1.040293695272286,0.01730947569012642,1,4,3,1
25,8,9724,00:00:00.2670000,6,31,145,157490,157882,98235,256117,2508149,2764266,1.060632421106102,1.1315665344701973,0.04474368318915367,1,6,5,1
25,9,10865,00:00:00.3930000,7,54,273,267669,269113,243111,512224,4757260,5269484,1.1762437936406531,1.4497852636647561,0.12007109820842743,1,7,6,1
25,10,12041,00:00:00.5980000,14,84,469,456377,458570,565668,1024238,8596689,9620927,1.421655780199265,2.523366310654469,0.22732405364513397,2,14,12,1.0833334
25,11,13188,00:00:00.8910000,15,141,800,765085,773752,1274942,2048694,14798035,16846729,1.7118424750191155,3.986099364596135,0.3740767240524292,2,15,12,1.1666666
25,12,14376,00:00:01.4430000,22,288,1437,1276889,1295020,2801130,4096150,25331586,29427736,1.9654135950736518,4.229519344070186,0.44462937116622925,2,22,17,1.2352941
25,13,15645,00:00:02.6520000,27,540,2647,2114643,2164312,6031310,8195622,43633220,51828842,2.2420205207214647,5.1465640814094655,0.3992730975151062,3,27,20,1.3
25,14,16970,00:00:04.7780000,38,877,4563,3520735,3633202,12758476,16391678,74511411,90903089,2.6313954330558817,6.125605983021806,0.3571121394634247,3,38,29,1.2758621
25,15,18345,00:00:08.6840000,44,1478,7923,5844356,6099627,26672336,32771963,126170862,158942825,3.0744786936319417,5.616295624042338,0.34337756037712097,4,45,36,1.2222222
25,16,19777,00:00:20.2360000,48,2451,13816,9747144,10309126,55227790,65536916,212504860,278041776,3.6152309845837918,6.2068964324754985,0.3252238929271698,4,49,37,1.2972972
25,17,21248,00:00:54.7750000,48,4179,24191,16425545,17537861,113539460,131077321,354572849,485650170,4.24935044773248,5.642358898706147,0.3473462760448456,3,49,39,1.2307693
25,18,22800,00:01:57.8940000,47,7104,42837,27318105,29589624,232603440,262193064,594877667,857070731,4.775835439537259,3.795813920301841,0.3804815411567688,4,48,35,1.3428571
25,19,24520,00:04:01.2160000,60,12395,77213,43784762,49522854,474911686,524434540,1020773787,1545208327,5.214572960337206,4.107242307469758,0.4397103190422058,3,61,46,1.3043479
25,20,26350,00:07:52.5960000,81,21734,139541,74985252,86497318,962262379,1048759697,1740533898,2789293595,6.25204073462339,17.19645315672118,0.4497515857219696,4,82,64,1.265625
26,0,4671,00:00:00.0540000,1,1,2,1001,1001,0,1001,9505,10506,1,1,0,0,1,1,0
26,1,5246,00:00:00.0680000,1,1,2,2007,2007,0,2007,17879,19886,1,1,0,0,1,1,0
26,2,5839,00:00:00.0910000,1,2,3,4008,4009,0,4009,34804,38813,1,1,0,0,1,1,0
26,3,6563,00:00:00.0990000,1,1,6,8001,8001,11,8012,77100,85112,1,1,0,0,1,1,0
26,4,7282,00:00:00.1080000,2,6,14,15414,15423,580,16003,157718,173721,1.0014921499935123,1.0029887382922467,0,1,2,1,1
26,5,7987,00:00:00.1200000,2,8,22,28797,28838,3163,32001,306037,338038,1.0019099211723443,1.0038271186997916,0,1,2,1,1
26,6,8811,00:00:00.1370000,4,13,38,51840,51919,12088,64007,623942,687949,1.0052469135802469,1.010566172619665,0.0034247771836817265,1,4,3,1
26,7,9755,00:00:00.1760000,5,19,75,91234,91526,36498,128024,1264974,1392998,1.0150382532827673,1.0306929360120605,0.013210638426244259,1,5,4,1
26,8,10802,00:00:00.2240000,8,35,122,157502,158186,97997,256183,2484989,2741172,1.0498660334471943,1.1069533040194395,0.040128253400325775,1,8,7,1
26,9,11954,00:00:00.3140000,12,57,243,268538,269518,242647,512165,4752146,5264311,1.173993997125174,1.4226156979929716,0.12138893455266953,2,12,10,1.1
26,10,13103,00:00:00.4790000,15,102,457,456617,459507,564639,1024146,8500658,9524804,1.5026378781341911,2.7522701856231446,0.2402515411376953,2,15,13,1.0769231
26,11,14125,00:00:00.7160000,17,177,796,782397,789818,1258694,2048512,13993927,16042439,2.0358999331541403,5.05387234632635,0.2989187240600586,2,17,14,1.1428572
26,12,15058,00:00:01.0470000,20,287,1268,1331007,1347898,2750071,4097969,22234145,26332114,2.508515732824846,2.795240149611976,0.24956756830215454,3,20,15,1.2666667
26,13,16025,00:00:01.6650000,21,462,2117,2220345,2259269,5933593,8192862,36188697,44381559,2.810991535099275,1.6506938355373155,0.17691946029663086,3,21,15,1.3333334
26,14,17111,00:00:02.8260000,25,792,3797,3651303,3743864,12649308,16393172,61600908,77994080,3.0009582880412826,1.4064237728860816,0.10803154855966568,3,25,20,1.2
26,15,18359,00:00:05.2860000,29,1383,6973,5933778,6186553,26585810,32772363,108657243,141429606,3.237197448236183,1.869909455677241,0.08030969649553299,4,30,25,1.16
26,16,19736,00:00:10.3880000,43,2427,12731,9769590,10378372,55181831,65560203,191787551,257347754,3.673488959106779,4.840022989251239,0.18251381814479828,3,44,33,1.3030303
26,17,21189,00:00:33.1000000,56,4073,22985,16331249,17580371,113545070,131125441,332251068,463376509,4.26196147030763,9.975751430207058,0.2738587260246277,4,57,44,1.2727273
26,18,22730,00:01:26.8770000,58,7182,41467,27305483,29704352,232536521,262240873,570832427,833073300,4.822707549249357,6.71194648392752,0.48066771030426025,3,58,44,1.2954545
26,19,24418,00:03:12.3890000,65,12598,75583,45180499,49923309,474369079,524292388,988544498,1512836886,5.33326814296584,7.578359297769033,0.4357443153858185,3,66,54,1.2037038
26,20,26273,00:06:34.4670000,78,21651,137898,73138415,84330654,964421775,1048752429,1720729035,2769481464,5.891316676742311,7.861598834839229,0.42762482166290283,3,79,65,1.2
27,0,4270,00:00:00.1130000,1,1,1,1007,1007,0,1007,9254,10261,1,1,0,0,1,1,0
27,1,4933,00:00:00.1330000,1,3,3,1998,2001,0,2001,18981,20982,1,1,0,0,1,1,0
27,2,5704,00:00:00.1640000,2,2,5,4004,4004,0,4004,41353,45357,1.0022477522477522,1.0045056061762965,0,1,2,1,1
27,3,6382,00:00:00.1750000,2,3,7,7990,7995,11,8006,79768,87774,1.0052565707133918,1.010568447153134,0,1,2,1,1
27,4,7084,00:00:00.1860000,3,5,11,15419,15422,580,16002,159430,175432,1.0132304299889747,1.0268491673749267,0.005123130977153778,1,3,2,1
27,5,7843,00:00:00.2120000,3,5,20,28776,28780,3255,32035,321989,354024,1.0234917987211565,1.0482388963611888,0.013416419737040997,1,3,2,1
27,6,8664,00:00:00.2330000,3,10,34,52061,52095,11919,64014,637516,701530,1.0358425692937132,1.0745313027455463,0.017379093915224075,1,3,2,1
27,7,9529,00:00:00.2640000,3,17,72,91860,91961,36143,128104,1221904,1350008,1.089168299586327,1.196136120337449,0.044191088527441025,1,3,2,1
27,8,10481,00:00:00.3160000,4,28,120,158626,159005,97246,256251,2333811,2590062,1.2082823748944058,1.5112843682095916,0.07017496973276138,1,4,3,1
27,9,11460,00:00:00.3930000,6,50,209,271559,272340,239864,512204,4261805,4774009,1.4137369779679554,2.0894557880370033,0.10869500041007996,1,6,5,1
27,10,12437,00:00:00.5410000,6,82,393,461647,464102,560177,1024279,7464488,8488767,1.6512270197791818,2.179920960710105,0.16583748161792755,1,6,5,1
27,11,13472,00:00:00.7970000,10,176,753,775499,779947,1269308,2049255,13079615,15128870,1.8383672964117297,1.7438230221144726,0.1856226921081543,2,10,8,1.125
27,12,14627,00:00:01.3200000,11,276,1387,1282231,1296388,2800996,4097384,23356446,27453830,1.9486769544645233,1.4589318487941174,0.1935480237007141,2,11,9,1.1111112
27,13,15973,00:00:02.5010000,18,465,2591,2093671,2134261,6061617,8195878,42847659,51043537,2.037933849205534,1.4682979928970594,0.1942155808210373,2,18,15,1.1333333
27,14,17514,00:00:05.0470000,34,881,4801,3407672,3525459,12860537,16385996,78859191,95245187,2.2507817653811752,2.192308151009837,0.1911597102880478,3,34,29,1.137931
27,15,19118,00:00:09.8950000,53,1438,8630,5646702,5941204,26827599,32768803,138985769,171754572,2.74167788560473,6.152051129245592,0.2654404938220978,3,54,47,1.1276596
27,16,20697,00:00:24.7960000,72,2597,15043,9516779,10125783,55435319,65561102,234037807,299598909,3.398295999098014,9.31765414251106,0.28931689262390137,5,73,57,1.2631578
27,17,22202,00:01:03.7780000,58,4298,25430,16692384,17785499,113291113,131076612,378652593,509729205,4.47342189108518,6.806961043484435,0.21624599397182465,5,59,45,1.2888889
27,18,23530,00:01:59.5010000,24,6966,42163,30519165,31867495,230411607,262279102,583131971,845411073,5.681358975581409,1.5915016896836824,0.15493428707122803,5,25,15,1.6
27,19,24936,00:03:37.2600000,22,11554,72587,50536464,52979959,471457371,524437330,931947102,1456384432,5.986314554971634,1.1496433829205244,0.07255423814058304,4,23,17,1.2941177
27,20,26600,00:06:59.8080000,47,20806,131507,78422704,87306476,961337632,1048644108,1590570518,2639214626,6.24419948590398,1.647483091968178,0.05759270116686821,4,48,42,1.1190476
28,0,6674,00:00:00.1710000,1,1,1,1005,1005,0,1005,8451,9456,1,1,0,0,1,1,0
28,1,7344,00:00:00.1940000,1,1,1,2003,2003,0,2003,17930,19933,1,1,0,0,1,1,0
28,2,8053,00:00:00.2450000,1,2,3,4007,4008,0,4008,38435,42443,1,1,0,0,1,1,0
28,3,8784,00:00:00.2590000,1,1,3,8009,8009,9,8018,81348,89366,1,1,0,0,1,1,0
28,4,9479,00:00:00.2720000,1,2,6,15412,15413,592,16005,160492,176497,1,1,0,0,1,1,0
28,5,10242,00:00:00.2930000,1,5,15,28774,28783,3237,32020,322159,354179,1,1,0,0,1,1,0
28,6,11081,00:00:00.3200000,1,10,38,51966,52054,11979,64033,643467,707500,1,1,0,0,1,1,0
28,7,12027,00:00:00.3640000,3,16,67,91571,91660,36403,128063,1283888,1411951,1.0044992410260891,1.0090462028785303,0.0018701208755373955,1,3,2,1
28,8,13117,00:00:00.4350000,5,22,132,157376,157580,98431,256011,2560778,2816789,1.0189228344855632,1.0387745359191902,0.013984250836074352,1,5,4,1
28,9,14357,00:00:00.5940000,6,50,253,266861,268194,243994,512188,5003994,5516182,1.0669262275117009,1.145713375190828,0.042274121195077896,1,6,5,1
28,10,15705,00:00:00.9270000,12,91,489,449720,452386,572154,1024540,9435661,10460201,1.237534465889887,1.635261971890002,0.12059303373098373,2,12,10,1.1
28,11,17003,00:00:01.3320000,17,139,893,760679,767266,1281251,2048517,16429775,18478292,1.5827964226697464,3.101429951339171,0.2371988445520401,2,17,15,1.0666667
28,12,18220,00:00:01.8190000,22,250,1517,1283954,1299539,2797951,4097490,27165330,31262820,2.0058530134257144,4.140453784875395,0.2867544889450073,3,22,18,1.1666666
28,13,19407,00:00:02.6930000,24,456,2568,2156402,2195637,6000497,8196134,44236902,52433036,2.4437530664505043,3.7005217303643914,0.24554331600666046,3,24,19,1.2105263
28,14,20609,00:00:04.1830000,30,821,4364,3626814,3698711,12689337,16388048,72251850,88639898,2.8689990719127034,2.6469305545334527,0.18333043158054352,3,30,23,1.2608696
28,15,21874,00:00:06.8830000,30,1367,7537,6026033,6212333,26566064,32778397,119808570,152586967,3.294773194902849,2.983778100253368,0.15623058378696442,4,31,22,1.3636364
28,16,23216,00:00:11.9440000,31,2338,13151,10010112,10437530,55127579,65565109,200843671,266408780,3.7533791829701806,3.8563642773043254,0.19305773079395294,4,32,22,1.4090909
28,17,24658,00:00:21.3640000,38,4135,23477,16514687,17559846,113552635,131112481,340395529,471508010,4.2361717179381,4.839396392830123,0.39912062883377075,3,39,29,1.3103448
28,18,26193,00:00:40.9190000,49,7083,41857,27478215,29928565,232271685,262200250,577737436,839937686,4.907733999461027,9.343589457480507,0.4382729232311249,4,50,36,1.3611112
28,19,27722,00:01:50.5610000,46,12320,73921,49104027,53431436,471001768,524433204,953768986,1478202190,6.178069713101127,6.169412824100117,0.3499562442302704,5,47,33,1.3939394
28,20,29166,00:04:07.4510000,31,21047,128600,90649524,95710061,953241254,1048951315,1521758746,2570710061,7.384313965068366,3.0003717617269134,0.11683160066604614,4,32,23,1.3478261
2,0,6932,00:00:00.0790000,2,2,4,1009,1009,0,1009,10391,11400,1.001982160555005,1.0039721626862226,0,1,2,1,1
2,1,7474,00:00:00.0930000,2,2,5,2006,2006,0,2006,18311,20317,1.005483549351944,1.0110272710061488,0,1,2,1,1
2,2,8114,00:00:00.1160000,1,1,5,4011,4011,0,4011,36438,40449,1,1,0,0,1,1,0
2,3,8734,00:00:00.1220000,1,1,7,8000,8000,12,8012,72058,80070,1,1,0,0,1,1,0
2,4,9485,00:00:00.1320000,1,4,13,15414,15432,587,16019,155912,171931,1,1,0,0,1,1,0
2,5,10224,00:00:00.1430000,2,6,23,28782,28794,3238,32032,313043,345075,1.0041345285247725,1.0083032592354277,0,1,2,1,1
2,6,11024,00:00:00.1590000,2,11,47,52123,52190,11872,64062,622554,686616,1.0094200257084205,1.0190175168660547,0,1,2,1,1
2,7,11983,00:00:00.1870000,4,20,91,91289,91497,36541,128038,1275289,1403327,1.0297735762249558,1.0616146689298094,0.014973337762057781,1,4,3,1
2,8,13024,00:00:00.2460000,7,47,176,157386,157967,98144,256111,2496162,2752273,1.0863863367770958,1.191902480237657,0.04251665994524956,1,7,6,1
2,9,14132,00:00:00.3320000,10,47,301,269069,270258,242015,512273,4675679,5187952,1.2406929077671527,1.6453934527317284,0.11120005697011948,1,10,9,1
2,10,15230,00:00:00.4970000,13,102,488,457217,460448,564172,1024620,8271124,9295744,1.4997670690284919,2.621431444570427,0.21934503316879272,2,13,11,1.0909091
2,11,16333,00:00:00.7400000,15,169,812,768654,775914,1272158,2048072,14241700,16289772,1.761834323375667,2.893635014393205,0.31272342801094055,2,15,13,1.0769231
2,12,17503,00:00:01.1890000,20,298,1434,1279730,1297496,2799402,4096898,24629424,28726322,1.9761613777906277,2.622433475522645,0.33613133430480957,3,20,16,1.1875
2,13,18757,00:00:02.1000000,27,493,2548,2135909,2175124,6017043,8192167,42687993,50880160,2.3230015885508233,3.4167004267680374,0.28706762194633484,3,27,21,1.2380953
2,14,19947,00:00:03.6030000,26,843,4357,3657561,3752358,12640488,16392846,70255264,86648110,3.082699919427181,5.197780070186435,0.25277963280677795,4,26,19,1.3157895
2,15,21060,00:00:05.9520000,23,1385,7230,6248575,6421635,26355954,32777589,111987834,144765423,3.7020309430550165,3.2519770529197776,0.1691829413175583,4,24,18,1.2777778
2,16,22270,00:00:10.3940000,20,2324,12596,10278888,10641191,54925912,65567103,185234494,250801597,3.9785547814121527,2.5515399805793373,0.16818831861019135,4,21,15,1.3333334
2,17,23676,00:00:26.8840000,30,4145,22742,16599638,17537129,113574173,131111302,321684043,452795345,4.20289671377171,3.2364473315133746,0.4454866647720337,2,30,27,1.074074
2,18,25267,00:01:19.4430000,52,7052,41671,26504197,29331881,232865082,262196963,568159873,830356836,4.640308740536452,6.40373690999087,0.7024828791618347,3,52,43,1.1860465
2,19,26999,00:03:05.8480000,78,12673,76369,42907182,49657089,474809001,524466090,996411566,1520877656,5.256555930426752,9.877848556464288,0.5068618059158325,4,79,64,1.21875
2,20,28850,00:06:30.0010000,100,22184,139300,72732088,84934015,963732764,1048666779,1726105590,2774772369,6.010881359545184,14.74548082669784,0.4783031940460205,5,101,73,1.369863
29,0,4691,00:00:00.0540000,1,1,1,1001,1001,0,1001,11219,12220,1,1,0,0,1,1,0
29,1,5309,00:00:00.0680000,1,1,1,2001,2001,0,2001,19725,21726,1,1,0,0,1,1,0
29,2,6006,00:00:00.0920000,1,1,4,4003,4003,0,4003,40304,44307,1,1,0,0,1,1,0
29,3,6701,00:00:00.1000000,1,2,6,8006,8011,10,8021,81610,89631,1,1,0,0,1,1,0
29,4,7445,00:00:00.1090000,1,2,10,15417,15428,589,16017,165936,181953,1,1,0,0,1,1,0
29,5,8203,00:00:00.1210000,2,6,21,28793,28812,3212,32024,326063,358087,1.0012503038933074,1.0025037799475385,0,1,2,1,1
29,6,9039,00:00:00.1380000,2,11,39,51994,52090,11936,64026,647221,711247,1.002077162749548,1.004162953660988,0,1,2,1,1
29,7,9981,00:00:00.1690000,5,17,86,91368,91542,36580,128122,1290054,1418176,1.0123456790123457,1.0250998463264673,0.009963088668882847,1,5,4,1
29,8,11036,00:00:00.2390000,8,45,180,157347,157848,98199,256047,2524244,2780291,1.0499215110551838,1.1070959029822804,0.04106255993247032,1,8,7,1
29,9,12208,00:00:00.3490000,9,72,299,266601,268890,243305,512195,4838297,5350492,1.1445118360396247,1.3563419391874603,0.11205746233463287,1,9,8,1
29,10,13438,00:00:00.5390000,18,106,516,452305,456373,568168,1024541,8870042,9894583,1.3815633256320403,2.3948360092487784,0.23957136273384094,1,18,17,1
29,11,14622,00:00:00.8350000,27,195,907,764106,772407,1276866,2049273,15264661,17313934,1.682487770021437,4.725538621191964,0.4005492329597473,2,27,23,1.1304348
29,12,15825,00:00:01.3690000,30,312,1567,1268981,1293353,2804422,4097775,25935610,30033385,1.93815273829947,5.846051795745545,0.505160391330719,2,30,25,1.16
29,13,17106,00:00:02.3590000,42,539,2703,2104609,2160501,6032969,8193470,44414527,52607997,2.2260367602723354,7.629923668925213,0.5255559682846069,3,42,34,1.2058823
29,14,18413,00:00:04.1730000,53,860,4677,3518566,3657445,12726608,16384053,74801018,91185071,2.7206828008910446,13.426088043041585,0.5188185572624207,3,53,42,1.2380953
29,15,19684,00:00:07.0190000,56,1416,7834,5994834,6254612,26528385,32782997,122418754,155201751,3.3940149135071964,9.759265798067666,0.5071409940719604,4,57,41,1.3658537
29,16,20953,00:00:11.7980000,49,2443,13350,10180524,10627017,54912636,65539653,198919701,264459354,3.9914325628032508,6.044895153476464,0.42142626643180847,4,50,36,1.3611112
29,17,22295,00:00:20.6700000,37,4041,23170,16990231,17938510,113167496,131106006,328756852,459862858,4.501198894823737,6.682266866793385,0.341951847076416,3,38,28,1.3214285
29,18,23769,00:00:52.7040000,42,7046,41157,28000842,29999197,232237434,262236631,557297193,819533824,4.928567433793598,5.987704256111975,0.36737698316574097,4,43,34,1.2352941
29,19,25414,00:02:28.6140000,56,12286,74719,45845855,50532343,473899019,524431362,964286702,1488718064,5.462336017072863,9.755513954827878,0.5347476005554199,4,57,43,1.3023256
29,20,27144,00:05:31.8810000,71,21749,135452,78564771,87980801,960700324,1048681125,1645318421,2693999546,6.413212252601105,5.297197003221604,0.37923887372016907,4,72,54,1.3148148
30,0,6240,00:00:00.0750000,2,2,2,1002,1002,0,1002,9980,10982,1.0069860279441119,1.0140696432491885,0,1,2,1,1
30,1,6932,00:00:00.0890000,1,1,2,2001,2001,0,2001,19722,21723,1,1,0,0,1,1,0
30,2,7718,00:00:00.1130000,1,1,4,4013,4013,0,4013,42105,46118,1,1,0,0,1,1,0
30,3,8395,00:00:00.1200000,1,2,7,7994,7995,11,8006,80988,88994,1,1,0,0,1,1,0
30,4,9146,00:00:00.1280000,1,5,14,15394,15407,605,16012,167291,183303,1,1,0,0,1,1,0
30,5,9912,00:00:00.1370000,2,4,21,28777,28779,3293,32072,332696,364768,1.0021892483580637,1.004388023133691,0,1,2,1,1
30,6,10775,00:00:00.1520000,2,10,48,52073,52120,11884,64004,663257,727261,1.00305340579571,1.0061255000945573,0,1,2,1,1
30,7,11700,00:00:00.1760000,3,15,81,91554,91651,36355,128006,1288566,1416572,1.0066955021080455,1.0134957965395024,0.004802959505468607,1,3,2,1
30,8,12766,00:00:00.2260000,4,22,128,157471,157829,98297,256126,2534119,2790245,1.0240044198614349,1.0493954754663497,0.014277253299951553,1,4,3,1
30,9,14015,00:00:00.3070000,5,57,266,266106,267644,244443,512087,5000756,5512843,1.0908247089505685,1.2024241276063075,0.04806281253695488,1,5,4,1
30,10,15308,00:00:00.4800000,13,96,481,450535,453615,570421,1024036,9237974,10262010,1.2839757177577769,1.7804495571718986,0.11175312846899033,2,13,10,1.2
30,11,16576,00:00:00.7690000,17,172,881,760934,768280,1279813,2048093,16072878,18120971,1.6123014610991229,2.910481023252596,0.22083596885204315,2,17,14,1.1428572
30,12,17797,00:00:01.2640000,20,261,1489,1277316,1295920,2800519,4096439,26871557,30967996,1.9746397915629335,3.260701838638616,0.29084649682044983,3,20,16,1.1875
30,13,19006,00:00:02.1170000,21,461,2544,2148399,2194073,5999619,8193692,44241558,52435250,2.4243248111733435,4.353749965885112,0.28802433609962463,3,21,16,1.25
30,14,20171,00:00:03.5310000,20,816,4330,3646633,3748947,12644534,16393481,71306751,87700232,3.05324774936222,4.630600510114556,0.2218722403049469,4,20,13,1.4615384
30,15,21313,00:00:05.9390000,20,1343,7294,6198834,6380887,26399852,32780739,114161649,146942388,3.6310275448576297,2.368111528231505,0.15649423003196716,4,21,14,1.4285715
30,16,22527,00:00:10.2360000,23,2384,12597,10310039,10685706,54862218,65547924,187529401,253077325,4.023557718840831,1.8127350962365498,0.12801973521709442,4,24,18,1.2777778
30,17,23875,00:00:18.9080000,32,4142,22431,16975153,17860456,113243073,131103529,318106884,449210413,4.432290949012359,2.9682624138844447,0.0992845967411995,4,33,27,1.1851852
30,18,25359,00:00:51.3740000,43,7079,40457,27745491,30037740,232138220,262175960,547992280,810168240,4.929066492281574,5.7887399526710475,0.20469437539577484,4,44,35,1.2285714
30,19,26978,00:02:13.7470000,66,12397,73789,46300261,50883158,473558242,524441400,948342934,1472784334,5.549326708979027,9.370673321817494,0.4172961115837097,3,66,52,1.25
30,20,28718,00:05:11.3900000,70,21584,134052,77292146,86995387,961698563,1048693950,1634602185,2683296135,6.274250258234517,11.732316999950267,0.4016702175140381,4,70,55,1.2545455
31,0,5048,00:00:00.0750000,2,2,3,1006,1006,0,1006,11148,12154,1.040755467196819,1.0848209417107764,0,1,2,1,1
31,1,5758,00:00:00.0950000,2,2,3,2002,2002,0,2002,21905,23907,1.0244755244755244,1.0501476235010356,0,1,2,1,1
31,2,6471,00:00:00.1260000,2,2,5,4008,4008,0,4008,42303,46311,1.063373253493014,1.1347056703084242,0,1,2,1,1
31,3,7021,00:00:00.1340000,2,4,9,7998,8000,3,8003,74102,82105,1.1262815703925981,1.2831519148978734,0,1,2,1,1
31,4,7627,00:00:00.1440000,2,2,9,15470,15470,537,16007,142253,158260,1.1904330963154492,1.4457900539746507,0,1,2,1,1
31,5,8237,00:00:00.1570000,2,3,21,28934,28941,3067,32008,271057,303065,1.3165825672219533,1.7627857497353556,0,1,2,1,1
31,6,8815,00:00:00.1730000,2,9,35,52686,52732,11308,64040,492297,556337,1.4510875754469879,1.9810421397857465,0,1,2,1,1
31,7,9419,00:00:00.1930000,2,13,57,93460,93588,34548,128136,901167,1029303,1.6002460945859192,1.9227126207943992,0,1,2,1,1
31,8,10040,00:00:00.2240000,3,37,104,162686,163224,92791,256015,1624901,1880916,1.7406660683771191,1.6281721762868315,0.012096061371266842,1,3,2,1
31,9,10726,00:00:00.2870000,3,37,165,278082,279753,232557,512310,2979747,3492057,1.8484116195942204,1.3499125695598224,0.012860364280641079,1,3,2,1
31,10,11507,00:00:00.3800000,7,73,319,471067,473421,550731,1024152,5547244,6571396,1.9267598876592926,1.187918938677054,0.018980862572789192,2,7,5,1.2
31,11,12419,00:00:00.5940000,9,142,613,783288,788396,1259950,2048346,10507464,12555810,1.984073546383961,1.1177390511469618,0.0168173648416996,2,9,7,1.1428572
31,12,13502,00:00:01.0570000,13,262,1200,1291662,1303879,2792347,4096226,20150424,24246650,2.051741090161358,1.1735277327759004,0.02058826945722103,2,13,11,1.0909091
31,13,14760,00:00:02.0330000,17,478,2259,2117691,2160760,6031575,8192335,38335769,46528104,2.203680329188725,1.5883580586021242,0.039837028831243515,2,17,15,1.0666667
31,14,16135,00:00:04.1350000,28,837,4287,3488561,3600885,12785287,16386172,70405293,86791465,2.5202632260121005,3.6542651797419423,0.3584676682949066,2,28,25,1.08
31,15,17598,00:00:08.1870000,38,1462,7886,5690302,6006840,26766098,32772938,125427983,158200921,2.8625122181564353,8.090979193324063,0.5505642890930176,2,38,31,1.1935484
31,16,19189,00:00:23.3870000,61,2557,14425,9298593,10001138,55541411,65542549,221622083,287164632,3.2267079546335666,11.60927906702479,0.5810073614120483,3,61,51,1.1764706
31,17,20854,00:01:04.8000000,75,4406,25650,15429854,17008727,114109093,131117820,382276619,513394439,3.8843042844086537,15.484386420031814,0.585683286190033,4,75,57,1.2982457
31,18,22506,00:02:15.6900000,71,7380,44900,26618979,29362569,232827740,262190309,637165184,899355493,4.72323258529187,7.118874213755439,0.5121971964836121,5,72,52,1.3653846
31,19,24172,00:04:19.6050000,51,12567,78568,46295402,50873763,473419776,524293539,1048102067,1572395606,5.591778444865864,7.628845555217584,0.40935051441192627,4,52,38,1.3421053
31,20,25860,00:07:52.5560000,44,21201,138287,81578586,88766404,960204016,1048970420,1712732642,2761703062,6.512090623880145,4.010409419553333,0.3431144952774048,4,45,32,1.375
32,0,4346,00:00:00.0650000,1,1,1,1002,1002,0,1002,8061,9063,1,1,0,0,1,1,0
32,1,5104,00:00:00.0840000,1,1,1,2001,2001,0,2001,19043,21044,1,1,0,0,1,1,0
32,2,5772,00:00:00.1130000,1,1,2,4001,4001,0,4001,38380,42381,1,1,0,0,1,1,0
32,3,6369,00:00:00.1220000,1,1,5,7995,7995,14,8009,72959,80968,1,1,0,0,1,1,0
32,4,7152,00:00:00.1330000,1,1,7,15446,15446,585,16031,160521,176552,1,1,0,0,1,1,0
32,5,7863,00:00:00.1450000,1,3,12,28798,28803,3204,32007,312187,344194,1,1,0,0,1,1,0
32,6,8686,00:00:00.1630000,1,6,26,52024,52047,12012,64059,629695,693754,1,1,0,0,1,1,0
32,7,9646,00:00:00.1930000,2,15,63,91526,91658,36441,128099,1278661,1406760,1.0010051788562813,1.0020123661868712,0,1,2,1,1
32,8,10722,00:00:00.2580000,4,40,145,157096,157535,98476,256011,2538324,2794335,1.0047168610276518,1.0094925239498578,0.0038566295988857746,1,4,3,1
32,9,11991,00:00:00.4100000,11,66,287,265734,267288,244834,512122,5049733,5561855,1.0270759481285796,1.0562858987827528,0.023334089666604996,1,11,10,1
32,10,13430,00:00:00.6890000,18,126,562,445164,449407,574774,1024181,9782479,10806660,1.1208700613706408,1.2902425363790868,0.09834714233875275,1,18,17,1
32,11,14923,00:00:01.1840000,29,185,981,743877,756935,1291946,2048881,17841557,19890438,1.3922503317080646,2.5586787773090602,0.29085323214530945,1,29,28,1
32,12,16326,00:00:02.0300000,42,305,1667,1250385,1275658,2821121,4096779,30226964,34323743,1.7490348972516465,7.108065719962824,0.5163447856903076,2,42,37,1.1081082
32,13,17744,00:00:03.5000000,52,547,2910,2071894,2129479,6063141,8192620,50670365,58862985,2.0305068695599293,10.498644517004525,0.6018570065498352,2,52,45,1.1333333
32,14,19224,00:00:06.0910000,65,869,5106,3449296,3564814,12823529,16388343,85136693,101525036,2.410446363547808,14.478841805819842,0.5840276479721069,4,65,52,1.2307693
32,15,20680,00:00:10.5280000,59,1522,8684,5820994,6103492,26675864,32779356,139595149,172374505,3.1089346596131175,13.990071675958628,0.5206280946731567,5,59,44,1.3181819
32,16,21958,00:00:20.4990000,44,2524,14168,10393317,10852285,54715856,65568141,216081854,281649995,4.281681103347468,3.583633702418131,0.32520076632499695,5,45,30,1.4666667
32,17,23151,00:00:47.6420000,20,4082,23218,17990040,18703884,112406660,131110544,331393539,462504083,5.007357682362018,1.8538182023774321,0.17537249624729156,3,21,14,1.4285715
32,18,24450,00:01:36.8580000,21,6811,39843,30179176,31385605,230799314,262184919,532822297,795007216,5.452119103583213,2.393096791904891,0.0854264348745346,4,22,16,1.3125
32,19,25905,00:03:11.8820000,35,11855,71008,49510663,52710941,471586260,524297201,893122697,1417419898,5.932447622444482,2.643270503886864,0.1986505389213562,2,35,29,1.1724138
32,20,27525,00:06:22.0920000,56,21292,129470,80332647,89340241,959598573,1048938814,1532773277,2581712091,6.534014894343018,4.374405330903755,0.2519378960132599,4,56,44,1.25
33,0,5451,00:00:00.0600000,1,1,1,1007,1007,0,1007,10136,11143,1,1,0,0,1,1,0
33,1,6168,00:00:00.0740000,1,1,1,2009,2009,0,2009,20791,22800,1,1,0,0,1,1,0
33,2,6903,00:00:00.0970000,1,1,1,4002,4002,0,4002,41311,45313,1,1,0,0,1,1,0
33,3,7625,00:00:00.1050000,1,1,2,7997,7997,9,8006,83142,91148,1,1,0,0,1,1,0
33,4,8379,00:00:00.1130000,1,2,3,15413,15414,589,16003,168426,184429,1,1,0,0,1,1,0
33,5,9156,00:00:00.1230000,1,7,16,28720,28745,3293,32038,334105,366143,1,1,0,0,1,1,0
33,6,9988,00:00:00.1390000,3,10,37,51863,51915,12110,64025,656265,720290,1.0042612266934037,1.0085666950642806,0,1,3,2,1
33,7,10917,00:00:00.1760000,4,20,76,91476,91683,36446,128129,1285890,1414019,1.0170317897590624,1.0348074265894354,0.013091961853206158,1,4,3,1
33,8,11971,00:00:00.2280000,7,27,139,157488,158022,98076,256098,2516036,2772134,1.0620047241694606,1.1345106078484095,0.03763394430279732,1,7,6,1
33,9,13131,00:00:00.3180000,10,55,269,267593,269153,243218,512371,4806765,5319136,1.1921163857051567,1.4905624236481896,0.10821995884180069,2,10,8,1.125
33,10,14282,00:00:00.4930000,16,116,486,455556,459285,565239,1024524,8566460,9590984,1.4700278341191861,2.6438490805646055,0.2137366682291031,2,16,13,1.1538461
33,11,15362,00:00:00.7440000,22,167,813,773813,782329,1265793,2048122,14397114,16445236,1.872713433348884,4.590899048711999,0.3031485974788666,2,22,18,1.1666666
33,12,16394,00:00:01.1410000,29,276,1370,1312105,1328160,2769870,4098030,23515429,27613459,2.3039566193254353,5.299637648872822,0.3208737373352051,3,29,23,1.2173913
33,13,17431,00:00:01.8530000,31,485,2305,2205793,2240807,5951936,8192743,38447622,46640365,2.7080492140468304,4.21283313880047,0.31630292534828186,3,31,24,1.25
33,14,18524,00:00:03.0940000,30,813,4019,3674222,3761084,12629712,16390796,63952554,80343350,3.077213352922061,3.7364660209517084,0.33140116930007935,3,30,23,1.2608696
33,15,19702,00:00:05.4890000,29,1395,7105,6103977,6302323,26483771,32786094,108275526,141061620,3.4675825285711266,4.045106417841129,0.2843019664287567,4,30,23,1.2608696
33,16,20986,00:00:10.1480000,33,2381,12705,10082368,10518342,55036650,65554992,185877322,251432314,3.839050211220221,3.2254240834489614,0.23570047318935394,4,34,25,1.32
33,17,22418,00:00:19.9050000,38,4144,22939,16517975,17519292,113601499,131120791,324636909,455757700,4.208875179917635,3.5342419938252974,0.24579651653766632,4,39,30,1.2666667
33,18,23991,00:00:54.3580000,46,7194,41578,26970381,29519333,232668759,262188092,568150260,830338352,4.744021228324509,5.312717280339826,0.3482736051082611,4,47,36,1.2777778
33,19,25675,00:02:33.1390000,62,12676,75545,45006754,50258681,474205339,524464020,984303959,1508767979,5.412631246412483,5.46007454539526,0.2559484541416168,4,63,47,1.3191489
33,20,27473,00:05:47.0310000,81,21969,137397,75492419,85767756,962985713,1048753469,1693502584,2742256053,6.10420158877145,4.7431712412223,0.22685977816581726,5,82,60,1.35
34,0,3066,00:00:00.0390000,1,1,2,1003,1003,0,1003,8182,9185,1,1,0,0,1,1,0
34,1,3793,00:00:00.0530000,3,3,4,2005,2005,0,2005,18404,20409,1.0224438902743143,1.045983436185552,0.009616670198738575,1,3,2,1
34,2,4386,00:00:00.0860000,3,3,5,4009,4009,0,4009,35704,39713,1.0384135694686953,1.079958340212969,0.01042945496737957,1,3,2,1
34,3,5006,00:00:00.0930000,3,4,8,7998,7999,5,8004,71733,79737,1.0856464116029008,1.1865725643758782,0.021966522559523582,1,3,2,1
34,4,5584,00:00:00.1010000,3,4,10,15528,15529,517,16046,135087,151133,1.1606130860381247,1.3715233200034214,0.02693161554634571,1,3,2,1
34,5,6174,00:00:00.1090000,3,8,17,28971,28980,3074,32054,259694,291748,1.2640226433329882,1.6409254215059947,0.02845614217221737,1,3,2,1
34,6,6806,00:00:00.1210000,3,9,30,52463,52490,11563,64053,502917,566970,1.4024741246211616,1.9494798490556828,0.05484649911522865,1,3,2,1
34,7,7437,00:00:00.1360000,3,12,50,93370,93487,34621,128108,928928,1057036,1.5582735353968085,2.020462158712106,0.07705798000097275,1,3,2,1
34,8,8079,00:00:00.1610000,4,33,103,162809,163156,92968,256124,1677007,1933131,1.7112813173718897,1.7673977962424519,0.10545969009399414,2,4,2,1.5
34,9,8771,00:00:00.2020000,5,49,168,278973,279766,232352,512118,3040784,3552902,1.8370702541106128,1.4560767731664148,0.11207590252161026,2,5,3,1.3333334
34,10,9561,00:00:00.2730000,7,82,318,471039,472610,551578,1024188,5640845,6665033,1.9283498818569162,1.2796197165004681,0.09075763076543808,2,7,5,1.2
34,11,10471,00:00:00.4420000,9,132,621,785566,789921,1258858,2048779,10587574,12636353,2.004991305631863,1.226201236066406,0.09122329205274582,2,9,7,1.1428572
34,12,11530,00:00:00.7630000,15,257,1164,1298881,1309790,2787157,4096947,20015314,24112261,2.117853752576256,1.4025794687111048,0.08715949952602386,3,15,12,1.1666666
34,13,12715,00:00:01.4760000,19,451,2289,2147095,2186341,6006964,8193305,37110865,45304170,2.3667513547374477,2.2684241000729255,0.12372177839279175,3,19,16,1.125
34,14,13948,00:00:02.9480000,28,807,4159,3601139,3690851,12698660,16389511,65809223,82198734,2.838227294197752,4.787975984916512,0.15662235021591187,3,29,24,1.1666666
34,15,15193,00:00:05.5160000,31,1403,7341,6067591,6254721,26521022,32775743,112548859,145324602,3.3841185076581466,4.1615114947464455,0.16573092341423035,3,32,26,1.1923077
34,16,16499,00:00:10.3380000,31,2405,12950,10039022,10470813,55072207,65543020,191443750,256986770,3.7916641680833054,2.168932156943762,0.218699112534523,3,31,25,1.2
34,17,17968,00:00:19.9710000,41,4191,23516,16280202,17329239,113766364,131095603,333924249,465019852,4.066196107394736,1.9235597708571743,0.18133147060871124,3,42,35,1.1714286
34,18,19623,00:00:44.5130000,76,7180,42838,26379168,29010292,233175920,262186212,590202811,852389023,4.521047631221728,4.692454415902253,0.21078039705753326,4,77,61,1.2459016
34,19,21374,00:02:01.4810000,95,12896,77910,43881875,49862856,474570318,524433174,1022352901,1546786075,5.338014362421843,24.95710249647177,0.414275199174881,4,96,71,1.3380282
34,20,23153,00:04:56.2900000,72,21861,138880,76999172,86998036,961884863,1048882899,1722585684,2771468583,6.319471824969754,20.54004080108501,0.4323521852493286,5,73,48,1.5
35,0,5137,00:00:00.0580000,1,1,1,1006,1006,0,1006,8272,9278,1,1,0,0,1,1,0
35,1,5939,00:00:00.0730000,1,1,1,2002,2002,0,2002,19117,21119,1,1,0,0,1,1,0
35,2,6631,00:00:00.0980000,2,2,3,4002,4002,0,4002,39475,43477,1.0024987506246876,1.0050099791186529,0,1,2,1,1
35,3,7318,00:00:00.1060000,2,2,3,7999,7999,10,8009,79155,87164,1.006125765720715,1.012326539971943,0,1,2,1,1
35,4,8023,00:00:00.1150000,2,2,7,15417,15417,588,16005,157928,173933,1.0124537847830317,1.0252176845496586,0,1,2,1,1
35,5,8775,00:00:00.1240000,2,4,14,28764,28772,3230,32002,318641,350643,1.0235363649005702,1.048179405295525,0,1,2,1,1
35,6,9558,00:00:00.1380000,2,8,28,52119,52184,11831,64015,617716,681731,1.0500201462038796,1.1050166804233843,0,1,2,1,1
35,7,10436,00:00:00.1610000,4,15,60,91638,91876,36134,128010,1213763,1341773,1.1237259652109386,1.2781405601408913,0.015361666679382324,1,4,3,1
35,8,11327,00:00:00.2100000,5,27,118,159386,159975,96219,256194,2248211,2504405,1.2699923456263411,1.6626257664940227,0.03226568177342415,1,5,4,1
35,9,12241,00:00:00.2700000,8,55,212,273183,274043,238177,512220,4042942,4555162,1.4826251999575377,2.073632533638614,0.05815747752785683,1,8,7,1
35,10,13185,00:00:00.3840000,9,96,403,462588,465316,558972,1024288,7142380,8166668,1.6983449635528807,1.8545514946036683,0.08227846026420593,1,9,8,1
35,11,14192,00:00:00.6040000,12,169,688,774408,782088,1266339,2048427,12603910,14652337,1.8643337878740922,1.435657576660349,0.10169768333435059,2,12,9,1.2222222
35,12,15329,00:00:01.0020000,19,326,1324,1275560,1296842,2800405,4097247,22723052,26820299,1.9715121201668286,1.2564299475509937,0.11174450814723969,2,19,16,1.125
35,13,16647,00:00:01.9590000,33,525,2471,2092169,2140120,6053495,8193615,41791802,49985417,2.0922568874694156,1.4042885099966138,0.13921676576137543,2,33,28,1.1428572
35,14,18117,00:00:03.9190000,53,915,4571,3435570,3558651,12828303,16386954,76092838,92479792,2.3751531769109637,2.692853909686805,0.22715730965137482,3,53,46,1.1304348
35,15,19637,00:00:07.5230000,67,1503,8138,5685466,5990276,26783775,32774051,133138466,165912517,2.8451426848740278,11.232884158644778,0.44474026560783386,3,68,54,1.2407408
35,16,21192,00:00:14.0320000,71,2552,14290,9423290,10106071,55453035,65559106,226946894,292506000,3.3732136016189673,20.375535091422826,0.5619595050811768,4,72,56,1.2678572
35,17,22801,00:00:48.1940000,74,4295,25311,15633450,17042468,114063448,131105916,382490977,513596893,3.9013263227246706,11.487941541905757,0.5933849811553955,4,75,53,1.3962264
35,18,24516,00:01:54.5940000,85,7361,45104,26008571,28754847,233470081,262224928,647812562,910037490,4.454979937190705,12.067258154145492,0.5545812845230103,3,86,65,1.3076923
35,19,26337,00:03:58.0270000,101,12718,80947,43856170,48859214,475521319,524380533,1097821862,1622202395,5.092719564886765,11.274292129979093,0.5009737014770508,4,102,81,1.2469136
35,20,28262,00:07:42.8330000,88,21554,144614,71857110,83742480,964948392,1048690872,1856344772,2905035644,5.854040762285041,16.61432324662697,0.48640772700309753,5,89,64,1.375
36,0,6250,00:00:00.0660000,1,1,2,1001,1001,0,1001,9179,10180,1,1,0,0,1,1,0
36,1,6986,00:00:00.0800000,1,1,3,2006,2006,0,2006,19438,21444,1,1,0,0,1,1,0
36,2,7607,00:00:00.1040000,1,1,4,4001,4001,0,4001,36990,40991,1,1,0,0,1,1,0
36,3,8344,00:00:00.1120000,1,2,7,7993,7994,11,8005,78427,86432,1,1,0,0,1,1,0
36,4,9083,00:00:00.1200000,1,3,10,15395,15414,587,16001,161460,177461,1,1,0,0,1,1,0
36,5,9798,00:00:00.1310000,2,6,19,28868,28877,3134,32011,312585,344596,1.0029444367465705,1.0059061583298639,0,1,2,1,1
36,6,10671,00:00:00.1490000,2,11,45,51916,51952,12123,64075,651317,715392,1.0091301332922413,1.018426930193296,0,1,2,1,1
36,7,11599,00:00:00.1760000,2,15,75,91238,91394,36635,128029,1283377,1411406,1.0189065959359038,1.038527574311394,0,1,2,1,1
36,8,12643,00:00:00.2220000,4,26,139,157305,157930,98130,256060,2502686,2758746,1.0610025110454213,1.1298284633238276,0.012616747058928013,1,4,3,1
36,9,13788,00:00:00.3190000,10,46,274,268908,269591,242506,512097,4760803,5272900,1.189243161229863,1.4558565549879448,0.042846404016017914,1,10,9,1
36,10,14942,00:00:00.4840000,12,77,456,456283,457762,566294,1024056,8538255,9562311,1.4360802396758152,2.120975095879017,0.10205363482236862,2,12,10,1.1
36,11,16092,00:00:00.7320000,12,147,813,768453,774065,1274526,2048591,14758011,16806602,1.711188582776045,2.093474228010362,0.16364015638828278,2,12,10,1.1
36,12,17290,00:00:01.1720000,15,257,1391,1274766,1293183,2804202,4097385,25384444,29481829,1.9292842764868219,1.6883344462985552,0.18885761499404907,2,15,13,1.0769231
36,13,18605,00:00:02.1330000,22,475,2537,2094212,2149389,6045711,8195100,44372286,52567386,2.1417989200711296,1.8715257707961175,0.1798515021800995,2,22,19,1.1052631
36,14,20002,00:00:03.8920000,42,823,4529,3490436,3598982,12787346,16386328,76914712,93301040,2.5199992207277258,3.057448883383399,0.16179926693439484,3,42,36,1.1388888
36,15,21425,00:00:07.0840000,52,1414,8021,5814254,6071236,26699026,32770262,130316104,163086366,3.017481520415173,3.7929852148408,0.1698211133480072,3,53,46,1.1304348
36,16,22879,00:00:12.8740000,52,2436,14057,9720251,10272363,55279759,65552122,217964754,283516876,3.5684307946368876,6.383731633718869,0.20284408330917358,5,53,39,1.3333334
36,17,24375,00:00:23.6000000,51,4186,24593,16458943,17533296,113575676,131108972,362399078,493508050,4.261260155041548,9.458281838635044,0.224712535738945,5,52,39,1.3076923
36,18,25800,00:01:00.6770000,39,7226,42095,29645447,31243155,230976883,262220038,581640905,843860943,5.454837601200616,2.8904387738035737,0.16705536842346191,5,40,30,1.3
36,19,27218,00:02:21.0420000,26,11900,72580,50922974,53455379,470999030,524454409,932411406,1456865815,6.12002070028353,1.9007567519474649,0.09196880459785461,5,27,18,1.4444444
36,20,28792,00:05:01.8090000,30,20659,129883,83696123,90223107,958618221,1048841328,1554262173,2603103501,6.650286023403975,3.6199682455310622,0.09376534819602966,4,31,26,1.1538461
37,0,4817,00:00:00.0690000,1,1,2,1001,1001,0,1001,10507,11508,1,1,0,0,1,1,0
37,1,5542,00:00:00.0850000,1,1,2,2002,2002,0,2002,21091,23093,1,1,0,0,1,1,0
37,2,6130,00:00:00.1100000,1,1,2,4002,4002,0,4002,38038,42040,1,1,0,0,1,1,0
37,3,6926,00:00:00.1200000,1,2,4,7985,7990,14,8004,84132,92136,1,1,0,0,1,1,0
37,4,7589,00:00:00.1300000,2,3,7,15429,15430,576,16006,158534,174540,1.0019443904335992,1.0038962871656887,0,1,2,1,1
37,5,8300,00:00:00.1410000,2,4,12,28827,28831,3171,32002,308016,340018,1.0036077288652998,1.007241531069717,0,1,2,1,1
37,6,9099,00:00:00.1550000,2,7,25,52145,52198,11873,64071,612170,676241,1.0085914277495445,1.017330429348444,0,1,2,1,1
37,7,10023,00:00:00.1780000,3,16,55,91551,91684,36320,128004,1237552,1365556,1.022370045111468,1.045790222835399,0.006137016229331493,1,3,2,1
37,8,11096,00:00:00.2330000,4,27,109,157262,157841,98264,256105,2492764,2748869,1.0630476529613002,1.1351676700865094,0.02721906080842018,1,4,3,1
37,9,12246,00:00:00.3160000,8,60,238,268050,269767,242567,512334,4756118,5268452,1.18229434806939,1.445114624946217,0.062264811247587204,1,8,7,1
37,10,13407,00:00:00.4810000,15,96,450,456155,458693,565494,1024187,8550035,9574222,1.4363231796209621,2.259857172016068,0.13780102133750916,2,15,13,1.0769231
37,11,14542,00:00:00.7320000,21,191,826,766528,774362,1273735,2048097,14687043,16735140,1.7520481965433747,2.716512586365434,0.21160176396369934,2,21,17,1.1764706
37,12,15677,00:00:01.1810000,29,282,1410,1290641,1306349,2790889,4097238,24736220,28833458,2.082921587025362,2.828917913888346,0.23006604611873627,3,29,23,1.2173913
37,13,16825,00:00:02.0070000,32,499,2413,2168343,2207248,5985450,8192698,41247504,49440202,2.525711568695543,3.92799508187642,0.20822227001190186,3,32,25,1.24
37,14,17950,00:00:03.3210000,30,797,4054,3677320,3765980,12620031,16386011,67403290,83789301,3.116698573961472,4.086443956430319,0.16340495645999908,3,30,22,1.3181819
37,15,19083,00:00:05.6320000,25,1379,7063,6217237,6377145,26404533,32781678,109957624,142739302,3.6193789942381156,2.3549922898701685,0.12026157230138779,4,26,18,1.3888888
37,16,20320,00:00:09.9740000,22,2295,12370,10191399,10593741,54965854,65559595,184824177,250383772,3.9206916538151435,1.5848774257801104,0.08364298194646835,4,23,17,1.2941177
37,17,21739,00:00:18.8290000,39,4017,22492,16622060,17511201,113593050,131104251,322474877,453579128,4.194670095042372,1.8936092808836174,0.11771225929260254,4,40,33,1.1818181
37,18,23328,00:00:37.6170000,63,7073,41207,27056182,29424258,232815543,262239801,568520649,830760450,4.69260067810011,4.288414364668859,0.1449296772480011,4,64,52,1.2115384
37,19,25019,00:01:47.7950000,76,12486,74940,45111251,50312292,474157189,524469481,986233824,1510703305,5.431963214675647,7.665205244544273,0.25601452589035034,5,77,62,1.2258065
37,20,26780,00:04:17.8500000,64,21802,135933,77833703,87374945,961462698,1048837643,1679688806,2728526449,6.366054599766376,8.539125158902069,0.26123854517936707,5,65,50,1.28
38,0,3856,00:00:00.0510000,1,1,1,1003,1003,0,1003,8795,9798,1,1,0,0,1,1,0
38,1,4623,00:00:00.0670000,1,1,1,2008,2008,0,2008,19764,21772,1,1,0,0,1,1,0
38,2,5292,00:00:00.0910000,1,1,3,4002,4002,0,4002,39210,43212,1,1,0,0,1,1,0
38,3,6043,00:00:00.1000000,1,1,6,7998,7998,10,8008,83037,91045,1,1,0,0,1,1,0
38,4,6812,00:00:00.1090000,1,1,7,15413,15413,590,16003,168963,184966,1,1,0,0,1,1,0
38,5,7568,00:00:00.1220000,2,7,19,28768,28793,3248,32041,329337,361378,1.0011123470522802,1.0022271583529327,0,1,2,1,1
38,6,8369,00:00:00.1400000,2,10,35,52074,52166,11911,64077,638679,702756,1.0026692783346776,1.005352799446947,0,1,2,1,1
38,7,9334,00:00:00.1680000,4,15,70,91458,91514,36579,128093,1291451,1419544,1.0122351243193597,1.0248567834736375,0.009975684806704521,1,4,3,1
38,8,10426,00:00:00.2300000,4,36,147,156972,157509,98544,256053,2566607,2822660,1.0414341411207095,1.0874293033187283,0.03584343567490578,1,4,3,1
38,9,11622,00:00:00.3300000,8,75,280,267411,268937,243288,512225,4923045,5435270,1.1273582612532769,1.2983014330983402,0.0819794237613678,2,8,6,1.1666666
38,10,12864,00:00:00.5220000,14,119,510,452032,456217,567788,1024005,8986017,10010022,1.3659674536316013,2.1450138152950795,0.19798803329467773,2,14,11,1.1818181
38,11,14025,00:00:00.8120000,21,189,880,765597,774940,1273926,2048866,15244185,17293051,1.7721503610907565,4.276374223466316,0.36088109016418457,2,21,16,1.25
38,12,15106,00:00:01.2390000,24,313,1467,1299575,1320156,2776500,4096656,24789144,28885800,2.2332231691129794,5.842192462655097,0.4658917486667633,2,24,19,1.2105263
38,13,16176,00:00:02.0040000,28,458,2379,2192695,2230044,5966877,8196921,40197274,48394195,2.6251439438681623,4.840394626320372,0.46881452202796936,3,28,21,1.2857143
38,14,17326,00:00:03.4270000,27,811,4145,3609201,3707475,12682898,16390373,67079238,83469611,2.896939516530113,3.559355858923023,0.49650245904922485,3,27,20,1.3
38,15,18622,00:00:06.1380000,36,1436,7418,5936605,6135639,26643599,32779238,115941627,148720865,3.141081645149037,3.862081558039205,0.5423209071159363,3,37,30,1.2
38,16,20065,00:00:11.5240000,47,2494,13428,9715152,10227618,55313632,65541250,203120467,268661717,3.5003419400952245,6.722408841994174,0.5008392930030823,3,48,38,1.2368422
38,17,21631,00:00:22.1840000,59,4222,24190,15866909,17119065,113998168,131117233,354680643,485797876,3.9341966352740787,8.38358794599023,0.4020236134529114,3,60,52,1.1346154
38,18,23327,00:00:52.9730000,75,7484,44247,25829045,28874033,233358068,262232101,617083945,879316046,4.483673515610043,13.651331739440677,0.42982521653175354,4,76,61,1.2295082
38,19,25086,00:02:28.0490000,76,12855,79235,43648836,49868221,474426288,524294509,1050969566,1575264075,5.368479196100441,14.737253979759593,0.4254525601863861,4,77,58,1.3103448
38,20,26860,00:05:22.0910000,61,21908,140461,78135068,87119721,961780247,1048899968,1749152544,2798052512,6.324652702676345,7.075177490274522,0.3066084682941437,5,62,43,1.4186046
3,0,4560,00:00:00.0510000,1,1,1,1007,1007,0,1007,9544,10551,1,1,0,0,1,1,0
3,1,5201,00:00:00.0650000,1,1,1,2003,2003,0,2003,18709,20712,1,1,0,0,1,1,0
3,2,5886,00:00:00.0880000,1,2,2,4008,4009,0,4009,38942,42951,1,1,0,0,1,1,0
3,3,6599,00:00:00.0950000,1,1,3,7995,7995,13,8008,80869,88877,1,1,0,0,1,1,0
3,4,7326,00:00:00.1030000,1,2,5,15429,15430,591,16021,163109,179130,1,1,0,0,1,1,0
3,5,8078,00:00:00.1130000,2,7,15,28779,28801,3215,32016,321976,353992,1.0014246499183432,1.002853399850832,0,1,2,1,1
3,6,8913,00:00:00.1300000,3,13,35,51951,52091,11937,64028,642457,706485,1.0036187946334045,1.0072701947410054,0,1,3,2,1
3,7,9815,00:00:00.1670000,5,21,73,91768,91943,36074,128017,1253341,1381358,1.0106682067823207,1.0216406045950237,0.008765102364122868,1,5,4,1
3,8,10874,00:00:00.2160000,7,35,140,157005,157666,98412,256078,2492749,2748827,1.0374765134868316,1.0788729819722283,0.02878422662615776,1,7,6,1
3,9,12094,00:00:00.3270000,13,49,258,267582,268539,243547,512086,4897253,5409339,1.129653713627972,1.3118043580018417,0.08400815725326538,1,13,12,1
3,10,13334,00:00:00.4820000,16,88,467,452927,455100,568978,1024078,8957159,9981237,1.347000730802094,2.179040770409723,0.21885600686073303,1,16,15,1
3,11,14547,00:00:00.7450000,20,158,843,763085,769853,1279073,2048926,15506976,17555902,1.6488071446824404,4.226319398255978,0.3890898525714874,2,20,18,1.0555556
3,12,15772,00:00:01.2420000,28,309,1520,1276581,1292338,2805352,4097690,26365777,30463467,1.914504445859683,5.175840927464248,0.4881378412246704,2,28,24,1.125
3,13,17075,00:00:02.2060000,35,517,2652,2108234,2156174,6038991,8195165,45158672,53353837,2.178557503578825,6.359754106054348,0.48923054337501526,3,35,28,1.2142857
3,14,18432,00:00:04.0250000,48,872,4625,3510943,3625084,12764079,16389163,76758171,93147334,2.615073500196386,10.505606159679159,0.4533687233924866,3,48,38,1.2368422
3,15,19783,00:00:07.1130000,51,1425,7986,5887524,6152716,26618217,32770933,127419763,160190696,3.184976400945457,9.978212151807572,0.4091132581233978,3,52,40,1.275
3,16,21158,00:00:12.6240000,46,2488,13745,9838844,10383028,55160468,65543496,210369709,275913205,3.698313236798957,4.951226682959231,0.3161608874797821,4,47,34,1.3529412
3,17,22649,00:00:23.4120000,53,4154,24129,16312144,17313745,113790539,131104284,354831741,485936025,4.082638799657482,4.087408376602294,0.29409047961235046,4,54,40,1.325
3,18,24283,00:01:07.8100000,63,7177,42960,26867275,29226768,233013659,262240427,607672424,869912851,4.631146255063083,10.080110498672791,0.42756387591362,4,64,48,1.3125
3,19,25986,00:02:49.2350000,80,12371,77021,45715928,50308156,474166929,524475085,1028008898,1552483983,5.434693155523388,14.305363664083119,0.4021246135234833,5,81,60,1.3333334
3,20,27763,00:06:03.9150000,75,21557,138248,77139846,86684054,962152996,1048837050,1728354687,2777191737,6.2523227101075625,9.714878549314,0.3883848786354065,6,76,54,1.3888888
39,0,5455,00:00:00.1770000,1,1,2,1002,1002,0,1002,11159,12161,1,1,0,0,1,1,0
39,1,6190,00:00:00.2130000,1,1,2,2009,2009,0,2009,21961,23970,1,1,0,0,1,1,0
39,2,6866,00:00:00.2650000,1,1,2,4003,4003,0,4003,41757,45760,1,1,0,0,1,1,0
39,3,7551,00:00:00.2870000,1,1,6,8009,8009,12,8021,82191,90212,1,1,0,0,1,1,0
39,4,8237,00:00:00.3110000,1,2,9,15445,15446,591,16037,159267,175304,1,1,0,0,1,1,0
39,5,8976,00:00:00.3390000,1,2,14,28863,28864,3154,32018,316027,348045,1,1,0,0,1,1,0
39,6,9806,00:00:00.3770000,1,5,33,52085,52096,11972,64068,635383,699451,1,1,0,0,1,1,0
39,7,10737,00:00:00.4470000,1,16,65,91259,91412,36631,128043,1268239,1396282,1,1,0,0,1,1,0
39,8,11828,00:00:00.5370000,2,29,133,156790,157302,98704,256006,2545676,2801682,1.0011544103578034,1.0023115109256096,0,1,2,1,1
39,9,13119,00:00:00.6790000,8,70,298,265882,266991,245236,512227,5097868,5610095,1.0153263477783379,1.031325778201449,0.014069422148168087,1,8,7,1
39,10,14603,00:00:01,13,117,561,444805,448085,576147,1024232,9986681,11010913,1.0734703971403199,1.1638056297398898,0.06310193240642548,1,13,12,1
39,11,16181,00:00:01.5080000,24,176,1049,743735,751830,1296497,2048327,18508605,20556932,1.3002722743988113,1.9780738981098505,0.2306523472070694,2,24,21,1.0952381
39,12,17668,00:00:02.4200000,30,305,1771,1246111,1270182,2826181,4096363,31626443,35722806,1.6965767897081399,6.036182266188889,0.4730435907840729,2,30,27,1.074074
39,13,19081,00:00:03.8810000,35,474,2940,2075663,2137988,6054208,8192196,51947887,60140083,2.0976550625029207,11.196410365728823,0.5308833718299866,3,35,28,1.2142857
39,14,20447,00:00:06.1600000,42,849,4896,3535387,3648593,12743583,16392176,83638879,100031055,2.7193588707544607,9.066742734185167,0.40323537588119507,4,42,30,1.3666667
39,15,21615,00:00:09.3200000,32,1395,7905,6302065,6506628,26268018,32774646,127051462,159826108,3.9247280058203144,4.434316022618831,0.23120754957199097,5,32,21,1.4761904
39,16,22639,00:00:13.8490000,15,2312,12602,11071905,11368979,54174722,65543701,188665729,254209430,4.81265979070449,1.907929322118544,0.08608417958021164,5,16,9,1.6666666
39,17,23731,00:00:21.8360000,13,3872,21107,18650003,19100327,112037073,131137400,294543596,425680996,5.223991706596508,1.9254131954771214,0.041609011590480804,4,14,9,1.4444444
39,18,24972,00:00:41.3830000,19,6791,37300,30542705,31837888,230399882,262237770,487114889,749352659,5.600186165567195,2.217142344137516,0.10046017915010452,3,19,16,1.125
39,19,26388,00:01:55.4920000,34,11945,68006,49592576,53168325,471183993,524352318,837999871,1362352189,6.023652935471632,2.0490724679571057,0.13490596413612366,3,34,29,1.137931
39,20,27943,00:04:36.4770000,56,21591,124875,83971147,92272379,956711764,1048984143,1450676330,2499660473,6.9397568190892995,5.108237863047371,0.21388277411460876,4,56,45,1.2222222
40,0,4841,00:00:00.0560000,1,1,1,1008,1008,0,1008,9850,10858,1,1,0,0,1,1,0
40,1,5564,00:00:00.0710000,1,1,2,2003,2003,0,2003,20463,22466,1,1,0,0,1,1,0
40,2,6361,00:00:00.0970000,1,2,3,4003,4004,0,4004,43612,47616,1,1,0,0,1,1,0
40,3,7000,00:00:00.1040000,1,2,4,7997,7999,13,8012,80497,88509,1,1,0,0,1,1,0
40,4,7656,00:00:00.1120000,1,2,10,15420,15434,573,16007,153798,169805,1,1,0,0,1,1,0
40,5,8423,00:00:00.1230000,1,5,17,28800,28821,3216,32037,315645,347682,1,1,0,0,1,1,0
40,6,9225,00:00:00.1370000,1,10,34,51956,52029,11994,64023,624736,688759,1,1,0,0,1,1,0
40,7,10179,00:00:00.1640000,2,19,71,91076,91379,36689,128068,1274470,1402538,1.004479775132856,1.0089996666785563,0,1,2,1,1
40,8,11284,00:00:00.2330000,7,36,154,157525,157958,98091,256049,2568131,2824180,1.0269417552769402,1.0558080322502903,0.019103392958641052,1,7,6,1
40,9,12505,00:00:00.3460000,9,61,290,266282,267993,244052,512045,4980055,5492100,1.094140798101261,1.2133826491266806,0.06250817328691483,1,9,8,1
40,10,13805,00:00:00.5370000,22,100,509,451029,453125,571137,1024262,9236681,10260943,1.289327293810376,1.869704718823983,0.16120107471942902,1,22,21,1
40,11,15066,00:00:00.8390000,25,190,888,761967,768444,1280626,2049070,16033972,18083042,1.5922487456805872,3.4702784150493837,0.3272854685783386,2,25,23,1.0434783
40,12,16339,00:00:01.4010000,30,282,1563,1268816,1285370,2812149,4097519,27320430,31417949,1.8494304926797898,3.784437965616645,0.45463627576828003,2,30,25,1.16
40,13,17719,00:00:02.4700000,36,478,2764,2072938,2130601,6064003,8194604,47247553,55442157,2.027107901924708,3.637385865744846,0.5082738995552063,2,36,29,1.2068965
40,14,19226,00:00:04.5870000,56,843,4978,3422832,3550772,12833460,16384232,82393511,98777743,2.348383736040799,5.6796890636687785,0.4935137629508972,3,56,42,1.3095238
40,15,20720,00:00:08.1840000,60,1526,8600,5750651,6056701,26725686,32782387,138298883,171081270,3.0026292675385795,9.602692525659737,0.4553150236606598,4,61,46,1.3043479
40,16,22151,00:00:15.3900000,43,2510,14524,9719577,10329512,55222604,65552116,224472506,290024622,3.6462410864176498,4.8700998316884645,0.41071709990501404,4,44,30,1.4333333
40,17,23660,00:00:44.2100000,31,4190,24980,16102543,17272227,113815501,131087728,370593908,501681636,4.058757737830602,3.554901327097504,0.4628793001174927,4,32,22,1.4090909
40,18,25305,00:01:45.1030000,45,7266,44297,26808555,29217179,233001596,262218775,625013926,887232701,4.6348107162060765,6.0997629502491275,0.4388950765132904,5,46,35,1.2857143
40,19,26975,00:03:32.9000000,49,12473,78240,46527741,51045240,473315127,524360367,1036513934,1560874301,5.622858049351676,9.037866221187596,0.35416537523269653,4,50,35,1.4
40,20,28651,00:06:32.3320000,47,21206,137372,82000222,88809317,960058591,1048867908,1696661136,2745529044,6.518051109666508,4.1945849319693735,0.2862856686115265,4,48,34,1.382353
41,0,4641,00:00:00.0630000,1,1,2,1002,1002,0,1002,9410,10412,1,1,0,0,1,1,0
41,1,5149,00:00:00.0780000,1,1,2,2003,2003,0,2003,16724,18727,1,1,0,0,1,1,0
41,2,5865,00:00:00.1060000,2,2,3,4009,4009,0,4009,37630,41639,1.0062359690695934,1.0125496823348574,0,1,2,1,1
41,3,6563,00:00:00.1160000,2,3,6,7997,7998,12,8010,78699,86709,1.010628985869701,1.021483895885763,0,1,2,1,1
41,4,7277,00:00:00.1270000,3,5,15,15442,15444,593,16037,160329,176366,1.0276518585675432,1.0569246237108647,0.008286166936159134,1,3,2,1
41,5,8029,00:00:00.1510000,3,6,21,28795,28801,3208,32009,320269,352278,1.0613300920298663,1.1308068992879987,0.024069536477327347,1,3,2,1
41,6,8821,00:00:00.1690000,3,8,39,52147,52172,11847,64019,625604,689623,1.1285212955682973,1.2926378939838745,0.05084211751818657,1,3,2,1
41,7,9608,00:00:00.1920000,3,13,67,92309,92363,35732,128095,1158186,1286281,1.258154676142088,1.6471502356265486,0.1042906865477562,1,3,2,1
41,8,10399,00:00:00.2270000,4,25,119,160658,160966,95158,256124,2079633,2335757,1.450596920165818,2.124365551286016,0.19731158018112183,2,4,2,1.5
41,9,11199,00:00:00.2840000,5,47,209,275781,277394,235042,512436,3652039,4164475,1.6516257465162574,2.1577100053450553,0.2830667197704315,2,5,3,1.3333334
41,10,12043,00:00:00.4040000,9,107,373,467087,470197,553846,1024043,6423489,7447532,1.8453007683793383,1.8247267061612809,0.22442743182182312,2,9,6,1.3333334
41,11,12974,00:00:00.5870000,13,172,684,783272,790233,1257914,2048147,11480178,13528325,2.0108812775127927,1.7253972583533481,0.2431095689535141,2,13,10,1.2
41,12,14004,00:00:00.9450000,18,273,1251,1302253,1320383,2777295,4097678,20630041,24727719,2.223050359645937,2.186040025980832,0.25199198722839355,3,18,13,1.3076923
41,13,15107,00:00:01.6500000,26,463,2305,2171872,2215489,5978832,8194321,36532082,44726403,2.54596311384833,4.029702105572166,0.4034036099910736,3,26,19,1.3157895
41,14,16261,00:00:03.0180000,33,808,4057,3627858,3727905,12665506,16393411,63429827,79823238,2.960630212097607,7.0677698061375684,0.5180047750473022,3,33,25,1.28
41,15,17467,00:00:05.5190000,40,1347,7128,6078979,6284455,26496876,32781331,108758563,141539894,3.442712008052668,8.005334616943326,0.5629957914352417,4,41,30,1.3333334
41,16,18737,00:00:10.1420000,41,2387,12701,10191170,10595475,54951556,65547031,185411611,250958642,3.943209464664018,6.612183631310064,0.47210270166397095,4,42,30,1.3666667
41,17,20100,00:00:26.6030000,39,4169,22500,16972811,17853214,113254216,131107430,317323220,448430650,4.443690735730222,8.069223201217257,0.4234800934791565,4,40,27,1.4444444
41,18,21593,00:01:16.7520000,45,7044,40370,27795126,29898109,232327894,262226003,548765885,810991888,4.881291201917919,7.843261254851609,0.4678162634372711,4,46,34,1.3235294
41,19,23262,00:02:56.0190000,70,12472,74245,45244613,50091828,474327543,524419371,961974188,1486393559,5.351147483568928,11.363445184935584,0.5154842138290405,4,71,56,1.25
41,20,25076,00:06:08.7040000,92,21863,135817,73852623,85657013,963003071,1048660084,1677148156,2725808240,6.081128479350016,19.704602457470077,0.5427343845367432,4,93,72,1.2777778
42,0,3839,00:00:00.0440000,1,1,1,1008,1008,0,1008,9229,10237,1,1,0,0,1,1,0
42,1,4642,00:00:00.0590000,1,1,1,2008,2008,0,2008,21276,23284,1,1,0,0,1,1,0
42,2,5359,00:00:00.0840000,1,1,3,4005,4005,0,4005,42230,46235,1,1,0,0,1,1,0
42,3,6124,00:00:00.0920000,1,2,5,7997,8000,11,8011,87202,95213,1,1,0,0,1,1,0
42,4,6828,00:00:00.1000000,1,3,10,15430,15433,588,16021,165989,182010,1,1,0,0,1,1,0
42,5,7565,00:00:00.1100000,1,4,21,28806,28825,3195,32020,322142,354162,1,1,0,0,1,1,0
42,6,8374,00:00:00.1260000,2,9,40,52030,52066,11955,64021,634752,698773,1.0031904670382472,1.0064012732067054,0,1,2,1,1
42,7,9286,00:00:00.1520000,2,15,72,91561,91692,36327,128019,1251408,1379427,1.0100697895392143,1.020342334241216,0,1,2,1,1
42,8,10374,00:00:00.2040000,4,39,141,156851,157611,98432,256043,2525232,2781275,1.0319666435024322,1.0661901385675203,0.011524252593517303,1,4,3,1
42,9,11563,00:00:00.3070000,9,48,255,267378,268812,243287,512099,4867377,5379476,1.1214984030099708,1.2790941683677681,0.04563933238387108,1,9,8,1
42,10,12821,00:00:00.4820000,14,95,463,452629,454886,569530,1024416,8987699,10012115,1.33560598194106,1.9562006497347055,0.12771724164485931,1,14,13,1
42,11,14040,00:00:00.7490000,19,158,833,764394,769074,1279066,2048140,15573085,17621225,1.6341664115626235,2.6383670982082075,0.22590257227420807,1,19,18,1
42,12,15288,00:00:01.2540000,22,291,1534,1268354,1286500,2809607,4096107,26637423,30733530,1.8601589146247814,2.1604858519104044,0.2985420525074005,2,22,20,1.05
42,13,16671,00:00:02.2950000,33,492,2726,2074976,2125948,6068677,8194625,46641870,54836495,2.0047128255941273,1.9494410174255734,0.3197581171989441,2,33,28,1.1428572
42,14,18217,00:00:04.4480000,57,871,4997,3415068,3528354,12858601,16386955,82732587,99119542,2.2840329972931723,2.9640537807442286,0.2932390868663788,3,57,48,1.1666666
42,15,19724,00:00:08.1310000,65,1515,8635,5779063,6072594,26702178,32774772,139012329,171787101,3.041610032629857,10.315155997120378,0.34097355604171753,4,66,54,1.2037038
42,16,21110,00:00:13.9860000,58,2468,14564,9900094,10428239,55122677,65550916,222400547,287951463,3.765214754526573,6.1782977554679785,0.34868815541267395,4,59,41,1.4146341
42,17,22557,00:00:34.9920000,48,4202,24816,16490069,17515645,113589342,131104987,362458855,493563842,4.222156074665303,5.774189740440034,0.31279274821281433,4,49,35,1.3714286
42,18,24131,00:01:31.3430000,52,7241,43709,27207572,29494035,232654418,262148453,606109966,868258419,4.731301969907495,7.214776035908361,0.3818948566913605,3,53,41,1.2682927
42,19,25821,00:03:17.8640000,73,12201,77289,45022105,50295161,474091848,524387009,1023631676,1548018685,5.415886818264051,9.171324451510044,0.39852002263069153,5,74,54,1.3518518
42,20,27483,00:06:16.4900000,64,21689,136402,83603302,92348229,956522262,1048870491,1674376364,2723246855,7.051036237779221,3.7906440016298735,0.18808872997760773,6,65,45,1.4222223
43,0,5720,00:00:00.0660000,1,1,2,1004,1004,0,1004,13806,14810,1,1,0,0,1,1,0
43,1,6353,00:00:00.0800000,1,2,3,2011,2012,0,2012,22523,24535,1,1,0,0,1,1,0
43,2,7011,00:00:00.1030000,1,2,4,4003,4004,0,4004,41574,45578,1,1,0,0,1,1,0
43,3,7675,00:00:00.1180000,1,2,6,8002,8003,12,8015,79553,87568,1,1,0,0,1,1,0
43,4,8359,00:00:00.1270000,1,4,10,15417,15425,576,16001,155770,171771,1,1,0,0,1,1,0
43,5,9127,00:00:00.1390000,1,6,19,28720,28742,3263,32005,320544,352549,1,1,0,0,1,1,0
43,6,9922,00:00:00.1530000,1,8,34,51951,52068,11987,64055,628865,692920,1,1,0,0,1,1,0
43,7,10863,00:00:00.1770000,4,17,64,91459,91508,36532,128040,1269227,1397267,1.0086158825265965,1.0174255524911795,0.006862157955765724,1,4,3,1
43,8,11924,00:00:00.2320000,5,29,128,157954,158103,98007,256110,2507584,2763694,1.0287805310406828,1.059817469962255,0.02435571886599064,1,5,4,1
43,9,13122,00:00:00.3240000,5,54,278,267090,268358,243661,512019,4873328,5385347,1.0921674341982104,1.2091279142802491,0.07909274846315384,1,5,4,1
43,10,14428,00:00:00.5250000,10,100,544,450759,453128,571068,1024196,9150999,10175195,1.2816848914830319,1.8466369497329127,0.17080454528331757,1,10,9,1
43,11,15711,00:00:00.8280000,12,167,934,758954,766794,1281732,2048526,16083469,18131995,1.5890949912642927,3.5828795477963125,0.3344741761684418,1,12,11,1
43,12,16992,00:00:01.3530000,17,276,1607,1266472,1285296,2812705,4098001,27444442,31542443,1.8402317619339392,4.048317481466156,0.44433748722076416,2,17,14,1.1428572
43,13,18393,00:00:02.4450000,22,518,2865,2072850,2122962,6069560,8192522,47703396,55895918,1.9913664761077743,3.698049094832313,0.509529709815979,2,22,17,1.2352941
43,14,19971,00:00:04.6900000,35,868,5103,3375890,3507679,12878463,16386142,84585012,100971154,2.1952305910441394,4.849256247276074,0.48359784483909607,3,35,29,1.1724138
43,15,21632,00:00:08.8410000,55,1488,9023,5566356,5895809,26874146,32769955,146854893,179624848,2.6650022025181284,10.603729586496158,0.4690609276294708,3,56,45,1.2222222
43,16,23270,00:00:16.0790000,60,2554,15729,9342998,10018751,55525244,65543995,245487651,311031646,3.281028423638751,12.48693869394163,0.6065671443939209,3,61,48,1.25
43,17,24923,00:00:28.6640000,55,4445,26942,15693428,16932322,114154668,131086990,405180365,536267355,3.837768204626803,7.039864616679779,0.5473793745040894,4,56,37,1.4864864
43,18,26638,00:01:00.7720000,45,7454,46568,26675751,29189661,233031868,262221529,669698728,931920257,4.661446157598337,7.227048617708547,0.5606975555419922,3,46,33,1.3636364
43,19,28249,00:02:28.5330000,31,12350,79483,48355624,51681809,472729404,524411213,1066330322,1590741535,5.77087903984033,1.6680471661061107,0.20166820287704468,3,32,24,1.2916666
43,20,29963,00:05:26.6640000,31,21000,139345,80460218,86552180,962351545,1048903725,1744019349,2792923074,6.191330304374766,1.7029365665116856,0.112065389752388,2,32,27,1.1481482
44,0,6370,00:00:00.0660000,1,1,2,1002,1002,0,1002,12304,13306,1,1,0,0,1,1,0
44,1,6949,00:00:00.0790000,1,1,3,2012,2012,0,2012,20331,22343,1,1,0,0,1,1,0
44,2,7596,00:00:00.1020000,2,2,6,4008,4008,0,4008,39164,43172,1.003992015968064,1.0080159136498887,0,1,2,1,1
44,3,8222,00:00:00.1100000,2,2,7,8006,8006,10,8016,75352,83368,1.0013739695228578,1.0027516687149818,0,1,2,1,1
44,4,8921,00:00:00.1270000,2,4,11,15441,15445,590,16035,154894,170929,1.0042743345638236,1.008585155219026,0,1,2,1,1
44,5,9706,00:00:00.1380000,2,6,19,28781,28788,3238,32026,321213,353239,1.00743546089434,1.0149814408845501,0,1,2,1,1
44,6,10543,00:00:00.1530000,2,9,36,51967,52006,12037,64043,646403,710446,1.0107760694286758,1.0217842763792047,0,1,2,1,1
44,7,11471,00:00:00.1770000,3,12,60,91545,91600,36425,128025,1275397,1403422,1.0307826751870666,1.0635406337314561,0.007507134694606066,1,3,2,1
44,8,12517,00:00:00.2280000,3,35,128,158356,158643,97528,256171,2491336,2747507,1.0821566596781935,1.178298334736001,0.019471433013677597,1,3,2,1
44,9,13644,00:00:00.3050000,3,46,228,267893,269337,242890,512227,4715213,5227440,1.2109573598414292,1.5082613101156055,0.058713849633932114,1,3,2,1
44,10,14766,00:00:00.4590000,9,85,447,456703,459843,564621,1024464,8386286,9410750,1.4748403229232128,2.1188065219111074,0.08253993093967438,2,9,7,1.1428572
44,11,15867,00:00:00.6680000,13,148,767,772188,778807,1270003,2048810,14328498,16377308,1.7988365527565826,2.1256126228152246,0.08688941597938538,2,13,11,1.0909091
44,12,16976,00:00:01.0780000,17,275,1354,1296058,1310946,2785833,4096779,24152314,28249093,2.1393456157054698,2.317540787825314,0.11236494779586792,2,17,15,1.0666667
44,13,18105,00:00:01.8450000,19,452,2390,2168110,2206911,5986766,8193677,40415697,48609374,2.496193458818971,3.68168048804166,0.1780978888273239,3,19,15,1.2
44,14,19306,00:00:03.2570000,23,771,4230,3595629,3685577,12705758,16391335,68457402,84848737,2.8113976720067617,4.768205551944012,0.2527446150779724,3,23,18,1.2222222
44,15,20635,00:00:06.0500000,30,1372,7529,5880308,6109086,26668325,32777411,118528544,151305955,3.071568360024679,5.100050057941373,0.27541089057922363,3,31,24,1.25
44,16,22109,00:00:11.6210000,47,2419,13689,9601658,10185193,55353990,65539183,207592614,273131797,3.440724195758691,8.570200820197869,0.47895359992980957,3,47,36,1.2777778
44,17,23689,00:00:22.5110000,68,4320,24849,15752673,17126636,113996430,131123066,360402239,491525305,3.941378520331121,12.142522359487131,0.49592214822769165,4,69,51,1.3333334
44,18,25362,00:00:54.9270000,79,7324,44017,26382568,29092476,233145075,262237551,618994842,881232393,4.596968801520762,13.501040608335407,0.4674472212791443,4,80,58,1.362069
44,19,27078,00:02:25.5480000,65,12467,78253,45298158,50206096,474104482,524310578,1042359244,1566669822,5.431938534895834,7.5387168031362615,0.45321741700172424,4,66,48,1.3541666
44,20,28875,00:05:32.6450000,54,21574,140198,76474653,85810152,963144155,1048954307,1751131563,2800085870,6.119795914601927,4.901822638977664,0.3030049800872803,4,55,41,1.3170732
45,0,4489,00:00:00.1190000,1,1,1,1006,1006,0,1006,10101,11107,1,1,0,0,1,1,0
45,1,5231,00:00:00.1510000,1,1,1,2004,2004,0,2004,20811,22815,1,1,0,0,1,1,0
45,2,5862,00:00:00.1970000,1,1,1,4018,4018,0,4018,39557,43575,1,1,0,0,1,1,0
45,3,6487,00:00:00.2110000,1,1,2,8008,8008,13,8021,76181,84202,1,1,0,0,1,1,0
45,4,7201,00:00:00.2290000,1,1,3,15411,15411,597,16008,157884,173892,1,1,0,0,1,1,0
45,5,7940,00:00:00.2510000,1,5,13,28807,28814,3195,32009,314782,346791,1,1,0,0,1,1,0
45,6,8786,00:00:00.2880000,2,9,30,51969,52060,11999,64059,641724,705783,1.0015008947641864,1.0030063145583463,0,1,2,1,1
45,7,9746,00:00:00.3590000,5,19,67,91311,91515,36519,128034,1295736,1423770,1.010853018803868,1.0220286704486046,0.009417121298611164,1,5,4,1
45,8,10806,00:00:00.4960000,7,29,128,157502,157964,98220,256184,2536208,2792392,1.0389582354509783,1.0823177979702747,0.03483252227306366,1,7,6,1
45,9,11994,00:00:00.6390000,11,68,283,267838,268671,243465,512136,4881702,5393838,1.133577012970527,1.3256884970864586,0.10397928208112717,1,11,10,1
45,10,13239,00:00:00.8670000,15,101,507,452680,455639,568796,1024435,8952664,9977099,1.359063797826279,2.2857855284804227,0.2576651871204376,2,15,13,1.0769231
45,11,14448,00:00:01.2100000,16,177,877,759201,770312,1277728,2048040,15484665,17532705,1.6574398611171481,4.8977751796398925,0.4553650915622711,2,16,14,1.0714285
45,12,15673,00:00:01.8440000,24,286,1521,1265363,1290763,2806779,4097542,26345114,30442656,1.9088467103906153,6.613486471748344,0.5674772262573242,2,24,19,1.2105263
45,13,16986,00:00:03.1140000,41,502,2677,2103861,2150692,6041665,8192357,45299445,53491802,2.1606541496800404,7.593430208118722,0.5390127897262573,3,41,33,1.2121212
45,14,18371,00:00:05.2850000,45,849,4667,3476845,3605356,12778959,16384315,77558768,93943083,2.5432934168765073,7.529617563898016,0.45275524258613586,3,45,37,1.1891892
45,15,19771,00:00:09.1210000,56,1439,8042,5858879,6112362,26669842,32782204,130045542,162827746,3.0953515169028067,6.289462844986097,0.36320701241493225,4,57,44,1.2727273
45,16,21131,00:00:15.5380000,53,2432,13773,10068658,10551670,55006125,65557795,211765998,277323793,3.9136494654997716,6.877724661836023,0.2903846800327301,5,54,38,1.3947369
45,17,22449,00:00:28.9290000,42,3956,23193,17388610,18168692,112963947,131132639,339027852,470160491,4.668212122763119,2.859233925997832,0.2547338008880615,5,43,31,1.3548387
45,18,23860,00:01:18.6080000,39,6853,40668,29025670,30538184,231708016,262246200,557728468,819974668,5.138839930309963,2.371214407876949,0.19534030556678772,6,40,27,1.4444444
45,19,25329,00:02:55.2220000,40,11933,71710,51393966,54399366,470136578,524535944,919121349,1443657293,6.377451041626171,5.795161203541828,0.21080754697322845,5,41,32,1.25
45,20,26692,00:05:29.5560000,23,20416,124643,93820126,98056317,950886161,1048942478,1455342356,2504284834,7.646092960906917,2.494922564124647,0.1884106546640396,5,24,16,1.4375
46,0,6536,00:00:00.0800000,2,2,3,1005,1005,0,1005,12039,13044,1.0139303482587065,1.028248593445717,0,1,2,1,1
46,1,7338,00:00:00.0980000,2,2,3,2004,2004,0,2004,23665,25669,1.0349301397205588,1.0722940575394269,0,1,2,1,1
46,2,8001,00:00:00.1240000,3,3,6,4002,4002,0,4002,42743,46745,1.0562218890554722,1.1189594442596373,0.010663136839866638,1,3,2,1
46,3,8724,00:00:00.1440000,3,3,8,8013,8013,5,8018,83900,91918,1.1300386871334083,1.294356801214992,0.028672095388174057,1,3,2,1
46,4,9317,00:00:00.1530000,3,3,11,15472,15472,529,16001,149846,165847,1.1942864529472597,1.4604320287591996,0.037707723677158356,1,3,2,1
46,5,9917,00:00:00.1620000,3,6,18,28947,28955,3052,32007,276502,308509,1.3253532317684042,1.800626478058286,0.05893480405211449,1,3,2,1
46,6,10496,00:00:00.1740000,3,8,26,52813,52842,11259,64101,498884,562985,1.4645825838335258,2.0349634161612182,0.08178559690713882,1,3,2,1
46,7,11088,00:00:00.1910000,3,25,57,93571,93775,34258,128033,897147,1025180,1.6104348569535434,1.973710958477604,0.10097283869981766,1,3,2,1
46,8,11724,00:00:00.2180000,4,35,97,162492,163034,93031,256065,1640348,1896413,1.7496553676488689,1.6768951368873297,0.11878985166549683,2,4,2,1.5
46,9,12405,00:00:00.2630000,4,57,187,278694,280376,231667,512043,2984347,3496390,1.8639009092409595,1.383803836450744,0.1329641491174698,2,4,2,1.5
46,10,13182,00:00:00.3480000,9,101,351,469663,472610,551402,1024012,5546809,6570821,1.9433146745645282,1.2359357846819454,0.14698371291160583,2,9,6,1.3333334
46,11,14084,00:00:00.5360000,13,171,665,784000,789948,1258635,2048583,10451761,12500344,2.013427295918367,1.2164137491919957,0.15771839022636414,2,13,10,1.2
46,12,15136,00:00:00.9050000,18,277,1229,1296115,1311368,2785781,4097149,19812660,23909809,2.12114048521929,1.4117522981242219,0.18897531926631927,2,18,15,1.1333333
46,13,16327,00:00:01.6600000,21,477,2273,2130635,2180096,6014040,8194136,37010713,45204849,2.339846571561999,2.316446048348256,0.26645874977111816,2,21,18,1.1111112
46,14,17610,00:00:03.2460000,31,836,4131,3512741,3640268,12748073,16388341,66951116,83339457,2.662290217240611,5.380713202322377,0.391045480966568,3,32,27,1.1481482
46,15,19009,00:00:06.2830000,46,1472,7624,5757303,6045411,26726661,32772072,119624889,152396961,2.9400505757643813,7.6698432097388896,0.45844393968582153,3,47,38,1.2105263
46,16,20568,00:00:12.4870000,61,2504,13837,9367212,10051391,55510731,65562122,213910427,279472549,3.285398152620011,11.165956174493472,0.47602641582489014,4,62,49,1.244898
46,17,22189,00:00:30.6540000,76,4324,24861,15789962,17157148,113915670,131072818,370223205,501296023,3.996280675026324,14.021354801096741,0.4222238063812256,5,77,56,1.3571428
46,18,23804,00:01:27.9650000,61,7293,44085,26848777,29437709,232736826,262174535,619631527,881806062,4.739620504874393,3.50019690656627,0.2935050427913666,4,62,41,1.4878049
46,19,25509,00:03:17.1490000,62,12604,78396,45409463,49987376,474343958,524331334,1041103261,1565434595,5.362057705901521,4.03386167165021,0.25910571217536926,4,63,43,1.4418604
46,20,27287,00:06:32.0470000,61,21471,139589,78157578,87047085,961582143,1048629228,1740843203,2789472431,6.301946024990692,7.996724392325579,0.3544522821903229,4,62,44,1.3863636
47,0,3864,00:00:00.0460000,1,1,2,1007,1007,0,1007,9212,10219,1,1,0,0,1,1,0
47,1,4692,00:00:00.0610000,1,1,2,2002,2002,0,2002,20777,22779,1,1,0,0,1,1,0
47,2,5425,00:00:00.0850000,2,2,4,4001,4001,0,4001,40938,44939,1.002499375156211,1.0050112971310987,0,1,2,1,1
47,3,6217,00:00:00.0950000,3,3,7,8002,8002,10,8012,86614,94626,1.010497375656086,1.0212392287622833,0,1,3,2,1
47,4,6934,00:00:00.1140000,2,4,12,15406,15413,593,16006,167927,183933,1.015059067895625,1.0305714455608719,0,1,2,1,1
47,5,7675,00:00:00.1250000,3,6,21,28834,28841,3167,32008,324171,356179,1.0381147256710828,1.079354221037159,0.014037100598216057,1,3,2,1
47,6,8466,00:00:00.1410000,3,13,34,52115,52172,11831,64003,627453,691456,1.0847356807061306,1.1848033542156413,0.029235847294330597,1,3,2,1
47,7,9299,00:00:00.1620000,3,17,64,92071,92188,35828,128016,1189736,1317752,1.1771241759077233,1.418499135639608,0.057837437838315964,1,3,2,1
47,8,10155,00:00:00.1990000,3,35,126,159901,160375,95755,256130,2183265,2439395,1.3417176878193382,1.8541009342087058,0.0955638438463211,1,3,2,1
47,9,11027,00:00:00.2610000,3,56,219,273498,275082,237093,512175,3897559,4409734,1.5592252959802266,2.0867378178988334,0.15202420949935913,1,3,2,1
47,10,11920,00:00:00.3670000,6,89,397,464521,467183,556838,1024021,6831230,7855251,1.7573887940480624,1.7330603453904456,0.10543712973594666,1,6,5,1
47,11,12904,00:00:00.5860000,7,159,699,776438,783350,1265419,2048769,12178744,14227513,1.893294764037824,1.3805976528916393,0.12935669720172882,2,7,5,1.2
47,12,14035,00:00:00.9860000,10,281,1334,1277013,1297314,2799288,4096602,22246230,26342832,1.971126370679077,1.2275232413002846,0.1347842663526535,2,10,8,1.125
47,13,15368,00:00:01.9320000,21,513,2500,2081465,2136688,6057062,8193750,41538319,49732069,2.0506162726733335,1.2920196333857843,0.11889775842428207,2,21,19,1.0526316
47,14,16882,00:00:03.8470000,43,915,4665,3400371,3539755,12847765,16387520,76879625,93267145,2.2995499608719165,2.1438566084837194,0.1497805267572403,3,43,40,1.05
47,15,18420,00:00:07.4520000,60,1543,8378,5695233,6011922,26766417,32778339,134451696,167230035,2.9000586982130496,7.859685997380334,0.28229713439941406,3,61,54,1.1111112
47,16,19896,00:00:13.5140000,57,2478,14447,9630819,10267124,55297207,65564331,223311537,288875868,3.5747974289621682,4.057100621934576,0.26364484429359436,4,58,46,1.2391304
47,17,21426,00:00:24.4500000,51,4327,25230,16087744,17218602,113856913,131075515,371412256,502487771,4.034463315676828,2.515659595313511,0.2123992145061493,5,52,36,1.4166666
47,18,23089,00:01:11.5760000,57,7331,44752,26743219,29065529,233157167,262222696,628685718,890908414,4.5723830403512755,5.230488102073228,0.3697524964809418,3,58,47,1.2127659
47,19,24821,00:02:56.1920000,66,12563,78977,45286750,49988401,474306570,524294971,1056085679,1580380650,5.3614857325818255,11.938393598025012,0.4282658100128174,4,67,52,1.2692307
47,20,26647,00:06:14.8820000,75,21839,141502,76189195,84947515,963769487,1048717002,1776592717,2825309719,5.988948196657019,9.275142386648016,0.39329177141189575,4,76,57,1.3157895
48,0,6589,00:00:00.1740000,2,2,3,1009,1009,0,1009,11348,12357,1.0029732408325074,1.005964197314839,0,1,2,1,1
48,1,7239,00:00:00.2050000,1,1,3,2004,2004,0,2004,20811,22815,1,1,0,0,1,1,0
48,2,8040,00:00:00.2570000,1,1,5,4006,4006,0,4006,44136,48142,1,1,0,0,1,1,0
48,3,8799,00:00:00.2780000,1,1,7,7991,7991,11,8002,89793,97795,1,1,0,0,1,1,0
48,4,9457,00:00:00.2990000,1,3,13,15413,15421,581,16002,164315,180317,1,1,0,0,1,1,0
48,5,10215,00:00:00.3180000,2,11,26,28813,28836,3185,32021,325268,357289,1.0012494360184638,1.0025019872724832,0,1,2,1,1
48,6,11044,00:00:00.3420000,3,12,46,51985,52020,12030,64050,644227,708277,1.004405116860633,1.0088566459122046,0.0035946164280176163,1,3,2,1
48,7,11972,00:00:00.3870000,4,17,80,91405,91528,36558,128086,1277113,1405199,1.015119523002024,1.030776023276982,0.008190947584807873,1,4,3,1
48,8,13019,00:00:00.4470000,4,29,146,157736,158300,97709,256009,2496964,2752973,1.0522772227012223,1.111004065627418,0.027454618364572525,1,4,3,1
48,9,14176,00:00:00.5700000,8,55,259,267882,269029,243133,512162,4776311,5288473,1.1626163758669863,1.3941864266678246,0.07191678881645203,1,8,7,1
48,10,15374,00:00:00.7780000,12,104,473,453020,456824,567383,1024207,8695364,9719571,1.4116948479095845,2.2296969540961076,0.1680697351694107,2,12,9,1.2222222
48,11,16523,00:00:01.0970000,19,144,813,767778,775232,1273814,2049046,14896718,16945764,1.7294256933644883,2.848062121579528,0.2557322084903717,2,19,15,1.2
48,12,17680,00:00:01.6260000,25,259,1415,1287507,1302762,2793668,4096430,25139586,29236016,2.033070888158278,2.948036065523545,0.3065623641014099,3,25,20,1.2
48,13,18873,00:00:02.7100000,26,482,2512,2155361,2192770,6000696,8193466,42312891,50506357,2.4160620889029727,4.435865249860278,0.3382011353969574,3,26,20,1.25
48,14,20071,00:00:04.5070000,29,780,4284,3628858,3711618,12678200,16389818,70191242,86581060,2.937378370826304,7.026596302561743,0.34211742877960205,3,29,21,1.3333334
48,15,21268,00:00:07.6110000,26,1407,7319,6125507,6313647,26470165,32783812,115112633,147896445,3.5063928585829713,4.6704479461110955,0.37071001529693604,4,27,18,1.4444444
48,16,22508,00:00:13.2150000,29,2398,12725,10327571,10670071,54867536,65537607,189936835,255474442,4.020597970229399,3.2863491864717504,0.2924916446208954,4,30,22,1.3181819
48,17,23821,00:00:23.4170000,27,3992,22159,17334614,18167694,112912733,131080427,316833761,447914188,4.663128408858714,4.829712849573821,0.31854790449142456,3,28,22,1.2272727
48,18,25171,00:00:47.0610000,27,6990,39126,29680893,31310842,230928667,262239509,525510103,787749612,5.443385311890717,3.254758446727949,0.4125983715057373,4,28,21,1.2857143
48,19,26618,00:02:05.8480000,36,11977,69979,49757428,52798171,471572116,524370287,883812835,1408183122,5.96125448847557,1.9181383822021012,0.18407174944877625,3,37,30,1.2
48,20,28252,00:04:57.9750000,41,21318,128464,79814517,88599666,960261052,1048860718,1529567331,2578428049,6.441509030243208,3.075609716591706,0.10132763534784317,4,42,36,1.1388888
4,0,6394,00:00:00.0960000,1,1,1,1007,1007,0,1007,11302,12309,1,1,0,0,1,1,0
4,1,6933,00:00:00.1140000,2,3,3,2000,2001,0,2001,19181,21182,1.0145,1.0294203638046564,0,1,2,1,1
4,2,7648,00:00:00.1470000,2,2,3,4005,4005,0,4005,39817,43822,1.0132334581772784,1.0268170905221505,0,1,2,1,1
4,3,8346,00:00:00.1590000,2,3,7,7992,7993,8,8001,80015,88016,1.0465465465465464,1.0974055863474497,0,1,2,1,1
4,4,9033,00:00:00.1710000,2,3,8,15441,15442,567,16009,155645,171654,1.1012887766336377,1.222581703114688,0,1,2,1,1
4,5,9672,00:00:00.1840000,3,6,13,29027,29039,3026,32065,288295,320360,1.205257174354911,1.4862125628491543,0.017571547999978065,1,3,2,1
4,6,10336,00:00:00.2130000,3,12,24,52482,52522,11539,64061,543054,607115,1.3311039975610686,1.8052010278133277,0.03585131838917732,1,3,2,1
4,7,10995,00:00:00.2350000,3,19,58,93030,93189,34887,128076,990876,1118952,1.4908631624207245,2.0204970986704307,0.04285536706447601,1,3,2,1
4,8,11662,00:00:00.2690000,4,34,102,162028,162563,93482,256045,1766367,2022412,1.6561705384254573,1.8645537261294485,0.05863030627369881,2,4,2,1.5
4,9,12375,00:00:00.3310000,5,52,199,278001,279533,232554,512087,3170476,3682563,1.798223747396592,1.5424206347278562,0.07151143997907639,2,5,3,1.3333334
4,10,13170,00:00:00.4660000,8,97,359,469666,472119,552164,1024283,5788579,6812862,1.9094973875051633,1.3201464274991863,0.05594557896256447,2,8,6,1.1666666
4,11,14087,00:00:00.6740000,10,183,674,782269,789100,1259401,2048501,10777854,12826355,2.0043015893509777,1.2552700055897867,0.05801066756248474,2,10,8,1.125
4,12,15139,00:00:01.1710000,15,284,1254,1292092,1311487,2785811,4097298,20138230,24235528,2.1330601845689006,1.4481488307602035,0.057044874876737595,3,15,12,1.1666666
4,13,16308,00:00:02.1170000,25,498,2333,2147770,2191471,6002668,8194139,37004519,45198658,2.403309944733375,2.45357041993838,0.08836575597524643,3,25,21,1.1428572
4,14,17523,00:00:03.9470000,30,822,4145,3591771,3702515,12686685,16389200,65294520,81683720,2.8754004640050828,5.15719137005009,0.1624489426612854,4,31,25,1.2
4,15,18720,00:00:07.0530000,33,1415,7208,6117034,6353705,26420008,32773713,110103561,142877274,3.5923212131892677,7.535112251719878,0.30839067697525024,3,33,26,1.2307693
4,16,19871,00:00:12.8170000,31,2440,12426,10519288,10982414,54561147,65543561,179377810,244921371,4.39044458142034,3.4201068775457437,0.24275483191013336,4,31,24,1.25
4,17,21073,00:00:33.2360000,31,3978,21459,17790739,18522498,112619023,131141521,295841098,426982619,4.867967429571082,1.818649612528919,0.16686007380485535,4,32,24,1.2916666
4,18,22435,00:01:18.7970000,39,6873,38398,29138679,30736547,231452045,262188592,507273143,769461735,5.202692682121931,2.0912457855673328,0.22325459122657776,4,40,33,1.1818181
4,19,23971,00:02:53.7220000,56,11997,70631,47586055,51799191,472616578,524415769,887335855,1411751624,5.73763557411935,6.930254952397002,0.4578118622303009,4,57,46,1.2173913
4,20,25634,00:06:08.1870000,69,21191,129688,79094616,88589759,960018305,1048608064,1543291962,2591900026,6.460825588937684,15.048212956157826,0.39061933755874634,4,70,53,1.3018868
49,0,4020,00:00:00.0470000,1,1,2,1003,1003,0,1003,7603,8606,1,1,0,0,1,1,0
49,1,4780,00:00:00.0620000,1,1,2,2007,2007,0,2007,18831,20838,1,1,0,0,1,1,0
49,2,5390,00:00:00.0840000,2,2,3,4004,4004,0,4004,36638,40642,1.0014985014985014,1.0030015319118513,0,1,2,1,1
49,3,6047,00:00:00.0920000,1,4,6,8005,8015,8,8023,73938,81961,1,1,0,0,1,1,0
49,4,6662,00:00:00.1000000,2,2,9,15435,15435,574,16009,143105,159114,1.005506964690638,1.0110746351991389,0,1,2,1,1
49,5,7458,00:00:00.1110000,2,4,17,28786,28789,3218,32007,311637,343644,1.022476203710137,1.0459616832672234,0,1,2,1,1
49,6,8276,00:00:00.1260000,2,10,28,52035,52079,11925,64004,624131,688135,1.0475449216873258,1.0995883492798941,0,1,2,1,1
49,7,9153,00:00:00.1490000,3,20,69,91679,91822,36264,128086,1221655,1349741,1.116166188549177,1.2590882222618687,0.013914570212364197,1,3,2,1
49,8,10065,00:00:00.1920000,3,18,104,159212,159722,96367,256089,2279663,2535752,1.2626372383991156,1.637012320155262,0.026809267699718475,1,3,2,1
49,9,10990,00:00:00.2500000,6,49,214,272693,273879,238303,512182,4096102,4608284,1.4844128745512353,2.059529829307087,0.04161560535430908,2,6,4,1.25
49,10,11916,00:00:00.3740000,8,94,401,463455,466437,557588,1024025,7128551,8152576,1.7377587899580327,1.9376731042191948,0.05208871141076088,2,8,6,1.1666666
49,11,12880,00:00:00.5730000,13,171,734,781330,787608,1261705,2049313,12353274,14402587,1.9854798868595855,1.7631412621972757,0.05907804146409035,2,13,11,1.0909091
49,12,13897,00:00:00.9290000,17,260,1257,1308669,1324005,2772562,4096567,21373390,25469957,2.267670434617157,2.183580517986919,0.07526354491710663,3,17,13,1.2307693
49,13,14967,00:00:01.5630000,20,430,2180,2190595,2227298,5965202,8192500,36788725,44981225,2.6311403979284167,3.300141781952769,0.11652129888534546,3,20,16,1.1875
49,14,16087,00:00:02.8530000,24,767,3926,3677806,3753054,12639104,16392158,62901111,79293269,3.037471797044216,4.079207387746756,0.1530836671590805,3,24,20,1.15
49,15,17272,00:00:05.1620000,25,1329,6984,6113561,6297276,26481507,32778783,107459416,140238199,3.462243854277401,4.677959232841769,0.3054230511188507,3,25,19,1.2631578
49,16,18558,00:00:09.6490000,34,2254,12466,10151175,10511394,55033118,65544512,185184213,250728725,3.8240055954113688,3.7979421544410554,0.30108124017715454,3,34,27,1.2222222
49,17,20006,00:00:18.6280000,44,4031,22571,16483093,17446500,113676269,131122769,325563886,456686655,4.156457346931186,4.0254649392188915,0.3721241056919098,4,45,34,1.2941177
49,18,21582,00:00:40.5820000,53,7180,41472,27268688,29713912,232484720,262198632,569169967,831368599,4.834571285571202,12.260085187547466,0.36285117268562317,4,54,43,1.2325581
49,19,23189,00:02:13.4100000,60,12445,74816,47188807,51296003,473077036,524373039,965831670,1490204709,5.659301855204774,12.329386161321446,0.5039135813713074,4,61,47,1.2765957
49,20,24926,00:05:24.3140000,67,21496,135666,77936617,86353159,962269307,1048622466,1652021335,2700643801,6.17226276321437,10.32832654750675,0.5211649537086487,4,68,52,1.2884616
5,0,3377,00:00:00.0470000,1,1,1,1005,1005,0,1005,7764,8769,1,1,0,0,1,1,0
5,1,3933,00:00:00.0610000,1,1,1,2003,2003,0,2003,15489,17492,1,1,0,0,1,1,0
5,2,4689,00:00:00.0870000,1,1,2,4008,4008,0,4008,37271,41279,1,1,0,0,1,1,0
5,3,5371,00:00:00.0960000,1,2,4,7991,7992,10,8002,77315,85317,1,1,0,0,1,1,0
5,4,5987,00:00:00.1040000,1,2,6,15437,15439,592,16031,147063,163094,1,1,0,0,1,1,0
5,5,6684,00:00:00.1130000,1,2,10,28860,28861,3181,32042,294626,326668,1,1,0,0,1,1,0
5,6,7523,00:00:00.1270000,1,12,29,51948,51994,12016,64010,618571,682581,1,1,0,0,1,1,0
5,7,8449,00:00:00.1550000,2,20,65,91213,91575,36508,128083,1248009,1376092,1.0022365233025994,1.0044830944379002,0,1,2,1,1
5,8,9531,00:00:00.2070000,7,41,129,157240,157940,98140,256080,2512265,2768345,1.0156321546680234,1.0319525683806026,0.014046143740415573,1,7,6,1
5,9,10785,00:00:00.3230000,12,69,278,266081,267448,244850,512298,4994267,5506565,1.0654650275667936,1.1438929595819352,0.053670067340135574,1,12,11,1
5,10,12118,00:00:00.5270000,19,106,508,449021,453014,571167,1024181,9363920,10388101,1.234316435088782,1.6738590970565097,0.17807716131210327,2,19,17,1.0588236
5,11,13445,00:00:00.8430000,28,168,876,758947,765146,1282977,2048123,16522340,18570463,1.5577056105367042,3.904761933959366,0.38303911685943604,2,28,25,1.08
5,12,14712,00:00:01.3750000,33,295,1555,1270476,1288703,2807794,4096497,27722914,31819411,1.8956406890016027,7.850254347833403,0.5646205544471741,2,33,27,1.1851852
5,13,16003,00:00:02.3300000,43,484,2641,2132254,2163207,6029254,8192461,46326208,54518669,2.2451598167948097,9.280703013959522,0.5429502725601196,3,43,34,1.2352941
5,14,17325,00:00:04.0450000,44,842,4634,3534514,3628211,12755832,16384043,77124333,93508376,2.634984328821445,5.906642517469345,0.45148858428001404,3,44,32,1.34375
5,15,18717,00:00:07.1480000,44,1371,8013,5839484,6074550,26696478,32771028,129456961,162227989,3.020026084496507,4.260056674480141,0.3805881440639496,4,45,32,1.375
5,16,20160,00:00:12.9680000,49,2414,14035,9881294,10368352,55170668,65539020,216261161,281800181,3.6991029717362927,7.0744427544744655,0.2685753107070923,5,50,38,1.2894737
5,17,21515,00:00:25.2900000,35,4121,23865,17336573,18184023,112924100,131108123,346686847,477794970,4.701041664924204,4.746807147750574,0.20720575749874115,4,36,28,1.25
5,18,22876,00:01:08.4590000,29,7011,40908,29692556,31056803,231170031,262226834,557334587,819561421,5.341706689043543,3.4853742597417394,0.14839771389961243,5,30,19,1.5263158
5,19,24363,00:02:34.2050000,31,12086,72438,49093851,52261019,472248137,524509156,925563482,1450072638,5.842031418557896,2.2864202727136376,0.22484365105628967,3,31,25,1.2
5,20,26030,00:05:27.9090000,51,21377,131382,78633107,88027153,960747523,1048774676,1584170379,2632945055,6.363041549407427,3.2914947887630266,0.19720293581485748,5,52,41,1.2439024
6,0,4874,00:00:00.0570000,1,1,1,1002,1002,0,1002,10880,11882,1,1,0,0,1,1,0
6,1,5781,00:00:00.0740000,1,1,1,2019,2019,0,2019,23618,25637,1,1,0,0,1,1,0
6,2,6594,00:00:00.1000000,1,3,5,4006,4010,0,4010,47078,51088,1,1,0,0,1,1,0
6,3,7209,00:00:00.1080000,1,4,10,7992,7998,10,8008,82588,90596,1,1,0,0,1,1,0
6,4,7915,00:00:00.1180000,2,5,17,15417,15424,580,16004,161230,177234,1.0012972692482325,1.0025979561922365,0,1,2,1,1
6,5,8670,00:00:00.1320000,3,9,31,28767,28782,3221,32003,320411,352414,1.0045538290402196,1.0091572998019827,0,1,3,2,1
6,6,9473,00:00:00.1600000,2,9,45,52094,52209,11827,64036,626687,690723,1.006353898721542,1.0127885675437203,0,1,2,1,1
6,7,10402,00:00:00.1900000,5,18,81,91456,91591,36455,128046,1254755,1382801,1.0278275892232331,1.0575684759421264,0.016623111441731453,1,5,4,1
6,8,11439,00:00:00.2400000,8,27,152,158105,158281,97720,256001,2463463,2719464,1.0829828278675564,1.1840799836463443,0.04424384608864784,1,8,7,1
6,9,12560,00:00:00.3250000,9,41,251,269131,270231,241806,512037,4671025,5183062,1.223916977234135,1.5888515788083681,0.10994128882884979,1,9,8,1
6,10,13690,00:00:00.4940000,12,104,487,456395,459081,565185,1024266,8366170,9390436,1.487568882218254,2.5511647142278844,0.22071602940559387,2,12,10,1.1
6,11,14797,00:00:00.7360000,14,166,830,768903,776785,1271688,2048473,14351648,16400121,1.7648949217261476,2.881177417031761,0.33661407232284546,2,14,11,1.1818181
6,12,15954,00:00:01.1770000,21,277,1428,1280092,1299650,2797183,4096833,24617691,28714524,2.000788224596357,2.7330350350171084,0.41661494970321655,2,21,18,1.1111112
6,13,17197,00:00:02.1080000,30,536,2584,2123828,2170247,6023314,8193561,42549549,50743110,2.2778727844251043,3.339728724107383,0.37375345826148987,2,30,25,1.16
6,14,18507,00:00:03.7770000,35,830,4501,3510053,3633727,12756873,16390600,73095410,89486010,2.637612309557719,3.3761500211240234,0.34140995144844055,3,35,28,1.2142857
6,15,19904,00:00:06.9700000,48,1471,7913,5764853,6059037,26714971,32774008,125664279,158438287,2.9765170074588196,2.743070582790299,0.27491387724876404,3,49,39,1.2307693
6,16,21420,00:00:13.1850000,69,2549,14152,9450655,10124870,55411893,65536763,217248263,282785026,3.3854882016114227,4.40030772207253,0.22897809743881226,4,70,56,1.2321428
6,17,23013,00:00:33.3670000,88,4339,25349,15822638,17141043,113981672,131122715,371158826,502281541,3.970374598723677,10.655432943654745,0.37303832173347473,4,89,70,1.2571429
6,18,24675,00:01:32.6750000,82,7475,44805,26536363,29071320,233117951,262189271,628165944,890355215,4.588986855508421,14.480195618098895,0.4377664625644684,4,83,63,1.3015873
6,19,26467,00:03:28.8730000,73,12876,80362,43400253,48855143,475445294,524300437,1071645934,1595946371,5.089469847099739,12.494419640877448,0.5937540531158447,4,74,56,1.3035715
6,20,28383,00:07:03.9820000,80,21909,144346,72444460,84740249,964119139,1048859388,1825614192,2874473580,5.997331362536211,14.172122742107373,0.6103804707527161,4,81,59,1.3559322
7,0,4742,00:00:00.0720000,1,1,2,1005,1005,0,1005,12510,13515,1,1,0,0,1,1,0
7,1,5379,00:00:00.0890000,1,1,2,2003,2003,0,2003,21773,23776,1,1,0,0,1,1,0
7,2,6076,00:00:00.1190000,1,1,3,4004,4004,0,4004,41042,45046,1,1,0,0,1,1,0
7,3,6794,00:00:00.1300000,1,2,5,7993,7995,12,8007,82529,90536,1,1,0,0,1,1,0
7,4,7537,00:00:00.1420000,1,4,12,15409,15416,589,16005,166441,182446,1,1,0,0,1,1,0
7,5,8283,00:00:00.1570000,2,4,15,28892,28896,3151,32047,322290,354337,1.0015921362314828,1.0031893885328518,0,1,2,1,1
7,6,9110,00:00:00.1790000,2,8,37,51893,51963,12048,64011,642510,706521,1.0027171294779642,1.0054490401683511,0,1,2,1,1
7,7,10037,00:00:00.2170000,3,18,84,91264,91475,36585,128060,1273389,1401449,1.0090835378681626,1.0183523078012588,0.004877993371337652,1,3,2,1
7,8,11113,00:00:00.2940000,6,35,145,157933,158421,97715,256136,2527577,2783713,1.0327354004546232,1.0682550877332402,0.02210693433880806,1,6,5,1
7,9,12317,00:00:00.4250000,10,65,280,267014,268226,243786,512012,4903365,5415377,1.1115634386211959,1.2583968623523725,0.06577674299478531,1,10,9,1
7,10,13568,00:00:00.6540000,12,111,486,450561,454898,569142,1024040,8995477,10019517,1.3417539467463895,2.023958163393521,0.18126536905765533,2,12,10,1.1
7,11,14761,00:00:00.9970000,20,172,850,764821,774035,1274812,2048847,15427448,17476295,1.7334709690241246,3.8293547871946445,0.2769462466239929,2,20,17,1.117647
7,12,15871,00:00:01.5480000,23,263,1426,1294945,1314978,2783563,4098541,25230875,29329416,2.1769565502781973,4.981031064583256,0.300473153591156,2,23,20,1.1
7,13,16967,00:00:02.5020000,25,451,2385,2177281,2217463,5974672,8192135,41014299,49206434,2.5733743141101217,4.130333874190639,0.2749382555484772,2,25,22,1.0909091
7,14,18144,00:00:04.1710000,31,787,4117,3621077,3693098,12699766,16392864,68509425,84902289,2.845148004309215,2.8431321563213796,0.2403562366962433,3,31,25,1.2
7,15,19477,00:00:07.6230000,34,1362,7470,5879739,6085350,26688007,32773357,118789665,151563022,3.032678321265621,2.549794451917437,0.22336126863956451,4,35,28,1.2142857
7,16,20975,00:00:14.7210000,52,2453,13586,9646434,10179159,55362272,65541431,209249665,274791096,3.456620964804196,4.504566850921039,0.2460843175649643,4,53,41,1.2682927
7,17,22447,00:00:37.4800000,53,4217,24145,16718590,17751868,113350261,131102129,350891592,481993721,4.407444587133245,3.8065287664465175,0.37115341424942017,4,54,38,1.3947369
7,18,23923,00:01:33.8460000,33,7207,42058,28092271,30088199,232140181,262228380,579477061,841705441,4.9750533874602025,1.9053455010675033,0.3751634359359741,4,34,18,1.8333334
7,19,25565,00:03:25.7750000,44,12263,75573,45839157,50362710,473978044,524340754,986010509,1510351263,5.418764725538037,3.098793237182101,0.4606166481971741,4,45,33,1.3333334
7,20,27347,00:07:06.4690000,69,21481,136652,76079271,86593527,962267753,1048861280,1688301089,2737162369,6.214991005894365,8.024340531022183,0.3778277039527893,5,70,54,1.2777778
8,0,4716,00:00:00.0530000,1,1,1,1003,1003,0,1003,9696,10699,1,1,0,0,1,1,0
8,1,5410,00:00:00.0680000,2,2,2,2001,2001,0,2001,20333,22334,1.0044977511244377,1.0090359912853386,0,1,2,1,1
8,2,6096,00:00:00.0930000,2,2,2,4007,4007,0,4007,40549,44556,1.0279510856001997,1.057462063867915,0,1,2,1,1
8,3,6791,00:00:00.1010000,3,5,7,7989,7991,11,8002,80366,88368,1.0424333458505446,1.0887235890222986,0.014777875505387783,1,3,2,1
8,4,7453,00:00:00.1190000,3,4,10,15426,15427,577,16004,155092,171096,1.0687799818488266,1.1475935213942146,0.02153969369828701,1,3,2,1
8,5,8156,00:00:00.1300000,3,4,18,28836,28837,3186,32023,303376,335399,1.1294215563878485,1.2923941503917413,0.023581188172101974,1,3,2,1
8,6,8864,00:00:00.1430000,3,10,33,52407,52436,11650,64086,574460,638546,1.242906481958517,1.5905661035976046,0.04779830947518349,1,3,2,1
8,7,9562,00:00:00.1600000,3,11,51,92866,92981,35106,128087,1044424,1172511,1.4066504425731698,1.981372738165153,0.09869321435689926,1,3,2,1
8,8,10277,00:00:00.1860000,3,32,95,161633,162047,94244,256291,1874817,2131108,1.593684458000532,2.0222682301653316,0.12668316066265106,1,3,2,1
8,9,11022,00:00:00.2300000,5,49,178,277452,278175,234157,512332,3341265,3853597,1.7567435087871055,1.6959034624046834,0.10909084230661392,2,5,3,1.3333334
8,10,11836,00:00:00.3110000,7,84,345,469047,470579,553581,1024160,6021534,7045694,1.8833762927808941,1.391317079467295,0.1228729709982872,2,7,5,1.2
8,11,12765,00:00:00.5010000,8,160,672,783480,788905,1259375,2048280,11068220,13116500,1.9716125491397356,1.255312790269974,0.12932220101356506,2,8,6,1.1666666
8,12,13845,00:00:00.8630000,12,253,1243,1293900,1307384,2791145,4098529,20676362,24774891,2.0635690547955794,1.3214247037554288,0.12589655816555023,2,12,10,1.1
8,13,15084,00:00:01.6560000,19,461,2374,2128116,2165123,6030426,8195549,38584363,46779912,2.25057045762543,1.8775089964071587,0.1647380143404007,2,19,17,1.0588236
8,14,16424,00:00:03.3290000,24,840,4334,3490718,3616631,12771226,16387857,69841173,86229030,2.5767420914551105,3.7428401189385125,0.19088736176490784,3,25,21,1.1428572
8,15,17861,00:00:06.5550000,42,1459,7887,5758212,6022084,26756894,32778978,123917671,156696649,2.8928177705162645,4.767254536692942,0.2300727218389511,3,43,36,1.1666666
8,16,19445,00:00:13.0240000,57,2454,14100,9319596,10011613,55544301,65555914,219717750,285273664,3.2455959464337294,6.21165328175031,0.4788329601287842,3,57,44,1.2727273
8,17,21006,00:00:34.3370000,60,4232,24867,16599410,17834216,113254093,131088309,369262310,500350619,4.516048100504777,6.601541387718897,0.44357720017433167,4,60,46,1.2826087
8,18,22296,00:01:17.7750000,24,6829,40937,30626735,32160349,230044718,262205067,567855223,830060290,5.792354000516216,1.314725391703611,0.17348188161849976,4,25,16,1.5
8,19,23685,00:02:38.1150000,20,11563,71117,51049507,53130916,471209218,524340134,912575050,1436915184,6.025860171382262,1.1339314506534812,0.06677494198083878,3,21,16,1.25
8,20,25342,00:05:27.5560000,40,20595,130178,79249110,87454933,961382483,1048837416,1568523637,2617361053,6.264425808693624,1.7450019515015764,0.06147678568959236,4,41,33,1.2121212
