RepeatId,GenerationId,Generations,Time,SubcloneSelect,SubcloneAlive,SubcloneTotal,CellSelectCount,CellAliveCount,CellNecroCount,CellTumorCount,CellLostCount,CellTotalCount,MeanDriversPerCell,ClonalDiversity,TreeBalance,TreeDepth,NodeCount,LeafCount,Branching
0,0,759,00:00:00.0250000,1,1,1,1010,1010,0,1010,1193,2203,1,1,0,0,1,1,0
0,1,840,00:00:00.0570000,1,1,1,2018,2018,0,2018,2372,4390,1,1,0,0,1,1,0
0,2,932,00:00:00.0580000,1,1,1,4007,4007,0,4007,5117,9124,1,1,0,0,1,1,0
0,3,1023,00:00:00.0600000,1,3,3,8038,8040,4,8044,10402,18446,1,1,0,0,1,1,0
0,4,1110,00:00:00.0620000,1,4,4,15908,15916,202,16118,20069,36187,1,1,0,0,1,1,0
0,5,1203,00:00:00.0640000,1,5,8,30616,30651,1453,32104,39960,72064,1,1,0,0,1,1,0
0,6,1306,00:00:00.0670000,3,6,11,57928,57983,6180,64163,79680,143843,1.004108548543019,1.0082591683218414,0,1,3,2,1
0,7,1422,00:00:00.0830000,5,16,22,107341,107388,20844,128232,158134,286366,1.0217065240681567,1.0446978432822835,0.018719280138611794,1,5,4,1
0,8,1548,00:00:00.0880000,5,24,33,196020,196301,60165,256466,304657,561123,1.0820885623915928,1.1837092066458246,0.07123670727014542,1,5,4,1
0,9,1674,00:00:00.0940000,7,44,61,360228,360666,151667,512333,551803,1064136,1.2535727372663978,1.7294985118375665,0.17793461680412292,1,7,6,1
0,10,1790,00:00:00.1030000,8,72,107,675501,677664,351666,1029330,930566,1959896,1.5087720077394409,3.0670884395978155,0.35717830061912537,2,8,6,1.1666666
0,11,1900,00:00:00.1170000,10,129,186,1258909,1267100,790395,2057495,1526816,3584311,1.7392821879897593,4.172393675773334,0.49962326884269714,2,10,7,1.2857143
0,12,2011,00:00:00.1400000,16,234,334,2341721,2356583,1753843,4110426,2510268,6620694,1.951662046845034,4.578279325020805,0.554453432559967,2,16,11,1.3636364
0,13,2122,00:00:00.1810000,19,453,633,4380472,4427379,3785833,8213212,4103453,12316665,2.209773741277196,5.551161443512987,0.5321639180183411,2,19,14,1.2857143
0,14,2230,00:00:00.2630000,24,813,1163,8363378,8494027,7980844,16474871,6612119,23086990,2.520111610404313,5.846539057203726,0.47784754633903503,3,24,17,1.3529412
0,15,2331,00:00:00.3670000,32,1484,2124,16250414,16586720,16239707,32826427,10373949,43200376,2.9294707199459658,5.713273791135078,0.45374035835266113,4,32,20,1.55
0,16,2405,00:00:00.5230000,34,2932,3936,35073220,35954018,29632169,65586187,14732852,80319039,3.78850290905711,5.459579207817849,0.4372035562992096,5,34,17,1.9411764
0,17,2457,00:00:00.7640000,30,5748,7350,76345188,78669911,52552108,131222019,19681145,150903164,4.5460255464954775,3.30736212856669,0.2938905358314514,5,31,16,1.875
0,18,2503,00:00:01.1040000,39,11709,14435,161076608,165948304,98788268,264736572,26739818,291476390,5.08125975684812,3.350495610067528,0.2888214886188507,6,40,24,1.625
0,19,2546,00:00:01.7090000,44,23364,28130,326352778,338331290,191145968,529477258,37304399,566781657,5.54864302702519,4.40010163734726,0.25068753957748413,7,45,29,1.5172414
0,20,2584,00:00:02.9680000,46,46447,54826,660265676,692167022,359797640,1051964662,52067749,1104032411,6.129225078784801,7.0606918151731195,0.2842381000518799,7,47,30,1.5333333
9,0,902,00:00:00.0310000,3,3,3,1001,1001,0,1001,671,1672,1.6783216783216783,1.8004340317666492,0,2,3,1,2
9,1,940,00:00:00.0680000,3,3,3,2014,2014,0,2014,1198,3212,1.7626613704071499,1.6280960590519855,0,2,3,1,2
9,2,975,00:00:00.0690000,3,3,4,4068,4068,0,4068,2185,6253,1.859882005899705,1.4643761585830586,0,2,3,1,2
9,3,1007,00:00:00.0690000,3,4,5,8076,8077,0,8077,3987,12064,1.9567855373947498,1.426623898997838,0,2,3,1,2
9,4,1037,00:00:00.0700000,3,4,5,16025,16026,75,16101,7318,23419,2.0611544461778473,1.496776921868187,0,2,3,1,2
9,5,1066,00:00:00.0700000,3,5,6,31752,31764,569,32333,13408,45741,2.188429075333837,1.696110349814081,0,2,3,1,2
9,6,1094,00:00:00.0710000,3,9,11,61703,61759,2382,64141,23991,88132,2.329303275367486,1.9524996864979571,0,2,3,1,2
9,7,1123,00:00:00.0720000,3,15,17,120385,120640,8226,128866,43677,172543,2.4803173152801428,2.0568751735985193,0,2,3,1,2
9,8,1153,00:00:00.0720000,5,24,26,232035,232451,24321,256772,78572,335344,2.6218415325274202,1.9147999629347494,0.003968050237745047,3,5,2,2
9,9,1186,00:00:00.0820000,7,37,39,452242,452775,67952,520727,143819,664546,2.7460275693102365,1.681269012085211,0.011516252532601357,3,7,4,1.5
9,10,1222,00:00:00.0840000,8,63,71,862426,863949,177348,1041297,262878,1304175,2.8521681860240764,1.513424845561101,0.012842996045947075,3,8,5,1.4
9,11,1262,00:00:00.0870000,9,111,128,1620226,1625493,441302,2066795,480739,2547534,2.9566634531232063,1.4716464972177683,0.015695009380578995,3,9,6,1.3333334
9,12,1307,00:00:00.0940000,10,234,262,3050579,3064676,1061478,4126154,880236,5006390,3.0930223410047732,1.6277991441800406,0.02640344761312008,3,10,7,1.2857143
9,13,1356,00:00:00.1060000,10,431,494,5802662,5851706,2455610,8307316,1587741,9895057,3.296313485086672,2.1644608221014794,0.1915508210659027,3,10,7,1.2857143
9,14,1404,00:00:00.1290000,15,816,960,11074195,11172449,5248742,16421191,2702364,19123555,3.607494630535222,3.408403883305916,0.2612540125846863,3,15,10,1.4
9,15,1451,00:00:00.1710000,18,1604,1898,21938193,22205460,10953858,33159318,4458187,37617505,4.007156013259615,4.395286551817656,0.22138254344463348,3,18,13,1.3076923
9,16,1496,00:00:00.2610000,22,3042,3633,43215875,43951315,22465926,66417241,7173565,73590806,4.37716818183133,3.2934900804355065,0.19192013144493103,4,22,16,1.3125
9,17,1541,00:00:00.4070000,30,5889,7045,83380457,85108865,46023211,131132076,11511296,142643372,4.689685018157192,2.4701717852962304,0.17698627710342407,5,30,23,1.2608696
9,18,1589,00:00:00.7170000,34,11763,14050,164285772,168841146,96815601,265656747,18904622,284561369,5.025233463309288,2.524812078808876,0.13899415731430054,4,34,27,1.2222222
9,19,1633,00:00:01.2440000,39,23316,27655,326635726,339548218,191462772,531010990,29704964,560715954,5.523854959454129,3.9982522691048317,0.1484689861536026,4,39,29,1.3103448
9,20,1669,00:00:02.1630000,46,46576,54268,667217786,699277344,351984049,1051261393,43674246,1094935639,6.191098074235089,6.917080592597179,0.2281414121389389,6,46,33,1.3636364
10,0,754,00:00:00.0310000,1,1,1,1007,1007,0,1007,1308,2315,1,1,0,0,1,1,0
10,1,837,00:00:00.0610000,1,1,1,2017,2017,0,2017,2487,4504,1,1,0,0,1,1,0
10,2,926,00:00:00.0700000,1,1,1,4004,4004,0,4004,5086,9090,1,1,0,0,1,1,0
10,3,1012,00:00:00.0710000,1,1,1,8006,8006,2,8008,10039,18047,1,1,0,0,1,1,0
10,4,1101,00:00:00.0730000,1,3,3,15829,15836,215,16051,20014,36065,1,1,0,0,1,1,0
10,5,1195,00:00:00.0740000,1,5,5,30677,30725,1437,32162,39904,72066,1,1,0,0,1,1,0
10,6,1298,00:00:00.0760000,3,9,10,58067,58146,6136,64282,79488,143770,1.0054764323970586,1.0110243527344558,0.002558995969593525,1,3,2,1
10,7,1412,00:00:00.0890000,4,16,19,107425,107635,20724,128359,156298,284657,1.024975564347219,1.0515814023441408,0.021427588537335396,1,4,3,1
10,8,1536,00:00:00.0920000,6,26,34,197076,197384,59656,257040,300494,557534,1.097480159938298,1.2219574777662308,0.06779930740594864,1,6,5,1
10,9,1658,00:00:00.0970000,7,45,60,361646,362786,149737,512523,539208,1051731,1.2797182880496396,1.8204705283905223,0.18203449249267578,1,7,6,1
10,10,1770,00:00:00.1040000,12,72,95,678908,680503,346094,1026597,904325,1930922,1.5339854590018087,3.0462930390167884,0.30394747853279114,2,12,8,1.375
10,11,1877,00:00:00.1130000,12,137,173,1268357,1275448,777165,2052613,1482109,3534722,1.770430564896161,3.8159560246814572,0.42486900091171265,2,12,8,1.375
10,12,1983,00:00:00.1300000,15,240,330,2370806,2391801,1715608,4107409,2419019,6526428,2.0104082746542735,4.315113191968658,0.46937990188598633,2,15,11,1.2727273
10,13,2085,00:00:00.1590000,21,415,582,4503534,4545056,3648777,8193833,3878323,12072156,2.3198441490616037,5.782550995163798,0.42920729517936707,3,21,15,1.3333334
10,14,2180,00:00:00.2180000,22,775,1080,8730719,8865236,7530519,16395755,6073077,22468832,2.7009458213006283,7.170152072821134,0.41659682989120483,3,22,15,1.4
10,15,2264,00:00:00.3170000,30,1537,2053,17558869,17857969,15010591,32868560,9193853,42062413,3.2018999059677475,7.221615294710811,0.36729153990745544,5,30,20,1.45
10,16,2326,00:00:00.4210000,33,3087,3936,37968455,38643653,27305969,65949622,12850227,78799849,4.069777213742302,7.696869553004117,0.30334436893463135,5,33,21,1.5238096
10,17,2366,00:00:00.5410000,26,6186,7504,84614208,86761141,46668234,133429375,16668981,150098356,4.985469851588046,3.8463821636424904,0.41197270154953003,6,27,14,1.8571428
10,18,2400,00:00:00.7520000,27,12322,14492,176936078,182003436,84790565,266794001,21930244,288724245,5.510907001114832,2.251687120502414,0.30149737000465393,6,28,16,1.6875
10,19,2435,00:00:01.1530000,30,24276,28214,352472073,365273914,167895215,533169129,30604673,563773802,5.839171059660094,1.9012393772328984,0.20765557885169983,5,31,22,1.3636364
10,20,2472,00:00:02.0030000,41,47552,55185,677339047,710493953,344426252,1054920205,45168311,1100088516,6.089457157782903,2.1181029250287358,0.1547739952802658,6,42,31,1.3225807
11,0,950,00:00:00.0260000,1,1,1,1015,1015,0,1015,1409,2424,1,1,0,0,1,1,0
11,1,1041,00:00:00.0580000,1,1,1,2014,2014,0,2014,2786,4800,1,1,0,0,1,1,0
11,2,1127,00:00:00.0760000,1,1,1,4020,4020,0,4020,5295,9315,1,1,0,0,1,1,0
11,3,1213,00:00:00.0770000,1,1,1,8013,8013,3,8016,10282,18298,1,1,0,0,1,1,0
11,4,1302,00:00:00.0780000,1,1,1,15850,15850,210,16060,20315,36375,1,1,0,0,1,1,0
11,5,1397,00:00:00.0980000,1,3,5,30598,30601,1436,32037,40425,72462,1,1,0,0,1,1,0
11,6,1502,00:00:00.1350000,1,5,9,58038,58094,6241,64335,80902,145237,1,1,0,0,1,1,0
11,7,1620,00:00:00.1380000,3,10,17,107198,107275,21224,128499,160973,289472,1.0038713408832254,1.0077789947774436,0.0021200315095484257,1,3,2,1
11,8,1755,00:00:00.1910000,5,18,30,194623,194761,62184,256945,318162,575107,1.018389398991897,1.0376596355603849,0.013556425459682941,1,5,4,1
11,9,1905,00:00:00.2120000,6,33,58,349581,350056,163723,513779,612850,1126629,1.0855338247788067,1.191645594423297,0.06130124256014824,1,6,5,1
11,10,2053,00:00:00.2220000,7,68,113,639523,642021,385699,1027720,1095434,2123154,1.2854549406354423,1.8421559433616466,0.18816591799259186,1,7,6,1
11,11,2185,00:00:00.2350000,11,127,196,1200656,1208615,845486,2054101,1805249,3859350,1.5795048706707,3.2389697518273888,0.3419131934642792,2,11,8,1.25
11,12,2304,00:00:00.2550000,17,256,363,2298930,2318644,1801149,4119793,2853477,6973270,1.924973792155481,4.464723507163275,0.4133867025375366,3,17,13,1.2307693
11,13,2395,00:00:00.2830000,20,476,651,4704463,4757653,3489676,8247329,4140603,12387932,2.581920827095462,6.10007611742596,0.3099200427532196,3,20,15,1.2666667
11,14,2459,00:00:00.3200000,22,859,1134,9954747,10098696,6475386,16574082,5618183,22192265,3.2504387102957013,3.0741342666181692,0.21526087820529938,4,22,15,1.4
11,15,2516,00:00:00.4010000,28,1661,2104,19895334,20226565,12631677,32858242,7753893,40612135,3.652058718893586,1.8861534973736735,0.15559248626232147,4,28,20,1.35
11,16,2576,00:00:00.4980000,33,3008,3827,38433885,39303628,26258387,65562015,11360312,76922327,3.916572316329718,1.6589558141643617,0.11589212715625763,5,33,24,1.3333334
11,17,2640,00:00:00.7010000,43,5837,7387,73979926,76279144,55599529,131878673,17523117,149401790,4.204558166224714,2.0847003139931632,0.11495928466320038,6,43,31,1.3548387
11,18,2694,00:00:01.0750000,48,11583,14381,153721013,160075751,105042572,265118323,25673098,290791421,5.051041681594955,4.634180568610097,0.14205622673034668,7,49,33,1.4545455
11,19,2718,00:00:01.3710000,40,24592,28466,369490897,385996536,156835197,542831733,31442613,574274346,6.628226042602614,3.8364584148201075,0.13243840634822845,8,41,27,1.4814814
11,20,2733,00:00:01.8340000,38,48737,54118,783637813,818302096,234837396,1053139492,37279903,1090419395,7.467403508258221,2.7343991881984104,0.10361626744270325,6,39,29,1.3103448
12,0,735,00:00:00.0320000,1,1,1,1016,1016,0,1016,1234,2250,1,1,0,0,1,1,0
12,1,822,00:00:00.1060000,1,1,1,2004,2004,0,2004,2514,4518,1,1,0,0,1,1,0
12,2,912,00:00:00.1380000,1,1,1,4006,4006,0,4006,5068,9074,1,1,0,0,1,1,0
12,3,998,00:00:00.1390000,1,2,2,8012,8013,4,8017,10009,18026,1,1,0,0,1,1,0
12,4,1086,00:00:00.1570000,1,2,2,15814,15823,205,16028,19728,35756,1,1,0,0,1,1,0
12,5,1182,00:00:00.1580000,2,2,3,30668,30668,1453,32121,40092,72213,1.0025107604017216,1.0050341801764229,0,1,2,1,1
12,6,1288,00:00:00.1640000,2,6,7,57906,57913,6238,64151,80973,145124,1.0079611784616447,1.0160490511896703,0,1,2,1,1
12,7,1400,00:00:00.1720000,2,7,11,107369,107439,20577,128016,156523,284539,1.03048365915674,1.0628221628098593,0,1,2,1,1
12,8,1523,00:00:00.1740000,3,19,28,196615,196872,59285,256157,299319,555476,1.1106273682069019,1.2453416444989027,0.008546635508537292,1,3,2,1
12,9,1642,00:00:00.1870000,5,36,57,364122,364578,148098,512676,532045,1044721,1.3146170788911409,1.7639679230299246,0.02706027589738369,2,5,3,1.3333334
12,10,1744,00:00:00.1930000,6,70,101,692707,694786,330158,1024944,862431,1887375,1.6730695662090898,2.4023873337007338,0.04410875216126442,3,6,3,1.6666666
12,11,1814,00:00:00.2000000,8,122,173,1426518,1433373,642223,2075596,1232997,3308593,2.419939320779689,3.5969244660659125,0.03252602741122246,4,8,4,1.75
12,12,1857,00:00:00.2060000,11,227,296,2987016,2999281,1154581,4153862,1610210,5764072,3.1864670293028228,3.12083199717974,0.022522080689668655,4,11,7,1.4285715
12,13,1892,00:00:00.2150000,11,417,513,6032587,6068555,2157729,8226284,2110859,10337143,3.7198575006046326,2.6300704461897704,0.030613116919994354,4,11,7,1.4285715
12,14,1926,00:00:00.2320000,12,824,971,12041538,12116677,4321322,16437999,2898404,19336403,4.108261751945641,2.8313094824247145,0.2014947235584259,4,12,8,1.375
12,15,1961,00:00:00.2630000,13,1545,1796,23572506,23767329,9033783,32801112,4204140,37005252,4.396701521679536,3.255243868545101,0.2848513424396515,5,13,8,1.5
12,16,1999,00:00:00.3270000,15,3066,3564,45513776,46095408,19523990,65619398,6484578,72103976,4.620844379073272,3.4743564372312092,0.3459887206554413,5,15,10,1.4
12,17,2041,00:00:00.4660000,22,6013,7049,86925683,88392284,42723025,131115309,10526891,141642200,4.815524981264743,3.5605623848829473,0.36194154620170593,5,22,16,1.3125
12,18,2088,00:00:00.7650000,25,11994,14150,165532673,170782378,94103940,264886318,17783250,282669568,5.023753685171266,3.89945089735528,0.38398388028144836,5,25,17,1.4117647
12,19,2137,00:00:01.4440000,37,23415,27932,317351122,331629746,199830300,531460046,29880686,561340732,5.321510074887966,5.113097284877397,0.3785662055015564,4,37,28,1.2857143
12,20,2184,00:00:02.6800000,49,46150,55194,621471321,660769437,402322218,1063091655,48324685,1111416340,5.766842396255965,7.4768252429593955,0.3835236430168152,4,49,36,1.3333334
13,0,794,00:00:00.0180000,1,1,1,1013,1013,0,1013,1194,2207,1,1,0,0,1,1,0
13,1,878,00:00:00.0880000,2,2,2,2013,2013,0,2013,2454,4467,1.0024838549428714,1.0049800282793064,0,1,2,1,1
13,2,965,00:00:00.1200000,2,2,2,4003,4003,0,4003,4976,8979,1.0029977516862354,1.0060134847926585,0,1,2,1,1
13,3,1050,00:00:00.1380000,2,3,3,7999,8003,2,8005,9810,17815,1.0063757969746219,1.012832873879594,0,1,2,1,1
13,4,1135,00:00:00.1390000,3,3,3,15849,15849,199,16048,19247,35295,1.0241024670326204,1.0494347812934735,0.00748765654861927,1,3,2,1
13,5,1222,00:00:00.1530000,3,7,8,30664,30685,1356,32041,37579,69620,1.0760174797808506,1.164402966276834,0.02665770798921585,1,3,2,1
13,6,1307,00:00:00.1550000,4,9,11,58769,58806,5443,64249,70190,134439,1.2070649492079157,1.4846802971287645,0.05807360261678696,2,4,2,1.5
13,7,1381,00:00:00.1560000,4,16,18,111890,112020,16204,128224,119877,248101,1.4572973456072928,2.132920476401321,0.1073281541466713,2,4,2,1.5
13,8,1441,00:00:00.1580000,4,29,36,215377,215824,40727,256551,189210,445761,1.820421864915938,2.918996683144896,0.13491444289684296,2,4,2,1.5
13,9,1491,00:00:00.1600000,6,44,54,419359,420173,94291,514464,286058,800522,2.208177241933522,2.9420197789501965,0.12717053294181824,3,6,3,1.6666666
13,10,1537,00:00:00.1620000,6,84,100,809939,812708,215519,1028227,436224,1464451,2.517617993453828,2.2846559000851987,0.10184973478317261,3,6,3,1.6666666
13,11,1584,00:00:00.1660000,8,142,172,1567195,1572854,499817,2072671,690531,2763202,2.7655792674172646,1.8755930462290853,0.07394798845052719,3,8,5,1.4
13,12,1632,00:00:00.1740000,8,247,302,2957698,2980179,1127841,4108020,1115384,5223404,2.9777005630730384,1.8491864872798098,0.058375872671604156,3,8,5,1.4
13,13,1683,00:00:00.1880000,13,435,538,5637503,5688018,2522762,8210780,1847042,10057822,3.208800775804465,2.2472147103062285,0.06002078950405121,4,13,9,1.3333334
13,14,1737,00:00:00.2150000,16,850,1029,10869185,10997482,5592392,16589874,3105033,19694907,3.4657528600350442,3.059864223287866,0.09203600138425827,4,16,11,1.3636364
13,15,1791,00:00:00.2650000,18,1553,1892,20632241,20984114,11871012,32855126,5130787,37985913,3.7453249988694877,3.9932838285853682,0.3264025151729584,4,18,12,1.4166666
13,16,1847,00:00:00.3690000,23,3136,3803,40237625,41043760,25137017,66180777,8499708,74680485,4.072161018449772,4.727881452403718,0.3670690655708313,4,23,17,1.2941177
13,17,1902,00:00:00.5600000,24,6017,7332,77365083,79950581,51703716,131654297,13798968,145453265,4.399028099019812,4.434014195953301,0.364048570394516,4,24,17,1.3529412
13,18,1955,00:00:00.9190000,36,11947,14479,155066573,161866920,103707189,265574109,21917709,287491818,4.926116926566759,4.614843317140041,0.3269648253917694,5,36,27,1.2962962
13,19,1986,00:00:01.3210000,41,24594,28559,354667542,370383739,168515533,538899272,29340796,568240068,6.296010385974367,5.6377928337471,0.2639470100402832,6,41,30,1.3333334
13,20,2001,00:00:01.7850000,39,49059,54351,774109174,807259758,242428667,1049688425,35083931,1084772356,7.529255870826303,4.969992833868575,0.17728333175182343,6,39,27,1.4074074
14,0,929,00:00:00.0190000,1,1,1,1006,1006,0,1006,1166,2172,1,1,0,0,1,1,0
14,1,1016,00:00:00.0490000,1,1,2,2020,2020,0,2020,2436,4456,1,1,0,0,1,1,0
14,2,1104,00:00:00.0690000,1,2,3,4029,4033,0,4033,4951,8984,1,1,0,0,1,1,0
14,3,1191,00:00:00.0750000,2,5,6,8013,8023,3,8026,9959,17985,1.0017471608635966,1.0035003674897547,0,1,2,1,1
14,4,1277,00:00:00.1330000,4,5,7,15846,15853,204,16057,19517,35574,1.0099078631831377,1.0200723574548212,0.005672117695212364,1,4,3,1
14,5,1367,00:00:00.1810000,4,5,7,30649,30661,1358,32019,38379,70398,1.0334105517308885,1.0698109974559402,0.029900215566158295,1,4,3,1
14,6,1461,00:00:00.1870000,4,11,14,58475,58542,5827,64369,74698,139067,1.1080461735784524,1.2494252895885585,0.09558596462011337,1,4,3,1
14,7,1551,00:00:00.1890000,5,17,20,110225,110316,18329,128645,135817,264462,1.2619278748015423,1.747402723122111,0.19135917723178864,1,5,4,1
14,8,1633,00:00:00.1910000,5,27,36,207231,207502,48587,256089,230328,486417,1.4634683034874125,2.677174765294328,0.3404585123062134,1,5,4,1
14,9,1714,00:00:00.1940000,5,38,56,389378,390180,123197,513377,388747,902124,1.655730421338648,3.4410486690811073,0.4798845648765564,1,5,4,1
14,10,1798,00:00:00.1990000,5,77,110,722681,725393,301869,1027262,664419,1691681,1.7989251135701645,3.3810840159418047,0.5847375392913818,1,5,4,1
14,11,1891,00:00:00.2130000,7,133,193,1323031,1331226,727964,2059190,1170456,3229646,1.8950901377216407,3.0526541980377275,0.6499795913696289,2,7,5,1.2
14,12,1997,00:00:00.2310000,13,239,348,2375794,2393347,1714293,4107640,2113065,6220705,1.968415190879344,2.9045395850223312,0.5883999466896057,2,13,9,1.3333334
14,13,2118,00:00:00.2670000,17,443,644,4223241,4293993,3913199,8207192,3859072,12066264,2.0677557828217714,3.167826216225869,0.6538680791854858,2,17,13,1.2307693
14,14,2247,00:00:00.3590000,28,846,1233,7748518,7933421,8519270,16452691,6856309,23309000,2.2831582762019784,4.7901475273762015,0.5790735483169556,2,28,24,1.125
14,15,2372,00:00:00.4950000,43,1564,2272,14612374,15103932,17665762,32769694,11526667,44296361,2.6029025810590394,8.690622364818989,0.5351411700248718,3,43,36,1.1666666
14,16,2489,00:00:00.7230000,58,3010,4283,28726497,29974665,35687731,65662396,18520101,84182497,3.044508141734093,13.792868097791875,0.500461757183075,4,59,46,1.2608696
14,17,2582,00:00:01.0340000,61,5857,8030,61128859,64175205,67309329,131484534,27353854,158838388,3.773897170238365,14.916062411212119,0.46596723794937134,5,62,45,1.3555555
14,18,2649,00:00:01.4430000,58,11708,15254,135690336,143103688,121438718,264542406,37565639,302108045,4.5823169971367745,8.427323638709822,0.3297821879386902,6,59,42,1.3809524
14,19,2697,00:00:02.0210000,53,23759,29317,307391529,327400704,209775477,537176181,49132220,586308401,5.721016300354848,8.266330733663516,0.22286005318164825,8,54,38,1.3947369
14,20,2713,00:00:02.5460000,43,50672,57653,773594095,816078709,282061382,1098140091,55246598,1153386689,7.679647861065951,3.650050849629275,0.12711159884929657,8,44,33,1.3030303
15,0,806,00:00:00.0210000,1,1,1,1006,1006,0,1006,984,1990,1,1,0,0,1,1,0
15,1,889,00:00:00.0420000,1,1,1,2019,2019,0,2019,2162,4181,1,1,0,0,1,1,0
15,2,981,00:00:00.0740000,1,1,1,4016,4016,0,4016,4869,8885,1,1,0,0,1,1,0
15,3,1067,00:00:00.0830000,1,1,1,8064,8064,2,8066,9727,17793,1,1,0,0,1,1,0
15,4,1155,00:00:00.0840000,1,1,1,15862,15862,212,16074,19582,35656,1,1,0,0,1,1,0
15,5,1248,00:00:00.0850000,1,2,2,30750,30752,1443,32195,39289,71484,1,1,0,0,1,1,0
15,6,1353,00:00:00.0870000,1,7,11,57996,58022,6254,64276,79767,144043,1,1,0,0,1,1,0
15,7,1469,00:00:00.0890000,2,9,17,107573,107647,20955,128602,158215,286817,1.0013758099151273,1.002755374384723,0,1,2,1,1
15,8,1603,00:00:00.1010000,3,16,28,193680,194009,62067,256076,314498,570574,1.0097893432465923,1.0197950373303741,0.005670503247529268,1,3,2,1
15,9,1757,00:00:00.1520000,6,48,66,346703,347830,165457,513287,617885,1131172,1.057415136298215,1.1230168741118538,0.029100852087140083,1,6,5,1
15,10,1911,00:00:00.1620000,13,84,117,634943,637844,390303,1028147,1120032,2148179,1.268027208741572,1.6717732993202123,0.10721461474895477,2,13,11,1.0909091
15,11,2027,00:00:00.2120000,16,149,200,1251286,1256808,799031,2055839,1737403,3793242,1.7970999435780468,3.709288375556177,0.2262880653142929,2,16,14,1.0714285
15,12,2110,00:00:00.2260000,18,261,348,2525084,2541610,1563619,4105229,2463838,6569067,2.331992123826376,5.219470194108818,0.28830215334892273,3,18,15,1.1333333
15,13,2186,00:00:00.2560000,19,445,594,4972193,5026202,3235343,8261545,3556097,11817642,2.679675547590369,4.209555566627498,0.31948915123939514,3,19,14,1.2857143
15,14,2264,00:00:00.3030000,23,819,1082,9457756,9563483,6923076,16486559,5377981,21864540,2.9174008083947185,3.778634116038204,0.3234044015407562,3,23,17,1.2941177
15,15,2347,00:00:00.4060000,26,1551,2034,17776542,18035299,14875168,32910467,8495147,41405614,3.143704157985282,4.383166109512013,0.3177359700202942,3,26,20,1.25
15,16,2433,00:00:00.5370000,28,2996,3961,33499371,34349764,31390871,65740635,13668443,79409078,3.414108969389306,6.0508696564658075,0.3194904327392578,4,28,19,1.4210526
15,17,2518,00:00:00.8090000,38,5764,7645,64690656,66853526,64276514,131130040,21825219,152955259,3.7922913473006057,8.19118051181593,0.5644387602806091,5,38,27,1.3703704
15,18,2588,00:00:01.2250000,39,11507,14806,136342596,142089560,121074281,263163841,32442205,295606046,4.535471489775653,7.926204359638301,0.530823290348053,5,39,28,1.3571428
15,19,2639,00:00:01.8240000,46,23183,28648,296179978,310902971,216265661,527168632,44849683,572018315,5.3037221273613575,3.2335512668855326,0.3717930018901825,7,47,33,1.3939394
15,20,2674,00:00:02.6810000,50,48150,56765,674924603,712947305,360806793,1073754098,58219404,1131973502,6.504271578613649,3.944441828880101,0.2230355590581894,8,51,34,1.4705882
16,0,839,00:00:00.0200000,1,1,1,1004,1004,0,1004,1253,2257,1,1,0,0,1,1,0
16,1,934,00:00:00.0460000,1,2,2,2018,2020,0,2020,2623,4643,1,1,0,0,1,1,0
16,2,1019,00:00:00.0530000,2,2,2,4018,4018,0,4018,5019,9037,1.0079641612742658,1.0160551065056074,0,1,2,1,1
16,3,1101,00:00:00.0600000,2,2,2,8029,8029,2,8031,9859,17890,1.0203014073981815,1.0414263891914106,0,1,2,1,1
16,4,1184,00:00:00.1090000,2,4,4,15889,15899,190,16089,19077,35166,1.0573352633897666,1.1211967124248228,0,1,2,1,1
16,5,1264,00:00:00.1100000,3,9,9,30930,30954,1291,32245,36200,68445,1.1483349498868411,1.3388338353876692,0.01157011091709137,1,3,2,1
16,6,1339,00:00:00.1570000,3,10,10,58914,59002,5069,64071,65042,129113,1.3055300947143293,1.7425235104523054,0.023664020001888275,1,3,2,1
16,7,1408,00:00:00.1650000,4,15,16,113324,113481,15646,129127,111448,240575,1.4991881684374007,2.0232350783280904,0.03197113052010536,1,4,3,1
16,8,1475,00:00:00.1670000,4,24,26,213733,214224,43585,257809,189659,447468,1.670509467419631,1.8266265231281231,0.04418376833200455,1,4,3,1
16,9,1544,00:00:00.1700000,4,47,57,397833,399809,112833,512642,325101,837743,1.7956755724135505,1.516228240753476,0.05296117067337036,1,4,3,1
16,10,1621,00:00:00.1740000,7,75,93,738331,741287,286950,1028237,578587,1606824,1.891230356032728,1.3170019029402669,0.05819721892476082,2,7,5,1.2
16,11,1708,00:00:00.1810000,9,124,163,1346953,1354266,702249,2056515,1051496,3108011,1.9692246128855275,1.243520842091789,0.05285891517996788,2,9,7,1.1428572
16,12,1806,00:00:00.2030000,11,230,312,2432153,2459079,1650445,4109524,1921116,6030640,2.0747341964095187,1.363763645405784,0.060741834342479706,2,11,9,1.1111112
16,13,1910,00:00:00.2320000,20,421,582,4477758,4531887,3670097,8201984,3415776,11617760,2.2739335176219884,1.9945056993294137,0.07756087929010391,3,20,17,1.117647
16,14,2014,00:00:00.2970000,26,770,1084,8463551,8618547,7822496,16441043,5827174,22268217,2.5684824254027654,3.7081105547982722,0.13454824686050415,3,26,21,1.1904762
16,15,2112,00:00:00.4060000,31,1491,2072,16307465,16745929,16032811,32778740,9479715,42258455,2.943505075742919,6.596088873259347,0.1916704922914505,4,31,24,1.25
16,16,2201,00:00:00.5510000,37,3023,4048,32717472,33754176,32004458,65758634,14798314,80556948,3.4257800541557732,9.229612011441386,0.38377445936203003,3,37,28,1.2857143
16,17,2278,00:00:00.8010000,42,5961,7870,67253704,69954885,62297871,132252756,22181349,154434105,3.967500407115123,7.911562769082894,0.367438942193985,3,42,32,1.28125
16,18,2345,00:00:01.2140000,47,11658,14973,137730771,144831207,120003578,264834785,32482322,297317107,4.5230166104276,5.133698201352382,0.3755936026573181,5,47,35,1.3142858
16,19,2398,00:00:01.8440000,48,23246,28912,295766203,312376341,218397411,530773752,45366193,576139945,5.335223125544199,5.763536555056495,0.35020771622657776,7,48,33,1.4242424
16,20,2429,00:00:02.5780000,52,48134,56564,696192534,730438856,346843872,1077282728,57171512,1134454240,6.762840717277787,7.017812690916524,0.19428740441799164,9,52,38,1.3421053
17,0,756,00:00:00.0170000,1,1,1,1003,1003,0,1003,1179,2182,1,1,0,0,1,1,0
17,1,839,00:00:00.0430000,1,1,1,2001,2001,0,2001,2347,4348,1,1,0,0,1,1,0
17,2,924,00:00:00.0590000,1,1,1,4014,4014,0,4014,4734,8748,1,1,0,0,1,1,0
17,3,1014,00:00:00.0770000,1,2,2,8066,8067,4,8071,9867,17938,1,1,0,0,1,1,0
17,4,1105,00:00:00.0980000,1,2,3,15843,15848,223,16071,20174,36245,1,1,0,0,1,1,0
17,5,1200,00:00:00.1160000,2,5,6,30740,30745,1437,32182,40171,72353,1.0013337670787248,1.0026711041773773,0,1,2,1,1
17,6,1305,00:00:00.1330000,2,10,14,58040,58082,6233,64315,80767,145082,1.0045830461750518,1.0092081287281367,0,1,2,1,1
17,7,1420,00:00:00.1480000,2,12,17,106976,107240,20888,128128,158866,286994,1.018761217469339,1.0382258872470278,0,1,2,1,1
17,8,1547,00:00:00.1590000,6,26,34,195853,196157,60335,256492,306823,563315,1.0831388847758268,1.181707333452134,0.024143872782588005,1,6,5,1
17,9,1673,00:00:00.1870000,8,46,62,361021,362294,152195,514489,553277,1067766,1.253677763897391,1.6441651629885865,0.06792423129081726,1,8,7,1
17,10,1788,00:00:00.2280000,12,77,104,675307,677572,350578,1028150,929173,1957323,1.5133887254241405,2.274304820594387,0.12338871508836746,2,12,10,1.1
17,11,1895,00:00:00.2380000,13,136,182,1270285,1278600,779144,2057744,1507088,3564832,1.7800509334519419,2.310604616088491,0.16034185886383057,2,13,11,1.0909091
17,12,1996,00:00:00.2900000,17,233,320,2402903,2422640,1682786,4105426,2398270,6503696,2.0767912812127665,2.573422795681293,0.16246995329856873,2,17,14,1.1428572
17,13,2091,00:00:00.3190000,19,448,587,4602034,4648343,3547760,8196103,3758142,11954245,2.402882942629281,3.218479238655908,0.16853199899196625,3,19,15,1.2
17,14,2184,00:00:00.3720000,18,841,1116,8833998,8991469,7484328,16475797,5916628,22392425,2.711938241326294,3.2746640048285762,0.1788848638534546,3,18,14,1.2142857
17,15,2275,00:00:00.4720000,22,1553,2098,16880822,17330380,15572298,32902678,9323267,42225945,3.0294532458194277,3.3662180798051384,0.16513781249523163,4,22,16,1.3125
17,16,2363,00:00:00.6100000,30,2960,3982,32669230,33916260,31847772,65764032,14603449,80367481,3.394711139503441,3.434254084383704,0.13988840579986572,4,30,24,1.2083334
17,17,2444,00:00:00.8710000,43,5691,7591,65350066,68283849,63237384,131521233,22360464,153881697,3.889778259749577,3.69840476439213,0.1102125272154808,5,44,36,1.1944444
17,18,2509,00:00:01.2700000,45,11328,14536,137229438,144975892,117753489,262729381,32244483,294973864,4.603482177053002,5.971675062388874,0.11543656885623932,6,46,36,1.25
17,19,2561,00:00:01.8580000,52,22893,28365,298098365,314863278,217093540,531956818,44965061,576921879,5.294831261486456,6.363138593453368,0.14772754907608032,5,52,38,1.3421053
17,20,2606,00:00:02.9360000,59,46242,55826,621226595,658662274,406148153,1064810427,62620221,1127430648,5.861139272377739,6.075166004795034,0.14238794147968292,7,60,43,1.3720931
18,0,756,00:00:00.0210000,2,3,4,1001,1002,0,1002,1342,2344,1.025974025974026,1.0532954544349244,0,1,2,1,1
18,1,837,00:00:00.0530000,2,2,4,2005,2005,0,2005,2545,4550,1.1012468827930175,1.2224818143596854,0,1,2,1,1
18,2,906,00:00:00.0650000,2,2,4,4020,4020,0,4020,4481,8501,1.2286069651741294,1.5448586784604244,0,1,2,1,1
18,3,963,00:00:00.0660000,2,4,6,8016,8020,0,8020,7602,15622,1.4120508982035929,1.9399767794096952,0,1,2,1,1
18,4,1012,00:00:00.0670000,2,4,6,16089,16106,126,16232,13157,29389,1.5780346820809248,1.9524429657757778,0,1,2,1,1
18,5,1055,00:00:00.0680000,2,5,8,31489,31522,811,32333,22267,54600,1.7113277652513577,1.6968741721293474,0,1,2,1,1
18,6,1099,00:00:00.0690000,2,7,10,61186,61269,3462,64731,39054,103785,1.8092700944660542,1.4465584238925753,0,1,2,1,1
18,7,1146,00:00:00.0700000,3,15,18,117366,117506,11930,129436,70665,200101,1.879556259904913,1.27509889975769,0,2,3,1,2
18,8,1198,00:00:00.0720000,3,23,26,220898,221240,36493,257733,131525,389258,1.9292750500230875,1.1687876428303856,0,2,3,1,2
18,9,1258,00:00:00.0740000,3,43,46,412794,413938,103152,517090,250534,767624,1.9670804323706255,1.116161979843503,0,2,3,1,2
18,10,1327,00:00:00.0790000,3,73,81,756239,760936,270045,1030981,478501,1509482,2.006472821422857,1.1182758408821791,0,2,3,1,2
18,11,1406,00:00:00.0880000,10,136,169,1379555,1386121,665821,2051942,907045,2958987,2.0844533200923485,1.2466758357570384,0.026677627116441727,3,10,7,1.2857143
18,12,1492,00:00:00.1180000,11,264,330,2550858,2574213,1546954,4121167,1666839,5788006,2.2657156925238486,1.672314159539152,0.06286489218473434,3,11,8,1.25
18,13,1570,00:00:00.1470000,14,467,593,4936345,4996783,3222276,8219059,2778206,10997265,2.706553533028992,2.869032545195016,0.09667087346315384,4,14,10,1.3
18,14,1627,00:00:00.1870000,16,882,1076,10329109,10455535,5990016,16445551,4079955,20525506,3.4712906989363748,4.319068799681877,0.06233661621809006,4,16,12,1.25
18,15,1669,00:00:00.2410000,16,1673,1995,22244614,22493324,10881382,33374706,5641377,39016083,4.213850148175195,3.8497704215887083,0.05292787402868271,4,16,12,1.25
18,16,1704,00:00:00.3230000,14,3137,3710,45942846,46594798,20191061,66785859,7750437,74536296,4.7700424784307005,3.3571938558089776,0.06600034981966019,4,14,10,1.3
18,17,1737,00:00:00.4710000,11,6147,7149,91493424,93468526,39014658,132483184,10936562,143419746,5.187817181265399,3.032601177854456,0.10610365122556686,5,11,6,1.6666666
18,18,1771,00:00:00.7960000,19,12136,14012,180561184,184678031,79044467,263722498,16177943,279900441,5.504704244739556,2.660325411884499,0.09624151140451431,5,19,13,1.3846154
18,19,1807,00:00:01.5460000,26,23737,27449,349612006,360069335,164276982,524346317,25013158,549359475,5.773979907314739,2.4771705497099306,0.09435347467660904,6,26,19,1.3157895
18,20,1845,00:00:03.1970000,37,47020,54473,675932389,705619768,342972863,1048592631,39836354,1088428985,6.077322158030217,2.853951517826003,0.1172516793012619,6,37,28,1.2857143
1,0,801,00:00:00.0620000,2,2,2,1003,1003,0,1003,1156,2159,1.0608175473579262,1.12897084304573,0,1,2,1,1
1,1,877,00:00:00.0850000,2,2,2,2012,2012,0,2012,2211,4223,1.1565606361829026,1.3588781554183298,0,1,2,1,1
1,2,942,00:00:00.1300000,2,2,2,4002,4002,0,4002,4152,8154,1.3085957021489256,1.7443750907161266,0,1,2,1,1
1,3,993,00:00:00.1320000,2,2,2,8087,8087,0,8087,7001,15088,1.506244590082849,1.9996880884367851,0,1,2,1,1
1,4,1037,00:00:00.1340000,2,3,3,15940,15941,113,16054,11935,27989,1.6524466750313676,1.829893184838149,0,1,2,1,1
1,5,1080,00:00:00.1370000,2,4,4,31562,31576,803,32379,21084,53463,1.7637031873772258,1.5647524758781197,0,1,2,1,1
1,6,1122,00:00:00.1400000,3,7,7,60900,60923,3353,64276,37160,101436,1.8440394088669951,1.3651670982969553,0,2,3,1,2
1,7,1168,00:00:00.1420000,3,9,9,117903,118033,11759,129792,68228,198020,1.90341212691789,1.229966111243255,0,2,3,1,2
1,8,1219,00:00:00.1460000,4,22,23,221500,221667,36031,257698,128039,385737,1.950744920993228,1.1560900111863592,0.00787274818867445,2,4,2,1.5
1,9,1278,00:00:00.1750000,4,36,40,414976,415875,101488,517363,244470,761833,1.9947731917026528,1.14257298081781,0.02057521976530552,2,4,2,1.5
1,10,1344,00:00:00.1850000,6,64,76,761192,762662,262578,1025240,462237,1487477,2.061742635235263,1.231227856102868,0.03990111127495766,2,6,4,1.25
1,11,1418,00:00:00.2010000,7,110,138,1412323,1418263,642463,2060726,862753,2923479,2.1872864776683523,1.5234521023721574,0.09619394689798355,3,7,4,1.5
1,12,1494,00:00:00.2290000,8,210,269,2630791,2653897,1461221,4115118,1535419,5650537,2.406973035866399,2.194792530805788,0.1825304925441742,3,8,5,1.4
1,13,1567,00:00:00.2820000,14,405,522,5053331,5113793,3122634,8236427,2581340,10817767,2.752763276341882,3.25247522684868,0.2664520740509033,3,14,9,1.4444444
1,14,1633,00:00:00.3540000,19,793,1001,10020100,10147266,6372944,16520210,4109391,20629601,3.206905519904991,3.9187250635257476,0.3098694086074829,4,19,12,1.5
1,15,1683,00:00:00.4110000,22,1555,1913,20862679,21130773,11682601,32813374,5941690,38755064,4.018728419298403,4.752414632374253,0.27835729718208313,5,22,12,1.75
1,16,1712,00:00:00.4750000,24,3196,3736,47828047,48424412,19046396,67470808,7652863,75123671,5.200554059838571,4.66788966143934,0.18657611310482025,6,24,13,1.7692307
1,17,1731,00:00:00.5590000,21,6317,7091,100124559,101769271,30495804,132265075,9470946,141736021,6.004880530859567,3.813147451729368,0.11101668328046799,6,21,13,1.5384616
1,18,1749,00:00:00.7490000,18,12952,14215,212293104,217473797,54524813,271998610,12243920,284242530,6.606557243611643,3.512602138129881,0.08656194061040878,7,18,11,1.5454545
1,19,1765,00:00:01.1760000,24,25055,27166,417389943,427963951,99339950,527303901,16177572,543481473,7.028706824879103,3.714871609632099,0.07976710796356201,7,24,16,1.4375
1,20,1782,00:00:01.8570000,31,50280,54201,838607164,864616745,196260037,1060876782,22796650,1083673432,7.409112398186,4.118934264086586,0.07199173420667648,6,31,24,1.25
19,0,755,00:00:00.0240000,1,1,1,1014,1014,0,1014,1146,2160,1,1,0,0,1,1,0
19,1,835,00:00:00.0540000,1,1,1,2007,2007,0,2007,2331,4338,1,1,0,0,1,1,0
19,2,924,00:00:00.0560000,1,1,1,4009,4009,0,4009,4874,8883,1,1,0,0,1,1,0
19,3,1014,00:00:00.0580000,1,2,2,8039,8041,4,8045,10146,18191,1,1,0,0,1,1,0
19,4,1103,00:00:00.0590000,1,2,2,15789,15796,219,16015,20332,36347,1,1,0,0,1,1,0
19,5,1196,00:00:00.0610000,2,3,3,30759,30760,1428,32188,39944,72132,1.002048181020189,1.0041047790025917,0,1,2,1,1
19,6,1299,00:00:00.0640000,2,5,5,58057,58073,6153,64226,79506,143732,1.0070275763473828,1.0141538962102146,0,1,2,1,1
19,7,1413,00:00:00.0660000,2,13,15,107244,107409,20698,128107,156279,284386,1.0294655178844505,1.0606642245876174,0,1,2,1,1
19,8,1536,00:00:00.0700000,5,19,23,197165,197414,59540,256954,299542,556496,1.1171810412598584,1.258967012040875,0.020436232909560204,2,5,3,1.3333334
19,9,1650,00:00:00.0860000,6,41,51,368376,369161,145109,514270,521470,1035740,1.3725351271526918,1.8976959751018199,0.05906734615564346,2,6,4,1.25
19,10,1737,00:00:00.0930000,6,66,87,712304,715451,308592,1024043,803208,1827251,1.843907938183697,3.135261503433533,0.13300983607769012,2,6,4,1.25
19,11,1805,00:00:00.1010000,7,101,137,1408551,1417692,633342,2051034,1167162,3218196,2.3066115461917955,3.3644849010666924,0.20867915451526642,3,7,4,1.5
19,12,1869,00:00:00.1120000,9,212,265,2761133,2781561,1358647,4140208,1733110,5873318,2.62862491593125,2.604216509308704,0.1784045696258545,3,9,6,1.3333334
19,13,1935,00:00:00.1410000,12,450,555,5234619,5282861,2979511,8262372,2687037,10949409,2.8409920569195197,2.181165975492275,0.19236181676387787,3,12,8,1.375
19,14,2007,00:00:00.1880000,16,818,1043,9813869,9910330,6595715,16506045,4370433,20876478,3.0267756783792406,2.2395097328529485,0.19297607243061066,3,16,12,1.25
19,15,2084,00:00:00.2830000,19,1576,2000,18415141,18723747,14329778,33053525,7266255,40319780,3.259164021605917,2.9356953414082425,0.32834574580192566,4,19,13,1.3846154
19,16,2161,00:00:00.4630000,27,3036,3883,35238844,36190828,29911361,66102189,11901029,78003218,3.5924353534412194,4.646705880890289,0.41567835211753845,4,27,19,1.3684211
19,17,2231,00:00:00.7790000,41,5892,7501,70024127,72157195,59110455,131267650,18610958,149878608,4.081436516873677,7.628029087308673,0.3571178913116455,4,41,30,1.3333334
19,18,2291,00:00:01.3570000,48,11651,14562,144299190,150049108,112564901,262614009,27760538,290374547,4.679578547876811,10.486876357766494,0.3081206679344177,5,48,35,1.3428571
19,19,2341,00:00:02.4710000,55,23476,28661,304496207,319842520,209899522,529742042,39940792,569682834,5.367732679179153,11.069572971725044,0.2900374233722687,5,56,39,1.4102564
19,20,2376,00:00:04.0230000,54,47464,55885,663323756,703268144,359608666,1062876810,53451601,1116328411,6.327799022774634,7.550027526360769,0.2575210630893707,6,55,37,1.4594594
20,0,892,00:00:00.0640000,1,1,1,1016,1016,0,1016,1281,2297,1,1,0,0,1,1,0
20,1,981,00:00:00.1230000,1,1,1,2006,2006,0,2006,2569,4575,1,1,0,0,1,1,0
20,2,1068,00:00:00.1260000,1,1,1,4006,4006,0,4006,5123,9129,1,1,0,0,1,1,0
20,3,1157,00:00:00.1280000,1,1,1,7998,7998,7,8005,10303,18308,1,1,0,0,1,1,0
20,4,1249,00:00:00.1310000,1,3,3,15838,15842,217,16059,20561,36620,1,1,0,0,1,1,0
20,5,1343,00:00:00.1340000,1,4,5,30672,30690,1454,32144,40531,72675,1,1,0,0,1,1,0
20,6,1447,00:00:00.1370000,2,5,10,58108,58126,6233,64359,80666,145025,1.001032560060577,1.0020671947003175,0,1,2,1,1
20,7,1565,00:00:00.1440000,3,7,14,106965,106977,21166,128143,160492,288635,1.0040574019539101,1.0081544674634466,0.0019673111382871866,1,3,2,1
20,8,1702,00:00:00.1680000,3,11,20,194149,194337,62737,257074,320790,577864,1.0179398297184121,1.0366583128584272,0.014909212477505207,1,3,2,1
20,9,1851,00:00:00.1780000,5,33,48,348159,349026,163659,512685,614497,1127182,1.085845834805362,1.1905065274219375,0.043595220893621445,1,5,4,1
20,10,1994,00:00:00.1930000,9,52,81,646274,647043,378759,1025802,1078989,2104791,1.3425807010648734,1.9103661396303546,0.1259937584400177,2,9,6,1.3333334
20,11,2101,00:00:00.2130000,9,118,166,1276077,1279770,772818,2052588,1647284,3699872,1.8699341810878183,3.6224024048431827,0.21134406328201294,2,9,6,1.3333334
20,12,2181,00:00:00.2410000,12,216,301,2561835,2576209,1534342,4110551,2348214,6458765,2.372259337545158,3.1214933612821056,0.22594182193279266,3,12,8,1.375
20,13,2255,00:00:00.2810000,17,436,577,5032310,5067727,3187696,8255423,3411326,11666749,2.713830030343918,2.1953232390112642,0.21541312336921692,3,17,13,1.2307693
20,14,2329,00:00:00.3290000,20,797,1055,9658221,9746159,6733438,16479597,5133533,21613130,3.0093258375429595,2.137220857844129,0.20439933240413666,4,20,15,1.2666667
20,15,2397,00:00:00.4220000,19,1579,2029,19141868,19414869,13545521,32960390,7662761,40623151,3.502140700165731,3.2980232801426927,0.29569536447525024,4,19,13,1.3846154
20,16,2452,00:00:00.5250000,22,3032,3803,39563622,40209224,25690097,65899321,10944072,76843393,4.109217401783892,3.402610283917328,0.1869913637638092,5,22,15,1.4
20,17,2501,00:00:00.7260000,27,6065,7435,81491176,82976377,49555245,132531622,15653016,148184638,4.630880661238709,2.408497955839261,0.12265314906835556,6,27,19,1.3684211
20,18,2541,00:00:01.1100000,27,12110,14434,168940535,173466334,91000052,264466386,21747348,286213734,5.346773188566024,2.8562396376706176,0.07798155397176743,7,28,20,1.35
20,19,2571,00:00:01.7100000,28,24601,28455,363636310,376171610,159994856,536166466,29071697,565238163,6.1588815951850355,3.1014541813560195,0.054982591420412064,7,29,21,1.3333334
20,20,2595,00:00:02.7560000,30,49126,55449,747910762,781725156,280787857,1062513013,38456604,1100969617,6.804559949626718,3.2221357841954896,0.08636465668678284,7,30,19,1.5263158
21,0,635,00:00:00.0230000,1,1,1,1004,1004,0,1004,1241,2245,1,1,0,0,1,1,0
21,1,731,00:00:00.0540000,1,1,1,2016,2016,0,2016,2618,4634,1,1,0,0,1,1,0
21,2,820,00:00:00.0560000,1,1,1,4004,4004,0,4004,5234,9238,1,1,0,0,1,1,0
21,3,910,00:00:00.0580000,1,3,3,7999,8008,2,8010,10381,18391,1,1,0,0,1,1,0
21,4,1002,00:00:00.0600000,2,3,3,15880,15883,219,16102,20861,36963,1.0029596977329975,1.0059368560664426,0,1,2,1,1
21,5,1095,00:00:00.0630000,3,3,3,30633,30633,1428,32061,40758,72819,1.0132863252048445,1.0269518306706396,0.004773064982146025,1,3,2,1
21,6,1194,00:00:00.0860000,3,8,8,58328,58342,6026,64368,78694,143062,1.0492216431216568,1.1035587070470658,0.01467315386980772,1,3,2,1
21,7,1295,00:00:00.0880000,3,12,17,108805,108895,19466,128361,147205,275566,1.1511879049676026,1.34895390213607,0.040985431522130966,1,3,2,1
21,8,1392,00:00:00.0920000,4,24,34,204306,204489,53234,257723,259926,517649,1.342168120368467,1.857627314741867,0.06872525066137314,1,4,3,1
21,9,1481,00:00:00.0960000,5,34,50,382517,382926,130387,513313,434401,947714,1.5628037446701715,2.110290479194886,0.11210273951292038,2,5,3,1.3333334
21,10,1570,00:00:00.1020000,5,59,84,716921,718736,312366,1031102,726715,1757817,1.754687057569802,1.8458559613019272,0.15174151957035065,2,5,3,1.3333334
21,11,1662,00:00:00.1120000,7,125,170,1325838,1334206,728354,2062560,1226587,3289147,1.9209903472369927,1.662785573624922,0.1597858965396881,3,7,4,1.5
21,12,1754,00:00:00.1300000,15,225,312,2474842,2489800,1606544,4096344,2038799,6135143,2.1848081614907136,1.9968289177983474,0.13658945262432098,4,15,10,1.4
21,13,1826,00:00:00.1540000,16,423,562,5111765,5155771,3108241,8264012,3052032,11316044,2.9390934442408834,3.8320261213693874,0.0964551717042923,4,16,11,1.3636364
21,14,1868,00:00:00.1810000,17,837,1034,11067271,11168278,5315369,16483647,4014583,20498230,3.8472064161074577,3.7200195443496344,0.05997709184885025,5,17,11,1.4545455
21,15,1903,00:00:00.2220000,16,1605,1907,23251787,23546077,9760823,33306900,5324809,38631709,4.420681945865064,2.267433379447209,0.04482841119170189,5,16,10,1.5
21,16,1937,00:00:00.2960000,17,3084,3614,45810903,46568843,19134534,65703377,7371662,73075039,4.758534338430308,1.8156982387371265,0.03628009930253029,6,17,11,1.4545455
21,17,1974,00:00:00.4490000,19,6084,7089,89840521,92027116,40123353,132150469,10934260,143084729,5.045682437660841,1.881897215746335,0.034624263644218445,5,19,13,1.3846154
21,18,2011,00:00:00.7380000,26,12016,13918,176729366,181488872,82566944,264055816,16621426,280677242,5.412484453772103,2.6341429808016534,0.03745454549789429,6,26,19,1.3157895
21,19,2045,00:00:01.2540000,29,23805,27414,352474684,365191819,161899174,527090993,24922793,552013786,5.909645854168636,4.311078935629583,0.07530798017978668,6,29,20,1.4
21,20,2074,00:00:02.2440000,29,48355,54933,737403496,774308263,302421745,1076730008,36172258,1112902266,6.6789360868449155,6.650028185976948,0.3083875775337219,7,29,18,1.5555556
22,0,665,00:00:00.0350000,1,1,1,1001,1001,0,1001,1162,2163,1,1,0,0,1,1,0
22,1,750,00:00:00.0660000,1,1,1,2001,2001,0,2001,2390,4391,1,1,0,0,1,1,0
22,2,835,00:00:00.0670000,1,1,1,4044,4044,0,4044,4746,8790,1,1,0,0,1,1,0
22,3,920,00:00:00.0680000,1,1,1,8014,8014,4,8018,9704,17722,1,1,0,0,1,1,0
22,4,1011,00:00:00.0690000,1,1,1,15788,15788,219,16007,20029,36036,1,1,0,0,1,1,0
22,5,1107,00:00:00.0710000,1,2,2,30678,30680,1449,32129,40321,72450,1,1,0,0,1,1,0
22,6,1212,00:00:00.0720000,1,7,10,57821,57840,6292,64132,81094,145226,1,1,0,0,1,1,0
22,7,1329,00:00:00.0750000,1,8,12,107244,107379,21069,128448,160195,288643,1,1,0,0,1,1,0
22,8,1465,00:00:00.0780000,4,20,28,193964,194122,62303,256425,319068,575493,1.0063826277041101,1.0128700713460517,0.004863569512963295,1,4,3,1
22,9,1622,00:00:00.0970000,6,32,50,346255,347130,166995,514125,628270,1142395,1.0367734761952896,1.0748389916184706,0.026734743267297745,2,6,4,1.25
22,10,1780,00:00:00.1080000,9,73,110,630555,633295,391594,1024889,1141134,2166023,1.2645526559935296,1.5508101397604728,0.1060822457075119,2,9,7,1.1428572
22,11,1881,00:00:00.1200000,12,132,189,1291716,1299278,753073,2052351,1674008,3726359,1.9976658955993423,3.096644871414467,0.15904170274734497,3,12,9,1.2222222
22,12,1945,00:00:00.1330000,14,247,334,2714789,2738700,1401724,4140424,2232997,6373421,2.6900388943671127,3.013130162192246,0.1250055730342865,4,14,10,1.3
22,13,1997,00:00:00.1530000,17,459,592,5508096,5564547,2706865,8271412,2979203,11250615,3.195435228434653,2.971708453909635,0.09926986694335938,4,17,12,1.3333334
22,14,2046,00:00:00.1860000,20,868,1095,11015383,11125590,5470015,16595605,4120570,20716175,3.5963026433125385,2.981617335888857,0.09326828271150589,4,20,15,1.2666667
22,15,2093,00:00:00.2470000,21,1638,2009,21458246,21726283,11098466,32824749,5878547,38703296,3.950687861440306,3.280357409714308,0.10280613601207733,5,21,15,1.3333334
22,16,2140,00:00:00.3550000,22,3147,3829,42065654,42822439,22777932,65600371,8692297,74292668,4.313249022587406,4.100699591745239,0.12051130086183548,5,22,15,1.4
22,17,2186,00:00:00.5600000,24,6129,7423,83213071,85449599,46437053,131886652,13104825,144991477,4.713514106455703,5.199274407226593,0.212405726313591,6,24,16,1.4375
22,18,2228,00:00:00.9140000,27,12064,14413,165455079,171562478,91047836,262610314,19526943,282137257,5.20621128832195,5.902548109332902,0.2085917890071869,4,27,20,1.3
22,19,2265,00:00:01.4630000,33,23912,28042,337734115,352370600,173180504,525551104,28529754,554080858,5.778651872346387,5.781038772450838,0.2087378203868866,5,33,25,1.28
22,20,2298,00:00:02.6170000,42,48733,56135,705226036,741705728,329571760,1071277488,41417959,1112695447,6.374729036521278,5.222662266835037,0.1493508517742157,6,42,30,1.3666667
23,0,1040,00:00:00.0500000,1,1,1,1011,1011,0,1011,1063,2074,1,1,0,0,1,1,0
23,1,1132,00:00:00.0990000,1,2,2,2032,2033,0,2033,2414,4447,1,1,0,0,1,1,0
23,2,1214,00:00:00.1010000,2,2,2,4025,4025,0,4025,4789,8814,1.0034782608695652,1.0069807738907612,0,1,2,1,1
23,3,1298,00:00:00.1040000,2,2,2,8041,8041,3,8044,9558,17602,1.0108195498072379,1.0218731782610828,0,1,2,1,1
23,4,1383,00:00:00.1050000,2,3,3,15878,15879,198,16077,19049,35126,1.029285804257463,1.0602837712331432,0,1,2,1,1
23,5,1471,00:00:00.1070000,2,5,5,30820,30827,1364,32191,37635,69826,1.0848799480856586,1.1839232603412266,0,1,2,1,1
23,6,1553,00:00:00.1090000,2,6,7,58994,59056,5364,64420,68852,133272,1.2129538597145473,1.5042322326798327,0,1,2,1,1
23,7,1630,00:00:00.1110000,3,8,9,112049,112123,16726,128849,120746,249595,1.4007175432176995,1.9287888140849043,0.0148195531219244,1,3,2,1
23,8,1702,00:00:00.1250000,3,17,20,211850,212100,45468,257568,204319,461887,1.5928817559594053,1.942313518330152,0.019586065784096718,1,3,2,1
23,9,1775,00:00:00.1280000,3,35,40,395200,395987,116593,512580,347229,859809,1.7456427125506073,1.6214975516398153,0.0255363080650568,1,3,2,1
23,10,1855,00:00:00.1330000,4,76,91,734651,736605,293915,1030520,610773,1641293,1.8554932886499849,1.350497368621234,0.029804034158587456,2,4,2,1.5
23,11,1944,00:00:00.1440000,5,121,170,1330998,1338210,711265,2049475,1094912,3144387,1.9302831409213237,1.2045890312372236,0.032089296728372574,2,5,3,1.3333334
23,12,2047,00:00:00.1640000,11,222,309,2405338,2425003,1686595,4111598,2009306,6120904,2.0185691158581456,1.2085527997913585,0.03251568228006363,3,11,8,1.25
23,13,2149,00:00:00.2010000,16,448,611,4540296,4601539,3616302,8217841,3462639,11680480,2.390424324757681,1.8154994747835431,0.048700686544179916,4,16,12,1.25
23,14,2217,00:00:00.2460000,16,829,1097,9726505,9877606,6568410,16446016,5010388,21456404,3.261668605526857,3.2308697038824263,0.073689304292202,4,16,12,1.25
23,15,2264,00:00:00.3060000,17,1569,1986,20821389,21111257,11658441,32769698,6749604,39519302,3.987216606922814,3.155929656533486,0.11393754184246063,5,17,12,1.3333334
23,16,2307,00:00:00.3990000,16,3036,3722,43003065,43704319,22347170,66051489,9326369,75377858,4.459261334046771,2.515299739976695,0.08956749737262726,4,16,12,1.25
23,17,2350,00:00:00.5870000,19,5939,7155,85470250,87283534,45153862,132437396,13477668,145915064,4.801174279939511,2.2764779542415154,0.07858801633119583,4,19,14,1.2857143
23,18,2392,00:00:00.9700000,27,11581,13839,168794677,172634644,90576228,263210872,19927166,283138038,5.204262395075409,2.9045145084932003,0.09265436232089996,4,27,20,1.3
23,19,2430,00:00:01.6540000,36,23473,27579,345386845,355319755,175372425,530692180,29206648,559898828,5.7730581198018704,5.373863826998832,0.1318366378545761,6,36,23,1.5217391
23,20,2460,00:00:02.9020000,42,47961,55002,725812507,754169266,316745671,1070914937,40851728,1111766665,6.565834349834371,9.593984653761607,0.2371760457754135,7,42,27,1.5185186
24,0,836,00:00:00.0230000,1,1,1,1003,1003,0,1003,1275,2278,1,1,0,0,1,1,0
24,1,923,00:00:00.0520000,1,1,1,2010,2010,0,2010,2539,4549,1,1,0,0,1,1,0
24,2,1007,00:00:00.0560000,1,1,1,4010,4010,0,4010,4879,8889,1,1,0,0,1,1,0
24,3,1095,00:00:00.0580000,1,2,2,8032,8033,2,8035,10011,18046,1,1,0,0,1,1,0
24,4,1184,00:00:00.0590000,1,4,6,15831,15844,203,16047,19810,35857,1,1,0,0,1,1,0
24,5,1277,00:00:00.0610000,1,5,7,30667,30719,1422,32141,39406,71547,1,1,0,0,1,1,0
24,6,1378,00:00:00.0630000,4,6,8,58073,58076,6057,64133,77929,142062,1.006216313949684,1.012535581906175,0.005415364168584347,1,4,3,1
24,7,1494,00:00:00.0800000,4,14,17,107643,107702,20927,128629,156784,285413,1.023503618442444,1.0484984811355824,0.022473694756627083,1,4,3,1
24,8,1618,00:00:00.0840000,5,20,31,196214,196540,59563,256103,300390,556493,1.094993221686526,1.2093950662065232,0.08931524306535721,2,5,3,1.3333334
24,9,1735,00:00:00.0890000,6,38,55,365498,366711,145938,512649,527594,1040243,1.3584014139612255,1.9405473372151982,0.23769794404506683,2,6,4,1.25
24,10,1820,00:00:00.0990000,7,75,101,719493,722850,305705,1028555,801379,1829934,1.890807832737775,3.5641982201929907,0.40452516078948975,2,7,4,1.5
24,11,1884,00:00:00.1070000,9,138,180,1428740,1436606,619055,2055661,1144501,3200162,2.372810308383611,2.7589313104435673,0.406349241733551,3,9,5,1.6
24,12,1944,00:00:00.1190000,11,243,317,2784266,2803254,1311703,4114957,1673869,5788826,2.6928296362488355,1.8968767224458274,0.3209666907787323,3,11,7,1.4285715
24,13,2006,00:00:00.1410000,13,452,591,5283424,5338128,2858520,8196648,2565235,10761883,2.9247787041130904,1.6884809763429505,0.2769204080104828,3,13,9,1.3333334
24,14,2072,00:00:00.1840000,19,825,1064,10023648,10141015,6254031,16395046,4096643,20491689,3.1506515392400054,1.9819859794109072,0.18633222579956055,3,19,15,1.2
24,15,2142,00:00:00.2720000,24,1576,2026,19071560,19409704,13599010,33008714,6721918,39730632,3.3960560646323636,2.81452849157559,0.14931820333003998,4,24,19,1.2105263
24,16,2215,00:00:00.4440000,33,2978,3816,36127544,36992379,29062406,66054785,11129555,77184340,3.643163426774873,3.8686964898736704,0.1565343737602234,4,33,26,1.2307693
24,17,2291,00:00:00.7570000,43,5730,7437,68092273,70537085,61083996,131621081,18467778,150088859,3.9164788639086847,4.820258921938184,0.1822197437286377,4,44,33,1.3030303
24,18,2366,00:00:01.3120000,56,11345,14661,132035725,138270331,124071941,262342272,29967465,292309737,4.317322292887019,7.304859929148433,0.20848773419857025,5,57,42,1.3333334
24,19,2425,00:00:02.2400000,64,22677,28496,282477443,300076427,226933599,527010026,44167506,571177532,5.223997754751696,13.45829923999413,0.3447985351085663,6,64,44,1.4318181
24,20,2447,00:00:03.0590000,51,49835,57458,737282036,781272732,313904581,1095177313,52309067,1147486380,7.555350248625887,6.714896821323441,0.210930734872818,8,51,33,1.5151515
25,0,1003,00:00:00.0370000,1,1,1,1001,1001,0,1001,1375,2376,1,1,0,0,1,1,0
25,1,1091,00:00:00.0690000,1,1,1,2005,2005,0,2005,2715,4720,1,1,0,0,1,1,0
25,2,1176,00:00:00.0770000,1,2,2,4019,4020,0,4020,5128,9148,1,1,0,0,1,1,0
25,3,1259,00:00:00.0780000,1,1,3,8031,8031,5,8036,9901,17937,1,1,0,0,1,1,0
25,4,1351,00:00:00.0800000,1,1,3,15808,15808,208,16016,20226,36242,1,1,0,0,1,1,0
25,5,1445,00:00:00.0810000,1,2,4,30579,30580,1441,32021,40134,72155,1,1,0,0,1,1,0
25,6,1551,00:00:00.0830000,1,3,7,57970,57989,6297,64286,81172,145458,1,1,0,0,1,1,0
25,7,1668,00:00:00.0850000,2,8,12,107249,107265,21173,128438,160786,289224,1.0017249578084644,1.0034558677691854,0,1,2,1,1
25,8,1803,00:00:00.0890000,2,22,32,193659,193855,62185,256040,318289,574329,1.0075286973494648,1.0151707952349742,0,1,2,1,1
25,9,1959,00:00:00.0950000,2,37,57,345236,347164,166162,513326,625118,1138444,1.0399089318611037,1.0829923511793949,0,1,2,1,1
25,10,2122,00:00:00.1050000,10,71,108,623640,627882,400512,1028394,1158320,2186714,1.191408504906677,1.4605769751061446,0.04806791618466377,2,10,8,1.125
25,11,2265,00:00:00.1280000,17,128,189,1177845,1187083,867884,2054967,1925816,3980783,1.5322822612482967,2.4086888973216407,0.10952190309762955,2,17,15,1.0666667
25,12,2378,00:00:00.1470000,20,235,344,2317535,2338269,1761533,4099802,2913898,7013700,1.9968268008897385,3.4191676099915616,0.14778195321559906,2,20,18,1.0555556
25,13,2473,00:00:00.1740000,19,401,569,4584058,4640196,3571053,8211249,4271962,12483211,2.42177389553099,3.696319090257806,0.18589608371257782,2,19,16,1.125
25,14,2565,00:00:00.2220000,21,794,1097,8839324,8987347,7485324,16472671,6412735,22885406,2.709147102199218,2.9679682810260815,0.2052038609981537,4,21,14,1.4285715
25,15,2660,00:00:00.3400000,22,1565,2114,16706974,17159625,15845219,33004844,9975771,42980615,2.98921474349574,2.7575617574304583,0.2595922648906708,4,22,14,1.5
25,16,2736,00:00:00.4560000,24,3072,4058,35148588,36174862,29962875,66137737,14486011,80623748,3.7530346880506267,3.3679023824626255,0.34141120314598083,4,24,17,1.3529412
25,17,2792,00:00:00.6290000,22,5994,7596,74850105,77291636,54595099,131886735,19858664,151745399,4.40706912835994,1.9724636194875862,0.5102534294128418,5,22,12,1.75
25,18,2846,00:00:00.9780000,25,11651,14490,149628021,155764997,106748666,262513663,28175349,290689012,4.768048405853072,1.4553626075730035,0.3069900870323181,5,25,16,1.5
25,19,2902,00:00:01.5940000,39,22959,28369,293932707,308740717,217005534,525746251,41890441,567636692,5.125356478277186,1.6249771933882569,0.16949735581874847,5,39,30,1.2666667
25,20,2944,00:00:02.5410000,49,46402,55503,627406748,666775657,385658812,1052434469,57945452,1110379921,6.103295275682945,3.4648321588541067,0.130670428276062,6,50,38,1.2894737
26,0,809,00:00:00.0300000,1,1,1,1008,1008,0,1008,1413,2421,1,1,0,0,1,1,0
26,1,903,00:00:00.0540000,1,1,1,2013,2013,0,2013,2743,4756,1,1,0,0,1,1,0
26,2,993,00:00:00.0550000,1,1,1,4030,4030,0,4030,5342,9372,1,1,0,0,1,1,0
26,3,1076,00:00:00.0560000,1,1,1,8029,8029,2,8031,10144,18175,1,1,0,0,1,1,0
26,4,1167,00:00:00.0570000,1,2,3,15793,15802,217,16019,20477,36496,1,1,0,0,1,1,0
26,5,1262,00:00:00.0580000,2,2,3,30714,30714,1448,32162,40573,72735,1.0013348961385686,1.0026733752074057,0,1,2,1,1
26,6,1364,00:00:00.0600000,2,6,8,58158,58168,6110,64278,79658,143936,1.0055194470236253,1.0110998243499376,0,1,2,1,1
26,7,1479,00:00:00.0630000,2,13,16,107645,107700,20960,128660,157537,286197,1.0230665613823215,1.0471961099607914,0,1,2,1,1
26,8,1605,00:00:00.0650000,2,21,27,195720,196047,60104,256151,304058,560209,1.0844216227263437,1.1828569680771033,0,1,2,1,1
26,9,1731,00:00:00.0700000,5,49,61,359520,360868,151236,512104,550290,1062394,1.2593318869603916,1.6257808494210664,0.016246944665908813,2,5,3,1.3333334
26,10,1832,00:00:00.0840000,8,76,101,703562,706186,325082,1031268,873566,1904834,1.8031857888856988,2.6237353239544996,0.03368012234568596,3,8,5,1.4
26,11,1881,00:00:00.0890000,8,134,166,1503112,1508702,560607,2069309,1131888,3201197,2.8071673967076305,2.7967925890845633,0.03870974853634834,3,8,5,1.4
26,12,1916,00:00:00.0940000,9,212,263,3108756,3119704,1019197,4138901,1440254,5579155,3.414221958880015,1.7456892837547402,0.02912498451769352,4,9,5,1.6
26,13,1951,00:00:00.1030000,8,442,521,6156508,6188197,2078747,8266944,1944598,10211542,3.723205427492338,1.3346876347178493,0.03542459383606911,4,8,4,1.75
26,14,1990,00:00:00.1220000,10,831,995,11797414,11872241,4575355,16447596,2855036,19302632,3.8896835357307964,1.1984993920650973,0.026707861572504044,4,10,6,1.5
26,15,2036,00:00:00.1790000,11,1542,1849,22306503,22525076,10518927,33044003,4587224,37631227,3.997979199159994,1.20239165584964,0.018986776471138,4,11,7,1.4285715
26,16,2089,00:00:00.2760000,17,2939,3562,41537851,42081249,23922295,66003544,7794826,73798370,4.115382810728461,1.3772134759561327,0.08561567217111588,5,17,12,1.3333334
26,17,2148,00:00:00.4470000,24,5859,7174,77824665,79528196,52738740,132266936,13497102,145764038,4.323818958938018,1.933636030424446,0.16022467613220215,5,24,17,1.3529412
26,18,2198,00:00:00.7770000,33,11981,14441,160449801,165221104,100815600,266036704,21076681,287113385,5.116118685619311,4.424818838120143,0.2054169923067093,5,33,24,1.3333334
26,19,2225,00:00:01.1170000,33,24373,28069,357497310,370262450,159554229,529816679,27580360,557397039,6.313466772659073,7.338605528240451,0.21340174973011017,5,33,22,1.4545455
26,20,2244,00:00:01.6810000,36,49311,54937,778618548,808821144,255618495,1064439639,34943379,1099383018,7.2008256577006176,6.0235459727198295,0.2130948007106781,5,36,26,1.3461539
27,0,1383,00:00:00.0230000,1,1,1,1011,1011,0,1011,1284,2295,1,1,0,0,1,1,0
27,1,1466,00:00:00.0500000,1,1,1,2006,2006,0,2006,2470,4476,1,1,0,0,1,1,0
27,2,1554,00:00:00.0510000,1,1,1,4013,4013,0,4013,5080,9093,1,1,0,0,1,1,0
27,3,1638,00:00:00.0520000,1,1,1,8043,8043,2,8045,9912,17957,1,1,0,0,1,1,0
27,4,1724,00:00:00.0530000,1,1,1,15833,15833,203,16036,19498,35534,1,1,0,0,1,1,0
27,5,1819,00:00:00.0540000,1,2,4,30555,30556,1452,32008,39784,71792,1,1,0,0,1,1,0
27,6,1922,00:00:00.0550000,1,6,8,57901,57918,6167,64085,79306,143391,1,1,0,0,1,1,0
27,7,2039,00:00:00.0570000,1,10,13,106866,107029,21158,128187,158970,287157,1,1,0,0,1,1,0
27,8,2176,00:00:00.0600000,4,19,23,193322,193615,62699,256314,319987,576301,1.005783097629861,1.011654937101288,0.005177517421543598,1,4,3,1
27,9,2333,00:00:00.0750000,8,45,55,345173,345652,166890,512542,629729,1142271,1.0364454925501125,1.076689874131836,0.02957037091255188,1,8,7,1
27,10,2500,00:00:00.0850000,8,74,112,618184,622202,402709,1024911,1176812,2201723,1.1681958769557284,1.4306150253381562,0.13667595386505127,1,8,7,1
27,11,2652,00:00:00.0990000,15,132,192,1158231,1167732,886641,2054373,1992376,4046749,1.4520220923114646,2.8534560521464427,0.29765838384628296,2,15,13,1.0769231
27,12,2788,00:00:00.1220000,23,245,362,2193624,2215997,1895789,4111786,3192917,7304703,1.7634986670459478,5.260160090223844,0.44143441319465637,3,23,16,1.375
27,13,2894,00:00:00.1540000,24,447,644,4482881,4538081,3679808,8217889,4684715,12902604,2.441553991729872,6.881952591541922,0.42515507340431213,3,24,16,1.4375
27,14,2959,00:00:00.2030000,23,832,1130,9759417,9886923,6552764,16439687,6173900,22613587,3.2480389965917023,2.705264892698448,0.2718338072299957,4,23,14,1.5714285
27,15,3015,00:00:00.2650000,21,1661,2129,20000026,20331805,12552913,32884718,8265909,41150627,3.7060634821174734,1.7050182462257746,0.17054380476474762,5,21,11,1.8181819
27,16,3071,00:00:00.3690000,25,3097,3912,40005519,40795987,25462335,66258322,11627693,77886015,4.099240332315149,1.78193024558305,0.0879962220788002,6,25,15,1.6
27,17,3109,00:00:00.4910000,26,6317,7577,88271622,90436800,43993515,134430315,15204277,149634592,5.239053871696161,3.392448520362961,0.06524167209863663,7,26,18,1.3888888
27,18,3130,00:00:00.6180000,29,12716,14518,197108795,202493900,68762716,271256616,18418754,289675370,6.346113363434645,3.740961090326391,0.08869050443172455,9,30,19,1.5263158
27,19,3141,00:00:00.7880000,28,25141,27470,418695878,429798848,96344642,526143490,21008267,547151757,7.803779460661421,5.558143448493265,0.08528071641921997,9,29,17,1.6470588
27,20,3147,00:00:00.9950000,18,58037,60822,1030673626,1059747355,131585775,1191333130,23312548,1214645678,9.437794447842018,3.464035055693679,0.07934697717428207,7,18,8,2.125
28,0,758,00:00:00.0170000,1,1,1,1009,1009,0,1009,1208,2217,1,1,0,0,1,1,0
28,1,845,00:00:00.0410000,1,1,1,2020,2020,0,2020,2497,4517,1,1,0,0,1,1,0
28,2,930,00:00:00.0420000,1,1,1,4007,4007,0,4007,4961,8968,1,1,0,0,1,1,0
28,3,1016,00:00:00.0430000,1,1,1,8061,8061,4,8065,9972,18037,1,1,0,0,1,1,0
28,4,1103,00:00:00.0440000,1,1,1,15866,15866,208,16074,19803,35877,1,1,0,0,1,1,0
28,5,1198,00:00:00.0460000,1,2,2,30640,30643,1432,32075,39811,71886,1,1,0,0,1,1,0
28,6,1300,00:00:00.0470000,1,2,3,57912,57931,6084,64015,78790,142805,1,1,0,0,1,1,0
28,7,1419,00:00:00.0490000,1,9,12,107188,107310,21262,128572,159559,288131,1,1,0,0,1,1,0
28,8,1555,00:00:00.0520000,2,19,26,194020,194303,62629,256932,318608,575540,1.0037779610349449,1.007584507217547,0,1,2,1,1
28,9,1712,00:00:00.0580000,5,40,55,344741,345340,167248,512588,628517,1141105,1.0249955763892313,1.0515226536734261,0.014441892504692078,1,5,4,1
28,10,1885,00:00:00.0770000,7,86,119,614935,618488,408267,1026755,1194915,2221670,1.1303129599063315,1.3054438969869124,0.06535482406616211,1,7,6,1
28,11,2044,00:00:00.0920000,15,132,202,1143741,1153985,899293,2053278,2048919,4102197,1.4249633439738543,2.3012922103053843,0.17810459434986115,2,15,12,1.1666666
28,12,2173,00:00:00.1130000,19,227,342,2233101,2258631,1850754,4109385,3179297,7288682,1.8579370122533643,3.8639597611710874,0.34350064396858215,2,19,16,1.125
28,13,2277,00:00:00.1440000,22,458,631,4440978,4503774,3704188,8207962,4660845,12868807,2.3295368722835375,5.346334705775516,0.486600399017334,3,22,17,1.2352941
28,14,2369,00:00:00.1960000,27,837,1156,8872871,8995348,7493846,16489194,6791371,23280565,2.755134612010025,5.729946996128345,0.5111355781555176,3,27,20,1.3
28,15,2452,00:00:00.2840000,27,1594,2156,17608194,17877541,15010310,32887851,9888837,42776688,3.1874124058378728,6.472738820888954,0.5054990649223328,4,27,18,1.4444444
28,16,2526,00:00:00.4320000,25,3009,3987,35693803,36549548,29594578,66144126,14316601,80460727,3.696352921542151,6.835780064444565,0.5239216685295105,4,25,16,1.5
28,17,2590,00:00:00.6350000,31,5922,7624,72896896,75252210,57317184,132569394,20476254,153045648,4.224779570861289,4.906303796241569,0.6792716979980469,5,31,19,1.5789474
28,18,2648,00:00:01.0290000,45,11583,14590,147664256,152430272,111218165,263648437,29401583,293050020,4.696907503465158,3.750753428945716,0.46017712354660034,6,46,32,1.40625
28,19,2703,00:00:01.7390000,47,23021,28556,296485021,311495906,218662562,530158468,42904793,573063261,5.158082940722998,4.305102984749451,0.298013836145401,6,48,35,1.3428571
28,20,2752,00:00:02.9900000,57,45840,55840,601043870,643913655,419800497,1063714152,62085054,1125799206,5.723949997194048,6.870198898529657,0.24823901057243347,5,58,43,1.3255814
2,0,871,00:00:00.0200000,1,1,1,1002,1002,0,1002,1270,2272,1,1,0,0,1,1,0
2,1,963,00:00:00.0480000,1,1,1,2013,2013,0,2013,2577,4590,1,1,0,0,1,1,0
2,2,1049,00:00:00.0490000,1,1,1,4007,4007,0,4007,5142,9149,1,1,0,0,1,1,0
2,3,1136,00:00:00.0500000,1,1,1,8053,8053,3,8056,10167,18223,1,1,0,0,1,1,0
2,4,1224,00:00:00.0520000,1,2,3,15795,15796,207,16003,19981,35984,1,1,0,0,1,1,0
2,5,1317,00:00:00.0530000,1,1,3,30571,30571,1434,32005,39629,71634,1,1,0,0,1,1,0
2,6,1420,00:00:00.0540000,1,5,7,57914,57924,6182,64106,79241,143347,1,1,0,0,1,1,0
2,7,1539,00:00:00.0560000,1,13,17,106755,106887,21227,128114,160177,288291,1,1,0,0,1,1,0
2,8,1677,00:00:00.0600000,3,26,36,193778,194256,62949,257205,321752,578957,1.003927174395442,1.0078930154417405,0.0026269392110407352,1,3,2,1
2,9,1835,00:00:00.0860000,5,46,64,343634,345785,167789,513574,634208,1147782,1.0255911813150038,1.0529884680250725,0.02310444414615631,1,5,4,1
2,10,2005,00:00:00.0970000,15,81,115,616828,620625,406024,1026649,1191353,2218002,1.1487821564520417,1.370923735347312,0.10527212172746658,1,15,14,1
2,11,2161,00:00:00.1140000,22,142,198,1151013,1159647,894873,2054520,2029605,4084125,1.4325468087675812,2.7330747821449233,0.2790110111236572,2,22,20,1.05
2,12,2297,00:00:00.1370000,29,242,347,2196929,2212355,1891932,4104287,3228250,7332537,1.7639423030967318,5.639981730819562,0.42795008420944214,2,29,25,1.12
2,13,2419,00:00:00.1770000,35,451,653,4242346,4284804,3933325,8218129,4972143,13190272,2.128318623704903,6.784437431019941,0.3898695707321167,2,35,29,1.1724138
2,14,2527,00:00:00.2440000,36,870,1212,8276344,8444150,7969440,16413590,7465684,23879274,2.5564965641834125,4.166851838399419,0.3028308153152466,3,36,28,1.25
2,15,2601,00:00:00.3330000,38,1642,2156,18429588,18844043,14271361,33115404,10164657,43280061,3.571064855058073,3.8643094558057003,0.1655886322259903,5,38,27,1.3703704
2,16,2645,00:00:00.4190000,33,3146,3916,41391269,42454470,24152979,66607449,12791928,79399377,4.480224005695501,2.623430649482381,0.09136849641799927,6,33,23,1.3913044
2,17,2682,00:00:00.5740000,26,6200,7394,86899015,89593758,43666565,133260323,16362019,149622342,5.04958254129808,2.755355998834978,0.09618889540433884,5,26,16,1.5625
2,18,2716,00:00:00.9200000,28,12282,14382,175545371,181510765,82144824,263655589,21590733,285246322,5.51433202416941,3.975962997187263,0.10331553220748901,5,29,19,1.4736842
2,19,2749,00:00:01.5810000,28,24197,28049,353459920,371321827,160395013,531716840,29689139,561405979,5.96398714173873,5.822341176168318,0.12729991972446442,6,29,21,1.3333334
2,20,2780,00:00:02.7800000,42,47948,54936,702100868,744204707,312409431,1056614138,41828341,1098442479,6.394502040410524,6.722570986459811,0.33879759907722473,5,42,31,1.3225807
29,0,1083,00:00:00.0240000,1,1,1,1007,1007,0,1007,1328,2335,1,1,0,0,1,1,0
29,1,1175,00:00:00.1490000,1,1,1,2005,2005,0,2005,2672,4677,1,1,0,0,1,1,0
29,2,1268,00:00:00.1500000,1,1,1,4002,4002,0,4002,5343,9345,1,1,0,0,1,1,0
29,3,1354,00:00:00.2340000,1,1,1,8033,8033,4,8037,10304,18341,1,1,0,0,1,1,0
29,4,1444,00:00:00.2440000,1,1,1,15881,15881,212,16093,20392,36485,1,1,0,0,1,1,0
29,5,1537,00:00:00.2450000,1,1,1,30708,30708,1414,32122,39887,72009,1,1,0,0,1,1,0
29,6,1641,00:00:00.2470000,1,2,2,57934,57937,6202,64139,80002,144141,1,1,0,0,1,1,0
29,7,1758,00:00:00.2490000,1,8,8,107337,107423,20972,128395,158833,287228,1,1,0,0,1,1,0
29,8,1894,00:00:00.2510000,2,14,20,194217,194447,62545,256992,317957,574949,1.0027083108069839,1.005431301459759,0,1,2,1,1
29,9,2052,00:00:00.2570000,7,35,50,345527,345999,167867,513866,629843,1143709,1.020010013689234,1.0410303660019435,0.012018568813800812,1,7,6,1
29,10,2229,00:00:00.2760000,9,67,106,613410,615285,412566,1027851,1211260,2239111,1.1142384375866061,1.2648757988637211,0.06965158134698868,1,9,8,1
29,11,2391,00:00:00.2930000,11,131,195,1139091,1148247,903417,2051664,2080687,4132351,1.4155488894214774,2.2890151169616466,0.21295855939388275,2,11,9,1.1111112
29,12,2515,00:00:00.3130000,14,254,358,2263210,2290466,1822252,4112718,3166286,7279004,1.9317305950397887,4.157276599371847,0.2353622317314148,2,14,12,1.0833334
29,13,2611,00:00:00.3440000,17,462,643,4535758,4601230,3600816,8202046,4535900,12737946,2.40600512637579,3.0390314869371244,0.19308379292488098,3,17,13,1.2307693
29,14,2702,00:00:00.4200000,23,832,1135,8815059,8952406,7441650,16394056,6649190,23043246,2.7159435915289962,1.9343376629443556,0.1410626620054245,3,23,19,1.1578947
29,15,2798,00:00:00.5160000,31,1554,2126,16572324,16957614,15893519,32851133,10249485,43100618,2.932516646428105,1.6559206259913977,0.10117396712303162,3,31,26,1.1538461
29,16,2899,00:00:00.7020000,47,2998,4104,31187368,32129871,33701201,65831072,16330499,82161571,3.1920909773469823,2.121968972610117,0.08542045950889587,4,47,39,1.1794872
29,17,2996,00:00:01.0160000,49,5783,7849,60278967,63427416,68314083,131741499,25637569,157379068,3.628830633411485,4.277380968261118,0.11004380881786346,5,49,40,1.2
29,18,3071,00:00:01.4760000,51,11521,15022,130317646,138248129,126142238,264390367,37025433,301415800,4.4604176168129985,8.915834086519252,0.2350945621728897,4,51,39,1.2820513
29,19,3123,00:00:02.2810000,50,23350,29101,290024245,309215869,221380823,530596692,49709931,580306623,5.305708672735275,5.713449351904085,0.22094155848026276,5,50,36,1.3611112
29,20,3165,00:00:03.7200000,51,46641,56339,618222951,662433146,396381348,1058814494,66103263,1124917757,5.976127638134224,5.442248107404883,0.21135208010673523,5,52,36,1.4166666
30,0,576,00:00:00.0310000,1,1,1,1002,1002,0,1002,1173,2175,1,1,0,0,1,1,0
30,1,654,00:00:00.0920000,1,1,1,2018,2018,0,2018,2273,4291,1,1,0,0,1,1,0
30,2,742,00:00:00.0930000,1,1,1,4015,4015,0,4015,4840,8855,1,1,0,0,1,1,0
30,3,832,00:00:00.0940000,1,1,1,8061,8061,2,8063,10091,18154,1,1,0,0,1,1,0
30,4,921,00:00:00.0950000,1,1,1,15857,15857,213,16070,20188,36258,1,1,0,0,1,1,0
30,5,1017,00:00:00.0970000,1,5,5,30633,30640,1454,32094,40500,72594,1,1,0,0,1,1,0
30,6,1123,00:00:00.0980000,1,7,8,57713,57747,6254,64001,81305,145306,1,1,0,0,1,1,0
30,7,1242,00:00:00.1000000,2,18,21,106866,107085,21214,128299,162005,290304,1.0016749948533679,1.0033556307887923,0,1,2,1,1
30,8,1376,00:00:00.1050000,5,29,37,194109,194632,61925,256557,317920,574477,1.0147700518780685,1.0301129183827649,0.011455453000962734,1,5,4,1
30,9,1527,00:00:00.1200000,8,46,62,347504,349077,164534,513611,615435,1129046,1.073576131497767,1.1626819619087891,0.053428951650857925,1,8,7,1
30,10,1678,00:00:00.1300000,13,82,116,634797,638567,388772,1027339,1108798,2136137,1.2654880221551141,1.7820672684050074,0.17013318836688995,1,13,12,1
30,11,1814,00:00:00.1440000,17,136,196,1191430,1200508,856107,2056615,1842008,3898623,1.54758063839252,3.3889407292188993,0.3255985379219055,1,17,16,1
30,12,1943,00:00:00.1660000,23,241,357,2217581,2237486,1860803,4098289,2983660,7081949,1.7775526576030367,4.445110703156127,0.43173596262931824,2,23,20,1.1
30,13,2078,00:00:00.2130000,30,451,643,4082732,4131158,4087843,8219001,4924655,13143656,1.9657817363471322,4.633183975927924,0.4681859016418457,2,30,26,1.1153846
30,14,2215,00:00:00.3140000,38,879,1249,7575810,7707097,8714864,16421961,8106055,24528016,2.2222369621202223,6.115960636538742,0.431165874004364,3,38,32,1.15625
30,15,2345,00:00:00.4370000,43,1617,2318,14507357,14870691,17911044,32781735,12954952,45736687,2.5775356600102968,8.46545165631571,0.41041892766952515,3,43,34,1.2352941
30,16,2464,00:00:00.6600000,47,3083,4381,28825980,29872372,36000997,65873369,20075508,85948877,3.039005230698141,9.39219318276297,0.36950525641441345,4,47,34,1.3529412
30,17,2555,00:00:00.9940000,44,5889,8120,61357050,64491738,66693362,131185100,28693721,159878821,3.8313315584761654,9.06017586709949,0.2627384066581726,5,45,31,1.4193548
30,18,2613,00:00:01.3460000,47,11703,15111,143419024,150067897,114699143,264767040,37481897,302248937,4.8394154251112464,5.8093995745332725,0.14647634327411652,6,48,31,1.516129
30,19,2657,00:00:02.0670000,43,23403,28807,308584165,325260693,202459382,527720075,48253003,575973078,5.496601220610267,3.7332113175050923,0.1264040321111679,7,44,29,1.4827586
30,20,2698,00:00:03.5020000,55,46902,56363,642027504,682059618,381539486,1063599104,64303775,1127902879,6.003672389399692,3.8051134465731726,0.10403236001729965,8,56,40,1.375
31,0,710,00:00:00.0320000,1,1,1,1003,1003,0,1003,1177,2180,1,1,0,0,1,1,0
31,1,795,00:00:00.1300000,1,2,2,2004,2005,0,2005,2418,4423,1,1,0,0,1,1,0
31,2,880,00:00:00.1310000,1,2,2,4002,4006,0,4006,4745,8751,1,1,0,0,1,1,0
31,3,967,00:00:00.1320000,2,2,4,8017,8017,3,8020,9770,17790,1.0032431083946614,1.0065072121195056,0,1,2,1,1
31,4,1056,00:00:00.1530000,2,2,4,15832,15832,219,16051,19866,35917,1.0078954017180395,1.015915479467184,0,1,2,1,1
31,5,1146,00:00:00.1720000,2,3,7,30792,30793,1395,32188,38811,70999,1.022733177448688,1.046498776930206,0,1,2,1,1
31,6,1241,00:00:00.2360000,2,4,9,58570,58572,5858,64430,75001,139431,1.0704114734505719,1.1506252975088713,0,1,2,1,1
31,7,1338,00:00:00.2540000,2,11,17,109800,109887,19020,128907,140161,269068,1.1951092896174864,1.457903058075547,0,1,2,1,1
31,8,1427,00:00:00.2560000,3,19,27,205390,205500,50635,256135,242716,498851,1.4040216174107796,1.9406922086522898,0,2,3,1,2
31,9,1509,00:00:00.2590000,3,35,45,390284,390993,124669,515662,402989,918651,1.6686746061842146,2.1528561926849576,0,2,3,1,2
31,10,1583,00:00:00.2620000,4,59,76,742802,745014,285136,1030150,644740,1674890,1.9682768759373293,2.288504976289538,0.01932505890727043,2,4,2,1.5
31,11,1652,00:00:00.2770000,6,118,149,1429204,1434130,633131,2067261,1017903,3085164,2.28543440964341,2.4432475243350646,0.034237008541822433,2,6,4,1.25
31,12,1719,00:00:00.2880000,9,233,296,2727851,2742270,1387446,4129716,1612117,5741833,2.5556304211630327,2.1429149613110434,0.04790771007537842,3,9,6,1.3333334
31,13,1789,00:00:00.3070000,12,440,562,5143126,5185755,3060973,8246728,2621985,10868713,2.766366991592273,1.7625897539404876,0.05769020691514015,3,12,9,1.2222222
31,14,1863,00:00:00.3450000,17,791,1037,9643119,9736841,6668103,16404944,4344153,20749097,2.994078160810833,1.747845336365634,0.06965711712837219,4,17,13,1.2307693
31,15,1933,00:00:00.4340000,20,1604,2073,19104695,19370289,13644229,33014518,6943979,39958497,3.4798012216368805,2.7671781367472987,0.14241467416286469,4,20,15,1.2666667
31,16,1988,00:00:00.5270000,22,3034,3822,39646122,40404866,25782628,66187494,10229757,76417251,4.124653377195378,3.717197058254283,0.21786727011203766,4,22,16,1.3125
31,17,2037,00:00:00.6740000,26,6067,7438,80791805,82983628,49829681,132813309,14957502,147770811,4.601412717539854,2.9332690494656823,0.23458245396614075,5,26,17,1.4705882
31,18,2084,00:00:00.9710000,35,11994,14492,162110911,167529682,98456459,265986141,22210732,288196873,5.0406944169229915,3.0906786500415904,0.3155103027820587,6,35,24,1.4166666
31,19,2124,00:00:01.5190000,45,23915,28350,336529204,350013600,184814660,534828260,32000801,566829061,5.7220549661419575,5.315913406810497,0.24965760111808777,6,45,32,1.375
31,20,2153,00:00:02.5300000,46,48295,55473,710659461,745705246,320167431,1065872677,43280987,1109153664,6.564646296885084,8.626489554371505,0.1991439312696457,6,46,33,1.3636364
32,0,672,00:00:00.0300000,1,1,1,1001,1001,0,1001,1155,2156,1,1,0,0,1,1,0
32,1,770,00:00:00.1020000,1,1,1,2004,2004,0,2004,2600,4604,1,1,0,0,1,1,0
32,2,863,00:00:00.1040000,1,1,1,4028,4028,0,4028,5242,9270,1,1,0,0,1,1,0
32,3,945,00:00:00.1060000,1,2,2,8037,8038,3,8041,9868,17909,1,1,0,0,1,1,0
32,4,1035,00:00:00.1070000,1,2,3,15805,15819,214,16033,20054,36087,1,1,0,0,1,1,0
32,5,1129,00:00:00.1080000,2,5,6,30650,30657,1414,32071,39858,71929,1.0031321370309951,1.0062839496521183,0,1,2,1,1
32,6,1233,00:00:00.1110000,2,8,10,57918,57959,6208,64167,79987,144154,1.0095997789978937,1.0193838881545438,0,1,2,1,1
32,7,1345,00:00:00.1130000,4,11,14,107772,107948,20380,128328,155241,283569,1.0454570760494377,1.0851023278656595,0.006824163254350424,2,4,2,1.5
32,8,1452,00:00:00.1330000,7,22,25,202733,202812,54843,257655,277522,535177,1.3069159929562528,1.5369403717709322,0.03755513206124306,2,7,5,1.2
32,9,1521,00:00:00.1360000,7,38,44,400281,400553,115619,516172,411076,927248,1.9252275276618176,2.5298333305000718,0.06104026734828949,2,7,5,1.2
32,10,1571,00:00:00.1380000,7,68,78,792096,793275,236132,1029407,573624,1603031,2.4113996283278794,2.0505786694803043,0.06516899913549423,2,7,5,1.2
32,11,1619,00:00:00.1420000,8,129,147,1531241,1534990,514821,2049811,832266,2882077,2.6965716043392254,1.5166199120607005,0.06503544747829437,3,8,5,1.4
32,12,1672,00:00:00.1500000,6,213,258,2904504,2927231,1191214,4118445,1302022,5420467,2.8559000090893316,1.262163904879137,0.11267022788524628,3,6,3,1.6666666
32,13,1733,00:00:00.1650000,9,419,499,5397780,5457215,2797313,8254528,2184666,10439194,2.9467655221220577,1.176454756169748,0.11286278814077377,3,9,6,1.3333334
32,14,1804,00:00:00.1990000,19,825,1011,9891811,10001960,6479579,16481539,3845808,20327347,3.0300913553645534,1.2288455054556189,0.10781292617321014,3,19,16,1.125
32,15,1885,00:00:00.2900000,23,1549,1988,18095891,18447251,14588798,33036049,6895289,39931338,3.175354007161073,1.5373413881018445,0.10513269156217575,4,23,19,1.1578947
32,16,1964,00:00:00.4190000,36,2987,3844,34680743,35595391,30065570,65660961,11620996,77281957,3.5879392780022044,2.88896131695421,0.127870574593544,5,36,28,1.25
32,17,2023,00:00:00.5950000,38,5998,7451,74758951,77190366,54925893,132116259,17206516,149322775,4.45640264535012,6.109132296112233,0.17256207764148712,5,39,31,1.2258065
32,18,2065,00:00:00.8550000,42,12011,14458,163047975,168862604,96671830,265534434,23629969,289164403,5.231768177433667,6.078167964575521,0.18727077543735504,6,43,33,1.2727273
32,19,2100,00:00:01.2940000,46,23823,27992,339630973,354485982,174140000,528625982,32192778,560818760,5.85883682346015,6.1828933516440605,0.3064849078655243,5,46,37,1.2162162
32,20,2130,00:00:02.1130000,46,48713,55913,720964767,757049179,317364572,1074413751,43895900,1118309651,6.558971226398363,8.4817766132015,0.3241574764251709,5,46,34,1.3235294
33,0,640,00:00:00.0190000,1,1,1,1014,1014,0,1014,1190,2204,1,1,0,0,1,1,0
33,1,733,00:00:00.0490000,1,1,1,2018,2018,0,2018,2592,4610,1,1,0,0,1,1,0
33,2,816,00:00:00.0510000,1,1,1,4006,4006,0,4006,4868,8874,1,1,0,0,1,1,0
33,3,903,00:00:00.0520000,1,1,1,8025,8025,2,8027,9814,17841,1,1,0,0,1,1,0
33,4,992,00:00:00.0530000,1,2,3,15800,15806,216,16022,19921,35943,1,1,0,0,1,1,0
33,5,1087,00:00:00.0550000,2,7,10,30597,30617,1452,32069,40068,72137,1.001143902997026,1.0022904819080272,0,1,2,1,1
33,6,1192,00:00:00.0580000,3,9,12,57751,57818,6263,64081,80940,145021,1.0047445065886305,1.0095421118652543,0.0028155664913356304,1,3,2,1
33,7,1306,00:00:00.0720000,5,17,25,107215,107364,20651,128015,157908,285923,1.0233922492188594,1.048196128432294,0.016915982589125633,1,5,4,1
33,8,1432,00:00:00.0770000,7,26,40,196564,196955,59970,256925,304482,561407,1.0975153130786919,1.22173837203906,0.06450413912534714,1,7,6,1
33,9,1553,00:00:00.0830000,10,45,70,362546,363602,149077,512679,540638,1053317,1.291129953164564,1.8314337174990807,0.1702003926038742,2,10,8,1.125
33,10,1657,00:00:00.0910000,12,86,119,692161,695850,333448,1029298,878184,1907482,1.669802256989342,3.4372629789889455,0.27775365114212036,3,12,9,1.2222222
33,11,1726,00:00:00.1010000,15,135,186,1415875,1424385,639779,2064164,1243043,3307207,2.4144822106471264,5.731251397016603,0.27013465762138367,4,15,10,1.4
33,12,1770,00:00:00.1090000,15,231,297,2985048,3000832,1162062,4162894,1628961,5791855,3.180411504270618,3.814169518247508,0.1942940354347229,4,15,10,1.4
33,13,1805,00:00:00.1200000,15,425,516,6024497,6057532,2161924,8219456,2129165,10348621,3.715642484343506,2.9755041634148873,0.14204715192317963,4,15,10,1.4
33,14,1839,00:00:00.1500000,15,834,987,12058400,12127049,4324361,16451410,2916736,19368146,4.115991839713395,3.083578900975295,0.10823556780815125,4,15,10,1.4
33,15,1874,00:00:00.1950000,14,1560,1852,23648014,23865151,9053091,32918242,4225029,37143271,4.406600782628089,3.3368798179969885,0.10606364905834198,4,14,9,1.4444444
33,16,1912,00:00:00.2770000,16,3071,3607,45558202,46179223,19585787,65765010,6511526,72276536,4.623647021890811,3.305516470342666,0.12357591092586517,5,16,9,1.6666666
33,17,1955,00:00:00.4520000,19,6056,7155,87294011,89158319,43477634,132635953,10671622,143307575,4.8110711398059145,3.161289763466183,0.20712444186210632,7,19,9,2
33,18,1997,00:00:00.7870000,24,12097,14263,173353651,178081383,89290868,267372251,17106660,284478911,5.331514154264914,4.142840268614414,0.20811797678470612,6,24,15,1.5333333
33,19,2022,00:00:01.1640000,26,24613,27962,376632724,389501860,147140273,536642133,23151708,559793841,6.478658598980369,4.543874215326922,0.27114611864089966,6,26,16,1.5625
33,20,2039,00:00:01.6820000,30,49642,54701,796422954,825655126,236253859,1061908985,29761120,1091670105,7.323919484872105,3.205219081840679,0.27776211500167847,6,30,20,1.45
34,0,954,00:00:00.0180000,2,2,2,1008,1008,0,1008,1323,2331,1.001984126984127,1.003976112197304,0,1,2,1,1
34,1,1033,00:00:00.0540000,2,2,2,2002,2002,0,2002,2465,4467,1.006993006993007,1.0140837855956992,0,1,2,1,1
34,2,1117,00:00:00.0670000,2,2,2,4018,4018,0,4018,4972,8990,1.0256346441015431,1.052581745000028,0,1,2,1,1
34,3,1197,00:00:00.0790000,2,2,2,8015,8015,3,8018,9458,17476,1.067373674360574,1.143731555010459,0,1,2,1,1
34,4,1271,00:00:00.0990000,2,2,2,15919,15919,174,16093,17572,33665,1.165462654689365,1.3815390211499516,0,1,2,1,1
34,5,1336,00:00:00.1230000,2,3,3,31139,31142,1085,32227,31040,63267,1.3278525321943544,1.7880468199594841,0,1,2,1,1
34,6,1396,00:00:00.1530000,2,5,7,60083,60092,4393,64485,54273,118758,1.5061331824309705,1.9996989985466436,0,1,2,1,1
34,7,1454,00:00:00.1670000,2,7,9,115293,115337,14069,129406,93543,222949,1.669355468241784,1.7941644202275142,0,1,2,1,1
34,8,1513,00:00:00.1730000,2,13,16,217697,217968,40147,258115,162356,420471,1.7890508367134137,1.4990239617478252,0,1,2,1,1
34,9,1577,00:00:00.1750000,3,33,42,405889,406130,107607,513737,288420,802157,1.8748524842998948,1.2952205829382701,0,2,3,1,2
34,10,1651,00:00:00.1790000,3,67,82,749771,750977,280456,1031433,532337,1563770,1.9367446860441389,1.1773303408968043,0,2,3,1,2
34,11,1736,00:00:00.1850000,4,124,160,1358261,1363200,694483,2057683,995850,3053533,1.9919617805414422,1.1512689003401486,0.00783773697912693,2,4,2,1.5
34,12,1833,00:00:00.2080000,8,227,318,2453301,2467709,1641648,4109357,1856653,5966010,2.0837125163198484,1.276972650092988,0.02667791210114956,3,8,5,1.4
34,13,1937,00:00:00.2360000,11,403,587,4522426,4573997,3671309,8245306,3351692,11596998,2.2963466953356453,1.786241140400472,0.07145185023546219,3,11,7,1.4285715
34,14,2031,00:00:00.2850000,14,803,1104,8745092,8909402,7499679,16409081,5520838,21929919,2.73048276679079,2.97844044420472,0.10486818104982376,3,14,10,1.3
34,15,2108,00:00:00.3830000,19,1545,2055,18091674,18533717,14495026,33028743,8372931,41401674,3.371622769678472,3.7031813694453874,0.11188068240880966,4,19,14,1.2857143
34,16,2153,00:00:00.4510000,24,3090,3835,41969505,42856208,24029100,66885308,11008589,77893897,4.632956571682225,4.628760738629185,0.08876130729913712,5,24,17,1.3529412
34,17,2178,00:00:00.5230000,23,6227,7282,94320767,96270833,37636967,133907800,13400604,147308404,5.648556632284383,4.339638592202337,0.07814767956733704,6,23,16,1.375
34,18,2199,00:00:00.6440000,21,12370,13959,195589260,200072935,63752686,263825621,16625394,280451015,6.224962331776295,4.025280438791235,0.07742047309875488,6,21,15,1.3333334
34,19,2221,00:00:00.9280000,20,24832,27578,395962085,407699464,121881390,529580854,22022759,551603613,6.5888154846947025,3.764095278425732,0.11319737881422043,6,20,14,1.3571428
34,20,2245,00:00:01.5380000,27,49981,55309,788834708,818520842,252729114,1071249956,31478373,1102728329,6.853662339106915,3.8190408925473522,0.11954503506422043,6,27,19,1.3684211
35,0,741,00:00:00.0170000,1,1,1,1001,1001,0,1001,1139,2140,1,1,0,0,1,1,0
35,1,834,00:00:00.0740000,1,1,1,2003,2003,0,2003,2537,4540,1,1,0,0,1,1,0
35,2,923,00:00:00.0950000,1,1,1,4021,4021,0,4021,5166,9187,1,1,0,0,1,1,0
35,3,1013,00:00:00.1140000,1,1,1,8048,8048,3,8051,10426,18477,1,1,0,0,1,1,0
35,4,1101,00:00:00.1260000,1,2,2,15819,15820,211,16031,20252,36283,1,1,0,0,1,1,0
35,5,1197,00:00:00.1340000,1,4,6,30710,30722,1463,32185,40778,72963,1,1,0,0,1,1,0
35,6,1300,00:00:00.1360000,1,8,11,57823,57898,6201,64099,80590,144689,1,1,0,0,1,1,0
35,7,1417,00:00:00.1380000,3,9,14,107243,107432,21033,128465,159888,288353,1.003739171787436,1.0075134046954468,0.0024912478402256966,1,3,2,1
35,8,1550,00:00:00.1510000,6,25,35,194239,194441,61679,256120,315288,571408,1.0244029262918364,1.0504698840103837,0.02133452706038952,1,6,5,1
35,9,1696,00:00:00.1560000,8,42,60,351038,351755,161443,513198,601666,1114864,1.1166597348435212,1.261143918510873,0.09723283350467682,2,8,6,1.1666666
35,10,1823,00:00:00.1640000,9,64,102,662215,665194,359246,1024440,1011517,2035957,1.4947517045068444,2.380602643492538,0.31069883704185486,2,9,7,1.1428572
35,11,1909,00:00:00.1710000,10,120,178,1346523,1353125,712512,2065637,1470117,3535754,2.1079105221373866,3.4110321777507315,0.4277852773666382,2,10,7,1.2857143
35,12,1977,00:00:00.1810000,11,228,306,2659126,2677599,1423961,4101560,2068691,6170251,2.5302091739917554,2.1179733247882657,0.370331346988678,3,11,7,1.4285715
35,13,2046,00:00:00.1990000,13,437,562,5111148,5152285,3047325,8199610,3061006,11260616,2.7810695366285616,1.5211470582633304,0.2893318235874176,3,13,8,1.5
35,14,2122,00:00:00.2390000,18,811,1058,9588066,9666367,6750709,16417076,4833145,21250221,2.946853828498886,1.3765872625962399,0.19763332605361938,3,18,13,1.3076923
35,15,2206,00:00:00.3340000,21,1516,2012,17702629,17933826,14843770,32777596,7983257,40760853,3.115148772535424,1.580978677682603,0.15396618843078613,3,21,17,1.1764706
35,16,2296,00:00:00.4710000,28,2965,3916,33084441,33813765,31890569,65704334,13392731,79097065,3.354912328728782,2.477157961565425,0.18758992850780487,4,28,19,1.4210526
35,17,2387,00:00:00.7620000,35,5746,7668,63019014,65584749,66438532,132023281,22160081,154183362,3.681082680855654,4.973984958468018,0.3075712025165558,4,36,27,1.2962962
35,18,2471,00:00:01.2740000,50,11307,14957,125324594,131859378,131959529,263818907,35056453,298875360,4.169796871633991,10.877716763296352,0.45001769065856934,4,51,39,1.2820513
35,19,2540,00:00:02.0840000,58,22386,28942,260358711,278390622,247330745,525721367,51862126,577583493,4.833827975895917,17.17359859066597,0.41886529326438904,5,59,43,1.3488373
35,20,2593,00:00:03.7330000,73,45756,56728,573603497,617129203,444102320,1061231523,72349385,1133580908,5.706164287907052,15.152208234219176,0.33250316977500916,6,74,56,1.3035715
36,0,1037,00:00:00.0220000,1,1,1,1006,1006,0,1006,1153,2159,1,1,0,0,1,1,0
36,1,1129,00:00:00.0940000,1,1,1,2014,2014,0,2014,2560,4574,1,1,0,0,1,1,0
36,2,1215,00:00:00.0950000,1,1,1,4009,4009,0,4009,5059,9068,1,1,0,0,1,1,0
36,3,1305,00:00:00.0960000,1,1,1,8003,8003,4,8007,10349,18356,1,1,0,0,1,1,0
36,4,1393,00:00:00.0970000,1,1,1,15818,15818,219,16037,20366,36403,1,1,0,0,1,1,0
36,5,1488,00:00:00.0980000,1,1,3,30686,30686,1463,32149,40635,72784,1,1,0,0,1,1,0
36,6,1592,00:00:00.0990000,1,3,7,58106,58109,6204,64313,80662,144975,1,1,0,0,1,1,0
36,7,1709,00:00:00.1010000,1,9,17,107090,107125,20991,128116,159862,287978,1,1,0,0,1,1,0
36,8,1845,00:00:00.1040000,1,14,28,193341,193728,62595,256323,319174,575497,1,1,0,0,1,1,0
36,9,2005,00:00:00.1090000,5,30,49,344145,344778,168451,513229,635119,1148348,1.0087201615598076,1.017637782832545,0.006849327590316534,1,5,4,1
36,10,2189,00:00:00.1290000,8,71,115,604755,607382,418502,1025884,1240440,2266324,1.061287628874503,1.1332464781472873,0.04613567516207695,1,8,7,1
36,11,2373,00:00:00.1470000,13,139,215,1099693,1108996,943159,2052155,2230104,4282259,1.2769536588847978,1.8309231095300913,0.18203091621398926,1,13,12,1
36,12,2532,00:00:00.1800000,25,234,380,2088036,2106676,1990975,4097651,3627628,7725279,1.60748425793425,3.7847099868720186,0.3418898582458496,2,25,21,1.1428572
36,13,2669,00:00:00.2250000,30,470,705,4090633,4140639,4057055,8197694,5571342,13769036,2.0892081983399637,6.001589551659441,0.3981401026248932,4,30,22,1.3181819
36,14,2732,00:00:00.2620000,24,858,1177,9864306,10010816,6494034,16504850,6975658,23480508,3.5358706431045426,4.46840336564641,0.22105856239795685,4,24,16,1.4375
36,15,2768,00:00:00.3030000,23,1637,2060,21999810,22321334,10617967,32939301,8312340,41251641,4.341363402683932,2.0404504397735184,0.116285540163517,5,23,15,1.4666667
36,16,2804,00:00:00.3680000,22,3159,3798,45586607,46476443,20290141,66766584,10487400,77253984,4.723847335249144,1.501296239128028,0.06078265979886055,5,22,15,1.4
36,17,2842,00:00:00.5000000,25,6025,7138,87673982,89929507,41619106,131548613,14168316,145716929,4.941132627009003,1.4259616553577108,0.05318508669734001,6,25,18,1.3333334
36,18,2885,00:00:00.7850000,30,11834,14007,167110621,173088029,89472988,262561017,20790697,283351714,5.144448873779243,1.6682321341228497,0.03834592178463936,6,30,24,1.2083334
36,19,2931,00:00:01.3580000,35,23615,27998,325683708,341252721,190966195,532218916,32109193,564328109,5.461473832765377,2.6495936802849025,0.2862318754196167,4,35,29,1.1724138
36,20,2973,00:00:02.5600000,47,46727,55200,643914296,683974021,377735407,1061709428,48561297,1110270725,5.946561751752131,5.380422826525495,0.348823219537735,5,47,37,1.2432432
37,0,767,00:00:00.0200000,1,1,1,1004,1004,0,1004,1245,2249,1,1,0,0,1,1,0
37,1,856,00:00:00.0450000,1,1,1,2018,2018,0,2018,2442,4460,1,1,0,0,1,1,0
37,2,939,00:00:00.0560000,1,2,2,4024,4025,0,4025,4851,8876,1,1,0,0,1,1,0
37,3,1026,00:00:00.0570000,2,2,2,8041,8041,3,8044,9873,17917,1.0027359781121752,1.0054869156413913,0,1,2,1,1
37,4,1113,00:00:00.0680000,2,3,3,15822,15823,209,16032,19683,35715,1.0118821893565921,1.0240466628126663,0,1,2,1,1
37,5,1202,00:00:00.0700000,2,5,5,30707,30715,1373,32088,38382,70470,1.0429543752238903,1.0895840929707852,0,1,2,1,1
37,6,1293,00:00:00.0710000,2,4,6,58619,58686,5660,64346,73026,137372,1.125505382213958,1.281242408818065,0,1,2,1,1
37,7,1380,00:00:00.0730000,3,10,12,110102,110171,17830,128001,131601,259602,1.2921109516630034,1.709327303377019,0.020307429134845734,1,3,2,1
37,8,1461,00:00:00.0900000,3,23,27,208503,208868,48207,257075,225270,482345,1.5009376363889249,2.0154263315562306,0.03258253261446953,1,3,2,1
37,9,1540,00:00:00.0990000,5,40,50,393054,393856,122379,516235,380753,896988,1.6867555094210973,1.8000060280089236,0.03871903568506241,2,5,3,1.3333334
37,10,1621,00:00:00.1030000,8,61,78,728680,730371,298011,1028382,647464,1675846,1.8306581764286107,1.5079126061645025,0.046082064509391785,2,8,6,1.1666666
37,11,1710,00:00:00.1110000,10,111,147,1345297,1348785,712829,2061614,1130760,3192374,1.9605871417240952,1.410058123935097,0.04914158210158348,2,10,8,1.125
37,12,1805,00:00:00.1370000,11,212,279,2471411,2487001,1634349,4121350,1972736,6094086,2.1266818833451824,1.643250683066398,0.0590827502310276,2,11,9,1.1111112
37,13,1902,00:00:00.1630000,15,395,532,4615638,4666886,3580987,8247873,3369154,11617027,2.373321954624691,2.5178906630252045,0.09903044998645782,3,15,11,1.2727273
37,14,1997,00:00:00.2120000,20,805,1058,8759136,8893274,7560170,16453444,5576570,22030014,2.6758736249785366,4.033299399400771,0.16213230788707733,4,20,15,1.2666667
37,15,2087,00:00:00.3100000,24,1584,2062,17050710,17389909,15457233,32847142,8931519,41778661,3.0796966812525697,5.812785262130747,0.20738781988620758,4,24,18,1.2777778
37,16,2162,00:00:00.4540000,24,3085,3986,35167557,36125141,29742103,65867244,13393416,79260660,3.707818288316132,6.639551376562712,0.32403668761253357,3,24,18,1.2777778
37,17,2223,00:00:00.6870000,31,6111,7708,74085931,76324323,56244035,132568358,19247985,151816343,4.3096488184781,3.8590151930651055,0.22634269297122955,4,31,25,1.2
37,18,2279,00:00:01.0800000,39,11964,14838,150504441,155549991,109560956,265110947,27895428,293006375,4.748572256416009,2.852536337246994,0.16062010824680328,4,39,32,1.1875
37,19,2334,00:00:01.7080000,47,23204,28684,296459080,310142457,218445847,528588304,41444330,570032634,5.118855435293127,3.281280455094686,0.13207277655601501,5,47,36,1.2777778
37,20,2388,00:00:03.1890000,60,45907,56303,590667530,625040423,437230277,1062270700,62631803,1124902503,5.557631673100433,5.684142741599588,0.14357195794582367,6,60,42,1.4047619
38,0,892,00:00:00.0350000,2,2,2,1002,1002,0,1002,1193,2195,1.0239520958083832,1.0490501541330874,0,1,2,1,1
38,1,978,00:00:00.0450000,2,2,2,2010,2010,0,2010,2430,4440,1.0492537313432835,1.1033332821003174,0,1,2,1,1
38,2,1055,00:00:00.0630000,2,2,2,4019,4019,0,4019,4667,8686,1.1316247822841503,1.296343224577421,0,1,2,1,1
38,3,1120,00:00:00.0640000,2,2,2,8003,8003,0,8003,8380,16383,1.2791453205048107,1.6734900061015339,0,1,2,1,1
38,4,1175,00:00:00.0640000,2,2,2,15891,15891,134,16025,14425,30450,1.4464791391353597,1.9773437356948829,0,1,2,1,1
38,5,1224,00:00:00.0650000,2,6,6,31129,31133,881,32014,24671,56685,1.6086286099778342,1.9098534572461674,0,1,2,1,1
38,6,1272,00:00:00.0660000,2,8,8,61119,61133,3693,64826,43007,107833,1.7364158445000737,1.634561331379952,0,1,2,1,1
38,7,1320,00:00:00.0670000,2,10,14,115822,115864,12163,128027,75256,203283,1.82792560998774,1.3984636394414924,0,1,2,1,1
38,8,1374,00:00:00.0680000,2,20,26,219761,219906,37057,256963,137876,394839,1.892801725510896,1.2367262948516131,0,1,2,1,1
38,9,1435,00:00:00.0700000,2,36,46,408624,409249,103477,512726,258264,770990,1.936528446689377,1.1349267090765294,0,1,2,1,1
38,10,1507,00:00:00.0740000,2,66,84,753725,756766,275252,1032018,495816,1527834,1.9642455802845866,1.0740586254039515,0,1,2,1,1
38,11,1592,00:00:00.0810000,5,130,165,1356526,1365961,694445,2060406,960723,3021129,1.986640138117515,1.0499106262717428,0.005186702590435743,2,5,3,1.3333334
38,12,1693,00:00:00.1070000,11,225,312,2419018,2444043,1676411,4120454,1860552,5981006,2.0222065317413924,1.0865592591822208,0.029163995757699013,2,11,9,1.1111112
38,13,1808,00:00:00.1410000,25,431,592,4329917,4367452,3831816,8199268,3519142,11718410,2.1254386631429654,1.329014194775931,0.10909353941679001,2,25,23,1.0434783
38,14,1929,00:00:00.2190000,30,824,1159,8008161,8155301,8292171,16447472,6324590,22772062,2.3845022596323924,2.362438751471625,0.29664185643196106,3,30,25,1.16
38,15,2036,00:00:00.3380000,37,1566,2165,15902084,16239197,16635287,32874484,10304018,43178502,2.8769906510366816,6.4198157769331115,0.46830669045448303,2,37,30,1.2
38,16,2127,00:00:00.5430000,37,2963,4007,32246987,33192930,32570800,65763730,15751396,81515126,3.369243303258069,7.69073186790453,0.5064234733581543,3,37,29,1.2413793
38,17,2214,00:00:00.8970000,48,5785,7724,63718355,65996330,65670540,131666870,24135091,155801961,3.727946099675674,5.2958746573366735,0.46472984552383423,4,48,35,1.3428571
38,18,2300,00:00:01.4370000,59,11386,15113,124221127,131003706,133034551,264038257,37360417,301398674,4.131988240615463,5.6428881558844,0.4470517337322235,4,59,43,1.3488373
38,19,2369,00:00:02.2460000,63,22342,28863,259664068,277671349,246743390,524414739,54101212,578515951,4.875078541864329,6.997983230654812,0.4290234446525574,5,63,44,1.4090909
38,20,2421,00:00:03.8920000,66,45336,56300,570250888,616344624,442291643,1058636267,74263627,1132899894,5.678536788179451,5.391529540801178,0.3552054166793823,6,66,45,1.4444444
3,0,948,00:00:00.0190000,1,1,1,1001,1001,0,1001,1490,2491,1,1,0,0,1,1,0
3,1,1040,00:00:00.0680000,1,1,1,2006,2006,0,2006,2857,4863,1,1,0,0,1,1,0
3,2,1127,00:00:00.1040000,1,2,2,4010,4011,0,4011,5338,9349,1,1,0,0,1,1,0
3,3,1214,00:00:00.1230000,2,2,2,8013,8013,2,8015,10325,18340,1.0014975664545114,1.0029996187925274,0,1,2,1,1
3,4,1301,00:00:00.1250000,2,3,3,15890,15893,214,16107,20122,36229,1.007174323473883,1.0144515567714092,0,1,2,1,1
3,5,1392,00:00:00.1260000,3,3,3,30620,30620,1386,32006,39339,71345,1.0304049640757675,1.062737012015621,0.0073991743847727776,1,3,2,1
3,6,1487,00:00:00.1370000,3,5,6,58313,58316,5811,64127,75875,140002,1.090785931095982,1.1984198426699835,0.01764071173965931,1,3,2,1
3,7,1581,00:00:00.1380000,3,7,8,110024,110061,18706,128767,139420,268187,1.2337035555878717,1.5666704973316277,0.049400776624679565,1,3,2,1
3,8,1667,00:00:00.1400000,3,14,17,206429,206651,50151,256802,239283,496085,1.4356461543678456,2.0151542381338525,0.09072659909725189,1,3,2,1
3,9,1750,00:00:00.1420000,3,35,42,388360,389762,125524,515286,402111,917397,1.6372360696261201,1.9517254554046273,0.1307942271232605,1,3,2,1
3,10,1834,00:00:00.1460000,7,58,73,722851,725140,302837,1027977,677230,1705207,1.7964034081712552,1.6258014832486203,0.15560761094093323,2,7,5,1.2
3,11,1925,00:00:00.1530000,9,115,139,1327999,1332860,719593,2052453,1170804,3223257,1.9219984352397856,1.4469964754995877,0.11241523176431656,2,9,7,1.1428572
3,12,2024,00:00:00.1670000,12,224,290,2424484,2443163,1657208,4100371,2046805,6147176,2.0669825001938555,1.5593433574335884,0.11241284757852554,2,12,10,1.1
3,13,2126,00:00:00.1940000,17,440,568,4553764,4592537,3642153,8234690,3510159,11744849,2.328883314989534,2.380126684697092,0.16358545422554016,3,17,13,1.2307693
3,14,2218,00:00:00.2550000,20,859,1112,8844282,8964716,7434668,16399384,5634053,22033437,2.751380157258667,4.811524656426805,0.20255494117736816,3,20,15,1.2666667
3,15,2297,00:00:00.3390000,25,1656,2133,17855628,18161764,14646271,32808035,8568337,41376372,3.2602504375651193,6.241187584952291,0.23377840220928192,4,25,18,1.3333334
3,16,2368,00:00:00.4820000,31,3122,3959,36124109,36982312,29005087,65987399,12821516,78808915,3.7317921391500617,5.161859712021293,0.21252474188804626,5,32,24,1.2916666
3,17,2432,00:00:00.6790000,37,5954,7523,72072010,74403131,56734418,131137549,18958018,150095567,4.201108974205104,5.713960690963141,0.23842835426330566,4,37,28,1.2857143
3,18,2489,00:00:01.0520000,41,11521,14409,149327727,154553812,109277815,263831627,27660970,291492597,4.7926017517162105,7.823386694772972,0.2390282303094864,5,41,32,1.25
3,19,2533,00:00:01.5860000,42,23374,28263,316933477,330568557,197239308,527807865,38335365,566143230,5.569517766657386,8.507604131157697,0.21994613111019135,6,42,31,1.3225807
3,20,2565,00:00:02.5240000,44,48230,56197,694032268,730507548,340981654,1071489202,50757283,1122246485,6.462388358288839,7.189869229586856,0.3062898516654968,6,44,30,1.4333333
39,0,836,00:00:00.0190000,1,1,1,1010,1010,0,1010,1351,2361,1,1,0,0,1,1,0
39,1,928,00:00:00.0440000,1,1,1,2015,2015,0,2015,2687,4702,1,1,0,0,1,1,0
39,2,1013,00:00:00.0450000,1,1,2,4022,4022,0,4022,5109,9131,1,1,0,0,1,1,0
39,3,1099,00:00:00.0460000,1,1,2,8016,8016,5,8021,10083,18104,1,1,0,0,1,1,0
39,4,1191,00:00:00.0470000,1,1,2,15868,15868,224,16092,20646,36738,1,1,0,0,1,1,0
39,5,1286,00:00:00.0480000,1,5,6,30702,30716,1461,32177,40754,72931,1,1,0,0,1,1,0
39,6,1390,00:00:00.0500000,1,7,9,57983,58117,6236,64353,80907,145260,1,1,0,0,1,1,0
39,7,1508,00:00:00.0520000,4,10,15,107304,107402,21217,128619,161397,290016,1.008219637664952,1.0166195484390774,0.007709197700023651,1,4,3,1
39,8,1639,00:00:00.0650000,5,23,38,194854,195243,61294,256537,313745,570282,1.0360628983751938,1.075716198243565,0.03068159893155098,1,5,4,1
39,9,1779,00:00:00.0710000,8,44,68,353430,354181,158905,513086,588700,1101786,1.1490280960869197,1.3678128210040026,0.1023901030421257,1,8,7,1
39,10,1911,00:00:00.0900000,11,79,121,655229,657045,368805,1025850,1018521,2044371,1.3970474444812424,2.3909667832565775,0.2532523274421692,2,11,8,1.25
39,11,2027,00:00:00.1120000,11,126,191,1247271,1256728,804348,2061076,1642576,3703652,1.7246011492289968,4.387343340430757,0.41341522336006165,2,11,8,1.25
39,12,2127,00:00:00.1300000,16,232,332,2404102,2422930,1680782,4103712,2522735,6626447,2.1012760689854257,6.115904852116333,0.38708603382110596,2,16,12,1.25
39,13,2218,00:00:00.1580000,19,440,605,4679396,4721298,3494011,8215309,3825636,12040945,2.4610105663209527,5.241994841200048,0.3419119715690613,3,19,14,1.2857143
39,14,2307,00:00:00.2260000,21,840,1141,8959000,9072340,7342750,16415090,5891067,22306157,2.7474574171224466,3.8719658977760596,0.2914028763771057,3,21,16,1.25
39,15,2398,00:00:00.3100000,25,1585,2156,16943072,17310476,15504193,32814669,9295854,42110523,3.0203640166316945,3.731836237174564,0.27076736092567444,3,25,18,1.3333334
39,16,2489,00:00:00.4790000,32,2947,3999,32381462,33471030,32203023,65674053,14755571,80429624,3.34328588993295,4.64574289352298,0.24612244963645935,4,32,22,1.4090909
39,17,2573,00:00:00.7430000,39,5813,7699,64253809,67385359,64018377,131403736,22779915,154183651,3.856692184583174,6.168871671120812,0.24649669229984283,5,40,29,1.3448275
39,18,2633,00:00:01.1220000,40,11711,14831,140449814,148454750,114200594,262655344,31849562,294504906,4.764134746379942,5.2668576585286075,0.1532372087240219,6,41,28,1.4285715
39,19,2677,00:00:01.7980000,41,23560,28682,307686820,326155976,200846065,527002041,42547577,569549618,5.554202737705827,3.1349101334659597,0.12406419217586517,6,42,33,1.2424242
39,20,2712,00:00:03.0990000,47,47769,56195,669539002,710176204,354853115,1065029319,56123896,1121153215,6.325990985361597,4.064344029801794,0.1077762022614479,7,48,35,1.3428571
40,0,806,00:00:00.0490000,1,1,1,1005,1005,0,1005,1370,2375,1,1,0,0,1,1,0
40,1,884,00:00:00.0760000,1,1,1,2008,2008,0,2008,2462,4470,1,1,0,0,1,1,0
40,2,977,00:00:00.0920000,1,1,1,4029,4029,0,4029,5109,9138,1,1,0,0,1,1,0
40,3,1062,00:00:00.1060000,1,1,1,8005,8005,0,8005,9908,17913,1,1,0,0,1,1,0
40,4,1152,00:00:00.1590000,1,1,1,15892,15892,216,16108,20080,36188,1,1,0,0,1,1,0
40,5,1245,00:00:00.1730000,1,3,3,30689,30691,1414,32105,39508,71613,1,1,0,0,1,1,0
40,6,1349,00:00:00.1870000,1,5,6,57923,57952,6191,64143,79524,143667,1,1,0,0,1,1,0
40,7,1466,00:00:00.1890000,2,7,11,107177,107375,20937,128312,158222,286534,1.0013902236487306,1.0027843028570895,0,1,2,1,1
40,8,1602,00:00:00.1930000,5,16,22,194025,194175,62592,256767,317592,574359,1.0159773225099857,1.032655878734572,0.014754780568182468,1,5,4,1
40,9,1754,00:00:00.2260000,6,34,49,347407,347828,164596,512424,617708,1130132,1.0777215197160679,1.173264304846981,0.06683078408241272,1,6,5,1
40,10,1905,00:00:00.2610000,6,73,111,637455,640190,388627,1028817,1110125,2138942,1.2718466401549913,1.8147460897776135,0.23515932261943817,1,6,5,1
40,11,2039,00:00:00.3190000,8,132,193,1187617,1198691,849939,2048630,1831317,3879947,1.5546897695132353,3.5024359668883216,0.4330946207046509,2,8,6,1.1666666
40,12,2166,00:00:00.3540000,17,233,341,2234793,2254867,1845129,4099996,2952494,7052490,1.813763511877834,4.94623637757399,0.5112412571907043,2,17,12,1.3333334
40,13,2291,00:00:00.3870000,20,454,659,4202435,4261120,3971527,8232647,4746190,12978837,2.0817854410597665,6.0494964919594665,0.5556370615959167,2,20,14,1.3571428
40,14,2408,00:00:00.4620000,27,829,1188,8062922,8223401,8240556,16463957,7458363,23922320,2.4335263320171023,7.761125829080902,0.5869218707084656,3,27,19,1.3684211
40,15,2514,00:00:00.5600000,33,1574,2218,15912646,16310342,16654408,32964750,11415888,44380638,2.8643766724905464,8.62658852493133,0.5818411707878113,3,33,23,1.3913044
40,16,2609,00:00:00.7420000,41,3071,4231,31921811,32821497,33193425,66014922,17123112,83138034,3.3121021861823565,9.585974379774973,0.5293512940406799,4,41,26,1.5384616
40,17,2698,00:00:01.0290000,48,5816,7901,62332876,64797276,66307029,131104305,25687423,156791728,3.686404217896187,8.77570406050764,0.48157888650894165,4,49,31,1.548387
40,18,2786,00:00:01.5720000,57,11408,15262,123029115,129637401,134310442,263947843,39208881,303156724,4.093031214603145,9.585335195753208,0.44119834899902344,5,58,37,1.5405406
40,19,2862,00:00:02.4410000,67,22356,29304,252121439,269352073,257556344,526908417,57753744,584662161,4.705602092807347,11.012742023877511,0.3816238045692444,5,68,48,1.3958334
40,20,2919,00:00:04.0480000,69,45338,57002,553340520,598218165,461913726,1060131891,79798795,1139930686,5.589661169219995,8.29959433516125,0.2719215750694275,6,70,48,1.4375
41,0,821,00:00:00.0180000,1,1,1,1005,1005,0,1005,1329,2334,1,1,0,0,1,1,0
41,1,919,00:00:00.0470000,1,1,1,2024,2024,0,2024,2759,4783,1,1,0,0,1,1,0
41,2,1006,00:00:00.0800000,1,1,1,4015,4015,0,4015,5263,9278,1,1,0,0,1,1,0
41,3,1094,00:00:00.0920000,1,2,3,8073,8077,3,8080,10322,18402,1,1,0,0,1,1,0
41,4,1178,00:00:00.1360000,2,2,3,15809,15809,202,16011,19636,35647,1.0012018470491493,1.0024066251304018,0,1,2,1,1
41,5,1269,00:00:00.1550000,2,6,7,30714,30720,1384,32104,38642,70746,1.0028325844891581,1.0056812299979627,0,1,2,1,1
41,6,1371,00:00:00.1830000,3,7,10,58229,58250,6146,64396,78060,142456,1.0125023613663295,1.022218826361419,0,2,3,1,2
41,7,1476,00:00:00.1850000,3,13,18,108327,108472,19681,128153,148679,276832,1.145171563876042,1.19515113292458,0,2,3,1,2
41,8,1549,00:00:00.1860000,4,19,25,213432,213641,45511,259152,231295,490447,1.7335357397203792,2.0240577307735026,0.011457852087914944,2,4,2,1.5
41,9,1595,00:00:00.1970000,4,39,51,421739,422249,93962,516211,321040,837251,2.2907034919701523,1.9738742485033571,0.011133202351629734,2,4,2,1.5
41,10,1637,00:00:00.1990000,3,71,88,829411,831564,207988,1039552,458974,1498526,2.6326405123635928,1.4814800869999347,0,2,3,1,2
41,11,1681,00:00:00.2030000,3,137,161,1580312,1587493,483280,2070773,698764,2769537,2.815147262059644,1.2264014596150112,0,2,3,1,2
41,12,1731,00:00:00.2110000,5,238,290,2953781,2970771,1145972,4116743,1143736,5260479,2.915656238563387,1.1163457194301507,0.004741375800222158,3,5,2,2
41,13,1790,00:00:00.2270000,8,448,548,5433957,5479256,2723717,8202973,1995472,10198445,2.9774895163874135,1.088679530488649,0.01684725284576416,3,8,5,1.4
41,14,1861,00:00:00.2640000,14,840,1048,9955569,10075227,6443957,16519184,3657063,20176247,3.045284101792675,1.157671578111806,0.05031576752662659,4,14,10,1.3
41,15,1940,00:00:00.3570000,21,1561,1988,18079556,18476744,14387946,32864690,6626385,39491075,3.1969829347579113,1.4810595598440193,0.12667495012283325,4,21,16,1.25
41,16,2015,00:00:00.4890000,29,3015,3872,35384068,36457385,29245450,65702835,11090668,76793503,3.702949785197112,2.9507055735069887,0.20127199590206146,3,29,24,1.1666666
41,17,2069,00:00:00.6490000,31,5972,7442,76801128,79455852,52881468,132337320,16214142,148551462,4.5643540157378935,5.0797627220506465,0.193959042429924,4,31,22,1.3636364
41,18,2109,00:00:00.8930000,35,11876,14248,164788972,170608916,93619677,264228593,22334048,286562641,5.28424221251893,4.319714709946115,0.1709754914045334,4,35,26,1.3076923
41,19,2144,00:00:01.2900000,38,23383,27418,339071269,354046637,171734552,525781189,30883813,556665002,5.838598436365896,4.217984545502822,0.1758354902267456,6,38,26,1.4230769
41,20,2172,00:00:02.0660000,44,49315,55970,744231031,782060411,301501412,1083561823,41584676,1125146499,6.960035864185835,7.318840339143586,0.20587530732154846,8,44,28,1.5357143
42,0,702,00:00:00.0160000,2,2,2,1011,1011,0,1011,734,1745,1.638971315529179,1.8565755975834073,0,1,2,1,1
42,1,740,00:00:00.0840000,2,2,2,2031,2031,0,2031,1237,3268,1.741014278680453,1.6229134534702363,0,1,2,1,1
42,2,775,00:00:00.0890000,2,2,2,4043,4043,0,4043,2210,6253,1.824882512985407,1.4062773379930242,0,1,2,1,1
42,3,809,00:00:00.1300000,2,2,2,8024,8024,0,8024,4147,12171,1.8855932203389831,1.2541319101385782,0,1,2,1,1
42,4,843,00:00:00.1440000,2,2,2,16033,16033,90,16123,7960,24083,1.9261523108588536,1.1584645822401647,0,1,2,1,1
42,5,879,00:00:00.1440000,2,2,2,31532,31532,701,32233,15716,47949,1.9520487124191297,1.1004779395342288,0,1,2,1,1
42,6,917,00:00:00.1450000,2,6,6,61359,61365,3112,64477,30267,94744,1.970892615590215,1.0599062214037438,0,1,2,1,1
42,7,960,00:00:00.1460000,2,9,9,117522,117553,11108,128661,59286,187947,1.9819948605367506,1.03665819887368,0,1,2,1,1
42,8,1010,00:00:00.1470000,2,16,17,222157,222281,35191,257472,117779,375251,1.9893588768303496,1.0215086090308165,0,1,2,1,1
42,9,1068,00:00:00.1480000,2,34,38,411707,412275,99956,512231,232297,744528,1.9936168197285935,1.012847844506346,0,1,2,1,1
42,10,1138,00:00:00.1510000,3,58,73,757856,759702,269855,1029557,463299,1492856,1.997969271207195,1.010220228300687,0,2,3,1,2
42,11,1222,00:00:00.1590000,4,125,160,1364293,1372277,687965,2060242,922069,2982311,2.004806152344108,1.0171085220952676,0.005739000625908375,2,4,2,1.5
42,12,1321,00:00:00.2030000,10,237,314,2434394,2453928,1658294,4112222,1803856,5916078,2.0523584103477086,1.0906113907547443,0.03482365980744362,1,10,9,1
42,13,1421,00:00:00.2310000,14,457,602,4606268,4661607,3585657,8247264,3229838,11477102,2.425682352828798,1.7120545947610175,0.21681581437587738,2,14,12,1.0833334
42,14,1491,00:00:00.2680000,17,841,1106,9634943,9762417,6676701,16439118,4836182,21275300,3.1579156202584695,2.6198749054801334,0.24214164912700653,3,17,13,1.2307693
42,15,1548,00:00:00.3430000,20,1595,2009,19857051,20148599,12656264,32804863,6956798,39761661,3.685753236973607,2.264425619959603,0.21408508718013763,3,20,16,1.1875
42,16,1603,00:00:00.4450000,22,3057,3794,39628265,40372269,25281745,65654014,10252074,75906088,4.075363153042406,2.4546584338787723,0.15828391909599304,3,22,17,1.2352941
42,17,1657,00:00:00.6050000,26,5956,7334,78645714,80475369,51206762,131682131,15436366,147118497,4.468409785179139,3.5513257965922165,0.16750814020633698,3,26,18,1.3888888
42,18,1708,00:00:00.9190000,30,11792,14395,157394624,162753895,102213735,264967630,23276062,288243692,4.920104736232922,5.588805970685206,0.1953137218952179,4,30,22,1.3181819
42,19,1754,00:00:01.4520000,41,23330,28092,317790143,331213406,198129222,529342628,34551281,563893909,5.437567810276607,7.259434184287258,0.2052202969789505,5,41,31,1.2903225
42,20,1789,00:00:02.3640000,48,47044,55133,674534361,708672428,350345122,1059017550,48024614,1107042164,6.3513978734138945,9.11595076857417,0.19491806626319885,7,48,36,1.3055556
43,0,614,00:00:00.0150000,1,1,1,1004,1004,0,1004,1246,2250,1,1,0,0,1,1,0
43,1,699,00:00:00.0550000,1,1,1,2015,2015,0,2015,2496,4511,1,1,0,0,1,1,0
43,2,787,00:00:00.0850000,1,1,1,4021,4021,0,4021,5103,9124,1,1,0,0,1,1,0
43,3,875,00:00:00.1000000,1,1,1,8005,8005,2,8007,10145,18152,1,1,0,0,1,1,0
43,4,965,00:00:00.1140000,1,1,1,15811,15811,224,16035,20457,36492,1,1,0,0,1,1,0
43,5,1062,00:00:00.1260000,1,2,2,30636,30637,1463,32100,41112,73212,1,1,0,0,1,1,0
43,6,1166,00:00:00.1470000,1,7,8,58051,58063,6239,64302,81325,145627,1,1,0,0,1,1,0
43,7,1285,00:00:00.1710000,1,14,17,107080,107153,21262,128415,162193,290608,1,1,0,0,1,1,0
43,8,1422,00:00:00.2100000,1,22,29,192940,193492,62776,256268,322811,579079,1,1,0,0,1,1,0
43,9,1582,00:00:00.2180000,6,37,56,343126,344372,168023,512395,638875,1151270,1.0123511479747964,1.0251294110608629,0.011611124500632286,1,6,5,1
43,10,1763,00:00:00.2380000,13,74,111,606351,609092,415263,1024355,1233467,2257822,1.0879094781735332,1.2001709730324748,0.07206548750400543,1,13,12,1
43,11,1937,00:00:00.2550000,21,144,214,1117314,1124637,924721,2049358,2167675,4217033,1.3346749436595264,2.164565442202301,0.2488083839416504,2,21,19,1.0526316
43,12,2084,00:00:00.2820000,29,267,391,2138277,2161090,1935327,4096417,3457358,7553775,1.7008862743227373,5.517306274802942,0.4474017322063446,2,29,22,1.2727273
43,13,2208,00:00:00.3230000,36,450,666,4208861,4282207,3952870,8235077,5225522,13460599,2.1392124852780836,11.075961198719895,0.5179403424263,4,36,25,1.4
43,14,2267,00:00:00.3580000,37,857,1140,10254531,10444686,6129264,16573950,6504549,23078499,3.977257858014179,5.013700403599074,0.3306199014186859,6,37,24,1.5
43,15,2287,00:00:00.3800000,32,1678,2030,24843037,25222118,8632433,33854551,7246996,41101547,5.2809398464447,2.1966692000605614,0.2695792019367218,6,32,20,1.55
43,16,2304,00:00:00.4140000,29,3274,3742,52878511,53614945,13897029,67511974,8277277,75789251,5.867190568206431,2.017686698718805,0.16246192157268524,7,29,15,1.8666667
43,17,2321,00:00:00.4690000,22,6373,7071,104425763,106451618,25167485,131619103,9914966,141534069,6.21465530493658,2.2339252143477872,0.11048334836959839,7,22,11,1.9090909
43,18,2340,00:00:00.5940000,20,12629,13807,208388840,213181670,51076797,264258467,12826132,277084599,6.498637038336602,2.6402814428105277,0.10368912667036057,5,20,11,1.7272727
43,19,2361,00:00:00.8660000,17,25522,27868,418406514,431761342,110107894,541869236,18020660,559889896,6.773901259099422,3.159859192011967,0.1261684149503708,4,18,12,1.4166666
43,20,2382,00:00:01.3930000,24,50242,54866,813685138,845314456,229130383,1074444839,26332845,1100777684,7.0635667896394585,3.947250696419859,0.3280051648616791,3,24,16,1.4375
44,0,766,00:00:00.0280000,1,1,1,1008,1008,0,1008,1110,2118,1,1,0,0,1,1,0
44,1,851,00:00:00.0620000,1,1,1,2012,2012,0,2012,2316,4328,1,1,0,0,1,1,0
44,2,934,00:00:00.0790000,1,1,1,4002,4002,0,4002,4666,8668,1,1,0,0,1,1,0
44,3,1021,00:00:00.1010000,2,2,2,8011,8011,4,8015,9658,17673,1.0012482836100363,1.0024997166886678,0,1,2,1,1
44,4,1108,00:00:00.1120000,2,2,2,15816,15816,201,16017,19247,35264,1.004868487607486,1.0097844174238113,0,1,2,1,1
44,5,1200,00:00:00.1290000,2,6,7,30612,30621,1384,32005,38705,70710,1.021200836273357,1.043299779175006,0,1,2,1,1
44,6,1298,00:00:00.1310000,2,10,11,58376,58431,5971,64402,76394,140796,1.0681273125942168,1.1454386394836773,0,1,2,1,1
44,7,1395,00:00:00.1470000,3,14,20,109617,109855,19110,128965,141805,270770,1.18463377030935,1.43172133495593,0.01067030057311058,1,3,2,1
44,8,1487,00:00:00.1770000,6,21,31,205350,205637,51919,257556,248827,506383,1.3851132213294375,1.9192217330600005,0.0277047511190176,1,6,5,1
44,9,1573,00:00:00.1990000,7,39,62,386472,387203,128628,515831,418293,934124,1.6033710074727276,2.00533533867287,0.04295540228486061,2,7,5,1.2
44,10,1657,00:00:00.2160000,10,70,98,720127,721960,303282,1025242,693505,1718747,1.7982522527276439,1.7596858629167174,0.05059891939163208,2,10,8,1.125
44,11,1742,00:00:00.2330000,11,115,164,1351403,1357817,694077,2051894,1150997,3202891,2.039624005570507,1.8187818690501707,0.05435055494308472,3,11,8,1.25
44,12,1815,00:00:00.2520000,15,207,286,2665031,2681462,1439658,4121120,1788493,5909613,2.5460705710365095,2.8431723544757,0.062224116176366806,4,15,11,1.2727273
44,13,1869,00:00:00.2760000,16,389,498,5439367,5485573,2742868,8228441,2556447,10784888,3.171778076382785,3.1988907397000874,0.06629269570112228,4,16,12,1.25
44,14,1915,00:00:00.3020000,16,792,971,11037631,11155291,5308041,16463332,3619587,20082919,3.690779660961668,2.6795093686558706,0.08451595157384872,5,16,11,1.3636364
44,15,1956,00:00:00.3960000,17,1524,1841,22411087,22657765,10324360,32982125,5144384,38126509,4.2136412660394384,3.172498539998115,0.08654741197824478,5,17,12,1.3333334
44,16,1991,00:00:00.4480000,18,3083,3601,45923596,46504417,19614950,66119367,7233878,73353245,4.788627941940783,4.16694559244915,0.10106439888477325,6,18,12,1.4166666
44,17,2023,00:00:00.5410000,21,6232,7174,94254515,95647423,38064096,133711519,10320095,144031614,5.28853493119136,3.5991333519329642,0.1087331622838974,5,21,16,1.25
44,18,2054,00:00:00.7300000,23,12185,13908,186169089,189891497,75524307,265415804,15116866,280532670,5.648084387414068,2.911003190799985,0.1435055285692215,5,23,18,1.2222222
44,19,2087,00:00:01.1120000,27,24651,28061,367326096,378210120,156908128,535118248,23282902,558401150,5.961581656861101,2.9056963700992684,0.19125822186470032,6,27,20,1.3
44,20,2120,00:00:01.8610000,33,48179,55017,709867949,741176627,319989146,1061165773,36270795,1097436568,6.295006328000872,3.7870851146376596,0.16581447422504425,5,33,25,1.28
45,0,783,00:00:00.0170000,1,1,1,1001,1001,0,1001,1213,2214,1,1,0,0,1,1,0
45,1,861,00:00:00.0440000,1,1,1,2006,2006,0,2006,2290,4296,1,1,0,0,1,1,0
45,2,947,00:00:00.0450000,1,2,2,4029,4031,0,4031,4775,8806,1,1,0,0,1,1,0
45,3,1033,00:00:00.0460000,2,3,3,8041,8042,4,8046,9645,17691,1.0018654396219375,1.003737852894499,0,1,2,1,1
45,4,1123,00:00:00.0480000,2,4,6,15886,15897,212,16109,19821,35930,1.0087498426287298,1.0176527809205973,0,1,2,1,1
45,5,1212,00:00:00.0500000,3,4,6,30672,30676,1377,32053,38699,70752,1.0333854981742305,1.0691243948276559,0.010025893338024616,1,3,2,1
45,6,1306,00:00:00.0610000,3,6,9,58540,58597,5866,64463,75132,139595,1.1058079945336523,1.2354061046105316,0.03592553734779358,1,3,2,1
45,7,1394,00:00:00.0630000,4,10,17,110396,110492,17933,128425,133807,262232,1.2673104097974563,1.6530555525790434,0.08685082197189331,2,4,2,1.5
45,8,1473,00:00:00.0650000,4,20,28,208945,209284,47593,256877,225326,482203,1.543176433989806,2.3511839675116364,0.15374711155891418,2,4,2,1.5
45,9,1538,00:00:00.0680000,6,42,54,401508,402091,110016,512107,351478,863585,1.9178397441644999,3.0191708915367883,0.12276819348335266,3,6,3,1.6666666
45,10,1593,00:00:00.0710000,5,72,92,782034,785902,241735,1027637,529993,1557630,2.3219118350353054,3.0143619622482585,0.16750656068325043,3,5,2,2
45,11,1642,00:00:00.0750000,10,128,161,1535325,1539349,521102,2060451,793378,2853829,2.7152257665315163,2.785519598019879,0.07663744688034058,4,10,6,1.5
45,12,1687,00:00:00.0820000,10,229,284,2988990,3003654,1100746,4104400,1189389,5293789,3.0897326521667856,2.838219188031483,0.054762598127126694,4,10,6,1.5
45,13,1730,00:00:00.1010000,11,418,508,5866739,5907537,2311954,8219491,1803526,10023017,3.46631373919992,2.9557031219200796,0.06978117674589157,4,11,6,1.6666666
45,14,1771,00:00:00.1300000,12,795,950,11480472,11604131,4789542,16393673,2751664,19145337,3.8383285112319423,3.1083135870326886,0.07259787619113922,4,12,7,1.5714285
45,15,1812,00:00:00.1710000,18,1569,1861,22922744,23212846,10054657,33267503,4284582,37552085,4.2110385213916794,3.199240965076778,0.0791437178850174,5,18,12,1.4166666
45,16,1852,00:00:00.2620000,20,3090,3647,44657903,45487471,20779771,66267242,6697841,72965083,4.552325665627426,3.0411861973963172,0.13430416584014893,5,20,14,1.3571428
45,17,1892,00:00:00.3950000,25,6113,7173,87575840,89581753,42666601,132248354,10551033,142799387,4.915895297150447,3.300757530697354,0.13415496051311493,5,25,16,1.5
45,18,1928,00:00:00.6970000,31,12195,14188,177210427,182271679,82880486,265152165,16050210,281202375,5.502103614930062,5.198352923060493,0.1552514135837555,6,31,19,1.5789474
45,19,1954,00:00:01.0640000,34,24501,27724,366389556,380595857,144097743,524693600,22330732,547024332,6.32856699113989,8.720477622580857,0.1938278079032898,6,34,21,1.5714285
45,20,1975,00:00:01.7430000,43,50422,55797,797475866,830771536,253503545,1084275081,30508887,1114783968,7.121662332537597,8.506087796565055,0.18955901265144348,6,43,30,1.4
46,0,946,00:00:00.0440000,1,1,1,1004,1004,0,1004,1170,2174,1,1,0,0,1,1,0
46,1,1023,00:00:00.0930000,1,1,1,2007,2007,0,2007,2261,4268,1,1,0,0,1,1,0
46,2,1108,00:00:00.0960000,1,2,2,4009,4010,0,4010,4724,8734,1,1,0,0,1,1,0
46,3,1193,00:00:00.0980000,2,2,2,8076,8076,4,8080,9663,17743,1.0014858841010401,1.0029761840636529,0,1,2,1,1
46,4,1278,00:00:00.1020000,2,2,2,15849,15849,214,16063,19278,35341,1.0029023913180641,1.0058216245623337,0,1,2,1,1
46,5,1374,00:00:00.1050000,2,4,4,30766,30769,1451,32220,39773,71993,1.0105636091789638,1.0213503529537238,0,1,2,1,1
46,6,1472,00:00:00.1080000,2,4,5,58089,58132,5967,64099,77557,141656,1.0314173079240476,1.0648045659095513,0,1,2,1,1
46,7,1578,00:00:00.1120000,3,10,12,108451,108479,19909,128388,149149,277537,1.1075324340024528,1.2383946752009818,0.018157821148633957,1,3,2,1
46,8,1681,00:00:00.1350000,3,20,22,201400,201657,54481,256138,268210,524348,1.274433962264151,1.672804274132815,0.04919803887605667,1,3,2,1
46,9,1777,00:00:00.1430000,5,33,41,377970,378767,134750,513517,456209,969726,1.503018758102495,2.067081498678081,0.08968928456306458,2,5,3,1.3333334
46,10,1869,00:00:00.1540000,5,67,84,705617,708876,316642,1025518,757290,1782808,1.7163744637671712,1.881041595740354,0.12024058401584625,2,5,3,1.3333334
46,11,1962,00:00:00.1760000,8,127,167,1316462,1323205,727758,2050963,1259824,3310787,1.916926580486182,1.7275742816241708,0.1335872858762741,2,8,6,1.1666666
46,12,2056,00:00:00.2090000,10,234,302,2471085,2493158,1624871,4118029,2090002,6208031,2.1603145986479624,2.07590827701836,0.13565732538700104,3,10,7,1.2857143
46,13,2145,00:00:00.2680000,15,428,570,4760751,4807239,3449356,8256595,3365475,11622070,2.5102266428132873,3.304660188389666,0.14992868900299072,3,15,11,1.2727273
46,14,2224,00:00:00.3780000,16,757,1020,9382722,9498297,6986069,16484366,5195073,21679439,2.9526004287455176,5.118372981840578,0.17525306344032288,3,16,12,1.25
46,15,2296,00:00:00.4840000,19,1502,1968,18676961,18921800,14070638,32992438,7890835,40883273,3.3665640250573956,4.85762533698008,0.1881948709487915,4,19,14,1.2857143
46,16,2367,00:00:00.6160000,25,2913,3810,36384806,36903897,28866845,65770742,12163918,77934660,3.689895969213083,3.652912797334595,0.2001953274011612,5,25,18,1.3333334
46,17,2435,00:00:00.8920000,25,5788,7414,72472949,74042663,57805683,131848346,18665233,150513579,4.1858945466673365,3.93307357841446,0.2620626389980316,4,25,19,1.2631578
46,18,2485,00:00:01.2690000,29,11580,14344,154482544,159029241,104118792,263148033,26258112,289406145,4.986098837160528,3.4731677590482515,0.1970299482345581,5,29,22,1.2727273
46,19,2526,00:00:02.0040000,38,23396,28136,330500404,342446646,190747851,533194497,36307781,569502278,5.627517511294782,2.575549641930077,0.11926800012588501,6,38,29,1.2758621
46,20,2562,00:00:03.4770000,45,46886,55031,666553574,701384315,353956648,1055340963,50382155,1105723118,6.161546402570186,3.0487904516476734,0.10368506610393524,7,46,34,1.3235294
47,0,995,00:00:00.0250000,1,1,1,1009,1009,0,1009,1497,2506,1,1,0,0,1,1,0
47,1,1093,00:00:00.0560000,1,1,1,2035,2035,0,2035,2907,4942,1,1,0,0,1,1,0
47,2,1172,00:00:00.0570000,1,2,2,4038,4039,0,4039,5091,9130,1,1,0,0,1,1,0
47,3,1259,00:00:00.0580000,1,2,2,8048,8050,4,8054,9963,18017,1,1,0,0,1,1,0
47,4,1347,00:00:00.0600000,1,4,4,15807,15826,210,16036,19815,35851,1,1,0,0,1,1,0
47,5,1441,00:00:00.0610000,3,5,6,30568,30573,1436,32009,39785,71794,1.0055613713687517,1.0111955346200288,0,1,3,2,1
47,6,1542,00:00:00.0760000,3,9,10,58006,58061,6030,64091,78238,142329,1.0250836120401339,1.0516389667487114,0.01741100288927555,1,3,2,1
47,7,1650,00:00:00.0790000,4,16,25,108436,108542,20088,128630,150927,279557,1.0863089748791914,1.1909034555786777,0.04739641025662422,1,4,3,1
47,8,1757,00:00:00.0830000,5,20,38,201006,201154,55725,256879,275311,532190,1.2432962200133328,1.6380424329505274,0.11555667221546173,1,5,4,1
47,9,1857,00:00:00.0880000,6,41,66,376703,377350,137702,515052,471449,986501,1.4710501376415903,2.3756021149276845,0.22580508887767792,2,6,4,1.25
47,10,1952,00:00:00.0950000,7,72,110,703816,706468,322506,1028974,782603,1811577,1.6858170317242007,2.563642109644116,0.3270306885242462,2,7,4,1.5
47,11,2049,00:00:00.1070000,9,132,190,1307293,1315383,745339,2060722,1308013,3368735,1.8681955766610852,2.3626223611158497,0.4116904139518738,2,9,5,1.6
47,12,2149,00:00:00.1270000,14,228,329,2425751,2445925,1676029,4121954,2193960,6315914,2.073042534044096,2.574595133068317,0.4423335790634155,3,14,9,1.4444444
47,13,2247,00:00:00.1760000,20,427,605,4587661,4633848,3596203,8230051,3600543,11830594,2.3705550606289347,3.5714755793946056,0.4453461170196533,3,20,15,1.2666667
47,14,2336,00:00:00.2380000,26,829,1140,8978854,9082387,7340103,16422490,5657448,22079938,2.7959893322689067,4.8247166312785446,0.3719795048236847,3,26,19,1.3157895
47,15,2415,00:00:00.3400000,30,1545,2069,18004018,18229802,14666429,32896231,8603883,41500114,3.251621554699623,4.163862946670369,0.2837388515472412,4,30,20,1.45
47,16,2490,00:00:00.5230000,27,2933,3889,35097400,35905714,29671573,65577287,13105659,78682946,3.608045040373361,2.727084548617617,0.24634048342704773,4,27,17,1.5294118
47,17,2568,00:00:00.8580000,33,5748,7575,67990466,69976085,61922087,131898172,20629361,152527533,3.902680943531112,2.317206532907777,0.17856226861476898,5,34,24,1.375
47,18,2646,00:00:01.4950000,39,11195,14617,131848917,137497442,127086168,264583610,32647862,297231472,4.266158249900529,3.0513137448489163,0.13428416848182678,5,40,29,1.3448275
47,19,2714,00:00:02.9580000,54,22232,28559,267532380,283060997,244500505,527561502,49264625,576826127,4.855396662639491,5.715115716708317,0.15680530667304993,5,55,43,1.255814
47,20,2768,00:00:05.4280000,65,44864,55930,563853506,602809634,446764138,1049573772,70207864,1119781636,5.573985539783094,8.001467856484977,0.15210454165935516,6,66,52,1.25
48,0,644,00:00:00.0210000,1,1,1,1004,1004,0,1004,1250,2254,1,1,0,0,1,1,0
48,1,728,00:00:00.0510000,1,1,1,2015,2015,0,2015,2466,4481,1,1,0,0,1,1,0
48,2,815,00:00:00.0520000,1,1,1,4014,4014,0,4014,4952,8966,1,1,0,0,1,1,0
48,3,905,00:00:00.0530000,1,1,1,8059,8059,2,8061,10029,18090,1,1,0,0,1,1,0
48,4,997,00:00:00.0550000,1,1,1,15804,15804,215,16019,20435,36454,1,1,0,0,1,1,0
48,5,1091,00:00:00.0560000,1,1,1,30686,30686,1414,32100,40062,72162,1,1,0,0,1,1,0
48,6,1194,00:00:00.0580000,1,2,4,57893,57894,6156,64050,79445,143495,1,1,0,0,1,1,0
48,7,1312,00:00:00.0600000,1,6,11,106983,106998,21169,128167,159410,287577,1,1,0,0,1,1,0
48,8,1449,00:00:00.0630000,1,15,25,193580,193684,62810,256494,320022,576516,1,1,0,0,1,1,0
48,9,1610,00:00:00.0690000,1,30,50,342757,343641,168783,512424,638592,1151016,1,1,0,0,1,1,0
48,10,1802,00:00:00.0810000,7,55,92,599442,601332,425326,1026658,1271205,2297863,1.0146169270755137,1.029835436860561,0.013256284408271313,1,7,6,1
48,11,2015,00:00:00.1170000,14,119,194,1053795,1060614,988770,2049384,2422818,4472202,1.117538990031268,1.2801723530261602,0.09486068785190582,1,14,13,1
48,12,2208,00:00:00.1610000,25,246,379,1985709,2008722,2102362,4111084,4115255,8226339,1.4679270728994027,2.915099846838267,0.32343026995658875,2,25,20,1.2
48,13,2351,00:00:00.2180000,36,449,677,4025187,4079225,4142096,8221321,6145523,14366844,2.020916046881797,8.681805461935742,0.4736309051513672,3,36,27,1.2962962
48,14,2454,00:00:00.2940000,37,808,1179,8461762,8625875,7876755,16502630,8513049,25015679,2.677260126200666,11.478251328829005,0.49690282344818115,3,37,25,1.44
48,15,2533,00:00:00.3990000,36,1600,2183,17678880,18067052,14887408,32954460,11455003,44409463,3.27076675671762,6.645639410774782,0.5091120004653931,4,36,22,1.5909091
48,16,2603,00:00:00.5800000,38,3101,4051,35985665,36812561,28993938,65806499,15652840,81459339,3.737044070187393,4.554501319197359,0.35637789964675903,4,38,26,1.4230769
48,17,2669,00:00:00.8590000,36,5932,7649,71606681,73870747,57510106,131380853,21992181,153373034,4.157913533235816,4.689232785069301,0.3169020116329193,5,36,23,1.5217391
48,18,2732,00:00:01.3560000,36,11660,14844,142959573,149112420,114671494,263783914,31666069,295449983,4.602936768704534,5.691705408977013,0.4693490266799927,5,37,25,1.44
48,19,2791,00:00:02.5250000,44,23138,28954,288262417,303461028,226982173,530443201,46167437,576610638,5.058778120215373,6.8554024062625,0.41818374395370483,5,45,30,1.4666667
48,20,2843,00:00:04.8770000,57,46123,56596,590194750,627392637,432576768,1059969405,66434708,1126404113,5.658142880803328,8.039567636157033,0.36298537254333496,7,58,38,1.5
4,0,766,00:00:00.0170000,1,1,1,1008,1008,0,1008,1248,2256,1,1,0,0,1,1,0
4,1,843,00:00:00.0530000,1,1,1,2009,2009,0,2009,2343,4352,1,1,0,0,1,1,0
4,2,928,00:00:00.0700000,1,1,1,4005,4005,0,4005,4808,8813,1,1,0,0,1,1,0
4,3,1018,00:00:00.1060000,1,2,2,8036,8037,3,8040,10045,18085,1,1,0,0,1,1,0
4,4,1107,00:00:00.1250000,2,2,2,15883,15883,220,16103,20094,36197,1.0012592079581943,1.0025215866485706,0,1,2,1,1
4,5,1198,00:00:00.1270000,2,2,2,30843,30843,1405,32248,39225,71473,1.003923094381221,1.0078770171747304,0,1,2,1,1
4,6,1298,00:00:00.1280000,2,5,6,57930,57944,6093,64037,77739,141776,1.0126014155014673,1.025520359785765,0,1,2,1,1
4,7,1410,00:00:00.1300000,2,7,10,107744,107820,20606,128426,153817,282243,1.0461835461835463,1.0966129317467754,0,1,2,1,1
4,8,1528,00:00:00.1320000,2,16,20,197689,198203,58443,256646,291453,548099,1.157085118544785,1.3602088310494285,0,1,2,1,1
4,9,1638,00:00:00.1350000,5,35,47,370663,370934,143407,514341,505848,1020189,1.3884444900084443,1.928537688289029,0.0256093367934227,2,5,3,1.3333334
4,10,1735,00:00:00.1490000,5,69,95,704162,705713,325774,1031487,822198,1853685,1.7016169574614932,2.302993401448124,0.03579292446374893,2,5,3,1.3333334
4,11,1818,00:00:00.1570000,6,132,175,1350452,1354634,694907,2049541,1267808,3317349,2.06945822583846,2.5629659687613526,0.03347055986523628,2,6,4,1.25
4,12,1894,00:00:00.1690000,8,247,328,2616708,2629220,1477631,4106851,1936826,6043677,2.413371304708053,2.4006564891033295,0.030206818133592606,3,8,5,1.4
4,13,1970,00:00:00.1920000,9,454,594,4999268,5056560,3202102,8258662,3031266,11289928,2.669583427013715,1.8569539213935142,0.029421603307127953,3,9,6,1.3333334
4,14,2050,00:00:00.2360000,15,818,1070,9329595,9480702,6972643,16453345,4898629,21351974,2.8702645720419806,1.5825003629751861,0.047878481447696686,3,15,12,1.1666666
4,15,2137,00:00:00.3430000,28,1596,2107,17507192,17820422,15185996,33006418,8169251,41175669,3.0822985205165967,1.7586986036878642,0.06827756017446518,4,28,23,1.173913
4,16,2225,00:00:00.4820000,38,3055,4032,32972356,33878927,31730386,65609313,13456681,79065994,3.3790371546394806,2.783766412417713,0.12028295546770096,4,38,29,1.2758621
4,17,2306,00:00:00.7680000,53,5968,7822,66768630,69128851,62978235,132107086,21190425,153297511,3.9523871015475383,6.611318055637602,0.2176859825849533,5,53,38,1.3684211
4,18,2356,00:00:01.0780000,59,11955,14884,154047670,159282108,106106579,265388687,28702490,294091177,5.150584841692186,10.6401275031927,0.24728423357009888,6,59,39,1.4871795
4,19,2385,00:00:01.4320000,54,24175,28481,347082833,361270735,168459660,529730395,35744756,565475151,6.1680754432472895,4.857284350414541,0.1945192962884903,6,54,35,1.5142857
4,20,2409,00:00:02.1650000,49,49093,55821,743097364,780554848,287201407,1067756255,45114595,1112870850,6.853587205027416,4.081984647827591,0.23172993957996368,6,49,32,1.5
49,0,839,00:00:00.0230000,1,1,1,1008,1008,0,1008,1380,2388,1,1,0,0,1,1,0
49,1,931,00:00:00.0530000,2,2,2,2025,2025,0,2025,2720,4745,1.0039506172839505,1.0079324049726446,0,1,2,1,1
49,2,1013,00:00:00.0550000,2,2,2,4002,4002,0,4002,5080,9082,1.0047476261869066,1.0095403362721347,0,1,2,1,1
49,3,1098,00:00:00.0570000,2,2,2,8056,8056,3,8059,9845,17904,1.016012909632572,1.032538368827592,0,1,2,1,1
49,4,1183,00:00:00.0580000,2,2,2,15846,15846,203,16049,19500,35549,1.0387479490092137,1.0804890014222144,0,1,2,1,1
49,5,1268,00:00:00.0590000,2,4,4,30691,30695,1317,32012,37353,69365,1.1186992929523314,1.2645735402832636,0,1,2,1,1
49,6,1349,00:00:00.0610000,2,7,10,59156,59168,5311,64479,68401,132880,1.2678003921833796,1.6451878695500188,0,1,2,1,1
49,7,1421,00:00:00.0630000,2,14,19,112212,112276,16191,128467,117178,245645,1.459496310555021,1.9869611780550338,0,1,2,1,1
49,8,1490,00:00:00.0650000,2,25,32,212234,212523,44268,256791,197405,454196,1.636966744253984,1.8603965462935037,0,1,2,1,1
49,9,1561,00:00:00.0680000,3,43,53,398061,399178,114661,513839,336994,850833,1.7782073601784651,1.5399493763347827,0,2,3,1,2
49,10,1638,00:00:00.0730000,5,73,92,735604,737558,286860,1024418,589756,1614174,1.8849761556489633,1.3238868028723736,0.01344467606395483,2,5,3,1.3333334
49,11,1725,00:00:00.0950000,7,123,161,1347524,1354537,700724,2055261,1062026,3117287,1.9775076362276294,1.2605186563553692,0.03668389096856117,2,7,5,1.2
49,12,1821,00:00:00.1130000,11,219,295,2462547,2482727,1636801,4119528,1913803,6033331,2.109113450423484,1.4476097816664983,0.09419776499271393,2,11,9,1.1111112
49,13,1921,00:00:00.1550000,18,445,592,4574546,4618614,3621721,8240335,3352236,11592571,2.3279982319556956,2.2150611508817106,0.1994503140449524,3,18,15,1.1333333
49,14,2021,00:00:00.2230000,23,822,1091,8596449,8717896,7719680,16437576,5677247,22114823,2.6016923964767313,3.8212602010942085,0.321570485830307,3,23,18,1.2222222
49,15,2121,00:00:00.3490000,29,1567,2099,16399778,16766052,16208634,32974686,9422262,42396948,2.912685281471493,5.720645779106546,0.39786696434020996,4,29,23,1.2173913
49,16,2215,00:00:00.5730000,39,3022,4078,32049624,32938595,32812262,65750857,15059195,80810052,3.3261264781140647,8.453968709954976,0.4026535153388977,3,39,31,1.2258065
49,17,2296,00:00:00.9490000,50,5907,7743,65653488,67717681,63355707,131073388,22783558,153856946,3.9025228789062965,10.245465131122932,0.374962717294693,4,50,38,1.2894737
49,18,2360,00:00:01.4590000,50,11655,14889,139923336,146202579,117199941,263402520,32515879,295918399,4.639987471425067,8.66307537557876,0.41007429361343384,5,50,32,1.53125
49,19,2408,00:00:02.4130000,49,23062,28472,300141051,316855179,208799231,525654410,44169586,569823996,5.4071964384505335,9.283807452670642,0.49320074915885925,6,49,28,1.7142857
49,20,2445,00:00:04.0090000,55,46791,55603,647114360,686392833,366761467,1053154300,58478515,1111632815,6.190008937523809,11.935225991159143,0.49477747082710266,6,55,32,1.6875
5,0,823,00:00:00.0330000,1,1,1,1009,1009,0,1009,1206,2215,1,1,0,0,1,1,0
5,1,906,00:00:00.0580000,1,1,1,2010,2010,0,2010,2419,4429,1,1,0,0,1,1,0
5,2,983,00:00:00.0660000,1,1,1,4021,4021,0,4021,4629,8650,1,1,0,0,1,1,0
5,3,1066,00:00:00.0670000,1,2,2,8003,8004,3,8007,9241,17248,1,1,0,0,1,1,0
5,4,1153,00:00:00.0680000,1,2,2,15919,15922,213,16135,18997,35132,1,1,0,0,1,1,0
5,5,1249,00:00:00.0690000,1,3,3,30681,30688,1445,32133,39406,71539,1,1,0,0,1,1,0
5,6,1353,00:00:00.0710000,1,6,6,58047,58129,6237,64366,79588,143954,1,1,0,0,1,1,0
5,7,1469,00:00:00.0730000,3,13,15,107061,107122,21016,128138,158157,286295,1.0046141919092855,1.0092817603711532,0.004045518580824137,1,3,2,1
5,8,1603,00:00:00.0860000,3,23,30,194396,194830,62070,256900,314553,571453,1.0206485730159056,1.0423795603438464,0.020352574065327644,1,3,2,1
5,9,1750,00:00:00.0910000,5,41,54,348186,349765,162380,512145,604487,1116632,1.099061995600053,1.2255216522208983,0.06740844994783401,1,5,4,1
5,10,1894,00:00:00.0980000,10,70,94,642724,645322,381127,1026449,1074614,2101063,1.3199087010909816,1.9832467009229051,0.1621781885623932,1,10,9,1
5,11,2024,00:00:00.1100000,12,131,178,1206607,1215621,843322,2058943,1776076,3835019,1.5930472805146996,3.243482350251341,0.29019248485565186,2,12,10,1.1
5,12,2149,00:00:00.1280000,17,216,305,2236941,2257268,1841533,4098801,2883297,6982098,1.8061611817209304,3.4754330543737466,0.36905965209007263,2,17,13,1.2307693
5,13,2281,00:00:00.1640000,21,407,588,4092280,4160041,4053092,8213133,4782325,12995458,1.989068196702083,3.467579020579249,0.42778444290161133,3,21,16,1.25
5,14,2409,00:00:00.2470000,29,803,1146,7759566,7944311,8455439,16399750,7738884,24138634,2.350800160730639,5.070988115111485,0.42957568168640137,4,29,21,1.3333334
5,15,2498,00:00:00.3410000,37,1576,2121,17343604,17775534,15382893,33158427,10988661,44147088,3.3559469531246218,7.658668279828606,0.24397802352905273,5,37,27,1.3333334
5,16,2539,00:00:00.4130000,32,3105,3888,40797955,41769662,23933775,65703437,13394985,79098422,4.633434518960571,5.506079580955065,0.16111573576927185,7,32,20,1.55
5,17,2567,00:00:00.4990000,25,6221,7337,91858382,94097898,38830116,132928014,16058166,148986180,5.524891925485907,3.811900649533111,0.11751165986061096,7,25,13,1.8461539
5,18,2589,00:00:00.6380000,21,12732,14396,199647245,204571518,65803494,270375012,19431828,289806840,6.307287901718854,4.06132295555016,0.09316001832485199,6,22,12,1.75
5,19,2607,00:00:00.8870000,20,25793,28463,415408733,427583723,114434380,542018103,23878193,565896296,6.933733841363417,3.442332382270475,0.06219344958662987,7,21,11,1.8181819
5,20,2624,00:00:01.3820000,25,51329,55792,844504981,871885889,211683426,1083569315,30603233,1114172548,7.391292234426738,2.553789554284238,0.04142389073967934,7,26,18,1.3888888
6,0,710,00:00:00.0310000,1,1,1,1007,1007,0,1007,1240,2247,1,1,0,0,1,1,0
6,1,795,00:00:00.0780000,1,1,1,2021,2021,0,2021,2443,4464,1,1,0,0,1,1,0
6,2,884,00:00:00.1090000,1,1,1,4017,4017,0,4017,5035,9052,1,1,0,0,1,1,0
6,3,971,00:00:00.1290000,2,2,2,8082,8082,2,8084,10061,18145,1.0029695619896066,1.0059567623163133,0,1,2,1,1
6,4,1058,00:00:00.1350000,2,2,2,15884,15884,216,16100,19948,36048,1.0119617224880382,1.024209477047459,0,1,2,1,1
6,5,1148,00:00:00.1390000,2,3,3,30745,30746,1359,32105,38736,70841,1.0457635387867945,1.095696488078765,0,1,2,1,1
6,6,1240,00:00:00.1410000,2,4,4,58586,58602,5683,64285,73853,138138,1.1339910558836581,1.3022103591161567,0,1,2,1,1
6,7,1326,00:00:00.1420000,2,9,10,110783,110846,17743,128589,131410,259999,1.2958305877255536,1.7141771899096383,0,1,2,1,1
6,8,1405,00:00:00.1440000,2,16,20,208513,208882,47445,256327,222043,478370,1.5007841237716593,1.9999952005426453,0,1,2,1,1
6,9,1484,00:00:00.1460000,3,28,37,392637,393489,122008,515497,377412,892909,1.68783380068613,1.7771969933413836,0,2,3,1,2
6,10,1565,00:00:00.1500000,4,62,82,726225,728788,296677,1025465,643257,1668722,1.832432097490447,1.4866309898350336,0.01019718125462532,2,4,2,1.5
6,11,1653,00:00:00.1650000,7,102,141,1342462,1347836,706750,2054586,1119690,3174276,1.967094785550727,1.3970749836632554,0.03050181455910206,2,7,5,1.2
6,12,1747,00:00:00.1770000,9,201,264,2476555,2491444,1620287,4111731,1950890,6062621,2.1410402757055667,1.6321679510239069,0.07787080854177475,2,9,7,1.1428572
6,13,1843,00:00:00.2020000,13,395,539,4639091,4674940,3555266,8230206,3331001,11561207,2.3841631905905705,2.2828565541713464,0.15073592960834503,3,13,10,1.2
6,14,1940,00:00:00.2510000,16,795,1075,8721039,8856154,7629534,16485688,5590458,22076146,2.639389297536681,2.664610622088095,0.23349222540855408,3,16,12,1.25
6,15,2039,00:00:00.3590000,26,1525,2074,16409817,16721918,16136734,32858652,9302535,42161187,2.898226165471559,2.735733928144149,0.28164929151535034,3,26,22,1.1363636
6,16,2139,00:00:00.5170000,33,2932,4000,31105783,32038699,33545705,65584404,15306467,80890871,3.2090027761075812,3.6376001159095233,0.31101828813552856,3,33,28,1.1428572
6,17,2235,00:00:00.8620000,50,5673,7700,60826550,63297285,67951848,131249133,24510711,155759844,3.611011359348837,6.566875364992339,0.3383522033691406,3,50,39,1.2564102
6,18,2322,00:00:01.3790000,61,11126,14909,123428482,129859533,134009303,263868836,37842983,301711819,4.132035748442568,11.771071885710242,0.38795432448387146,4,61,45,1.3333334
6,19,2395,00:00:02.3100000,69,22096,28807,255691757,273588562,254077974,527666536,55670309,583336845,4.754601209142616,14.021930045432322,0.3757760524749756,5,69,47,1.4468085
6,20,2451,00:00:03.8980000,80,45012,56331,555015661,600544832,457700396,1058245228,77363548,1135608776,5.583263444164326,13.147998430956234,0.32018041610717773,6,80,55,1.4363636
7,0,1136,00:00:00.0220000,1,1,1,1005,1005,0,1005,1187,2192,1,1,0,0,1,1,0
7,1,1225,00:00:00.0720000,1,1,1,2003,2003,0,2003,2479,4482,1,1,0,0,1,1,0
7,2,1311,00:00:00.1080000,1,1,1,4001,4001,0,4001,4980,8981,1,1,0,0,1,1,0
7,3,1395,00:00:00.1090000,1,2,2,8024,8025,4,8029,9806,17835,1,1,0,0,1,1,0
7,4,1485,00:00:00.1110000,2,3,3,15817,15820,223,16043,20189,36232,1.0013909085161534,1.0027857374319935,0,1,2,1,1
7,5,1579,00:00:00.1130000,3,3,3,30672,30672,1441,32113,40199,72312,1.0033255086071988,1.0066785045780535,0,1,3,2,1
7,6,1683,00:00:00.1800000,3,8,8,58150,58164,6224,64388,80625,145013,1.0087704213241617,1.0177329314284729,0.007624204270541668,1,3,2,1
7,7,1797,00:00:00.2110000,3,12,16,107434,107493,20776,128269,157980,286249,1.031200551035985,1.0648387690176713,0.02867875248193741,1,3,2,1
7,8,1919,00:00:00.2180000,4,19,27,197242,197523,59250,256773,299933,556706,1.1114823414891353,1.2559200524021683,0.06985044479370117,1,4,3,1
7,9,2037,00:00:00.2220000,6,34,54,365324,365981,147596,513577,530528,1044105,1.3231542411667452,1.91237219833234,0.15525148808956146,2,6,4,1.25
7,10,2138,00:00:00.2280000,8,66,99,696465,698867,330254,1029121,858527,1887648,1.6749499256961944,3.2008771284510766,0.2672198414802551,2,8,5,1.4
7,11,2220,00:00:00.2510000,12,114,166,1357219,1363471,693029,2056500,1298695,3355195,2.099796716668423,3.986125395553291,0.23939520120620728,2,12,9,1.2222222
7,12,2292,00:00:00.2690000,18,219,291,2657770,2667868,1446860,4114728,1933060,6047788,2.4858471575794745,3.1018699710725555,0.2192077934741974,3,18,13,1.3076923
7,13,2361,00:00:00.2880000,20,417,549,5124146,5160440,3050923,8211363,2921924,11133287,2.798205203364619,2.4992388201513758,0.24410715699195862,3,20,15,1.2666667
7,14,2430,00:00:00.3230000,22,807,1033,9906395,10031381,6470551,16501932,4523854,21025786,3.1166120470665666,2.8332716326565777,0.3153432309627533,4,22,15,1.4
7,15,2495,00:00:00.3840000,30,1508,1926,19377754,19628103,13231590,32859693,6950364,39810057,3.5130228714844867,4.6539238198542145,0.31210774183273315,4,30,20,1.45
7,16,2554,00:00:00.4880000,36,3003,3746,38716609,39507701,26237803,65745504,10475689,76221193,3.9933539634114132,7.614068669453995,0.3070751130580902,5,36,21,1.6666666
7,17,2607,00:00:00.6590000,39,5822,7186,78541491,81003645,51345085,132348730,15559143,147907873,4.521283190307655,7.734522519623804,0.3355892300605774,6,40,23,1.6956521
7,18,2652,00:00:00.9300000,43,11561,13966,160277265,166115740,96701732,262817472,22434828,285252300,5.113230756713998,8.70646262933091,0.27950891852378845,6,44,25,1.72
7,19,2689,00:00:01.3790000,42,23402,27515,334773987,350900107,176908482,527808589,31426990,559235579,5.812158392103506,9.788750432456007,0.32003360986709595,6,43,25,1.68
7,20,2719,00:00:02.2650000,51,47185,54226,695440769,732247684,317356158,1049603842,43052373,1092656215,6.462476156614281,8.720014964164145,0.29831016063690186,7,52,29,1.7586207
8,0,701,00:00:00.0290000,1,1,1,1010,1010,0,1010,1149,2159,1,1,0,0,1,1,0
8,1,787,00:00:00.0730000,1,1,1,2009,2009,0,2009,2338,4347,1,1,0,0,1,1,0
8,2,868,00:00:00.1090000,1,1,2,4017,4017,0,4017,4614,8631,1,1,0,0,1,1,0
8,3,954,00:00:00.1100000,1,1,3,8017,8017,5,8022,9757,17779,1,1,0,0,1,1,0
8,4,1043,00:00:00.1110000,1,3,5,15826,15830,208,16038,19785,35823,1,1,0,0,1,1,0
8,5,1138,00:00:00.1130000,1,5,7,30643,30713,1456,32169,40047,72216,1,1,0,0,1,1,0
8,6,1240,00:00:00.1140000,4,5,7,57900,57920,6141,64061,79289,143350,1.008860103626943,1.0179303569314404,0.007657228969037533,1,4,3,1
8,7,1355,00:00:00.1820000,4,10,13,107609,107707,20809,128516,157175,285691,1.0342722263007742,1.0717652303930272,0.03345491737127304,1,4,3,1
8,8,1476,00:00:00.2130000,5,22,29,197430,197554,59020,256574,297711,554285,1.1219216937648786,1.2887767926802987,0.10376279056072235,1,5,4,1
8,9,1593,00:00:00.2300000,5,43,55,364216,364943,147067,512010,526536,1038546,1.3154831199068684,1.9947879217780584,0.2691991329193115,1,5,4,1
8,10,1702,00:00:00.2400000,5,67,89,681968,685570,341107,1026677,881622,1908299,1.5597198109002182,3.37184072962145,0.47850796580314636,1,5,4,1
8,11,1808,00:00:00.2480000,11,114,156,1270703,1276557,774824,2051381,1454281,3505662,1.768768154320876,4.163685473233868,0.5520954132080078,2,11,8,1.25
8,12,1919,00:00:00.2670000,12,209,291,2340994,2359615,1749471,4109086,2437175,6546261,1.9448148948694444,4.29296725132627,0.6194751262664795,2,12,8,1.375
8,13,2033,00:00:00.2970000,15,411,570,4336281,4389547,3822960,8212507,4073779,12286286,2.1696324569371774,5.381392346856056,0.7001203298568726,2,15,11,1.2727273
8,14,2144,00:00:00.3740000,26,765,1095,8269017,8377292,8045277,16422569,6647603,23070172,2.491477282003411,8.218813336923002,0.6531709432601929,3,26,17,1.4705882
8,15,2247,00:00:00.4650000,29,1531,2101,16050495,16406924,16380828,32787752,10486718,43274470,2.8821513604409086,11.102264031821747,0.6083189845085144,3,29,20,1.4
8,16,2341,00:00:00.6330000,42,2934,3997,32046520,32881809,32818181,65699990,16112981,81812971,3.325589549192861,13.360021613391856,0.5662693977355957,4,42,28,1.4642857
8,17,2428,00:00:00.9140000,50,5695,7686,64138446,66472477,65610757,132083234,24476294,156559528,3.7682072465553658,13.080553294797845,0.5351843237876892,5,51,34,1.4705882
8,18,2507,00:00:01.3890000,63,11206,14801,129242331,134887240,128926060,263813300,36616822,300430122,4.252321323421503,12.671817825137055,0.5429341197013855,5,64,43,1.4651163
8,19,2577,00:00:02.3030000,66,22530,29023,263655692,280545636,248830965,529376601,53767989,583144590,4.812439516761883,12.118727458318148,0.530238687992096,6,67,44,1.5
8,20,2636,00:00:04.3740000,80,44845,56396,542939626,588152352,466109564,1054261916,76756723,1131018639,5.426986040248976,12.853221494720872,0.3810518682003021,6,81,50,1.6
