RepeatId,GenerationId,Generations,Time,SubcloneSelect,SubcloneAlive,SubcloneTotal,CellSelectCount,CellAliveCount,CellNecroCount,CellTumorCount,CellLostCount,CellTotalCount,MeanDriversPerCell,ClonalDiversity,TreeBalance,TreeDepth,NodeCount,LeafCount,Branching
0,0,1936,00:00:00.0450000,3,3,3,791,791,218,1009,3291,4300,1.8141592920353982,1.441432133002395,0,2,3,1,2
0,1,2203,00:00:00.0560000,2,2,4,1399,1399,605,2004,5818,7822,1.8749106504646176,1.2802195915853665,0,1,2,1,1
0,2,2523,00:00:00.0600000,2,2,4,2415,2415,1599,4014,10916,14930,1.951966873706004,1.1006571609744864,0,1,2,1,1
0,3,2881,00:00:00.0810000,3,5,7,4178,4181,3831,8012,20149,28161,1.9705600765916707,1.0699245465130303,0,2,3,1,2
0,4,3309,00:00:00.0880000,5,7,17,6950,6954,9057,16011,38762,54773,1.9910791366906475,1.0634259479170372,0,2,5,3,1.3333334
0,5,3833,00:00:00.1090000,7,20,42,11643,11678,20337,32015,75804,107819,2.033324744481663,1.1023884277730496,0.029154062271118164,2,7,5,1.2
0,6,4437,00:00:00.1310000,12,27,86,19467,19549,44515,64064,144675,208739,2.134124415677814,1.3313970403750162,0.07542000710964203,2,12,10,1.1
0,7,5117,00:00:00.1720000,19,49,157,33301,33542,94576,128118,269355,397473,2.388606948740278,2.304494421416902,0.18351250886917114,2,19,17,1.0588236
0,8,5837,00:00:00.2420000,31,70,299,57195,57484,198676,256160,483123,739283,2.76240930151237,3.927493905457858,0.30521655082702637,2,31,28,1.0714285
0,9,6592,00:00:00.3760000,31,159,571,96824,98388,413789,512177,844211,1356388,3.1023300008262416,4.284008173259116,0.3304766118526459,2,31,28,1.0714285
0,10,7389,00:00:00.6370000,52,286,1038,168258,172401,852438,1024839,1456975,2481814,3.5974634192727835,5.9355117102157715,0.299852579832077,4,52,42,1.2142857
0,11,8183,00:00:01.1090000,50,464,1776,297511,311521,1737229,2048750,2429048,4477798,4.29165644295505,7.773966547270999,0.3502840995788574,4,51,38,1.3157895
0,12,8915,00:00:01.8080000,50,916,3208,557276,586154,3510236,4096390,3819904,7916294,5.2495424170429015,7.393679705586694,0.48474204540252686,6,51,33,1.5151515
0,13,9622,00:00:03.0720000,47,1582,5659,1036847,1100446,7096898,8197344,5975970,14173314,6.166432463034566,3.894889100390619,0.2835821211338043,6,48,30,1.5666667
0,14,10266,00:00:05.1040000,44,2865,10103,2087127,2225343,14176394,16401737,9106426,25508163,7.54754071026823,2.820670572125585,0.24795937538146973,6,45,29,1.5172414
0,15,10876,00:00:08.6600000,45,5333,18529,3957201,4244305,28542451,32786756,13843094,46629850,8.502321969493083,3.4753180901099787,0.17925716936588287,6,46,30,1.5
0,16,11474,00:00:19.0220000,47,10340,34719,7637900,8336864,57229517,65566381,21187094,86753475,9.701593108053261,8.318558237553795,0.32600364089012146,5,48,30,1.5666667
0,17,12040,00:00:46.8570000,47,20011,65342,15341715,16875370,114329516,131204886,32227038,163431924,11.066687655193698,4.447594156657103,0.27409085631370544,7,48,29,1.6206896
0,18,12581,00:01:37.5660000,45,39412,124529,30209203,33788980,228598085,262387065,49001851,311388916,12.370632816761171,2.9880039872673465,0.14924809336662292,7,46,32,1.40625
0,19,13057,00:03:02.7380000,41,80032,238777,68505672,75717997,448804930,524522927,72292103,596815030,14.431595226158791,3.877429153649627,0.11418825387954712,7,42,30,1.3666667
0,20,13488,00:05:29.9110000,41,160042,462379,139650914,154647807,894987772,1049635579,106040060,1155675639,15.699654160516271,4.427560411442119,0.12261239439249039,6,41,30,1.3333334
9,0,4029,00:00:00.0670000,2,2,4,750,750,252,1002,6655,7657,1.0093333333333334,1.0188408151457613,0,1,2,1,1
9,1,4510,00:00:00.0810000,3,4,7,1316,1317,693,2010,11039,13049,1.0577507598784195,1.1223371477340016,0.009240265935659409,1,3,2,1
9,2,5075,00:00:00.0980000,5,7,13,2246,2248,1759,4007,19936,23943,1.2025823686553874,1.5042881178977412,0.08466163277626038,1,5,4,1
9,3,5639,00:00:00.1070000,6,6,19,3922,3922,4080,8002,34455,42457,1.4038755736868944,2.1411359004634183,0.1889759749174118,2,6,4,1.25
9,4,6210,00:00:00.1350000,8,16,38,6681,6699,9304,16003,58819,74822,1.7124681933842238,2.8362765044596916,0.24929602444171906,2,8,6,1.1666666
9,5,6741,00:00:00.1510000,13,24,58,11758,11795,20214,32009,95768,127777,2.064806939955775,3.026747668668212,0.26166850328445435,2,13,11,1.0909091
9,6,7278,00:00:00.1730000,15,34,94,20367,20444,43572,64016,156583,220599,2.4492561496538516,3.316914079173982,0.27687200903892517,3,15,11,1.2727273
9,7,7834,00:00:00.2090000,21,58,170,35128,35402,92604,128006,258854,386860,2.784872466408563,2.693955220937504,0.24074912071228027,3,21,16,1.25
9,8,8438,00:00:00.2710000,27,96,293,59881,60502,195505,256007,438247,694254,3.109467109767706,2.7092006992561366,0.22618764638900757,4,28,22,1.2272727
9,9,9087,00:00:00.3820000,34,159,522,102394,103810,408323,512133,749830,1261963,3.504492450729535,4.703952481065731,0.21295228600502014,4,35,27,1.2592592
9,10,9764,00:00:00.6070000,40,296,952,180574,184790,839989,1024779,1271363,2296142,4.023220397177888,6.419114626455719,0.3121001124382019,4,40,31,1.2580645
9,11,10443,00:00:01.0210000,42,542,1718,316533,328879,1719204,2048083,2087639,4135722,4.6351533647360625,3.80980815517004,0.30094659328460693,5,43,28,1.5
9,12,11121,00:00:01.6890000,45,961,3091,573872,608602,3490098,4098700,3380020,7478720,5.476792734268269,4.582370021347695,0.2930462062358856,4,46,30,1.5
9,13,11762,00:00:02.7870000,49,1657,5466,1096146,1168723,7029864,8198587,5334034,13532621,6.517089876713504,9.097923305083132,0.2711270749568939,5,50,34,1.4411764
9,14,12405,00:00:04.7700000,58,2949,9906,1994311,2139190,14253608,16392798,8482089,24874887,7.23768659953237,10.455824178360643,0.33870863914489746,5,59,41,1.4146341
9,15,13084,00:00:08.6000000,77,5458,18524,3555710,3910026,28884590,32794616,13788236,46582852,7.979653290060213,16.13133427097919,0.44893842935562134,5,78,53,1.4528302
9,16,13764,00:00:15.9400000,83,10294,35177,6690671,7563983,58008769,65572752,22108161,87680913,9.101309121312347,9.128500090592041,0.42139509320259094,5,84,54,1.537037
9,17,14439,00:00:38.3110000,76,19329,66635,12464379,14394229,116721328,131115557,35317181,166432738,10.054290951839638,4.6027269959605555,0.37645530700683594,5,77,55,1.3818182
9,18,15108,00:01:38.1630000,76,37592,127118,24488443,28935540,233309859,262245399,55947107,318192506,11.44410618510944,10.78818223851315,0.3410256505012512,5,77,58,1.3103448
9,19,15733,00:03:23.5170000,80,72997,244248,49311016,58125240,466280536,524405776,86627917,611033693,12.658639521846396,7.045599093812989,0.2881413698196411,5,81,56,1.4285715
9,20,16366,00:06:59.3130000,97,142126,474625,92537038,113676800,935588769,1049265569,135899852,1185165421,13.840682365476189,12.356854033700627,0.5027403831481934,5,98,67,1.4477612
10,0,3037,00:00:00.0400000,2,2,5,752,752,251,1003,5807,6810,1.0013297872340425,1.0026630958448064,0,1,2,1,1
10,1,3550,00:00:00.0530000,1,1,6,1290,1290,713,2003,10579,12582,1,1,0,0,1,1,0
10,2,4145,00:00:00.0610000,2,2,9,2239,2239,1763,4002,19774,23776,1.0031263957123715,1.006272313729068,0,1,2,1,1
10,3,4917,00:00:00.0880000,6,7,17,3762,3763,4241,8004,39782,47786,1.0204678362573099,1.0420119241424743,0.008644768968224525,1,6,5,1
10,4,5851,00:00:00.1160000,7,11,34,6307,6319,9690,16009,79965,95974,1.124781988267005,1.2989792183523121,0.11085999011993408,1,7,6,1
10,5,6746,00:00:00.1400000,11,19,59,10724,10748,21256,32004,141978,173982,1.460928757926147,2.940383659324729,0.3467281758785248,1,11,10,1
10,6,7550,00:00:00.1720000,15,26,96,18534,18586,45420,64006,234141,298147,1.8381353188734217,5.497149316339649,0.6091516613960266,2,15,12,1.1666666
10,7,8355,00:00:00.2260000,19,58,199,31561,31769,96263,128032,382111,510143,2.0989829219606477,6.497374085146661,0.5891606211662292,2,19,15,1.2
10,8,9181,00:00:00.3210000,25,101,352,54347,55154,201019,256173,626392,882565,2.5152998325574547,9.270773323230978,0.5411643385887146,3,25,17,1.4117647
10,9,10007,00:00:00.5000000,39,171,623,93893,95640,416639,512279,1021530,1533809,2.956311972138498,8.147511336779184,0.46731287240982056,3,40,30,1.3
10,10,10856,00:00:00.7630000,51,305,1096,162982,168056,856156,1024212,1673612,2697824,3.425623688505479,10.585121102676169,0.3978080451488495,4,52,39,1.3076923
10,11,11719,00:00:01.2650000,56,537,1927,284435,300272,1747938,2048210,2742597,4790807,4.040923233779247,11.16041347155163,0.5206653475761414,4,57,42,1.3333334
10,12,12525,00:00:02.1080000,68,942,3361,523196,559126,3538407,4097533,4273202,8370735,4.948583322502466,14.690254283709452,0.4559178650379181,4,69,48,1.4166666
10,13,13291,00:00:03.5650000,53,1667,5981,951246,1038415,7159358,8197773,6609159,14806932,5.764097825378504,4.817736832984374,0.4009552597999573,5,54,35,1.5142857
10,14,14088,00:00:06.2050000,75,2894,10750,1686527,1868012,14517151,16385163,10486716,26871879,6.406301826178887,6.332829346767504,0.507147490978241,5,76,56,1.3392857
10,15,14876,00:00:11.1650000,84,5260,19650,3249814,3659929,29136989,32796918,16596331,49393249,7.654344217853699,6.898851515035673,0.37036892771720886,5,85,64,1.3125
10,16,15574,00:00:24.6040000,52,10105,36127,6890587,7623410,57927734,65551144,25135977,90687121,9.229677819901266,4.926244376827384,0.2220803052186966,5,53,37,1.4054054
10,17,16220,00:00:57.4520000,41,18985,67192,13462481,14970589,116169424,131140013,37788400,168928413,10.288531363572584,3.7440053710528445,0.09467479586601257,5,42,33,1.2424242
10,18,16894,00:02:02.3690000,64,36359,128117,23262268,27517915,234865119,262383034,58693114,321076148,10.967462329984333,5.792592905683585,0.10548087954521179,6,65,54,1.1851852
10,19,17604,00:04:15.9370000,109,70898,247085,41004397,52491247,471953938,524445185,93532853,617978038,12.044088491290337,19.983773386895813,0.4380795657634735,5,109,78,1.3846154
10,20,18253,00:08:10.5020000,71,143361,477509,94381370,116485687,933303648,1049789335,143640198,1193429533,14.18607876745167,7.047371786139395,0.24096615612506866,6,72,45,1.5777777
11,0,3066,00:00:00.0950000,2,2,3,761,761,244,1005,4478,5483,1.002628120893561,1.0052701094741847,0,1,2,1,1
11,1,3558,00:00:00.1190000,1,1,3,1266,1266,735,2001,9202,11203,1,1,0,0,1,1,0
11,2,4178,00:00:00.1310000,1,1,4,2206,2206,1796,4002,18910,22912,1,1,0,0,1,1,0
11,3,4978,00:00:00.1790000,2,4,11,3681,3686,4323,8009,39963,47972,1.0024449877750612,1.004901920766417,0,1,2,1,1
11,4,5863,00:00:00.2100000,6,9,35,6274,6284,9720,16004,77997,94001,1.0525980235894166,1.113168873775062,0.04448097571730614,1,6,5,1
11,5,6864,00:00:00.2760000,11,20,66,10555,10582,21420,32002,148247,180249,1.3290383704405495,2.1078500114113954,0.24692001938819885,1,11,10,1
11,6,7725,00:00:00.3160000,17,33,121,18364,18461,45549,64010,245556,309566,1.7437922021346113,5.192252891045135,0.48708590865135193,2,17,14,1.1428572
11,7,8570,00:00:00.3840000,24,62,208,31162,31427,96600,128027,401502,529529,2.0140555805147295,5.7806387781707755,0.571243405342102,2,24,20,1.15
11,8,9446,00:00:00.4970000,33,113,378,53434,54329,201760,256089,661111,917200,2.3761837032600965,9.128914511585954,0.5227148532867432,3,33,27,1.1851852
11,9,10291,00:00:00.6750000,45,164,633,94647,96547,415501,512048,1063431,1575479,3.0188806829587835,12.526740327113593,0.452995628118515,4,46,33,1.3636364
11,10,11057,00:00:00.9390000,40,288,1060,174065,179466,845531,1024997,1649185,2674182,3.8537557808864507,5.1630647071671865,0.2826852798461914,4,41,29,1.3793104
11,11,11762,00:00:01.3250000,37,496,1819,315154,326139,1723601,2049740,2499860,4549600,4.581284070644828,3.525108923585282,0.16513480246067047,4,38,27,1.3703704
11,12,12492,00:00:02.0730000,35,883,3227,538390,569455,3529407,4098862,3900791,7999653,5.024159066847453,2.852721211409653,0.20717249810695648,3,36,27,1.2962962
11,13,13289,00:00:03.6340000,72,1564,5810,928488,998598,7196348,8194946,6338923,14533869,5.505143846770233,6.19388484521432,0.22560696303844452,4,73,59,1.220339
11,14,14139,00:00:06.6030000,99,2837,10671,1587299,1790174,14598989,16389163,10477239,26866402,6.139922598073835,18.66137391659759,0.43304577469825745,4,100,77,1.2857143
11,15,15016,00:00:16.5600000,118,5278,19943,2817419,3326981,29442946,32769927,17285207,50055134,7.024078420710587,24.61391261668809,0.4281998574733734,5,119,82,1.4390244
11,16,15845,00:00:41.8340000,93,9914,37065,5750311,6764341,58810942,65575283,27454642,93029925,8.52223836241205,8.631104559094977,0.2882364094257355,6,94,63,1.4761904
11,17,16591,00:01:24.1010000,59,18592,68961,11739148,13610370,117558734,131169104,41980816,173149920,9.761613193734332,5.469741248654476,0.20579491555690765,5,60,44,1.3409091
11,18,17319,00:02:39.9080000,80,35311,130404,22578505,26668218,235649801,262318019,64520558,326838577,10.868710040810939,12.320174626495884,0.21270537376403809,7,81,55,1.4545455
11,19,17999,00:04:49.8140000,78,70389,249024,46261759,56143343,468568071,524711414,97800048,622511462,12.52445169670267,13.196284479186826,0.2540450990200043,7,79,50,1.56
11,20,18621,00:08:37.2750000,88,139877,477464,95619640,115957862,932794405,1048752267,146221679,1194973946,13.973497390285091,14.882741499754449,0.2956477701663971,6,89,63,1.3968254
12,0,3659,00:00:00.0990000,2,2,5,773,773,232,1005,6099,7104,1.0245795601552394,1.050365948915474,0,1,2,1,1
12,1,4179,00:00:00.1250000,3,3,6,1327,1327,677,2004,10754,12758,1.1039939713639788,1.229509221189754,0.011086956597864628,1,3,2,1
12,2,4778,00:00:00.1560000,3,4,12,2312,2313,1695,4008,19862,23870,1.2975778546712802,1.7446915338303681,0.087825246155262,1,3,2,1
12,3,5255,00:00:00.1720000,6,8,21,4049,4051,3955,8006,31771,39777,1.5690293899728327,2.196159931158313,0.13627004623413086,2,6,4,1.25
12,4,5752,00:00:00.2170000,7,13,32,6844,6858,9146,16004,52884,68888,1.809614260666277,1.919934843792979,0.2677871584892273,2,7,5,1.2
12,5,6311,00:00:00.2430000,10,15,51,11579,11595,20445,32040,92484,124524,1.9493047758873823,1.6438287430895258,0.2895292341709137,2,10,7,1.2857143
12,6,6932,00:00:00.2830000,12,30,101,19472,19552,44460,64012,162703,226715,2.0974219391947413,1.8184117785244294,0.30311471223831177,2,12,9,1.2222222
12,7,7618,00:00:00.3540000,21,61,182,33009,33291,94808,128099,289076,417175,2.4073434517858767,2.988419729921583,0.28122612833976746,3,21,17,1.1764706
12,8,8311,00:00:00.4590000,28,94,299,57637,58428,197673,256101,494416,750517,2.881360931346184,4.534571226268078,0.2736057639122009,4,29,22,1.2727273
12,9,8993,00:00:00.6670000,32,175,536,102539,104607,407566,512173,820671,1332844,3.4955480353816597,5.530639858833747,0.2715076804161072,4,33,24,1.3333334
12,10,9641,00:00:00.9260000,33,298,919,185619,190827,833989,1024816,1320218,2345034,4.255006222423351,4.022418676074522,0.19398479163646698,5,34,23,1.4347826
12,11,10264,00:00:01.3510000,39,480,1628,331012,342748,1706348,2049096,2063971,4113067,4.875134436213793,2.521310887995741,0.17059326171875,5,40,27,1.4444444
12,12,10909,00:00:02.0920000,38,870,2927,590166,621465,3476268,4097733,3297759,7395492,5.56489699508274,4.0703836327988485,0.1150425523519516,5,39,30,1.2666667
12,13,11548,00:00:03.4700000,50,1581,5295,1095678,1163428,7033706,8197134,5250854,13447988,6.484821270482751,5.13024269370139,0.17854177951812744,5,51,39,1.2820513
12,14,12181,00:00:06.0850000,54,3031,9964,2064703,2206542,14193380,16399922,8342671,24742593,7.4687090588815925,5.2296327472686785,0.1949480026960373,6,55,44,1.2272727
12,15,12783,00:00:13.1360000,43,5497,18455,4007238,4320128,28463103,32783231,13003699,45786930,8.634205405319076,2.859364197279843,0.3487356901168823,5,44,34,1.2647059
12,16,13395,00:00:30.8190000,52,10380,34639,7258656,7960237,57621742,65581979,20546214,86128193,9.344329032812686,2.883305530404764,0.17884564399719238,4,53,44,1.1818181
12,17,14053,00:01:06.6590000,73,19545,65972,12521401,14513603,116560566,131074169,33456857,164531026,10.054488311651388,5.490450129741073,0.18262505531311035,5,74,58,1.2586207
12,18,14731,00:02:14.8080000,95,37343,126291,23292933,28220353,233972526,262192879,54361949,316554828,11.264817874159514,18.90209769498124,0.41629907488822937,4,95,67,1.4029851
12,19,15373,00:04:22.2070000,72,73502,244305,47692446,57501119,466863651,524364770,85794858,610159628,12.669594824304042,11.145730654521135,0.3584118187427521,5,72,46,1.5434783
12,20,16008,00:08:25.4340000,74,141755,474100,91300242,112369197,936242252,1048611449,135228128,1183839577,13.745843280459212,11.888149040771268,0.2909735441207886,7,75,52,1.4230769
13,0,3211,00:00:00.0570000,4,4,5,775,775,226,1001,7114,8115,1.3664516129032258,1.8875409729765769,0.06570065766572952,2,4,2,1.5
13,1,3570,00:00:00.0810000,4,4,6,1348,1348,659,2007,10549,12556,1.6313056379821957,2.470885332062459,0.0778365433216095,2,4,2,1.5
13,2,3943,00:00:00.0880000,5,5,7,2385,2385,1628,4013,16427,20440,1.9962264150943396,2.880342903167003,0.05205872282385826,3,5,2,2
13,3,4265,00:00:00.0940000,6,8,13,4240,4245,3758,8003,24840,32843,2.3365566037735848,2.6036878456718444,0.044694557785987854,3,6,3,1.6666666
13,4,4579,00:00:00.1180000,7,13,21,7547,7568,8450,16018,38189,54207,2.6028885649927123,1.9826338348947898,0.049814194440841675,3,7,4,1.5
13,5,4933,00:00:00.1290000,10,22,39,12869,12922,19106,32028,63050,95078,2.7774496852902324,1.5778127479740265,0.03069128654897213,3,10,7,1.2857143
13,6,5352,00:00:00.1460000,12,36,67,21443,21553,42513,64066,111583,175649,2.925616751387399,1.3167463947411897,0.03923312947154045,3,12,9,1.2222222
13,7,5836,00:00:00.1760000,15,59,127,36354,36649,91475,128124,201348,329472,3.0432414589866315,1.322172337073831,0.018924877047538757,3,16,13,1.1538461
13,8,6394,00:00:00.2300000,20,92,227,61119,62076,194063,256139,367966,624105,3.2510348664081548,1.8611553031125343,0.19753795862197876,3,20,17,1.117647
13,9,7010,00:00:00.3330000,35,168,452,104391,106406,405806,512212,664022,1176234,3.6247377647498347,4.51784278382108,0.38274550437927246,3,35,29,1.1724138
13,10,7658,00:00:00.5310000,47,289,863,183940,189335,835545,1024880,1165598,2190478,4.192464934217679,10.868446919054197,0.4872710108757019,3,47,38,1.2105263
13,11,8266,00:00:00.8620000,52,489,1529,342313,354392,1694788,2049180,1888839,3938019,5.131008755145145,6.749268659914644,0.42533668875694275,4,52,38,1.3421053
13,12,8840,00:00:01.4150000,42,923,2848,637576,665273,3435054,4100327,2988712,7089039,6.0315538853407284,3.5632557465154844,0.24322094023227692,4,42,30,1.3666667
13,13,9429,00:00:02.3460000,38,1615,5203,1133807,1199250,6999385,8198635,4797187,12995822,6.637539722368975,3.878413162040101,0.24857355654239655,4,39,26,1.4615384
13,14,10076,00:00:04.2570000,50,2884,9688,1939189,2103011,14285317,16388328,7971573,24359901,7.106192846597212,4.561365782449829,0.3126522898674011,4,51,37,1.3513514
13,15,10783,00:00:08.1770000,76,5394,18501,3336465,3793825,29002502,32796327,13497456,46293783,7.755500207555002,12.786324649629929,0.37455013394355774,5,77,53,1.4339622
13,16,11497,00:00:15.7860000,105,10282,34902,6514524,7483281,58114830,65598111,22233119,87831230,9.147257573999267,23.434254248954357,0.34109824895858765,7,106,75,1.4
13,17,12042,00:00:37.2130000,36,20778,65125,16565007,18094671,113139262,131233933,32773008,164006941,11.627437585749284,1.9881771304006173,0.2287214696407318,7,37,23,1.5652174
13,18,12569,00:01:25.7880000,21,38825,124022,29948711,32839456,229447232,262286688,49225542,311512230,12.059670514700949,1.6855325334578481,0.24386738240718842,5,22,16,1.3125
13,19,13178,00:03:14.3980000,47,73714,241027,46911548,57261005,467352282,524613287,79249290,603862577,12.4037126849875,2.9328941464023046,0.3803943395614624,3,47,39,1.1794872
13,20,13835,00:06:56.9790000,103,144193,471718,78922255,109290420,940368985,1049659405,130186818,1179846223,13.510688132263834,17.976843978232527,0.38721907138824463,5,104,74,1.3918918
14,0,3661,00:00:00.0440000,2,2,5,763,763,239,1002,7840,8842,1.0760157273918742,1.1634328081593153,0,1,2,1,1
14,1,4125,00:00:00.0580000,3,3,7,1326,1326,680,2006,12062,14068,1.1312217194570136,1.297580417980361,0.030767779797315598,1,3,2,1
14,2,4727,00:00:00.0760000,4,6,13,2248,2250,1751,4001,21479,25480,1.3265124555160142,1.827837964821702,0.07715482264757156,1,4,3,1
14,3,5225,00:00:00.0840000,5,7,21,3949,3951,4050,8001,34416,42417,1.6153456571283868,2.0468462712121727,0.1198120266199112,2,5,3,1.3333334
14,4,5729,00:00:00.1120000,8,11,35,6853,6866,9136,16002,55978,71980,1.8561214066832044,1.735078836689416,0.08804800361394882,2,8,6,1.1666666
14,5,6253,00:00:00.1270000,10,18,56,11910,11939,20089,32028,92516,124544,2.107808564231738,1.7876982720689674,0.08611001074314117,2,10,8,1.125
14,6,6808,00:00:00.1480000,12,25,92,20032,20129,43878,64007,155387,219394,2.404702476038339,2.3648849662152758,0.08496897667646408,3,12,9,1.2222222
14,7,7383,00:00:00.1830000,16,44,147,34505,34698,93358,128056,261763,389819,2.713548761049123,2.335303334272535,0.11524505913257599,3,16,13,1.1538461
14,8,8010,00:00:00.2400000,20,89,271,58783,59415,196736,256151,448443,704594,2.9914941394620893,2.0716580630887846,0.11626223474740982,4,21,17,1.1764706
14,9,8679,00:00:00.3440000,23,143,469,102624,104423,407644,512067,768182,1280249,3.504579825381977,3.6432037149103347,0.2387787103652954,3,23,18,1.2222222
14,10,9310,00:00:00.5380000,28,257,839,190226,194062,829955,1024017,1248735,2272752,4.369287058551407,5.569566891081283,0.24861174821853638,4,28,21,1.2857143
14,11,9915,00:00:00.8220000,27,471,1542,335338,345552,1703638,2049190,1975201,4024391,4.940501822042238,3.586738570710248,0.24434594810009003,5,28,20,1.35
14,12,10564,00:00:01.4050000,38,849,2831,589873,614336,3482696,4097032,3218718,7315750,5.489423994656477,5.4933935938340746,0.3064599633216858,5,38,26,1.4230769
14,13,11195,00:00:02.4250000,43,1649,5269,1145765,1203912,6991584,8195496,5138375,13333871,6.7457646201446195,10.241771429727727,0.31769177317619324,6,44,30,1.4333333
14,14,11769,00:00:04.3870000,47,2964,9640,2202279,2329281,14055549,16384830,7945300,24330130,7.789576161785132,4.65145852149759,0.2196175456047058,6,48,34,1.382353
14,15,12366,00:00:10.0590000,50,5440,17944,3898857,4247022,28530625,32777647,12579192,45356839,8.463732832468592,5.611912855350206,0.2543402910232544,5,51,38,1.3157895
14,16,12988,00:00:26.7390000,58,10264,34119,7053830,7971580,57606853,65578433,20225687,85804120,9.372140950377313,9.374618935222433,0.23521266877651215,5,59,42,1.3809524
14,17,13625,00:01:01.8460000,77,19569,65300,13013989,15036066,116045593,131081659,32705164,163786823,10.307539217990733,12.0382481606753,0.30492252111434937,6,78,50,1.54
14,18,14257,00:02:06.8860000,71,38050,125560,25728363,30338502,232058960,262397462,52197386,314594848,11.754011127719242,17.90685743187512,0.3153010308742523,6,72,47,1.5106384
14,19,14812,00:03:51.9640000,52,75919,241396,56986641,65599194,458766606,524365800,79383643,603749443,13.498152417862284,3.0958451849457034,0.1563127636909485,7,53,37,1.4054054
14,20,15362,00:07:13.0070000,65,146065,467885,105777776,123953367,925206763,1049160130,122445055,1171605185,14.273676334431535,2.9973284200711143,0.09359283745288849,7,66,52,1.25
15,0,2455,00:00:00.1200000,3,3,8,757,757,246,1003,5579,6582,1.2166446499339498,1.5176929691455447,0.028116101399064064,1,3,2,1
15,1,2811,00:00:00.1760000,3,4,9,1350,1351,653,2004,8845,10849,1.4155555555555555,2.006261428163609,0.11562468111515045,1,3,2,1
15,2,3231,00:00:00.1980000,5,7,14,2344,2347,1661,4008,15286,19294,1.5763651877133107,2.057860704200655,0.09273361414670944,2,5,3,1.3333334
15,3,3692,00:00:00.2650000,6,10,22,4000,4011,3992,8003,27344,35347,1.76225,1.875319386673162,0.16523069143295288,2,6,3,1.6666666
15,4,4154,00:00:00.2990000,9,10,36,6942,6943,9059,16002,47365,63367,1.9880437914145779,1.663389398483132,0.1959480494260788,3,9,5,1.6
15,5,4641,00:00:00.3420000,10,20,60,11906,11939,20109,32048,81498,113546,2.1839408701495047,1.9382882570012834,0.18646366894245148,3,10,6,1.5
15,6,5159,00:00:00.4150000,16,37,106,20694,20774,43294,64068,140274,204342,2.593795302986373,3.242167923365033,0.22928282618522644,4,16,10,1.5
15,7,5643,00:00:00.4870000,16,49,150,37346,37583,90518,128101,228852,356953,3.2394098430889517,4.370547826290931,0.28930944204330444,4,16,10,1.5
15,8,6097,00:00:00.5570000,16,85,260,67399,68157,188193,256350,363530,619880,3.9506669238416,3.5723789373140287,0.2501198351383209,5,17,10,1.6
15,9,6547,00:00:00.6610000,16,138,430,119581,121679,390368,512047,578408,1090455,4.538471830809242,2.7355840405389467,0.14599519968032837,5,17,11,1.4545455
15,10,7018,00:00:00.8820000,26,240,762,210260,213966,810774,1024740,932688,1957428,4.98715875582612,2.5290017597836845,0.09058184176683426,6,27,20,1.3
15,11,7536,00:00:01.1770000,29,487,1438,360964,372567,1677543,2050110,1558259,3608369,5.4268874458394745,3.483114842040072,0.0966334342956543,4,30,25,1.16
15,12,8091,00:00:01.7720000,42,871,2704,640817,670036,3427238,4097274,2624674,6721948,6.029081625487463,5.633207814209787,0.1773267388343811,4,42,34,1.2058823
15,13,8664,00:00:02.9270000,52,1598,5067,1177110,1241857,6957646,8199503,4380880,12580383,6.891306674822234,6.582235368919126,0.18081134557724,5,53,37,1.4054054
15,14,9238,00:00:05.2190000,51,2972,9458,2182279,2319751,14068225,16387976,7190887,23578863,7.754788457387896,5.876177091826802,0.25014156103134155,4,51,36,1.3888888
15,15,9837,00:00:12.0130000,48,5535,17947,3851452,4229699,28540243,32769942,11837551,44607493,8.442821824080893,4.261643635847936,0.2522059679031372,5,49,34,1.4117647
15,16,10481,00:00:30.8820000,75,10479,34434,6773337,7671006,57926630,65597636,19759452,85357088,9.110202253335395,4.038253265616603,0.2658955454826355,5,76,57,1.3157895
15,17,11164,00:01:10.0580000,93,19851,66327,11867655,14223717,116948287,131172004,33126664,164298668,9.941782180220102,12.424505870602783,0.4507492482662201,5,94,67,1.3880597
15,18,11827,00:02:21.0750000,82,38896,127588,24951150,30252258,231970927,262223185,53486189,315709374,11.888916021906805,10.221799083504601,0.3847731947898865,6,83,55,1.4909091
15,19,12351,00:04:06.2300000,45,77347,242609,61144509,68472425,456156673,524629098,79162842,603791940,13.765258021779191,1.588406635867506,0.1891314536333084,6,46,31,1.451613
15,20,12893,00:07:33.8230000,48,146025,469603,106092754,123947667,925779129,1049726796,121711375,1171438171,14.225819588018236,1.7344149351633875,0.13693973422050476,5,49,39,1.2307693
16,0,3091,00:00:00.0850000,3,3,5,761,761,242,1003,6134,7137,1.0367936925098555,1.0764951503401325,0.01325829979032278,1,3,2,1
16,1,3578,00:00:00.1220000,3,3,6,1316,1316,689,2005,10671,12676,1.0828267477203648,1.1828889936486127,0.06900661438703537,1,3,2,1
16,2,4175,00:00:00.1370000,5,7,12,2294,2297,1712,4009,19950,23959,1.2977332170880558,1.8466463336675916,0.18393394351005554,2,5,3,1.3333334
16,3,4682,00:00:00.1540000,5,7,18,4010,4014,3992,8006,33061,41067,1.5478802992518703,2.812629323462172,0.35416078567504883,2,5,3,1.3333334
16,4,5193,00:00:00.1950000,6,13,33,6834,6849,9157,16006,55124,71130,1.8577699736611062,3.1978030830215745,0.4452347457408905,2,6,4,1.25
16,5,5711,00:00:00.2190000,9,19,52,11752,11776,20249,32025,91336,123361,2.142018379850238,3.3993891573481507,0.33506786823272705,2,9,7,1.1428572
16,6,6234,00:00:00.2510000,11,22,82,20477,20547,43484,64031,151060,215091,2.48664355130146,2.855743234177342,0.25823959708213806,3,11,8,1.25
16,7,6784,00:00:00.2950000,14,52,152,35191,35347,92668,128015,252429,380444,2.7811940552982297,1.8869138865377455,0.20931130647659302,4,14,9,1.4444444
16,8,7389,00:00:00.3770000,16,78,272,59861,60517,195803,256320,432437,688757,3.1411937655568734,1.8174588400151737,0.1458427608013153,5,17,12,1.3333334
16,9,7965,00:00:00.5070000,23,162,505,111571,113776,398780,512556,707237,1219793,4.103933817927597,3.3034075534314065,0.08171749114990234,5,24,18,1.2777778
16,10,8454,00:00:00.7220000,25,279,849,210843,215031,809214,1024245,1073742,2097987,5.06755263395038,2.8505036916430266,0.086468406021595,5,26,19,1.3157895
16,11,8937,00:00:01.0260000,24,479,1473,382669,392465,1657736,2050201,1655567,3705768,5.759173071244339,3.8594861941948904,0.15167386829853058,5,24,16,1.4375
16,12,9435,00:00:01.5590000,32,901,2692,697118,720836,3380532,4101368,2611733,6713101,6.539370666085225,5.078846468584733,0.14167512953281403,5,32,22,1.4090909
16,13,9893,00:00:02.4260000,29,1709,4846,1426492,1486545,6713370,8199915,4008146,12208061,8.139069830044614,5.283066873698181,0.17815165221691132,5,29,19,1.4736842
16,14,10287,00:00:03.8390000,25,3306,9045,2894156,3015409,13380819,16396228,5924580,22320808,9.450421124500545,3.0968120944019044,0.09405208379030228,5,25,19,1.2631578
16,15,10696,00:00:06.6470000,28,6118,17069,5242699,5511327,27284540,32795867,9112326,41908193,10.079290647813274,3.101150625834268,0.07223321497440338,6,29,22,1.2727273
16,16,11154,00:00:14.8290000,35,11378,32572,8967220,9733173,55834471,65567644,14777446,80345090,10.548839328130681,4.501498820846185,0.09362035989761353,4,36,29,1.2068965
16,17,11673,00:00:38.7690000,62,21187,62707,15101321,17198986,113967787,131166773,24935362,156102135,11.04512386697826,7.229805764734242,0.2136879712343216,4,62,47,1.2978723
16,18,12239,00:01:33.2380000,88,40414,122357,26256279,31918017,230418279,262336296,42490228,304826524,11.924236179848638,19.08180779771506,0.47741571068763733,4,88,64,1.359375
16,19,12807,00:03:20.0640000,89,77853,237972,50354481,62914608,461559935,524474543,70326241,594800784,13.179535481658524,12.84653238300885,0.44181451201438904,5,89,58,1.5172414
16,20,13378,00:06:44.2410000,101,150186,465895,98511446,122924848,926772299,1049697147,114765217,1164462364,14.333222060307591,9.426128486407384,0.41240233182907104,6,102,64,1.578125
17,0,3436,00:00:00.0420000,3,3,4,739,739,262,1001,6767,7768,1.006765899864682,1.013638401323137,0,1,3,2,1
17,1,3989,00:00:00.0670000,3,4,8,1299,1300,707,2007,11959,13966,1.0100076982294073,1.0202526360500972,0,1,3,2,1
17,2,4587,00:00:00.0750000,5,5,11,2249,2249,1752,4001,21340,25341,1.0680302356602935,1.146467682483579,0.02206931822001934,1,5,4,1
17,3,5239,00:00:00.1010000,4,8,19,3817,3822,4181,8003,38087,46090,1.2263557767880535,1.5633628403481377,0.08123292028903961,1,4,3,1
17,4,5879,00:00:00.1140000,7,13,31,6642,6660,9344,16004,65109,81113,1.5538994278831677,2.5018013317770613,0.1950867772102356,2,7,5,1.2
17,5,6493,00:00:00.1320000,10,22,57,11342,11380,20629,32009,108183,140192,1.8658966672544526,2.5116287246816693,0.26490020751953125,2,10,7,1.2857143
17,6,7121,00:00:00.1570000,17,34,93,19553,19609,44418,64027,179825,243852,2.2057996215414515,2.7494846180977044,0.2553006708621979,3,17,13,1.2307693
17,7,7739,00:00:00.1980000,20,65,178,34385,34604,93496,128100,293375,421475,2.673491347971499,3.4920507238534877,0.2027038335800171,3,20,16,1.1875
17,8,8335,00:00:00.2630000,22,99,299,60817,61618,194630,256248,469562,725810,3.216123781179604,3.421818227814034,0.1569836288690567,3,22,18,1.1666666
17,9,8940,00:00:00.3670000,27,162,538,105487,107293,404846,512139,759353,1271492,3.6921421596974033,2.250695941308619,0.10216519981622696,4,28,24,1.125
17,10,9596,00:00:00.5910000,32,253,910,180110,184475,839629,1024104,1265698,2289802,4.008000666259508,1.872800875503494,0.08157466351985931,4,33,28,1.1428572
17,11,10313,00:00:00.9500000,41,449,1678,305918,319184,1730706,2049890,2132654,4182544,4.415951333363843,3.367221906299729,0.20529668033123016,3,41,33,1.2121212
17,12,11058,00:00:01.6170000,54,813,3038,538134,571701,3525695,4097396,3556488,7653884,5.059122820710083,13.830814223187202,0.32386016845703125,4,54,43,1.2325581
17,13,11816,00:00:02.9160000,58,1543,5546,966250,1042091,7152865,8194956,5873542,14068498,5.795439068564036,12.26019958257573,0.32585734128952026,4,59,43,1.3488373
17,14,12597,00:00:05.4590000,61,2902,10249,1716006,1899501,14490329,16389830,9677571,26067401,6.509962086379652,9.957202419804121,0.31154632568359375,5,62,41,1.4878049
17,15,13353,00:00:11.1580000,57,5535,19184,3428946,3825889,28957809,32783698,15529663,48313361,7.937685516190689,4.8751879828062705,0.40226563811302185,4,58,40,1.425
17,16,14025,00:00:29.4830000,58,10273,35490,6848706,7596682,57951222,65547904,23762230,89310134,9.122139569139046,2.237718729264512,0.2338084727525711,4,59,46,1.2608696
17,17,14691,00:01:05.3160000,66,19167,66971,13041079,14800188,116384167,131184355,36782547,167966902,10.225515695442072,7.601485363078844,0.22413724660873413,4,67,52,1.2692307
17,18,15346,00:02:13.0540000,76,37024,127568,24176352,28488901,233814442,262303343,57067776,319371119,11.238761042195282,10.818588887976892,0.41785189509391785,4,76,58,1.2931035
17,19,16032,00:04:27.5940000,113,71393,246537,42471929,53160395,471576776,524737171,90814053,615551224,12.05872959054909,18.92524026379757,0.44888243079185486,6,113,86,1.3023256
17,20,16710,00:08:38.9300000,107,141993,477563,84601508,111114624,938099381,1049214005,143246939,1192460944,13.860185447285408,19.450044235227114,0.4380580484867096,6,108,80,1.3375
18,0,3708,00:00:00.0430000,3,3,5,753,753,248,1001,7252,8253,1.00398406374502,1.008006979855524,0,1,3,2,1
18,1,4208,00:00:00.0650000,1,1,9,1291,1291,710,2001,11858,13859,1,1,0,0,1,1,0
18,2,4857,00:00:00.0730000,2,3,15,2191,2192,1814,4006,22111,26117,1.002738475581926,1.0054919498736294,0,1,2,1,1
18,3,5666,00:00:00.1100000,2,6,29,3767,3773,4228,8001,42818,50819,1.0230953013007698,1.0472562147909876,0,1,2,1,1
18,4,6539,00:00:00.1290000,6,13,47,6184,6194,9818,16012,80602,96614,1.1246765847347995,1.2894716662436905,0.06230063736438751,1,6,5,1
18,5,7422,00:00:00.1550000,10,17,69,10798,10827,21187,32014,141898,173912,1.5213002407853307,2.45067711239132,0.18646986782550812,2,10,8,1.125
18,6,8202,00:00:00.1890000,13,30,122,18485,18555,45461,64016,231005,295021,1.8641601298350015,2.1798732271912993,0.28156399726867676,2,13,11,1.0909091
18,7,8990,00:00:00.2430000,15,60,210,31891,32243,95780,128023,375562,503585,2.1327647298610892,2.279963110073971,0.29791030287742615,3,15,12,1.1666666
18,8,9775,00:00:00.3330000,27,100,346,55706,56556,199621,256177,607930,864107,2.74627508706423,5.351262761001691,0.2689116597175598,3,27,20,1.3
18,9,10447,00:00:00.4770000,30,205,582,103037,105090,406962,512052,928542,1440594,3.56613643642575,3.637289512917533,0.2497524619102478,4,31,21,1.4285715
18,10,11113,00:00:00.6750000,28,308,979,179675,185459,839531,1024990,1444452,2469442,4.048904967302073,2.6310908742328367,0.23877212405204773,5,29,18,1.5555556
18,11,11801,00:00:01.0520000,45,503,1692,315763,326893,1722756,2049649,2273222,4322871,4.597166229102206,4.748901395608036,0.4505176842212677,5,46,32,1.40625
18,12,12476,00:00:01.7020000,53,890,3086,587796,613269,3483806,4097075,3559044,7656119,5.514790845803646,7.7851216385165385,0.36210739612579346,4,54,40,1.325
18,13,13123,00:00:02.8120000,41,1562,5528,1087702,1151993,7043378,8195371,5535174,13730545,6.448946494536187,6.167589534030279,0.35509437322616577,5,42,30,1.3666667
18,14,13750,00:00:04.7580000,34,2933,10158,2107939,2254904,14133857,16388761,8588858,24977619,7.653379438399308,4.645285044291255,0.20937195420265198,6,35,23,1.4782609
18,15,14322,00:00:07.9940000,31,5470,18489,4147607,4444884,28329312,32774196,13015833,45790029,8.779623045288524,1.6945262163395114,0.09402301162481308,6,32,22,1.4090909
18,16,14928,00:00:14.6210000,44,10309,34638,7165215,7941241,57619693,65560934,20499959,86060893,9.300750919546728,2.140097653637785,0.06735971570014954,5,45,35,1.2571429
18,17,15587,00:00:39.2540000,77,19587,66215,12430430,14625710,116520272,131145982,33414981,164560963,10.113204772481724,8.586350799973728,0.46613961458206177,4,77,61,1.2459016
18,18,16245,00:01:39.6660000,71,37834,126818,23657158,29056678,233274191,262330869,53709624,316040493,11.445854950117,13.091492267793015,0.5152538418769836,5,71,47,1.4893616
18,19,16860,00:03:27.1690000,60,74132,244025,49827647,60046055,464464701,524510756,83834978,608345734,12.964640333106638,4.827371714506031,0.28292974829673767,6,60,41,1.4390244
18,20,17430,00:06:42.4800000,58,146243,471745,107658553,126114272,923065365,1049179637,128156810,1177336447,14.540765980757701,7.423330057953304,0.15140412747859955,7,59,42,1.3809524
1,0,3649,00:00:00.1000000,4,4,5,740,740,261,1001,7069,8070,1.018918918918919,1.0388014212789438,0,1,4,3,1
1,1,4172,00:00:00.1400000,6,6,7,1321,1321,684,2005,11840,13845,1.0529901589704769,1.1139580617341707,0.03575080633163452,1,6,5,1
1,2,4768,00:00:00.1590000,7,8,14,2229,2230,1776,4006,21549,25555,1.2328398384925976,1.6559818862890952,0.18253028392791748,1,7,6,1
1,3,5346,00:00:00.1780000,8,9,19,3893,3894,4126,8020,36876,44896,1.5181094271769844,3.255828758713299,0.4033985733985901,2,8,6,1.1666666
1,4,5872,00:00:00.1970000,8,14,32,6832,6843,9161,16004,59280,75284,1.7614168618266979,5.00490166157612,0.6181681752204895,2,8,6,1.1666666
1,5,6428,00:00:00.2510000,11,23,54,11711,11740,20266,32006,97920,129926,1.9561096405089233,4.997125146891231,0.686964213848114,2,11,8,1.25
1,6,7024,00:00:00.2920000,14,40,103,19840,19934,44074,64008,165659,229667,2.3229838709677417,6.133254660128435,0.6256115436553955,2,14,10,1.3
1,7,7553,00:00:00.3450000,16,45,161,36679,36850,91288,128138,262135,390273,3.1333187927697046,3.5418459811616443,0.43009382486343384,2,16,11,1.3636364
1,8,8039,00:00:00.4150000,13,92,274,65021,65944,190261,256205,406625,662830,3.7114009320065824,1.5309568743340536,0.22130703926086426,2,14,10,1.3
1,9,8569,00:00:00.5720000,18,167,503,110178,112324,400029,512353,661589,1173942,3.9370110185336458,1.1839273786678357,0.11226121336221695,3,19,14,1.2857143
1,10,9195,00:00:00.8230000,25,308,899,180948,187069,837085,1024154,1148739,2172893,4.0865110418462764,1.271991911499958,0.10736782848834991,2,26,23,1.0869565
1,11,9904,00:00:01.3090000,50,530,1679,302424,318705,1730951,2049656,2004252,4053908,4.375763828267598,2.4271355928453895,0.09579610079526901,3,51,44,1.1363636
1,12,10658,00:00:02.2500000,92,902,3077,533070,566816,3529803,4096619,3441477,7538096,5.000894816815803,12.935398781867613,0.5478203296661377,3,92,70,1.3
1,13,11412,00:00:03.9720000,92,1553,5553,983028,1057911,7139770,8197681,5740725,13938406,5.924539280671557,27.609885130445903,0.6198698878288269,4,92,62,1.467742
1,14,12139,00:00:07.1820000,75,2922,10276,1847218,2009344,14380330,16389674,9279768,25669442,6.885919258041011,13.257358459368094,0.5812255144119263,4,75,49,1.5102041
1,15,12867,00:00:16.8560000,65,5351,18951,3371278,3752234,29025586,32777820,14951628,47729448,7.736326995281908,6.022857907621359,0.44820699095726013,4,66,43,1.5116279
1,16,13567,00:00:38.4660000,72,10122,35654,6839889,7634851,57948630,65583481,23512147,89095628,9.227276933880068,6.65626363494384,0.24741604924201965,6,73,54,1.3333334
1,17,14189,00:01:14.3320000,42,19598,67152,13837046,15580924,115604416,131185340,35656122,166841462,10.578626102710073,6.031268606742555,0.2143816202878952,5,43,30,1.4
1,18,14817,00:02:21.8060000,61,37050,127021,25453874,29277014,232878967,262155981,55157176,317313157,11.403608464471851,10.603458771173534,0.2084629237651825,6,62,47,1.2978723
1,19,15454,00:04:26.3480000,77,72732,244406,48097572,58158217,466178659,524336876,86380718,610717594,12.704141427346894,16.434988936891237,0.3042449355125427,6,78,55,1.4
1,20,16031,00:08:02.4620000,69,146686,472965,104963677,126175929,923719726,1049895655,131150736,1181046391,14.560809831385766,11.013303349039402,0.29851290583610535,7,70,48,1.4375
19,0,3211,00:00:00.0420000,2,2,3,767,767,239,1006,6014,7020,1.1681877444589308,1.3885055935834454,0,1,2,1,1
19,1,3609,00:00:00.0550000,2,2,4,1356,1356,648,2004,9711,11715,1.3827433628318584,1.8957409226449118,0,1,2,1,1
19,2,4006,00:00:00.0600000,4,6,10,2380,2382,1622,4004,15727,19731,1.5668067226890756,1.9852755794407477,0,2,4,2,1.5
19,3,4431,00:00:00.0930000,5,6,14,4053,4056,3953,8009,26871,34880,1.8267949666913397,1.6259018561549359,0.017875224351882935,2,5,3,1.3333334
19,4,4883,00:00:00.1000000,6,8,18,7026,7030,8993,16023,46117,62140,1.9655565044121832,1.4909424696573312,0.04822579771280289,2,6,4,1.25
19,5,5369,00:00:00.1120000,6,16,43,11863,11888,20162,32050,80292,112342,2.1750821883166145,1.707096045783951,0.14617645740509033,2,6,4,1.25
19,6,5905,00:00:00.1300000,6,23,74,20238,20313,43690,64003,141038,205041,2.435418519616563,2.5107406062468645,0.3012602627277374,2,6,4,1.25
19,7,6478,00:00:00.1600000,10,45,137,34790,35096,93047,128143,246642,374785,2.722995113538373,3.018614014411432,0.3861834704875946,3,10,6,1.5
19,8,7110,00:00:00.2190000,20,97,270,58642,59305,196756,256061,435644,691705,3.029262303468504,2.9814685590710894,0.45237141847610474,3,20,14,1.3571428
19,9,7702,00:00:00.3140000,26,157,485,111982,113922,398328,512250,715383,1227633,4.147014698790877,5.02582816436646,0.2967219352722168,3,26,20,1.25
19,10,8160,00:00:00.4610000,23,258,812,219794,224188,801478,1025666,1058229,2083895,5.350855801341256,2.6938257065429148,0.12083238363265991,4,23,16,1.375
19,11,8616,00:00:00.6960000,21,508,1460,389905,400599,1648988,2049587,1608597,3658184,5.85657531962914,1.8663651846663256,0.05712096020579338,4,22,16,1.3125
19,12,9133,00:00:01.1800000,25,914,2691,656035,686437,3413194,4099631,2606164,6705795,6.169062626231832,2.0829563833895333,0.13945502042770386,3,25,20,1.2
19,13,9713,00:00:02.0970000,47,1649,5054,1126879,1206292,6991805,8198097,4389295,12587392,6.674169986307314,4.439887934371242,0.18742236495018005,3,47,39,1.1794872
19,14,10329,00:00:03.9530000,59,3121,9590,2003111,2210399,14188612,16399011,7406864,23805875,7.439786911459225,9.013498985986779,0.25101444125175476,5,59,47,1.2340425
19,15,10944,00:00:07.4180000,61,5770,18015,3852191,4292026,28485811,32777837,12165047,44942884,8.629823131822903,8.907397280360634,0.22171185910701752,6,62,45,1.3555555
19,16,11520,00:00:14.2350000,61,10769,34002,7710234,8484323,57071694,65556017,19235664,84791681,9.789747366941134,3.4635139600150153,0.20952752232551575,5,62,46,1.326087
19,17,12118,00:00:40.5820000,69,20008,64717,13813269,15628819,115470950,131099769,30951332,162051101,10.52122252885975,5.300344601539381,0.3142431080341339,5,70,52,1.3269231
19,18,12729,00:01:37.2730000,78,38390,124837,26219831,30653443,231490597,262144040,49842088,311986128,11.748696091900822,12.05164487018235,0.39190608263015747,6,79,59,1.3220339
19,19,13281,00:03:14.7170000,61,77602,240290,59751239,69137283,455851253,524988536,76739086,601727622,13.998677215714306,6.040493115381207,0.2199794054031372,7,62,40,1.525
19,20,13718,00:05:39.6670000,34,159193,464022,139129252,154744648,894962487,1049707135,110865665,1160572800,15.766896669580312,1.6690284903531083,0.06525703519582748,6,35,27,1.2592592
20,0,4245,00:00:00.1300000,1,1,4,748,748,253,1001,6777,7778,1,1,0,0,1,1,0
20,1,4733,00:00:00.1530000,2,2,6,1278,1278,729,2007,11319,13326,1.0046948356807512,1.009433719442552,0,1,2,1,1
20,2,5363,00:00:00.1690000,2,3,9,2200,2201,1811,4012,21216,25228,1.0131818181818182,1.0267110068871173,0,1,2,1,1
20,3,6115,00:00:00.2180000,3,5,18,3771,3774,4230,8004,40425,48429,1.0702731370989127,1.1507396855071743,0.014528295956552029,1,3,2,1
20,4,6910,00:00:00.2590000,8,14,39,6376,6391,9630,16021,74466,90487,1.2801129234629862,1.6916349644288695,0.03526868298649788,2,8,6,1.1666666
20,5,7660,00:00:00.2930000,8,16,60,11060,11094,20907,32001,126655,158656,1.657233273056058,1.9840678454919098,0.07269725948572159,2,8,6,1.1666666
20,6,8391,00:00:00.3380000,12,30,110,19025,19070,44964,64034,210101,274135,1.9537450722733245,1.532991247814517,0.08754695951938629,2,12,10,1.1
20,7,9127,00:00:00.3990000,12,49,188,32207,32438,95622,128060,345571,473631,2.2477411742788833,1.9458425059899025,0.09161306917667389,3,12,9,1.2222222
20,8,9877,00:00:00.4990000,22,98,337,56358,56992,199238,256230,567978,824208,2.745129351644842,2.9320507983611375,0.1072566881775856,4,22,18,1.1666666
20,9,10582,00:00:00.7170000,28,165,584,102110,103823,408430,512253,903817,1416070,3.4533150523944767,4.4357503827939695,0.12916776537895203,5,29,22,1.2727273
20,10,11205,00:00:00.9580000,29,265,985,192150,195885,828725,1024610,1376069,2400679,4.46455893832943,6.582007670340736,0.22026346623897552,4,29,23,1.2173913
20,11,11760,00:00:01.3560000,24,495,1685,356779,368035,1682282,2050317,2041758,4092075,5.366265951751645,3.005236046193704,0.1517011970281601,5,25,16,1.5
20,12,12333,00:00:02.0210000,28,874,2900,619699,650893,3448073,4098966,3146083,7245049,5.83034021355529,1.6628130957104357,0.19202472269535065,3,28,20,1.35
20,13,12980,00:00:03.4940000,61,1614,5450,1049011,1119977,7080023,8200000,5133901,13333901,6.18995320354124,1.9215291317844638,0.10668282955884933,4,62,51,1.1960784
20,14,13685,00:00:07.2090000,84,2917,10071,1830494,2027073,14364256,16391329,8580361,24971690,6.901512378625661,7.1039314959388316,0.17919839918613434,5,85,70,1.2
20,15,14401,00:00:18.5180000,90,5474,18880,3356864,3791006,29003608,32794614,14165009,46959623,7.814958842538751,10.015005346873128,0.30676549673080444,5,91,69,1.3043479
20,16,15136,00:00:43.3540000,80,10079,35555,6048185,7055875,58508106,65563981,23182596,88746577,8.671636201604283,14.49172938531615,0.3372185528278351,5,81,57,1.4035088
20,17,15820,00:01:26.4670000,69,19900,67210,13498781,15366540,115814307,131180847,36424678,167605525,10.642873234257227,9.531196723734073,0.41230276226997375,6,70,47,1.468085
20,18,16379,00:02:30.1380000,45,38639,126415,29930988,33220565,228941638,262162203,53694978,315857181,12.298800193297996,5.87689957059669,0.18491490185260773,6,46,33,1.3636364
20,19,16908,00:04:23.8960000,46,75746,241267,60572152,67503413,456992026,524495439,79697785,604193224,13.617259875462242,7.614524094941184,0.2350199818611145,5,46,33,1.3636364
20,20,17413,00:07:45.6260000,46,151119,466986,118527295,135986982,912853038,1048840020,119135896,1167975916,14.895516328116658,4.438744335797269,0.19078609347343445,7,47,34,1.3529412
21,0,2864,00:00:00.0400000,3,3,4,812,812,190,1002,3918,4920,1.7598522167487685,2.2130539100849997,0.5441290140151978,1,3,2,1
21,1,3186,00:00:00.0610000,4,5,6,1410,1411,594,2005,6942,8947,1.8375886524822695,2.215414700703891,0.69188392162323,2,4,2,1.5
21,2,3496,00:00:00.0650000,4,7,13,2383,2387,1617,4004,11759,15763,1.9034830046160303,1.9439622231233284,0.7296267151832581,2,4,2,1.5
21,3,3889,00:00:00.0900000,6,8,20,4095,4097,3907,8004,21977,29981,1.9663003663003662,1.8654088635135375,0.7895171046257019,2,6,4,1.25
21,4,4329,00:00:00.0990000,6,16,37,7099,7126,8907,16033,40768,56801,2.0209888716720665,1.9138999197098587,0.7786808013916016,2,6,4,1.25
21,5,4835,00:00:00.1130000,9,17,51,11772,11807,20201,32008,76137,108145,2.109751953788651,2.245971234070008,0.7491340041160583,3,9,6,1.3333334
21,6,5408,00:00:00.1350000,12,32,88,19924,20002,44072,64074,141582,205656,2.3288496285886366,3.1644616997422927,0.5778563022613525,3,12,8,1.375
21,7,5990,00:00:00.1710000,19,48,151,35031,35214,92794,128008,248072,376080,2.7027489937483944,4.6122685846915505,0.4144821763038635,3,20,15,1.2666667
21,8,6588,00:00:00.2280000,20,92,268,60275,61144,195143,256287,425067,681354,3.1830609705516384,4.820256420000634,0.29721808433532715,4,21,14,1.4285715
21,9,7198,00:00:00.3280000,28,168,495,105476,107519,404608,512127,717441,1229568,3.707194053623573,3.784060094218543,0.20673084259033203,4,29,22,1.2727273
21,10,7827,00:00:00.5370000,38,334,930,185595,191702,833387,1025089,1203512,2228601,4.247048681268353,4.066497330879277,0.16228905320167542,5,39,31,1.2258065
21,11,8457,00:00:00.9110000,53,593,1705,324656,338623,1710023,2048646,1954530,4003176,4.805658912818491,6.269631454121029,0.24789312481880188,4,54,45,1.1777778
21,12,9124,00:00:01.5880000,65,959,3061,569229,601880,3496809,4098689,3231849,7330538,5.381596861719975,10.189096508743049,0.3585006594657898,4,66,55,1.1818181
21,13,9835,00:00:02.8070000,74,1652,5535,989693,1068978,7128323,8197301,5408286,13605587,5.928020103203721,17.08306588044951,0.5023268461227417,4,75,55,1.3454546
21,14,10585,00:00:05.2530000,91,2972,10301,1761056,1963875,14422592,16386467,9061848,25448315,6.740644817654862,22.86743070844562,0.5341958403587341,6,92,64,1.421875
21,15,11250,00:00:09.4790000,63,5689,19043,3834988,4247695,28550179,32797874,14177086,46974960,8.645360819903479,6.77780506502545,0.3457465171813965,5,64,44,1.4318181
21,16,11837,00:00:22.7820000,31,10666,35234,7508319,8295465,57306918,65602383,21401752,87004135,9.643888465580645,2.45980353124216,0.21849720180034637,4,32,24,1.2916666
21,17,12467,00:00:56.0820000,53,19628,66577,12951498,14893568,116260333,131153901,33794826,164948727,10.180327634687508,2.434887826861627,0.13844044506549835,5,54,45,1.1777778
21,18,13140,00:02:03.5090000,79,37464,127360,22275192,27962677,234431658,262394335,54582623,316976958,11.10835484605475,9.274386500770728,0.21035021543502808,5,80,65,1.2153846
21,19,13815,00:04:13.4500000,97,72512,245190,43069176,55204889,469602077,524806966,87654841,612461807,12.423431667232268,19.16687004744953,0.3035951554775238,7,98,72,1.3472222
21,20,14397,00:07:41.6550000,72,147754,472994,110656415,130140597,919725563,1049866160,132550052,1182416212,14.88140505003709,5.365714017885621,0.17586591839790344,7,72,51,1.3921568
22,0,4197,00:00:00.1410000,1,1,2,742,742,263,1005,5882,6887,1,1,0,0,1,1,0
22,1,4625,00:00:00.1610000,2,3,6,1324,1325,679,2004,9782,11786,1.001510574018127,1.003025684549275,0,1,2,1,1
22,2,5232,00:00:00.1760000,1,3,12,2202,2206,1798,4004,19396,23400,1,1,0,0,1,1,0
22,3,6030,00:00:00.2190000,3,3,19,3666,3666,4336,8002,40537,48539,1.0098199672667758,1.0198773728503312,0,1,3,2,1
22,4,6992,00:00:00.2620000,7,14,41,6161,6182,9844,16026,82134,98160,1.0470702807985717,1.1004097374738926,0.03557397052645683,1,7,6,1
22,5,7976,00:00:00.3020000,14,22,68,10622,10642,21391,32033,150731,182764,1.3253624552814913,2.004405775193437,0.20053140819072723,2,14,12,1.0833334
22,6,8830,00:00:00.3560000,16,41,129,18635,18735,45310,64045,247488,311533,1.8832304802790447,5.296153082615548,0.4867905080318451,2,16,12,1.25
22,7,9519,00:00:00.4200000,21,60,210,33528,33794,94302,128096,373036,501132,2.467609162491052,3.6506515887711073,0.5038922429084778,3,21,15,1.3333334
22,8,10184,00:00:00.5140000,26,108,330,58480,59270,196931,256201,570586,826787,2.9859097127222984,2.409452903859235,0.28528454899787903,3,26,20,1.25
22,9,10847,00:00:00.6910000,30,185,579,101535,104095,407922,512017,888994,1401011,3.4850150194514207,3.918825789328888,0.19786383211612701,4,31,23,1.3043479
22,10,11533,00:00:00.9870000,44,288,968,178520,183740,841006,1024746,1419144,2443890,4.000235267757114,7.713672063659003,0.2450055330991745,4,45,34,1.2941177
22,11,12188,00:00:01.4670000,50,527,1730,333283,344331,1705816,2050147,2204250,4254397,4.948962293306289,6.33957679674138,0.320867121219635,4,50,37,1.3243244
22,12,12791,00:00:02.1960000,41,890,2975,618367,644919,3452562,4097481,3359285,7456766,5.8219989100323914,2.17738414363618,0.17161765694618225,4,41,28,1.4285715
22,13,13425,00:00:03.6630000,40,1605,5482,1075844,1141651,7052172,8193823,5302138,13495961,6.325200493751883,2.599810218388207,0.09791138023138046,5,41,32,1.25
22,14,14121,00:00:06.7990000,56,2916,10165,1846762,2020595,14374505,16395100,8711461,25106561,6.853004880975458,4.940661824415925,0.11954236030578613,5,57,48,1.1666666
22,15,14858,00:00:15.8780000,81,5404,18973,3282898,3720985,29049521,32770506,14453327,47223833,7.683474783560135,11.17257279669764,0.4300145208835602,4,81,68,1.1764706
22,16,15590,00:00:38.5800000,78,10244,35648,6093978,7136503,58434353,65570856,23426863,88997719,8.730354294026004,5.608729299381046,0.2888415455818176,5,78,63,1.2222222
22,17,16318,00:01:23.2270000,81,19191,67774,11724380,13851002,117247256,131098258,37612187,168710445,9.885427630288339,8.5566242200656,0.2223910540342331,7,82,59,1.3728814
22,18,16947,00:02:35.4660000,51,38244,127863,28158121,31655123,230576016,262231139,56922753,319153892,12.085417205217635,3.9306292311272872,0.19686055183410645,6,52,34,1.5
22,19,17514,00:04:37.4710000,45,73781,243866,54877840,61830123,462466180,524296303,84894538,609190841,13.004803596497238,2.005717627592151,0.1387336701154709,8,46,35,1.2857143
22,20,18108,00:08:39.0200000,70,145139,472816,99983205,120805374,928420824,1049226198,131139701,1180365899,14.21342519476146,5.873540567415157,0.14942288398742676,7,71,50,1.4
23,0,4898,00:00:00.0560000,1,1,3,743,743,261,1004,6969,7973,1,1,0,0,1,1,0
23,1,5380,00:00:00.0700000,2,2,8,1310,1310,692,2002,11308,13310,1.002290076335878,1.0045906288159832,0,1,2,1,1
23,2,6040,00:00:00.0790000,2,3,14,2215,2217,1790,4007,21907,25914,1.0302483069977426,1.062322927272673,0,1,2,1,1
23,3,6760,00:00:00.1080000,5,7,24,3740,3744,4257,8001,40555,48556,1.1770053475935829,1.4144133163283126,0.06329906731843948,2,5,3,1.3333334
23,4,7424,00:00:00.1320000,8,12,35,6622,6632,9383,16015,68664,84679,1.5622168529145273,2.4215679038066793,0.09005828201770782,2,8,6,1.1666666
23,5,8005,00:00:00.1480000,9,21,58,11819,11845,20165,32010,109046,141056,2.1052542516287334,3.1705532938073424,0.14651097357273102,3,9,6,1.3333334
23,6,8526,00:00:00.1710000,11,29,103,20470,20525,43486,64011,167940,231951,2.558182706399609,2.7110399496381272,0.13878388702869415,3,11,8,1.25
23,7,9067,00:00:00.2040000,11,56,182,35098,35361,92695,128056,267897,395953,2.826571314604821,1.934406933646945,0.13925521075725555,3,11,7,1.4285715
23,8,9680,00:00:00.2700000,16,86,301,58912,59742,196503,256245,450750,706995,2.998794812601847,1.7303425724608203,0.132100448012352,3,17,13,1.2307693
23,9,10384,00:00:00.3860000,28,146,537,98793,100440,411785,512225,788885,1301110,3.2249349650278867,2.3231639845348506,0.25659918785095215,3,28,24,1.125
23,10,11151,00:00:00.6360000,43,273,964,169778,174951,849461,1024412,1379616,2404028,3.680011544487507,5.172970913619404,0.3027207553386688,4,43,36,1.1666666
23,11,11902,00:00:01.0240000,58,502,1701,310707,324276,1725147,2049423,2290944,4340367,4.547065241529801,9.89501367636643,0.3906152844429016,5,59,46,1.2608696
23,12,12532,00:00:01.6120000,51,910,2995,626579,653522,3445106,4098628,3487153,7585781,5.977077112383275,5.525718047161337,0.2362445890903473,6,52,38,1.3421053
23,13,13105,00:00:02.5790000,34,1626,5329,1174781,1231638,6963941,8195579,5242759,13438338,6.826129295587858,2.3530509243018503,0.21657784283161163,5,35,25,1.36
23,14,13719,00:00:04.4730000,39,2974,9759,2035321,2186984,14203112,16390096,8254862,24644958,7.348480166027865,2.967268758446474,0.26512411236763,6,40,30,1.3
23,15,14361,00:00:08.8920000,56,5627,18416,3750631,4144815,28627927,32772742,13234515,46007257,8.386085967934463,7.417603484206784,0.2051743119955063,5,57,45,1.2444445
23,16,14960,00:00:22.3650000,53,10648,34527,7546236,8286599,57251490,65538089,20575446,86113535,9.65859164754455,2.7555162969115763,0.2448001652956009,4,53,40,1.3
23,17,15581,00:00:54.8190000,48,19869,65658,13206584,15079390,116106308,131185698,32769372,163955070,10.276213515925088,2.922790876496439,0.23828871548175812,5,48,33,1.4242424
23,18,16253,00:02:00.4470000,90,37124,125922,22758924,27705556,234493663,262199219,53545851,315745070,11.037380809391516,10.594452083735575,0.3563252091407776,5,91,63,1.4285715
23,19,16939,00:04:10.8190000,98,72299,244144,42069709,54322911,470426335,524749246,87145055,611894301,12.27814499501292,26.45156843538307,0.4273938536643982,6,99,61,1.6065574
23,20,17606,00:08:10.9120000,100,141334,475054,84428072,108734648,940927829,1049662477,138936961,1188599438,13.591845269189612,20.539104159407326,0.37577393651008606,7,101,67,1.4925373
24,0,2817,00:00:00.0400000,4,4,6,750,750,251,1001,5268,6269,1.0213333333333334,1.0437348153498005,0,1,4,3,1
24,1,3288,00:00:00.0620000,4,4,8,1341,1341,662,2003,9420,11423,1.0305741983594332,1.0632882967560064,0.011310466565191746,1,4,3,1
24,2,3997,00:00:00.0720000,6,7,14,2215,2216,1788,4004,20478,24482,1.1390519187358916,1.3263591248275126,0.05926986038684845,1,6,5,1
24,3,4606,00:00:00.0820000,8,10,20,3955,3957,4044,8001,36078,44079,1.3898862199747155,2.0951738557050152,0.14970386028289795,2,8,6,1.1666666
24,4,5181,00:00:00.1110000,11,15,35,6670,6678,9343,16021,60792,76813,1.6535232383808096,2.5033954010935373,0.20825763046741486,2,11,8,1.25
24,5,5756,00:00:00.1270000,14,21,56,11700,11714,20322,32036,101064,133100,2.001965811965812,2.533168790571582,0.24525786936283112,3,14,10,1.3
24,6,6308,00:00:00.1500000,18,34,96,20272,20352,43716,64068,163289,227357,2.377614443567482,3.495287557219843,0.26143941283226013,3,18,12,1.4166666
24,7,6857,00:00:00.1840000,18,58,168,35547,35825,92268,128093,263745,391838,2.94289250850986,4.960401434142138,0.28625479340553284,3,18,12,1.4166666
24,8,7387,00:00:00.2370000,20,93,285,63651,64313,192050,256363,421001,677364,3.512749210538719,2.804598311496013,0.2213490605354309,4,20,13,1.4615384
24,9,7945,00:00:00.3300000,21,166,504,107703,109977,402387,512364,689970,1202334,3.8408400880198323,1.7514180381179978,0.1585586816072464,4,22,16,1.3125
24,10,8575,00:00:00.5220000,36,274,866,183109,188401,835969,1024370,1179672,2204042,4.120070559065912,1.7975741194601265,0.09582042694091797,5,37,30,1.2
24,11,9245,00:00:00.8790000,48,511,1585,316184,330786,1718569,2049355,1980964,4030319,4.665697821521646,4.231151877750883,0.22835443913936615,5,49,38,1.2631578
24,12,9902,00:00:01.5020000,56,891,2888,587370,619777,3476363,4096140,3233227,7329367,5.582212234196503,4.51016920317727,0.18813180923461914,5,57,43,1.3023256
24,13,10549,00:00:02.5390000,51,1599,5328,1079091,1148720,7049911,8198631,5210606,13409237,6.421823553342582,5.027945316492636,0.23327404260635376,5,51,36,1.3888888
24,14,11191,00:00:04.4650000,44,2921,9750,2026722,2181550,14207509,16389059,8343441,24732500,7.407430816855987,10.961133290895077,0.4061741828918457,5,45,33,1.3333334
24,15,11814,00:00:07.8950000,46,5595,18299,3861709,4204897,28596618,32801515,13172957,45974472,8.439380077577052,4.597209473503747,0.28521081805229187,5,47,32,1.4375
24,16,12444,00:00:14.5610000,58,10194,34378,7016973,7841201,57723228,65564429,20919207,86483636,9.266423712902986,4.146394766890519,0.24581937491893768,6,59,43,1.3488373
24,17,13092,00:00:30.8770000,68,19572,65641,13023803,14983268,116167409,131150677,33600681,164751358,10.31364916990836,10.370524693276348,0.5931351780891418,6,69,51,1.3333334
24,18,13730,00:01:21.9210000,67,37675,125965,25035893,29313955,232841362,262155317,53319899,315475216,11.462557776549053,6.739737407558811,0.2979016602039337,4,68,50,1.34
24,19,14383,00:03:18.3470000,68,72319,244085,44863734,55456615,469305553,524762168,85410407,610172575,12.338305277933397,6.6569035557554,0.20082445442676544,5,69,48,1.4166666
24,20,15052,00:07:07.9090000,89,140014,474327,82065511,107931047,941274065,1049205112,137401272,1186606384,13.487465020476142,15.586834480163564,0.3084108233451843,7,90,62,1.4354838
25,0,4019,00:00:00.0870000,1,1,1,743,743,258,1001,7746,8747,1,1,0,0,1,1,0
25,1,4464,00:00:00.1000000,2,2,4,1326,1326,680,2006,11672,13678,1.004524886877828,1.0090907207175088,0,1,2,1,1
25,2,5129,00:00:00.1110000,3,3,11,2206,2206,1797,4003,22071,26074,1.0213055303717136,1.043594970525977,0.00893449131399393,1,3,2,1
25,3,5892,00:00:00.1500000,4,6,18,3736,3738,4266,8004,42075,50079,1.0971627408993576,1.2180299829467598,0.05728811025619507,1,4,3,1
25,4,6653,00:00:00.1660000,5,9,29,6453,6457,9556,16013,74554,90567,1.32806446613978,1.8950043733232964,0.197529599070549,2,5,3,1.3333334
25,5,7335,00:00:00.1860000,6,15,62,11315,11370,20647,32017,121966,153983,1.8433053468846663,3.3464727746503096,0.449739545583725,3,6,3,1.6666666
25,6,7901,00:00:00.2130000,13,39,113,20277,20376,43676,64052,185767,249819,2.447403462050599,2.9790195996510294,0.3903402090072632,3,13,9,1.3333334
25,7,8441,00:00:00.2540000,12,68,190,35547,36018,92146,128164,285109,413273,2.885869412327341,2.1022399838567765,0.3656604588031769,3,12,8,1.375
25,8,9007,00:00:00.3200000,20,98,300,61201,61895,194170,256065,454386,710451,3.3007140406202513,2.4463371690962554,0.17507392168045044,4,20,15,1.2666667
25,9,9605,00:00:00.4330000,20,168,531,105700,107738,404338,512076,741280,1253356,3.694011352885525,2.8871445565762723,0.13774682581424713,4,21,15,1.3333334
25,10,10255,00:00:00.6120000,28,269,941,181093,186715,838304,1025019,1243969,2268988,4.079218964841269,3.0130489818102757,0.25573062896728516,3,28,23,1.173913
25,11,10937,00:00:01.0290000,44,488,1720,314103,326968,1722842,2049810,2062705,4112515,4.585298453055208,4.6901913189289175,0.26535966992378235,4,44,35,1.2285714
25,12,11634,00:00:01.7160000,53,888,3114,560849,594037,3504146,4098183,3394659,7492842,5.30406936626436,5.330786478805362,0.23756594955921173,4,53,42,1.2380953
25,13,12334,00:00:02.9030000,52,1596,5604,1020218,1097141,7096924,8194065,5532857,13726922,6.113183652905556,4.385867201852658,0.18195472657680511,5,53,37,1.4054054
25,14,13042,00:00:05.1530000,50,2870,10208,1842629,2023374,14362091,16385465,8990317,25375782,6.902508318277852,4.094445325641561,0.1633838415145874,4,51,39,1.2820513
25,15,13772,00:00:09.2950000,72,5366,19026,3340146,3723478,29056450,32779928,14681095,47461023,7.679769986102404,6.6878542717905,0.22271576523780823,5,73,57,1.2631578
25,16,14516,00:00:17.3310000,82,10185,35821,6136736,7098769,58481311,65580080,23811363,89391443,8.700105072142586,12.747142815859215,0.2685372829437256,5,83,62,1.3225807
25,17,15210,00:00:42.4030000,69,19544,67547,12754647,14751224,116421073,131172297,37307770,168480067,10.336568467947409,7.950007492362235,0.34524843096733093,7,70,44,1.5681819
25,18,15771,00:01:31.6680000,48,39067,126290,31280263,34512835,227635753,262148588,54532853,316681441,12.609988509367712,4.397913355106312,0.14066141843795776,6,49,31,1.548387
25,19,16270,00:02:57.6530000,36,76330,241089,62607014,69548715,455195698,524744413,79149713,603894126,13.767552705835802,3.8340916503558575,0.0864030197262764,6,37,25,1.44
25,20,16787,00:05:48.0850000,56,149907,467112,113523835,130992195,917961013,1048953208,119633308,1168586516,14.606656945653748,5.010913936676658,0.14808320999145508,6,57,40,1.4
26,0,3403,00:00:00.0440000,3,3,7,744,744,257,1001,5991,6992,1.032258064516129,1.0666872852753249,0,1,3,2,1
26,1,3943,00:00:00.0680000,2,3,8,1299,1300,701,2001,10903,12904,1.0384911470361817,1.0799359102217343,0,1,2,1,1
26,2,4498,00:00:00.0750000,2,2,9,2268,2268,1738,4006,19578,23584,1.1358024691358024,1.3067117504034145,0,1,2,1,1
26,3,5068,00:00:00.0830000,4,5,19,3921,3923,4079,8002,34165,42167,1.4376434583014537,1.9847537757367828,0.03161979094147682,2,4,2,1.5
26,4,5608,00:00:00.1100000,6,9,28,6687,6696,9328,16024,57316,73340,1.7021085688649618,1.8243054178593423,0.08095740526914597,2,6,4,1.25
26,5,6200,00:00:00.1260000,9,22,55,11335,11385,20629,32014,99104,131118,1.902073224525805,1.4498398343991858,0.09552792459726334,2,9,7,1.1428572
26,6,6832,00:00:00.1500000,13,26,86,19548,19636,44399,64035,170811,234846,2.1014937589523224,1.5935473538082998,0.12159797549247742,3,13,10,1.2
26,7,7491,00:00:00.1920000,17,55,165,33511,33840,94268,128108,291624,419732,2.546208707588553,3.009249823951808,0.15019483864307404,4,17,12,1.3333334
26,8,8085,00:00:00.2540000,24,86,284,61599,62278,193939,256217,466982,723199,3.34833357684378,4.4816886062172125,0.2163655161857605,4,24,15,1.5333333
26,9,8641,00:00:00.3450000,25,172,480,109801,111722,400475,512197,732874,1245071,3.9440715476179635,3.155032114087274,0.3236360251903534,3,25,17,1.4117647
26,10,9220,00:00:00.5370000,29,313,890,190924,195977,829130,1025107,1174030,2199137,4.384765665919423,4.092196252998598,0.2799205183982849,3,29,21,1.3333334
26,11,9841,00:00:00.8910000,38,530,1572,323144,338227,1709939,2048166,1917972,3966138,4.790381377961528,5.541698351534012,0.2627963423728943,5,39,30,1.2666667
26,12,10515,00:00:01.5370000,59,922,2862,566543,602152,3494344,4096496,3207608,7304104,5.372155335076067,8.436456135218409,0.3264652490615845,4,60,49,1.2040817
26,13,11176,00:00:02.6240000,62,1658,5366,1067661,1151168,7047943,8199111,5222818,13421929,6.440694190384401,6.92640247279687,0.3334735035896301,5,63,46,1.3478261
26,14,11832,00:00:04.6870000,59,3010,9870,1942332,2110024,14288109,16398133,8436726,24834859,7.143461570936379,5.014127739207532,0.3462245464324951,4,60,47,1.2553191
26,15,12542,00:00:09.6830000,69,5436,18673,3338139,3750737,29047452,32798189,13989735,46787924,7.694894670353751,7.866377166055177,0.35261669754981995,4,70,56,1.2321428
26,16,13293,00:00:27.7990000,87,10087,35583,5979239,7006356,58576097,65582453,23212718,88795171,8.621908573984081,14.72416273430048,0.4161960184574127,5,88,62,1.4032258
26,17,13994,00:01:04.4750000,80,19477,67143,12709806,14628613,116556587,131185200,36835951,168021151,10.263309762556565,10.818864488175366,0.29646846652030945,7,81,49,1.6326531
26,18,14613,00:02:04.4720000,68,37678,127357,27439562,30790433,231601354,262391787,55955005,318346792,11.801569390939987,9.111883552717455,0.2061915248632431,6,69,51,1.3333334
26,19,15200,00:03:53.3140000,78,73607,243872,53701063,61588457,462756964,524345421,84818743,609164164,13.035002342504841,14.31558066114297,0.20752936601638794,8,79,54,1.4444444
26,20,15706,00:06:51.7030000,59,155310,470407,131054910,148706742,901536698,1050243440,123853091,1174096531,15.736506583385545,5.395979158631595,0.2091483473777771,7,59,37,1.5675676
27,0,3563,00:00:00.0940000,1,1,5,743,743,258,1001,6709,7710,1,1,0,0,1,1,0
27,1,4146,00:00:00.1200000,1,2,7,1301,1302,700,2002,11998,14000,1,1,0,0,1,1,0
27,2,4758,00:00:00.1370000,4,5,16,2222,2223,1780,4003,21571,25574,1.0166516651665167,1.0340013883662051,0,1,4,3,1
27,3,5490,00:00:00.1980000,3,5,22,3780,3782,4226,8008,40356,48364,1.0484126984126985,1.1028183806922414,0.04161228984594345,1,3,2,1
27,4,6331,00:00:00.2280000,6,8,35,6279,6284,9722,16006,76397,92403,1.20958751393534,1.5258022778991258,0.08855938166379929,2,6,4,1.25
27,5,7123,00:00:00.2650000,4,16,55,10971,11025,20993,32018,131353,163371,1.662929541518549,2.771262939549053,0.340732604265213,2,4,2,1.5
27,6,7760,00:00:00.3050000,9,26,90,19738,19812,44209,64021,203047,267068,2.261880636336002,3.295936983201651,0.33249133825302124,3,9,5,1.6
27,7,8348,00:00:00.3590000,12,50,170,34469,34637,93486,128123,311246,439369,2.7384896573732918,2.4178235468059297,0.2409026026725769,3,12,8,1.375
27,8,8951,00:00:00.4450000,16,86,285,60190,60863,195163,256026,490267,746293,3.138943346070776,2.353815487759784,0.15127666294574738,4,16,11,1.3636364
27,9,9582,00:00:00.6300000,24,156,524,103991,106069,405983,512052,792206,1304258,3.5654720120010386,3.7461822355286385,0.11872931569814682,5,25,19,1.2631578
27,10,10241,00:00:00.8680000,34,253,919,182665,187656,836615,1024271,1300173,2324444,4.153570744258616,5.564289156529245,0.13239139318466187,5,35,28,1.2142857
27,11,10838,00:00:01.2440000,27,469,1600,347093,360346,1688684,2049030,2011222,4060252,5.264347019386735,6.38676645616707,0.369904488325119,4,27,19,1.3684211
27,12,11403,00:00:01.8620000,31,848,2857,640828,664747,3432105,4096852,3095354,7192206,5.9753709263640165,4.209345594883226,0.3429397940635681,5,31,22,1.3636364
27,13,12014,00:00:03.0950000,45,1582,5222,1106217,1166779,7026099,8192878,4971863,13164741,6.455796647493213,5.094880061815058,0.26033809781074524,5,46,32,1.40625
27,14,12678,00:00:05.6490000,65,2939,9873,1928400,2090211,14295515,16385726,8223068,24608794,7.0763664177556524,6.198063914713381,0.30614688992500305,5,66,50,1.3
27,15,13373,00:00:12.2270000,73,5487,18722,3451046,3884199,28900510,32784709,13645846,46430555,7.947589223673054,9.159675493524892,0.442142128944397,5,74,51,1.4313725
27,16,14041,00:00:30.7590000,71,10399,34967,6892925,7763341,57838329,65601670,21802380,87404050,9.29897583391666,7.6668184335779825,0.3785274922847748,5,72,51,1.3921568
27,17,14686,00:01:05.6360000,69,19664,66231,13177877,14880317,116237101,131117418,34446509,165563927,10.254158617507205,6.311357648933682,0.3135842978954315,5,70,50,1.38
27,18,15343,00:02:13.0010000,83,37600,127144,24743978,28905173,233463519,262368692,54744996,317113688,11.374735582128306,20.002834544929314,0.3637312650680542,6,84,60,1.3833333
27,19,15963,00:04:13.0370000,79,73650,244486,49969877,59347290,464949282,524296572,85129342,609425914,12.849439893558273,8.861401057348806,0.30198734998703003,6,80,55,1.4363636
27,20,16569,00:07:52.0380000,72,143246,473813,94886957,116988362,932608244,1049596606,132364854,1181961460,13.993027724558603,14.757983875083482,0.40104198455810547,6,73,48,1.5
28,0,1902,00:00:00.1010000,3,3,4,789,789,212,1001,3246,4247,1.8124207858048162,1.459860367871859,0.05340282618999481,1,3,2,1
28,1,2175,00:00:00.1520000,3,3,5,1412,1412,591,2003,5680,7683,1.8944759206798867,1.25015453218053,0.0545913428068161,1,3,2,1
28,2,2522,00:00:00.1690000,2,5,9,2397,2401,1610,4011,11102,15113,1.9140592407175636,1.1863943239974046,0,1,2,1,1
28,3,2883,00:00:00.2260000,3,5,16,4165,4170,3833,8003,20444,28447,1.9709483793517406,1.0827849937563063,0,2,3,1,2
28,4,3321,00:00:00.2530000,8,11,27,6987,6993,9025,16018,39225,55243,1.9958494346643767,1.082302334504201,0.012630990706384182,2,8,6,1.1666666
28,5,3845,00:00:00.2970000,10,21,50,11684,11727,20281,32008,76484,108492,2.0506675795960287,1.151498544822264,0.04601681977510452,2,10,8,1.125
28,6,4442,00:00:00.3680000,15,30,92,19456,19517,44488,64005,144190,208195,2.1768606085526314,1.470633295587176,0.13274458050727844,3,15,12,1.1666666
28,7,5101,00:00:00.4870000,19,53,164,33699,33951,94115,128066,264853,392919,2.469539155464554,3.0183692502534276,0.34519118070602417,2,19,14,1.2857143
28,8,5788,00:00:00.6910000,28,87,287,57564,58170,197847,256017,468977,724994,2.8737405322771177,7.393820461713498,0.5701002478599548,2,28,19,1.4210526
28,9,6484,00:00:00.8300000,35,139,511,100863,102200,409897,512097,801053,1313150,3.3367141568265866,11.969040619580497,0.6174429655075073,3,35,25,1.36
28,10,7214,00:00:01.1480000,42,279,953,173737,177648,846781,1024429,1361742,2386171,3.772408870879548,10.746592444392641,0.5978899598121643,3,42,28,1.4642857
28,11,8002,00:00:01.7190000,49,491,1745,293905,307245,1740894,2048139,2333288,4381427,4.172913016110648,10.29742749917417,0.5355291366577148,4,50,34,1.4411764
28,12,8800,00:00:02.7040000,67,903,3234,518717,554234,3543397,4097631,3847797,7945428,4.872762990223956,11.213491734362629,0.4988688826560974,4,68,48,1.3958334
28,13,9582,00:00:04.5320000,63,1626,5810,947313,1031496,7162447,8193943,6229097,14423040,5.747847860210934,6.8146751431843455,0.5077093243598938,5,64,41,1.5365853
28,14,10358,00:00:07.8550000,68,3002,10740,1752890,1924495,14469637,16394132,10002677,26396809,6.630926641146906,8.986889231048458,0.4498991370201111,5,69,47,1.4468085
28,15,11110,00:00:15.4990000,68,5409,19518,3324089,3727498,29053705,32781203,15841209,48622412,7.725239907836403,8.879247781099634,0.3837721347808838,5,69,45,1.5111111
28,16,11811,00:00:35.8490000,66,10032,35886,6808799,7618621,57932541,65551162,24418562,89969724,9.223817298762969,11.91770219251732,0.37559130787849426,7,67,43,1.5348837
28,17,12399,00:01:10.1390000,46,19839,66613,15507952,16966016,114172177,131138193,35832267,166970460,11.213492858373563,5.988686152529235,0.2985187768936157,7,47,30,1.5333333
28,18,12907,00:02:04.9110000,33,38986,125103,32571047,35431288,226885634,262316922,51589379,313906301,12.635096347992743,2.287734550032219,0.20021496713161469,5,34,24,1.375
28,19,13431,00:03:48.3450000,42,75381,239753,57758995,65168270,459164435,524332705,77506057,601838762,13.277858626175888,2.5437194010142097,0.07218025624752045,5,43,33,1.2727273
28,20,14002,00:07:22.8980000,68,147287,467615,99038330,122083079,927605682,1049688761,122042346,1171731107,14.18751666147844,9.025119595051638,0.21161241829395294,6,69,51,1.3333334
2,0,2625,00:00:00.0340000,1,1,2,759,759,242,1001,4933,5934,1,1,0,0,1,1,0
2,1,3157,00:00:00.0470000,2,3,4,1302,1303,698,2001,9783,11784,1.0061443932411673,1.012364310602664,0,1,2,1,1
2,2,3866,00:00:00.0560000,2,2,7,2236,2236,1771,4007,20858,24865,1.0111806797853309,1.022611350311884,0,1,2,1,1
2,3,4619,00:00:00.0830000,2,4,15,3749,3752,4250,8002,40265,48267,1.0669511869831956,1.142775521354247,0,1,2,1,1
2,4,5438,00:00:00.1000000,4,9,30,6355,6372,9637,16009,75139,91148,1.2786782061369,1.68332359629709,0.053158827126026154,2,4,2,1.5
2,5,6189,00:00:00.1270000,6,16,47,10972,11014,20987,32001,127555,159556,1.666970470288006,1.9210678517085569,0.05305761471390724,2,6,4,1.25
2,6,6917,00:00:00.1530000,8,26,83,18781,18855,45169,64024,210572,274596,1.9593205899579362,1.6048652466551543,0.06477760523557663,2,8,6,1.1666666
2,7,7640,00:00:00.1930000,13,45,164,32411,32611,95440,128051,343567,471618,2.2897473080127115,2.1116224104905625,0.07002972066402435,2,13,11,1.0909091
2,8,8382,00:00:00.2670000,17,88,295,56090,56895,199144,256039,563672,819711,2.6758780531289,2.5706581506636703,0.11428330838680267,3,17,13,1.2307693
2,9,9166,00:00:00.3930000,32,137,517,95836,97092,415087,512179,938812,1450991,3.006041571017154,2.398501651780779,0.14121316373348236,3,33,29,1.1034483
2,10,10004,00:00:00.6430000,39,264,958,164019,168230,856022,1024252,1581187,2605439,3.423518007060158,4.6589431256644565,0.34020981192588806,3,39,35,1.0857143
2,11,10879,00:00:01.1160000,59,501,1818,284262,296112,1752095,2048207,2661186,4709393,3.9666786274633963,13.157239431172462,0.46009013056755066,5,59,42,1.3809524
2,12,11662,00:00:01.8760000,53,877,3205,564862,596348,3502151,4098499,4146446,8244945,5.433235020235031,9.526643634353945,0.5897698402404785,6,54,37,1.4324324
2,13,12278,00:00:02.9650000,42,1628,5659,1140389,1199185,6995486,8194671,6024953,14219624,6.696045822960411,2.192482995472075,0.20759673416614532,5,43,27,1.5555556
2,14,12913,00:00:05,41,2826,10212,2012487,2135634,14249049,16384683,9137205,25521888,7.1948469729245454,2.21174973288772,0.1235116645693779,4,42,32,1.28125
2,15,13604,00:00:10.3960000,59,5265,18931,3473052,3854691,28913880,32768571,14537520,47306091,7.872054895809219,7.060869424654142,0.17057181894779205,5,60,46,1.2826087
2,16,14307,00:00:30.0900000,72,10123,35733,6379799,7334983,58201779,65536762,23150421,88687183,8.899866594543182,10.918839438412734,0.2516096830368042,5,73,54,1.3333334
2,17,14992,00:01:07.4080000,69,19499,67459,12490359,14570147,116567054,131137201,36510103,167647304,10.181789890907059,9.743836399877422,0.19906850159168243,7,70,51,1.3529412
2,18,15641,00:02:13.3750000,67,37512,128273,25213641,29363687,232941270,262304957,56553798,318858755,11.505877235263245,10.81520733793056,0.24501162767410278,6,68,45,1.4888889
2,19,16253,00:04:09.3740000,68,73100,244974,51269521,60095324,464245330,524340654,86570446,610911100,12.92232621014735,19.881109947977716,0.34885528683662415,6,69,45,1.5111111
2,20,16838,00:07:39.4450000,66,143781,473060,101070437,120856478,928120227,1048976705,132166303,1181143008,14.1805433669986,11.233639677263737,0.34990450739860535,6,67,43,1.5348837
29,0,3688,00:00:00.0480000,5,5,7,759,759,246,1005,6131,7136,1.1910408432147563,1.478104698240551,0.08580449223518372,1,5,4,1
29,1,4167,00:00:00.0720000,4,4,8,1355,1355,646,2001,10417,12418,1.4900369003690037,2.480930563812265,0.27388283610343933,1,4,3,1
29,2,4585,00:00:00.0780000,4,6,10,2289,2293,1712,4005,17082,21087,1.691131498470948,2.7076298539557695,0.6051896810531616,2,4,2,1.5
29,3,4992,00:00:00.0840000,6,9,15,4074,4081,3921,8002,27569,35571,1.842169857633775,2.3890664767308505,0.695519208908081,2,6,4,1.25
29,4,5450,00:00:00.1110000,8,16,30,6962,6974,9044,16018,47108,63126,1.9867854064923873,2.358753073446436,0.4867258071899414,2,8,5,1.4
29,5,5954,00:00:00.1240000,9,16,46,11923,11936,20066,32002,82276,114278,2.1615365260421036,2.7410939345718313,0.4510454535484314,2,9,6,1.3333334
29,6,6477,00:00:00.1440000,10,35,90,20346,20435,43628,64063,141582,205645,2.4157082473213407,3.632376487959004,0.4234170913696289,3,10,6,1.5
29,7,7055,00:00:00.1780000,16,43,147,34589,34785,93332,128117,248218,376335,2.7223394720865013,3.3876780696303745,0.3391319811344147,3,16,12,1.25
29,8,7693,00:00:00.2410000,22,94,290,58170,58817,197257,256074,438901,694975,2.9534983668557677,2.897383602262941,0.2877955436706543,4,23,17,1.2941177
29,9,8396,00:00:00.3640000,25,162,525,99030,101286,410912,512198,775909,1288107,3.2777845097445217,3.5496744587439655,0.26689478754997253,4,26,20,1.25
29,10,9103,00:00:00.6020000,39,319,975,180226,185500,839057,1024557,1318853,2343410,4.055391563925294,5.191840698187017,0.17102396488189697,5,40,30,1.3
29,11,9752,00:00:00.9810000,42,493,1714,327676,338830,1711321,2050151,2096499,4146650,4.813803879441887,3.19269680428958,0.14686784148216248,4,43,33,1.2727273
29,12,10416,00:00:01.6310000,38,878,3109,576811,605014,3491234,4096248,3370499,7466747,5.423025913167398,4.532773114844811,0.18183577060699463,5,39,27,1.4074074
29,13,11093,00:00:02.7830000,40,1570,5611,1059798,1129341,7064445,8193786,5437935,13631721,6.3171264712709405,9.01430650076833,0.3332556188106537,5,41,29,1.3793104
29,14,11723,00:00:04.7390000,41,2891,10103,2120725,2246270,14144934,16391204,8505372,24896576,7.622715816525009,5.224961487688974,0.300047367811203,5,42,30,1.3666667
29,15,12293,00:00:07.9780000,31,5541,18528,4284699,4541741,28266989,32808730,12909975,45718705,8.959100744299658,4.586632729554888,0.18917636573314667,5,32,23,1.3478261
29,16,12851,00:00:15.3150000,33,10557,34528,7900647,8525984,57032248,65558232,19799509,85357741,9.761824696129317,2.0847453822478563,0.18838725984096527,4,33,24,1.3333334
29,17,13463,00:00:40.8150000,57,19854,66041,13317047,15166659,115926447,131093106,31822828,162915934,10.27649455618802,2.543841352088819,0.2258465588092804,5,58,43,1.3255814
29,18,14129,00:01:41.8530000,99,38133,126696,22661283,28067514,234270621,262338135,52400550,314738685,11.132639047842083,11.741274550458131,0.2593350112438202,6,100,72,1.375
29,19,14784,00:03:37.0280000,93,74325,244206,45320311,57482468,467338503,524820971,84389852,609210823,12.708659435280575,18.401719063665297,0.3688805401325226,6,94,66,1.4090909
29,20,15377,00:06:55.4480000,66,145848,472331,100836592,122147463,927216250,1049363713,130416518,1179780231,14.379668503671763,9.818096108916603,0.38813498616218567,5,67,45,1.4666667
30,0,4479,00:00:00.0520000,1,1,3,750,750,252,1002,8165,9167,1,1,0,0,1,1,0
30,1,5080,00:00:00.0660000,4,4,10,1321,1321,685,2006,13486,15492,1.0227100681302044,1.046773201033633,0,1,4,3,1
30,2,5711,00:00:00.0850000,5,6,16,2163,2165,1842,4007,23719,27726,1.0642625982431808,1.1399485131328775,0.043690893799066544,1,5,4,1
30,3,6409,00:00:00.0970000,7,7,22,3801,3801,4200,8001,41834,49835,1.3241252302025783,2.001052489443019,0.19173088669776917,1,7,6,1
30,4,7019,00:00:00.1100000,10,16,36,6600,6617,9390,16007,68208,84215,1.6683333333333332,3.382671988473435,0.3826095759868622,2,10,6,1.5
30,5,7640,00:00:00.1460000,13,23,61,11405,11439,20589,32028,112141,144169,1.9190705830775976,3.4970741650863975,0.5548874139785767,3,13,8,1.5
30,6,8246,00:00:00.1730000,16,37,99,19682,19784,44261,64045,180824,244869,2.2381871760999896,4.236888161355799,0.6622339487075806,3,16,10,1.5
30,7,8851,00:00:00.2110000,20,57,166,34545,34823,93271,128094,291476,419570,2.745404544796642,5.306764523384556,0.5771837830543518,4,20,13,1.4615384
30,8,9413,00:00:00.2690000,25,82,288,62642,63103,193131,256234,457369,713603,3.411800389515022,4.094172875131162,0.3467734158039093,4,25,17,1.4117647
30,9,9959,00:00:00.3550000,24,153,495,111423,112938,399208,512146,718057,1230203,3.9947138382560152,3.0571710151187674,0.2009846270084381,3,25,18,1.3333334
30,10,10522,00:00:00.5240000,25,256,838,193414,198111,826016,1024127,1145013,2169140,4.479122504058651,2.8948781641790755,0.1242741122841835,4,26,18,1.3888888
30,11,11129,00:00:00.8420000,30,483,1577,329148,341539,1708436,2049975,1874215,3924190,4.844829681480672,2.2240805449561667,0.13741619884967804,3,30,24,1.2083334
30,12,11816,00:00:01.4560000,45,845,2881,554531,584994,3513728,4098722,3194150,7292872,5.167153865158125,2.5184238807811035,0.14881429076194763,3,46,41,1.097561
30,13,12572,00:00:02.6990000,74,1629,5494,954029,1038814,7160536,8199350,5506353,13705703,5.750029611259197,7.30574742589569,0.20819143950939178,5,75,58,1.2758621
30,14,13323,00:00:05.1270000,82,2990,10245,1815151,2007146,14384963,16392109,9152398,25544507,6.92565411913389,14.747139665822692,0.3344414532184601,5,83,59,1.3898305
30,15,13971,00:00:08.8670000,54,5643,18630,3872555,4228061,28556014,32784075,14151683,46935758,8.577904251844068,4.795858248673305,0.18321891129016876,7,55,34,1.5882353
30,16,14563,00:00:15.3100000,43,10455,34677,7740736,8365766,57199719,65565485,21423036,86988521,9.723367132014321,6.312569985928769,0.26083406805992126,5,44,29,1.4827586
30,17,15148,00:00:37.2590000,53,19841,65502,14561487,16073185,115007421,131080606,32865477,163946083,10.714640544609214,6.173983027125677,0.248230442404747,6,54,35,1.5142857
30,18,15746,00:01:32.9540000,62,38122,125343,26873658,30770050,231412328,262182378,51409713,313592091,11.737152009599884,9.22529965240235,0.36894556879997253,5,62,45,1.3555555
30,19,16346,00:03:20.8450000,61,74076,241709,50099099,59870882,464834799,524705681,80882052,605587733,12.823095880426912,11.91380549796384,0.37374159693717957,5,62,47,1.2978723
30,20,16964,00:06:52.5890000,84,143817,470957,90386051,113618798,935529060,1049147858,129038916,1178186774,13.76407801022306,14.161345095447993,0.38896459341049194,5,85,62,1.3548387
31,0,3143,00:00:00.0380000,2,2,2,748,748,254,1002,8108,9110,1.0013368983957218,1.0026773195296292,0,1,2,1,1
31,1,3705,00:00:00.0510000,1,1,4,1284,1284,717,2001,13319,15320,1,1,0,0,1,1,0
31,2,4333,00:00:00.0590000,3,3,7,2243,2243,1767,4010,23081,27091,1.0205082478823004,1.042064060861804,0,1,3,2,1
31,3,5092,00:00:00.0940000,3,3,16,3757,3757,4249,8006,42930,50936,1.1149853606601012,1.2607500405628913,0.06797777116298676,1,3,2,1
31,4,5841,00:00:00.1070000,6,8,29,6459,6461,9550,16011,75018,91029,1.376683697166744,2.079110145628611,0.13671419024467468,1,6,5,1
31,5,6533,00:00:00.1240000,7,21,61,11158,11195,20806,32001,122983,154984,1.72737049650475,2.4230566430227785,0.29201698303222656,2,7,5,1.2
31,6,7249,00:00:00.1550000,11,27,118,18916,18994,45034,64028,205161,269189,1.9427997462465638,1.9031108235664551,0.34413331747055054,2,11,9,1.1111112
31,7,8019,00:00:00.2130000,16,53,199,31698,31916,96125,128041,347035,475076,2.163827370812039,2.26644929973722,0.32257458567619324,2,16,13,1.1538461
31,8,8813,00:00:00.3010000,24,89,350,54955,55732,200381,256113,581885,837998,2.5567100354835777,4.386958662170999,0.31095364689826965,3,24,17,1.3529412
31,9,9616,00:00:00.4710000,35,173,597,95625,97908,414501,512409,965601,1478010,3.0713516339869282,6.2783610629856215,0.3209708333015442,4,36,25,1.4
31,10,10381,00:00:00.7110000,49,291,1037,172969,177768,846693,1024461,1552356,2576817,3.833467268701328,10.535424712321143,0.30735698342323303,5,50,34,1.4411764
31,11,11078,00:00:01.1210000,47,498,1765,317738,329718,1718947,2048665,2390965,4439630,4.657003568978214,5.7104961654217155,0.26576367020606995,5,48,32,1.46875
31,12,11763,00:00:01.8290000,45,899,3114,570342,597876,3498700,4096576,3702363,7798939,5.34642723138047,4.925644402392761,0.25002530217170715,6,46,31,1.451613
31,13,12459,00:00:03.1010000,59,1580,5572,1047734,1109629,7089630,8199259,5827240,14026499,6.194876753069004,6.008317606033197,0.2525325417518616,5,60,38,1.5526316
31,14,13087,00:00:05.1420000,51,3023,10132,2126056,2284341,14101290,16385631,8873691,25259322,7.739068491140403,7.275104005992733,0.1740715354681015,6,52,32,1.59375
31,15,13650,00:00:08.4640000,36,5487,18421,4219052,4523672,28283865,32807537,13229577,46037114,8.91229427843032,6.54134966494716,0.24208207428455353,5,37,26,1.3846154
31,16,14225,00:00:14.9250000,38,10435,34376,7532423,8307361,57248217,65555578,20329319,85884897,9.583345491882227,3.390251383219106,0.27658894658088684,4,39,28,1.3571428
31,17,14859,00:00:36.2240000,68,19847,65587,12715969,14827401,116360906,131188307,32799381,163987688,10.143193412943992,3.0813570668472012,0.2359277755022049,5,69,53,1.2830188
31,18,15528,00:01:36.7110000,86,37744,126254,22597426,28331436,233903162,262234598,53428278,315662876,11.241098211805186,10.722175771501645,0.26798519492149353,5,87,64,1.34375
31,19,16175,00:03:27.0960000,88,74231,244480,45738500,57297673,467165022,524462695,85080916,609543611,12.652227270242793,18.519327648301765,0.32687753438949585,6,89,64,1.375
31,20,16795,00:07:04.1510000,95,144113,474664,94023121,115827381,933314714,1049142095,133278091,1182420186,13.964591422146048,25.87004856595685,0.5724854469299316,5,96,62,1.532258
32,0,2455,00:00:00.0350000,2,2,6,743,743,258,1001,5484,6485,1.002691790040377,1.0053981022301075,0,1,2,1,1
32,1,3069,00:00:00.0500000,4,5,9,1294,1295,707,2002,10971,12973,1.007727975270479,1.015616045487609,0,1,4,3,1
32,2,3704,00:00:00.0680000,3,3,10,2234,2234,1774,4008,20730,24738,1.017009847806625,1.0346803977325494,0,1,3,2,1
32,3,4448,00:00:00.0970000,6,7,21,3751,3752,4250,8002,40161,48163,1.1271660890429218,1.2992711582428391,0.09670470654964447,2,6,4,1.25
32,4,5155,00:00:00.1130000,9,14,40,6505,6514,9504,16018,70078,86096,1.3821675634127595,2.283426140027528,0.2689032554626465,2,9,7,1.1428572
32,5,5807,00:00:00.1310000,12,18,53,11386,11409,20598,32007,115482,147489,1.7815738626383277,4.460771622121857,0.4684795141220093,2,12,9,1.2222222
32,6,6429,00:00:00.1560000,12,30,94,19674,19772,44280,64052,185890,249942,2.2193758259632004,6.062391775841781,0.510142982006073,2,12,9,1.2222222
32,7,7033,00:00:00.1940000,17,48,168,34583,34754,93367,128121,296552,424673,2.634039846167192,6.404926182846736,0.4828786551952362,3,17,12,1.3333334
32,8,7668,00:00:00.2570000,26,88,289,58664,59156,197005,256161,484848,741009,2.965413200600027,5.782009679572263,0.4506600499153137,4,26,17,1.4705882
32,9,8343,00:00:00.3750000,31,157,524,101589,103630,408770,512400,807400,1319800,3.4523521247379145,8.713342578108566,0.38430410623550415,4,32,23,1.3478261
32,10,8995,00:00:00.5950000,45,288,943,187068,191519,832595,1024114,1307053,2331167,4.265138879979473,6.273301575244817,0.2995971441268921,5,46,34,1.3235294
32,11,9614,00:00:00.9520000,45,510,1671,329904,342266,1706990,2049256,2047042,4096298,4.877391604830496,3.0036323068874147,0.24980773031711578,4,46,36,1.25
32,12,10279,00:00:01.6130000,50,885,3018,567365,600857,3499059,4099916,3322924,7422840,5.340747138085712,4.081799361114399,0.29621684551239014,4,51,42,1.1904762
32,13,11002,00:00:02.8200000,73,1595,5491,977226,1057653,7137172,8194825,5536985,13731810,5.844791276531733,10.301196823826574,0.2881683111190796,5,74,61,1.1967213
32,14,11780,00:00:05.3250000,86,2887,10235,1661979,1891968,14497335,16389303,9332966,25722269,6.477446465930075,18.26454437924342,0.546810507774353,4,87,64,1.34375
32,15,12578,00:00:10.0660000,102,5443,19193,3053884,3537455,29233080,32770535,15537465,48308000,7.408961506068993,12.901101315352948,0.39171531796455383,5,103,70,1.4571428
32,16,13374,00:00:21.9070000,93,10152,36189,5742363,6708698,58860703,65569401,25336236,90905637,8.381645152004497,11.120261942241397,0.4599703252315521,5,94,66,1.4090909
32,17,14148,00:00:59.5550000,76,18913,68209,11248387,13409176,117783523,131192699,40368654,171561353,9.686894574306521,12.52816362085744,0.4317655563354492,4,77,54,1.4074074
32,18,14868,00:02:10.5700000,72,36037,129978,22394921,26753924,235542003,262295927,62636043,324931970,10.893726260521303,4.920633466042724,0.4021436274051666,5,73,52,1.3846154
32,19,15599,00:04:25.2990000,101,69146,249361,40389446,51056540,473720711,524777251,98587849,623365100,11.846988963403955,13.540393089353499,0.41601306200027466,5,102,70,1.4428571
32,20,16317,00:08:33.8690000,122,135896,480863,78973743,103409869,945711761,1049121630,154260778,1203382408,13.307523197931747,37.959607742186925,0.5115746855735779,6,123,77,1.5844156
33,0,3940,00:00:00.0510000,2,2,4,770,770,231,1001,6705,7706,1.348051948051948,1.8309103408552463,0,1,2,1,1
33,1,4299,00:00:00.0650000,2,2,5,1378,1378,628,2006,9960,11966,1.5798258345428158,1.9502898515814169,0,1,2,1,1
33,2,4668,00:00:00.0700000,3,4,10,2365,2366,1638,4004,15721,19725,1.6968287526427062,1.7427324298607412,0,2,3,1,2
33,3,5067,00:00:00.0940000,3,5,14,4064,4067,3938,8005,26074,34079,1.8314468503937007,1.4283204913032832,0,2,3,1,2
33,4,5501,00:00:00.1020000,5,12,29,6881,6906,9102,16008,44641,60649,1.9122220607469844,1.263427945637936,0.008102186024188995,2,5,3,1.3333334
33,5,6024,00:00:00.1270000,10,19,49,11705,11752,20252,32004,81349,113353,2.057923964117898,1.2854909506461396,0.057376306504011154,2,10,8,1.125
33,6,6617,00:00:00.1500000,14,28,79,19698,19787,44256,64043,149085,213128,2.270281246827089,1.8433558300874504,0.16725125908851624,2,14,12,1.0833334
33,7,7250,00:00:00.1880000,17,56,149,33684,33928,94148,128076,265531,393607,2.5789395558722243,3.4343768843928006,0.33291202783584595,2,17,14,1.1428572
33,8,7915,00:00:00.2580000,27,92,255,57628,58283,197881,256164,463908,720072,2.8748698549316303,4.228328835489396,0.4492810368537903,2,27,22,1.1818181
33,9,8643,00:00:00.3920000,31,165,510,97222,99591,412552,512143,813283,1325426,3.1778404064923578,5.165143100454889,0.5156689286231995,2,31,25,1.2
33,10,9420,00:00:00.6710000,46,282,956,169205,174210,850428,1024638,1411036,2435674,3.637534351821755,9.513023303139509,0.5113618969917297,3,46,35,1.2857143
33,11,10228,00:00:01.1520000,60,531,1831,293639,305393,1743035,2048428,2408580,4457008,4.164613692322886,11.013949448864915,0.49671950936317444,4,61,46,1.3043479
33,12,11035,00:00:02.0380000,63,914,3291,510020,545078,3554254,4099332,3942397,8041729,4.762975961726991,7.516422887325214,0.47924795746803284,4,64,50,1.26
33,13,11869,00:00:03.7680000,78,1676,5983,906171,985414,7212927,8198341,6482932,14681273,5.434841768275525,8.667115452317281,0.4867301881313324,4,79,59,1.3220339
33,14,12729,00:00:07.2280000,88,2908,10971,1568696,1787641,14597722,16385363,10663351,27048714,6.149493592130024,10.859286122005502,0.40687888860702515,4,89,69,1.2753624
33,15,13580,00:00:19.3090000,98,5350,20168,2967085,3444725,29342552,32787277,17256406,50043683,7.253540090695076,12.66440721817805,0.35016384720802307,5,99,70,1.4
33,16,14401,00:00:47.4480000,95,9799,37249,5610603,6544331,59012096,65556427,27384384,92940811,8.21537809750574,8.958424719534259,0.4696245789527893,5,96,67,1.4179105
33,17,15228,00:01:37.4660000,107,18675,70061,10378896,12543450,118584249,131127699,43459071,174586770,9.248332867002425,20.174708376857016,0.448626309633255,5,108,79,1.3544304
33,18,15919,00:02:53.1380000,59,37685,131245,26939836,30909849,231290000,262199849,64548118,326747967,12.06349088390887,2.610221446601812,0.32884106040000916,5,60,41,1.4390244
33,19,16484,00:04:44.9870000,35,72363,246557,55293304,61997501,462595747,524593248,92459878,617053126,13.021516945342967,1.4045602072681929,0.1135229766368866,4,36,30,1.1666666
33,20,17108,00:08:36.5220000,60,139292,475656,88848851,110952910,938486191,1049439101,141264560,1190703661,13.532831302455447,2.6639460668328026,0.10288871824741364,4,61,52,1.1538461
34,0,3499,00:00:00.0460000,2,2,2,780,780,227,1007,6469,7476,1.4371794871794872,1.9689194142012498,0,1,2,1,1
34,1,3886,00:00:00.0710000,2,2,4,1357,1357,649,2006,9950,11956,1.6190125276344878,1.8927637052244008,0,1,2,1,1
34,2,4230,00:00:00.0750000,2,3,8,2362,2363,1643,4006,15296,19302,1.7561388653683319,1.5842481817591225,0,1,2,1,1
34,3,4635,00:00:00.0970000,4,7,14,4064,4067,3938,8005,25921,33926,1.8722933070866141,1.3241601774917942,0,2,4,2,1.5
34,4,5085,00:00:00.1140000,6,8,22,6927,6934,9070,16004,45318,61322,1.974880900822867,1.1771716506105265,0.020969020202755928,2,6,4,1.25
34,5,5605,00:00:00.1270000,8,17,45,11809,11842,20179,32021,81792,113813,2.0479295452620883,1.224455443903277,0.06080510467290878,2,8,6,1.1666666
34,6,6191,00:00:00.1480000,9,34,83,19845,19953,44066,64019,148126,212145,2.201713277903754,1.6101316307973441,0.16230084002017975,2,9,7,1.1428572
34,7,6835,00:00:00.1840000,14,43,146,33741,33972,94130,128102,266177,394279,2.526777511039981,3.430702637871792,0.3356485664844513,2,14,12,1.0833334
34,8,7516,00:00:00.2480000,22,84,284,57151,57767,198350,256117,469077,725194,2.8210704974541128,5.302762564256888,0.4864766299724579,2,22,17,1.2352941
34,9,8268,00:00:00.3720000,31,150,509,96158,98012,414392,512404,828795,1341199,3.043199733771501,5.5694086264510165,0.5348578095436096,2,31,25,1.2
34,10,9098,00:00:00.6380000,46,295,1009,164101,169564,854638,1024202,1466961,2491163,3.4781019006587406,10.653234428751691,0.5473551750183105,3,46,34,1.3235294
34,11,9906,00:00:01.1240000,62,488,1803,296360,310560,1738983,2049543,2457118,4506661,4.305398839249562,16.776857872145104,0.5536922812461853,4,63,43,1.4418604
34,12,10669,00:00:01.8620000,57,883,3235,527914,561826,3537446,4099272,3911864,8011136,4.952109623916017,10.267023317788187,0.44336262345314026,4,58,37,1.5405406
34,13,11464,00:00:03.3140000,60,1617,5890,932111,1013377,7184305,8197682,6339035,14536717,5.618281513682383,14.754937171587152,0.48407769203186035,4,61,43,1.3953488
34,14,12259,00:00:05.9360000,75,2912,10866,1723337,1897745,14491974,16389719,10202149,26591868,6.517774526978763,8.666193473180957,0.5704584121704102,4,76,56,1.3392857
34,15,13055,00:00:10.6600000,83,5382,20068,3122796,3530135,29241019,32771154,16392434,49163588,7.35792155491425,7.557751900752374,0.44522207975387573,5,84,64,1.296875
34,16,13858,00:00:19.7680000,89,9923,37367,5786356,6782684,58804317,65587001,26277070,91864071,8.485445071129394,13.976623838401549,0.39544376730918884,5,90,66,1.3484849
34,17,14521,00:00:44.5640000,55,19508,68588,13929710,15634404,115511574,131145978,39089262,170235240,10.699796621753073,2.0739115998168005,0.18996796011924744,6,56,42,1.3095238
34,18,15137,00:01:35.9640000,45,36844,128879,26162452,29532926,232718481,262251407,58246341,320497748,11.447608274637256,2.8018576913008757,0.1657750904560089,4,46,35,1.2857143
34,19,15797,00:03:27.7070000,72,71335,247056,44510758,54971725,469852704,524824429,90721330,615545759,12.234206930378495,9.651646019378521,0.22729909420013428,4,73,53,1.3584906
34,20,16469,00:07:14.1580000,114,139937,477985,80743381,107342868,941686943,1049029811,142927518,1191957329,13.45063312372317,24.06649083246285,0.4880167841911316,5,114,82,1.3780488
35,0,4014,00:00:00.0470000,2,2,5,761,761,240,1001,5941,6942,1.0091984231274638,1.0185660474298683,0,1,2,1,1
35,1,4511,00:00:00.0610000,4,4,8,1286,1286,718,2004,10638,12642,1.0287713841368584,1.0594967701835323,0.015111051499843597,1,4,3,1
35,2,5107,00:00:00.0790000,5,6,13,2272,2273,1730,4003,19866,23869,1.085387323943662,1.190808161148762,0.05889449268579483,1,5,4,1
35,3,5797,00:00:00.0910000,7,9,25,3871,3874,4132,8006,37623,45629,1.2831309739085508,1.8219094017235042,0.20203574001789093,2,7,5,1.2
35,4,6389,00:00:00.1040000,8,15,42,6838,6854,9172,16026,62542,78568,1.655601052939456,3.760246058698675,0.528950572013855,2,8,5,1.4
35,5,6930,00:00:00.1370000,9,17,63,11810,11831,20172,32003,99932,131935,2.0729043183742593,5.3874326506181065,0.7650209069252014,2,9,5,1.6
35,6,7472,00:00:00.1590000,11,26,101,20112,20197,43829,64026,161262,225288,2.4357100238663483,4.333567206868508,0.7721204161643982,3,11,6,1.6666666
35,7,8039,00:00:00.1920000,18,43,156,34978,35094,93056,128150,266076,394226,2.792926982674824,2.8185241457153816,0.606087863445282,3,18,12,1.4166666
35,8,8639,00:00:00.2480000,22,77,272,60218,60739,195395,256134,444133,700267,3.100584542827726,2.6156978764393606,0.47876015305519104,4,22,14,1.5
35,9,9278,00:00:00.3480000,26,161,499,104223,106105,405957,512062,749000,1261062,3.580265392475749,4.313992376155377,0.38094720244407654,5,27,17,1.5294118
35,10,9881,00:00:00.5420000,29,270,867,193521,198652,825627,1024279,1206445,2230724,4.594803664718557,6.20346468695531,0.2543998956680298,4,30,20,1.45
35,11,10410,00:00:00.8050000,23,482,1500,365399,376395,1672914,2049309,1839769,3889078,5.5143254360302025,2.452907349005263,0.17285072803497314,5,24,15,1.5333333
35,12,10964,00:00:01.2930000,26,880,2736,636878,663302,3437165,4100467,2907221,7007688,5.9453034961169955,1.6597860216328506,0.0877053290605545,6,27,17,1.5294118
35,13,11588,00:00:02.2770000,41,1584,5148,1083460,1149725,7050428,8200153,4824304,13024457,6.357448359884075,2.4794416094270253,0.11505313962697983,5,42,34,1.2058823
35,14,12249,00:00:04.3090000,59,2945,9683,1945957,2128736,14264029,16392765,8054535,24447300,7.21808241394851,8.32282632478309,0.22970236837863922,4,59,47,1.2340425
35,15,12905,00:00:10.7290000,65,5453,18253,3644823,4039394,28741592,32780986,13156315,45937301,8.19898387383969,10.195207325148314,0.24820837378501892,5,66,50,1.3
35,16,13567,00:00:29.9390000,72,10275,34755,6835418,7630439,57961275,65591714,21278169,86869883,9.140581307536715,13.49057250931692,0.3887942433357239,4,72,50,1.42
35,17,14231,00:01:07.2450000,67,19520,66355,12838058,14676290,116466070,131142360,34272836,165415196,10.170042151235023,10.633718982538955,0.4148868918418884,5,68,47,1.4255319
35,18,14910,00:02:18.2420000,83,36771,126917,23094683,27539207,234844650,262383857,55293793,317677650,11.03134864418793,6.721906268400128,0.2960202991962433,5,84,61,1.3606558
35,19,15622,00:04:37.4020000,113,70654,246124,40352563,51882519,472883858,524766377,90293118,615059495,11.934999419987276,18.409716719942274,0.43788817524909973,5,114,79,1.4303797
35,20,16310,00:08:55.6480000,106,140981,478164,84079108,110372669,938987609,1049360278,143439430,1192799708,13.828329993700695,17.69094031968475,0.42757171392440796,6,107,70,1.5142857
36,0,3198,00:00:00.0380000,2,2,3,737,737,265,1002,6273,7275,1.0094979647218454,1.019176269175624,0,1,2,1,1
36,1,3788,00:00:00.0530000,2,2,5,1281,1281,729,2010,11722,13732,1.0031225604996097,1.0062646367903665,0,1,2,1,1
36,2,4412,00:00:00.0600000,2,3,11,2275,2276,1734,4010,21257,25267,1.003076923076923,1.0061727562712903,0,1,2,1,1
36,3,5224,00:00:00.0910000,6,7,26,3702,3704,4297,8001,42508,50509,1.0291734197730957,1.060621714689298,0.020933710038661957,1,6,5,1
36,4,6091,00:00:00.1190000,9,14,40,6270,6282,9730,16012,79696,95708,1.1645933014354066,1.4169267099869896,0.1186748817563057,1,9,8,1
36,5,6912,00:00:00.1420000,12,18,61,10944,10966,21044,32010,136762,168772,1.528234649122807,3.3204103018367612,0.36122211813926697,2,12,10,1.1
36,6,7675,00:00:00.1760000,17,33,106,18747,18829,45239,64068,223588,287656,1.8587507334506854,4.78377923386938,0.5240459442138672,2,17,13,1.2307693
36,7,8451,00:00:00.2310000,26,51,176,31659,31865,96151,128016,366382,494398,2.159291196816071,6.037023561996103,0.6193498969078064,2,26,21,1.1904762
36,8,9244,00:00:00.3170000,33,102,324,54970,55656,200517,256173,601312,857485,2.554138621066036,7.784405523117082,0.5686156749725342,3,33,25,1.28
36,9,10060,00:00:00.4820000,45,160,565,94884,96682,415482,512164,991838,1504002,2.9526263648244173,6.267018155749069,0.4772116541862488,3,46,36,1.25
36,10,10917,00:00:00.7500000,58,293,1033,162549,167641,856466,1024107,1650219,2674326,3.4094334631403456,9.100569906481061,0.4202418923377991,4,59,43,1.3488373
36,11,11777,00:00:01.2540000,65,549,1920,285813,300674,1747977,2048651,2713759,4762410,4.070749056201082,10.998561828666524,0.3954083323478699,4,66,52,1.25
36,12,12587,00:00:02.1270000,75,918,3311,520142,553929,3544128,4098057,4253359,8351416,4.896376374143983,8.333858765626648,0.2962482273578644,6,76,56,1.3392857
36,13,13286,00:00:03.4110000,52,1631,5862,1088268,1163281,7031180,8194461,6363021,14557482,6.593771019638545,5.965689765227678,0.20352588593959808,5,53,38,1.3684211
36,14,13888,00:00:05.4310000,37,2970,10311,2125514,2257536,14139983,16397519,9305981,25703500,7.58323022101948,5.2818150093388905,0.16870562732219696,6,38,26,1.4230769
36,15,14527,00:00:11.4470000,54,5401,18835,3703131,4033283,28764703,32797986,14293733,47091719,8.142477271260455,6.315610021036101,0.2781011164188385,5,55,41,1.3170732
36,16,15174,00:00:29.9480000,67,10150,34894,7084761,7931027,57624953,65555980,22209627,87765607,9.417666312243984,6.69115198134957,0.23071125149726868,6,68,49,1.3673469
36,17,15785,00:01:03.3750000,47,19570,65760,13925339,15698273,115468626,131166899,34146907,165313806,10.61697822939894,6.025063052823666,0.18490028381347656,5,48,35,1.3428571
36,18,16404,00:02:06.3150000,60,37699,125805,25694574,29668418,232652875,262321293,53354693,315675986,11.46768453915601,4.695809059004057,0.1652693897485733,5,61,48,1.25
36,19,17054,00:04:09.8080000,95,72611,243546,45221914,55697561,469057389,524754950,85307149,610062099,12.358345181939889,5.362592386955935,0.20059892535209656,6,96,70,1.3571428
36,20,17694,00:08:04.5590000,80,143573,473489,89203385,114698195,934583252,1049281447,134926768,1184208215,13.966129144090216,9.452400625270567,0.2792973816394806,6,81,57,1.4035088
37,0,3887,00:00:00.0510000,1,1,4,758,758,243,1001,7669,8670,1,1,0,0,1,1,0
37,1,4395,00:00:00.0640000,1,1,7,1316,1316,685,2001,12236,14237,1,1,0,0,1,1,0
37,2,5102,00:00:00.0740000,5,6,15,2219,2220,1782,4002,23274,27276,1.0450653447498874,1.0957263853433943,0.0326821506023407,1,5,4,1
37,3,5843,00:00:00.1150000,6,6,22,3801,3801,4202,8003,42671,50674,1.1670612996579848,1.4188470861977818,0.11485753208398819,1,6,5,1
37,4,6569,00:00:00.1290000,7,9,32,6432,6436,9573,16009,73812,89821,1.4323694029850746,2.474655674981833,0.26042285561561584,2,7,5,1.2
37,5,7224,00:00:00.1490000,11,21,64,11349,11385,20648,32033,119497,151530,1.7943431139307429,3.42018333949157,0.4195728898048401,2,11,8,1.25
37,6,7869,00:00:00.1790000,15,30,111,19548,19622,44437,64059,192850,256909,2.1692244730918766,3.9831925265117,0.42130088806152344,3,15,10,1.4
37,7,8461,00:00:00.2170000,18,42,166,35305,35553,92556,128109,300929,429038,2.9347684463956947,6.348646270483838,0.34174782037734985,3,18,13,1.3076923
37,8,8973,00:00:00.2700000,17,90,278,64310,65076,191051,256127,453290,709417,3.606810760379412,3.503950866782616,0.3010753393173218,4,17,10,1.6
37,9,9515,00:00:00.3560000,20,150,486,109863,111661,400430,512091,714479,1226570,3.910697869164323,2.42860539732609,0.3542368412017822,4,21,13,1.5384616
37,10,10140,00:00:00.5540000,31,265,861,183744,187933,837063,1024996,1199899,2224895,4.12918517067224,2.6644591390417833,0.3741609454154968,5,32,24,1.2916666
37,11,10825,00:00:00.9050000,41,488,1583,310587,324271,1724515,2048786,2022318,4071104,4.5150537530546995,5.237621151945932,0.31283852458000183,4,42,32,1.28125
37,12,11528,00:00:01.5620000,54,896,3011,559230,595672,3500465,4096137,3362084,7458221,5.3207749941884375,10.007235447545867,0.5989558100700378,5,55,38,1.4210526
37,13,12167,00:00:02.6640000,60,1727,5588,1148655,1216061,6982492,8198553,5301569,13500122,6.858763510366472,5.477356375167436,0.3603392541408539,7,61,38,1.5789474
37,14,12686,00:00:04.3110000,31,3191,9908,2452589,2594623,13802903,16397526,7820111,24217637,8.5889266403788,3.535158692183935,0.10413409024477005,7,32,20,1.55
37,15,13134,00:00:07.2780000,21,5797,17824,5067783,5337351,27433329,32770680,11283305,44053985,9.96829935299124,3.2445920862647375,0.06384992599487305,5,22,14,1.5
37,16,13591,00:00:18.2520000,29,11012,33375,9244775,9828921,55792337,65621258,16939205,82560463,10.633056293960642,2.184503024884229,0.05938761681318283,4,29,23,1.2173913
37,17,14105,00:00:43.7730000,39,20782,63603,15373843,17249384,113859834,131109218,27021875,158131093,11.052698144504273,2.021277655516584,0.07838468998670578,5,39,30,1.2666667
37,18,14667,00:01:38.1140000,69,39996,122710,27207677,32309272,229998041,262307313,44437492,306744805,12.018456592233141,5.7832771238977045,0.23216578364372253,4,69,52,1.3076923
37,19,15207,00:03:16.9980000,78,78921,238371,56500625,66796279,457923742,524720021,70841428,595561449,13.60235172619772,14.940224745997833,0.27619481086730957,5,78,53,1.4528302
37,20,15724,00:06:19.0480000,69,153412,465066,110147114,132304059,916768464,1049072523,111182674,1160255197,14.720259751880562,7.562937353368102,0.3068148195743561,5,69,51,1.3333334
38,0,4028,00:00:00.0520000,3,3,5,754,754,248,1002,6891,7893,1.0119363395225465,1.0242240277898156,0,1,3,2,1
38,1,4592,00:00:00.0760000,2,2,5,1279,1279,722,2001,12153,14154,1.0023455824863174,1.004702127065752,0,1,2,1,1
38,2,5256,00:00:00.0840000,1,4,14,2207,2211,1794,4005,22447,26452,1,1,0,0,1,1,0
38,3,6066,00:00:00.1150000,6,7,25,3651,3652,4354,8006,43841,51847,1.0679265954533004,1.1433539960912473,0.043753549456596375,2,6,4,1.25
38,4,6839,00:00:00.1320000,6,10,38,6446,6456,9557,16013,76658,92671,1.4171579273968353,1.932935511492928,0.11562696099281311,2,6,4,1.25
38,5,7404,00:00:00.1490000,9,18,58,11904,11934,20089,32023,115693,147716,2.203125,2.8565409457252464,0.09882735460996628,3,9,6,1.3333334
38,6,7888,00:00:00.1680000,9,34,92,20854,20984,43073,64057,170891,234948,2.710942744797161,1.699951762887637,0.08971288055181503,3,9,5,1.6
38,7,8395,00:00:00.2000000,11,58,166,35845,36260,91876,128136,264749,392885,2.9713767610545405,1.3979654552394751,0.05299730971455574,3,11,7,1.4285715
38,8,8963,00:00:00.2630000,20,108,297,60472,61624,194696,256320,434983,691303,3.227196057679587,1.7819708767195945,0.048923008143901825,4,20,15,1.2666667
38,9,9581,00:00:00.3700000,36,160,507,105061,107345,405247,512592,732126,1244718,3.634697937388755,3.120232197182653,0.06096179783344269,4,37,30,1.2
38,10,10221,00:00:00.5840000,42,288,911,184605,190177,833953,1024130,1227805,2251935,4.200487527423418,4.735616365066227,0.2372635304927826,3,42,36,1.1388888
38,11,10866,00:00:00.9450000,47,489,1616,320297,334152,1715458,2049610,1998288,4047898,4.724296512299522,5.8621453925108336,0.29520484805107117,3,47,37,1.2432432
38,12,11562,00:00:01.6110000,56,895,2993,553793,586473,3510181,4096654,3333252,7429906,5.202389701567192,7.381796538096245,0.34217163920402527,4,56,43,1.2790698
38,13,12296,00:00:02.8490000,74,1627,5550,997546,1068085,7125500,8193585,5572441,13766026,5.949812840711105,16.061707082845185,0.34657183289527893,5,75,53,1.3962264
38,14,12982,00:00:05.0070000,67,3010,10173,1971416,2135072,14254917,16389989,8901467,25291456,7.300761483116704,5.357363954367703,0.2977468967437744,5,68,50,1.34
38,15,13631,00:00:08.9460000,51,5422,18795,3708833,4042296,28730391,32772687,13951921,46724608,8.20826820727706,3.5659594784746536,0.198726087808609,6,52,35,1.4571428
38,16,14266,00:00:20.4550000,43,10318,34985,7397343,8194954,57399821,65594775,21709313,87304088,9.654792267980543,5.250096345231731,0.15316525101661682,6,44,32,1.34375
38,17,14829,00:00:48.0030000,44,20070,65835,15183235,16738259,114457605,131195864,32697312,163893176,10.97927220384852,2.194269122414891,0.07309295237064362,6,45,36,1.2222222
38,18,15407,00:01:45.0920000,57,38526,125733,27454570,31238699,231050430,262289129,50681569,312970698,11.795237769158286,4.80760580946487,0.10287296026945114,6,58,47,1.2127659
38,19,16005,00:03:37.8850000,67,74217,242704,49520670,59924796,464650498,524575294,80049252,604624546,12.813368579221565,11.304908711803689,0.4075850248336792,4,67,52,1.2692307
38,20,16618,00:07:20.1620000,86,144639,472165,89352944,114701608,934984890,1049686498,127796553,1177483051,13.816703196707206,9.023024644075399,0.46452954411506653,5,86,60,1.4166666
3,0,4378,00:00:00.1110000,1,1,2,738,738,263,1001,7478,8479,1,1,0,0,1,1,0
3,1,4867,00:00:00.1330000,1,1,2,1317,1317,692,2009,11893,13902,1,1,0,0,1,1,0
3,2,5427,00:00:00.1470000,2,4,7,2264,2267,1735,4002,20378,24380,1.0030918727915195,1.0062028624434565,0,1,2,1,1
3,3,6174,00:00:00.1960000,4,7,21,3799,3804,4200,8004,39724,47728,1.027375625164517,1.0564238802486694,0.007631928659975529,1,4,3,1
3,4,7040,00:00:00.2420000,6,8,40,6487,6489,9526,16015,76375,92390,1.2395560351472175,1.4718295614726182,0.08553554117679596,2,6,4,1.25
3,5,7704,00:00:00.2760000,10,20,70,11637,11662,20375,32037,122120,154157,2.1153218183380598,3.0982337306896786,0.15383946895599365,3,10,7,1.2857143
3,6,8169,00:00:00.3090000,10,29,108,21306,21386,42696,64082,174519,238601,2.8262461278513094,2.2287613087504377,0.17382602393627167,3,10,6,1.5
3,7,8630,00:00:00.3520000,12,54,168,37325,37625,90384,128009,259673,387682,3.2101272605492297,2.3623089482901407,0.15884235501289368,4,12,5,2.2
3,8,9122,00:00:00.4180000,20,81,254,64792,65378,190918,256296,405677,661973,3.5944098036794667,3.426427413968813,0.1581852287054062,4,20,13,1.4615384
3,9,9647,00:00:00.5350000,24,163,460,112424,114276,398032,512308,658011,1170319,4.094312602291326,4.816542974361094,0.2564224898815155,3,24,17,1.3529412
3,10,10190,00:00:00.7760000,31,269,825,196955,201344,822661,1024005,1067902,2091907,4.569962681830875,6.0361601951036965,0.3097088932991028,4,32,22,1.4090909
3,11,10782,00:00:01.1400000,35,489,1539,334824,347130,1702409,2049539,1781071,3830610,4.944406613623874,6.120135925809352,0.36196252703666687,4,36,27,1.2962962
3,12,11440,00:00:01.8810000,52,891,2811,574922,603743,3493935,4097678,3045899,7143577,5.368536949360087,9.01257526263602,0.5160713791847229,4,53,38,1.3684211
3,13,12153,00:00:03.3720000,67,1561,5288,992126,1070518,7125100,8195618,5229941,13425559,5.932941985191397,14.401755184626012,0.5912728905677795,4,68,48,1.3958334
3,14,12904,00:00:06.4260000,86,2933,10023,1765632,1946411,14450013,16396424,8892182,25288606,6.661897269646223,14.421214213411055,0.40623050928115845,5,87,63,1.3650794
3,15,13664,00:00:15.3110000,81,5406,18847,3250802,3673808,29103451,32777259,14806056,47583315,7.642782919414963,11.172774688275606,0.2987198531627655,6,82,59,1.3728814
3,16,14395,00:00:37.1590000,63,10145,35443,6392440,7265648,58300009,65565657,23761208,89326865,8.906342961373122,8.225932885278695,0.31496044993400574,6,64,42,1.5
3,17,15052,00:01:14.3200000,51,19553,66676,13659029,15252058,115835989,131088047,36539412,167627459,10.482885350049408,3.4090670043377487,0.3115810453891754,5,52,37,1.3783784
3,18,15683,00:02:21.3440000,58,36935,127015,25738800,29228854,232955246,262184100,56115998,318300098,11.397022316502712,3.642829871310721,0.1550789177417755,6,59,46,1.2608696
3,19,16330,00:04:28.9580000,81,72075,245184,47737029,57270496,467403894,524674390,87872484,612546874,12.603555135364624,12.512979838921995,0.19263856112957,7,82,60,1.35
3,20,16914,00:08:03.8070000,70,145789,473243,105509509,125108146,924626981,1049735127,133166815,1182901942,14.504114903994104,11.001555252164296,0.2099851667881012,7,71,51,1.372549
39,0,2752,00:00:00.0370000,2,2,7,755,755,246,1001,5751,6752,1.0768211920529802,1.1652830786885244,0,1,2,1,1
39,1,3201,00:00:00.0510000,3,5,10,1325,1327,674,2001,9818,11819,1.1758490566037736,1.4092023031155863,0.012231823056936264,1,3,2,1
39,2,3691,00:00:00.0680000,6,7,15,2319,2321,1690,4011,17266,21277,1.4208710651142733,2.0509576814201242,0.09803660213947296,1,6,5,1
39,3,4175,00:00:00.0770000,9,11,24,3977,3981,4022,8003,29766,37769,1.6547648981644456,2.2798301791148723,0.19479158520698547,2,9,6,1.3333334
39,4,4658,00:00:00.1050000,10,16,36,6805,6818,9199,16017,50698,66715,1.9024246877296105,2.0139162990548476,0.284293532371521,2,10,7,1.2857143
39,5,5170,00:00:00.1190000,10,20,49,11768,11805,20207,32012,86806,118818,2.188392250169952,2.304448481060118,0.4497608244419098,2,10,7,1.2857143
39,6,5687,00:00:00.1380000,13,29,82,20654,20706,43336,64042,145346,209388,2.5094896872276555,2.571013738813316,0.519743025302887,2,13,9,1.3333334
39,7,6243,00:00:00.1680000,16,42,143,35255,35411,92681,128092,247962,376054,2.8259537654233444,2.2193404614579637,0.47449204325675964,3,16,10,1.5
39,8,6842,00:00:00.2220000,19,73,251,60080,60652,195568,256220,426363,682583,3.1344207723035953,2.3398556264455177,0.36487510800361633,3,20,13,1.4615384
39,9,7479,00:00:00.3220000,23,162,513,103963,105528,406858,512386,730639,1243025,3.5358541019401133,3.810446291000052,0.31640079617500305,3,24,17,1.3529412
39,10,8161,00:00:00.5390000,33,298,952,178505,183221,841332,1024553,1257346,2281899,3.9652838856054453,4.8374084011392755,0.277893990278244,4,34,26,1.2692307
39,11,8865,00:00:00.9480000,49,510,1702,309975,323799,1725113,2048912,2106188,4155100,4.514451165416566,6.141264274974963,0.22360871732234955,4,50,40,1.225
39,12,9573,00:00:01.6590000,63,890,3069,556276,590399,3508615,4099014,3456973,7555987,5.267243238967707,8.074602534898995,0.2289878875017166,5,64,49,1.2857143
39,13,10285,00:00:02.8680000,62,1589,5554,1002973,1081917,7114149,8196066,5633799,13829865,6.0456123943515925,12.42850431360395,0.3764181137084961,5,63,44,1.4090909
39,14,10997,00:00:05.2140000,64,2977,10324,1885082,2038508,14350103,16388611,9103389,25492000,6.981831029101121,15.477740596146607,0.43966707587242126,4,65,49,1.3061224
39,15,11703,00:00:11.4030000,59,5460,19057,3432342,3821546,28950300,32771846,14607753,47379599,7.842418966408359,8.708350567198368,0.38888368010520935,4,60,42,1.4047619
39,16,12422,00:00:32.3520000,74,10054,35601,6335046,7221980,58343675,65565655,23420440,88986095,8.79402612072588,8.877157747866795,0.4682362675666809,4,75,57,1.2982457
39,17,13136,00:01:11.7900000,77,19212,67409,11593663,13839952,117273570,131113522,37365561,168479083,9.800514643215005,3.200201026613389,0.2911921739578247,4,78,61,1.2622951
39,18,13862,00:02:26.2060000,98,36555,128846,21583554,26615823,235721468,262337291,59815567,322152858,10.87437555464684,6.694994807642562,0.34563788771629333,4,99,77,1.2727273
39,19,14566,00:04:38.4980000,96,70805,247908,43172830,53345356,471312161,524657517,94305807,618963324,12.216781827830141,8.441456863240537,0.25777116417884827,6,97,73,1.3150685
39,20,15214,00:08:33.7390000,72,141447,477454,97231274,116510325,932551901,1049062226,144429605,1193491831,14.11905657021423,4.459373619001214,0.20101293921470642,8,73,51,1.4117647
40,0,3524,00:00:00.0450000,1,1,1,758,758,245,1003,5932,6935,1,1,0,0,1,1,0
40,1,4028,00:00:00.0580000,4,4,4,1300,1300,704,2004,10427,12431,1.0084615384615385,1.0171054191414561,0,1,4,3,1
40,2,4617,00:00:00.0760000,5,6,8,2217,2219,1786,4005,19593,23598,1.0613441587731167,1.1326016008612403,0.040957797318696976,1,5,4,1
40,3,5348,00:00:00.0890000,9,11,21,3803,3807,4194,8001,38747,46748,1.2632132526952407,1.7341075171430607,0.1626506745815277,2,9,7,1.1428572
40,4,5989,00:00:00.1030000,11,15,30,6635,6642,9360,16002,66006,82008,1.6645064054257723,3.690578383064316,0.37909814715385437,2,11,7,1.4285715
40,5,6542,00:00:00.1360000,11,22,57,11696,11723,20293,32016,104884,136900,2.060875512995896,4.594947170711587,0.446852445602417,2,11,7,1.4285715
40,6,7087,00:00:00.1600000,12,33,103,20170,20298,43750,64048,166873,230921,2.4720872583044127,3.009056046953475,0.26377928256988525,3,12,7,1.5714285
40,7,7641,00:00:00.1950000,16,47,168,34995,35263,92796,128059,269162,397221,2.7826260894413486,1.79791082260943,0.1570337861776352,3,16,11,1.3636364
40,8,8251,00:00:00.2560000,22,87,290,59135,59750,196405,256155,450782,706937,3.0529297370423607,1.5966471038980905,0.08848290890455246,4,22,16,1.3125
40,9,8901,00:00:00.3620000,26,134,510,104833,106132,406122,512254,761470,1273724,3.6180401209542796,3.1320188460752774,0.08815174549818039,4,27,19,1.3684211
40,10,9500,00:00:00.5570000,27,262,893,193365,197283,827240,1024523,1214928,2239451,4.462586300519742,2.8766267886601753,0.10290435701608658,5,28,21,1.2857143
40,11,10088,00:00:00.8780000,30,452,1551,340191,351312,1697876,2049188,1920424,3969612,5.021382105934608,1.9994562030240952,0.12031091004610062,4,30,23,1.2608696
40,12,10701,00:00:01.4530000,39,863,2854,614516,642021,3455335,4097356,3096045,7193401,5.8080733455272116,4.371486278845233,0.19889353215694427,5,39,29,1.3103448
40,13,11295,00:00:02.4210000,46,1617,5268,1148672,1215613,6984791,8200404,4913551,13113955,6.742655866948963,5.133669305336545,0.1866093873977661,5,47,38,1.2105263
40,14,11908,00:00:04.2900000,52,2986,9731,2049842,2205800,14194789,16400589,7918992,24319581,7.419263533482093,6.590948372332748,0.2895735204219818,4,52,42,1.2142857
40,15,12544,00:00:08.1780000,59,5601,18367,3740745,4119557,28679815,32799372,12861709,45661081,8.298961035836445,7.45806725334098,0.3316395878791809,5,60,45,1.3111111
40,16,13191,00:00:23.0260000,68,10345,34774,6809889,7695113,57846272,65541385,20804600,86345985,9.166587003106805,5.38100628035095,0.3550109565258026,5,69,50,1.36
40,17,13866,00:00:57.6100000,79,19514,66486,12239178,14386474,116812141,131198615,34022401,165221016,10.026791260001284,9.935029054036605,0.3737849295139313,6,80,58,1.362069
40,18,14548,00:02:04.9900000,98,37197,127146,23394141,28060293,234310266,262370559,55085681,317456240,11.221339522575333,12.436424684880352,0.37266209721565247,5,99,76,1.2894737
40,19,15201,00:04:05.3080000,81,72124,244615,46712690,56509507,467786133,524295640,87084074,611379714,12.533592713243447,8.024024911397385,0.304357647895813,6,82,57,1.4210526
40,20,15854,00:07:57.0610000,90,139820,474574,86447731,109087899,939787648,1048875547,137947069,1186822616,13.5317201558477,11.05289160463017,0.3854440152645111,5,91,65,1.3846154
41,0,4858,00:00:00.0550000,1,1,1,754,754,248,1002,8491,9493,1,1,0,0,1,1,0
41,1,5376,00:00:00.0690000,4,5,8,1344,1345,660,2005,13012,15017,1.0163690476190477,1.0334120107306168,0,1,4,3,1
41,2,6092,00:00:00.0880000,2,3,10,2233,2234,1775,4009,24195,28204,1.0282131661442007,1.0580155668233604,0,1,2,1,1
41,3,6811,00:00:00.1160000,3,5,22,3809,3812,4192,8004,42796,50800,1.1748490417432398,1.412440285042799,0.05707396939396858,1,3,2,1
41,4,7494,00:00:00.1280000,5,6,30,6508,6509,9495,16004,71674,87678,1.4720344191763983,2.0987400349575953,0.10703731328248978,2,5,3,1.3333334
41,5,8125,00:00:00.1420000,5,10,49,11434,11441,20578,32019,115228,147247,1.7562532796921462,1.7521078437763908,0.14156198501586914,2,5,3,1.3333334
41,6,8820,00:00:00.1670000,6,23,98,18919,18975,45063,64038,194655,258693,1.940641682964216,1.3266952767979492,0.11874328553676605,2,6,4,1.25
41,7,9599,00:00:00.2160000,12,51,193,31885,32151,95952,128103,338653,466756,2.121687313783911,1.4531397426361572,0.11756066232919693,2,12,10,1.1
41,8,10412,00:00:00.3040000,26,87,345,54883,55457,200725,256182,579274,835456,2.597871836452089,2.899723845233389,0.11204951256513596,3,26,22,1.1363636
41,9,11150,00:00:00.4620000,31,160,601,100096,101786,410621,512407,930754,1443161,3.3418318414322252,5.5504053317594595,0.1622011512517929,4,32,26,1.1923077
41,10,11839,00:00:00.6600000,34,278,988,179383,184132,839922,1024054,1460345,2484399,4.017811052329374,8.193408604999224,0.31811222434043884,4,34,26,1.2692307
41,11,12524,00:00:01.0380000,37,478,1705,313791,326408,1721978,2048386,2283905,4332291,4.589554831081835,5.848992484554119,0.3163444399833679,5,37,27,1.3333334
41,12,13237,00:00:01.7100000,47,880,3091,550323,582285,3514591,4096876,3647877,7744753,5.1788749516193215,5.191813498431598,0.23587828874588013,5,48,38,1.2368422
41,13,13948,00:00:02.9400000,57,1592,5605,1031809,1100385,7098933,8199318,5814377,14013695,6.155526846538458,5.553807614109867,0.19834697246551514,5,58,45,1.2666667
41,14,14647,00:00:05.2000000,54,2911,10172,1881848,2028977,14357845,16386822,9230175,25616997,6.910023019925095,2.7112772227864297,0.17892132699489594,5,55,43,1.255814
41,15,15390,00:00:09.7900000,75,5268,18935,3278763,3671993,29117291,32789284,15025755,47815039,7.57569211315365,5.225200050347412,0.16525161266326904,6,76,61,1.2295082
41,16,16134,00:00:25.0920000,86,10060,35522,6199635,7138441,58411875,65550316,24151605,89701921,8.773096319380093,23.492347777364348,0.42698776721954346,5,87,59,1.4576272
41,17,16842,00:01:01.1660000,80,18914,67234,12163245,14109671,117080870,131190541,37966017,169156558,9.958830969860427,21.202847441696097,0.4476131796836853,6,81,51,1.5686275
41,18,17533,00:02:09.2020000,85,36429,128310,23748746,27801045,234391974,262193019,59322613,321515632,11.167167647504419,17.091936493408003,0.392015665769577,5,86,53,1.6037736
41,19,18192,00:04:11.8510000,80,71465,246206,47536599,56435139,468287548,524722687,91634778,616357465,12.533021114951872,6.161355927930236,0.3041321635246277,6,81,48,1.6666666
41,20,18831,00:07:58.2130000,85,140255,476046,91451964,113017497,936235826,1049253323,141365441,1190618764,13.783331006428686,8.92060725085205,0.28624722361564636,5,86,55,1.5454545
42,0,4817,00:00:00.1210000,2,2,7,757,757,246,1003,7300,8303,1.0026420079260239,1.0052980316224112,0,1,2,1,1
42,1,5393,00:00:00.1480000,3,3,9,1296,1296,705,2001,12607,14608,1.0123456790123457,1.0250761506497121,0,1,3,2,1
42,2,6009,00:00:00.1790000,3,4,13,2237,2239,1763,4002,22176,26178,1.0505140813589628,1.106651653037949,0.02037711814045906,1,3,2,1
42,3,6693,00:00:00.2250000,4,6,22,3781,3784,4231,8015,39701,47716,1.1753504363924887,1.4130935768835617,0.08236614614725113,2,4,2,1.5
42,4,7400,00:00:00.2530000,7,18,42,6528,6555,9447,16002,69998,86000,1.5439644607843137,2.388944873179665,0.15598848462104797,3,7,4,1.5
42,5,7961,00:00:00.2830000,12,25,69,11878,11917,20144,32061,108895,140956,2.199865297188079,3.454488001405273,0.11254400759935379,3,12,9,1.2222222
42,6,8397,00:00:00.3170000,10,34,102,22081,22232,41889,64121,157886,222007,3.1511254019292605,2.8852805446317284,0.07690455764532089,4,10,6,1.5
42,7,8784,00:00:00.3530000,7,63,163,39703,40032,87978,128010,228938,356948,3.6953126967735437,1.6302332453908384,0.08234643936157227,4,7,3,2
42,8,9209,00:00:00.4110000,11,92,261,67930,68553,187630,256183,355856,612039,3.9515383482997204,1.3263372970281666,0.02712903544306755,4,11,7,1.4285715
42,9,9704,00:00:00.5480000,18,153,464,113736,115553,396887,512440,595160,1107600,4.137335584159809,1.4802333567276318,0.09379525482654572,4,18,13,1.3076923
42,10,10261,00:00:00.7380000,27,255,816,191609,197697,826971,1024668,1017938,2042606,4.4344315768048475,2.5203534505635936,0.20283366739749908,3,27,22,1.1818181
42,11,10860,00:00:01.1290000,45,510,1545,334346,348179,1701744,2049923,1737188,3787111,4.9787076860497805,5.979263219858006,0.3329099714756012,3,45,37,1.1891892
42,12,11485,00:00:01.8600000,53,921,2889,591405,625947,3473600,4099547,2936647,7036194,5.609492648861609,7.427618271999571,0.3960246741771698,3,53,43,1.2093023
42,13,12149,00:00:03.2920000,64,1648,5334,1039599,1116930,7080452,8197382,4971000,13168382,6.203764143674628,8.300115734802155,0.40548935532569885,4,64,50,1.26
42,14,12840,00:00:06.1290000,65,3052,9984,1882113,2066345,14321680,16388025,8344325,24732350,7.0570013596420615,17.028045641815645,0.44324252009391785,5,66,48,1.3541666
42,15,13522,00:00:14.0200000,61,5422,18390,3549148,3956914,28825084,32781998,13652402,46434400,8.093802230845261,10.683021023921738,0.4027586579322815,6,62,45,1.3555555
42,16,14187,00:00:34.1280000,61,10275,34744,7032211,7815033,57782347,65597380,21781769,87379149,9.371617831148695,9.782235651524063,0.2948608696460724,7,62,44,1.3863636
42,17,14735,00:01:05.4540000,43,20492,65317,16567748,17911881,113211385,131123266,32398184,163521450,11.512106775163408,3.1733008615947704,0.1963653564453125,7,44,30,1.4333333
42,18,15236,00:01:59.0150000,39,39727,124203,32633894,35386135,226974743,262360878,47970779,310331657,12.616031050416478,3.834459463520514,0.1728619784116745,6,39,30,1.2666667
42,19,15740,00:03:38.1670000,44,77687,238949,62074974,69112709,455791047,524903756,72807525,597711281,13.715544270707225,4.879826050118771,0.2605963349342346,5,44,33,1.3030303
42,20,16250,00:06:48.8510000,53,153369,465476,113891438,133365519,915484667,1048850186,112658360,1161508546,14.731150299463248,7.511757291791115,0.18127663433551788,6,54,37,1.4324324
43,0,2937,00:00:00.1360000,1,1,1,751,751,251,1002,5952,6954,1,1,0,0,1,1,0
43,1,3405,00:00:00.1710000,3,3,3,1329,1329,673,2002,10181,12183,1.0158013544018059,1.0321476882871912,0,1,3,2,1
43,2,4084,00:00:00.2220000,5,5,8,2195,2195,1817,4012,21028,25040,1.1015945330296129,1.219755262447234,0.05130188912153244,2,5,3,1.3333334
43,3,4702,00:00:00.2550000,6,9,19,3938,3943,4066,8009,37065,45074,1.3384966988318943,1.8535290657626908,0.1730351448059082,2,6,4,1.25
43,4,5224,00:00:00.2900000,8,13,32,6851,6865,9153,16018,59219,75237,1.8589986863231645,3.4153380452944937,0.3353590667247772,2,8,5,1.4
43,5,5681,00:00:00.3520000,9,17,40,12293,12331,19670,32001,91003,123004,2.420401854714065,2.6075315900737284,0.3097624182701111,2,9,6,1.3333334
43,6,6140,00:00:00.3770000,12,32,72,21181,21263,42793,64056,143346,207402,2.762853500779,1.5767045981209993,0.2529076039791107,3,12,8,1.375
43,7,6646,00:00:00.4140000,11,44,126,35921,36174,91858,128032,236742,364774,2.9236379833523567,1.2430699923113904,0.15293751657009125,3,11,8,1.25
43,8,7239,00:00:00.4920000,17,81,262,59801,60309,195785,256094,413038,669132,3.0509021588267755,1.2535117137680725,0.13416558504104614,3,17,14,1.1428572
43,9,7928,00:00:00.6780000,25,139,487,100181,101391,411018,512409,742852,1255261,3.293339056308082,1.940479890238057,0.08450116962194443,4,26,20,1.25
43,10,8661,00:00:00.9340000,35,235,904,174782,178796,845627,1024423,1305025,2329448,3.8294103511803277,5.533837488194572,0.36756575107574463,2,35,29,1.1724138
43,11,9383,00:00:01.3830000,40,477,1676,310395,322594,1726619,2049213,2178142,4227355,4.49341323152757,5.933691600874566,0.42579469084739685,3,40,30,1.3
43,12,10115,00:00:02.2430000,55,864,3056,545859,572786,3526179,4098965,3578651,7677616,5.070468747423785,4.50724639951546,0.4444515109062195,4,55,40,1.35
43,13,10857,00:00:03.8230000,51,1632,5623,993135,1074731,7120102,8194833,5837365,14032198,6.01705609005825,7.675335108313007,0.4635676443576813,5,52,36,1.4166666
43,14,11552,00:00:06.5150000,49,2918,10171,1904676,2075635,14310128,16385763,9222156,25607919,7.080869922233493,4.696999891126697,0.2816108763217926,5,50,34,1.4411764
43,15,12247,00:00:11.3770000,60,5344,18823,3476991,3850140,28925456,32775596,14645977,47421573,7.890025024511136,7.100633476681045,0.27891021966934204,6,61,44,1.3636364
43,16,12962,00:00:20.7700000,81,10143,35460,6319995,7202918,58364532,65567450,23415429,88982879,8.76287054024568,16.712779698321594,0.45305004715919495,4,82,64,1.265625
43,17,13670,00:00:44.3710000,93,19411,67399,12295737,14320043,116860935,131180978,37205536,168386514,10.10652269156375,15.495297774921461,0.46479904651641846,6,94,66,1.4090909
43,18,14293,00:01:38.7520000,71,37674,127540,27087486,30806019,231595459,262401478,56426099,318827577,11.828163307587866,2.963470010114217,0.15036438405513763,7,72,52,1.3653846
43,19,14894,00:03:23.6110000,61,72674,244365,51062268,59477227,465021851,524499078,86027489,610526567,12.801911383959679,5.726151463756975,0.13205336034297943,7,62,46,1.326087
43,20,15496,00:06:45.1780000,70,143945,473637,98083560,119337805,930019195,1049357000,132890502,1182247502,14.13154002566791,14.235223182796238,0.40605080127716064,5,70,47,1.468085
44,0,3987,00:00:00.0610000,2,2,3,753,753,248,1001,6744,7745,1.0624169986719787,1.1325569339624515,0,1,2,1,1
44,1,4494,00:00:00.0760000,2,2,3,1326,1326,677,2003,11441,13444,1.1832579185520362,1.42724396335794,0,1,2,1,1
44,2,4998,00:00:00.0830000,2,3,4,2263,2264,1738,4002,19205,23207,1.3685373398144056,1.8706805071461001,0,1,2,1,1
44,3,5488,00:00:00.1080000,5,6,9,3965,3966,4036,8002,31800,39802,1.6610340479192938,1.8450346557638808,0.03900948539376259,2,5,3,1.3333334
44,4,6007,00:00:00.1270000,5,8,20,6806,6810,9204,16014,54276,70290,1.8846605935938878,1.373882404730813,0.03493950143456459,2,5,3,1.3333334
44,5,6550,00:00:00.1400000,6,12,39,11593,11608,20428,32036,92569,124605,2.028206676442681,1.2867739667924096,0.040690045803785324,2,6,4,1.25
44,6,7136,00:00:00.1610000,8,24,80,19674,19751,44254,64005,159212,223217,2.2160211446579243,1.6602169133112188,0.12120512872934341,2,8,6,1.1666666
44,7,7781,00:00:00.1970000,12,35,143,33571,33768,94318,128086,277877,405963,2.530696136546424,2.960371030650224,0.28285494446754456,3,12,7,1.5714285
44,8,8450,00:00:00.2590000,16,83,276,57963,58443,197806,256249,476889,733138,2.903041595500578,3.9598927410137876,0.432630330324173,2,16,12,1.25
44,9,9144,00:00:00.3740000,23,145,511,100225,102143,410093,512236,808119,1320355,3.338388625592417,5.226045558244615,0.46237438917160034,3,23,16,1.375
44,10,9850,00:00:00.6030000,36,280,943,177471,182268,842497,1024765,1350762,2375527,3.9535529748522293,7.069728773971184,0.37476062774658203,3,36,27,1.2962962
44,11,10540,00:00:00.9930000,41,488,1661,313951,327617,1722055,2049672,2182169,4231841,4.596637691869113,8.156367513968364,0.6036572456359863,4,42,28,1.4642857
44,12,11237,00:00:01.6640000,48,893,3032,568350,598698,3499635,4098333,3513355,7611688,5.385496613002552,8.514492317310504,0.5618435740470886,5,49,34,1.4117647
44,13,11878,00:00:02.7420000,41,1637,5486,1111234,1176443,7019645,8196088,5464018,13660106,6.561975245537844,2.3113093717092177,0.4463544487953186,4,42,28,1.4642857
44,14,12524,00:00:04.7490000,47,2970,10013,1975672,2119556,14280980,16400536,8630285,25030821,7.152948465129839,1.9568891067246044,0.1980447769165039,4,48,36,1.3055556
44,15,13205,00:00:08.6400000,62,5375,18502,3593032,3980801,28802046,32782847,13932238,46715085,8.138996813832996,7.13008587585234,0.20168529450893402,5,63,45,1.3777778
44,16,13820,00:00:16.4920000,55,10403,34746,7564885,8300755,57307014,65607769,21455456,87063225,9.70689111599185,6.684850050536043,0.3275906443595886,5,55,39,1.3846154
44,17,14400,00:00:42.6810000,42,19816,65202,14815492,16389701,114705386,131095087,32783911,163878998,10.897176347569152,6.932501432976583,0.36953842639923096,5,42,27,1.5185186
44,18,14963,00:01:34.6050000,46,38394,124195,28947836,32454080,229878208,262332288,50246541,312578829,12.057689424522096,5.317712202322322,0.3260572552680969,5,47,31,1.483871
44,19,15537,00:03:16.2330000,63,74168,239653,52214271,61302913,463067053,524369966,78527949,602897915,12.928598600945707,10.092613521333861,0.21265839040279388,5,64,45,1.4
44,20,16137,00:06:38.6580000,88,145817,468672,92597401,117212978,932110651,1049323629,125267315,1174590944,13.936667693297354,14.435189676006965,0.28830963373184204,5,89,66,1.3333334
45,0,3048,00:00:00.0430000,2,2,5,794,794,211,1005,5699,6704,1.358942065491184,1.8525563525277005,0,1,2,1,1
45,1,3349,00:00:00.0570000,3,3,8,1349,1349,655,2004,8513,10517,1.6048925129725722,1.9321867823778587,0.032536037266254425,1,3,2,1
45,2,3694,00:00:00.0710000,6,7,14,2366,2368,1639,4007,13846,17853,1.7438715131022824,1.6993979119867426,0.06205974146723747,2,6,4,1.25
45,3,4085,00:00:00.0950000,8,8,18,4132,4132,3870,8002,23889,31891,1.8971442400774443,1.3756711316002324,0.06911297887563705,3,8,5,1.4
45,4,4519,00:00:00.1040000,9,17,30,7045,7064,8943,16007,42537,58544,2.040454222853087,1.3093959962257384,0.07882770895957947,3,9,6,1.3333334
45,5,4974,00:00:00.1160000,10,19,47,12227,12260,19780,32040,74324,106364,2.4596385049480656,1.8483439986511105,0.08235029876232147,4,10,6,1.5
45,6,5367,00:00:00.1300000,13,27,79,22524,22621,41424,64045,118548,182593,3.2330847096430473,2.2413930558286643,0.05460638925433159,4,13,9,1.3333334
45,7,5739,00:00:00.1510000,11,56,136,40432,40793,87326,128119,187061,315180,3.8015185991294023,1.5237037715615493,0.032646048814058304,4,12,8,1.375
45,8,6148,00:00:00.1880000,13,85,236,68939,69709,186567,256276,309605,565881,4.090369747167786,1.5089634754245167,0.031546395272016525,3,13,10,1.2
45,9,6608,00:00:00.2550000,20,149,400,117791,119834,392445,512279,530833,1043112,4.385003947670025,2.159814682849576,0.0537848025560379,4,20,16,1.1875
45,10,7104,00:00:00.3830000,29,263,788,204913,209066,815967,1025033,903238,1928271,4.843938647133173,3.600237887060505,0.28222036361694336,2,29,26,1.0769231
45,11,7631,00:00:00.6590000,28,472,1467,360734,372221,1675984,2048205,1537424,3585629,5.407649403715757,3.3937967579797093,0.3542692959308624,2,28,24,1.125
45,12,8200,00:00:01.1970000,31,851,2652,623979,654737,3441453,4096190,2632551,6728741,5.874055056340037,2.3639102904742813,0.3020550310611725,3,31,26,1.1538461
45,13,8831,00:00:02.1870000,45,1666,5158,1067489,1142862,7053016,8195878,4568956,12764834,6.329748596941045,3.0519975923098905,0.23560559749603271,3,45,38,1.1578947
45,14,9515,00:00:04.2520000,55,2920,9748,1850930,2055970,14328827,16384797,7916648,24301445,6.967345604641991,5.9996536936786935,0.2451498806476593,3,56,47,1.1702127
45,15,10236,00:00:08.3030000,80,5462,18655,3234750,3741042,29038822,32779864,13545586,46325450,7.676266481180926,7.528044094910145,0.22998350858688354,4,81,62,1.2903225
45,16,10996,00:00:17.1810000,110,10187,35500,5740277,6856553,58696309,65552862,22884264,88437126,8.475165048655317,12.549795363806979,0.24029068648815155,6,111,89,1.235955
45,17,11745,00:00:47.0270000,96,19149,67427,11463139,13766174,117423255,131189429,37430758,168620187,9.878351557980759,9.754763279552087,0.27271321415901184,6,97,76,1.2631578
45,18,12447,00:01:53.0680000,66,36542,128775,22870591,27213071,234990582,262203653,59142665,321346318,11.028140637030324,5.253724539415658,0.28889039158821106,5,67,48,1.375
45,19,13138,00:03:58.7170000,69,70650,247186,44484827,54533637,470278794,524812431,93022910,617835341,12.31529723606658,9.102833009542945,0.3524985611438751,5,70,49,1.4081633
45,20,13798,00:07:45.8590000,82,137791,476678,88124921,109447086,939500200,1048947286,144372571,1193319857,13.592288973512952,12.178434440884484,0.3799968361854553,6,83,58,1.4137931
46,0,2751,00:00:00.0390000,2,2,5,773,773,228,1001,5538,6539,1.4036222509702458,1.9283527859209675,0,1,2,1,1
46,1,3021,00:00:00.0510000,2,2,5,1391,1391,618,2009,7972,9981,1.6427030913012222,1.8493573431358679,0,1,2,1,1
46,2,3376,00:00:00.0550000,2,3,8,2378,2379,1622,4001,13480,17481,1.7943650126156434,1.4852187737648181,0,1,2,1,1
46,3,3759,00:00:00.0790000,6,9,14,4107,4112,3906,8018,23229,31247,1.8938397857316775,1.293418013906752,0.03760666027665138,2,6,4,1.25
46,4,4205,00:00:00.0970000,10,18,26,7030,7047,8974,16021,42629,58650,2.00099573257468,1.2251637985849197,0.03271259367465973,3,10,7,1.2857143
46,5,4709,00:00:00.1120000,11,28,52,11639,11697,20312,32009,78241,110250,2.1261276741988144,1.3703432728799045,0.08640803396701813,3,11,7,1.4285715
46,6,5245,00:00:00.1350000,16,35,96,20397,20543,43471,64014,138890,202904,2.495808207089278,2.4947243480389547,0.23531237244606018,3,16,11,1.3636364
46,7,5758,00:00:00.1680000,21,64,161,36693,36942,91204,128146,233241,361387,3.142261466764778,5.332609033790804,0.3412103056907654,4,21,15,1.3333334
46,8,6250,00:00:00.2180000,20,97,261,64777,65681,190715,256396,379665,636061,3.644565200611328,3.9336529335707904,0.36161884665489197,3,20,14,1.3571428
46,9,6785,00:00:00.3040000,30,155,455,110380,112262,400226,512488,638311,1150799,3.947137162529444,3.0643221127446165,0.35295671224594116,3,30,23,1.2608696
46,10,7393,00:00:00.4890000,34,280,863,185703,190587,833550,1024137,1110685,2134822,4.216210831273592,3.8089798749084873,0.38368871808052063,3,34,29,1.137931
46,11,8053,00:00:00.8530000,50,483,1594,316307,328166,1719873,2048039,1899771,3947810,4.592911317169712,7.323693349625291,0.428329199552536,4,51,39,1.2820513
46,12,8778,00:00:01.5560000,65,872,2956,540565,573699,3525959,4099658,3287925,7387583,5.05895313237076,11.047177213460126,0.6790446043014526,4,66,48,1.3541666
46,13,9546,00:00:02.8520000,85,1586,5521,957512,1035501,7163674,8199175,5636940,13836115,5.754750854297387,18.64436233239217,0.5784280300140381,4,86,57,1.4912281
46,14,10293,00:00:05.2640000,73,2898,10245,1820166,2009215,14381818,16391033,9264018,25655051,6.930101979709543,20.18679243495385,0.45036783814430237,5,74,50,1.46
46,15,10979,00:00:10.0500000,63,5441,18887,3646294,3974151,28813658,32787809,14592945,47380754,8.120964464192959,7.894404617104421,0.3325653076171875,5,64,42,1.5
46,16,11649,00:00:26.4670000,60,10048,35249,6789715,7560798,57977317,65538115,22814243,88352358,9.069573907004933,5.030908716351969,0.23536284267902374,5,61,45,1.3333334
46,17,12322,00:01:02.1640000,68,19357,67135,12724475,14552921,116525428,131078349,35976719,167055068,10.13744449181597,7.513511851342539,0.2154906690120697,5,69,50,1.36
46,18,12994,00:02:11.5170000,69,37071,127874,23862164,28065438,234144878,262210316,56756801,318967117,11.182940113897466,12.945832965906751,0.2987838089466095,6,70,49,1.4081633
46,19,13664,00:04:21.1220000,80,71961,245535,45435448,55832710,468498763,524331473,89584127,613915600,12.465106231592566,16.347154631997387,0.2779783606529236,7,81,58,1.3793104
46,20,14268,00:08:00.1460000,75,144100,474471,101680119,121146326,927622456,1048768782,136427744,1185196526,14.306928299326636,9.073559329805583,0.32387852668762207,6,76,53,1.4150944
47,0,3189,00:00:00.0590000,3,3,5,745,745,256,1001,6942,7943,1.0348993288590604,1.0723318570423437,0,1,3,2,1
47,1,3683,00:00:00.0820000,2,4,7,1345,1347,657,2004,11388,13392,1.1509293680297399,1.3446271786364605,0,1,2,1,1
47,2,4270,00:00:00.0900000,4,4,9,2309,2309,1699,4008,20372,24380,1.313988739714162,1.764366911878155,0.021474026143550873,1,4,3,1
47,3,4781,00:00:00.0990000,4,4,18,3909,3909,4096,8005,33485,41490,1.5390125351752366,2.0278031818076028,0.048360712826251984,2,4,2,1.5
47,4,5322,00:00:00.1260000,5,9,27,6744,6754,9255,16009,56977,72986,1.8158362989323844,1.674764217954846,0.10592633485794067,2,5,3,1.3333334
47,5,5862,00:00:00.1390000,9,13,40,11660,11673,20347,32020,94736,126756,2.0321612349914235,1.5379299679561775,0.08105877786874771,2,9,7,1.1428572
47,6,6441,00:00:00.1590000,11,27,75,20078,20147,43873,64020,159977,223997,2.251270046817412,1.9136871365801131,0.07929342240095139,2,11,9,1.1111112
47,7,7063,00:00:00.1930000,18,50,150,33804,34058,94024,128082,274531,402613,2.584782865933026,2.4174422353455873,0.08048407733440399,3,18,13,1.3076923
47,8,7725,00:00:00.2590000,26,87,278,58064,58593,197514,256107,471903,728010,2.919450950675117,2.017964302582887,0.12267467379570007,3,27,21,1.2380953
47,9,8437,00:00:00.3790000,31,154,500,98719,100592,411813,512405,812967,1325372,3.227980429299324,2.6061139595831424,0.3254706561565399,3,31,25,1.2
47,10,9176,00:00:00.6130000,45,285,925,174366,179665,844664,1024329,1381165,2405494,3.864251058119129,7.708992949093144,0.46900612115859985,4,45,32,1.375
47,11,9870,00:00:01,51,487,1656,317746,330944,1718387,2049331,2216271,4265602,4.683819780579457,5.503440017729736,0.4283308982849121,5,52,35,1.4571428
47,12,10533,00:00:01.6430000,49,900,3038,583128,616117,3482474,4098591,3482985,7581576,5.5404302314414675,4.784981682133037,0.2625501751899719,4,50,34,1.4411764
47,13,11176,00:00:02.7340000,54,1610,5456,1090311,1156868,7035981,8192849,5448635,13641484,6.4589360283442065,4.149184695938234,0.13276995718479156,5,55,43,1.255814
47,14,11836,00:00:04.9170000,51,2975,10120,1944728,2097812,14298003,16395815,8681303,25077118,7.11069774282059,3.9505158015091326,0.13282689452171326,4,52,43,1.1860465
47,15,12547,00:00:11.6090000,56,5454,18937,3284129,3749396,29039429,32788825,14239412,47028237,7.666998464433036,8.034448119638592,0.25452250242233276,4,57,42,1.3333334
47,16,13308,00:00:32.6730000,103,10103,35754,5760391,6915779,58670509,65586288,23592940,89179228,8.529140469804915,19.828450767106375,0.4668622314929962,5,103,72,1.4166666
47,17,13978,00:01:09.0310000,71,19919,67406,13420792,15549086,115611431,131160517,36540534,167701051,10.727779776335108,3.8168820958460605,0.24055029451847076,6,72,49,1.4489796
47,18,14571,00:02:09.2320000,43,37928,127158,27475378,31000995,231375172,262376167,54935312,317311479,11.807311986754105,6.322624238865693,0.15016604959964752,4,44,35,1.2285714
47,19,15186,00:04:02.6660000,58,72306,243662,48329149,57806725,467038409,524845134,85232439,610077573,12.532617220303218,6.520496569023018,0.25692489743232727,4,59,45,1.2888889
47,20,15832,00:07:57.5350000,101,142414,474057,85093372,111950734,937286801,1049237535,135455328,1184692863,13.73833488464883,8.341457770466059,0.2538520097732544,6,102,76,1.3289474
48,0,2091,00:00:00.0350000,2,2,2,741,741,260,1001,4752,5753,1.0458839406207827,1.0959591516518306,0,1,2,1,1
48,1,2550,00:00:00.0480000,2,2,3,1324,1324,677,2001,8918,10919,1.1782477341389728,1.4143291027883722,0,1,2,1,1
48,2,2974,00:00:00.0530000,2,3,4,2300,2301,1706,4007,15415,19422,1.3995652173913042,1.9224325750072968,0,1,2,1,1
48,3,3491,00:00:00.0590000,4,6,11,3915,3919,4096,8015,29209,37224,1.6393358876117496,1.868809035508489,0,2,4,2,1.5
48,4,3977,00:00:00.0930000,4,7,20,6840,6853,9156,16009,49923,65932,1.8271929824561404,1.4764198045776755,0.011175625957548618,2,4,2,1.5
48,5,4543,00:00:00.1050000,5,14,38,11545,11583,20458,32041,89691,121732,1.987353832828064,1.2705752035204145,0.038698479533195496,2,5,3,1.3333334
48,6,5148,00:00:00.1240000,10,26,77,19494,19545,44522,64067,158480,222547,2.1624089463424645,1.5570198960063966,0.09869594126939774,2,10,8,1.125
48,7,5808,00:00:00.1630000,17,48,159,33320,33547,94516,128063,279894,407957,2.474519807923169,2.764007421321107,0.2169187366962433,3,17,13,1.2307693
48,8,6493,00:00:00.2350000,19,99,314,57299,58099,198067,256166,483435,739601,2.8622489048674495,4.02650639398514,0.3295455276966095,3,19,15,1.2
48,9,7185,00:00:00.3590000,27,155,535,101426,103151,409239,512390,813938,1326328,3.4399069272178733,6.094909117510195,0.32043084502220154,3,27,21,1.2380953
48,10,7822,00:00:00.5550000,31,290,915,188348,192375,832052,1024427,1300478,2324905,4.3407522246055175,3.540635539826806,0.21202565729618073,4,31,23,1.3043479
48,11,8434,00:00:00.8880000,28,468,1602,331152,342201,1706890,2049091,2035281,4084372,4.859620355607093,1.722568094563065,0.16726772487163544,4,29,21,1.3333334
48,12,9119,00:00:01.5440000,41,821,2926,558519,586019,3511253,4097272,3352688,7449960,5.179030614894033,1.9296941713325757,0.16752295196056366,5,42,33,1.2424242
48,13,9869,00:00:02.7720000,59,1558,5539,974353,1051207,7146103,8197310,5645552,13842862,5.843154380393964,5.7968645210684535,0.13657048344612122,6,60,46,1.2826087
48,14,10557,00:00:04.9640000,50,2976,10193,2009807,2173698,14225499,16399197,8978117,25377314,7.461849819410521,4.573170743274006,0.10414445400238037,6,51,38,1.3157895
48,15,11151,00:00:08.4020000,28,5547,18616,4095429,4397187,28404287,32801474,13572342,46373816,8.756960015666246,3.888455485202129,0.07051802426576614,6,28,19,1.4210526
48,16,11723,00:00:15.8530000,28,10481,34531,7832408,8522162,57066528,65588690,20614493,86203183,9.796981081680117,3.8878798455545613,0.06941038370132446,5,28,23,1.173913
48,17,12307,00:00:42.9510000,49,19914,65435,14178082,15932047,115156579,131088626,32049574,163138200,10.624943839371221,3.412168646009158,0.09856556355953217,5,49,43,1.1162791
48,18,12927,00:01:43.8920000,75,38129,125908,25058578,29668214,232645759,262313973,51276379,313590352,11.476606374072782,5.470548235483777,0.13948610424995422,6,76,59,1.2711865
48,19,13529,00:03:37.0500000,83,75784,243313,51937618,61598563,462831516,524430079,80715189,605145268,13.120319938430754,3.9708058023369692,0.1978735625743866,6,84,62,1.3387097
48,20,14108,00:07:05.8510000,62,145987,471351,97929697,119493055,929713121,1049206176,125931118,1175137294,14.080569359874564,2.0895681561787716,0.347260445356369,5,63,49,1.2653061
4,0,2526,00:00:00.0340000,2,2,5,761,761,242,1003,4849,5852,1.3508541392904074,1.8365845853300762,0,1,2,1,1
4,1,2866,00:00:00.0460000,2,2,7,1334,1334,668,2002,7936,9938,1.5179910044977512,1.9974139377055096,0,1,2,1,1
4,2,3218,00:00:00.0500000,2,5,11,2417,2421,1588,4009,13161,17170,1.6408771203971866,1.8529061891402168,0,1,2,1,1
4,3,3622,00:00:00.0710000,3,4,15,4088,4092,3916,8008,23579,31587,1.7827788649706457,1.5229080195787008,0,2,3,1,2
4,4,4096,00:00:00.0790000,5,9,26,6844,6852,9163,16015,44030,60045,1.8787258912916422,1.3106331529220452,0.020668501034379005,2,5,3,1.3333334
4,5,4644,00:00:00.1000000,6,20,50,11594,11631,20402,32033,82482,114515,1.980420907365879,1.1640712226623335,0.018952298909425735,2,6,4,1.25
4,6,5269,00:00:00.1240000,11,33,93,19256,19351,44683,64034,153785,217819,2.1121728292480264,1.326066679097919,0.024788178503513336,2,11,9,1.1111112
4,7,5955,00:00:00.1610000,16,45,148,32628,32891,95138,128029,280427,408456,2.368456540394753,2.2528290354506453,0.07283830642700195,3,16,13,1.1538461
4,8,6677,00:00:00.2300000,22,87,294,56860,57409,198678,256087,494274,750361,2.734787196623285,3.8373297950314296,0.16844527423381805,3,23,16,1.375
4,9,7439,00:00:00.3560000,33,158,563,97114,98800,413602,512402,858560,1370962,3.109726712935313,4.445425324913827,0.48098984360694885,3,33,24,1.3333334
4,10,8195,00:00:00.6110000,41,296,1010,174104,179561,844533,1024094,1437792,2461886,3.8787850939668242,7.262567991107812,0.4366009533405304,3,41,31,1.2903225
4,11,8875,00:00:01.0060000,51,546,1790,320922,333027,1715098,2048125,2253910,4302035,4.6890490524177215,3.0398480704797626,0.24466006457805634,4,52,35,1.4571428
4,12,9566,00:00:01.6880000,55,862,3081,560484,592298,3505953,4098251,3576721,7674972,5.262505263308141,3.2016605974206978,0.24846306443214417,4,56,38,1.4473684
4,13,10273,00:00:02.8970000,57,1614,5567,1020340,1095801,7103122,8198923,5735890,13934813,6.1256247917360875,9.80736996183525,0.3572908937931061,4,58,44,1.2954545
4,14,10977,00:00:05.1370000,65,2914,10155,1852842,2025615,14370706,16396321,9175818,25572139,6.8980862912218095,6.682846931879354,0.3470679521560669,5,66,49,1.3265306
4,15,11692,00:00:09.1920000,85,5446,18986,3514641,3906839,28878139,32784978,14733697,47518675,8.058016167227322,11.50354542980233,0.3654799163341522,5,86,63,1.3492063
4,16,12298,00:00:15.5560000,53,10484,35120,7639551,8441523,57104842,65546365,22130332,87676697,9.84371005573495,2.9063853748497106,0.2504939138889313,5,54,38,1.3947369
4,17,12886,00:00:28.4720000,55,19521,65963,14246344,15842665,115364122,131206787,33655802,164862589,10.589604532924376,4.094097482300716,0.1164235919713974,4,56,45,1.2222222
4,18,13516,00:01:14.0320000,75,37414,126226,24464196,29128834,233141406,262270240,53212138,315482378,11.332566702784755,8.682503806072663,0.3862212300300598,4,75,60,1.2333333
4,19,14164,00:03:07.8740000,88,73406,244395,44002995,56477773,467988371,524466144,84980561,609446705,12.473931626699502,12.223308804415286,0.4273581802845001,5,88,64,1.359375
4,20,14813,00:06:56.1780000,99,142139,475037,82522478,110081877,939512210,1049594087,135453695,1185047782,13.605898298400588,14.247865386197555,0.3866986930370331,6,100,77,1.2857143
49,0,2867,00:00:00.0420000,2,2,4,791,791,211,1002,4312,5314,1.4412136536030342,1.9727302949641983,0,1,2,1,1
49,1,3159,00:00:00.0540000,2,2,8,1388,1388,615,2003,6939,8942,1.6138328530259367,1.9014450458132017,0,1,2,1,1
49,2,3505,00:00:00.0590000,4,4,11,2401,2401,1611,4012,12195,16207,1.8109121199500209,1.459800026088204,0,2,4,2,1.5
49,3,3919,00:00:00.0900000,4,7,15,4026,4031,3974,8005,23125,31130,1.8981619473422753,1.2468438959398274,0,2,4,2,1.5
49,4,4340,00:00:00.0980000,5,13,25,7022,7053,8971,16024,41187,57211,1.9662489319282255,1.1750003877636868,0.015968669205904007,2,5,3,1.3333334
49,5,4852,00:00:00.1120000,10,22,44,11877,11919,20131,32050,76927,108977,2.0721562684179506,1.2357527830520556,0.06789600849151611,2,10,8,1.125
49,6,5436,00:00:00.1340000,15,38,85,19856,19908,44111,64019,143489,207508,2.235445205479452,1.7188773297798334,0.17750313878059387,3,15,12,1.1666666
49,7,6068,00:00:00.1790000,18,56,151,33559,33847,94203,128050,259880,387930,2.579516672129682,3.7963123961963183,0.36834195256233215,2,18,15,1.1333333
49,8,6711,00:00:00.2460000,27,105,270,59023,59713,196358,256071,450729,706800,3.0367314436745,7.682452710996509,0.4510538578033447,2,27,22,1.1818181
49,9,7355,00:00:00.3540000,34,176,504,103184,105292,407086,512378,758541,1270919,3.5175220964490617,6.46356244499764,0.42401692271232605,4,34,25,1.32
49,10,8025,00:00:00.5770000,46,273,902,181654,186773,837856,1024629,1275018,2299647,4.08737489953428,5.195242628792128,0.36856064200401306,4,46,32,1.40625
49,11,8648,00:00:00.9070000,40,484,1605,339832,352209,1696767,2048976,2017689,4066665,5.10035546976153,5.304038302851853,0.3244333863258362,5,41,27,1.4814814
49,12,9237,00:00:01.4730000,29,863,2904,623227,650047,3446566,4096613,3147324,7243937,5.85050872314582,2.5361145275894117,0.2756066918373108,3,30,21,1.3809524
49,13,9876,00:00:02.4890000,40,1514,5294,1063766,1132844,7061016,8193860,5109949,13303809,6.274184360094231,3.040684993546319,0.26016905903816223,4,41,32,1.25
49,14,10577,00:00:04.6490000,65,2826,9955,1855930,2019861,14373376,16393237,8542595,24935832,6.861705452253048,7.151616129206912,0.33457982540130615,4,66,55,1.1818181
49,15,11312,00:00:08.8120000,77,5384,18803,3251900,3713451,29067137,32780588,14270305,47050893,7.647297887388911,17.00967337016571,0.37157338857650757,5,78,58,1.3275862
49,16,12064,00:00:16.9530000,87,10093,35446,5933595,6976662,58587802,65564464,23507200,89071664,8.592480275448526,28.47550011436216,0.39838144183158875,6,88,59,1.4745762
49,17,12802,00:00:38.0740000,91,19266,67538,11556213,13737479,117451247,131188726,37879070,169067796,9.811801409337125,16.261323494120973,0.4090007543563843,7,92,57,1.5964912
49,18,13480,00:01:40.6670000,67,37391,128186,25233756,29299806,233103221,262403027,58757610,321160637,11.602853178100002,9.237067149766807,0.27589455246925354,5,68,43,1.5581396
49,19,14075,00:03:28.7790000,51,73345,245007,53620290,61173257,463431307,524604564,87991978,612596542,13.014502178186653,3.887330742502021,0.12815773487091064,6,52,37,1.3783784
49,20,14670,00:06:54.8080000,55,141964,473107,98062748,117398704,931549513,1048948217,134485453,1183433670,13.949339549407691,5.139098478034651,0.17860674858093262,6,56,39,1.4102564
5,0,5004,00:00:00.0630000,2,2,5,759,759,250,1009,6760,7769,1.010540184453228,1.0213025154577,0,1,2,1,1
5,1,5531,00:00:00.0780000,2,3,7,1289,1290,715,2005,11681,13686,1.0426687354538402,1.0889643301919072,0,1,2,1,1
5,2,6163,00:00:00.0860000,2,2,14,2261,2261,1743,4004,21536,25540,1.1565678903140204,1.3588964247980573,0,1,2,1,1
5,3,6786,00:00:00.0970000,5,6,25,3896,3899,4122,8021,37764,45785,1.4404517453798769,1.9931529089171947,0.02797521837055683,1,5,4,1
5,4,7347,00:00:00.1350000,4,10,40,6666,6684,9346,16030,61741,77771,1.7028202820282028,1.754540466651648,0.048681873828172684,1,4,3,1
5,5,7917,00:00:00.1510000,6,11,58,11401,11420,20624,32044,101741,133785,1.8875537233576003,1.3069036166552948,0.03447556868195534,2,6,4,1.25
5,6,8575,00:00:00.1770000,8,25,100,19094,19195,44863,64058,176915,240973,1.9978003561328166,1.146707574416341,0.02202165313065052,2,8,6,1.1666666
5,7,9334,00:00:00.2270000,17,49,192,31811,32006,96047,128053,317072,445125,2.1555122441922605,1.4156540296623399,0.03686145320534706,3,17,13,1.2307693
5,8,10139,00:00:00.3150000,23,87,340,55350,55904,200203,256107,555270,811377,2.620867208672087,3.410026136965768,0.11177682876586914,3,24,19,1.2105263
5,9,10869,00:00:00.4470000,29,146,576,100626,102317,410011,512328,902390,1414718,3.3750720489734265,5.6388647641910365,0.3624005615711212,3,29,22,1.2727273
5,10,11560,00:00:00.6900000,35,257,961,179059,183571,841238,1024809,1433487,2458296,3.9737125751847158,3.9704144074783843,0.44413086771965027,3,35,26,1.3076923
5,11,12264,00:00:01.0740000,41,493,1750,313160,323996,1725002,2048998,2283080,4332078,4.5152573764209984,5.289408354371519,0.5576156973838806,4,41,29,1.3793104
5,12,12988,00:00:01.7710000,54,900,3173,548374,578522,3520062,4098584,3668249,7766833,5.1339560227144245,6.950316732358048,0.49571678042411804,4,55,40,1.35
5,13,13722,00:00:03.0710000,71,1574,5702,1001133,1071721,7126357,8198078,5908128,14106206,5.958019563834176,12.61870799063734,0.4538384675979614,5,72,53,1.3396226
5,14,14452,00:00:05.4460000,71,2875,10398,1813674,1984393,14401848,16386241,9468899,25855140,6.790669657281297,12.126396110794932,0.3989771902561188,5,72,54,1.3148148
5,15,15206,00:00:10.0420000,85,5233,19330,3264431,3652511,29142086,32794597,15345216,48139813,7.55615113322965,18.62973637591447,0.4084150493144989,5,86,66,1.2878788
5,16,15967,00:00:26.3080000,99,9835,36170,6056586,6967213,58586745,65553958,24695386,90249344,8.603798740742722,24.85201296628645,0.49872857332229614,5,100,72,1.375
5,17,16669,00:01:03.5250000,76,19350,67856,12803902,14667953,116492068,131160021,38330583,169490604,10.287058117127106,6.558190816957692,0.2659071087837219,6,77,53,1.4339622
5,18,17311,00:02:08.4750000,54,36915,127963,25521090,29227856,233078559,262306415,58203681,320510096,11.436936510156894,5.045376257767238,0.25457441806793213,6,55,38,1.4210526
5,19,17949,00:04:07.0430000,73,71897,245412,49032893,57808563,466850524,524659087,89530039,614189126,12.640888698939301,11.947023914719736,0.40788790583610535,7,74,46,1.5869565
5,20,18554,00:07:45.2280000,88,142825,473722,98371510,119038062,930349200,1049387262,136607404,1185994666,14.128861354268121,9.011148822450204,0.3023838996887207,7,89,61,1.4426229
6,0,3920,00:00:00.0480000,2,2,4,750,750,253,1003,6729,7732,1.0053333333333334,1.0107234934966058,0,1,2,1,1
6,1,4422,00:00:00.0620000,1,2,6,1305,1306,695,2001,11233,13234,1,1,0,0,1,1,0
6,2,5075,00:00:00.0700000,2,3,13,2237,2238,1767,4005,21406,25411,1.0111756817165847,1.02260111278299,0,1,2,1,1
6,3,5772,00:00:00.0990000,4,5,27,3768,3769,4238,8007,39445,47452,1.1560509554140128,1.3624278158878655,0.03589814528822899,1,4,3,1
6,4,6515,00:00:00.1240000,4,8,40,6497,6508,9504,16012,71052,87064,1.4389718331537633,2.0602386510001005,0.10716738551855087,1,4,3,1
6,5,7213,00:00:00.1440000,5,18,67,11002,11053,20975,32028,120220,152248,1.7384111979640064,1.913033640446796,0.23602956533432007,2,5,3,1.3333334
6,6,7928,00:00:00.1740000,10,31,117,18868,18983,45075,64058,201875,265933,1.937248251006996,1.4302721158180804,0.17850138247013092,2,10,8,1.125
6,7,8696,00:00:00.2270000,12,52,202,31734,32028,96088,128116,342891,471007,2.0800718472301,1.4956922838654303,0.1979668289422989,2,12,10,1.1
6,8,9545,00:00:00.3270000,24,95,364,54103,54828,201212,256040,593978,850018,2.442082694120474,3.042824160168749,0.21275641024112701,3,24,17,1.3529412
6,9,10361,00:00:00.4830000,35,154,607,96131,98123,413978,512101,982121,1494222,3.108310534583017,7.282014164169984,0.28174832463264465,4,36,26,1.3461539
6,10,11093,00:00:00.7530000,35,285,1052,178334,183842,840316,1024158,1541922,2566080,4.068405351755694,9.224852244643696,0.26378729939460754,6,36,24,1.4583334
6,11,11686,00:00:01.1090000,31,499,1773,355581,365150,1683325,2048475,2248432,4296907,5.349557484792495,3.2494465457613377,0.34154048562049866,5,31,20,1.5
6,12,12237,00:00:01.6650000,24,872,3038,646927,673773,3426429,4100202,3306948,7407150,6.075459827770366,2.2080645635253493,0.15943069756031036,5,25,17,1.4117647
6,13,12828,00:00:02.6640000,41,1562,5419,1127932,1192330,7000425,8192755,5123218,13315973,6.583989105726232,3.6189683398894226,0.11606878787279129,6,42,32,1.28125
6,14,13470,00:00:04.7040000,59,2974,9989,1979339,2146825,14250810,16397635,8266704,24664339,7.258290772828707,6.98608155874729,0.19346749782562256,5,60,48,1.2291666
6,15,14097,00:00:12.2280000,60,5620,18545,3913256,4282096,28488236,32770332,13110438,45880770,8.636846145511564,8.836476369527228,0.3114786744117737,5,60,45,1.3111111
6,16,14671,00:00:29.9230000,39,10571,34499,7845556,8536777,57034128,65570905,20161594,85732499,9.858609128530853,3.7702924208140947,0.19318042695522308,6,40,25,1.56
6,17,15256,00:01:01.6630000,40,19835,65379,14370815,15937697,115243765,131181462,31613157,162794619,10.649665659184953,5.2502929604634865,0.2685565948486328,5,41,30,1.3333334
6,18,15871,00:02:04.4260000,61,37988,125596,25848550,29830445,232462163,262292608,50687698,312980306,11.511178731495576,6.063947590023587,0.17879807949066162,5,62,52,1.1730769
6,19,16505,00:04:05.3680000,74,73141,242484,46026740,57133066,467457136,524590202,81801370,606391572,12.508454976389812,8.328189060845087,0.22916710376739502,4,74,61,1.1967213
6,20,17151,00:07:57.1240000,101,141731,471922,83995954,109928962,938931456,1048860418,132062619,1180923037,13.587552883797237,18.74348296910169,0.2506282925605774,6,102,74,1.3648648
7,0,4028,00:00:00.0560000,1,1,4,744,744,257,1001,6361,7362,1,1,0,0,1,1,0
7,1,4513,00:00:00.0700000,1,1,5,1312,1312,693,2005,10816,12821,1,1,0,0,1,1,0
7,2,5153,00:00:00.0790000,2,3,11,2198,2199,1805,4004,20657,24661,1.0018198362147406,1.00364632173235,0,1,2,1,1
7,3,5927,00:00:00.1090000,2,5,24,3727,3734,4286,8020,41012,49032,1.0034880601019587,1.0070004602329332,0,1,2,1,1
7,4,6897,00:00:00.1300000,4,9,41,6197,6207,9801,16008,82396,98404,1.019041471679845,1.0390593484506472,0.016434159129858017,1,4,3,1
7,5,7880,00:00:00.1750000,9,20,89,10380,10425,21588,32013,151204,183217,1.2048169556840078,1.5379860268320564,0.11782914400100708,1,9,8,1
7,6,8819,00:00:00.2270000,15,34,140,18088,18189,45851,64040,257213,321253,1.67171605484299,3.301088587668721,0.30362313985824585,2,15,12,1.1666666
7,7,9647,00:00:00.2980000,24,61,239,31839,32092,95964,128056,408296,536352,2.1412104651528,4.187644119076182,0.3653678596019745,3,24,19,1.2105263
7,8,10403,00:00:00.3970000,27,89,388,57029,57505,198557,256062,631141,887203,2.758263339704361,7.139319943491084,0.37651756405830383,3,27,20,1.3
7,9,11104,00:00:00.5450000,25,168,611,101323,103090,409407,512497,964741,1477238,3.407242185880797,3.463135468519382,0.2763250768184662,3,26,20,1.25
7,10,11817,00:00:00.7660000,26,291,1024,172921,179191,845399,1024590,1515938,2540528,3.819443560932449,1.5687988412718803,0.13328039646148682,4,27,20,1.3
7,11,12609,00:00:01.1900000,46,492,1835,290633,305124,1743368,2048492,2499799,4548291,4.119009197166186,1.5696846480125344,0.10638677328824997,4,47,41,1.1219512
7,12,13435,00:00:02.0630000,77,899,3275,504245,540271,3556238,4096509,4066986,8163495,4.71160051165604,5.338239021911559,0.19646874070167542,4,78,66,1.1666666
7,13,14246,00:00:03.6220000,78,1614,5851,925358,1014921,7177773,8192694,6534399,14727093,5.660272024448916,13.366483947776127,0.3830340504646301,4,79,61,1.2786885
7,14,15036,00:00:06.2930000,84,2935,10726,1719661,1901231,14492139,16393370,10376361,26769731,6.550056668145641,14.476494479377271,0.33706772327423096,5,85,63,1.3333334
7,15,15824,00:00:11.0950000,73,5279,19608,3150899,3566032,29204534,32770566,16504357,49274923,7.43795881746765,16.17405925300452,0.4800872802734375,4,74,55,1.3272728
7,16,16604,00:00:19.7450000,71,9954,36679,5951631,6877358,58681990,65559348,26090330,91649678,8.543206559680867,12.134404349822603,0.4024447798728943,5,72,51,1.3921568
7,17,17346,00:00:46.2540000,69,18556,68328,11853326,13615797,117461483,131077280,40541151,171618431,9.752780527592002,4.33681360969252,0.3440532982349396,5,70,49,1.4081633
7,18,18069,00:01:53.0410000,74,36036,130013,22962754,26970004,235221115,262191119,62885851,325076970,10.973316615245714,6.600039021856762,0.2425479143857956,5,75,54,1.3703704
7,19,18755,00:03:57.9070000,79,69995,248040,45247979,54627809,470061528,524689337,96533702,621223039,12.313362658694658,6.049370260247949,0.2377299666404724,5,80,59,1.338983
7,20,19415,00:07:42.9030000,85,137522,477902,88398641,110118807,939294124,1049412931,147890475,1197303406,13.638513402032956,11.91661285879795,0.26476630568504333,6,86,55,1.5454545
8,0,3853,00:00:00.0490000,1,1,6,742,742,259,1001,6417,7418,1,1,0,0,1,1,0
8,1,4427,00:00:00.0640000,3,4,9,1292,1293,711,2004,11653,13657,1.008513931888545,1.0171951213389945,0,1,3,2,1
8,2,5126,00:00:00.0830000,3,4,12,2190,2191,1819,4010,22892,26902,1.0278538812785387,1.0574331732618283,0.008427725173532963,1,3,2,1
8,3,5859,00:00:00.1120000,7,9,22,3809,3811,4190,8001,41987,49988,1.1987398267261749,1.485344120994721,0.07153742015361786,2,7,5,1.2
8,4,6501,00:00:00.1270000,8,14,37,6582,6597,9408,16005,69171,85176,1.5326648435126102,2.497354288831386,0.23310787975788116,2,8,6,1.1666666
8,5,7115,00:00:00.1430000,9,21,56,11502,11521,20504,32025,111997,144022,1.9154929577464788,2.855940936276609,0.41479918360710144,2,9,7,1.1428572
8,6,7705,00:00:00.1670000,10,27,98,19688,19774,44273,64047,178946,242993,2.2735676554246242,2.8410768825085637,0.5130531787872314,2,10,7,1.2857143
8,7,8318,00:00:00.2030000,13,44,163,33997,34242,93843,128085,291844,419929,2.6411153925346356,2.05312675094215,0.460800439119339,3,13,9,1.3333334
8,8,8969,00:00:00.2670000,23,79,286,58253,58809,197330,256139,485948,742087,2.8928810533363087,1.4721956288134153,0.2963106632232666,3,23,18,1.2222222
8,9,9701,00:00:00.4040000,32,181,565,97462,99497,412735,512232,836496,1348728,3.1506946297018326,1.6364532351977925,0.14757134020328522,3,33,28,1.1428572
8,10,10485,00:00:00.6450000,44,272,1024,169031,173857,850738,1024595,1440417,2465012,3.6727996639669644,4.649346698458784,0.16986660659313202,3,45,36,1.2222222
8,11,11242,00:00:01.0730000,46,508,1784,304807,317035,1731235,2048270,2359098,4407368,4.39838323923007,5.521202744274989,0.22444507479667664,4,47,36,1.2777778
8,12,11992,00:00:01.7980000,49,898,3158,531679,566239,3532624,4098863,3788950,7887813,4.985254260559473,2.990220140567033,0.29618945717811584,3,49,38,1.2631578
8,13,12789,00:00:03.2440000,66,1603,5827,923662,1003317,7192911,8196228,6223828,14420056,5.546104527413708,5.672640829246147,0.29115283489227295,4,67,53,1.245283
8,14,13627,00:00:06.0190000,87,2904,10712,1611727,1811753,14577904,16389657,10297785,26687442,6.221034951949059,13.481374024127529,0.3788679242134094,4,88,70,1.2428571
8,15,14466,00:00:11.3310000,83,5274,19870,3036434,3492363,29293863,32786226,16796653,49582879,7.371978116435266,19.679684850828107,0.44988518953323364,5,84,58,1.4310344
8,16,15211,00:00:26.6170000,60,10051,36461,6585665,7324028,58213896,65537924,25908214,91446138,8.992378294371184,6.555982801080886,0.3361530303955078,5,61,42,1.4285715
8,17,15870,00:01:01.8880000,48,18953,67621,13651328,15002125,116116421,131118546,38766731,169885277,10.342143196617942,4.2580112910924885,0.16899579763412476,5,49,38,1.2631578
8,18,16532,00:02:09.5390000,57,36225,128197,24426813,27840270,234306142,262146412,59317763,321464175,11.071265170777702,3.3740357347446044,0.20571647584438324,5,58,50,1.14
8,19,17250,00:04:29.9280000,85,69730,247422,39375573,51060664,473586916,524647580,94680539,619328119,11.760027060431604,9.034148248334928,0.4295024275779724,5,86,67,1.2686567
8,20,17930,00:08:39.4850000,90,142896,478116,90436355,116262601,932875172,1049137773,146924976,1196062749,14.32554772911845,7.142353323104707,0.23224537074565887,7,91,60,1.5
