RepeatId,GenerationId,Generations,Time,SubcloneSelect,SubcloneAlive,SubcloneTotal,CellSelectCount,CellAliveCount,CellNecroCount,CellTumorCount,CellLostCount,CellTotalCount,MeanDriversPerCell,ClonalDiversity,TreeBalance,TreeDepth,NodeCount,LeafCount,Branching
0,0,828,00:00:00.0230000,2,2,2,1001,1001,0,1001,1206,2207,1.003996003996004,1.0080239645142173,0,1,2,1,1
0,1,927,00:00:00.0540000,2,2,2,1923,1923,88,2011,2497,4508,1.0130005200208008,1.026339007754849,0,1,2,1,1
0,2,1022,00:00:00.0560000,3,3,3,3653,3653,358,4011,4769,8780,1.0550232685464003,1.116706626685238,0.024703683331608772,1,3,2,1
0,3,1119,00:00:00.0690000,3,4,4,6836,6837,1166,8003,8836,16839,1.147162083089526,1.341956140391098,0.0677841454744339,1,3,2,1
0,4,1215,00:00:00.0700000,3,5,5,12807,12817,3266,16083,15864,31947,1.3137346763488718,1.8148763496696858,0.15128158032894135,1,3,2,1
0,5,1305,00:00:00.0720000,3,8,8,24016,24033,8079,32112,26840,58952,1.536933710859427,2.241194907168023,0.26871228218078613,1,3,2,1
0,6,1394,00:00:00.0740000,3,12,12,44637,44765,19292,64057,45021,109078,1.7240854000044805,2.011275184602089,0.36350998282432556,1,3,2,1
0,7,1491,00:00:00.0770000,5,24,26,81882,82140,46285,128425,78404,206829,1.854107129772111,1.6911370787389033,0.44289731979370117,2,5,2,2
0,8,1600,00:00:00.0820000,8,41,50,148778,149155,108098,257253,139320,396573,1.9536625038648188,1.5565444369337609,0.49706923961639404,2,8,5,1.4
0,9,1720,00:00:00.0900000,9,64,84,266835,268484,243561,512045,248344,760389,2.0747802949388197,1.690827972044798,0.552155077457428,2,9,6,1.3333334
0,10,1847,00:00:00.1040000,13,133,178,493332,498327,527631,1025958,433811,1459769,2.305378528050076,2.595717991123895,0.6393863558769226,2,13,10,1.2
0,11,1972,00:00:00.1280000,20,213,304,936663,949254,1104319,2053573,727733,2781306,2.604727634165116,4.616261759027552,0.708167552947998,3,20,14,1.3571428
0,12,2092,00:00:00.1690000,27,420,578,1824285,1858092,2252449,4110541,1180171,5290712,3.0041424448482554,6.754377835038332,0.6861017346382141,4,27,18,1.4444444
0,13,2181,00:00:00.2270000,32,787,1054,3990008,4076153,4131704,8207857,1709457,9917314,3.848997545869582,5.3650610503080065,0.4585641622543335,5,33,22,1.4545455
0,14,2246,00:00:00.3030000,30,1469,1926,8691313,8927397,7487713,16415110,2334236,18749346,4.541567770025082,2.486154606551996,0.2220430076122284,5,31,20,1.5
0,15,2306,00:00:00.4420000,33,2952,3739,17906982,18536255,14413669,32949924,3259837,36209761,5.004107001391971,2.3226565928494693,0.12742458283901215,6,34,23,1.4347826
0,16,2362,00:00:00.6520000,40,5763,7175,36264219,37805177,27949497,65754674,4633507,70388181,5.498605029933224,3.6342789921681273,0.09353097528219223,6,41,27,1.4814814
0,17,2404,00:00:00.9980000,46,11778,14136,80667284,84366755,49395373,133762128,6251893,140014021,6.530421601897493,7.304902135135631,0.20885491371154785,6,47,32,1.4375
0,18,2426,00:00:01.3590000,46,23915,27323,181587065,190028263,75112460,265140723,7597619,272738342,7.787193586723812,7.888858767561335,0.17598937451839447,7,47,32,1.4375
0,19,2441,00:00:01.9420000,42,50532,55432,403938923,425455121,115718860,541173981,9073192,550247173,8.781535692711643,7.638617807419548,0.23806388676166534,5,42,28,1.4642857
0,20,2453,00:00:02.8470000,44,99804,107138,819495215,870547368,186095367,1056642735,10955080,1067597815,9.39137394963313,7.400507549144116,0.2239370197057724,5,44,32,1.34375
9,0,803,00:00:00.0170000,1,1,1,1011,1011,3,1014,1372,2386,1,1,0,0,1,1,0
9,1,891,00:00:00.0810000,1,1,1,1923,1923,79,2002,2504,4506,1,1,0,0,1,1,0
9,2,1000,00:00:00.1120000,1,1,1,3629,3629,381,4010,5109,9119,1,1,0,0,1,1,0
9,3,1121,00:00:00.1140000,1,1,2,6701,6701,1327,8028,10334,18362,1,1,0,0,1,1,0
9,4,1259,00:00:00.1360000,1,1,2,12198,12198,3865,16063,20366,36429,1,1,0,0,1,1,0
9,5,1418,00:00:00.1600000,1,2,4,21623,21624,10417,32041,40141,72182,1,1,0,0,1,1,0
9,6,1614,00:00:00.1740000,1,11,16,37498,37533,26610,64143,80801,144944,1,1,0,0,1,1,0
9,7,1848,00:00:00.1780000,3,16,29,64319,64494,63857,128351,161526,289877,1.007322875044699,1.0147783401621384,0.005998037289828062,1,3,2,1
9,8,2113,00:00:00.2310000,9,31,57,112102,112487,143564,256051,309458,565509,1.1057608249629802,1.2449261228422164,0.07424154132604599,1,9,8,1
9,9,2352,00:00:00.2550000,14,56,106,214203,215177,298255,513432,523958,1037390,1.4731726446408313,2.8961292259388203,0.30179107189178467,2,14,12,1.0833334
9,10,2548,00:00:00.2900000,19,111,188,414878,417633,608246,1025879,809252,1835131,1.8279421902342374,4.730335475046057,0.4809512197971344,2,19,14,1.2857143
9,11,2729,00:00:00.3390000,23,214,335,801317,811204,1245186,2056390,1234157,3290547,2.1890138359725304,6.075527387447919,0.5169414281845093,3,23,17,1.2941177
9,12,2886,00:00:00.3820000,33,393,619,1611674,1633955,2471367,4105322,1824415,5929737,2.6573469572630692,6.908306430459976,0.45657211542129517,3,33,24,1.3333334
9,13,3019,00:00:00.4490000,35,706,1086,3316885,3390569,4821659,8212228,2625392,10837620,3.2007926111396685,7.9768918469895524,0.45250260829925537,4,35,25,1.36
9,14,3131,00:00:00.5550000,38,1364,2028,6922982,7132966,9298614,16431580,3703552,20135132,3.7695735739310026,9.412819375513415,0.43661171197891235,4,39,25,1.52
9,15,3226,00:00:00.7280000,37,2737,3857,14577707,15148999,17800337,32949336,5164428,38113764,4.365588977745265,9.983853291168607,0.48126697540283203,5,38,21,1.7619047
9,16,3306,00:00:00.9790000,50,5413,7322,30940281,32355096,33688815,66043911,7126897,73170808,4.972939353718216,10.358370153548552,0.4643804430961609,6,51,27,1.8518518
9,17,3369,00:00:01.3330000,58,10924,14098,66479773,70304626,60998894,131303520,9567288,140870808,5.765856721562512,12.359464925070922,0.38968563079833984,7,59,37,1.5675676
9,18,3406,00:00:01.7180000,58,22942,27723,158250132,167415691,97713506,265129197,11817270,276946467,7.0852612748531545,8.960107885000442,0.29167652130126953,8,59,34,1.7058823
9,19,3429,00:00:02.2480000,50,47445,54367,350383846,375628080,153074625,528702705,14076055,542778760,8.02535146554673,5.911411979887512,0.26092302799224854,7,51,29,1.7241379
9,20,3449,00:00:03.3710000,58,97026,107885,742798491,804875289,260182726,1065058015,17217186,1082275201,8.657546891812412,5.502814846316517,0.18815162777900696,8,59,40,1.45
10,0,1112,00:00:00.0230000,1,1,1,1002,1002,2,1004,1294,2298,1,1,0,0,1,1,0
10,1,1207,00:00:00.0470000,1,1,1,1927,1927,87,2014,2576,4590,1,1,0,0,1,1,0
10,2,1308,00:00:00.0490000,2,2,2,3633,3633,368,4001,4986,8987,1.001926782273603,1.0038609843891166,0,1,2,1,1
10,3,1429,00:00:00.0510000,2,3,3,6692,6693,1309,8002,10212,18214,1.002092050209205,1.004192880291759,0,1,2,1,1
10,4,1563,00:00:00.0530000,3,3,3,12253,12253,3806,16059,19897,35956,1.005957724638864,1.0119999353932834,0,1,3,2,1
10,5,1724,00:00:00.0640000,3,6,7,21505,21517,10524,32041,40090,72131,1.0285049988374797,1.0590000894701839,0.023745914921164513,1,3,2,1
10,6,1894,00:00:00.0680000,5,14,17,38803,38864,25168,64032,75070,139102,1.1725639770120866,1.3876739995802074,0.0941140353679657,2,5,3,1.3333334
10,7,2023,00:00:00.0710000,7,22,26,77082,77307,51159,128466,117874,246340,1.7184556705845724,2.902843357930179,0.16478067636489868,2,7,4,1.5
10,8,2107,00:00:00.0740000,9,35,43,158853,159305,98328,257633,164227,421860,2.3395969858926176,2.864699105150816,0.160123810172081,3,9,5,1.6
10,9,2178,00:00:00.0770000,10,57,68,315027,316290,195915,512205,228104,740309,2.748612023731299,2.114607695318562,0.12907135486602783,3,10,6,1.5
10,10,2249,00:00:00.0830000,11,90,112,617749,621328,411998,1033326,332092,1365418,3.0721409504507493,2.1469135132821253,0.09750940650701523,3,11,7,1.4285715
10,11,2319,00:00:00.0980000,14,183,232,1188246,1199035,859993,2059028,497540,2556568,3.3737163853276173,2.533093084134101,0.10683433711528778,4,14,9,1.4444444
10,12,2391,00:00:00.1200000,19,357,448,2302416,2328208,1807136,4135344,770595,4905939,3.6803670579078673,2.767164285981919,0.08799667656421661,4,19,14,1.2857143
10,13,2462,00:00:00.1510000,25,695,887,4435694,4502129,3705848,8207977,1201918,9409895,4.014028244509202,3.2601560950111588,0.12313251197338104,5,25,19,1.2631578
10,14,2533,00:00:00.2120000,29,1407,1801,8717658,8868613,7565499,16434112,1889157,18323269,4.3893405774807865,4.927108683051666,0.1519312858581543,5,30,22,1.3181819
10,15,2602,00:00:00.3270000,32,2789,3552,17195604,17611716,15223372,32835088,2953076,35788164,4.782088899000001,7.857614329148511,0.1768643856048584,5,33,25,1.28
10,16,2668,00:00:00.5230000,40,5522,7031,34604018,35723974,30296507,66020481,4575299,70595780,5.24385402296346,9.729863487984034,0.2782306671142578,5,40,27,1.4444444
10,17,2721,00:00:00.9020000,45,11271,13882,73207395,76695017,55532393,132227410,6627772,138855182,6.049162888530592,9.479475318904807,0.22168433666229248,6,45,31,1.4193548
10,18,2754,00:00:01.3850000,50,23427,27514,165187899,174477022,90717494,265194516,8646247,273840763,7.2221053916304125,5.417484946640476,0.13029201328754425,9,50,34,1.4411764
10,19,2766,00:00:01.7720000,38,52252,57259,419457085,442540589,119181053,561721642,9776131,571497773,9.618008028163358,5.1615291375341625,0.07776539772748947,9,38,24,1.5416666
10,20,2771,00:00:02.1440000,35,114422,120237,997318793,1040533342,149950502,1190483844,10570305,1201054149,11.07344297682356,3.16911232404652,0.04532083868980408,9,35,22,1.5454545
11,0,962,00:00:00.0200000,1,1,1,999,999,4,1003,1470,2473,1,1,0,0,1,1,0
11,1,1055,00:00:00.0510000,1,2,2,1919,1920,89,2009,2737,4746,1,1,0,0,1,1,0
11,2,1154,00:00:00.1350000,2,2,2,3637,3637,376,4013,5162,9175,1.0038493263678856,1.0077282888979748,0,1,2,1,1
11,3,1270,00:00:00.1570000,2,4,4,6739,6742,1287,8029,10096,18125,1.0207745956373349,1.0424115977082966,0,1,2,1,1
11,4,1397,00:00:00.1580000,2,5,6,12272,12287,3720,16007,19397,35404,1.0817307692307692,1.1766114031947008,0,1,2,1,1
11,5,1522,00:00:00.1600000,3,6,7,22670,22704,9374,32078,34890,66968,1.3028231142479048,1.7024537779828086,0,2,3,1,2
11,6,1618,00:00:00.1620000,4,8,11,43917,43949,20063,64012,54557,118569,1.7522827151217069,2.739411122829813,0.012431018985807896,2,4,2,1.5
11,7,1691,00:00:00.1720000,4,11,18,87508,87572,41085,128657,79357,208014,2.2417721808291815,2.7625240913827085,0.013052484951913357,2,4,2,1.5
11,8,1757,00:00:00.1740000,3,20,31,171378,171690,86465,258155,116018,374173,2.5837038593051616,1.913761247321834,0,2,3,1,2
11,9,1825,00:00:00.1760000,3,43,62,323199,324083,188079,512162,177532,689694,2.778863795989468,1.4416580268939163,0,2,3,1,2
11,10,1903,00:00:00.1810000,6,97,132,599068,600159,425742,1025901,292355,1318256,2.893334312632289,1.2267017329911507,0.005471966695040464,3,6,3,1.6666666
11,11,1995,00:00:00.1920000,6,170,244,1081766,1088143,966606,2054749,510427,2565176,2.9663540913654156,1.1437856658405652,0.01874900795519352,3,6,3,1.6666666
11,12,2103,00:00:00.2160000,11,358,489,1938169,1960325,2159741,4120066,922055,5042121,3.0688376503803334,1.2419811324278025,0.06453435868024826,3,11,8,1.25
11,13,2210,00:00:00.2670000,21,750,1015,3712831,3787795,4405431,8193226,1565332,9758558,3.5048740435532886,2.18201377374922,0.19802862405776978,4,21,15,1.3333334
11,14,2284,00:00:00.3400000,30,1470,1918,8393828,8581970,7849278,16431248,2267271,18698519,4.475365590050213,4.346628748853059,0.2357209026813507,5,30,22,1.3181819
11,15,2332,00:00:00.4220000,30,2896,3592,19060688,19621024,13288357,32909381,2995726,35905107,5.456333895187834,5.843430964418341,0.19570696353912354,4,30,24,1.2083334
11,16,2361,00:00:00.5130000,37,5949,6986,43926024,45006650,21041548,66048198,3694213,69742411,6.609634120311003,5.859667622646164,0.12673944234848022,5,37,29,1.2413793
11,17,2381,00:00:00.6490000,34,12126,13671,95625532,98657778,33545997,132203775,4469156,136672931,7.470433262530764,4.568722512859666,0.0901489183306694,5,34,28,1.1785715
11,18,2399,00:00:00.9450000,39,24820,27309,201127811,208397404,58325281,266722685,5589082,272311767,8.05070491221127,4.7975766146235035,0.07784153521060944,6,39,32,1.1875
11,19,2417,00:00:01.5400000,44,49814,54171,405133024,424389198,110369437,534758635,7382829,542141464,8.43007444389426,5.591268107201361,0.09874677658081055,6,44,33,1.3030303
11,20,2436,00:00:02.7820000,48,99526,108073,791123847,849574898,222122754,1071697652,10401207,1082098859,8.72031667249186,6.6193163071339205,0.10799466073513031,6,48,37,1.2702702
12,0,877,00:00:00.0200000,1,1,1,1010,1010,1,1011,1312,2323,1,1,0,0,1,1,0
12,1,976,00:00:00.0450000,1,1,1,1915,1915,90,2005,2690,4695,1,1,0,0,1,1,0
12,2,1085,00:00:00.0460000,1,1,1,3633,3633,377,4010,5290,9300,1,1,0,0,1,1,0
12,3,1199,00:00:00.0480000,1,2,2,6752,6753,1280,8033,10103,18136,1,1,0,0,1,1,0
12,4,1331,00:00:00.0490000,1,4,5,12220,12235,3818,16053,19826,35879,1,1,0,0,1,1,0
12,5,1488,00:00:00.0520000,4,7,9,21675,21688,10415,32103,39451,71554,1.0124567474048443,1.0253031203062182,0.008473780937492847,1,4,3,1
12,6,1668,00:00:00.0650000,5,11,15,38167,38238,25846,64084,76562,140646,1.0684884848167264,1.1493879471743742,0.04736965149641037,1,5,4,1
12,7,1848,00:00:00.0690000,8,17,25,69962,70043,58498,128541,137836,266377,1.2927589262742631,1.8499654524313907,0.16055026650428772,1,8,7,1
12,8,2006,00:00:00.0740000,9,26,41,132041,132397,123924,256321,225219,481540,1.6022901977416106,3.0434939218031385,0.32767629623413086,2,9,7,1.1428572
12,9,2157,00:00:00.0820000,12,57,82,246861,247886,265012,512898,360914,873812,1.8342387011314059,2.9642199215611793,0.39053404331207275,2,12,10,1.1
12,10,2313,00:00:00.0940000,17,106,150,454379,458017,569132,1027149,588720,1615869,2.0532176883174618,3.057800717182202,0.4083210527896881,3,17,13,1.2307693
12,11,2447,00:00:00.1130000,23,206,291,930704,940203,1118915,2059118,899689,2958807,2.6775440956523235,5.0716541987490045,0.2788302004337311,4,23,17,1.2941177
12,12,2537,00:00:00.1420000,24,401,549,2038700,2066888,2043108,4109996,1236524,5346520,3.431543140236425,3.4255449984447837,0.17362837493419647,5,24,18,1.2777778
12,13,2604,00:00:00.1820000,25,747,995,4500907,4574828,3680776,8255604,1636570,9892174,4.26943924857812,3.571011595935944,0.12283828854560852,6,25,18,1.3333334
12,14,2648,00:00:00.2540000,24,1484,1875,10147051,10351830,6282191,16634021,2058677,18692698,5.197752332180059,3.3421398828810673,0.08975646644830704,6,25,18,1.3333334
12,15,2682,00:00:00.3130000,26,2984,3568,21504221,21973017,10924724,32897741,2581621,35479362,5.869068728413831,3.1360062654946605,0.0786750465631485,7,27,19,1.3684211
12,16,2714,00:00:00.4160000,24,6002,7008,45182236,46428875,20449064,66877939,3369820,70247759,6.410179744092346,3.75244204208472,0.13717570900917053,6,24,17,1.3529412
12,17,2743,00:00:00.6270000,30,12067,13795,91003513,93985637,38588046,132573683,4510292,137083975,6.882691770371546,5.125685180265445,0.13405227661132812,5,30,21,1.3809524
12,18,2771,00:00:01.0860000,36,24290,27441,183050800,190898213,74527585,265425798,6257593,271683391,7.344036185583455,7.417370863829798,0.21886184811592102,5,36,24,1.4583334
12,19,2796,00:00:01.9360000,42,49281,55037,374302495,398258101,140347296,538605397,8732123,547337520,7.965719125115637,10.945629317589214,0.2377030849456787,6,42,27,1.5185186
12,20,2814,00:00:03.1280000,61,101396,110796,791180427,849904686,239938583,1089843269,11563647,1101406916,8.875418908713726,10.53175461816761,0.19382673501968384,7,61,41,1.4634147
13,0,1155,00:00:00.0220000,1,1,1,1001,1001,2,1003,1263,2266,1,1,0,0,1,1,0
13,1,1251,00:00:00.0450000,1,1,1,1927,1927,85,2012,2501,4513,1,1,0,0,1,1,0
13,2,1359,00:00:00.0470000,2,3,3,3626,3628,392,4020,5165,9185,1.0013789299503586,1.0027617099897397,0,1,2,1,1
13,3,1477,00:00:00.0490000,3,4,4,6730,6735,1296,8031,10175,18206,1.0153046062407132,1.031180305677745,0.008449961431324482,1,3,2,1
13,4,1608,00:00:00.0600000,4,4,4,12252,12252,3792,16044,19807,35851,1.0580313418217433,1.124891820896251,0.04217512533068657,1,4,3,1
13,5,1741,00:00:00.0620000,4,8,9,22445,22454,9674,32128,36284,68412,1.2154600133660058,1.5651343711485994,0.1520008146762848,1,4,3,1
13,6,1861,00:00:00.0640000,6,8,11,42139,42154,21991,64145,60619,124764,1.4752129855952918,2.5547612998623284,0.32303014397621155,2,6,3,1.6666666
13,7,1970,00:00:00.0660000,6,13,20,79747,79821,48956,128777,97701,226478,1.7671887343724528,3.3693265987698178,0.48802894353866577,2,6,3,1.6666666
13,8,2069,00:00:00.0690000,6,27,40,151821,152037,104036,256073,152584,408657,2.0922994842610705,4.0795565711887045,0.5928595066070557,2,6,3,1.6666666
13,9,2162,00:00:00.0740000,7,56,83,293223,293991,219427,513418,236397,749815,2.4235036132909085,4.413423335045825,0.6420808434486389,3,7,3,2
13,10,2255,00:00:00.0810000,7,102,146,558226,561500,467545,1029045,372532,1401577,2.684075983562213,3.5835465207204007,0.6515586376190186,3,7,3,2
13,11,2354,00:00:00.0940000,11,203,279,1040757,1049401,1007799,2057200,606930,2664130,2.8810462000255583,3.0110169785379193,0.4603731334209442,3,11,6,1.6666666
13,12,2461,00:00:00.1220000,14,388,528,1928838,1959709,2159878,4119587,1013443,5133030,3.094688097185974,3.2028767707369052,0.5494324564933777,3,14,9,1.4444444
13,13,2570,00:00:00.1860000,20,735,1014,3636046,3724467,4479225,8203692,1674197,9877889,3.393834951483012,3.8247844564902915,0.6759541630744934,4,21,15,1.3333334
13,14,2677,00:00:00.2870000,37,1412,1947,7112364,7315065,9086157,16401222,2706917,19108139,3.775325897268475,3.90465409674068,0.47749319672584534,4,38,30,1.2333333
13,15,2777,00:00:00.5130000,47,2763,3745,14253553,14852323,18064559,32916882,4247209,37164091,4.247433815273988,4.528481969432022,0.31775861978530884,4,48,39,1.2051282
13,16,2861,00:00:00.7770000,54,5547,7343,30143260,31881874,34123872,66005746,6295547,72301293,4.97551376327577,6.564037262312369,0.21927791833877563,6,55,41,1.3170732
13,17,2911,00:00:01.1140000,57,11459,14266,72834488,77157640,56185577,133343217,8212901,141556118,6.2938016396847605,11.753524101239533,0.176132470369339,8,58,39,1.4615384
13,18,2932,00:00:01.4150000,52,24066,27731,179189760,188555776,78909126,267464902,9481197,276946099,8.008945036814604,6.035505627835833,0.1181347519159317,9,53,33,1.5757576
13,19,2944,00:00:01.8140000,48,50930,55663,411582291,433828259,111471450,545299709,10663692,555963401,9.137596901612076,2.795181163416356,0.09866774082183838,9,48,30,1.5666667
13,20,2954,00:00:02.4820000,45,102593,109250,854591682,908781017,171737235,1080518252,12242243,1092760495,9.774779774886692,2.4805625927673756,0.10943260788917542,8,45,27,1.6296296
14,0,774,00:00:00.0330000,1,1,1,1005,1005,3,1008,1268,2276,1,1,0,0,1,1,0
14,1,864,00:00:00.0680000,1,1,1,1929,1929,81,2010,2465,4475,1,1,0,0,1,1,0
14,2,971,00:00:00.0700000,1,1,1,3624,3624,382,4006,5075,9081,1,1,0,0,1,1,0
14,3,1088,00:00:00.0730000,1,1,1,6730,6730,1297,8027,9973,18000,1,1,0,0,1,1,0
14,4,1223,00:00:00.0770000,1,2,3,12172,12173,3858,16031,19802,35833,1,1,0,0,1,1,0
14,5,1384,00:00:00.0810000,1,5,9,21563,21569,10523,32092,39932,72024,1,1,0,0,1,1,0
14,6,1578,00:00:00.0860000,1,3,9,37611,37644,26558,64202,80028,144230,1,1,0,0,1,1,0
14,7,1810,00:00:00.0930000,2,10,22,64468,64503,63775,128278,159661,287939,1.0058323509337965,1.0117327769622055,0,1,2,1,1
14,8,2082,00:00:00.1060000,3,20,42,111213,111490,144857,256347,311289,567636,1.0759983095501424,1.164128309307737,0.021578287705779076,1,3,2,1
14,9,2330,00:00:00.1370000,9,53,85,211933,212904,300013,512917,533331,1046248,1.4624008530998005,2.168164442088899,0.07238967716693878,2,9,7,1.1428572
14,10,2497,00:00:00.1550000,12,107,156,450100,453145,573618,1026763,773507,1800270,2.122743834703399,3.145187068275684,0.09760136157274246,3,12,9,1.2222222
14,11,2621,00:00:00.1870000,12,207,287,941259,950827,1107224,2058051,1063587,3121638,2.672606583310226,2.5896877306821455,0.09559120237827301,3,12,9,1.2222222
14,12,2728,00:00:00.2230000,14,387,537,1906975,1932194,2169533,4101727,1466643,5568370,3.1459211578547177,2.770926004278676,0.08978255838155746,4,14,9,1.4444444
14,13,2822,00:00:00.2840000,18,722,988,3938542,4008218,4235631,8243849,2032733,10276582,3.6864408199785608,3.6359067732249555,0.08718211203813553,4,18,12,1.4166666
14,14,2901,00:00:00.3750000,26,1400,1874,8215286,8353371,8089669,16443040,2794606,19237646,4.251601100679879,3.6536102043693837,0.10259369015693665,5,26,19,1.3157895
14,15,2972,00:00:00.5570000,29,2856,3713,16906891,17387749,15648995,33036744,3889807,36926551,4.7716644059513955,3.258008298509691,0.10500936955213547,5,29,21,1.3333334
14,16,3032,00:00:00.7960000,36,5632,7074,35305526,36537442,29312022,65849464,5358000,71207464,5.417106347601223,4.803068463245463,0.16305187344551086,6,36,27,1.2962962
14,17,3080,00:00:01.1510000,41,11485,14015,75134309,78315698,53208575,131524273,7224858,138749131,6.115684061192337,7.510774662999342,0.17585180699825287,5,41,32,1.25
14,18,3120,00:00:01.7180000,45,22856,27206,157041186,166393861,96526694,262920555,9699138,272619693,6.772709236925911,8.635312319295444,0.18590950965881348,7,45,32,1.375
14,19,3148,00:00:02.5360000,56,46796,53680,343271353,365618952,160673353,526292305,12403985,538696290,7.8630975448743605,10.162227864172484,0.22324760258197784,9,56,36,1.5277778
14,20,3163,00:00:03.5940000,54,103505,113096,824131243,881543150,238771817,1120314967,14714713,1135029680,9.449730384751351,7.010448529293287,0.1641065776348114,9,54,37,1.4324324
15,0,641,00:00:00.0520000,2,2,2,1002,1002,6,1008,1332,2340,1.0089820359281436,1.0181254535455997,0,1,2,1,1
15,1,732,00:00:00.0730000,2,2,2,1926,1926,82,2008,2574,4582,1.039460020768432,1.0820236951461994,0,1,2,1,1
15,2,821,00:00:00.0990000,2,2,2,3685,3685,324,4009,4617,8626,1.1364993215739485,1.308445917735815,0,1,2,1,1
15,3,911,00:00:00.1020000,2,3,3,6932,6933,1107,8040,8453,16493,1.3056837853433352,1.7375663903395142,0,1,2,1,1
15,4,992,00:00:00.1040000,2,5,5,13093,13102,3031,16133,14455,30588,1.511952951959062,1.9988577875005986,0,1,2,1,1
15,5,1070,00:00:00.1070000,3,7,9,24632,24641,7655,32296,24301,56597,1.6898343618057812,1.7523079918899427,0.011011823080480099,1,3,2,1
15,6,1152,00:00:00.1240000,2,13,16,45680,45782,18725,64507,41394,105901,1.8188485113835378,1.4218102846519802,0,1,2,1,1
15,7,1242,00:00:00.1280000,4,23,30,83704,83880,44768,128648,72191,200839,1.9048193634712798,1.2255138846019447,0.0034191827289760113,2,4,2,1.5
15,8,1348,00:00:00.1330000,5,29,39,150085,150552,106721,257273,131377,388650,1.9650931139021222,1.1381302870293926,0.011949247680604458,2,5,3,1.3333334
15,9,1470,00:00:00.1420000,9,58,79,267064,268281,245122,513403,241879,755282,2.0440980439145675,1.2007575477175396,0.013521105982363224,2,9,7,1.1428572
15,10,1604,00:00:00.1580000,12,109,157,482782,486896,538647,1025543,437844,1463387,2.2236620255104786,1.6722641015718769,0.1278437077999115,2,12,10,1.1
15,11,1737,00:00:00.1840000,19,202,284,913804,922911,1126022,2048933,750380,2799313,2.5350589404292387,3.101659515215149,0.27429407835006714,3,19,15,1.2
15,12,1863,00:00:00.2300000,24,377,546,1783412,1816187,2296576,4112763,1225951,5338714,2.926386051007843,4.766933864962464,0.4222526550292969,3,24,19,1.2105263
15,13,1973,00:00:00.3020000,33,723,1004,3636452,3719225,4500943,8220168,1888487,10108655,3.4627524301159482,5.654677945025644,0.4229288697242737,3,33,26,1.2307693
15,14,2061,00:00:00.4090000,36,1383,1880,7738301,7967905,8449483,16417388,2732065,19149453,4.145379715779988,6.017952700546664,0.3687286376953125,4,36,27,1.2962962
15,15,2113,00:00:00.5190000,36,2838,3598,18639992,19167565,13771351,32938916,3507920,36446836,5.536118202196653,6.067576615636662,0.2060406655073166,5,36,25,1.4
15,16,2140,00:00:00.6440000,29,6021,7107,44819453,46143820,21137540,67281360,4166384,71447744,6.7097716252806565,4.0382249190519675,0.11592935025691986,5,29,19,1.4736842
15,17,2162,00:00:00.8580000,30,12224,13846,95876225,98706709,35263405,133970114,5034762,139004876,7.316600408495432,3.173476145310122,0.11358987540006638,5,30,19,1.5263158
15,18,2184,00:00:01.2830000,33,24150,26938,193078636,200242486,65079173,265321659,6413734,271735393,7.699397695144273,2.8873143878798473,0.10053123533725739,6,34,23,1.4347826
15,19,2203,00:00:01.9900000,37,48892,53558,396785656,414241065,116243166,530484231,8261674,538745905,8.491169161619089,3.9317552975494134,0.12998081743717194,7,38,27,1.3703704
15,20,2213,00:00:02.7480000,35,99627,106222,835802075,877831133,171949514,1049780647,9779203,1059559850,9.778333265085516,4.620987495724258,0.09904032200574875,8,36,25,1.4
16,0,1151,00:00:00.0770000,1,1,1,1008,1008,3,1011,1254,2265,1,1,0,0,1,1,0
16,1,1247,00:00:00.1140000,1,1,1,1921,1921,91,2012,2538,4550,1,1,0,0,1,1,0
16,2,1351,00:00:00.1160000,1,1,1,3622,3622,384,4006,5043,9049,1,1,0,0,1,1,0
16,3,1473,00:00:00.1190000,1,1,1,6713,6713,1327,8040,10301,18341,1,1,0,0,1,1,0
16,4,1605,00:00:00.1230000,2,2,2,12279,12279,3762,16041,19737,35778,1.0019545565599806,1.0039167515342506,0,1,2,1,1
16,5,1764,00:00:00.1280000,2,6,7,21676,21688,10393,32081,39281,71362,1.007335301716184,1.0147782121375128,0,1,2,1,1
16,6,1951,00:00:00.1340000,3,7,15,38009,38038,26070,64108,77860,141968,1.0440422005314531,1.092187762574212,0.01339191198348999,1,3,2,1
16,7,2146,00:00:00.1530000,5,11,24,68454,68499,59889,128388,144206,272594,1.2283577292780554,1.5556903260817134,0.04989734664559364,2,5,3,1.3333334
16,8,2310,00:00:00.1610000,7,23,40,130972,131132,125236,256368,234793,491161,1.5921647375011452,2.2859189736242644,0.1123097762465477,2,7,5,1.2
16,9,2445,00:00:00.1710000,9,58,84,258338,259218,254283,513501,356328,869829,2.040141210352329,2.7499680388198318,0.13842852413654327,2,9,7,1.1428572
16,10,2558,00:00:00.1830000,14,110,151,517254,520598,508797,1029395,520118,1549513,2.479667629443175,3.3405663561906103,0.1712416410446167,3,14,9,1.4444444
16,11,2660,00:00:00.2060000,21,192,263,1030128,1037135,1023838,2060973,759857,2820830,2.922278590621748,3.70001113183878,0.19482289254665375,4,21,14,1.4285715
16,12,2738,00:00:00.2310000,25,368,496,2213070,2228746,1903382,4132128,1051007,5183135,3.6936201746894586,4.854139445560975,0.18801970779895782,5,25,15,1.6
16,13,2795,00:00:00.2710000,24,706,920,4738694,4789701,3442223,8231924,1394536,9626460,4.376152374472798,2.79273078301718,0.14718805253505707,5,24,15,1.5333333
16,14,2848,00:00:00.3370000,22,1432,1816,9740957,9935277,6647866,16583143,1908794,18491937,4.840370715115569,2.1542205157419088,0.1394111067056656,5,22,15,1.4
16,15,2897,00:00:00.4360000,28,2859,3544,19675884,20145064,12822684,32967748,2662852,35630600,5.357760749148552,2.65278446949333,0.08758121728897095,6,28,19,1.4210526
16,16,2930,00:00:00.5640000,27,5924,6990,42924403,44279638,21634779,65914417,3457737,69372154,6.409970104884161,3.580424019157621,0.07192855328321457,7,27,15,1.7333333
16,17,2953,00:00:00.7940000,34,12015,13684,92308356,95556267,35724695,131280962,4349205,135630167,7.222574584688736,2.3755711735688196,0.054771143943071365,8,35,24,1.4166666
16,18,2975,00:00:01.1460000,40,24880,27700,195843896,204017329,65266701,269284030,5721934,275005964,7.777284996413674,2.055713810710387,0.05567919835448265,6,40,31,1.2580645
16,19,2994,00:00:01.8660000,41,49051,53801,388178258,411344915,118000851,529345766,7601494,536947260,8.324618922886712,2.7058788860844096,0.0857589840888977,6,41,30,1.3333334
16,20,3009,00:00:02.9780000,52,101807,109568,831662663,883810537,203158480,1086969017,9930794,1096899811,9.280302722932266,5.410448640949248,0.17624962329864502,7,52,38,1.3421053
17,0,1035,00:00:00.0390000,2,2,2,999,999,4,1003,1293,2296,1.003003003003003,1.0060240381201386,0,1,2,1,1
17,1,1130,00:00:00.0500000,2,2,3,1924,1924,82,2006,2491,4497,1.0150727650727651,1.0305996894641105,0,1,2,1,1
17,2,1236,00:00:00.0670000,2,3,4,3651,3652,366,4018,5015,9033,1.0895645028759244,1.1948650497966145,0,1,2,1,1
17,3,1328,00:00:00.0680000,2,4,6,6854,6860,1145,8005,8916,16921,1.247446746425445,1.5934572702460894,0,1,2,1,1
17,4,1415,00:00:00.0700000,2,6,8,13008,13018,3104,16122,15272,31394,1.4587177121771218,1.9864584874744147,0,1,2,1,1
17,5,1495,00:00:00.0710000,3,6,9,24390,24412,7704,32116,25147,57263,1.6498564985649857,1.8451217311635402,0,2,3,1,2
17,6,1577,00:00:00.0720000,3,8,11,45516,45580,18638,64218,42074,106292,1.8009930573864135,1.508659306643269,0,2,3,1,2
17,7,1669,00:00:00.0740000,4,18,24,83584,83748,45081,128829,73711,202540,1.9185490045941807,1.3197291305734336,0.011344046331942081,2,4,2,1.5
17,8,1769,00:00:00.0870000,5,28,40,151830,152171,104086,256257,129447,385704,2.0443193044852794,1.371465702200043,0.03423263505101204,2,5,3,1.3333334
17,9,1875,00:00:00.0920000,6,51,72,280312,281724,230824,512548,225414,737962,2.2527754787522474,1.8044305428017038,0.07870960235595703,2,6,4,1.25
17,10,1982,00:00:00.0990000,10,92,128,531137,534310,495154,1029464,381924,1411388,2.517576444495488,2.2777932685230122,0.12679480016231537,3,10,6,1.5
17,11,2091,00:00:00.1130000,12,178,247,995034,1004698,1049254,2053952,639500,2693452,2.7591037090189885,2.0848304512308506,0.18337740004062653,3,12,8,1.375
17,12,2206,00:00:00.1400000,15,348,497,1859652,1886506,2220478,4106984,1075632,5182616,3.0014368279656622,2.076202317842106,0.23730051517486572,2,15,12,1.1666666
17,13,2323,00:00:00.2000000,23,701,987,3552383,3624478,4605209,8229687,1784103,10013790,3.315673732252406,3.0786923587609025,0.2665790617465973,3,23,19,1.1578947
17,14,2435,00:00:00.3310000,33,1362,1904,6942105,7143613,9282426,16426039,2868063,19294102,3.7123378283676205,5.466713479201186,0.3123352825641632,3,33,25,1.28
17,15,2539,00:00:00.5060000,40,2701,3744,13987237,14545876,18386123,32931999,4470708,37402707,4.189919424400974,7.991989927437962,0.3888608515262604,4,40,30,1.3
17,16,2632,00:00:00.8120000,52,5305,7235,28646483,30037639,35737756,65775395,6754680,72530075,4.710614039426759,8.419398309041414,0.34400102496147156,4,52,38,1.3421053
17,17,2714,00:00:01.2810000,57,10540,14083,58671294,62748536,68448422,131196958,9953499,141150457,5.264308044748425,8.885972443377396,0.3762911260128021,6,58,39,1.4615384
17,18,2783,00:00:02.0420000,73,21350,27574,125254699,135827109,127739494,263566603,14216237,277782840,5.9719523656354,11.349880109631087,0.28843581676483154,7,74,51,1.4313725
17,19,2825,00:00:03.1360000,76,44520,54029,293180999,320217144,206708704,526925848,18245240,545171088,7.383312630707013,11.538001812150325,0.18547587096691132,9,77,53,1.4339622
17,20,2843,00:00:04.2730000,55,95893,108478,706541679,780185417,291334140,1071519557,21013737,1092533294,8.956673943081,4.518179366992148,0.09512274712324142,9,56,42,1.3095238
18,0,1269,00:00:00.0210000,2,2,2,1002,1002,2,1004,1278,2282,1.0029940119760479,1.00600592951527,0,1,2,1,1
18,1,1356,00:00:00.0590000,2,2,2,1918,1918,83,2001,2440,4441,1.0062565172054223,1.0125913234416168,0,1,2,1,1
18,2,1459,00:00:00.0770000,2,2,2,3649,3649,377,4026,4902,8928,1.0139764318991504,1.0283434357727441,0,1,2,1,1
18,3,1572,00:00:00.0900000,2,3,3,6743,6744,1263,8007,9734,17741,1.0486430372237876,1.1019937213379982,0,1,2,1,1
18,4,1687,00:00:00.1180000,3,4,4,12444,12445,3564,16009,18011,34020,1.1644969463195114,1.3805123628426765,0.017612136900424957,1,3,2,1
18,5,1798,00:00:00.1450000,4,7,7,23093,23102,8998,32100,31957,64057,1.3856146884337246,1.9191137351150682,0.04520951211452484,2,4,2,1.5
18,6,1899,00:00:00.1630000,4,12,12,43242,43333,20708,64041,52906,116947,1.6191896767032052,2.0016158692640165,0.06459607183933258,2,4,2,1.5
18,7,1998,00:00:00.1920000,7,17,21,81295,81435,46797,128232,86652,214884,1.8542345777723108,1.7958809198599908,0.0848458781838417,2,7,4,1.5
18,8,2095,00:00:00.2310000,9,27,38,153822,154095,102856,256951,140762,397713,2.1189036678758564,2.005314982210923,0.10084980726242065,2,9,6,1.3333334
18,9,2188,00:00:00.2390000,12,49,70,293517,293865,219829,513694,224982,738676,2.416289346102611,2.456564623818813,0.12390358000993729,3,12,8,1.375
18,10,2281,00:00:00.2490000,12,110,148,560247,562001,467385,1029386,361047,1390433,2.695793105540949,2.400637423429659,0.14414282143115997,3,12,8,1.375
18,11,2375,00:00:00.2680000,14,213,277,1062324,1069819,984726,2054545,582657,2637202,2.970688791743385,2.408395743933473,0.14507336914539337,3,14,10,1.3
18,12,2469,00:00:00.2950000,22,382,515,2049401,2069379,2045264,4114643,938031,5052674,3.3029719415575576,3.089496937631708,0.13434408605098724,4,22,15,1.4
18,13,2559,00:00:00.3470000,24,725,967,4007001,4068055,4141288,8209343,1482532,9691875,3.696384902324706,3.983663716421823,0.12556800246238708,4,25,19,1.2631578
18,14,2643,00:00:00.4260000,28,1460,1909,8030850,8187479,8227959,16415438,2292849,18708287,4.150376112117646,5.411337740100278,0.13612119853496552,5,29,21,1.3333334
18,15,2720,00:00:00.5310000,32,2786,3636,16288552,16773355,16154710,32928065,3478999,36407064,4.643827885990111,7.494692242736707,0.1632644087076187,6,33,22,1.4545455
18,16,2787,00:00:00.7280000,37,5592,7135,33755976,35155254,30831008,65986262,5120262,71106524,5.251556939132793,9.829983342945072,0.24412551522254944,6,38,25,1.48
18,17,2840,00:00:01.0650000,49,11325,14002,73357372,76864840,56154317,133019157,7182951,140202108,6.039985947151978,12.381064731495586,0.3364768624305725,6,49,34,1.4117647
18,18,2871,00:00:01.3820000,55,23396,27460,169484851,177967624,88899018,266866642,9068605,275935247,7.38811900067694,15.343216645709552,0.23058487474918365,8,55,37,1.4594594
18,19,2886,00:00:01.7080000,53,48653,54086,384397956,405063732,126393836,531457568,10522518,541980086,8.756664770090504,9.582229038024632,0.15440283715724945,8,53,35,1.4857143
18,20,2896,00:00:02.2430000,49,107609,114934,899513762,950699442,184411998,1135111440,12086896,1147198336,10.013198937583347,6.975662579364679,0.14050143957138062,9,50,32,1.53125
1,0,729,00:00:00.0370000,1,1,1,1005,1005,4,1009,1206,2215,1,1,0,0,1,1,0
1,1,827,00:00:00.0670000,1,1,1,1918,1918,85,2003,2496,4499,1,1,0,0,1,1,0
1,2,933,00:00:00.0690000,1,1,1,3646,3646,382,4028,5049,9077,1,1,0,0,1,1,0
1,3,1044,00:00:00.0700000,1,1,1,6727,6727,1285,8012,9816,17828,1,1,0,0,1,1,0
1,4,1180,00:00:00.0730000,1,2,2,12210,12214,3809,16023,19721,35744,1,1,0,0,1,1,0
1,5,1341,00:00:00.0750000,2,6,7,21608,21620,10469,32089,39847,71936,1.0037948907811922,1.0076186190089664,0,1,2,1,1
1,6,1531,00:00:00.0800000,5,9,14,37566,37586,26487,64073,79420,143493,1.0311984241069052,1.0647792901604125,0.017391568049788475,1,5,4,1
1,7,1734,00:00:00.0970000,7,23,36,67570,67647,60711,128358,148538,276896,1.1867248779043955,1.463623430940392,0.0818791314959526,1,7,6,1
1,8,1911,00:00:00.1050000,9,29,51,128406,128826,128249,257075,246364,503439,1.5163699515598958,2.5190615428687746,0.23456306755542755,2,9,6,1.3333334
1,9,2065,00:00:00.1140000,10,59,91,245618,246814,266902,513716,385609,899325,1.8637884845573207,2.871115485662296,0.3920464515686035,2,10,7,1.2857143
1,10,2202,00:00:00.1280000,11,110,167,480731,483628,544887,1028515,584848,1613363,2.2500400431842342,3.503820568911679,0.48577630519866943,2,11,8,1.25
1,11,2328,00:00:00.1510000,11,213,308,931370,941877,1112608,2054485,881603,2936088,2.5910411544284226,3.2650738391513103,0.47242772579193115,2,11,8,1.25
1,12,2457,00:00:00.1940000,22,391,563,1759642,1784722,2328926,4113648,1371514,5485162,2.8318123800182082,2.5399371364476613,0.28309109807014465,3,22,16,1.3125
1,13,2594,00:00:00.2850000,35,691,1039,3246751,3319372,4883315,8202687,2203796,10406483,3.057531051811488,2.646704501382665,0.30042052268981934,3,35,29,1.1724138
1,14,2733,00:00:00.4490000,46,1367,1961,6175142,6416767,10015536,16432303,3548562,19980865,3.4081213031214506,4.827700080327997,0.4886472225189209,4,47,39,1.1794872
1,15,2858,00:00:00.7730000,57,2594,3740,12669594,13261059,19623664,32884723,5467849,38352572,3.9683695468063145,13.2391278306981,0.6556317210197449,5,58,45,1.2666667
1,16,2950,00:00:01.1230000,57,5228,7192,28497311,30092630,35646921,65739551,7702898,73442449,4.839988271174077,7.864554346785928,0.551939845085144,6,58,40,1.425
1,17,3020,00:00:01.6560000,58,10828,14148,62964816,66796793,64794269,131591062,10432606,142023668,5.537361119263812,3.1122430864988324,0.4295879006385803,6,59,41,1.4146341
1,18,3057,00:00:02.3040000,49,22586,27242,157548899,166914635,96311778,263226413,12580120,275806533,7.719738066846154,4.537720811064304,0.2920907437801361,7,50,35,1.4
1,19,3067,00:00:02.7030000,36,51765,57300,422921775,444952928,121723262,566676190,13559032,580235222,9.582899979552955,3.440408068813764,0.12811407446861267,6,37,27,1.3333334
1,20,3074,00:00:03.3050000,29,102953,109800,874408783,924868961,164327240,1089196201,14672982,1103869183,10.260940672641894,2.7681406712979717,0.0870240107178688,5,30,23,1.2608696
19,0,711,00:00:00.0160000,1,1,1,1005,1005,1,1006,1162,2168,1,1,0,0,1,1,0
19,1,796,00:00:00.0410000,1,1,1,1936,1936,76,2012,2208,4220,1,1,0,0,1,1,0
19,2,900,00:00:00.0420000,1,1,1,3642,3642,376,4018,4718,8736,1,1,0,0,1,1,0
19,3,1016,00:00:00.0440000,1,2,2,6683,6684,1318,8002,9796,17798,1,1,0,0,1,1,0
19,4,1153,00:00:00.0450000,1,1,2,12115,12115,3894,16009,19894,35903,1,1,0,0,1,1,0
19,5,1314,00:00:00.0470000,1,3,6,21546,21548,10470,32018,39786,71804,1,1,0,0,1,1,0
19,6,1503,00:00:00.0500000,1,9,16,37771,37805,26258,64063,78832,142895,1,1,0,0,1,1,0
19,7,1735,00:00:00.0540000,4,20,32,64400,64514,63571,128085,158363,286448,1.0076708074534162,1.0154977537048366,0.005783239379525185,1,4,3,1
19,8,2002,00:00:00.0730000,10,32,58,111831,112078,143966,256044,307465,563509,1.1004730352049075,1.2319896644762436,0.07388076186180115,1,10,9,1
19,9,2242,00:00:00.0850000,13,62,107,212971,214420,298144,512564,522861,1035425,1.4622976837221968,2.917446055295373,0.3216415047645569,2,13,11,1.0909091
19,10,2439,00:00:00.1030000,18,124,194,412945,418177,607929,1026106,809506,1835612,1.8337647870781824,5.557204843008852,0.477613627910614,2,18,15,1.1333333
19,11,2609,00:00:00.1310000,27,224,356,826856,841923,1214506,2056429,1206186,3262615,2.330018769894637,7.750647374963752,0.4394482672214508,3,27,20,1.3
19,12,2725,00:00:00.1630000,35,403,601,1851096,1881406,2230220,4111626,1637855,5749481,3.1465294074429417,6.936208982715104,0.29761481285095215,4,35,25,1.36
19,13,2812,00:00:00.2090000,32,733,1050,3993632,4080164,4146050,8226214,2161048,10387262,3.791958798407064,5.042264302721174,0.24012422561645508,5,32,21,1.4761904
19,14,2882,00:00:00.2830000,30,1456,1957,8661384,8872559,7676313,16548872,2832797,19381669,4.524981457928663,6.531001754055211,0.24784575402736664,6,30,20,1.45
19,15,2932,00:00:00.3540000,26,2941,3709,19021773,19554722,13475459,33030181,3597572,36627753,5.360505668951049,5.180984568300201,0.23298676311969757,7,27,17,1.5294118
19,16,2970,00:00:00.4620000,25,5881,7115,40878988,42231026,23502243,65733269,4525092,70258361,6.111178559508371,4.1161443299092095,0.2452874332666397,6,26,16,1.5625
19,17,3002,00:00:00.6540000,27,11796,13748,86164086,89430402,42010950,131441352,5768988,137210340,6.746345455344353,4.166492984451401,0.14005310833454132,6,28,18,1.5
19,18,3031,00:00:01.0140000,37,24220,27621,181091491,189996006,78144536,268140542,7575140,275715682,7.322293801203504,4.916654829435866,0.09818609058856964,7,38,25,1.48
19,19,3055,00:00:01.5980000,50,48031,53799,369437096,390714370,140764167,531478537,9950305,541428842,7.956514548284561,6.640445904438085,0.09081513434648514,8,51,34,1.4705882
19,20,3073,00:00:02.6400000,51,98323,107559,770681436,827954536,237313076,1065267612,12737095,1078004707,8.907992400377475,10.323859217252705,0.11509623378515244,9,52,34,1.5
20,0,1086,00:00:00.0210000,1,1,1,1000,1000,1,1001,1093,2094,1,1,0,0,1,1,0
20,1,1183,00:00:00.0580000,1,1,1,1922,1922,90,2012,2417,4429,1,1,0,0,1,1,0
20,2,1282,00:00:00.0600000,1,1,1,3649,3649,370,4019,4779,8798,1,1,0,0,1,1,0
20,3,1400,00:00:00.0620000,1,1,2,6721,6721,1290,8011,9787,17798,1,1,0,0,1,1,0
20,4,1536,00:00:00.0630000,1,3,5,12171,12177,3857,16034,19703,35737,1,1,0,0,1,1,0
20,5,1698,00:00:00.0660000,2,8,12,21645,21675,10463,32138,39732,71870,1.0024486024486023,1.0049092282232397,0,1,2,1,1
20,6,1887,00:00:00.0700000,5,15,23,37838,37891,26321,64212,79023,143235,1.0256620328770019,1.0529768250867635,0.015782224014401436,1,5,4,1
20,7,2092,00:00:00.0860000,9,26,39,67349,67495,60826,128321,148672,276993,1.163833167530327,1.4038325254729078,0.0851854607462883,1,9,8,1
20,8,2275,00:00:00.0930000,12,37,62,126793,127397,129371,256768,250154,506922,1.491667521077662,2.695541904440199,0.2442452609539032,2,12,10,1.1
20,9,2435,00:00:00.1020000,18,68,103,241083,242489,270541,513030,395037,908067,1.7934155456834369,3.3120379579161217,0.3432805836200714,2,18,13,1.3076923
20,10,2587,00:00:00.1160000,20,114,166,456989,461513,562672,1024185,616176,1640361,2.0999717717494293,3.849531884339534,0.3808084726333618,2,20,15,1.2666667
20,11,2729,00:00:00.1370000,22,194,287,881688,895930,1153428,2049358,949573,2998931,2.465183829200352,5.175625623600893,0.3819650411605835,3,22,16,1.3125
20,12,2866,00:00:00.1730000,30,394,563,1709845,1740009,2374579,4114588,1467774,5582362,2.7841008980346174,4.85672316492173,0.3770115077495575,3,30,22,1.3181819
20,13,3000,00:00:00.2560000,37,719,1051,3288262,3365648,4835076,8200724,2278327,10479051,3.1385993573504787,5.580573108172831,0.38249489665031433,4,37,25,1.44
20,14,3111,00:00:00.3640000,45,1409,1980,7118763,7302137,9193134,16495271,3338982,19834253,3.8982015555230594,9.189314614077066,0.3515874743461609,5,46,30,1.5
20,15,3181,00:00:00.5080000,45,2917,3801,16577946,17087091,15881066,32968157,4403689,37371846,4.909370678369926,8.630727625441887,0.30795934796333313,6,46,28,1.6071428
20,16,3229,00:00:00.6820000,43,5834,7258,37788487,39153824,27165676,66319500,5575253,71894753,5.799843587280962,9.745778420289641,0.24893271923065186,6,44,29,1.4827586
20,17,3266,00:00:00.9770000,42,11514,13746,80870628,84345206,47109571,131454777,7017077,138471854,6.505239850493061,10.69925489670264,0.24194684624671936,5,43,28,1.5
20,18,3298,00:00:01.3690000,45,23510,27177,168886926,178118622,84503491,262622113,8995771,271617884,7.128698748415848,9.590819658197965,0.21592804789543152,7,46,27,1.6666666
20,19,3324,00:00:02.0740000,48,48422,54596,360872490,384697106,148797771,533494877,11536606,545031483,7.976263992857976,10.039365379322048,0.2010050117969513,9,49,29,1.6551725
20,20,3338,00:00:02.9060000,48,103447,112326,833850221,887388272,223209948,1110598220,13689300,1124287520,9.559524961737702,11.826141674783276,0.2442382425069809,7,48,31,1.516129
21,0,710,00:00:00.0160000,2,2,2,1011,1011,0,1011,1148,2159,1.0929772502472799,1.2028843989689382,0,1,2,1,1
21,1,781,00:00:00.0520000,3,3,3,1953,1953,59,2012,2039,4051,1.1981566820276497,1.4675333739168854,0.016302084550261497,1,3,2,1
21,2,851,00:00:00.0820000,4,4,4,3733,3733,282,4015,3664,7679,1.3656576480042861,1.8735569193080663,0.022798947989940643,2,4,2,1.5
21,3,913,00:00:00.0840000,4,4,4,7185,7185,882,8067,6218,14285,1.5359777313848295,2.024604025881728,0.027171839028596878,2,4,2,1.5
21,4,977,00:00:00.1010000,4,4,4,13555,13555,2575,16130,10845,26975,1.713758760604943,1.8173297251749125,0.043454449623823166,2,4,2,1.5
21,5,1043,00:00:00.1020000,4,5,5,25372,25379,6804,32183,19045,51228,1.867570550212833,1.6441612383814124,0.053839873522520065,2,4,2,1.5
21,6,1110,00:00:00.1030000,5,9,9,47827,47836,16633,64469,32922,97391,2.04880088652853,1.7110778620660378,0.059988707304000854,3,5,2,2
21,7,1177,00:00:00.1050000,5,15,17,90143,90204,38243,128447,55637,184084,2.299579556926217,2.1095965916805812,0.05181507766246796,3,5,2,2
21,8,1240,00:00:00.1060000,5,24,29,174470,174744,82891,257635,90484,348119,2.6732274889665844,2.7589207004258873,0.03612111508846283,3,5,2,2
21,9,1295,00:00:00.1080000,6,49,57,343376,343864,169231,513095,139928,653023,3.1043491682587017,2.971038098305567,0.021980972960591316,3,6,3,1.6666666
21,10,1348,00:00:00.1120000,6,103,120,672634,674736,350526,1025262,217083,1242345,3.450812774852297,2.2973896089509123,0.018115539103746414,3,6,3,1.6666666
21,11,1404,00:00:00.1180000,7,197,236,1292129,1302309,753928,2056237,349380,2405617,3.688007931096663,1.6962192876314448,0.03054197132587433,4,7,3,2
21,12,1466,00:00:00.1420000,13,392,477,2455341,2477784,1651768,4129552,585014,4714566,3.8883841389037204,1.4674236281587196,0.032686442136764526,4,13,9,1.3333334
21,13,1526,00:00:00.1700000,17,743,914,4785127,4841983,3361571,8203554,946215,9149769,4.334325295859441,1.9034963347485971,0.03681279718875885,4,17,13,1.2307693
21,14,1574,00:00:00.2130000,18,1569,1876,10113227,10292716,6286165,16578881,1406945,17985826,5.043754777777657,2.3122562310707244,0.04126477986574173,5,18,13,1.3076923
21,15,1615,00:00:00.2870000,23,3050,3623,20605174,21097624,11778507,32876131,2040002,34916133,5.552990234394526,1.7980379988580784,0.06305161118507385,5,23,18,1.2222222
21,16,1657,00:00:00.4230000,31,5977,7055,42013764,43071536,23564452,66635988,3076912,69712900,5.961753914740893,1.780147311774186,0.05260897055268288,5,31,25,1.2
21,17,1694,00:00:00.6670000,31,12009,13993,85408234,88615387,44828347,133443734,4525408,137969142,6.566707619782889,2.749011480228842,0.07797271758317947,6,31,23,1.3043479
21,18,1721,00:00:01.0360000,38,24425,27731,183947048,191965779,77784042,269749821,6200168,275949989,7.490720449071844,4.955416042767995,0.2070084810256958,6,38,29,1.2758621
21,19,1739,00:00:01.5330000,43,49900,54931,396901920,415673905,125706368,541380273,7976088,549356361,8.487764395294434,7.912888233825214,0.2017454206943512,7,43,32,1.3125
21,20,1751,00:00:02.2970000,40,99097,106626,813540234,861824234,193879275,1055703509,9841687,1065545196,9.396640965639076,9.530571700535894,0.20757877826690674,6,40,28,1.3928572
22,0,764,00:00:00.0300000,1,1,1,1001,1001,2,1003,1251,2254,1,1,0,0,1,1,0
22,1,849,00:00:00.0550000,1,1,1,1924,1924,78,2002,2345,4347,1,1,0,0,1,1,0
22,2,950,00:00:00.0710000,1,1,1,3669,3669,360,4029,4726,8755,1,1,0,0,1,1,0
22,3,1064,00:00:00.0960000,1,1,1,6731,6731,1275,8006,9579,17585,1,1,0,0,1,1,0
22,4,1198,00:00:00.0990000,1,2,3,12201,12203,3868,16071,19475,35546,1,1,0,0,1,1,0
22,5,1363,00:00:00.1120000,1,4,6,21536,21542,10568,32110,40012,72122,1,1,0,0,1,1,0
22,6,1553,00:00:00.1230000,2,9,14,37576,37623,26494,64117,79448,143565,1.0018895039386844,1.0037861943475814,0,1,2,1,1
22,7,1782,00:00:00.1360000,5,20,29,64911,65137,63110,128247,157811,286058,1.022276655728613,1.045825913276375,0.015256575308740139,1,5,4,1
22,8,2028,00:00:00.1720000,11,38,54,115675,116109,140653,256762,294659,551421,1.1999394856278367,1.5272285021013772,0.12107958644628525,1,11,10,1
22,9,2232,00:00:00.1880000,18,62,97,224758,225929,286760,512689,477945,990634,1.6097669493410691,3.484965830766755,0.31505367159843445,3,18,14,1.2142857
22,10,2367,00:00:00.1990000,19,124,180,493850,497455,527784,1025239,669145,1694384,2.526864432519996,5.2287165441470345,0.24540412425994873,3,19,15,1.2
22,11,2441,00:00:00.2110000,16,241,323,1133484,1146811,921693,2068504,841610,2910114,3.3831558275194005,2.0952077037578443,0.22194913029670715,4,16,11,1.3636364
22,12,2507,00:00:00.2290000,18,422,557,2307708,2340978,1779910,4120888,1092059,5212947,3.7649910647274267,1.4201460296014474,0.13197025656700134,4,18,13,1.3076923
22,13,2579,00:00:00.2650000,25,794,1026,4434638,4515546,3733615,8249161,1531003,9780164,3.9792046160250285,1.3524989416539412,0.07091593742370605,5,25,19,1.2631578
22,14,2657,00:00:00.3710000,33,1432,1884,8394237,8594561,7902693,16497254,2289280,18786534,4.23335879127549,1.796115557070649,0.08414207398891449,5,33,26,1.2307693
22,15,2731,00:00:00.4960000,39,2829,3633,16536409,17048836,15744595,32793431,3428065,36221496,4.698916433428805,3.756641577872793,0.15322725474834442,5,40,32,1.21875
22,16,2796,00:00:00.6920000,46,5756,7214,34263810,35630064,30302445,65932509,5020926,70953435,5.277397347230211,6.458206297677729,0.36373844742774963,4,46,37,1.2162162
22,17,2852,00:00:01.0470000,53,11564,14199,72166327,75760454,57111884,132872338,7204812,140077150,5.953792646257305,7.282917761475208,0.32695525884628296,5,53,40,1.3
22,18,2884,00:00:01.3890000,52,23736,27733,167786664,176673055,90505312,267178367,9150550,276328917,7.352532201248128,8.622658086436463,0.29162997007369995,7,52,35,1.4571428
22,19,2901,00:00:01.8320000,48,48955,54522,379909715,401403576,133342331,534745907,10816059,545561966,8.531120442655698,6.087045733998749,0.23700784146785736,7,48,33,1.4242424
22,20,2914,00:00:02.6420000,50,100786,108995,816563997,869753988,206910535,1076664523,12850577,1089515100,9.380503342226095,5.307921244638419,0.2093963623046875,8,50,36,1.3611112
23,0,719,00:00:00.0180000,1,1,1,1009,1009,0,1009,1189,2198,1,1,0,0,1,1,0
23,1,812,00:00:00.0430000,1,1,1,1924,1924,84,2008,2419,4427,1,1,0,0,1,1,0
23,2,921,00:00:00.0450000,1,1,1,3643,3643,375,4018,4962,8980,1,1,0,0,1,1,0
23,3,1035,00:00:00.0470000,1,2,3,6768,6774,1272,8046,9742,17788,1,1,0,0,1,1,0
23,4,1171,00:00:00.0490000,2,3,5,12200,12202,3863,16065,19674,35739,1.0050819672131148,1.010215552846262,0,1,2,1,1
23,5,1332,00:00:00.0520000,3,7,10,21626,21659,10430,32089,39735,71824,1.02802182558032,1.057717243886581,0.009095733985304832,1,3,2,1
23,6,1501,00:00:00.0660000,5,12,19,38827,38862,25243,64105,74684,138789,1.136245396244881,1.3136125581207687,0.04106677323579788,1,5,4,1
23,7,1662,00:00:00.0700000,6,19,31,71791,71986,56094,128080,129077,257157,1.409744954102882,2.0638902737676346,0.11311192065477371,1,6,5,1
23,8,1804,00:00:00.0760000,9,38,53,136358,136886,119866,256752,208044,464796,1.7002962789128617,2.150648468065414,0.17852948606014252,2,9,7,1.1428572
23,9,1942,00:00:00.0830000,13,65,93,255847,257061,257402,514463,332623,847086,1.9570329142026288,2.0113155668298504,0.17493364214897156,2,13,11,1.0909091
23,10,2074,00:00:00.0960000,16,120,171,485348,490039,537365,1027404,525337,1552741,2.272015131410864,2.778079583443119,0.19698333740234375,2,16,12,1.25
23,11,2199,00:00:00.1150000,23,207,289,934283,945535,1106363,2051898,819423,2871321,2.6008350788786694,4.0159108606728715,0.2024010419845581,3,23,18,1.2222222
23,12,2323,00:00:00.1540000,31,396,550,1779770,1813445,2286510,4099955,1288542,5388497,2.899702770582716,4.402901997955796,0.22347888350486755,3,31,24,1.25
23,13,2446,00:00:00.2180000,44,728,1043,3454388,3531985,4690563,8222548,2032292,10254840,3.2514535136180416,5.699895808331083,0.22122851014137268,4,44,35,1.2285714
23,14,2561,00:00:00.3220000,47,1354,1921,6852217,7111331,9373786,16485117,3143105,19628222,3.72429054713241,7.147704857476894,0.2377479076385498,5,48,36,1.3055556
23,15,2644,00:00:00.4390000,49,2729,3701,15537159,16083828,16801206,32885034,4401943,37286977,4.689906500924654,5.919926810943275,0.2348102182149887,5,49,37,1.2972972
23,16,2702,00:00:00.6200000,49,5674,7247,35316054,36546819,29646372,66193191,5822092,72015283,5.472361691371296,2.5902204171769974,0.1344757229089737,6,49,36,1.3333334
23,17,2753,00:00:00.9460000,46,11451,14157,74482736,77780812,55138295,132919107,7822937,140742044,6.050043220753867,2.4816881495284786,0.08691053837537766,7,47,32,1.4375
23,18,2792,00:00:01.3520000,50,22960,27429,158270067,166295245,96265926,262561171,10219267,272780438,6.888695396837104,4.753634122516426,0.07303338497877121,8,51,34,1.4705882
23,19,2816,00:00:01.8730000,53,48238,54897,362685374,382986579,152899710,535886289,12550673,548436962,8.126260983438499,7.27662199172846,0.12104333937168121,8,53,37,1.4054054
23,20,2831,00:00:02.7040000,52,99382,108936,793796465,843020833,234094243,1077115076,14894017,1092009093,9.15224779818086,7.2261604169988845,0.09958937764167786,7,52,39,1.3076923
24,0,796,00:00:00.0320000,1,1,1,1008,1008,0,1008,1139,2147,1,1,0,0,1,1,0
24,1,887,00:00:00.0710000,1,1,1,1922,1922,86,2008,2350,4358,1,1,0,0,1,1,0
24,2,989,00:00:00.0860000,1,1,1,3653,3653,368,4021,4766,8787,1,1,0,0,1,1,0
24,3,1108,00:00:00.0940000,1,1,1,6744,6744,1306,8050,9820,17870,1,1,0,0,1,1,0
24,4,1246,00:00:00.0960000,1,4,4,12103,12114,3925,16039,20123,36162,1,1,0,0,1,1,0
24,5,1406,00:00:00.0980000,3,4,6,21482,21483,10625,32108,40297,72405,1.0035378456382087,1.0071070422092925,0,1,3,2,1
24,6,1598,00:00:00.1280000,3,12,16,37645,37715,26462,64177,80099,144276,1.0202948598751493,1.0416226132601767,0.018767064437270164,1,3,2,1
24,7,1793,00:00:00.1410000,6,21,27,68375,68599,59453,128052,145876,273928,1.255561243144424,1.4824492481600837,0.12560507655143738,2,6,3,1.6666666
24,8,1910,00:00:00.1450000,7,35,44,145684,146344,110392,256736,209462,466198,2.0858570604870814,2.687422171349268,0.2581905424594879,3,7,3,2
24,9,1989,00:00:00.1480000,8,50,69,302693,304228,208626,512854,280201,793055,2.6241208088723558,1.862359412709467,0.21877992153167725,3,8,4,1.75
24,10,2066,00:00:00.1540000,12,99,128,596857,599467,430436,1029903,392505,1422408,2.9443937157476583,1.6581356845934732,0.15179643034934998,3,12,7,1.5714285
24,11,2144,00:00:00.1740000,13,209,264,1146059,1155190,905271,2060461,576756,2637217,3.2315892986312225,2.0107827539566663,0.15761233866214752,4,13,6,2
24,12,2220,00:00:00.1920000,21,394,514,2239530,2254860,1855023,4109883,863768,4973651,3.6192026898501024,2.9240379473761178,0.14223982393741608,5,21,13,1.5384616
24,13,2286,00:00:00.2230000,22,736,949,4617136,4666111,3591222,8257333,1260213,9517546,4.224667196287915,4.7720711393927235,0.17792947590351105,5,22,14,1.5
24,14,2337,00:00:00.2680000,20,1413,1771,9668597,9831161,6566772,16397933,1749590,18147523,4.910383585126157,4.674101311983434,0.1904630959033966,5,21,13,1.5384616
24,15,2383,00:00:00.3470000,23,2894,3496,20018647,20405588,12474477,32880065,2457529,35337594,5.4029192882016455,2.705491260619131,0.1536138504743576,5,24,16,1.4375
24,16,2430,00:00:00.4960000,24,5764,6925,39702002,40883482,25143968,66027450,3618276,69645726,5.730852716193002,1.9579059146909397,0.22618621587753296,4,24,17,1.3529412
24,17,2480,00:00:00.8250000,34,11348,13688,76734977,79999894,52239412,132239306,5589820,137829126,5.994871334880312,1.9517803776834135,0.2221185564994812,5,34,24,1.375
24,18,2530,00:00:01.4180000,49,22535,27042,147102812,156852571,105407128,262259699,8703008,270962707,6.379212927622349,2.8167834755212056,0.1563015580177307,6,49,34,1.4117647
24,19,2566,00:00:02.2630000,59,46103,53665,318966009,344636386,181972281,526608667,12166802,538775469,7.5284443083087265,6.631637408747056,0.13077323138713837,7,60,42,1.4047619
24,20,2584,00:00:03.2480000,60,98793,109684,753018187,813589393,271400631,1084990024,14945831,1099935855,8.960806521662404,7.399816581441215,0.12102685123682022,8,61,41,1.4634147
25,0,844,00:00:00.0210000,1,1,1,1009,1009,2,1011,1186,2197,1,1,0,0,1,1,0
25,1,931,00:00:00.0490000,1,1,1,1923,1923,81,2004,2344,4348,1,1,0,0,1,1,0
25,2,1032,00:00:00.0510000,1,1,1,3644,3644,365,4009,4711,8720,1,1,0,0,1,1,0
25,3,1148,00:00:00.0520000,1,1,1,6724,6724,1292,8016,9680,17696,1,1,0,0,1,1,0
25,4,1288,00:00:00.0550000,1,3,4,12125,12139,3896,16035,19857,35892,1,1,0,0,1,1,0
25,5,1449,00:00:00.0570000,3,5,6,21538,21540,10471,32011,39866,71877,1.0089144767387872,1.0180270585153988,0.005027092061936855,1,3,2,1
25,6,1637,00:00:00.0710000,3,7,10,37716,37738,26403,64141,79198,143339,1.0525241276911657,1.1122357285188766,0.05249594524502754,1,3,2,1
25,7,1826,00:00:00.0760000,4,11,20,68770,68801,59296,128097,143129,271226,1.2400756143667298,1.6515482752624353,0.16586968302726746,1,4,3,1
25,8,1993,00:00:00.0810000,5,29,44,130504,130802,126232,257034,235460,492494,1.5622126524857476,2.902928498167559,0.3867725729942322,2,5,3,1.3333334
25,9,2145,00:00:00.0880000,6,49,82,245553,246364,265767,512131,372687,884818,1.8368132338028857,3.0919004177097302,0.5273879766464233,2,6,4,1.25
25,10,2296,00:00:00.1000000,8,99,155,461989,464776,561934,1026710,593151,1619861,2.118113201829481,3.432793210219722,0.528650164604187,2,8,6,1.1666666
25,11,2436,00:00:00.1190000,13,190,287,897297,905395,1150411,2055806,922242,2978048,2.4875453723794907,3.6866989172400437,0.4276452660560608,3,13,9,1.3333334
25,12,2557,00:00:00.1540000,15,353,518,1835491,1866589,2254084,4120673,1375331,5496004,3.0727908772094223,3.8787115323540466,0.2835809588432312,4,15,10,1.4
25,13,2634,00:00:00.2220000,15,749,1010,4165716,4256676,3946011,8202687,1833140,10035827,4.029997004116459,3.351285774502587,0.15847952663898468,5,15,9,1.5555556
25,14,2694,00:00:00.2760000,15,1421,1838,9076619,9295032,7210056,16505088,2411539,18916627,4.664961589772579,2.1241553204623793,0.1040981262922287,6,16,10,1.5
25,15,2749,00:00:00.3560000,17,2840,3578,18628244,19123844,13779821,32903665,3259613,36163278,5.143871961307786,2.31816042999818,0.06184263527393341,7,18,11,1.5454545
25,16,2796,00:00:00.4880000,25,5818,7097,38967570,40101578,25582659,65684237,4403989,70088226,5.814914684184823,3.6593934958999896,0.03940798342227936,8,26,18,1.3888888
25,17,2828,00:00:00.6910000,23,11770,13796,85887105,89316812,43047871,132364683,5632025,137996708,6.857030412190515,5.447812409848551,0.043462518602609634,7,24,17,1.3529412
25,18,2849,00:00:00.9790000,34,24377,27421,190633115,198765757,69502692,268268449,6930886,275199335,7.822065353126082,4.197306866245842,0.06352163851261139,8,34,25,1.32
25,19,2866,00:00:01.4220000,41,49251,54016,394431190,414733184,116461228,531194412,8612852,539807264,8.474822878484838,3.173102568196093,0.08422523736953735,7,41,32,1.25
25,20,2881,00:00:02.3080000,46,98569,106379,797198158,850996531,202116780,1053113311,10947805,1064061116,9.097472671280308,3.672254077738719,0.14906129240989685,7,46,34,1.3235294
26,0,671,00:00:00.0310000,1,1,1,998,998,6,1004,1288,2292,1,1,0,0,1,1,0
26,1,758,00:00:00.0580000,1,1,1,1935,1935,79,2014,2401,4415,1,1,0,0,1,1,0
26,2,856,00:00:00.0610000,1,1,1,3645,3645,374,4019,4788,8807,1,1,0,0,1,1,0
26,3,974,00:00:00.0620000,1,3,4,6709,6711,1295,8006,9810,17816,1,1,0,0,1,1,0
26,4,1113,00:00:00.0640000,1,4,7,12133,12144,3892,16036,20030,36066,1,1,0,0,1,1,0
26,5,1270,00:00:00.0670000,2,7,11,21649,21668,10348,32016,39371,71387,1.0021248094600212,1.0042586020075335,0,1,2,1,1
26,6,1460,00:00:00.0710000,4,9,14,37679,37709,26376,64085,78884,142969,1.0194272671780036,1.039852684979287,0.01741695962846279,1,4,3,1
26,7,1671,00:00:00.0850000,7,16,24,66801,66881,61170,128051,150494,278545,1.1401775422523615,1.3356206363740846,0.09717164188623428,2,7,5,1.2
26,8,1853,00:00:00.0910000,9,38,53,127900,128422,128102,256524,250537,507061,1.5382564503518374,2.8910373790882655,0.2817147374153137,2,9,6,1.3333334
26,9,1980,00:00:00.0980000,11,58,86,263108,264595,247924,512519,363478,875997,2.1351612265685573,4.44441808478728,0.36977118253707886,2,11,7,1.4285715
26,10,2084,00:00:00.1070000,14,107,151,532507,535050,495108,1030158,515491,1545649,2.5717708875188494,2.5712302255496953,0.21654894948005676,2,14,10,1.3
26,11,2188,00:00:00.1210000,15,195,270,1011843,1020059,1036611,2056670,762316,2818986,2.807090625719603,1.72722716482439,0.18789899349212646,3,15,10,1.4
26,12,2304,00:00:00.1500000,19,387,542,1841065,1869580,2228769,4098349,1202959,5301308,2.9454739512184522,1.4940665109522653,0.1546657234430313,3,19,14,1.2857143
26,13,2433,00:00:00.2300000,33,731,1062,3362182,3442078,4756495,8198573,1983882,10182455,3.1537540204545738,1.8105867791648658,0.16576403379440308,4,33,26,1.2307693
26,14,2547,00:00:00.3270000,47,1408,2022,6992958,7196723,9237321,16434044,3072288,19506332,3.8298712790781813,4.550452459989752,0.14952562749385834,5,48,40,1.175
26,15,2617,00:00:00.4320000,44,2843,3776,16744484,17353224,15800948,33154172,4130825,37284997,5.022519654830809,10.040179287125934,0.19224941730499268,7,45,32,1.375
26,16,2654,00:00:00.5430000,39,5885,7159,39745614,41080628,24663399,65744027,5024420,70768447,6.2248259141247635,11.756406220094021,0.20300956070423126,7,40,26,1.5
26,17,2681,00:00:00.7180000,32,11933,13840,89391576,92809705,40371511,133181216,6074965,139256181,7.049262113915521,6.751255753824129,0.2135600745677948,7,33,19,1.6842105
26,18,2705,00:00:01.0650000,37,24461,27634,189475276,197757448,71622280,269379728,7580160,276959888,7.606043803836443,5.011027526251358,0.2942388951778412,7,37,21,1.7142857
26,19,2727,00:00:01.6550000,45,49506,54942,385999765,407559892,131822897,539382789,9777973,549160762,8.125396350953737,5.598663120708054,0.3089054822921753,8,45,27,1.6296296
26,20,2745,00:00:02.7820000,58,100886,110069,802835598,856877212,233166134,1090043346,12615337,1102658683,8.910467107862349,8.682147560691408,0.3763151466846466,8,58,38,1.5
27,0,1001,00:00:00.0230000,1,1,2,1002,1002,1,1003,1349,2352,1,1,0,0,1,1,0
27,1,1088,00:00:00.0640000,1,1,2,1937,1937,79,2016,2466,4482,1,1,0,0,1,1,0
27,2,1183,00:00:00.0660000,1,1,2,3655,3655,356,4011,4736,8747,1,1,0,0,1,1,0
27,3,1302,00:00:00.0680000,1,1,2,6716,6716,1296,8012,9836,17848,1,1,0,0,1,1,0
27,4,1441,00:00:00.0700000,1,1,4,12110,12110,3892,16002,20046,36048,1,1,0,0,1,1,0
27,5,1603,00:00:00.0720000,1,2,6,21565,21566,10454,32020,40086,72106,1,1,0,0,1,1,0
27,6,1793,00:00:00.0760000,1,10,18,37660,37733,26285,64018,79541,143559,1,1,0,0,1,1,0
27,7,2024,00:00:00.0820000,6,21,38,64648,64805,63246,128051,158764,286815,1.0151126098255165,1.0308710455465446,0.01385018415749073,1,6,5,1
27,8,2279,00:00:00.1020000,12,36,62,113869,114426,141937,256363,300760,557123,1.1561179952401444,1.3903524196948427,0.12405680865049362,2,12,10,1.1
27,9,2485,00:00:00.1140000,19,62,110,226136,227316,285786,513102,484855,997957,1.6635829766158419,4.0927999085288915,0.3847142159938812,2,19,15,1.2
27,10,2623,00:00:00.1270000,20,109,173,477794,480592,543747,1024339,683761,1708100,2.292942146615487,4.32114306064025,0.45398035645484924,2,20,16,1.1875
27,11,2741,00:00:00.1440000,19,197,291,957440,966779,1088469,2055248,961447,3016695,2.6838360628342244,2.1154007075538575,0.3791148364543915,3,19,14,1.2857143
27,12,2863,00:00:00.1760000,20,382,560,1791216,1819538,2280273,4099811,1425140,5524951,2.8962676751435894,1.5678612314240894,0.29100745916366577,3,20,14,1.3571428
27,13,2997,00:00:00.2440000,32,690,1031,3314284,3379962,4844767,8224729,2239326,10464055,3.099565698051223,1.7446932811800473,0.2176036238670349,3,32,26,1.1923077
27,14,3132,00:00:00.3670000,44,1374,2016,6314437,6517286,9923310,16440596,3545618,19986214,3.449063629900813,3.269896008591141,0.21664486825466156,4,45,36,1.2222222
27,15,3252,00:00:00.5610000,54,2672,3831,12845459,13431816,19340811,32772627,5387725,38160352,4.002690756320969,8.337824048319602,0.24666620790958405,4,55,45,1.2
27,16,3349,00:00:00.8710000,68,5336,7338,28110546,29624341,36240781,65865122,7749265,73614387,4.756360762256272,13.594708203233164,0.28153470158576965,6,69,49,1.3877552
27,17,3410,00:00:01.2050000,68,11122,14263,67662601,71325093,61378582,132703675,10096801,142800476,5.930901533034475,9.721710565936364,0.2649398744106293,6,69,46,1.4782609
27,18,3449,00:00:01.6270000,53,22636,27417,153680046,163330754,101328823,264659577,12514299,277173876,6.854110617587921,5.523030503643755,0.25286516547203064,7,54,32,1.65625
27,19,3482,00:00:02.3600000,50,46529,54375,328049890,353278324,177956259,531234583,15781494,547016077,7.485572179280414,4.234047410059982,0.38066914677619934,7,50,30,1.6333333
27,20,3507,00:00:03.7840000,54,95469,108060,703392188,765112059,300437828,1065549887,19658035,1085207922,8.436628053651344,5.687365902845342,0.38253453373908997,7,54,35,1.5142857
28,0,822,00:00:00.0230000,1,1,1,1005,1005,2,1007,1315,2322,1,1,0,0,1,1,0
28,1,913,00:00:00.0540000,1,1,1,1923,1923,82,2005,2478,4483,1,1,0,0,1,1,0
28,2,1016,00:00:00.0560000,1,2,2,3647,3648,366,4014,4934,8948,1,1,0,0,1,1,0
28,3,1141,00:00:00.0580000,2,2,2,6707,6707,1335,8042,10264,18306,1.0016400775309378,1.0032855425289613,0,1,2,1,1
28,4,1281,00:00:00.0610000,2,3,3,12134,12138,3925,16063,20550,36613,1.0071699357178177,1.0144427302276464,0,1,2,1,1
28,5,1440,00:00:00.0640000,3,5,7,21625,21628,10424,32052,40287,72339,1.0436531791907515,1.0912278105030802,0.008136164397001266,1,3,2,1
28,6,1604,00:00:00.0790000,4,6,11,39298,39302,24873,64175,74009,138184,1.1953025599267137,1.4638446282666333,0.029693597927689552,1,4,3,1
28,7,1750,00:00:00.0830000,4,17,26,73636,73731,54462,128193,123267,251460,1.478787549568146,2.0598318141528473,0.07359130680561066,1,4,3,1
28,8,1885,00:00:00.0880000,7,37,57,138518,138778,117761,256539,198473,455012,1.7372110483836036,1.804458194494213,0.11005483567714691,2,7,5,1.2
28,9,2023,00:00:00.0980000,8,69,100,254347,256051,257250,513301,323564,836865,1.9397909155602386,1.5613608357643363,0.12277939170598984,2,8,6,1.1666666
28,10,2161,00:00:00.1140000,18,115,175,476853,480251,544765,1025016,524574,1549590,2.2028151233189264,2.0486680536344815,0.12357468158006668,3,18,14,1.2142857
28,11,2291,00:00:00.1400000,25,228,330,921716,931712,1116584,2048296,829628,2877924,2.5784189490038147,3.7258901425708766,0.15941627323627472,3,25,19,1.2631578
28,12,2408,00:00:00.1800000,30,391,562,1852419,1880087,2236460,4116547,1270599,5387146,3.0454600174150666,6.320187265877935,0.20230934023857117,4,30,23,1.2608696
28,13,2508,00:00:00.2440000,36,721,1007,3817711,3891607,4340993,8232600,1871748,10104348,3.613811260202776,8.609185507258985,0.21646812558174133,5,36,28,1.25
28,14,2572,00:00:00.3140000,34,1444,1878,8831209,9048416,7424005,16472421,2476154,18948575,4.74601824053762,5.327219023863998,0.24664463102817535,5,34,26,1.2692307
28,15,2613,00:00:00.4000000,30,2912,3603,20051251,20641994,12445081,33087075,3104304,36191379,5.627830752305679,3.083391984344056,0.17353016138076782,6,30,20,1.45
28,16,2648,00:00:00.5490000,37,5835,6924,42554820,43858155,22236072,66094227,3964642,70058869,6.212779633423429,3.120757374923425,0.11532782018184662,6,37,26,1.3846154
28,17,2681,00:00:00.8630000,41,11932,13865,88373018,91772648,42034738,133807386,5261358,139068744,6.727651770362759,3.9572470392543044,0.10129087418317795,6,41,29,1.3793104
28,18,2710,00:00:01.4030000,45,24027,27418,181061729,189399964,78465153,267865117,7076319,274941436,7.314267434174342,6.1479950873596385,0.15933586657047272,6,46,31,1.451613
28,19,2735,00:00:02.3890000,51,48460,54437,368108854,390170290,143841269,534011559,9560181,543571740,7.9033286523447766,7.728311875668416,0.1988847404718399,6,52,37,1.3783784
28,20,2755,00:00:03.9320000,55,96593,106655,741689633,802356286,250682985,1053039271,12672854,1065712125,8.652650358670984,7.637627327857961,0.4831905961036682,4,55,38,1.4210526
2,0,678,00:00:00.0520000,1,2,2,999,1000,1,1001,1128,2129,1,1,0,0,1,1,0
2,1,779,00:00:00.0890000,2,2,2,1918,1918,89,2007,2477,4484,1.0015641293013555,1.0031331833019272,0,1,2,1,1
2,2,881,00:00:00.0930000,2,2,2,3641,3641,384,4025,4974,8999,1.0104366932161495,1.0210912293629082,0,1,2,1,1
2,3,992,00:00:00.0960000,2,2,2,6761,6761,1271,8032,9722,17754,1.0418577133560125,1.0872062271483953,0,1,2,1,1
2,4,1107,00:00:00.0990000,3,3,3,12536,12536,3537,16073,18034,34107,1.1470963624760688,1.3309654923455148,0,2,3,1,2
2,5,1218,00:00:00.1020000,3,5,5,23246,23250,8924,32174,31739,63913,1.4138776563709885,1.979781358568331,0,2,3,1,2
2,6,1304,00:00:00.1040000,3,6,7,44999,45008,19206,64214,49274,113488,1.8389075312784728,2.7846957416883296,0,2,3,1,2
2,7,1374,00:00:00.1070000,3,12,14,88609,88655,40124,128779,73042,201821,2.274159509756345,2.687344910773886,0,2,3,1,2
2,8,1439,00:00:00.1100000,3,30,36,172108,172306,85355,257661,109055,366716,2.5866432705045668,1.9386030154751952,0,2,3,1,2
2,9,1508,00:00:00.1140000,3,52,67,325878,327080,189676,516756,171803,688559,2.7751704625657454,1.4664902095465873,0,2,3,1,2
2,10,1585,00:00:00.1220000,7,89,125,597361,599806,424411,1024217,285052,1309269,2.8918945160464107,1.2510315572094852,0.008671687915921211,3,7,4,1.5
2,11,1676,00:00:00.1510000,11,187,249,1083837,1090011,960130,2050141,500366,2550507,2.9807784749920883,1.1971005373649446,0.034162573516368866,3,11,8,1.25
2,12,1781,00:00:00.1830000,15,366,494,1959647,1984015,2128811,4112826,899153,5011979,3.1132244735914174,1.3888480637126899,0.11045955866575241,4,15,11,1.2727273
2,13,1887,00:00:00.2480000,26,704,966,3765818,3824378,4407547,8231925,1538806,9770731,3.5018458141099758,2.6049216594960196,0.25349539518356323,3,26,20,1.25
2,14,1974,00:00:00.3510000,28,1372,1851,7850851,8025032,8403206,16428238,2374860,18803098,4.1329840548495955,4.16672608832828,0.34128913283348083,4,28,20,1.35
2,15,2050,00:00:00.5160000,30,2815,3644,16100503,16644848,16167482,32812330,3545781,36358111,4.634102114697908,2.820605140281531,0.32831260561943054,4,30,22,1.3181819
2,16,2122,00:00:00.8760000,37,5610,7144,32762937,34212933,31716095,65929028,5312638,71241666,5.119455163619794,2.965366174123259,0.24935472011566162,4,37,28,1.2857143
2,17,2180,00:00:01.3840000,48,11221,13961,70620035,74233273,58524266,132757539,7569077,140326616,5.890704203134423,4.360429185128414,0.17059776186943054,5,48,37,1.2702702
2,18,2223,00:00:02.1990000,52,22871,27549,151100594,160812021,102911084,263723105,10234728,273957833,6.656101676211809,4.458179680598626,0.13073553144931793,6,52,36,1.4166666
2,19,2258,00:00:03.6240000,57,46816,54820,323120026,348902540,182294678,531197218,13683074,544880292,7.413501254174818,5.970862516475067,0.1305326223373413,6,57,40,1.4
2,20,2282,00:00:05.5730000,63,95448,107900,695877988,758253142,298175115,1056428257,17386259,1073814516,8.479988667208712,10.202854840305527,0.14859095215797424,9,64,42,1.5
29,0,1278,00:00:00.0520000,1,1,1,1000,1000,2,1002,1344,2346,1,1,0,0,1,1,0
29,1,1368,00:00:00.1020000,1,1,1,1928,1928,77,2005,2505,4510,1,1,0,0,1,1,0
29,2,1471,00:00:00.1040000,1,1,1,3643,3643,378,4021,5001,9022,1,1,0,0,1,1,0
29,3,1585,00:00:00.1070000,1,1,1,6713,6713,1304,8017,10001,18018,1,1,0,0,1,1,0
29,4,1725,00:00:00.1120000,2,3,5,12106,12107,3925,16032,20347,36379,1.0012390550140426,1.0024811932634718,0,1,2,1,1
29,5,1885,00:00:00.1180000,2,4,7,21603,21610,10482,32092,40141,72233,1.0064342915335833,1.0129513157094587,0,1,2,1,1
29,6,2075,00:00:00.1260000,2,6,14,37812,37873,26342,64215,79495,143710,1.0356500581825876,1.0738350677296287,0,1,2,1,1
29,7,2274,00:00:00.1360000,4,18,29,67737,67873,60257,128130,147383,275513,1.2011456072751967,1.477876479634135,0.02451970987021923,1,4,3,1
29,8,2448,00:00:00.1670000,5,33,52,128304,128845,127763,256608,243854,500462,1.5290170220725776,2.058469567537771,0.060379624366760254,1,5,4,1
29,9,2607,00:00:00.1870000,9,60,90,241990,243447,270409,513856,387271,901127,1.7901648828463985,1.6344346525128908,0.08146432042121887,2,9,7,1.1428572
29,10,2771,00:00:00.2200000,14,118,173,442136,446150,580756,1026906,628076,1654982,1.9805195686395136,1.4545916558694945,0.08964535593986511,2,14,12,1.0833334
29,11,2937,00:00:00.2770000,21,200,307,828910,838040,1213469,2051509,1018365,3069874,2.2659456394542232,2.1789299294726017,0.10847557336091995,3,21,17,1.1764706
29,12,3087,00:00:00.4050000,24,371,574,1641129,1669401,2432170,4101571,1582699,5684270,2.7201444858996457,5.137799699523169,0.19324031472206116,3,24,19,1.2105263
29,13,3212,00:00:00.5560000,29,687,1035,3449902,3517804,4723770,8241574,2335087,10576661,3.3078522230486547,9.783886765355405,0.23635905981063843,4,29,22,1.2727273
29,14,3311,00:00:00.7120000,33,1337,1893,7314754,7506478,8880102,16386580,3286182,19672762,3.9596840850697097,8.304334045499003,0.31412264704704285,6,33,22,1.4545455
29,15,3359,00:00:00.7960000,32,2863,3643,19713673,20227219,13427838,33655057,3985740,37640797,6.004877274772692,4.997797276443059,0.18355686962604523,7,32,21,1.4761904
29,16,3377,00:00:00.8640000,28,6083,7039,47868793,49047747,18658088,67705835,4428217,72134052,7.255394469628679,2.5119208628714973,0.13547652959823608,8,28,16,1.6875
29,17,3393,00:00:00.9970000,26,12568,13949,103788169,106820547,29661091,136481638,5062559,141544197,7.860403414574161,2.365063903105823,0.13041873276233673,8,26,16,1.5625
29,18,3409,00:00:01.2820000,25,25201,27480,211826580,220069302,53243887,273313189,6077488,279390677,8.269943904112505,2.9194053568052416,0.10759507864713669,8,26,16,1.5625
29,19,3425,00:00:01.8600000,28,50319,54353,416859739,438767947,101334373,540102320,7685534,547787854,8.632433344684314,4.052464092360345,0.1134462058544159,7,29,20,1.4
29,20,3441,00:00:03.0790000,39,99994,107475,815918154,869724191,197380350,1067104541,10219175,1077323716,8.996757704204729,5.382191654631516,0.2522779107093811,6,39,31,1.2258065
30,0,793,00:00:00.0600000,1,3,3,1009,1011,3,1014,1447,2461,1,1,0,0,1,1,0
30,1,872,00:00:00.1070000,2,3,3,1925,1926,75,2001,2477,4478,1.0025974025974025,1.005208275856611,0,1,2,1,1
30,2,979,00:00:00.1120000,2,2,3,3638,3638,377,4015,5039,9054,1.0082462891698736,1.0166285896405005,0,1,2,1,1
30,3,1090,00:00:00.1150000,2,2,3,6750,6750,1253,8003,9761,17764,1.0154074074074073,1.0312893085551225,0,1,2,1,1
30,4,1218,00:00:00.1190000,2,4,5,12330,12334,3732,16066,19064,35130,1.0665044606650447,1.141765311942745,0,1,2,1,1
30,5,1349,00:00:00.1230000,4,10,11,22593,22604,9554,32158,35152,67310,1.2098880184127827,1.4954447917522515,0.020771414041519165,2,4,2,1.5
30,6,1466,00:00:00.1460000,4,12,15,42043,42114,21952,64066,59186,123252,1.497823656732393,2.1291368359117446,0.038895558565855026,2,4,2,1.5
30,7,1565,00:00:00.1520000,6,21,24,81527,81618,46581,128199,92276,220475,1.8899015050228758,2.5463227126804364,0.03512084484100342,2,6,4,1.25
30,8,1650,00:00:00.1560000,5,39,46,158729,159294,97387,256681,139483,396164,2.294879952623654,2.588735657714189,0.04440637677907944,2,5,3,1.3333334
30,9,1730,00:00:00.1610000,7,63,84,308599,309905,205195,515100,211449,726549,2.606038904857112,2.0221017489185473,0.043933503329753876,3,7,4,1.5
30,10,1813,00:00:00.1710000,8,110,148,581084,584846,443958,1028804,333552,1362356,2.8244143703836277,1.6250362218633663,0.04321587458252907,3,8,5,1.4
30,11,1902,00:00:00.1860000,13,207,268,1089913,1098187,958794,2056981,544140,2601121,3.0371387441015933,1.667926683808265,0.04308460280299187,4,13,9,1.3333334
30,12,1991,00:00:00.2130000,16,387,497,2087823,2111098,1986334,4097432,879809,4977241,3.3919527661109203,2.5768482032454965,0.10777554661035538,4,16,11,1.3636364
30,13,2068,00:00:00.2580000,20,758,962,4304229,4375500,3863600,8239100,1342098,9581198,3.9890063934795292,5.274200390284156,0.18583740293979645,4,20,13,1.4615384
30,14,2131,00:00:00.3300000,27,1455,1842,9004853,9179517,7278996,16458513,1948226,18406739,4.587459562082802,6.4187322507793985,0.2113519161939621,4,27,21,1.2380953
30,15,2188,00:00:00.4430000,29,2844,3579,18568731,19086400,14046995,33133395,2829078,35962473,5.0953655368263995,6.266070881857293,0.36082184314727783,5,29,20,1.4
30,16,2242,00:00:00.6440000,37,5752,7095,37233737,38434607,27549465,65984072,4162308,70146380,5.512462367126888,5.767768197762404,0.3507031500339508,4,37,27,1.3333334
30,17,2296,00:00:01.0760000,41,11365,13930,73689616,76956194,55185305,132141499,6283963,138425462,5.896600166840332,5.796892660112807,0.3776540756225586,5,41,28,1.4285715
30,18,2348,00:00:01.7720000,47,22666,27586,144390735,153961108,109022431,262983539,9524636,272508175,6.313423828751893,7.1018832694420775,0.3708273768424988,5,47,28,1.6428572
30,19,2393,00:00:03.0590000,64,45626,54701,299635888,323815442,203953891,527769333,13937183,541706516,7.045410037798944,11.29766901202696,0.3998618423938751,7,65,37,1.7297298
30,20,2418,00:00:04.8100000,58,93878,107378,674504164,737326796,315426723,1052753519,17730726,1070484245,8.5276954242791,13.553205733148033,0.35798192024230957,7,59,34,1.7058823
31,0,849,00:00:00.0900000,1,1,1,1002,1002,3,1005,1255,2260,1,1,0,0,1,1,0
31,1,944,00:00:00.1350000,1,1,1,1920,1920,85,2005,2499,4504,1,1,0,0,1,1,0
31,2,1049,00:00:00.1380000,1,1,1,3618,3618,385,4003,5127,9130,1,1,0,0,1,1,0
31,3,1164,00:00:00.1420000,1,1,2,6735,6735,1289,8024,9936,17960,1,1,0,0,1,1,0
31,4,1307,00:00:00.1450000,1,3,7,12031,12040,3975,16015,20548,36563,1,1,0,0,1,1,0
31,5,1468,00:00:00.1500000,3,6,11,21468,21479,10552,32031,40795,72826,1.004751257685858,1.009558964345557,0,1,3,2,1
31,6,1660,00:00:00.1740000,5,10,18,37736,37756,26456,64212,80705,144917,1.0318263726945092,1.0663404489729875,0.022536054253578186,1,5,4,1
31,7,1861,00:00:00.1830000,6,20,34,67584,67702,60570,128272,149148,277420,1.1774828361742424,1.450026205561506,0.11269709467887878,1,6,5,1
31,8,2041,00:00:00.1930000,7,29,52,127144,127513,128701,256214,249040,505254,1.50636286415403,2.8693113555907788,0.29745620489120483,1,7,6,1
31,9,2203,00:00:00.2050000,9,65,100,240621,241726,272116,513842,395594,909436,1.7742674163934153,3.4208598588180466,0.41920003294944763,2,9,7,1.1428572
31,10,2370,00:00:00.2260000,14,107,163,438665,442761,585078,1027839,640810,1668649,1.9510058928795322,3.1341659352559295,0.474753201007843,2,14,11,1.1818181
31,11,2544,00:00:00.2620000,23,195,297,806729,818669,1232747,2051416,1050219,3101635,2.188358172323048,3.9317770889433397,0.41443246603012085,3,23,19,1.1578947
31,12,2708,00:00:00.3200000,31,370,549,1567646,1601840,2501812,4103652,1667116,5770768,2.582320881117293,5.135401655290246,0.36760279536247253,3,31,26,1.1538461
31,13,2852,00:00:00.4220000,43,711,1048,3176831,3258446,4947158,8205604,2535282,10740886,3.0749762892643644,5.015861259492843,0.27823406457901,4,43,34,1.2352941
31,14,2975,00:00:00.5820000,47,1383,1992,6607193,6824578,9609642,16434220,3719210,20153430,3.638099265452061,3.9613228583325313,0.19359660148620605,5,48,38,1.2368422
31,15,3076,00:00:00.8580000,49,2686,3749,14165852,14729516,18202172,32931688,5266901,38198589,4.305492602915801,5.327956100704877,0.15334227681159973,5,50,41,1.195122
31,16,3152,00:00:01.1780000,48,5374,7151,31527967,32981209,33040268,66021477,7118854,73140331,5.131415926691372,7.687383128697527,0.136790931224823,7,49,36,1.3333334
31,17,3198,00:00:01.5310000,42,11307,13990,75774918,79592793,54090690,133683483,8884610,142568093,6.425703397000047,6.366876031609587,0.12433411180973053,7,43,31,1.3548387
31,18,3225,00:00:02.0560000,42,23865,27822,175930657,184435453,85104705,269540158,10565868,280106026,7.4494366266136325,4.160304125710322,0.12044768780469894,7,42,30,1.3666667
31,19,3247,00:00:03.0110000,43,48266,54443,368227584,389782711,142229358,532012069,12755664,544767733,8.054530732819842,4.183496770546785,0.09509813040494919,8,43,30,1.4
31,20,3268,00:00:04.7420000,46,96334,106826,738556046,796916548,256321918,1053238466,16056257,1069294723,8.535279215627734,5.08049707399492,0.12009800225496292,6,46,29,1.5517242
32,0,761,00:00:00.0520000,2,2,2,1003,1003,2,1005,1184,2189,1.0029910269192424,1.0059999334082403,0,1,2,1,1
32,1,855,00:00:00.0930000,2,2,2,1937,1937,80,2017,2416,4433,1.0134228187919463,1.027205906630167,0,1,2,1,1
32,2,958,00:00:00.0960000,2,2,2,3628,3628,377,4005,4937,8942,1.0529217199558987,1.1114099676733125,0,1,2,1,1
32,3,1056,00:00:00.0990000,2,3,3,6809,6811,1196,8007,9110,17117,1.1605228374210603,1.3689450362621811,0,1,2,1,1
32,4,1151,00:00:00.1010000,3,4,4,12846,12847,3252,16099,16014,32113,1.354118013389382,1.8459077773302155,0.011302496306598186,1,3,2,1
32,5,1238,00:00:00.1170000,3,10,11,24094,24116,7949,32065,26662,58727,1.5713870673196646,1.9666098842460076,0.014970555901527405,1,3,2,1
32,6,1328,00:00:00.1210000,5,14,16,44930,44953,19447,64400,45405,109805,1.748831515691075,1.6457262300499205,0.016602614894509315,2,5,3,1.3333334
32,7,1421,00:00:00.1240000,5,24,29,82537,82650,45526,128176,77198,205374,1.8836521802343191,1.3982838550904346,0.020005548372864723,2,5,3,1.3333334
32,8,1524,00:00:00.1300000,6,37,49,150675,151190,105449,256639,134728,391367,2.0196051103368178,1.398190989151564,0.02299337275326252,2,6,4,1.25
32,9,1632,00:00:00.1380000,9,58,80,280302,281144,233215,514359,232415,746774,2.2335481016903196,1.8684910496637233,0.04016673564910889,2,9,7,1.1428572
32,10,1740,00:00:00.1500000,9,98,141,525528,529053,497309,1026362,390391,1416753,2.498116180298671,2.779857642722662,0.22743813693523407,2,9,7,1.1428572
32,11,1851,00:00:00.1710000,11,205,279,983294,993600,1054749,2048349,652064,2700413,2.7274985914690824,3.007536100519215,0.31994470953941345,3,11,8,1.25
32,12,1972,00:00:00.2130000,16,391,542,1809749,1837748,2263029,4100777,1111658,5212435,2.907662885847706,2.777474664032398,0.353583961725235,3,16,12,1.25
32,13,2100,00:00:00.2990000,21,738,1043,3362825,3465955,4740702,8206657,1886275,10092932,3.1933020600239383,3.483022271785384,0.3487873673439026,3,21,16,1.25
32,14,2173,00:00:00.3820000,30,1461,1936,8855525,9100381,7657621,16758002,2554219,19312221,5.0933185779499235,4.973049367584953,0.24609774351119995,6,30,22,1.3181819
32,15,2196,00:00:00.4320000,28,3058,3651,22311125,22850091,10611260,33461351,2905677,36367028,6.511399357943627,3.233420086175353,0.16084076464176178,7,28,19,1.4210526
32,16,2213,00:00:00.5050000,29,6104,6909,49028282,50189938,15931071,66121009,3320463,69441472,7.333110958283221,4.221988359123197,0.15302661061286926,8,29,16,1.75
32,17,2228,00:00:00.6310000,28,12301,13474,102146643,104892716,26185733,131078449,3900598,134979047,7.934841735327513,5.274623522561123,0.17964792251586914,8,29,15,1.8666667
32,18,2243,00:00:00.9440000,31,25112,27051,212257136,218958001,47972755,266930756,4830162,271760918,8.393648569723469,5.019044406026871,0.1777796745300293,8,32,19,1.6315789
32,19,2258,00:00:01.4710000,34,50792,54411,426564068,446354270,93325918,539680188,6324523,546004711,8.776316857987204,4.8187422604084285,0.17358340322971344,7,35,23,1.4782609
32,20,2273,00:00:02.6040000,42,102803,109708,852413393,906552026,185865720,1092417746,8713904,1101131650,9.192631732852185,5.770551111340954,0.45441895723342896,4,42,26,1.5769231
33,0,811,00:00:00.0620000,1,1,1,1002,1002,3,1005,1460,2465,1,1,0,0,1,1,0
33,1,913,00:00:00.0990000,1,1,1,1909,1909,94,2003,2833,4836,1,1,0,0,1,1,0
33,2,1015,00:00:00.1010000,1,1,1,3636,3636,391,4027,5317,9344,1,1,0,0,1,1,0
33,3,1137,00:00:00.1040000,1,2,2,6708,6709,1332,8041,10564,18605,1,1,0,0,1,1,0
33,4,1276,00:00:00.1080000,1,4,4,12115,12133,3923,16056,20820,36876,1,1,0,0,1,1,0
33,5,1437,00:00:00.1120000,3,6,9,21658,21667,10442,32109,40742,72851,1.008311016714378,1.0167958593846187,0.005551102105528116,1,3,2,1
33,6,1621,00:00:00.1330000,4,8,16,38206,38212,26019,64231,78697,142928,1.0522169292781238,1.111608374879597,0.037909675389528275,1,4,3,1
33,7,1808,00:00:00.1400000,4,16,29,69076,69164,59109,128273,142076,270349,1.2478863860096125,1.6795543787234148,0.17904356122016907,1,4,3,1
33,8,1972,00:00:00.1480000,6,26,44,130939,131275,125150,256425,232845,489270,1.591076760934481,3.0199066679652864,0.42687878012657166,2,6,3,1.6666666
33,9,2116,00:00:00.1590000,9,54,88,252532,253032,260528,513560,362964,876524,1.9405421887127177,3.7258075070959458,0.4668913185596466,2,9,5,1.6
33,10,2244,00:00:00.1790000,9,110,162,494749,497613,531886,1029499,549113,1578612,2.3307212344037076,4.479398676027663,0.6157894730567932,3,9,4,2
33,11,2360,00:00:00.2020000,13,201,294,964610,972907,1075685,2048592,821639,2870231,2.7086625682918486,4.076028668354493,0.541541576385498,4,13,6,2
33,12,2462,00:00:00.2380000,14,376,543,1987766,2018807,2110129,4128936,1203521,5332457,3.3129900601982327,4.89359503752536,0.3731170892715454,4,14,7,1.8571428
33,13,2530,00:00:00.2820000,23,752,1004,4425284,4500057,3742624,8242681,1609993,9852674,4.189215878574121,3.820050906014447,0.20408235490322113,6,23,14,1.5714285
33,14,2581,00:00:00.3630000,25,1479,1875,9601838,9767706,6651546,16419252,2098980,18518232,4.921929738868746,3.486499242616406,0.11588384211063385,6,26,18,1.3888888
33,15,2622,00:00:00.4380000,28,2987,3598,20444616,20873475,11895853,32769328,2725244,35494572,5.616414463348199,4.643395640399873,0.1189989298582077,7,29,19,1.4736842
33,16,2656,00:00:00.5660000,33,6066,7089,44297284,45369507,21471483,66840990,3555008,70395998,6.378482346682925,4.24368842086925,0.10364680737257004,7,34,23,1.4347826
33,17,2678,00:00:00.7770000,34,12109,13657,94197397,97064551,34910430,131974981,4403880,136378861,7.352517055221813,3.9652908147006896,0.07709420472383499,7,35,24,1.4166666
33,18,2695,00:00:01.0630000,39,25458,27869,205889472,213901596,58174034,272075630,5460786,277536416,8.205527614350286,2.8324755539511264,0.11299210041761398,7,39,30,1.2666667
33,19,2709,00:00:01.5680000,43,50586,54508,416757522,436275046,99216514,535491560,6853983,542345543,8.800106890452238,2.7342659020791946,0.08695721626281738,6,43,35,1.2
33,20,2722,00:00:02.5540000,42,101345,108031,834698472,891663563,177261587,1068925150,8893621,1077818771,9.354668703646555,3.5515508681532224,0.09129209071397781,6,42,34,1.2058823
34,0,697,00:00:00.0510000,2,2,3,999,999,4,1003,1322,2325,1.003003003003003,1.0060240381201386,0,1,2,1,1
34,1,788,00:00:00.0740000,2,2,3,1925,1925,85,2010,2567,4577,1.010909090909091,1.0220561189510342,0,1,2,1,1
34,2,891,00:00:00.1150000,2,2,3,3641,3641,372,4013,5085,9098,1.0466904696511947,1.097720058853611,0,1,2,1,1
34,3,996,00:00:00.1200000,2,3,4,6815,6816,1219,8035,9510,17545,1.1260454878943507,1.282570895416263,0,1,2,1,1
34,4,1096,00:00:00.1250000,2,4,5,12705,12723,3344,16067,16866,32933,1.3142857142857143,1.7575321803558068,0,1,2,1,1
34,5,1187,00:00:00.1300000,4,5,7,23860,23862,8159,32021,28106,60127,1.5459346186085499,2.0211507529752746,0.02013605833053589,2,4,2,1.5
34,6,1274,00:00:00.1550000,4,10,12,45161,45181,19115,64296,45892,110188,1.7537034166648213,1.7736797819914334,0.029225513339042664,2,4,2,1.5
34,7,1363,00:00:00.1640000,4,19,24,83643,83823,44219,128042,76157,204199,1.9558839352964383,1.688502255283003,0.03348219394683838,2,4,2,1.5
34,8,1453,00:00:00.1720000,6,29,39,157157,157543,98919,256462,126001,382463,2.2070859077228504,1.975647568428229,0.028604039922356606,2,6,4,1.25
34,9,1542,00:00:00.1840000,6,61,71,298093,299875,214927,514802,206517,721319,2.4753181054234754,2.1503285266943433,0.02760799415409565,2,6,4,1.25
34,10,1633,00:00:00.2020000,9,118,142,560095,565071,462279,1027350,339739,1367089,2.6999169783697408,1.8071212703276556,0.028900764882564545,3,9,6,1.3333334
34,11,1731,00:00:00.2390000,15,220,281,1038800,1049749,998512,2048261,570991,2619252,2.889306892568348,1.5514701279266299,0.04756566137075424,4,15,11,1.2727273
34,12,1833,00:00:00.2970000,19,398,525,1978993,2009692,2099352,4109044,955345,5064389,3.231069033594358,1.9558313012575703,0.06508667767047882,5,19,14,1.2857143
34,13,1905,00:00:00.3510000,18,764,989,4367507,4446597,3763435,8210032,1381306,9591338,4.209689188820991,3.9973908828032028,0.08990834653377533,4,18,14,1.2142857
34,14,1951,00:00:00.4050000,18,1523,1888,9839489,10015856,6419268,16435124,1821348,18256472,5.0728732965705845,3.0658611791582513,0.06793511658906937,5,18,13,1.3076923
34,15,1993,00:00:00.4860000,19,3019,3629,20613135,21112200,12005734,33117934,2471177,35589111,5.544008856488836,2.0040393706518462,0.07197898626327515,6,19,13,1.3846154
34,16,2036,00:00:00.6590000,22,5907,7053,40464490,41955789,23949152,65904941,3533723,69438664,5.855080145579494,1.7319521560893798,0.055796992033720016,6,22,16,1.3125
34,17,2078,00:00:01.0520000,36,11543,13697,80760170,84204380,47287658,131492038,5170850,136662888,6.326692774420856,2.329463054516831,0.07453937828540802,6,36,29,1.2068965
34,18,2112,00:00:01.6030000,42,23357,27118,168219103,177633878,86449843,264083721,7267347,271351068,7.068542399729714,3.897511389951155,0.092196024954319,6,42,31,1.3225807
34,19,2139,00:00:02.6350000,41,48414,54818,358935037,383913163,154076672,537989835,9937437,547927272,7.837120322695051,5.126203566122684,0.13902221620082855,6,41,30,1.3333334
34,20,2161,00:00:04.3510000,47,98625,109581,743478634,809945139,272864557,1082809696,13426023,1096235719,8.499038057090958,6.402895574491794,0.20995983481407166,6,47,34,1.3529412
35,0,663,00:00:00.0280000,1,1,1,1005,1005,3,1008,1335,2343,1,1,0,0,1,1,0
35,1,749,00:00:00.0510000,1,1,1,1934,1934,84,2018,2502,4520,1,1,0,0,1,1,0
35,2,849,00:00:00.0800000,1,1,1,3642,3642,376,4018,4952,8970,1,1,0,0,1,1,0
35,3,968,00:00:00.0830000,1,2,2,6720,6721,1317,8038,9989,18027,1,1,0,0,1,1,0
35,4,1101,00:00:00.0840000,3,4,4,12177,12181,3863,16044,19741,35785,1.0022994169335633,1.0046120851305458,0,1,3,2,1
35,5,1262,00:00:00.0960000,4,7,7,21541,21552,10522,32074,39841,71915,1.0115593519335222,1.0234610207527215,0.006704745814204216,1,4,3,1
35,6,1443,00:00:00.1280000,5,11,15,38374,38425,25845,64270,77028,141298,1.069630478970136,1.1527341102629578,0.05451177805662155,1,5,4,1
35,7,1623,00:00:00.1530000,7,20,28,69799,69919,58482,128401,138154,266555,1.294416825455952,1.8832485729597332,0.1907995641231537,1,7,6,1
35,8,1781,00:00:00.1650000,9,42,54,131802,132205,124288,256493,226080,482573,1.603860335958483,3.3900029779170286,0.36515793204307556,2,9,7,1.1428572
35,9,1932,00:00:00.1890000,11,71,93,245931,247604,266125,513729,362751,876480,1.8330913955540376,3.5649336695215164,0.4686289131641388,2,11,8,1.25
35,10,2089,00:00:00.2190000,19,124,171,450175,454174,570678,1024852,592459,1617311,2.032829455211862,3.6950627345328355,0.503093421459198,2,19,14,1.2857143
35,11,2245,00:00:00.2410000,27,204,301,855172,865052,1188814,2053866,958258,3012124,2.3516415411168747,5.067669290394167,0.49096500873565674,3,27,20,1.3
35,12,2386,00:00:00.2790000,35,406,575,1691862,1718102,2387736,4105838,1489705,5595543,2.789498788908315,5.579866800390925,0.42161253094673157,3,35,26,1.3076923
35,13,2508,00:00:00.3500000,41,753,1068,3437565,3514876,4677979,8192855,2224282,10417137,3.2856440532760836,5.5059181234864285,0.32259249687194824,4,41,28,1.4285715
35,14,2617,00:00:00.4560000,46,1473,2025,7010597,7211879,9183674,16395553,3274520,19670073,3.7780882284347537,4.7534741609713125,0.31851357221603394,5,47,34,1.3529412
35,15,2714,00:00:00.6060000,47,2850,3858,14424611,15023646,17852108,32875754,4763490,37639244,4.324715515725173,6.4957542920369775,0.31191638112068176,6,48,32,1.46875
35,16,2786,00:00:00.8230000,48,5607,7401,32352542,33943686,31957729,65901415,6501861,72403276,5.314983719053668,9.609757658434733,0.30345749855041504,7,49,35,1.3714286
35,17,2821,00:00:01.0390000,41,11684,14229,81263357,84903898,48633404,133537302,7833884,141371186,6.883388450221174,8.868409374632208,0.15537595748901367,8,42,30,1.3666667
35,18,2839,00:00:01.2370000,42,24332,27750,188956977,197498894,70434013,267932907,8941997,276874904,8.088953576982764,8.862902772573829,0.12161877751350403,9,43,28,1.5
35,19,2852,00:00:01.5270000,45,49367,54092,403823090,423281537,106208579,529490116,10216228,539706344,8.9239926028004,9.514540168648207,0.12930995225906372,9,46,31,1.451613
35,20,2864,00:00:02.1910000,50,104658,111828,874200015,923366993,178420155,1101787148,12107073,1113894221,9.616147369889944,11.109781100117006,0.13358977437019348,8,51,36,1.3888888
36,0,828,00:00:00.0180000,1,1,1,1004,1004,2,1006,1139,2145,1,1,0,0,1,1,0
36,1,921,00:00:00.0430000,1,1,1,1912,1912,89,2001,2376,4377,1,1,0,0,1,1,0
36,2,1016,00:00:00.0440000,1,2,2,3641,3642,367,4009,4630,8639,1,1,0,0,1,1,0
36,3,1131,00:00:00.0460000,2,3,4,6724,6726,1290,8016,9515,17531,1.0028256989886972,1.0056673233150009,0,1,2,1,1
36,4,1262,00:00:00.0480000,3,3,4,12227,12227,3792,16019,19071,35090,1.0173386766991086,1.0353498990538157,0.007785128429532051,1,3,2,1
36,5,1410,00:00:00.0600000,4,5,9,21852,21854,10190,32044,37661,69705,1.087634999084752,1.1934913419484738,0.04001140967011452,1,4,3,1
36,6,1560,00:00:00.0620000,4,8,14,39918,39952,24242,64194,68974,133168,1.295480735507791,1.7901170890741789,0.13792413473129272,1,4,3,1
36,7,1692,00:00:00.0650000,4,13,24,75428,75548,52928,128476,113892,242368,1.5738452564034575,2.3755652116250228,0.2587168216705322,1,4,3,1
36,8,1820,00:00:00.0690000,6,28,47,140435,140789,116210,256999,185807,442806,1.7855235518211272,2.041990357596103,0.28693434596061707,2,6,4,1.25
36,9,1957,00:00:00.0750000,8,53,79,255034,256158,257734,513892,310442,824334,1.9188225883607677,1.719648207505825,0.3196775019168854,2,8,6,1.1666666
36,10,2108,00:00:00.0870000,13,101,155,457353,461943,562948,1024891,531368,1556259,2.0676173546472856,1.8157678276886893,0.3770483136177063,3,13,9,1.3333334
36,11,2243,00:00:00.1050000,20,196,299,925640,936190,1118453,2054643,844118,2898761,2.6653990752344323,3.494551595152055,0.27807414531707764,3,20,15,1.2666667
36,12,2335,00:00:00.1300000,21,416,578,2018900,2048479,2059930,4108409,1188653,5297062,3.3811753925404924,2.462552292068749,0.18488973379135132,4,21,15,1.3333334
36,13,2419,00:00:00.1860000,21,792,1081,4100714,4185142,4067521,8252663,1698084,9950747,3.78211599248326,1.6225227573493535,0.12079017609357834,4,22,16,1.3125
36,14,2506,00:00:00.2760000,28,1448,1992,7908148,8106205,8384689,16490894,2544433,19035327,4.056441533466495,1.6706158081427178,0.07771235704421997,5,29,22,1.2727273
36,15,2593,00:00:00.4310000,36,2730,3715,15264325,15804487,16971584,32776071,3887342,36663413,4.428446131748374,2.7607184534848344,0.08927759528160095,5,37,28,1.2857143
36,16,2671,00:00:00.6750000,47,5621,7350,31694498,33135332,32937491,66072823,5795235,71868058,5.028349683910438,6.728143347893134,0.21281833946704865,5,47,33,1.3939394
36,17,2734,00:00:01.0780000,52,11039,14075,67075616,70850344,61133807,131984151,8253106,140237257,5.711550513378811,11.36451447173982,0.45973482728004456,4,52,36,1.4166666
36,18,2785,00:00:01.6450000,60,22475,27741,143843341,153721566,111231970,264953536,11415285,276368821,6.434136162062587,15.025734342360376,0.447360098361969,5,60,41,1.4390244
36,19,2824,00:00:02.6740000,67,46036,54946,310326881,336160551,195759128,531919679,15260524,547180203,7.238169583510879,12.64467505106632,0.4444843530654907,5,67,44,1.5
36,20,2853,00:00:04.6090000,73,93533,107983,658590378,725346965,333047000,1058393965,19789518,1078183483,8.08107255706065,12.055853029715681,0.42728668451309204,6,73,46,1.5652174
37,0,764,00:00:00.0330000,1,1,1,1007,1007,1,1008,1250,2258,1,1,0,0,1,1,0
37,1,861,00:00:00.0640000,1,1,1,1930,1930,84,2014,2530,4544,1,1,0,0,1,1,0
37,2,966,00:00:00.0740000,1,1,1,3627,3627,384,4011,5081,9092,1,1,0,0,1,1,0
37,3,1085,00:00:00.0760000,1,2,2,6699,6701,1324,8025,10204,18229,1,1,0,0,1,1,0
37,4,1220,00:00:00.0780000,2,4,5,12160,12165,3854,16019,20004,36023,1.0013980263157896,1.0027999628313953,0,1,2,1,1
37,5,1376,00:00:00.0820000,2,7,8,21732,21756,10320,32076,39100,71176,1.0098472298914043,1.0198883446563014,0,1,2,1,1
37,6,1559,00:00:00.0850000,4,14,17,38128,38233,25985,64218,77051,141269,1.075744859420898,1.1641421358528663,0.02503228560090065,1,4,3,1
37,7,1736,00:00:00.1000000,10,24,30,70718,70817,57768,128585,136807,265392,1.3345541446307871,1.869100853014586,0.08261291682720184,2,10,8,1.125
37,8,1871,00:00:00.1050000,10,34,45,138812,139348,116659,256007,211198,467205,1.8331412269832579,3.125146850240112,0.135797381401062,2,10,8,1.125
37,9,1973,00:00:00.1100000,11,52,71,280822,282637,229649,512286,302521,814807,2.3460946791918014,2.7765144277960454,0.0860794261097908,2,11,9,1.1111112
37,10,2067,00:00:00.1170000,14,106,139,554693,558429,472496,1030925,439750,1470675,2.684796815535801,1.8324225257667486,0.06006353721022606,3,14,11,1.1818181
37,11,2164,00:00:00.1300000,13,199,269,1037453,1049167,1000233,2049400,669354,2718754,2.8998904046737537,1.493533377396419,0.04560009762644768,3,13,10,1.2
37,12,2270,00:00:00.1580000,19,406,555,1949408,1975544,2145566,4121110,1071068,5192178,3.1264768586155385,1.7175241858098123,0.03928591310977936,4,19,14,1.2857143
37,13,2373,00:00:00.2110000,25,763,1048,3769001,3842182,4370930,8213112,1692813,9905925,3.519561284276656,3.08452446177739,0.06348930299282074,5,25,18,1.3333334
37,14,2458,00:00:00.3020000,27,1469,1960,7904217,8128443,8276465,16404908,2505580,18910488,4.209682502390812,6.835389935801415,0.16042938828468323,5,27,18,1.4444444
37,15,2517,00:00:00.3850000,36,2857,3666,17986784,18519248,14531588,33050836,3401992,36452828,5.1693179280965404,7.499564418164745,0.20413562655448914,6,36,24,1.4583334
37,16,2558,00:00:00.5040000,35,5954,7218,40426693,41746822,24978367,66725189,4406473,71131662,6.025801220000854,4.6373154995635035,0.1476445496082306,5,35,24,1.4166666
37,17,2592,00:00:00.7260000,35,11823,13956,83990871,87318481,44394903,131713384,5739623,137453007,6.598691684004563,3.5287676832593715,0.1354677379131317,5,35,25,1.36
37,18,2625,00:00:01.1090000,38,23343,27102,169213914,178195016,83975414,262170430,7790865,269961295,7.031276299181875,3.652549070712868,0.1149015873670578,6,38,27,1.3703704
37,19,2658,00:00:01.8410000,52,47492,54509,340537528,364983845,165415755,530399600,11056249,541455849,7.4795314717853945,4.686566570951274,0.10692426562309265,7,52,38,1.3421053
37,20,2681,00:00:03.1000000,59,95548,106939,715242233,773152035,278315840,1051467875,14572824,1066040699,8.595174310686993,8.793379366229729,0.12755244970321655,8,60,42,1.4047619
38,0,739,00:00:00.0340000,1,1,1,1004,1004,2,1006,1208,2214,1,1,0,0,1,1,0
38,1,834,00:00:00.0470000,1,1,1,1922,1922,85,2007,2471,4478,1,1,0,0,1,1,0
38,2,929,00:00:00.0750000,1,1,1,3655,3655,367,4022,4736,8758,1,1,0,0,1,1,0
38,3,1047,00:00:00.0900000,1,1,1,6736,6736,1300,8036,9756,17792,1,1,0,0,1,1,0
38,4,1179,00:00:00.0910000,1,3,3,12190,12194,3846,16040,19429,35469,1,1,0,0,1,1,0
38,5,1337,00:00:00.1040000,2,6,8,21619,21642,10408,32050,38921,70971,1.0010176233868358,1.0020373313520423,0,1,2,1,1
38,6,1530,00:00:00.1080000,4,6,11,37447,37476,26694,64170,79295,143465,1.0106817635591636,1.021660391039067,0.008659363724291325,1,4,3,1
38,7,1747,00:00:00.1220000,6,17,33,66110,66180,62077,128257,153121,281378,1.095689003176524,1.2105492001266243,0.07464121282100677,2,6,4,1.25
38,8,1931,00:00:00.1280000,8,39,62,129111,129424,127026,256450,253069,509519,1.5971528374809272,2.672277735954242,0.24509713053703308,2,8,5,1.4
38,9,2041,00:00:00.1340000,8,63,97,276429,277679,237308,514987,350920,865907,2.3113783286124105,2.797862403535016,0.31334397196769714,3,8,4,1.75
38,10,2132,00:00:00.1410000,10,95,151,553134,555697,469107,1024804,483661,1508465,2.7085552506264303,1.6994799776449256,0.23157323896884918,3,10,6,1.5
38,11,2228,00:00:00.1530000,12,187,272,1055721,1063623,996266,2059889,710550,2770439,2.931199625658673,1.4363063003485987,0.1506163775920868,3,12,8,1.375
38,12,2331,00:00:00.1790000,18,373,514,1963114,1985729,2126742,4112471,1102160,5214631,3.1417569229295905,1.7035850308844043,0.10105878859758377,3,18,14,1.2142857
38,13,2438,00:00:00.2300000,24,700,953,3702117,3773222,4443372,8216594,1750444,9967038,3.4228053840545827,2.7999635361737627,0.11519191414117813,4,24,19,1.2105263
38,14,2545,00:00:00.3410000,39,1439,1936,7144385,7336833,9102206,16439039,2786969,19226008,3.7727331323829834,4.7676380505429155,0.160719096660614,5,40,30,1.3
38,15,2627,00:00:00.4570000,45,2760,3629,15852866,16420938,16389596,32810534,4017998,36828532,4.855110552249669,7.383392619254872,0.20161667466163635,6,46,32,1.40625
38,16,2664,00:00:00.5650000,39,5836,7084,40077047,41505852,25047393,66553245,4909974,71463219,6.283938434885185,3.3128758797975153,0.22969216108322144,6,39,27,1.4074074
38,17,2688,00:00:00.7340000,30,12195,13993,91634173,95191771,39101387,134293158,5844097,140137255,7.275488697868207,3.5695989650490643,0.16898612678050995,7,30,18,1.6111112
38,18,2706,00:00:00.9770000,30,24240,26899,192081622,200070925,62745034,262815959,6959596,269775555,7.991062278722324,3.289694126589832,0.10760952532291412,6,30,21,1.3809524
38,19,2723,00:00:01.4340000,35,49081,53484,395326458,415605890,110126079,525731969,8629055,534361024,8.502528404005785,2.696861686320738,0.07202070951461792,6,35,26,1.3076923
38,20,2740,00:00:02.4930000,51,100612,108672,815962208,865932054,209394764,1075326818,11304173,1086630991,8.966344936406662,2.896208265276792,0.061776693910360336,7,51,38,1.3157895
3,0,776,00:00:00.0210000,2,2,2,1002,1002,2,1004,1268,2272,1.001996007984032,1.0039999291840536,0,1,2,1,1
3,1,871,00:00:00.0600000,2,2,2,1929,1929,85,2014,2530,4544,1.0145152928978745,1.029451765027177,0,1,2,1,1
3,2,956,00:00:00.0730000,2,2,2,3672,3672,329,4001,4538,8539,1.0550108932461875,1.1160333521160224,0,1,2,1,1
3,3,1053,00:00:00.0940000,2,2,2,6874,6874,1140,8014,8619,16633,1.155659004946174,1.3565917986507028,0,1,2,1,1
3,4,1148,00:00:00.1050000,2,5,5,12845,12849,3223,16072,15545,31617,1.3557804593226936,1.8463861475410948,0,1,2,1,1
3,5,1235,00:00:00.1180000,2,6,7,24022,24048,7995,32043,26378,58421,1.5760136541503622,1.9548197485483596,0,1,2,1,1
3,6,1323,00:00:00.1200000,3,8,11,44974,44991,19268,64259,44555,108814,1.7578378618757504,1.5977706926414763,0,2,3,1,2
3,7,1417,00:00:00.1220000,4,18,24,82698,82797,45686,128483,76837,205320,1.8782195458173112,1.3403058902307614,0.00572096137329936,2,4,2,1.5
3,8,1522,00:00:00.1340000,5,33,43,150028,150472,106470,256942,135556,392498,1.9855360332737888,1.2665224825095394,0.0181885939091444,2,5,3,1.3333334
3,9,1637,00:00:00.1390000,9,59,78,274271,275191,239450,514641,239714,754355,2.1498226206926727,1.5200224652608836,0.053132668137550354,2,9,7,1.1428572
3,10,1754,00:00:00.1480000,11,102,136,511415,514286,513716,1028002,410857,1438859,2.4024129131918306,2.1779144409914326,0.116110660135746,2,11,9,1.1111112
3,11,1871,00:00:00.1630000,16,203,269,963442,971876,1078155,2050031,686761,2736792,2.6674330162064765,2.335659294227368,0.17601749300956726,3,16,13,1.1538461
3,12,1995,00:00:00.1910000,19,323,481,1798307,1826603,2289259,4115862,1157450,5273312,2.8939146652935235,2.1012624457223903,0.2167869657278061,3,19,15,1.2
3,13,2122,00:00:00.2470000,32,639,953,3388240,3451776,4741321,8193097,1926381,10119478,3.1857005406936936,2.7071541240477472,0.23329024016857147,3,32,27,1.1481482
3,14,2240,00:00:00.3580000,37,1340,1895,6843821,7041956,9402826,16444782,3060748,19505530,3.726797208752245,5.99332809285405,0.29416245222091675,4,37,30,1.2
3,15,2315,00:00:00.4850000,40,2687,3588,16397378,16870650,16129549,33000199,4188978,37189177,4.955143499161879,9.520376554523201,0.2895669937133789,6,40,30,1.3
3,16,2350,00:00:00.5920000,34,5821,7104,41675105,43000341,24428054,67428395,5031819,72460214,6.4664271631709145,7.385336298986658,0.1878720372915268,7,34,21,1.5714285
3,17,2370,00:00:00.7140000,34,12404,14217,96630442,99568016,36628866,136196882,5816161,142013043,7.535814738382341,5.441721934210291,0.10877767950296402,8,35,23,1.4782609
3,18,2386,00:00:00.9450000,37,25057,27710,205204983,212126942,58816437,270943379,6822620,277765999,8.219761617582162,4.594478371131,0.08390767127275467,8,38,25,1.48
3,19,2401,00:00:01.3190000,38,50466,54645,415724030,434961426,102771302,537732728,8319653,546052381,8.721103341079418,4.353848260742845,0.07329058647155762,8,38,26,1.4230769
3,20,2416,00:00:02.2280000,42,101825,109336,839176786,888926261,193399411,1082325672,10700164,1093025836,9.147462297652261,4.5519507127819026,0.09206973761320114,7,42,31,1.3225807
39,0,773,00:00:00.0320000,1,1,1,1008,1008,0,1008,1226,2234,1,1,0,0,1,1,0
39,1,862,00:00:00.0440000,1,1,1,1934,1934,84,2018,2421,4439,1,1,0,0,1,1,0
39,2,970,00:00:00.0620000,1,1,2,3621,3621,390,4011,5082,9093,1,1,0,0,1,1,0
39,3,1086,00:00:00.0640000,1,1,2,6709,6709,1305,8014,10005,18019,1,1,0,0,1,1,0
39,4,1224,00:00:00.0650000,1,3,5,12081,12087,3949,16036,20324,36360,1,1,0,0,1,1,0
39,5,1388,00:00:00.0680000,2,7,11,21445,21464,10610,32074,40845,72919,1.0022382839822803,1.0044865668306424,0,1,2,1,1
39,6,1580,00:00:00.0720000,4,8,16,37795,37807,26408,64215,80842,145057,1.0203995237465273,1.0418620186544296,0.01521359197795391,1,4,3,1
39,7,1790,00:00:00.0860000,4,18,31,66585,66732,61506,128238,152524,280762,1.137148006307727,1.3268722167936453,0.10760953277349472,1,4,3,1
39,8,1978,00:00:00.0920000,9,37,55,126141,126472,130223,256695,256026,512721,1.4600645309613844,2.5322069736159483,0.22640566527843475,2,9,7,1.1428572
39,9,2138,00:00:00.1000000,12,56,83,243024,244272,269163,513435,400456,913891,1.8342591678188163,3.5758790153385442,0.3352845013141632,2,12,9,1.2222222
39,10,2276,00:00:00.1100000,17,102,147,480842,483667,545572,1029239,601015,1630254,2.2515316881636798,4.446344501142891,0.3263802230358124,3,17,12,1.3333334
39,11,2397,00:00:00.1260000,18,190,283,952031,961456,1094898,2056354,885185,2941539,2.6757038373750435,4.182769988560788,0.37862253189086914,3,18,11,1.5454545
39,12,2506,00:00:00.1520000,22,363,521,1897064,1921345,2179791,4101136,1295816,5396952,3.1137157207136923,4.220798943205508,0.4123162627220154,4,22,14,1.5
39,13,2605,00:00:00.1990000,28,710,981,3832204,3906946,4322046,8228992,1892779,10121771,3.5803394078185815,4.131146376335962,0.3447509706020355,4,28,20,1.35
39,14,2693,00:00:00.2970000,36,1425,1905,7761485,7955252,8431304,16386556,2741554,19128110,4.076153210371469,4.2410764252923485,0.2505635917186737,5,37,28,1.2857143
39,15,2775,00:00:00.4150000,40,2793,3686,15748413,16231002,16622029,32853031,4005038,36858069,4.532946716599317,4.066212967962034,0.3098258376121521,5,41,33,1.2121212
39,16,2852,00:00:00.6370000,47,5466,7141,31635589,32870534,32716866,65587400,5895094,71482494,4.982672837227718,4.496995363327734,0.21612225472927094,5,48,39,1.2051282
39,17,2921,00:00:01.0580000,58,11053,14158,66078920,69468860,63087595,132556455,8588120,141144575,5.5935901343423895,7.277459916732361,0.19684727489948273,5,59,47,1.2340425
39,18,2976,00:00:01.7280000,60,22040,27494,138356504,148217643,115667397,263885040,12005406,275890446,6.282809971839127,7.305132066908179,0.17420797049999237,5,61,47,1.2765957
39,19,3021,00:00:03.2120000,61,45053,54518,294311031,321784233,209490792,531275025,16444415,547719440,7.017788279909903,7.600154745309355,0.17412631213665009,6,62,42,1.4523809
39,20,3054,00:00:05.5520000,70,90885,106444,622925460,691288646,358620250,1049908896,21585539,1071494435,7.841110191578941,10.438436257213189,0.2478402853012085,6,70,47,1.468085
40,0,912,00:00:00.0340000,1,1,1,1002,1002,4,1006,1334,2340,1,1,0,0,1,1,0
40,1,998,00:00:00.0880000,2,2,2,1923,1923,82,2005,2481,4486,1.0088403536141446,1.0178370445715117,0,1,2,1,1
40,2,1097,00:00:00.0970000,2,2,2,3681,3681,346,4027,4828,8855,1.0431947840260798,1.0901059371897808,0,1,2,1,1
40,3,1201,00:00:00.1080000,2,2,2,6818,6818,1214,8032,9279,17311,1.1333235552948078,1.3005537641758735,0,1,2,1,1
40,4,1301,00:00:00.1390000,2,4,4,12747,12751,3328,16079,16541,32620,1.30720953949949,1.7411401217149856,0,1,2,1,1
40,5,1393,00:00:00.1410000,2,8,8,23858,23893,8248,32141,27935,60076,1.5174784139491995,1.9975590252888038,0,1,2,1,1
40,6,1483,00:00:00.1530000,4,9,11,44579,44620,19502,64122,46499,110621,1.718993247941856,1.7214620375036838,0.005142323672771454,2,4,2,1.5
40,7,1578,00:00:00.1650000,4,15,19,82756,82923,45591,128514,78601,207115,1.8764319203441442,1.4573135375123265,0.02563510648906231,2,4,2,1.5
40,8,1679,00:00:00.1680000,5,31,37,151576,151976,104033,256009,134668,390677,2.0364107774317834,1.482555719249054,0.06098780781030655,2,5,3,1.3333334
40,9,1784,00:00:00.1720000,8,55,66,282795,283614,229795,513409,229251,742660,2.2725684683251117,1.9832747221838265,0.11783050000667572,3,8,5,1.4
40,10,1887,00:00:00.1800000,10,116,141,534470,538060,486804,1024864,379473,1404337,2.564312309390611,2.656537006365715,0.20078694820404053,3,10,7,1.2857143
40,11,1988,00:00:00.1940000,13,193,248,1025530,1036098,1013074,2049172,616838,2666010,2.8883572396711945,2.98508623132735,0.23595982789993286,3,13,10,1.2
40,12,2086,00:00:00.2170000,19,402,516,2009734,2035038,2083286,4118324,987106,5105430,3.2573504752370215,3.4620480727314846,0.22060586512088776,4,19,15,1.2
40,13,2181,00:00:00.2640000,25,765,1012,3926088,3987003,4255462,8242465,1563584,9806049,3.6055908578717544,3.1991037299773044,0.2029026448726654,4,25,20,1.2
40,14,2272,00:00:00.3520000,28,1468,1916,7710300,7908709,8503655,16412364,2441264,18853628,4.0453756663164855,3.3740718326536046,0.19719600677490234,4,28,22,1.2272727
40,15,2341,00:00:00.4650000,29,2824,3609,17019198,17655990,15482516,33138506,3491326,36629832,4.938939190906646,4.870549741004354,0.1736118346452713,5,29,21,1.3333334
40,16,2388,00:00:00.6240000,35,5834,7127,38131692,39692633,26796098,66488731,4641871,71130602,5.817484652923348,5.009054982327191,0.14325197041034698,6,35,23,1.4782609
40,17,2424,00:00:00.8510000,45,11759,13893,81660355,84956975,46360020,131316995,6044004,137360999,6.5409530854966285,6.579169850576165,0.15070636570453644,7,46,32,1.40625
40,18,2455,00:00:01.2260000,50,23839,27438,174838839,182870940,83165454,266036394,7965979,274002373,7.2218202043769,8.793718055372677,0.2012123316526413,7,50,36,1.3611112
40,19,2479,00:00:01.8330000,52,48921,54865,369894768,393053031,143688317,536741348,10320667,547062015,8.089248329135598,12.043002485590316,0.22219236195087433,9,52,35,1.4571428
40,20,2492,00:00:02.6130000,60,101892,110418,822263528,872389413,214213952,1086603365,12328528,1098931893,9.473192036069488,7.727244601421139,0.22673159837722778,9,61,37,1.6216216
41,0,990,00:00:00.0330000,1,1,1,1001,1001,2,1003,1372,2375,1,1,0,0,1,1,0
41,1,1083,00:00:00.0890000,1,1,1,1924,1924,82,2006,2540,4546,1,1,0,0,1,1,0
41,2,1186,00:00:00.0940000,1,1,1,3635,3635,372,4007,4979,8986,1,1,0,0,1,1,0
41,3,1306,00:00:00.0960000,1,2,2,6748,6749,1303,8052,10154,18206,1,1,0,0,1,1,0
41,4,1444,00:00:00.0970000,1,1,2,12142,12142,3923,16065,20387,36452,1,1,0,0,1,1,0
41,5,1601,00:00:00.0990000,1,2,3,21711,21715,10340,32055,39832,71887,1,1,0,0,1,1,0
41,6,1791,00:00:00.1010000,1,7,11,37678,37751,26327,64078,79036,143114,1,1,0,0,1,1,0
41,7,2022,00:00:00.1110000,4,14,25,64762,64844,63193,128037,157903,285940,1.0170470337543622,1.0348768922824951,0.015900446102023125,1,4,3,1
41,8,2278,00:00:00.1320000,7,26,45,113863,114254,141900,256154,300586,556740,1.1611585853174429,1.4049349700461786,0.11421312391757965,1,7,6,1
41,9,2496,00:00:00.1490000,12,50,90,219473,220374,291668,512042,496302,1008344,1.5384534771930944,3.311807480804775,0.31211572885513306,2,12,10,1.1
41,10,2686,00:00:00.1760000,16,93,163,418219,421006,603977,1024983,773764,1798747,1.848627154672552,4.503717526798738,0.44255778193473816,2,16,13,1.1538461
41,11,2862,00:00:00.2010000,22,191,308,816198,824350,1224015,2048365,1184114,3232479,2.2726176736527166,5.916415384696677,0.4261116683483124,4,22,17,1.2352941
41,12,2957,00:00:00.2240000,19,376,551,2042043,2070783,2052948,4123731,1529971,5653702,3.640788661159437,6.973941246065962,0.30533984303474426,4,19,14,1.2857143
41,13,3011,00:00:00.2490000,20,713,958,4673160,4743195,3460553,8203748,1855297,10059045,4.433150373622987,3.718692262218482,0.25826558470726013,5,20,14,1.3571428
41,14,3064,00:00:00.2950000,22,1472,1866,9674702,9848934,6658003,16506937,2369499,18876436,4.82039880918296,2.963978603421883,0.22462360560894012,6,22,14,1.5
41,15,3117,00:00:00.3830000,27,2939,3620,19224081,19649647,13276304,32925951,3187293,36113244,5.206826375731563,3.561548672835559,0.28487324714660645,6,28,19,1.4210526
41,16,3163,00:00:00.5320000,33,5830,7035,40278904,41437172,25213471,66650643,4313262,70963905,5.876715935468353,4.8893174947427385,0.24260634183883667,7,34,23,1.4347826
41,17,3199,00:00:00.7600000,36,11790,13886,85231286,88172966,45618907,133791873,5726825,139518698,6.579719247695031,4.768320380866854,0.3719736635684967,5,36,25,1.4
41,18,3230,00:00:01.1520000,40,23338,26919,172614174,180713090,83106969,263820059,7662842,271482901,7.118245225910591,5.460937013509712,0.27785274386405945,6,40,25,1.56
41,19,3260,00:00:01.9270000,49,47582,54180,353576290,374569936,158450393,533020329,10635396,543655725,7.6309239428922115,7.745019019294596,0.2342173457145691,7,49,34,1.4117647
41,20,3283,00:00:03.3410000,53,96649,107734,731637592,788333470,276773423,1065106893,14213336,1079320229,8.507628822057574,10.791451298584825,0.19522853195667267,8,54,36,1.4722222
42,0,1098,00:00:00.0380000,1,1,1,1002,1002,3,1005,1357,2362,1,1,0,0,1,1,0
42,1,1187,00:00:00.0630000,1,1,1,1933,1933,79,2012,2472,4484,1,1,0,0,1,1,0
42,2,1291,00:00:00.0650000,1,1,1,3627,3627,379,4006,4973,8979,1,1,0,0,1,1,0
42,3,1411,00:00:00.0660000,1,1,1,6690,6690,1326,8016,10111,18127,1,1,0,0,1,1,0
42,4,1553,00:00:00.0680000,1,2,2,12060,12066,3979,16045,20701,36746,1,1,0,0,1,1,0
42,5,1710,00:00:00.0710000,2,5,6,21701,21713,10412,32125,40125,72250,1.0011059398184416,1.0022143747292247,0,1,2,1,1
42,6,1902,00:00:00.0740000,3,7,10,37634,37668,26562,64230,80251,144481,1.0052611999787426,1.0105900903561675,0.0045851608738303185,1,3,2,1
42,7,2130,00:00:00.0890000,4,17,29,64775,64877,63156,128033,158418,286451,1.0420532612890776,1.0887470463772355,0.03384207934141159,1,4,3,1
42,8,2360,00:00:00.0970000,11,33,59,118145,118530,137513,256043,285670,541713,1.281036015066232,1.7956001399917767,0.13975460827350616,2,11,8,1.25
42,9,2537,00:00:00.1060000,15,62,101,238108,239132,273894,513026,443698,956724,1.8282502057889698,4.204582970494122,0.3278886377811432,3,15,10,1.4
42,10,2637,00:00:00.1150000,16,115,172,544834,549438,481080,1030518,585460,1615978,2.8770139161652906,6.300397807367986,0.45558062195777893,4,16,10,1.5
42,11,2689,00:00:00.1220000,16,209,282,1258574,1268214,792472,2060686,705772,2766458,3.9027446935976746,4.964114285154767,0.3515264093875885,5,16,9,1.6666666
42,12,2728,00:00:00.1320000,13,391,487,2753176,2781381,1384939,4166320,852776,5019096,4.6230745873129795,4.513010082498845,0.2921207547187805,5,13,7,1.7142857
42,13,2762,00:00:00.1480000,16,789,939,5619760,5685385,2546778,8232163,1058750,9290913,5.110552763819095,4.5155009157312,0.22436055541038513,6,16,9,1.6666666
42,14,2797,00:00:00.1780000,21,1501,1765,11318837,11484388,5080152,16564540,1398440,17962980,5.4766517973533855,4.232983360919258,0.2066766321659088,6,21,13,1.5384616
42,15,2833,00:00:00.2420000,25,2988,3457,22131261,22538794,10388611,32927405,1955848,34883253,5.787973581803586,4.105088313019747,0.1640203297138214,5,26,19,1.3157895
42,16,2869,00:00:00.3510000,26,5871,6790,43629259,44839590,20991381,65830971,2838562,68669533,6.201034768892133,4.977339127170233,0.1967652142047882,6,27,20,1.3
42,17,2900,00:00:00.5350000,33,12043,13755,90577476,93767170,39741385,133508555,4045676,137554231,6.866768632413648,5.815516959877617,0.22719472646713257,5,33,27,1.1851852
42,18,2924,00:00:00.8440000,41,24213,27141,188031308,195724237,70600627,266324864,5537986,271862850,7.579594989574821,5.621415268239704,0.22109773755073547,6,41,32,1.25
42,19,2945,00:00:01.3080000,52,49968,55016,393788679,413892333,128146785,542039118,7627777,549666895,8.219140596472048,6.674015139934096,0.16566631197929382,7,52,39,1.3076923
42,20,2962,00:00:02.2310000,58,99311,107754,792805779,844954116,224548927,1069503043,10304048,1079807091,8.902195808792156,9.200043177292248,0.17860175669193268,7,58,44,1.2954545
43,0,844,00:00:00.0590000,2,2,3,1006,1006,2,1008,1291,2299,1.0019880715705765,1.003984011220178,0,1,2,1,1
43,1,934,00:00:00.0960000,2,2,3,1919,1919,83,2002,2448,4450,1.0015633142261595,1.0031315090912263,0,1,2,1,1
43,2,1037,00:00:00.0990000,2,2,3,3630,3630,383,4013,4953,8966,1.0044077134986227,1.0088542618490444,0,1,2,1,1
43,3,1149,00:00:00.1020000,2,2,3,6697,6697,1306,8003,9821,17824,1.0310586829923847,1.0640426586114138,0,1,2,1,1
43,4,1274,00:00:00.1050000,2,2,4,12334,12334,3670,16004,19065,35069,1.1194259769742176,1.2663466087650963,0,1,2,1,1
43,5,1393,00:00:00.1090000,2,5,7,22961,22967,9221,32188,33806,65994,1.310178128130308,1.748053945800741,0,1,2,1,1
43,6,1500,00:00:00.1120000,2,10,14,42811,42854,21183,64037,55794,119831,1.5532923781271168,1.9775344763638336,0,1,2,1,1
43,7,1606,00:00:00.1160000,3,13,19,80010,80178,48122,128300,91716,220016,1.7600299962504686,1.6043611018225903,0,2,3,1,2
43,8,1719,00:00:00.1220000,6,31,40,145906,146093,110015,256108,155145,411253,1.9081669019779859,1.3572236003262887,0.019262949004769325,2,6,4,1.25
43,9,1841,00:00:00.1440000,7,53,72,266812,267681,244852,512533,265641,778174,2.070885117610902,1.446543846724285,0.06835953891277313,2,7,5,1.2
43,10,1966,00:00:00.1570000,10,98,139,499414,501263,524992,1026255,447993,1474248,2.3274858133732734,2.1281079533619542,0.15578898787498474,2,10,8,1.125
43,11,2089,00:00:00.1800000,12,191,275,941252,951844,1097682,2049526,737598,2787124,2.6104125143957195,2.791873185455142,0.2720564305782318,3,12,9,1.2222222
43,12,2216,00:00:00.2230000,22,383,546,1779768,1803125,2308651,4111776,1218830,5330606,2.8662438025630306,2.7262756689552865,0.33316558599472046,3,22,18,1.1666666
43,13,2345,00:00:00.3120000,30,754,1062,3363803,3439295,4775755,8215050,2001095,10216145,3.173752743546516,3.4974999039188135,0.32991623878479004,3,30,25,1.16
43,14,2459,00:00:00.4660000,46,1419,2000,6896862,7103593,9284694,16388287,3093621,19481908,3.7640094872131704,8.468979075017474,0.32780855894088745,4,46,32,1.40625
43,15,2540,00:00:00.6680000,53,2835,3800,15830374,16371578,16654132,33025710,4323072,37348782,4.732166656327892,13.905497767340403,0.31551578640937805,5,53,36,1.4444444
43,16,2589,00:00:00.8710000,47,5874,7347,37148031,38648959,27672588,66321547,5512138,71833685,5.819555281409127,11.449356714867521,0.2803482711315155,6,47,27,1.7037038
43,17,2623,00:00:01.1490000,47,12095,14358,84005974,87831831,46170907,134002738,6839189,140841927,6.715245406237418,9.209215984901679,0.2749546766281128,7,48,25,1.88
43,18,2649,00:00:01.6110000,49,23927,27524,176755144,186157242,77747508,263904750,8453535,272358285,7.434078439041072,9.2930601922591,0.2496265321969986,7,50,30,1.6333333
43,19,2670,00:00:02.4330000,53,49512,55221,383592346,406497306,132309218,538806524,10511601,549318125,8.34465363654571,11.340102883696401,0.4022967517375946,7,53,33,1.5757576
43,20,2682,00:00:03.3640000,58,98936,106988,808678954,856976222,198346831,1055323053,12356756,1067679809,9.49680817957827,13.94092504918018,0.35156360268592834,8,59,36,1.6111112
44,0,1188,00:00:00.0340000,1,1,1,998,998,3,1001,1265,2266,1,1,0,0,1,1,0
44,1,1280,00:00:00.0640000,1,1,2,1928,1928,85,2013,2466,4479,1,1,0,0,1,1,0
44,2,1392,00:00:00.0670000,1,1,2,3605,3605,396,4001,5234,9235,1,1,0,0,1,1,0
44,3,1513,00:00:00.0680000,1,1,3,6699,6699,1319,8018,10385,18403,1,1,0,0,1,1,0
44,4,1645,00:00:00.0750000,2,5,8,12183,12192,3827,16019,20028,36047,1.0010670606582943,1.002136361815926,0,1,2,1,1
44,5,1805,00:00:00.0800000,4,12,15,21475,21518,10483,32001,40017,72018,1.010523864959255,1.0213294164829672,0.0071527776308357716,1,4,3,1
44,6,1985,00:00:00.1150000,8,13,17,38306,38352,25778,64130,77056,141186,1.0799874693259541,1.178703866228077,0.06105051562190056,1,8,7,1
44,7,2160,00:00:00.1240000,11,22,36,70298,70369,57635,128004,136096,264100,1.317420125750377,2.013008798346565,0.21021713316440582,1,11,10,1
44,8,2314,00:00:00.1300000,12,29,54,133389,133739,122833,256572,221173,477745,1.6222177241001883,3.8148734997692793,0.40875399112701416,2,12,10,1.1
44,9,2463,00:00:00.1380000,15,57,94,248616,249597,264459,514056,355989,870045,1.8648075747337258,4.473928667788541,0.5435466170310974,2,15,11,1.2727273
44,10,2587,00:00:00.1470000,18,108,168,518390,521246,509632,1030878,532062,1562940,2.7086614325122014,5.989431815640623,0.4359566867351532,4,18,11,1.5454545
44,11,2633,00:00:00.1540000,20,195,277,1273217,1280488,777963,2058451,638532,2696983,4.068253094327204,2.2513583747456374,0.1990865021944046,5,20,12,1.5833334
44,12,2670,00:00:00.1630000,19,397,502,2767755,2789622,1353898,4143520,778561,4922081,4.64156906951663,1.470643753600796,0.10457748919725418,5,19,11,1.6363636
44,13,2709,00:00:00.1800000,19,727,893,5528144,5591283,2690218,8281501,1016471,9297972,4.9180160647045374,1.3602667836561848,0.09789735823869705,5,19,12,1.5
44,14,2753,00:00:00.2180000,20,1479,1800,10686343,10867597,5758411,16626008,1446688,18072696,5.120754873767387,1.5414779850061702,0.07337851077318192,5,21,14,1.4285715
44,15,2801,00:00:00.3000000,23,2966,3590,20187942,20677270,12318919,32996189,2194192,35190381,5.319011318736699,2.1141108603323957,0.07308831065893173,5,24,17,1.3529412
44,16,2852,00:00:00.4600000,32,5759,6990,38954256,40100791,25890284,65991075,3452632,69443707,5.627966864519245,3.5966867630699118,0.2883339822292328,4,32,23,1.3478261
44,17,2899,00:00:00.7570000,41,11492,13791,79310373,82378526,50914284,133292810,5288747,138581557,6.214079273085754,7.089636445023483,0.3531341254711151,4,41,29,1.3793104
44,18,2930,00:00:01.1300000,47,23745,27408,173482184,181468459,85530015,266998474,7186800,274185274,7.342370724362105,8.818078546815913,0.2933533489704132,6,47,32,1.4375
44,19,2945,00:00:01.4920000,47,48437,53483,379510050,401326588,123069455,524396043,8632231,533028274,8.692525399524992,6.475243453876188,0.2105850875377655,6,47,30,1.5333333
44,20,2956,00:00:02.1590000,49,106276,113512,877869138,935086765,187089866,1122176631,10354268,1132530899,9.791924361965666,5.208455644479,0.1550765484571457,6,49,37,1.2972972
45,0,694,00:00:00.0170000,1,1,1,1010,1010,1,1011,1350,2361,1,1,0,0,1,1,0
45,1,792,00:00:00.0420000,1,1,1,1919,1919,87,2006,2666,4672,1,1,0,0,1,1,0
45,2,895,00:00:00.0430000,1,1,1,3618,3618,390,4008,5174,9182,1,1,0,0,1,1,0
45,3,1010,00:00:00.0440000,1,1,1,6714,6714,1299,8013,10067,18080,1,1,0,0,1,1,0
45,4,1149,00:00:00.0460000,1,1,2,12142,12142,3932,16074,20363,36437,1,1,0,0,1,1,0
45,5,1311,00:00:00.0480000,1,6,8,21576,21595,10455,32050,40454,72504,1,1,0,0,1,1,0
45,6,1504,00:00:00.0510000,2,7,14,37427,37487,26528,64015,80688,144703,1.0024581184706227,1.0049282753085076,0,1,2,1,1
45,7,1733,00:00:00.0560000,5,19,32,64873,64941,63060,128001,159262,287263,1.0350685184899726,1.0734141499854257,0.02736661024391651,1,5,4,1
45,8,1972,00:00:00.0730000,9,33,54,116568,117055,139390,256445,291893,548338,1.2335546633724521,1.6415341250834177,0.13784301280975342,1,9,8,1
45,9,2170,00:00:00.0830000,14,59,101,226700,227858,285448,513306,470174,983480,1.6435509483899426,3.524596051359833,0.29629114270210266,2,14,12,1.0833334
45,10,2329,00:00:00.0960000,15,114,182,451958,455381,568870,1024251,700254,1724505,2.095203536611809,4.574574940107509,0.3111615777015686,2,15,13,1.0769231
45,11,2466,00:00:00.1160000,17,225,328,902340,913405,1143133,2056538,1021880,3078418,2.5217523328235476,2.962787987547196,0.23903515934944153,3,17,13,1.2307693
45,12,2597,00:00:00.1510000,23,397,583,1731429,1762466,2340896,4103362,1518111,5621473,2.820566711080847,1.9518084985056852,0.18284140527248383,3,23,19,1.1578947
45,13,2731,00:00:00.2390000,32,726,1078,3288116,3369542,4838508,8208050,2329695,10537745,3.1151127271665597,2.1460428050675593,0.15219746530056,3,32,27,1.1481482
45,14,2860,00:00:00.3420000,45,1370,1986,6431952,6650726,9747365,16398091,3574730,19972821,3.526313318258594,4.249142770966851,0.14306886494159698,4,46,35,1.2857143
45,15,2970,00:00:00.5110000,52,2736,3814,13537815,14123292,18677392,32800684,5256754,38057438,4.188515354952036,10.815847083116285,0.1958233267068863,5,53,38,1.3684211
45,16,3050,00:00:00.7630000,52,5533,7316,30599031,32238891,33826295,66065186,7204925,73270111,5.02700837160497,10.631120653818828,0.3100188076496124,5,52,35,1.4571428
45,17,3114,00:00:01.1610000,55,11105,14252,65756940,70094686,62202718,132297404,9711070,142008474,5.667391335424063,6.668157016379363,0.2763020992279053,6,56,39,1.4102564
45,18,3170,00:00:01.8030000,66,22107,27637,138815076,148968482,116178673,265147155,13196734,278343889,6.276766768474053,8.055520453658659,0.3479720950126648,5,66,48,1.3541666
45,19,3210,00:00:02.8070000,67,45419,54411,303712615,329884732,198728757,528613489,17095975,545709464,7.298518067812231,12.008546262609402,0.27595481276512146,7,67,47,1.4042553
45,20,3231,00:00:04.2000000,59,94599,107269,698225903,761567398,296755228,1058322626,20311413,1078634039,8.736323602133679,13.341514499919201,0.21544082462787628,7,60,42,1.4047619
46,0,844,00:00:00.0190000,1,1,1,1002,1002,2,1004,1163,2167,1,1,0,0,1,1,0
46,1,940,00:00:00.0580000,1,1,2,1942,1942,87,2029,2434,4463,1,1,0,0,1,1,0
46,2,1044,00:00:00.0740000,2,2,3,3626,3626,377,4003,4949,8952,1.0016547159404303,1.0033149647166661,0,1,2,1,1
46,3,1160,00:00:00.0800000,2,2,3,6747,6747,1261,8008,9819,17827,1.0096339113680155,1.0194533860921098,0,1,2,1,1
46,4,1290,00:00:00.0820000,2,5,6,12233,12248,3808,16056,19369,35425,1.0405460639254476,1.0843683619587707,0,1,2,1,1
46,5,1430,00:00:00.0840000,3,7,9,22226,22266,9913,32179,36684,68863,1.1513092774228382,1.3400089197075582,0,2,3,1,2
46,6,1556,00:00:00.0860000,5,8,11,41657,41697,22393,64090,62451,126541,1.484144321482584,2.158772420964388,0.027170339599251747,2,5,3,1.3333334
46,7,1648,00:00:00.1030000,5,13,19,82870,83024,45478,128502,93478,221980,2.0073005912875588,3.004166547128313,0.03522954136133194,2,5,3,1.3333334
46,8,1722,00:00:00.1050000,7,26,33,165353,165551,92430,257981,134438,392419,2.444818055916736,2.362374856534428,0.02759811468422413,3,7,4,1.5
46,9,1793,00:00:00.1080000,8,57,67,317986,318563,193606,512169,198373,710542,2.730044718949891,1.751642130160177,0.019815202802419662,3,8,5,1.4
46,10,1869,00:00:00.1130000,8,106,134,601405,604284,421472,1025756,309491,1335247,2.9509648240370465,1.5966148833368066,0.06379116326570511,3,8,5,1.4
46,11,1950,00:00:00.1230000,11,200,251,1139868,1148892,914953,2063845,500853,2564698,3.186352279386736,1.9473038122336168,0.14315910637378693,4,11,7,1.4285715
46,12,2031,00:00:00.1420000,19,366,480,2170731,2196867,1911116,4107983,807787,4915770,3.4938391721498427,2.962389939208994,0.25516676902770996,4,19,14,1.2857143
46,13,2110,00:00:00.1780000,28,703,933,4296540,4348658,3897818,8246476,1285812,9532288,3.907159016324764,4.8705291177528505,0.31998562812805176,4,28,23,1.173913
46,14,2183,00:00:00.2400000,29,1376,1831,8616890,8790312,7747735,16538047,1992748,18530795,4.369274413390446,7.860500366948865,0.41443926095962524,5,29,22,1.2727273
46,15,2245,00:00:00.3410000,32,2707,3488,17816880,18295207,14616148,32911355,2943145,35854500,5.021037970733372,10.522608935557,0.380192369222641,4,32,25,1.24
46,16,2290,00:00:00.4960000,39,5766,7041,39860275,41034510,25710937,66745447,4038621,70784068,5.957439681487395,5.2151262478921385,0.22286918759346008,7,39,28,1.3571428
46,17,2310,00:00:00.6250000,31,11947,13656,93237476,96647160,36593839,133240999,4789310,138030309,7.7503312938243845,4.402215994981614,0.12380082905292511,8,31,20,1.5
46,18,2320,00:00:00.7650000,31,25870,28008,218035342,225847852,50359352,276207204,5407220,281614424,9.035880417038078,2.628150285010524,0.07262804359197617,9,31,20,1.5
46,19,2328,00:00:01.0150000,32,51766,54716,447746033,466923895,74967340,541891235,6202609,548093844,9.687792532602963,2.343644847192814,0.061043836176395416,9,32,21,1.4761904
46,20,2336,00:00:01.4840000,38,103182,107767,899429002,943539626,125673628,1069213254,7454921,1076668175,10.160708186725783,2.7094424939006405,0.04533793032169342,9,39,26,1.4615384
47,0,725,00:00:00.0350000,1,1,1,999,999,4,1003,1333,2336,1,1,0,0,1,1,0
47,1,820,00:00:00.0730000,3,3,3,1914,1914,87,2001,2616,4617,1.0020898641588296,1.0041906531238052,0,1,3,2,1
47,2,933,00:00:00.0900000,3,3,4,3627,3627,407,4034,5454,9488,1.0055141990625862,1.0111022738864255,0,1,3,2,1
47,3,1049,00:00:00.0920000,3,3,4,6705,6705,1297,8002,10472,18474,1.0165548098434005,1.033709767909605,0.004199399147182703,1,3,2,1
47,4,1174,00:00:00.0940000,4,4,5,12335,12335,3716,16051,19558,35609,1.0731252533441427,1.1577976442704419,0.019742470234632492,1,4,3,1
47,5,1299,00:00:00.0970000,4,9,10,22617,22636,9389,32025,34861,66886,1.2351770791882213,1.5768946585292498,0.05431931093335152,1,4,3,1
47,6,1416,00:00:00.1000000,5,9,12,42268,42307,21901,64208,59025,123233,1.4851660830888616,2.110733575505801,0.09969571977853775,2,5,3,1.3333334
47,7,1525,00:00:00.1030000,6,13,19,79332,79415,48671,128086,96066,224152,1.7509958150557152,2.0499947921426585,0.13636155426502228,2,6,4,1.25
47,8,1630,00:00:00.1060000,6,28,37,150345,150618,106761,257379,154458,411837,2.0305563869766203,2.0829203133840895,0.13330455124378204,2,6,4,1.25
47,9,1730,00:00:00.1130000,6,51,69,287293,288139,226598,514737,244587,759324,2.339754188232919,2.3713745850831844,0.11083433777093887,2,6,4,1.25
47,10,1828,00:00:00.1210000,6,96,132,545966,549098,479199,1028297,388020,1416317,2.6135528586029166,2.0436334113336896,0.09930635243654251,2,6,4,1.25
47,11,1932,00:00:00.1330000,9,175,253,1014877,1022656,1028263,2050919,634066,2684985,2.805565600560462,1.5761368689888329,0.07306614518165588,3,9,6,1.3333334
47,12,2049,00:00:00.1600000,15,351,505,1850764,1870587,2235034,4105621,1079865,5185486,2.953640766732009,1.4098535597901436,0.06596781313419342,3,15,12,1.1666666
47,13,2178,00:00:00.2210000,20,704,1011,3380390,3450351,4777779,8228130,1864029,10092159,3.1508201716370006,1.7199923196675746,0.06290729343891144,3,21,18,1.1111112
47,14,2309,00:00:00.3420000,31,1342,1963,6414369,6594307,9825707,16420014,3133430,19553444,3.4716150567577264,3.225044573853259,0.17067810893058777,3,31,26,1.1538461
47,15,2435,00:00:00.5670000,41,2640,3866,12569395,13168800,19734403,32903203,5077396,37980599,3.8926325411843608,6.307550988117136,0.2424791306257248,3,41,33,1.2121212
47,16,2546,00:00:00.9240000,58,5291,7497,26067234,27679039,38289886,65968925,7799671,73768596,4.480673668713758,9.238584154619396,0.2846921682357788,4,59,44,1.3181819
47,17,2634,00:00:01.4180000,66,10696,14484,56525505,60804212,71018890,131823102,11224413,143047515,5.228966570046565,10.458618355035295,0.4691695272922516,4,66,47,1.3829787
47,18,2696,00:00:02.0790000,64,21949,28126,130754671,141821751,122904575,264726326,15011180,279737506,6.352256088809248,11.442911264998807,0.3850511312484741,6,64,42,1.5
47,19,2723,00:00:02.6940000,58,46338,54739,324529277,348874211,178644000,527518211,17616108,545134319,7.9171503993459424,3.8102138408539195,0.23639865219593048,7,58,39,1.4615384
47,20,2740,00:00:03.7250000,50,98623,110188,753199461,813938768,265204172,1079142940,20260179,1099403119,9.035356408732214,3.619130227276699,0.14860187470912933,8,51,36,1.3888888
48,0,872,00:00:00.0190000,1,1,1,1008,1008,1,1009,1301,2310,1,1,0,0,1,1,0
48,1,980,00:00:00.0470000,1,1,1,1909,1909,101,2010,2804,4814,1,1,0,0,1,1,0
48,2,1085,00:00:00.0490000,1,1,1,3624,3624,393,4017,5383,9400,1,1,0,0,1,1,0
48,3,1204,00:00:00.0500000,1,1,1,6676,6676,1342,8018,10520,18538,1,1,0,0,1,1,0
48,4,1345,00:00:00.0520000,2,4,4,12067,12075,3976,16051,21051,37102,1.0011601889450568,1.0023231009984843,0,1,2,1,1
48,5,1504,00:00:00.0550000,4,8,9,21569,21599,10417,32016,40899,72915,1.0068153368260002,1.013755060828519,0.006749763153493404,1,4,3,1
48,6,1692,00:00:00.0670000,7,12,15,37789,37827,26223,64050,79951,144001,1.0646219799412528,1.1415342703042564,0.05283164605498314,1,7,6,1
48,7,1878,00:00:00.0720000,9,23,29,69279,69424,58896,128320,143378,271698,1.2906652809653718,1.8950251356708863,0.22215645015239716,2,9,7,1.1428572
48,8,2032,00:00:00.0770000,10,33,48,133368,133774,123002,256776,229058,485834,1.6537625217443466,4.220232626422851,0.4421347975730896,2,10,8,1.125
48,9,2161,00:00:00.0840000,12,62,89,262137,263526,250953,514479,345432,859911,2.0796835242640297,5.666345607808689,0.5562942624092102,2,12,9,1.2222222
48,10,2271,00:00:00.0930000,14,98,150,519279,522044,502925,1024969,505559,1530528,2.4992980652019434,3.2391502159470758,0.4738517701625824,3,14,10,1.3
48,11,2374,00:00:00.1070000,15,197,275,1020119,1028388,1023863,2052251,747131,2799382,2.8740931205084896,2.3423639245053156,0.31822872161865234,3,15,11,1.2727273
48,12,2471,00:00:00.1320000,21,377,521,2021039,2039457,2077362,4116819,1113226,5230045,3.277714581460328,2.8841442384422225,0.19371552765369415,4,21,15,1.3333334
48,13,2558,00:00:00.1770000,24,755,1013,4078559,4127553,4086606,8214159,1637034,9851193,3.7867332555444215,4.311683829403991,0.21221117675304413,5,24,14,1.6428572
48,14,2626,00:00:00.2460000,23,1434,1878,8765481,8932816,7536045,16468861,2287253,18756114,4.559498446234724,5.862088778213981,0.2387344092130661,6,24,14,1.6428572
48,15,2677,00:00:00.3290000,25,2926,3648,19144551,19639495,13551500,33190995,3070935,36261930,5.311569699388614,3.983338507088858,0.20672568678855896,6,26,17,1.4705882
48,16,2718,00:00:00.4680000,33,5840,7081,40387529,41474636,24224285,65698921,4072074,69770995,6.000672385775322,3.9878774103852854,0.245876744389534,6,33,23,1.3913044
48,17,2745,00:00:00.6430000,35,12050,13934,91098962,94039574,39509111,133548685,5105964,138654649,7.16775524840777,6.7050570712782,0.24216854572296143,7,35,22,1.5454545
48,18,2761,00:00:00.8610000,37,25281,27971,203460089,211686422,60513057,272199479,6093806,278293285,8.319339656830682,7.055422056914724,0.2541005611419678,8,37,23,1.5652174
48,19,2771,00:00:01.1150000,41,49878,53551,420294795,438100182,89045173,527145355,7069345,534214700,9.278988246809005,7.300832315340381,0.3151164948940277,9,41,24,1.6666666
48,20,2780,00:00:01.6510000,39,107521,112992,923879559,973694477,144891355,1118585832,8480136,1127065968,10.128611441656542,5.804853123955131,0.27910611033439636,8,40,26,1.5
4,0,813,00:00:00.0310000,2,2,2,1005,1005,1,1006,1177,2183,1.1482587064676617,1.3378930364258879,0,1,2,1,1
4,1,886,00:00:00.0750000,2,2,2,1943,1943,66,2009,2189,4198,1.2882141019042717,1.6957586916192295,0,1,2,1,1
4,2,947,00:00:00.1030000,2,2,2,3737,3737,270,4007,3656,7663,1.4642761573454643,1.9898421869891463,0,1,2,1,1
4,3,1007,00:00:00.1090000,2,2,2,7151,7151,893,8044,6267,14311,1.6281638931617957,1.876693944617323,0,1,2,1,1
4,4,1067,00:00:00.1100000,2,2,2,13502,13502,2529,16031,10686,26717,1.7601836764923715,1.5738337812878722,0,1,2,1,1
4,5,1133,00:00:00.1110000,2,4,4,25245,25256,6755,32011,18824,50835,1.8532778768072886,1.3340261530788304,0,1,2,1,1
4,6,1208,00:00:00.1120000,3,7,8,46890,46904,17488,64392,34260,98652,1.9205800810407336,1.180797689251792,0,2,3,1,2
4,7,1294,00:00:00.1430000,3,15,18,85071,85145,43402,128547,63623,192170,1.963077899636774,1.1041645809406462,0,2,3,1,2
4,8,1396,00:00:00.1540000,3,25,33,151561,151960,104461,256421,120502,376923,2.002170743133128,1.0947813519528975,0,2,3,1,2
4,9,1515,00:00:00.2150000,7,54,68,269284,270236,241961,512197,228661,740858,2.0823257230284753,1.2282324392706165,0.023228876292705536,2,7,5,1.2
4,10,1643,00:00:00.2730000,10,105,141,494079,497390,527488,1024878,414766,1439644,2.2947079313227237,1.76231370783978,0.0861218050122261,2,10,8,1.125
4,11,1761,00:00:00.2950000,14,190,259,973453,984508,1075287,2059795,690830,2750625,2.7580458429939605,2.9234168008758186,0.2387821078300476,3,14,11,1.1818181
4,12,1852,00:00:00.3490000,14,354,480,2047314,2076821,2032198,4109019,1031685,5140704,3.4299765448778254,3.6723601328693136,0.3278729021549225,2,14,10,1.3
4,13,1923,00:00:00.3810000,15,735,967,4356981,4428078,3778630,8206708,1458204,9664912,4.068008788654346,3.8235234464504,0.2714281380176544,2,15,11,1.2727273
4,14,1988,00:00:00.4540000,20,1411,1824,8922631,9106409,7354371,16460780,2086590,18547370,4.510544703686614,3.2612146540751463,0.20565178990364075,3,20,15,1.2666667
4,15,2055,00:00:00.5480000,25,2794,3602,17524997,17994620,15063930,33058550,3127044,36185594,4.817197515069474,2.8661983080398787,0.2117263376712799,3,25,21,1.1428572
4,16,2125,00:00:00.7380000,31,5463,7020,33358105,34618834,31093792,65712626,4858354,70570980,5.082374133662569,3.26504101100522,0.22741231322288513,3,31,27,1.1111112
4,17,2198,00:00:01.1830000,47,10892,13954,64406411,67886337,64031866,131918203,7725123,139643326,5.420278332230001,5.3629911124310565,0.25389227271080017,5,48,38,1.2368422
4,18,2261,00:00:01.8770000,64,21995,27653,134063845,143853559,120941709,264795268,11605837,276401105,6.210056618919142,12.547382501106465,0.2941654324531555,7,65,41,1.5609756
4,19,2285,00:00:02.4410000,61,46867,54494,334140907,359446691,169208416,528655107,13876688,542531795,8.238912046767144,6.746619034009436,0.21954266726970673,8,61,40,1.5
4,20,2296,00:00:03.0140000,59,98194,107730,780710112,834832041,225794346,1060626387,15561954,1076188341,9.63503410341379,5.361876099066029,0.13373562693595886,9,59,42,1.3809524
49,0,861,00:00:00.0180000,1,1,2,1003,1003,0,1003,1264,2267,1,1,0,0,1,1,0
49,1,946,00:00:00.0460000,1,1,2,1933,1933,75,2008,2356,4364,1,1,0,0,1,1,0
49,2,1048,00:00:00.0490000,1,1,3,3648,3648,367,4015,4798,8813,1,1,0,0,1,1,0
49,3,1168,00:00:00.0510000,1,3,5,6722,6726,1304,8030,9871,17901,1,1,0,0,1,1,0
49,4,1310,00:00:00.0520000,2,2,5,12126,12126,3893,16019,20232,36251,1.0015668810819727,1.0031386840670067,0,1,2,1,1
49,5,1469,00:00:00.0550000,2,2,5,21679,21679,10393,32072,39715,71787,1.0085336039485215,1.0172128168476566,0,1,2,1,1
49,6,1652,00:00:00.0580000,2,8,15,38088,38104,26040,64144,77528,141672,1.0505933627389203,1.106277140225355,0,1,2,1,1
49,7,1842,00:00:00.0630000,3,19,31,68612,68741,59440,128181,142035,270216,1.2417507141607882,1.5768332705829236,0,2,3,1,2
49,8,2004,00:00:00.0680000,9,33,50,131659,132008,124387,256395,231564,487959,1.620124716122711,2.177453677226472,0.012865209020674229,3,9,6,1.3333334
49,9,2126,00:00:00.0840000,9,66,93,269693,270975,243270,514245,339881,854126,2.241263214098994,3.015056421833823,0.12460562586784363,3,9,6,1.3333334
49,10,2202,00:00:00.0900000,10,117,165,585827,589336,436840,1026176,449342,1475518,3.0502725207271086,3.2997596526652786,0.13964414596557617,4,10,6,1.5
49,11,2264,00:00:00.0990000,12,212,300,1229876,1239931,830032,2069963,595004,2664967,3.5782233330839857,2.0871268883862153,0.10690367966890335,4,12,8,1.375
49,12,2324,00:00:00.1140000,16,379,526,2429663,2453058,1668256,4121314,822961,4944275,3.9175963909398135,1.8474282438915872,0.07099934667348862,5,16,11,1.3636364
49,13,2381,00:00:00.1400000,21,709,933,4906623,4971427,3299931,8271358,1165578,9436936,4.470806499704583,2.663623613433208,0.08182923495769501,7,21,14,1.4285715
49,14,2415,00:00:00.1690000,19,1423,1749,10998654,11206376,5442940,16649316,1488097,18137413,5.665289770911968,4.2599063234516,0.09554976224899292,7,19,11,1.6363636
49,15,2437,00:00:00.2040000,19,2969,3409,24378854,24851843,8749448,33601291,1825931,35427222,6.615684724146591,4.059467938427719,0.1708115041255951,7,19,10,1.8
49,16,2454,00:00:00.2600000,21,6152,6794,51987321,52886303,14431851,67318154,2243448,69561602,7.390725423223866,4.532741477279948,0.1372016817331314,8,21,11,1.8181819
49,17,2468,00:00:00.3450000,19,12377,13328,105540429,107709937,24346956,132056893,2788662,134845555,8.02435154020456,4.134660745443524,0.13382354378700256,7,19,10,1.8
49,18,2482,00:00:00.5300000,16,25893,27570,221966079,228593743,45334332,273928075,3663963,277592038,8.566757486399533,3.476544184564089,0.12757977843284607,6,16,8,1.875
49,19,2495,00:00:00.8990000,22,51374,54468,441407746,458678995,85908123,544587118,4971343,549558461,8.969568239067558,3.2049838032757454,0.12512944638729095,7,22,13,1.6153846
49,20,2508,00:00:01.6890000,29,101034,106910,853047579,900819823,166958688,1067778511,7032430,1074810941,9.298439612592816,3.0704455597435905,0.09408949315547943,8,29,19,1.4736842
5,0,715,00:00:00.0170000,2,2,3,999,999,2,1001,1287,2288,1.005005005005005,1.010060101570252,0,1,2,1,1
5,1,811,00:00:00.0780000,3,3,4,1917,1917,90,2007,2594,4601,1.0239958268127283,1.0492191215178481,0.007561236619949341,1,3,2,1
5,2,910,00:00:00.1010000,3,3,4,3654,3654,367,4021,5017,9038,1.0826491516146688,1.1792892005564075,0.01536909956485033,1,3,2,1
5,3,1002,00:00:00.1280000,3,3,4,6879,6879,1125,8004,8838,16842,1.2033725832243058,1.484388452175211,0.038018275052309036,1,3,2,1
5,4,1089,00:00:00.1290000,3,4,5,13020,13021,3069,16090,15065,31155,1.406605222734255,1.968319816579029,0.07754363864660263,1,3,2,1
5,5,1173,00:00:00.1650000,3,5,6,24337,24339,7842,32181,25453,57634,1.6174549040555533,1.9656068476154274,0.10528910160064697,1,3,2,1
5,6,1259,00:00:00.1790000,3,6,9,45217,45239,19065,64304,43257,107561,1.7816750337262535,1.5789451111251358,0.11574690043926239,1,3,2,1
5,7,1352,00:00:00.2310000,4,12,16,82754,82768,45304,128072,75064,203136,1.8838001788433187,1.3172751871230841,0.12950704991817474,2,4,2,1.5
5,8,1460,00:00:00.2340000,4,19,33,149525,149698,107434,257132,135464,392596,1.9466042467814746,1.1837576248712236,0.13911807537078857,2,4,2,1.5
5,9,1586,00:00:00.2840000,5,38,61,263685,264633,248397,513030,249909,762939,1.9985892257807611,1.160420915303413,0.14697116613388062,2,5,3,1.3333334
5,10,1732,00:00:00.3190000,10,98,136,470259,472112,556107,1028219,463662,1491881,2.106966586498079,1.357745950680148,0.13304905593395233,2,10,8,1.125
5,11,1881,00:00:00.3590000,15,196,284,872791,879243,1168876,2048119,813871,2861990,2.4027711101512277,2.2166122393555705,0.1204618364572525,3,15,11,1.2727273
5,12,2009,00:00:00.4010000,22,369,525,1785782,1807955,2298463,4106418,1293460,5399878,2.9685079141798942,3.915249225090657,0.15094420313835144,4,23,18,1.2222222
5,13,2109,00:00:00.4490000,23,762,1041,3814815,3885643,4364671,8250314,1894996,10145310,3.6210576397544836,4.9975920127246845,0.18872621655464172,4,24,17,1.3529412
5,14,2191,00:00:00.5320000,26,1504,2010,8037845,8229430,8259692,16489122,2685900,19175022,4.202990602580667,5.747178371133213,0.25596871972084045,5,26,18,1.3888888
5,15,2253,00:00:00.6230000,33,2928,3760,17712414,18168794,14700758,32869552,3624370,36493922,5.138971740385021,6.592724582558673,0.3016015589237213,5,33,24,1.3333334
5,16,2288,00:00:00.7260000,30,5884,7091,40914247,42196549,23446473,65643022,4468186,70111208,6.268995418637425,4.182308450430067,0.20126043260097504,5,30,20,1.45
5,17,2315,00:00:00.9120000,38,12183,14068,90709051,93691746,39484802,133176548,5520206,138696754,7.039319505172642,3.838827257164861,0.16194012761116028,6,38,26,1.4230769
5,18,2338,00:00:01.1930000,38,24939,27981,193328472,201717698,69451152,271168850,6955506,278124356,7.741140953102862,4.7343594599636125,0.14661045372486115,7,39,27,1.4074074
5,19,2354,00:00:01.5870000,44,49236,53931,395991077,416207648,113220764,529428412,8526923,537955335,8.586510849586643,4.929451555135527,0.11701755970716476,9,45,29,1.5172414
5,20,2366,00:00:02.3230000,47,105323,112496,874375516,930441559,183290405,1113731964,10397694,1124129658,9.676271538005874,4.926416606718883,0.15650954842567444,8,47,33,1.3939394
6,0,802,00:00:00.0180000,1,1,1,1002,1002,1,1003,1298,2301,1,1,0,0,1,1,0
6,1,888,00:00:00.0430000,1,1,1,1945,1945,73,2018,2377,4395,1,1,0,0,1,1,0
6,2,990,00:00:00.0440000,1,2,2,3641,3642,374,4016,4846,8862,1,1,0,0,1,1,0
6,3,1109,00:00:00.0460000,2,2,2,6738,6738,1301,8039,9896,17935,1.0010388839418225,1.0020799766280708,0,1,2,1,1
6,4,1245,00:00:00.0480000,2,4,4,12145,12152,3872,16024,19940,35964,1.0060930424042815,1.0122602945316175,0,1,2,1,1
6,5,1400,00:00:00.0510000,3,6,8,21862,21869,10268,32137,39241,71378,1.041716219924984,1.0871911995468622,0.016276605427265167,1,3,2,1
6,6,1565,00:00:00.0630000,4,10,14,39185,39235,25041,64276,73296,137572,1.170039555952533,1.403411350039122,0.05440080910921097,1,4,3,1
6,7,1716,00:00:00.0660000,5,13,20,73032,73182,55080,128262,124259,252521,1.4505833059480775,2.1479684213972847,0.12499549239873886,1,5,4,1
6,8,1855,00:00:00.0700000,8,25,35,137254,137547,118969,256516,201701,458217,1.716510994215105,2.0494601912359935,0.1739584505558014,2,8,6,1.1666666
6,9,1997,00:00:00.0760000,8,55,74,252557,253619,260485,514104,330262,844366,1.8922342283128164,1.6758931344318109,0.2107699066400528,2,8,6,1.1666666
6,10,2149,00:00:00.0870000,12,102,142,456750,459933,564202,1024135,552443,1576578,2.0643897099069513,1.7611575347838933,0.23491236567497253,2,12,9,1.2222222
6,11,2301,00:00:00.1070000,16,180,259,864340,873741,1175828,2049569,908913,2958482,2.389351412638545,2.8764912892913914,0.2227199375629425,3,16,12,1.25
6,12,2431,00:00:00.1480000,23,363,511,1759751,1786654,2311542,4098196,1396217,5494413,2.9338821230958243,4.75773566408029,0.276858925819397,4,23,15,1.4666667
6,13,2531,00:00:00.1960000,26,734,990,3811976,3882250,4344751,8227001,1994717,10221718,3.643890465207546,4.633480333049191,0.315577894449234,4,26,18,1.3888888
6,14,2606,00:00:00.2780000,26,1428,1867,8283657,8484052,7915248,16399300,2711338,19110638,4.409787005908139,4.994167851937562,0.23284482955932617,5,27,16,1.625
6,15,2651,00:00:00.3520000,28,3034,3696,19875269,20367207,13002377,33369584,3391045,36760629,5.654495946696369,3.743711247786808,0.13665996491909027,6,29,18,1.5555556
6,16,2681,00:00:00.4510000,27,5983,6991,44024002,45153213,21455297,66608510,4129932,70738442,6.445243437886451,2.21493451009307,0.0744442567229271,6,28,21,1.2857143
6,17,2709,00:00:00.6510000,28,11966,13627,89842750,92949965,38739649,131689614,5229608,136919222,6.891965806923764,2.0795768759254605,0.05751451849937439,7,29,21,1.3333334
6,18,2739,00:00:01.1240000,35,24298,27571,182626446,190789840,77344434,268134274,7111871,275246145,7.25181187066412,2.674897293509565,0.07233868539333344,6,36,24,1.4583334
6,19,2768,00:00:02.0200000,40,47330,53512,350232890,373278245,152387715,525665960,9997263,535663223,7.600553211892806,4.156458845629829,0.14769434928894043,5,40,28,1.3928572
6,20,2797,00:00:03.9790000,50,96636,108598,704816005,769970858,303026641,1072997499,14561891,1087559390,8.10751518334207,8.173012865975188,0.42316535115242004,6,50,32,1.53125
7,0,1023,00:00:00.0190000,1,1,1,1013,1013,2,1015,1253,2268,1,1,0,0,1,1,0
7,1,1112,00:00:00.0590000,1,1,1,1920,1920,84,2004,2427,4431,1,1,0,0,1,1,0
7,2,1215,00:00:00.0830000,1,1,1,3648,3648,390,4038,4933,8971,1,1,0,0,1,1,0
7,3,1323,00:00:00.0840000,1,3,3,6782,6785,1262,8047,9477,17524,1,1,0,0,1,1,0
7,4,1455,00:00:00.0860000,1,8,8,12234,12253,3816,16069,19122,35191,1,1,0,0,1,1,0
7,5,1611,00:00:00.0880000,5,7,9,21694,21699,10378,32077,38624,70701,1.0100488614363419,1.020370389245249,0.008205932565033436,1,5,4,1
7,6,1794,00:00:00.1210000,6,15,17,37907,37966,26167,64133,76704,140837,1.0608858522172686,1.132463001871858,0.05055103451013565,1,6,5,1
7,7,1979,00:00:00.1440000,10,19,30,69384,69496,58852,128348,139812,268160,1.2989450017295054,1.8897600566436392,0.20865605771541595,2,10,7,1.2857143
7,8,2123,00:00:00.1630000,12,30,45,137010,137487,119798,257285,219430,476715,1.7772644332530472,4.490554406376491,0.42352357506752014,2,12,8,1.375
7,9,2228,00:00:00.1960000,14,67,96,278616,279857,232622,512479,313416,825895,2.3170385046084934,4.522947694591738,0.5176520943641663,3,14,8,1.625
7,10,2318,00:00:00.2040000,19,118,164,561002,563911,463283,1027194,444264,1471458,2.765876057482861,3.1037266424241916,0.39558807015419006,4,19,12,1.5
7,11,2399,00:00:00.2160000,20,212,288,1125200,1135847,926376,2062223,634457,2696680,3.2310282616423747,3.2380701141792687,0.24853716790676117,4,20,12,1.5833334
7,12,2466,00:00:00.2330000,24,400,518,2318936,2348227,1768748,4116975,885868,5002843,3.8446791977010144,4.060360915998686,0.1717088371515274,6,24,14,1.6428572
7,13,2514,00:00:00.2550000,23,790,971,5041527,5127942,3114117,8242059,1170814,9412873,4.763289971470945,5.288512270540536,0.10191462188959122,7,23,13,1.6923077
7,14,2543,00:00:00.2830000,22,1510,1783,11334042,11543400,5038223,16581623,1446663,18028286,5.84424709207889,4.4148922092728204,0.06181900575757027,8,23,14,1.5714285
7,15,2563,00:00:00.3180000,18,3135,3525,24638267,25177915,8095928,33273843,1751458,35025301,6.781811724014518,3.998850062968411,0.05562206730246544,8,19,11,1.6363636
7,16,2578,00:00:00.3720000,20,6367,6951,52912178,54011968,13181412,67193380,2117436,69310816,7.607440899522223,3.9885462177189037,0.047933053225278854,8,21,12,1.6666666
7,17,2591,00:00:00.4540000,23,12863,13789,111973097,114553590,22794721,137348311,2629649,139977960,8.261241394439594,3.1347951555871596,0.05432552471756935,9,23,13,1.6923077
7,18,2602,00:00:00.6010000,23,25661,27194,224335100,231070638,39590709,270661347,3316570,273977917,8.87057456011119,3.1665545042621095,0.06417105346918106,9,23,13,1.6923077
7,19,2610,00:00:00.8510000,24,53789,56082,475118197,492115431,64245912,556361343,4096862,560458205,9.95089718906304,4.448665108953391,0.09828386455774307,9,24,14,1.6428572
7,20,2615,00:00:01.1450000,27,107506,110692,970571172,1006222792,96377121,1102599913,4872565,1107472478,10.92935421535475,4.30965818424313,0.06522538512945175,8,27,19,1.3684211
8,0,862,00:00:00.0330000,1,1,1,1009,1009,1,1010,1292,2302,1,1,0,0,1,1,0
8,1,965,00:00:00.0870000,1,1,1,1914,1914,91,2005,2676,4681,1,1,0,0,1,1,0
8,2,1070,00:00:00.0910000,1,2,2,3626,3627,390,4017,5307,9324,1,1,0,0,1,1,0
8,3,1186,00:00:00.0930000,2,2,2,6759,6759,1288,8047,10144,18191,1.0019233614440006,1.0038541633891471,0,1,2,1,1
8,4,1323,00:00:00.1170000,2,2,2,12111,12111,3897,16008,20371,36379,1.005449591280654,1.0109585787177215,0,1,2,1,1
8,5,1478,00:00:00.1300000,2,3,7,21760,21763,10361,32124,39723,71847,1.0329963235294117,1.0681650382543058,0,1,2,1,1
8,6,1642,00:00:00.1320000,2,10,14,39093,39135,24993,64128,73447,137575,1.162356432097818,1.3736143879349756,0,1,2,1,1
8,7,1796,00:00:00.1360000,4,20,27,72792,72956,55227,128183,125290,253473,1.4342098032750852,1.9757906456279912,0.01875680312514305,2,4,2,1.5
8,8,1933,00:00:00.1840000,7,34,50,137582,138190,117856,256046,201260,457306,1.7299137968629617,1.8540401434263851,0.03569544851779938,2,7,5,1.2
8,9,2062,00:00:00.2160000,13,63,87,262288,263403,249904,513307,317433,830740,2.0587369608979444,1.9630520171198955,0.04972119629383087,3,13,10,1.2
8,10,2163,00:00:00.2380000,15,110,144,538792,542720,481896,1024616,462584,1487200,2.7134422931298166,3.7990279554020074,0.1547517031431198,4,15,10,1.4
8,11,2236,00:00:00.2850000,17,205,275,1158984,1169942,897754,2067696,633390,2701086,3.399379111359605,3.9814097030973032,0.22090138494968414,4,17,12,1.3333334
8,12,2298,00:00:00.3120000,18,399,515,2367058,2392128,1717740,4109868,867790,4977658,3.882979631255339,3.4137765969796305,0.32445746660232544,4,18,12,1.4166666
8,13,2359,00:00:00.3420000,21,776,976,4756044,4821061,3453877,8274938,1237979,9512917,4.270109990571997,3.3424548047217746,0.2658480703830719,5,21,14,1.4285715
8,14,2420,00:00:00.3900000,19,1469,1845,9241421,9462924,7045039,16507963,1830743,18338706,4.595792357041195,3.005289957113695,0.22306609153747559,4,19,13,1.3846154
8,15,2483,00:00:00.4880000,26,2842,3567,17990940,18537250,14529776,33067026,2807879,35874905,4.914728190967232,3.0119103716785345,0.18235422670841217,5,26,19,1.3157895
8,16,2545,00:00:00.6580000,36,5489,6909,35184777,36564725,29295646,65860371,4336390,70196761,5.3087611156381636,3.9904121755026614,0.14469864964485168,5,36,28,1.25
8,17,2602,00:00:01.0050000,41,11049,13645,70695622,74568931,56937844,131506775,6560418,138067193,5.835163243913463,6.5368820598683435,0.17298658192157745,5,42,33,1.2424242
8,18,2650,00:00:01.5400000,54,22672,27390,150010020,159692311,106184258,265876569,9535139,275411708,6.544806866901291,10.803031634212346,0.1736396849155426,6,55,41,1.3170732
8,19,2685,00:00:02.4040000,65,46335,54275,322449025,346276038,184294274,530570312,12978385,543548697,7.397806425372196,14.212529488763655,0.17804737389087677,8,66,47,1.3829787
8,20,2708,00:00:03.8490000,68,94779,107015,699554203,761668504,294991438,1056659942,16520911,1073180853,8.555714942934879,15.816273090482753,0.3049491345882416,9,68,43,1.5581396
