RepeatId,GenerationId,Generations,Time,SubcloneSelect,SubcloneAlive,SubcloneTotal,CellSelectCount,CellAliveCount,CellNecroCount,CellTumorCount,CellLostCount,CellTotalCount,MeanDriversPerCell,ClonalDiversity,TreeBalance,TreeDepth,NodeCount,LeafCount,Branching
0,0,4489,00:00:00.0990000,1,1,1,1001,1001,0,1001,9236,10237,1,1,0,0,1,1,0
0,1,5121,00:00:00.1190000,1,1,1,2008,2008,0,2008,18356,20364,1,1,0,0,1,1,0
0,2,5781,00:00:00.1530000,1,1,1,4021,4021,0,4021,37661,41682,1,1,0,0,1,1,0
0,3,6524,00:00:00.1650000,1,1,2,8002,8002,0,8002,81151,89153,1,1,0,0,1,1,0
0,4,7243,00:00:00.1780000,1,2,7,16000,16002,0,16002,162812,178814,1,1,0,0,1,1,0
0,5,7923,00:00:00.1910000,2,4,16,32010,32013,0,32013,319623,351636,1.0021555763823804,1.0043204972210156,0,1,2,1,1
0,6,8606,00:00:00.2100000,2,9,38,64019,64058,0,64058,634936,698994,1.0060919414548806,1.012258122971072,0,1,2,1,1
0,7,9295,00:00:00.2410000,2,20,83,127800,128070,0,128070,1273111,1401181,1.0132707355242567,1.026893568936693,0,1,2,1,1
0,8,9990,00:00:00.2950000,2,43,150,254983,256057,0,256057,2552761,2808818,1.0311001125565233,1.0641306370534167,0,1,2,1,1
0,9,10655,00:00:00.3890000,4,89,298,509315,512247,0,512247,5006651,5518898,1.0626665226824263,1.1336137178554082,0.013535630889236927,1,4,3,1
0,10,11286,00:00:00.5640000,7,168,542,1017555,1024850,0,1024850,9658809,10683659,1.1237279557370363,1.2807537515841436,0.028131606057286263,1,7,6,1
0,11,11871,00:00:00.8640000,9,302,1016,2030479,2050209,0,2050209,18268503,20318712,1.2125803812794913,1.5215334960482767,0.04917783662676811,1,9,8,1
0,12,12402,00:00:01.3420000,11,628,1920,4047958,4101690,0,4101690,33861864,37963554,1.3284040990543875,1.8573542660653053,0.07551024109125137,1,11,10,1
0,13,12881,00:00:02.1590000,14,1224,3600,8058387,8193216,0,8193216,62026076,70219292,1.4558079675250146,2.1631693531069,0.10197927057743073,1,14,13,1
0,14,13319,00:00:03.7410000,16,2211,6625,16038214,16385530,0,16385530,113522904,129908434,1.578633381497466,2.2576661440550096,0.1278948038816452,2,16,14,1.0714285
0,15,13724,00:00:06.5290000,19,4255,12235,31968292,32818408,0,32818408,208871446,241689854,1.6871502237279363,2.149888382044943,0.1494119018316269,2,19,16,1.125
0,16,14103,00:00:12.1570000,23,8271,22914,63647372,65615083,0,65615083,387534328,453149411,1.7802302033774466,1.9827289104846266,0.16695252060890198,2,23,19,1.1578947
0,17,14463,00:00:25.0660000,27,16082,42971,126778646,131290956,0,131290956,727136243,858427199,1.8588682119226925,1.847278000775691,0.17853184044361115,2,27,23,1.1304348
0,18,14807,00:00:50.8320000,30,31836,82327,251917879,262609215,0,262609215,1376447913,1639057128,1.9294112110240496,1.770545545267397,0.18610279262065887,3,30,25,1.16
0,19,15137,00:01:39.7370000,33,62188,157429,499212195,525292871,0,525292871,2622611957,3147904828,1.9981148216942095,1.7638809023747513,0.19127991795539856,3,33,28,1.1428572
0,20,15453,00:03:08.4200000,42,121828,302946,994363833,1050435092,0,1050435092,5008453244,6058888336,2.0801298351324893,1.8676034690685313,0.19345737993717194,3,42,37,1.1081082
9,0,4656,00:00:00.0830000,1,1,2,1002,1002,0,1002,10062,11064,1,1,0,0,1,1,0
9,1,5420,00:00:00.1010000,1,1,2,2004,2004,0,2004,21332,23336,1,1,0,0,1,1,0
9,2,6184,00:00:00.1280000,1,2,3,4001,4002,0,4002,43682,47684,1,1,0,0,1,1,0
9,3,6859,00:00:00.1350000,1,1,5,8013,8013,0,8013,83119,91132,1,1,0,0,1,1,0
9,4,7499,00:00:00.1430000,1,5,12,16014,16026,0,16026,156412,172438,1,1,0,0,1,1,0
9,5,8178,00:00:00.1540000,1,3,21,32027,32064,0,32064,313204,345268,1,1,0,0,1,1,0
9,6,8846,00:00:00.1680000,2,10,40,63918,64028,0,64028,622126,686154,1.0021433711943428,1.0042959542003949,0,1,2,1,1
9,7,9537,00:00:00.1910000,4,23,76,127884,128038,0,128038,1259503,1387541,1.0072174783397454,1.0145726872144385,0.006113526411354542,1,4,3,1
9,8,10200,00:00:00.2350000,4,42,132,255148,256015,0,256015,2480781,2736796,1.0137136093561383,1.0279286238934413,0.01271817646920681,1,4,3,1
9,9,10883,00:00:00.2940000,5,73,271,509448,512177,0,512177,5006606,5518783,1.0321956313500102,1.0672434986261412,0.02748304419219494,1,5,4,1
9,10,11539,00:00:00.4060000,9,172,549,1018821,1024027,0,1024027,9833163,10857190,1.068346647742832,1.1503630222258823,0.04951922222971916,1,9,8,1
9,11,12162,00:00:00.6630000,11,307,1052,2033552,2049086,0,2049086,18991342,21040428,1.1276033265930745,1.3064325541293476,0.08860993385314941,1,11,10,1
9,12,12740,00:00:01.0950000,14,609,1974,4053916,4099291,0,4099291,35998550,40097841,1.2230376751762986,1.6114638682743776,0.14472515881061554,1,14,13,1
9,13,13265,00:00:01.8520000,16,1118,3669,8068877,8198232,0,8198232,66845435,75043667,1.3467406926639234,2.1468702866438973,0.2238370031118393,2,16,14,1.0714285
9,14,13737,00:00:03.0160000,20,2258,6851,16096386,16405787,0,16405787,122294831,138700618,1.4883945377552452,2.9993818423013603,0.2981604337692261,2,20,18,1.0555556
9,15,14161,00:00:05.0160000,22,4391,12636,32007286,32799543,0,32799543,221982188,254781731,1.632416569152411,4.094817566104547,0.3803481459617615,2,22,19,1.1052631
9,16,14547,00:00:08.4880000,23,8416,23556,63543538,65627855,0,65627855,403599855,469227710,1.771202982119126,5.189617815367245,0.45862868428230286,2,23,19,1.1578947
9,17,14901,00:00:16.9740000,31,16202,43538,127092808,131288506,0,131288506,736973610,868262116,1.9140110902262857,6.175342115788616,0.5012989640235901,3,31,25,1.2
9,18,15228,00:00:37.1030000,31,31457,80900,251980545,262498553,0,262498553,1352955768,1615454321,2.0459792124030844,6.83198662441128,0.5465688109397888,3,31,25,1.2
9,19,15532,00:01:13.4510000,34,61037,151243,500658688,525201731,0,525201731,2498365901,3023567632,2.1841542675875827,7.319929719744784,0.5811903476715088,4,34,25,1.32
9,20,15814,00:02:16.6680000,39,118731,283801,996133016,1049026125,0,1049026125,4622190304,5671216429,2.3367803943966456,7.678475246750208,0.5918694734573364,4,39,28,1.3571428
10,0,7161,00:00:00.0730000,1,1,1,1006,1006,0,1006,9320,10326,1,1,0,0,1,1,0
10,1,7836,00:00:00.0870000,1,1,1,2004,2004,0,2004,19279,21283,1,1,0,0,1,1,0
10,2,8593,00:00:00.1120000,1,1,1,4003,4003,0,4003,41674,45677,1,1,0,0,1,1,0
10,3,9284,00:00:00.1200000,1,2,3,8016,8017,0,8017,81026,89043,1,1,0,0,1,1,0
10,4,10007,00:00:00.1280000,1,3,8,16019,16028,0,16028,163871,179899,1,1,0,0,1,1,0
10,5,10699,00:00:00.1380000,1,5,20,32017,32049,0,32049,323858,355907,1,1,0,0,1,1,0
10,6,11346,00:00:00.1500000,2,10,39,63935,64015,0,64015,621262,685277,1.0012199890513802,1.0024429524675906,0,1,2,1,1
10,7,12027,00:00:00.1730000,3,21,81,127847,128002,0,128002,1248656,1376658,1.0030661650253818,1.0061558978115,0.0025402323808521032,1,3,2,1
10,8,12716,00:00:00.2170000,3,34,142,255488,256077,0,256077,2521777,2777854,1.004544244739479,1.0091400685473126,0.004229126498103142,1,3,2,1
10,9,13400,00:00:00.2750000,3,78,282,510318,512524,0,512524,5050417,5562941,1.0102034417755203,1.0206671009093609,0.009886571206152439,1,3,2,1
10,10,14086,00:00:00.3910000,6,153,550,1019295,1024911,0,1024911,10121440,11146351,1.0253763630744779,1.0524932844176893,0.018950825557112694,1,6,5,1
10,11,14750,00:00:00.6420000,9,324,1092,2033283,2049047,0,2049047,19917065,21966112,1.058048977933716,1.1257224948125832,0.040922585874795914,1,9,8,1
10,12,15382,00:00:01.0490000,12,631,2114,4050031,4098282,0,4098282,38534170,42632452,1.1132006150076381,1.2656095901949207,0.07544484734535217,1,12,11,1
10,13,15971,00:00:01.7610000,17,1250,4113,8076056,8194919,0,8194919,73156070,81350989,1.2018684615361757,1.5429339451873554,0.1266191154718399,1,17,16,1
10,14,16507,00:00:03.0030000,21,2424,7675,16089464,16404980,0,16404980,136179788,152584768,1.3149117335419005,2.0179056249530167,0.19038835167884827,1,21,20,1
10,15,16990,00:00:05.1240000,26,4593,14173,32064173,32812586,0,32812586,249775405,282587991,1.4441313986173914,2.768572900075086,0.25911280512809753,2,26,24,1.0416666
10,16,17428,00:00:09.7040000,30,8866,25977,63736132,65538056,0,65538056,455759014,521297070,1.5705796203635325,3.712825955221045,0.3246164321899414,2,30,27,1.074074
10,17,17832,00:00:23.6430000,33,17067,48349,126718244,131119305,0,131119305,835771117,966890422,1.6896769339701394,4.593178256562815,0.376329630613327,3,33,29,1.1034483
10,18,18208,00:00:49.4970000,34,33019,90208,251409677,262558975,0,262558975,1544085338,1806644313,1.7969329915649985,5.159121094869397,0.4168722927570343,3,34,30,1.1
10,19,18559,00:01:33.6660000,37,64015,169325,498013586,524975856,0,524975856,2867079942,3392055798,1.9042673205304885,5.510461612208036,0.43719419836997986,3,37,32,1.125
10,20,18887,00:02:50.4030000,42,124429,318822,989273788,1049731287,0,1049731287,5338201618,6387932905,2.0320446042183016,5.925287236612295,0.44142183661460876,3,42,34,1.2058823
11,0,5855,00:00:00.0800000,1,1,1,1001,1001,0,1001,9903,10904,1,1,0,0,1,1,0
11,1,6456,00:00:00.0950000,1,1,1,2011,2011,0,2011,18676,20687,1,1,0,0,1,1,0
11,2,7208,00:00:00.1320000,1,1,2,4001,4001,0,4001,39931,43932,1,1,0,0,1,1,0
11,3,7951,00:00:00.1410000,1,2,3,8013,8019,0,8019,83559,91578,1,1,0,0,1,1,0
11,4,8660,00:00:00.1520000,1,5,11,16013,16017,0,16017,166535,182552,1,1,0,0,1,1,0
11,5,9317,00:00:00.1630000,1,3,18,31987,32012,0,32012,317812,349824,1,1,0,0,1,1,0
11,6,9970,00:00:00.1770000,2,10,33,64002,64074,0,64074,620705,684779,1.0019374394550171,1.0038824053546336,0,1,2,1,1
11,7,10646,00:00:00.2000000,3,24,78,127859,128087,0,128087,1249863,1377950,1.00920545288169,1.0186226113605272,0.008254408836364746,1,3,2,1
11,8,11307,00:00:00.2450000,3,38,144,255159,256270,0,256270,2469063,2725333,1.0179104009656723,1.0366159409226205,0.01633622869849205,1,3,2,1
11,9,11976,00:00:00.3050000,5,76,260,509253,512390,0,512390,4936338,5448728,1.042540741046199,1.0836975434639233,0.02857929654419422,2,5,3,1.3333334
11,10,12612,00:00:00.4070000,8,152,515,1016971,1024168,0,1024168,9620445,10644613,1.1010589289173438,1.2008336032552895,0.052436571568250656,2,8,6,1.1666666
11,11,13206,00:00:00.6130000,10,322,1011,2028762,2050302,0,2050302,18336974,20387276,1.2214434221461168,1.4629292257467215,0.09632322192192078,2,10,8,1.125
11,12,13714,00:00:00.8940000,14,578,1860,4051922,4098524,0,4098524,33199191,37297715,1.429907584598124,2.0127404394160164,0.14567425847053528,2,14,12,1.0833334
11,13,14136,00:00:01.3480000,19,1153,3329,8109568,8200153,0,8200153,57859007,66059160,1.712260628432982,2.8846190312185893,0.1444167047739029,3,19,16,1.125
11,14,14487,00:00:01.9790000,20,2109,5833,16210438,16409689,0,16409689,98928270,115337959,2.0038498651301095,3.3912622275621125,0.15846659243106842,3,20,16,1.1875
11,15,14789,00:00:02.9770000,20,3961,10272,32395375,32835372,0,32835372,169847404,202682776,2.26120518746889,3.0432013322154865,0.15758171677589417,3,20,16,1.1875
11,16,15059,00:00:04.5350000,18,7469,18305,64591784,65681283,0,65681283,296892934,362574217,2.4682701131153153,2.4483021180009037,0.15250547230243683,3,18,14,1.2142857
11,17,15308,00:00:07.1770000,16,14353,33413,128692609,131315252,0,131315252,531531177,662846429,2.6266914287206657,2.008557422624622,0.144420325756073,3,16,12,1.25
11,18,15543,00:00:12.1040000,16,27748,62278,256811030,262600826,0,262600826,974787979,1237388805,2.7470852595388915,1.738179537708915,0.12972216308116913,3,16,12,1.25
11,19,15768,00:00:27.1890000,16,53962,117817,512268862,524888463,0,524888463,1823794941,2348683404,2.8437792477029378,1.5807760210584547,0.120908223092556,4,16,11,1.3636364
11,20,15986,00:01:01.2860000,18,106312,226200,1025215155,1050732196,0,1050732196,3470012566,4520744762,2.9204331592230512,1.5048606209263888,0.104627326130867,4,18,13,1.3076923
12,0,5770,00:00:00.0660000,2,2,3,1002,1002,0,1002,11182,12184,1.001996007984032,1.0039999291840536,0,1,2,1,1
12,1,6369,00:00:00.0800000,1,1,4,2003,2003,0,2003,19876,21879,1,1,0,0,1,1,0
12,2,7066,00:00:00.1040000,1,2,5,4016,4019,0,4019,40708,44727,1,1,0,0,1,1,0
12,3,7785,00:00:00.1120000,1,1,9,8021,8021,0,8021,81561,89582,1,1,0,0,1,1,0
12,4,8526,00:00:00.1230000,2,6,16,16002,16019,0,16019,167647,183666,1.0024996875390577,1.0050118960854661,0,1,2,1,1
12,5,9223,00:00:00.1350000,3,7,27,32055,32076,0,32076,328348,360424,1.0144751208859772,1.0294079793745852,0.005939968395978212,1,3,2,1
12,6,9919,00:00:00.1600000,3,14,47,63944,64031,0,64031,648368,712399,1.032356436882272,1.0669894907237667,0.013496163301169872,1,3,2,1
12,7,10582,00:00:00.1820000,3,19,75,127709,128067,0,128067,1262251,1390318,1.0613034320212358,1.130962918844128,0.029675161466002464,1,3,2,1
12,8,11220,00:00:00.2120000,5,36,133,255454,256135,0,256135,2435222,2691357,1.1199433166049464,1.2733366771759198,0.043128982186317444,1,5,4,1
12,9,11802,00:00:00.2580000,5,55,244,509859,512206,0,512206,4582203,5094409,1.204638929586415,1.5065507350329845,0.07606974989175797,1,5,4,1
12,10,12339,00:00:00.3350000,7,147,510,1019395,1024674,0,1024674,8516350,9541024,1.3185977957514015,1.8555111361918113,0.09881573915481567,1,7,6,1
12,11,12828,00:00:00.4920000,10,281,918,2040811,2051078,0,2051078,15703086,17754164,1.4479748492143565,2.2201604650137585,0.1260031759738922,2,10,8,1.125
12,12,13272,00:00:00.7200000,10,499,1654,4071113,4099382,0,4099382,28751589,32850971,1.5707743803721488,2.3865392763618045,0.16008739173412323,2,10,8,1.125
12,13,13681,00:00:01.1110000,11,1051,3098,8124471,8196746,0,8196746,52820968,61017714,1.6784687889217649,2.317292042337825,0.18193955719470978,2,11,9,1.1111112
12,14,14065,00:00:01.7810000,11,2076,5772,16199246,16402635,0,16402635,98069211,114471846,1.768218347940392,2.1371948754807537,0.20422674715518951,2,11,9,1.1111112
12,15,14430,00:00:02.9990000,11,4095,10918,32234290,32797066,0,32797066,184142946,216940012,1.840450619511086,1.9617971966880985,0.22100725769996643,2,11,9,1.1111112
12,16,14781,00:00:05.2620000,14,7854,20702,64324685,65611845,0,65611845,349702388,415314233,1.9032638247664952,1.8512019079474074,0.22721722722053528,2,14,11,1.1818181
12,17,15120,00:00:09.6090000,18,15654,40105,128362027,131189121,0,131189121,669593328,800782449,1.9597253633272713,1.8036138299202042,0.2300434112548828,2,18,15,1.1333333
12,18,15449,00:00:23.9930000,19,31182,77926,255226003,262544252,0,262544252,1290765784,1553310036,2.009677603265213,1.8022748176863006,0.22970733046531677,2,19,16,1.125
12,19,15768,00:00:56.7060000,22,61053,151064,507617784,525417527,0,525417527,2495888027,3021305554,2.0631509691157706,1.8665881713043364,0.2253415584564209,2,22,19,1.1052631
12,20,16076,00:01:59.5420000,23,121336,294223,1004082086,1050124021,0,1050124021,4822409563,5872533584,2.119505003299103,1.98635103343729,0.21925701200962067,2,23,20,1.1
13,0,6460,00:00:00.0690000,1,1,1,1002,1002,0,1002,9889,10891,1,1,0,0,1,1,0
13,1,7044,00:00:00.0810000,1,1,1,2002,2002,0,2002,18585,20587,1,1,0,0,1,1,0
13,2,7702,00:00:00.1050000,1,1,4,4010,4010,0,4010,37287,41297,1,1,0,0,1,1,0
13,3,8361,00:00:00.1120000,1,2,5,7999,8007,0,8007,76000,84007,1,1,0,0,1,1,0
13,4,9066,00:00:00.1210000,2,4,11,15997,16003,0,16003,157745,173748,1.0027505157216978,1.0055161623225533,0,1,2,1,1
13,5,9740,00:00:00.1320000,3,7,19,31996,32040,0,32040,313170,345210,1.0097824728091012,1.0197775739676445,0.0051123471930623055,1,3,2,1
13,6,10420,00:00:00.1560000,5,16,41,63945,64034,0,64034,625974,690008,1.0237078739541794,1.0487795143097929,0.013044633902609348,1,5,4,1
13,7,11093,00:00:00.1790000,6,29,79,127871,128105,0,128105,1243133,1371238,1.0508872222787027,1.1081491048932128,0.02574143186211586,1,6,5,1
13,8,11731,00:00:00.2140000,6,45,139,255240,256206,0,256206,2418954,2675160,1.095498354489892,1.213697916543209,0.045550547540187836,1,6,5,1
13,9,12334,00:00:00.2640000,6,86,267,508537,512079,0,512079,4638349,5150428,1.17274259296767,1.4222338724188968,0.084026999771595,1,6,5,1
13,10,12883,00:00:00.3490000,9,167,490,1016752,1024305,0,1024305,8665072,9689377,1.2809918249484633,1.7673796127995678,0.11457349359989166,1,9,8,1
13,11,13386,00:00:00.5110000,11,292,905,2032651,2050498,0,2050498,16051345,18101843,1.4069306536144177,2.209212967036871,0.15688806772232056,1,11,10,1
13,12,13840,00:00:00.7540000,13,564,1661,4054064,4097727,0,4097727,29388468,33486195,1.5313867763311086,2.5597914056494266,0.19505588710308075,1,13,12,1
13,13,14258,00:00:01.1800000,15,1101,3099,8086390,8192619,0,8192619,53965532,62158151,1.6448244519495103,2.6607230245867046,0.23262198269367218,2,15,13,1.0769231
13,14,14650,00:00:01.8950000,17,2119,5817,16147707,16404009,0,16404009,100119336,116523345,1.73938757992079,2.5518031837419213,0.2617287337779999,2,17,14,1.1428572
13,15,15020,00:00:03.2030000,19,4136,10920,32165876,32785553,0,32785553,187307725,220093278,1.816979739647072,2.3807597334764083,0.28626251220703125,2,19,16,1.125
13,16,15376,00:00:05.6730000,21,7937,20943,64121339,65643981,0,65643981,355271260,420915241,1.8799770385331473,2.23266461988946,0.30709153413772583,2,21,17,1.1764706
13,17,15719,00:00:13.5260000,24,15534,40152,127641635,131209932,0,131209932,679029013,810238945,1.9329687762147516,2.1459568287710167,0.31783729791641235,2,24,19,1.2105263
13,18,16052,00:00:31.8970000,25,30741,77919,253222329,262548852,0,262548852,1307828958,1570377810,1.9786684451512173,2.1109399428923643,0.33015498518943787,2,25,20,1.2
13,19,16375,00:01:07.1650000,28,61324,152288,501393954,524896241,0,524896241,2527620504,3052516745,2.0253183368062713,2.144402016423197,0.3394867181777954,2,28,23,1.173913
13,20,16688,00:02:14.7950000,39,121878,297266,1000167006,1049723876,0,1049723876,4890610037,5940333913,2.088928640383484,2.296283683268844,0.35068315267562866,3,39,31,1.2258065
14,0,4083,00:00:00.0450000,1,2,2,1000,1001,0,1001,8250,9251,1,1,0,0,1,1,0
14,1,4489,00:00:00.0570000,1,1,2,2003,2003,0,2003,13916,15919,1,1,0,0,1,1,0
14,2,5224,00:00:00.0790000,1,1,3,4003,4003,0,4003,35127,39130,1,1,0,0,1,1,0
14,3,5883,00:00:00.0860000,2,2,6,8026,8026,0,8026,73024,81050,1.0027410914527786,1.005497223860437,0,1,2,1,1
14,4,6560,00:00:00.0940000,2,3,7,16011,16014,0,16014,153121,169135,1.0121791268502904,1.0246548453329263,0,1,2,1,1
14,5,7242,00:00:00.1030000,3,8,15,32019,32029,0,32029,310232,342261,1.022455417096099,1.0459909218848475,0.008220118470489979,1,3,2,1
14,6,7911,00:00:00.1250000,3,14,33,63986,64027,0,64027,621287,685314,1.0425718125840027,1.089006824494969,0.014284857548773289,1,3,2,1
14,7,8555,00:00:00.1450000,3,25,75,127806,128005,0,128005,1214673,1342678,1.0814672237610128,1.1772308969439498,0.0304452795535326,1,3,2,1
14,8,9165,00:00:00.1740000,3,39,126,255288,256132,0,256132,2334062,2590194,1.148831907492714,1.3453925785933165,0.06125054880976677,1,3,2,1
14,9,9734,00:00:00.2190000,4,77,243,510190,512563,0,512563,4426679,4939242,1.2464474019482938,1.6175890827421135,0.07431221008300781,1,4,3,1
14,10,10250,00:00:00.2950000,5,148,469,1019105,1024669,0,1024669,8217255,9241924,1.366799299385245,1.9530743314890897,0.09335950016975403,1,5,4,1
14,11,10719,00:00:00.4380000,6,255,855,2037558,2050886,0,2050886,15113347,17164233,1.4934004332637403,2.190463602410246,0.11396236717700958,1,6,5,1
14,12,11151,00:00:00.6660000,7,499,1577,4069907,4103193,0,4103193,27828119,31931312,1.6119537866590072,2.191004587219609,0.13200344145298004,1,7,6,1
14,13,11550,00:00:01.0560000,8,1012,2926,8116227,8205048,0,8205048,51343627,59548675,1.7121204224573807,2.020410652066028,0.15273882448673248,2,8,6,1.1666666
14,14,11928,00:00:01.7160000,8,2042,5575,16155583,16401743,0,16401743,95927900,112329643,1.790655032381066,1.8186712970723933,0.16883376240730286,2,8,6,1.1666666
14,15,12289,00:00:02.8930000,11,3998,10645,32223552,32803291,0,32803291,181033453,213836744,1.8555436098416462,1.6656780691843787,0.16881997883319855,2,11,9,1.1111112
14,16,12638,00:00:05.1030000,14,7965,20621,64295852,65661600,0,65661600,345831235,411492835,1.9106372056474188,1.567801787110976,0.1749924272298813,2,14,12,1.0833334
14,17,12975,00:00:09.5690000,17,15620,39820,127814353,131134942,0,131134942,663869829,795004771,1.9612269601677677,1.5208153153251311,0.18031421303749084,2,17,14,1.1428572
14,18,13302,00:00:23.6020000,20,31018,77383,254004454,262152821,0,262152821,1280466806,1542619627,2.0174944609435865,1.5305255971044796,0.18016213178634644,2,20,17,1.117647
14,19,13617,00:00:56.6130000,24,60888,149664,505273519,524758047,0,524758047,2468068307,2992826354,2.0947892858006676,1.6156344935150075,0.17840129137039185,3,24,20,1.15
14,20,13915,00:01:59.5920000,30,119600,288453,1004710783,1048597708,0,1048597708,4712374122,5760971830,2.2096465834387287,1.8169668636820349,0.18536309897899628,3,30,24,1.2083334
15,0,7179,00:00:00.0860000,1,1,1,1004,1004,0,1004,10546,11550,1,1,0,0,1,1,0
15,1,7899,00:00:00.1000000,1,2,2,2005,2006,0,2006,20715,22721,1,1,0,0,1,1,0
15,2,8596,00:00:00.1220000,1,1,4,4003,4003,0,4003,41246,45249,1,1,0,0,1,1,0
15,3,9303,00:00:00.1290000,1,2,5,8007,8008,0,8008,82196,90204,1,1,0,0,1,1,0
15,4,9997,00:00:00.1370000,1,3,8,16039,16049,0,16049,161930,177979,1,1,0,0,1,1,0
15,5,10685,00:00:00.1460000,2,6,18,32005,32021,0,32021,321471,353492,1.0016872363693172,1.0033801507819207,0,1,2,1,1
15,6,11381,00:00:00.1600000,2,8,33,64046,64077,0,64077,645198,709275,1.007104268806795,1.0143094865366413,0,1,2,1,1
15,7,12080,00:00:00.1790000,2,25,73,127744,128043,0,128043,1288192,1416235,1.0140515405811623,1.0284978457461182,0,1,2,1,1
15,8,12750,00:00:00.2150000,3,51,153,255009,256012,0,256012,2524846,2780858,1.0297518911097256,1.0613678187877946,0.008652893826365471,1,3,2,1
15,9,13409,00:00:00.2850000,5,96,285,508896,512192,0,512192,4954134,5466326,1.0622779507011255,1.1330460269867133,0.0169912651181221,1,5,4,1
15,10,14035,00:00:00.3950000,7,172,548,1014508,1024796,0,1024796,9554296,10579092,1.120186336628198,1.2669520418734128,0.031090516597032547,2,7,5,1.2
15,11,14612,00:00:00.5960000,14,300,1008,2029943,2048147,0,2048147,18034973,20083120,1.2242752629014706,1.5376907254099288,0.052765000611543655,2,14,12,1.0833334
15,12,15132,00:00:00.8910000,15,598,1862,4045603,4098471,0,4098471,33293545,37392016,1.3644499967001211,1.9446601057777553,0.08100610226392746,2,15,13,1.0769231
15,13,15592,00:00:01.3850000,19,1162,3413,8080959,8196300,0,8196300,60250110,68446410,1.5420119072501173,2.4835408612532164,0.1064632460474968,2,19,17,1.0588236
15,14,15996,00:00:02.1520000,20,2102,6117,16119578,16401938,0,16401938,107650795,124052733,1.7359156672711904,3.0012567849992964,0.13041482865810394,2,20,18,1.0555556
15,15,16352,00:00:03.3710000,20,4067,11074,32078693,32770277,0,32770277,191201281,223971558,1.9317261149012523,3.3825648388603935,0.15058884024620056,2,20,18,1.0555556
15,16,16673,00:00:05.3830000,22,7783,20169,64158661,65670682,0,65670682,342115836,407786518,2.1191401266931056,3.6009127398250076,0.15584030747413635,3,22,19,1.1052631
15,17,16965,00:00:08.7920000,23,15041,37127,127937582,131255535,0,131255535,617015447,748270982,2.285469620646731,3.63341911230556,0.15782424807548523,3,23,20,1.1
15,18,17236,00:00:15.2790000,23,29232,69350,254973445,262393859,0,262393859,1127414459,1389808318,2.4315272478669296,3.4963052141700603,0.16536365449428558,3,23,19,1.1578947
15,19,17491,00:00:35.6880000,24,56235,129727,508722696,524695407,0,524695407,2088248649,2612944056,2.558272668455901,3.2689263036211926,0.1632872223854065,3,24,19,1.2105263
15,20,17734,00:01:17.5390000,23,111196,247726,1013682583,1050091822,0,1050091822,3921114221,4971206043,2.6617078277253974,3.0090119910397854,0.16793589293956757,3,23,18,1.2222222
16,0,6702,00:00:00.1320000,1,1,1,1001,1001,0,1001,10525,11526,1,1,0,0,1,1,0
16,1,7291,00:00:00.1450000,1,1,2,2007,2007,0,2007,19125,21132,1,1,0,0,1,1,0
16,2,7987,00:00:00.1800000,1,1,3,4009,4009,0,4009,38864,42873,1,1,0,0,1,1,0
16,3,8668,00:00:00.1870000,1,2,8,8002,8003,0,8003,78131,86134,1,1,0,0,1,1,0
16,4,9365,00:00:00.1940000,1,2,10,16004,16007,0,16007,157605,173612,1,1,0,0,1,1,0
16,5,10034,00:00:00.2030000,1,6,17,32029,32039,0,32039,310248,342287,1,1,0,0,1,1,0
16,6,10731,00:00:00.2140000,1,15,39,63923,64006,0,64006,632670,696676,1,1,0,0,1,1,0
16,7,11428,00:00:00.2330000,1,20,77,127666,128036,0,128036,1277311,1405347,1,1,0,0,1,1,0
16,8,12141,00:00:00.2620000,3,43,145,255004,256011,0,256011,2595765,2851776,1.003454847767094,1.0069391674580797,0.0032063047401607037,1,3,2,1
16,9,12829,00:00:00.3250000,5,81,291,509595,512034,0,512034,5132622,5644656,1.0101374621022576,1.020548366276424,0.008607319556176662,1,5,4,1
16,10,13502,00:00:00.4280000,7,159,574,1017410,1024313,0,1024313,10102510,11126823,1.024140710234812,1.0499234536537907,0.021241113543510437,1,7,6,1
16,11,14163,00:00:00.6390000,8,314,1110,2024997,2048917,0,2048917,19849673,21898590,1.0507506924701617,1.1090176339986257,0.043514151126146317,1,8,7,1
16,12,14797,00:00:01.0570000,16,610,2141,4051018,4097488,0,4097488,38505551,42603039,1.1046391302136895,1.2440962983410082,0.07936927676200867,1,16,15,1
16,13,15390,00:00:01.8050000,18,1183,4085,8055519,8198035,0,8198035,73385109,81583144,1.1853102202353443,1.492272249453338,0.13851584494113922,1,18,17,1
16,14,15931,00:00:03.1120000,22,2296,7567,16012794,16396241,0,16396241,136985450,153381691,1.2966743967355103,1.9587670968763806,0.21369968354701996,1,22,21,1
16,15,16421,00:00:05.2170000,28,4527,14022,31877229,32812491,0,32812491,252184513,284997004,1.4256667667067298,2.7574618805084046,0.2940066158771515,2,28,26,1.0384616
16,16,16864,00:00:09.6840000,33,8742,25978,63342530,65635142,0,65635142,460554561,526189703,1.5548692481970645,3.931810626031671,0.37298187613487244,2,33,29,1.1034483
16,17,17270,00:00:22.7820000,40,16989,48393,126063449,131202860,0,131202860,842864853,974067713,1.6742971311216466,5.361538277151973,0.4346602261066437,2,40,35,1.1142857
16,18,17648,00:00:48.4890000,47,32737,90428,250847050,262450067,0,262450067,1555041456,1817491523,1.7818127301078486,6.670503213190391,0.48252546787261963,2,47,40,1.15
16,19,18003,00:01:34.0620000,52,64034,170204,497485238,524677707,0,524677707,2893189584,3417867291,1.8762034643528458,7.611135092333505,0.5186748504638672,2,52,43,1.1860465
16,20,18340,00:02:54.1870000,55,125576,323565,984542975,1050411884,0,1050411884,5435328246,6485740130,1.9622593213871644,8.27627856241677,0.535087525844574,2,55,45,1.2
17,0,6117,00:00:00.0860000,1,1,1,1001,1001,0,1001,12721,13722,1,1,0,0,1,1,0
17,1,6824,00:00:00.1030000,1,1,1,2001,2001,0,2001,22913,24914,1,1,0,0,1,1,0
17,2,7489,00:00:00.1300000,2,2,3,4001,4001,0,4001,42134,46135,1.00224943764059,1.0045089589719771,0,1,2,1,1
17,3,8141,00:00:00.1400000,1,1,3,8004,8004,0,8004,78584,86588,1,1,0,0,1,1,0
17,4,8776,00:00:00.1480000,1,1,4,16011,16011,0,16011,152740,168751,1,1,0,0,1,1,0
17,5,9478,00:00:00.1600000,1,2,12,32010,32028,0,32028,313425,345453,1,1,0,0,1,1,0
17,6,10176,00:00:00.1740000,1,9,31,63926,64008,0,64008,634092,698100,1,1,0,0,1,1,0
17,7,10875,00:00:00.1950000,1,20,73,127785,128058,0,128058,1280324,1408382,1,1,0,0,1,1,0
17,8,11582,00:00:00.2350000,2,53,151,255176,256133,0,256133,2589181,2845314,1.0013206571150892,1.0026448085106883,0,1,2,1,1
17,9,12269,00:00:00.3050000,4,100,311,509734,512106,0,512106,5122570,5634676,1.0065602843836197,1.0132351122545853,0.006105272565037012,1,4,3,1
17,10,12944,00:00:00.4420000,6,173,593,1017991,1024502,0,1024502,10099588,11124090,1.0170620368942358,1.0349403931133963,0.01578206568956375,1,6,5,1
17,11,13615,00:00:00.6740000,10,303,1110,2030338,2048190,0,2048190,19983326,22031516,1.0401105628717977,1.084953595477251,0.03389156237244606,1,10,9,1
17,12,14256,00:00:01.0900000,14,656,2183,4047191,4097110,0,4097110,38873989,42971099,1.0829286287699296,1.187402595843953,0.06707581877708435,1,14,13,1
17,13,14863,00:00:01.8500000,16,1305,4225,8039210,8200656,0,8200656,74606873,82807529,1.1564188521011394,1.386594250955377,0.1227545216679573,2,16,14,1.0714285
17,14,15416,00:00:03.1620000,25,2476,7870,16032459,16400308,0,16400308,139573966,155974274,1.2745091691798494,1.8002129819458454,0.19225817918777466,2,25,22,1.0909091
17,15,15911,00:00:05.3380000,28,4670,14357,31835007,32817285,0,32817285,255805379,288622664,1.4247487365088376,2.5514263699551205,0.27740952372550964,2,28,25,1.08
17,16,16347,00:00:08.8910000,29,9004,26384,62994802,65580772,0,65580772,460504223,526084995,1.5972528177801082,3.8286248968895684,0.3629864454269409,2,29,26,1.0769231
17,17,16734,00:00:16.6730000,35,17010,47893,125599378,131237405,0,131237405,824012300,955249705,1.7854513976972084,5.741854253500996,0.4257822334766388,2,35,30,1.1333333
17,18,17080,00:00:37.5120000,36,32745,87268,249452598,262526464,0,262526464,1474634102,1737160566,1.9669835469101828,7.482017458292353,0.47119268774986267,2,36,31,1.1290323
17,19,17394,00:01:13.2650000,37,62523,159638,495882448,525170829,0,525170829,2656568775,3181739604,2.138979803132697,7.8047354852650175,0.4994198977947235,2,37,31,1.1612903
17,20,17683,00:02:14.0890000,36,120437,295168,983859197,1050821969,0,1050821969,4834655078,5885477047,2.2931744774857252,6.736604006889866,0.5136511921882629,2,36,30,1.1666666
18,0,5137,00:00:00.0590000,1,1,1,1007,1007,0,1007,8481,9488,1,1,0,0,1,1,0
18,1,5758,00:00:00.0830000,1,1,1,2003,2003,0,2003,17195,19198,1,1,0,0,1,1,0
18,2,6526,00:00:00.1070000,1,1,1,4001,4001,0,4001,38317,42318,1,1,0,0,1,1,0
18,3,7159,00:00:00.1140000,1,2,2,8003,8006,0,8006,74451,82457,1,1,0,0,1,1,0
18,4,7784,00:00:00.1210000,1,1,3,16005,16005,0,16005,146979,162984,1,1,0,0,1,1,0
18,5,8494,00:00:00.1300000,1,6,12,31994,32017,0,32017,310708,342725,1,1,0,0,1,1,0
18,6,9213,00:00:00.1420000,3,10,28,63984,64038,0,64038,641994,706032,1.0020786446611654,1.0041681236282796,0,1,3,2,1
18,7,9903,00:00:00.1700000,4,15,54,127957,128044,0,128044,1276441,1404485,1.0069242010988066,1.0139747118558164,0.006260337308049202,1,4,3,1
18,8,10588,00:00:00.2020000,4,38,127,255643,256129,0,256129,2543087,2799216,1.0150913578701548,1.0307889822097471,0.014125517569482327,1,4,3,1
18,9,11270,00:00:00.2600000,4,89,266,509704,512013,0,512013,5060857,5572870,1.0346671793825435,1.0725897408180558,0.03220325708389282,1,4,3,1
18,10,11930,00:00:00.3690000,6,187,552,1017209,1024023,0,1024023,9921294,10945317,1.07137372948922,1.1571666404678709,0.05071773752570152,1,6,5,1
18,11,12549,00:00:00.5960000,9,329,1054,2029615,2049978,0,2049978,19024252,21074230,1.1337977892358895,1.3222082151097045,0.08258641511201859,1,9,8,1
18,12,13120,00:00:00.9390000,14,604,1959,4050872,4096277,0,4096277,35805747,39902024,1.2368751715679982,1.6439505880547922,0.13146904110908508,2,14,11,1.1818181
18,13,13638,00:00:01.5290000,16,1207,3675,8080098,8202278,0,8202278,66226838,74429116,1.370184371526187,2.197540701277232,0.18957266211509705,2,16,13,1.1538461
18,14,14098,00:00:02.5380000,20,2319,6961,16127358,16402000,0,16402000,120277390,136679390,1.5272766314234483,3.0557797250786187,0.24057255685329437,2,20,17,1.117647
18,15,14508,00:00:04.1620000,20,4360,12573,32023346,32772032,0,32772032,216554356,249326388,1.6908094800587046,4.119563797127018,0.2941057085990906,2,20,17,1.117647
18,16,14878,00:00:07.5570000,22,8166,22790,63857790,65624832,0,65624832,390455989,456080821,1.8569194298769187,5.2159370480568805,0.32923442125320435,2,22,18,1.1666666
18,17,15213,00:00:17.4530000,24,15715,41695,127045211,131140719,0,131140719,705469045,836609764,2.016146787303931,6.13830025336292,0.35893434286117554,2,24,19,1.2105263
18,18,15522,00:00:35.1850000,27,30704,77247,253470357,262532907,0,262532907,1287145938,1549678845,2.1682822145549747,6.809841894102529,0.3646954894065857,3,27,20,1.3
18,19,15808,00:01:06.0610000,30,59257,144141,505203421,524529628,0,524529628,2364090011,2888619639,2.3123539319817867,7.170143925809428,0.3722373843193054,3,30,22,1.3181819
18,20,16077,00:02:00.3780000,33,116077,272081,1010166497,1050596601,0,1050596601,4391613232,5442209833,2.443584762839348,7.196060265217411,0.35350632667541504,3,33,25,1.28
1,0,4084,00:00:00.0470000,1,1,1,1004,1004,0,1004,7011,8015,1,1,0,0,1,1,0
1,1,4713,00:00:00.0610000,1,1,1,2001,2001,0,2001,15553,17554,1,1,0,0,1,1,0
1,2,5470,00:00:00.0850000,1,1,3,4003,4003,0,4003,37089,41092,1,1,0,0,1,1,0
1,3,6159,00:00:00.1000000,1,2,5,8016,8019,0,8019,76808,84827,1,1,0,0,1,1,0
1,4,6841,00:00:00.1090000,1,4,10,15977,16004,0,16004,154423,170427,1,1,0,0,1,1,0
1,5,7505,00:00:00.1190000,2,7,23,32011,32037,0,32037,307070,339107,1.0018743556902314,1.0037556813720472,0,1,2,1,1
1,6,8196,00:00:00.1340000,3,10,42,63983,64050,0,64050,629397,693447,1.0058453026585186,1.011770816166937,0.00403138343244791,1,3,2,1
1,7,8865,00:00:00.1650000,4,22,75,127980,128133,0,128133,1248273,1376406,1.0110173464603844,1.0223422390062251,0.008551014587283134,1,4,3,1
1,8,9553,00:00:00.2000000,5,33,136,255563,256017,0,256017,2509674,2765691,1.0283883034711598,1.0588965900040461,0.0211944580078125,1,5,4,1
1,9,10218,00:00:00.2560000,5,76,258,510259,512398,0,512398,4957488,5469886,1.0523498850583723,1.112027239269304,0.038887545466423035,1,5,4,1
1,10,10852,00:00:00.3590000,7,170,513,1018959,1024970,0,1024970,9628161,10653131,1.1059473442994272,1.2438800076208587,0.06923442333936691,1,7,6,1
1,11,11447,00:00:00.5650000,8,300,982,2029958,2050717,0,2050717,18376520,20427237,1.1870225886446912,1.481370660850509,0.11571774631738663,1,8,7,1
1,12,11990,00:00:00.8650000,12,600,1891,4050709,4100235,0,4100235,34348985,38449220,1.298279387633128,1.8960953661482667,0.15984581410884857,1,12,11,1
1,13,12482,00:00:01.4170000,14,1181,3541,8069246,8199682,0,8199682,63279567,71479249,1.4261225893968283,2.492699205364728,0.22172869741916656,2,14,12,1.0833334
1,14,12929,00:00:02.3190000,16,2275,6595,16050818,16389889,0,16389889,115828982,132218871,1.5510625065962371,3.130171640850179,0.2736603319644928,2,16,14,1.0714285
1,15,13340,00:00:03.8840000,19,4403,12276,31981844,32809765,0,32809765,212557067,245366832,1.6685223341093152,3.586971648062138,0.31907767057418823,2,19,16,1.125
1,16,13722,00:00:07.6400000,21,8508,22901,63524618,65609452,0,65609452,392549915,458159367,1.7677718896318275,3.7385479342837624,0.35216227173805237,2,21,18,1.1111112
1,17,14082,00:00:18.8380000,26,16304,43116,126437230,131084767,0,131084767,731768075,862852842,1.8582051584015247,3.7571004848886123,0.3726489841938019,2,26,22,1.1363636
1,18,14425,00:00:39.9470000,29,32058,81950,251028225,262345129,0,262345129,1378232153,1640577282,1.9388048933541238,3.7507514772386297,0.3872479498386383,3,29,23,1.2173913
1,19,14752,00:01:18.3410000,32,62812,157028,497257410,524684031,0,524684031,2611305760,3135989791,2.0162378897480884,3.8346074688477154,0.39167308807373047,3,32,26,1.1923077
1,20,15064,00:02:27.5920000,39,122012,300170,987951337,1049732936,0,1049732936,4964210704,6013943640,2.104143200324451,4.098366662178731,0.38776689767837524,3,39,32,1.1875
19,0,2704,00:00:00.0370000,1,2,2,1011,1012,0,1012,7532,8544,1,1,0,0,1,1,0
19,1,3615,00:00:00.0550000,1,1,4,2006,2006,0,2006,20181,22187,1,1,0,0,1,1,0
19,2,4328,00:00:00.0790000,1,2,5,4003,4004,0,4004,41341,45345,1,1,0,0,1,1,0
19,3,5020,00:00:00.0870000,1,1,5,8016,8016,0,8016,81469,89485,1,1,0,0,1,1,0
19,4,5673,00:00:00.0950000,1,3,9,16009,16018,0,16018,157784,173802,1,1,0,0,1,1,0
19,5,6375,00:00:00.1060000,2,9,16,31986,32026,0,32026,317314,349340,1.0012192834365035,1.0024415184430708,0,1,2,1,1
19,6,7063,00:00:00.1200000,3,15,31,63906,64020,0,64020,629781,693801,1.0043501392670484,1.0087468875484187,0.003367973491549492,1,3,2,1
19,7,7763,00:00:00.1510000,3,22,69,127638,128019,0,128019,1278584,1406603,1.0088688321659693,1.017931722717817,0.008207431063055992,1,3,2,1
19,8,8458,00:00:00.1830000,5,43,136,255572,256208,0,256208,2557867,2814075,1.0239932386959447,1.049508064970596,0.018603738397359848,1,5,4,1
19,9,9123,00:00:00.2380000,6,76,261,510330,512265,0,512265,5010207,5522472,1.0513020986420551,1.1099247544211188,0.039894476532936096,1,6,5,1
19,10,9757,00:00:00.3430000,8,159,543,1019552,1024531,0,1024531,9667983,10692514,1.100919815762217,1.2319691775922712,0.07133141905069351,1,8,7,1
19,11,10355,00:00:00.5540000,9,309,1027,2033112,2049136,0,2049136,18461318,20510454,1.17916622399553,1.4617823129887613,0.12204954773187637,1,9,8,1
19,12,10905,00:00:00.8600000,12,618,1982,4059521,4100687,0,4100687,34633036,38733723,1.2869971605024337,1.8718603245968144,0.17751142382621765,1,12,11,1
19,13,11403,00:00:01.4310000,15,1162,3693,8097995,8202312,0,8202312,63908646,72110958,1.4150791646574246,2.5180767680170546,0.24417032301425934,2,15,13,1.0769231
19,14,11852,00:00:02.3400000,17,2258,6742,16087948,16384067,0,16384067,116681046,133065113,1.5442433056098888,3.3172616808244393,0.31670573353767395,2,17,14,1.1428572
19,15,12264,00:00:03.9100000,22,4253,12289,32138700,32819306,0,32819306,213618267,246437573,1.6678909227815686,4.069586113330178,0.3597901165485382,2,22,18,1.1666666
19,16,12645,00:00:06.6120000,26,8308,22987,63997158,65555836,0,65555836,392981581,458537417,1.780183801286926,4.547294857084225,0.4087706506252289,2,26,21,1.1904762
19,17,13003,00:00:13.4630000,29,16143,43216,127543081,131141662,0,131141662,730091444,861233106,1.8812688553446502,4.801433284640475,0.448053240776062,2,29,23,1.2173913
19,18,13341,00:00:31.8800000,29,31465,81730,252907720,262226584,0,262226584,1366904057,1629130641,1.9708995083265943,4.968747551961739,0.477929949760437,2,29,23,1.2173913
19,19,13662,00:01:07.9110000,36,61704,155631,504668935,524528796,0,524528796,2576540267,3101069063,2.0649126461489056,5.301492682474991,0.4892589747905731,2,36,29,1.2068965
19,20,13967,00:02:14.3500000,38,120609,295999,1001275037,1049011239,0,1049011239,4875033855,5924045094,2.1571009105263452,5.766112370990123,0.5005292296409607,3,38,30,1.2333333
20,0,4968,00:00:00.1220000,1,1,2,1002,1002,0,1002,8928,9930,1,1,0,0,1,1,0
20,1,5665,00:00:00.1500000,1,1,3,2003,2003,0,2003,18940,20943,1,1,0,0,1,1,0
20,2,6339,00:00:00.1940000,1,1,4,4006,4006,0,4006,38267,42273,1,1,0,0,1,1,0
20,3,7041,00:00:00.2110000,1,2,5,8005,8008,0,8008,78503,86511,1,1,0,0,1,1,0
20,4,7749,00:00:00.2290000,1,4,10,16027,16048,0,16048,159664,175712,1,1,0,0,1,1,0
20,5,8422,00:00:00.2510000,1,5,17,31971,32023,0,32023,316207,348230,1,1,0,0,1,1,0
20,6,9108,00:00:00.2750000,2,18,37,63943,64058,0,64058,633241,697299,1.001376225701015,1.0027562111500383,0,1,2,1,1
20,7,9816,00:00:00.3150000,3,24,82,127755,128032,0,128032,1290362,1418394,1.0064576728895152,1.0130200844529649,0.006043888628482819,1,3,2,1
20,8,10507,00:00:00.3840000,4,45,139,255125,256050,0,256050,2567970,2824020,1.013424791768741,1.02731880775855,0.011181262321770191,1,4,3,1
20,9,11186,00:00:00.4730000,5,78,264,508237,512316,0,512316,5073930,5586246,1.031603366146109,1.0658646969210879,0.023360522463917732,1,5,4,1
20,10,11838,00:00:00.6610000,10,145,519,1015571,1024102,0,1024102,9874409,10898511,1.067478295461371,1.148019745777801,0.044652801007032394,1,10,9,1
20,11,12462,00:00:00.9050000,13,301,1030,2027862,2050133,0,2050133,19055783,21105916,1.1313481883875727,1.316363814425969,0.08514358103275299,1,13,12,1
20,12,13036,00:00:01.3830000,19,601,1951,4051567,4100252,0,4100252,35947328,40047580,1.225188427094998,1.6278742225269802,0.13791774213314056,1,19,18,1
20,13,13560,00:00:02.1720000,25,1190,3709,8089928,8195812,0,8195812,66715663,74911475,1.3484322728212168,2.175608980173826,0.20563913881778717,2,25,22,1.0909091
20,14,14032,00:00:04.0460000,26,2303,6901,16070888,16389129,0,16389129,122180221,138569350,1.479110488480786,2.9756177970381885,0.27807024121284485,2,26,23,1.0869565
20,15,14461,00:00:08.3650000,28,4442,12754,31932507,32813389,0,32813389,223076695,255890084,1.6084862049822772,3.9375909361447268,0.3391551673412323,2,28,25,1.08
20,16,14853,00:00:16.4980000,34,8495,23606,63522358,65572857,0,65572857,407537334,473110191,1.7316660694491222,4.824404158290252,0.3789263069629669,2,34,30,1.1
20,17,15218,00:00:30.5220000,42,16460,44252,126872749,131220117,0,131220117,751245818,882465935,1.8496564932158914,5.496045809166823,0.4066506326198578,2,42,37,1.1081082
20,18,15560,00:00:54.4100000,46,32078,83084,252507312,262641832,0,262641832,1396000911,1658642743,1.9571700363275024,5.973405190100981,0.42327073216438293,2,46,40,1.125
20,19,15881,00:01:35.8970000,48,62200,156616,499709959,524739189,0,524739189,2606323222,3131062411,2.057759513253967,6.434323797741818,0.4281561076641083,2,48,42,1.1190476
20,20,16185,00:02:49.9740000,58,121197,297433,998453560,1050220516,0,1050220516,4898612149,5948832665,2.1697623032161855,7.159628916216293,0.42959293723106384,3,58,48,1.1875
21,0,5900,00:00:00.0680000,1,1,1,1003,1003,0,1003,8124,9127,1,1,0,0,1,1,0
21,1,6572,00:00:00.0810000,1,1,1,2002,2002,0,2002,18038,20040,1,1,0,0,1,1,0
21,2,7236,00:00:00.1020000,1,1,1,4008,4008,0,4008,37065,41073,1,1,0,0,1,1,0
21,3,7870,00:00:00.1090000,2,4,8,7995,8001,0,8001,74022,82023,1.0021263289555973,1.004261714754675,0,1,2,1,1
21,4,8585,00:00:00.1180000,2,5,15,16008,16013,0,16013,157553,173566,1.0090579710144927,1.018280065099338,0,1,2,1,1
21,5,9296,00:00:00.1270000,2,6,21,32021,32042,0,32042,320842,352884,1.0148652446831767,1.0301721866872287,0,1,2,1,1
21,6,9951,00:00:00.1380000,3,12,38,63929,64002,0,64002,620312,684314,1.0277964616996982,1.0572230481703264,0.00829775258898735,1,3,2,1
21,7,10600,00:00:00.1640000,3,23,70,127848,128127,0,128127,1219616,1347743,1.0597037106564045,1.1269073378582282,0.017017226666212082,1,3,2,1
21,8,11238,00:00:00.1900000,4,48,143,255444,256468,0,256468,2400203,2656671,1.1097579117145049,1.2452430584379026,0.028191884979605675,1,4,3,1
21,9,11822,00:00:00.2340000,6,85,258,509646,512183,0,512183,4548553,5060736,1.19909309599212,1.4785119211964062,0.05261949077248573,2,6,4,1.25
21,10,12359,00:00:00.3040000,8,146,468,1018346,1024246,0,1024246,8492218,9516464,1.3197920942390897,1.8163537315767149,0.07292445749044418,2,8,6,1.1666666
21,11,12843,00:00:00.4140000,9,266,859,2035394,2050747,0,2050747,15599416,17650163,1.4611313583512577,2.179274614087589,0.09614844620227814,2,9,7,1.1428572
21,12,13277,00:00:00.6600000,9,523,1577,4054917,4100599,0,4100599,28356882,32457481,1.6086139371040147,2.402708039239612,0.11964469403028488,2,9,7,1.1428572
21,13,13669,00:00:01.0370000,11,1012,2911,8089873,8194802,0,8194802,51392640,59587442,1.7578620826309634,2.485843183509157,0.12970121204853058,2,11,9,1.1111112
21,14,14028,00:00:01.6750000,14,2021,5455,16178171,16399191,0,16399191,93609963,110009154,1.9040189400890868,2.531538012117793,0.1399019956588745,2,14,11,1.1818181
21,15,14359,00:00:02.6820000,15,3865,10059,32288489,32801274,0,32801274,171498885,204300159,2.0408560772230624,2.6196491229235326,0.14578920602798462,2,15,12,1.1666666
21,16,14667,00:00:04.4810000,16,7517,18884,64376107,65538918,0,65538918,316432481,381971399,2.170867663681496,2.7961438692079694,0.14726105332374573,2,16,13,1.1538461
21,17,14956,00:00:08.0910000,17,14738,35786,128496063,131166956,0,131166956,588492309,719659265,2.292799048637,3.0288703499696745,0.15156614780426025,2,17,14,1.1428572
21,18,15229,00:00:19.6620000,19,28844,68196,256559362,262486351,0,262486351,1102979247,1365465598,2.408958972231931,3.2624693316945006,0.15914617478847504,3,19,15,1.2
21,19,15488,00:00:42.8430000,21,56715,129824,511990597,524856729,0,524856729,2079639715,2604496444,2.5148401621914944,3.4230281522789783,0.166374072432518,3,21,16,1.25
21,20,15736,00:01:25.0220000,22,111554,249417,1020938557,1050068549,0,1050068549,3950811179,5000879728,2.607869199125565,3.4633178788467975,0.16991479694843292,3,22,17,1.2352941
22,0,3991,00:00:00.0740000,1,1,1,1003,1003,0,1003,9727,10730,1,1,0,0,1,1,0
22,1,4637,00:00:00.0900000,1,1,1,2010,2010,0,2010,18792,20802,1,1,0,0,1,1,0
22,2,5240,00:00:00.1150000,1,1,1,4003,4003,0,4003,36952,40955,1,1,0,0,1,1,0
22,3,5989,00:00:00.1250000,1,1,1,8017,8017,0,8017,79478,87495,1,1,0,0,1,1,0
22,4,6722,00:00:00.1360000,1,2,9,16007,16013,0,16013,163574,179587,1,1,0,0,1,1,0
22,5,7444,00:00:00.1490000,1,10,25,32004,32044,0,32044,332414,364458,1,1,0,0,1,1,0
22,6,8112,00:00:00.1660000,1,17,44,63817,64031,0,64031,643157,707188,1,1,0,0,1,1,0
22,7,8784,00:00:00.1920000,4,24,77,127466,128027,0,128027,1266320,1394347,1.0037029482371769,1.0074425703344339,0.0021171672269701958,1,4,3,1
22,8,9472,00:00:00.2440000,8,49,148,255273,256188,0,256188,2540331,2796519,1.0165548256180639,1.0339043944612456,0.01588250696659088,1,8,7,1
22,9,10139,00:00:00.3140000,9,96,300,509067,512365,0,512365,4999298,5511663,1.0348284214062196,1.0732657271810397,0.03304916247725487,1,9,8,1
22,10,10791,00:00:00.4370000,11,163,567,1015508,1025031,0,1025031,9805480,10830511,1.0801303387073269,1.1660323112638262,0.07020478695631027,2,11,8,1.25
22,11,11396,00:00:00.6430000,18,294,1033,2034043,2049283,0,2049283,18701391,20750674,1.1771948773944307,1.3953479726843088,0.12365034967660904,2,18,15,1.1333333
22,12,11935,00:00:00.9510000,19,597,1963,4055502,4099893,0,4099893,34492669,38592562,1.3426372370177602,1.8789594771663487,0.21013781428337097,2,19,16,1.125
22,13,12391,00:00:01.4440000,24,1045,3436,8107797,8201391,0,8201391,61160670,69362061,1.5842225699533425,2.8794092700829457,0.29504674673080444,3,24,20,1.15
22,14,12772,00:00:02.1460000,26,2138,6094,16192242,16397508,0,16397508,105729730,122127238,1.8633511653296684,4.478450257996413,0.30271127820014954,3,26,21,1.1904762
22,15,13097,00:00:03.2530000,26,3998,10821,32364919,32840257,0,32840257,181972088,214812345,2.1343140701201815,5.769859575410051,0.32739195227622986,3,26,21,1.1904762
22,16,13381,00:00:04.9950000,26,7538,19101,64565844,65620340,0,65620340,315440703,381061043,2.369977383088185,5.713918390663819,0.3313876688480377,3,26,21,1.1904762
22,17,13638,00:00:07.9400000,24,14376,34235,128504542,131089896,0,131089896,557046905,688136801,2.5653336440045833,4.9899622153816505,0.33214661478996277,3,24,19,1.2105263
22,18,13877,00:00:14.9780000,26,27943,63379,257570898,262575250,0,262575250,1007037091,1269612341,2.729688670029795,4.402382144427178,0.318316251039505,3,26,20,1.25
22,19,14102,00:00:33.0380000,27,54558,119377,515436931,525520541,0,525520541,1855747946,2381268487,2.8628827374420323,4.048722067594867,0.3007145822048187,3,27,21,1.2380953
22,20,14316,00:01:06.1710000,25,106729,226007,1026460430,1050135357,0,1050135357,3470779272,4520914629,2.976827912401845,3.8745313902878404,0.2951539158821106,3,25,19,1.2631578
23,0,4792,00:00:00.0680000,1,1,2,1005,1005,0,1005,9750,10755,1,1,0,0,1,1,0
23,1,5668,00:00:00.0840000,2,2,3,2004,2004,0,2004,21642,23646,1.001497005988024,1.002998542768329,0,1,2,1,1
23,2,6335,00:00:00.1080000,1,1,3,4006,4006,0,4006,41205,45211,1,1,0,0,1,1,0
23,3,6965,00:00:00.1150000,1,1,5,8006,8006,0,8006,76768,84774,1,1,0,0,1,1,0
23,4,7736,00:00:00.1240000,1,5,12,15987,16004,0,16004,166808,182812,1,1,0,0,1,1,0
23,5,8417,00:00:00.1360000,3,9,25,32004,32026,0,32026,324536,356562,1.0036245469316336,1.0072815485940732,0,1,3,2,1
23,6,9124,00:00:00.1610000,4,13,48,64030,64051,0,64051,651425,715476,1.007152897079494,1.0144360750811565,0.005412165075540543,1,4,3,1
23,7,9821,00:00:00.1850000,4,24,84,127742,128068,0,128068,1291131,1419199,1.0156487294703387,1.0319329929650425,0.01331513375043869,1,4,3,1
23,8,10493,00:00:00.2210000,5,43,154,255052,256131,0,256131,2526487,2782618,1.0336166742468202,1.0703065695896992,0.02808035910129547,1,5,4,1
23,9,11144,00:00:00.2820000,6,79,294,508624,512057,0,512057,4931612,5443669,1.0668843782440467,1.1420290414621634,0.05111551657319069,2,6,4,1.25
23,10,11763,00:00:00.3820000,10,152,535,1018882,1024674,0,1024674,9483800,10508474,1.1385999556376498,1.3175908117381485,0.0834009051322937,2,10,8,1.125
23,11,12337,00:00:00.5690000,12,287,999,2032243,2048303,0,2048303,17915769,19964072,1.2531001459963202,1.651797355457787,0.1345432698726654,2,12,10,1.1
23,12,12840,00:00:00.8520000,16,558,1815,4071385,4101457,0,4101457,32668729,36770186,1.4279158075200453,2.2902035021138074,0.1893252283334732,3,16,13,1.1538461
23,13,13271,00:00:01.2980000,17,1063,3224,8119980,8199421,0,8199421,57922965,66122386,1.6504844839519308,3.3153399058838207,0.2414696365594864,3,17,14,1.1428572
23,14,13639,00:00:01.9640000,19,2119,5841,16216251,16399366,0,16399366,101032464,117431830,1.9110553357863047,4.500301217445023,0.20382356643676758,3,19,16,1.125
23,15,13954,00:00:03.1040000,21,4034,10498,32402693,32780775,0,32780775,174812683,207593458,2.1849292896735464,5.099159857507816,0.19406552612781525,3,21,18,1.1111112
23,16,14230,00:00:05.0160000,21,7595,18759,64831775,65703521,0,65703521,304361438,370064959,2.4515668281486973,4.853257380593967,0.17316584289073944,3,21,18,1.1111112
23,17,14475,00:00:10.7970000,21,14669,33832,129483649,131418438,0,131418438,534885775,666304213,2.698371614473114,4.2997268623113,0.15013329684734344,3,21,18,1.1111112
23,18,14697,00:00:20.9460000,19,27496,61168,257762968,262466653,0,262466653,952708840,1215175493,2.916526787509678,3.7671863139837174,0.1306677907705307,3,19,16,1.125
23,19,14903,00:00:38.1990000,17,52919,113083,514258643,525362528,0,525362528,1728599704,2253962232,3.105757458314609,3.3241631623680554,0.11442862451076508,3,17,14,1.1428572
23,20,15096,00:01:08.4630000,17,103416,212611,1026679002,1050554503,0,1050554503,3183877863,4234432366,3.2653677025333767,2.9630103633986113,0.0975702702999115,3,17,14,1.1428572
24,0,4668,00:00:00.0740000,1,1,1,1002,1002,0,1002,9269,10271,1,1,0,0,1,1,0
24,1,5232,00:00:00.0870000,1,1,1,2002,2002,0,2002,17899,19901,1,1,0,0,1,1,0
24,2,5961,00:00:00.1110000,2,2,2,4003,4003,0,4003,37814,41817,1.0017486884836373,1.003503477844025,0,1,2,1,1
24,3,6623,00:00:00.1190000,2,2,2,8028,8028,0,8028,76351,84379,1.0090931738913802,1.0183516741015564,0,1,2,1,1
24,4,7317,00:00:00.1270000,2,3,9,16016,16017,0,16017,157550,173567,1.0106143856143857,1.0214540693946668,0,1,2,1,1
24,5,8031,00:00:00.1370000,2,6,16,31989,32005,0,32005,323787,355792,1.0319484822907874,1.0659339875917815,0,1,2,1,1
24,6,8672,00:00:00.1490000,2,11,32,63862,64003,0,64003,617634,681637,1.064921236416022,1.1381911868738133,0,1,2,1,1
24,7,9303,00:00:00.1670000,4,27,70,127884,128071,0,128071,1196900,1324971,1.1258875230677803,1.283118357022309,0.011862906627357006,1,4,3,1
24,8,9884,00:00:00.2060000,4,43,140,255478,256090,0,256090,2271652,2527742,1.2194513813322478,1.524447799951845,0.017626382410526276,1,4,3,1
24,9,10411,00:00:00.2510000,4,81,250,509587,512207,0,512207,4215464,4727671,1.3323475677362255,1.8081945744189536,0.025874754413962364,1,4,3,1
24,10,10889,00:00:00.3240000,5,167,465,1017007,1024149,0,1024149,7729610,8753759,1.4597824793732983,2.015515577753096,0.03516286239027977,2,5,3,1.3333334
24,11,11330,00:00:00.4650000,8,270,829,2034584,2049694,0,2049694,14198777,16248471,1.58420591138041,2.0157706432217672,0.03925415128469467,2,8,6,1.1666666
24,12,11735,00:00:00.6760000,10,558,1559,4061918,4101235,0,4101235,26120601,30221836,1.6942313951192516,1.858911555376451,0.04600127041339874,2,10,8,1.125
24,13,12114,00:00:01.0510000,13,1027,2877,8107631,8201851,0,8201851,48456433,56658284,1.7896522424367858,1.6906708967964534,0.04994405061006546,2,13,11,1.0909091
24,14,12473,00:00:01.6910000,17,2026,5398,16221887,16411286,0,16411286,90783381,107194667,1.8777822826653892,1.5780731449321153,0.05291721224784851,3,17,14,1.1428572
24,15,12815,00:00:02.7860000,19,4037,10333,32361216,32809793,0,32809793,171436106,204245899,1.9571437921244987,1.5277625158297046,0.05502746254205704,3,19,16,1.125
24,16,13142,00:00:04.9840000,19,7791,19755,64416277,65638415,0,65638415,325705075,391343490,2.0367137175593055,1.5473130774995574,0.05803569778800011,3,19,16,1.125
24,17,13453,00:00:12.6640000,23,15197,37555,128575830,131182256,0,131182256,618868841,750051097,2.134666157706312,1.6728271425770858,0.06343702971935272,3,23,20,1.1
24,18,13747,00:00:28.2130000,25,29578,71726,256152785,262172516,0,262172516,1172432038,1434604554,2.253065606918933,1.9181060025776928,0.07272922992706299,3,25,22,1.0909091
24,19,14023,00:00:56.5810000,25,58320,137051,510675471,525474181,0,525474181,2211946732,2737420913,2.4003229381659494,2.329240262280768,0.08752398192882538,3,25,22,1.0909091
24,20,14278,00:01:46.4130000,27,113964,259844,1018708679,1051394840,0,1051394840,4134049467,5185444307,2.5755761004957534,2.951317570099568,0.10489668697118759,3,27,24,1.0833334
25,0,3664,00:00:00.0430000,1,1,1,1005,1005,0,1005,7926,8931,1,1,0,0,1,1,0
25,1,4364,00:00:00.0580000,2,2,2,2004,2004,0,2004,18239,20243,1.005489021956088,1.0110383587112268,0,1,2,1,1
25,2,4974,00:00:00.0810000,2,2,4,4003,4003,0,4003,35495,39498,1.0132400699475392,1.0268306729344485,0,1,2,1,1
25,3,5695,00:00:00.0890000,2,3,5,8004,8005,0,8005,77185,85190,1.0348575712143928,1.0721389113826472,0,1,2,1,1
25,4,6334,00:00:00.0960000,2,3,11,16024,16025,0,16025,150811,166836,1.0547304043934098,1.1154116366752949,0,1,2,1,1
25,5,6969,00:00:00.1050000,2,4,19,32017,32022,0,32022,298484,330506,1.122747290501921,1.274471132067589,0,1,2,1,1
25,6,7579,00:00:00.1170000,2,14,39,64052,64100,0,64100,576793,640893,1.2197589458564917,1.521907577368556,0,1,2,1,1
25,7,8109,00:00:00.1330000,2,20,69,127733,128041,0,128041,1063468,1191509,1.3340483665145264,1.8015425953517756,0,1,2,1,1
25,8,8594,00:00:00.1540000,4,37,111,255884,256303,0,256303,1954116,2210419,1.4545731659658283,1.9912618222659537,0.013696412555873394,1,4,3,1
25,9,9036,00:00:00.1940000,4,70,198,510979,512160,0,512160,3575396,4087556,1.5729981075543222,1.9727528501531606,0.020501049235463142,1,4,3,1
25,10,9449,00:00:00.2460000,4,133,383,1021725,1025359,0,1025359,6614921,7640280,1.6788783674667842,1.7886339058524696,0.02285345271229744,1,4,3,1
25,11,9835,00:00:00.3380000,5,269,727,2042765,2050604,0,2050604,12302062,14352666,1.7644031496525543,1.5826569284038845,0.026596836745738983,1,5,4,1
25,12,10204,00:00:00.5260000,5,505,1366,4073657,4096410,0,4096410,23177873,27274283,1.8293670772968857,1.4127594666109404,0.028192102909088135,1,5,4,1
25,13,10560,00:00:00.8480000,5,979,2579,8130880,8196158,0,8196158,44156414,52352572,1.878146768861427,1.2893094855580003,0.030209990218281746,1,5,4,1
25,14,10908,00:00:01.4100000,6,1955,5072,16238550,16409237,0,16409237,85238116,101647353,1.9144218541680138,1.2065760869272886,0.030983123928308487,2,6,4,1.25
25,15,11249,00:00:02.4520000,8,3952,9973,32408478,32811992,0,32811992,165787882,198599874,1.9431729561628905,1.1551807873001623,0.03174080699682236,2,8,6,1.1666666
25,16,11585,00:00:04.4510000,8,7851,19528,64437538,65598660,0,65598660,324481004,390079664,1.963528277570133,1.1194859144358988,0.03230585157871246,2,8,6,1.1666666
25,17,11917,00:00:09.7980000,11,15572,38579,128388340,131312381,0,131312381,638252032,769564413,1.9832958584868376,1.1061308130158565,0.03250283747911453,2,11,9,1.1111112
25,18,12243,00:00:26.8910000,15,30879,76146,254919229,262180881,0,262180881,1254061096,1516241977,2.0031690665438187,1.1106800147946023,0.032415080815553665,2,15,13,1.0769231
25,19,12565,00:01:01.5940000,19,61339,149861,505830705,524292162,0,524292162,2469426800,2993718962,2.0254103989199312,1.1332361936385997,0.03252279758453369,2,19,17,1.0588236
25,20,12882,00:02:08.9830000,25,121957,296173,1005285686,1050598623,0,1050598623,4864125854,5914724477,2.0574714768195754,1.1840677518021123,0.03346439078450203,3,25,21,1.1428572
26,0,4656,00:00:00.0650000,1,1,1,1001,1001,0,1001,8574,9575,1,1,0,0,1,1,0
26,1,5600,00:00:00.0810000,1,1,1,2002,2002,0,2002,22674,24676,1,1,0,0,1,1,0
26,2,6189,00:00:00.1030000,1,2,2,4004,4005,0,4005,39623,43628,1,1,0,0,1,1,0
26,3,6880,00:00:00.1090000,1,1,3,8009,8009,0,8009,79369,87378,1,1,0,0,1,1,0
26,4,7549,00:00:00.1170000,1,2,5,16000,16013,0,16013,156262,172275,1,1,0,0,1,1,0
26,5,8218,00:00:00.1250000,1,2,13,31984,32006,0,32006,309555,341561,1,1,0,0,1,1,0
26,6,8903,00:00:00.1370000,2,12,34,63945,64078,0,64078,625718,689796,1.00207991242474,1.004168460050506,0,1,2,1,1
26,7,9595,00:00:00.1580000,3,21,70,127852,128128,0,128128,1266167,1394295,1.006828207615055,1.0137689638972363,0.004904486238956451,1,3,2,1
26,8,10274,00:00:00.2040000,5,42,150,255391,256031,0,256031,2516302,2772333,1.0150631776374266,1.0307224391045997,0.01149515900760889,1,5,4,1
26,9,10952,00:00:00.2640000,6,66,282,510337,512441,0,512441,5016880,5529321,1.0329546946429515,1.0688511236369418,0.024363743141293526,1,6,5,1
26,10,11607,00:00:00.3670000,9,140,548,1020069,1024904,0,1024904,9842508,10867412,1.0695786265438907,1.1529215942550448,0.0459781251847744,1,9,8,1
26,11,12226,00:00:00.5820000,10,288,1059,2034489,2049538,0,2049538,18946362,20995900,1.131816883748204,1.3163182722018931,0.08427166938781738,1,10,9,1
26,12,12803,00:00:00.9470000,13,618,2037,4061400,4099698,0,4099698,35933983,40033681,1.2258799921209436,1.622532892409737,0.1342003494501114,1,13,12,1
26,13,13329,00:00:01.5760000,16,1175,3763,8100744,8194650,0,8194650,66839385,75034035,1.344914121468349,2.1362114781459316,0.19480101764202118,1,16,15,1
26,14,13805,00:00:02.5550000,17,2237,6838,16134954,16401987,0,16401987,122795116,139197103,1.4702913314782304,2.833747770402693,0.2610468864440918,1,17,16,1
26,15,14239,00:00:04.2810000,21,4430,12794,32171887,32812862,0,32812862,224916960,257729822,1.5914332286446238,3.5687027211998443,0.31438881158828735,2,21,19,1.0526316
26,16,14640,00:00:07.2440000,22,8476,23851,63800537,65544847,0,65544847,413721501,479266348,1.695160512520451,4.024340483771535,0.36427417397499084,2,22,20,1.05
26,17,15017,00:00:14.8740000,29,16471,44760,127398899,131157720,0,131157720,768899984,900057704,1.788327644809552,4.205945429142707,0.3992220163345337,2,29,25,1.12
26,18,15376,00:00:35.9690000,30,32440,85487,252765830,262616436,0,262616436,1446188560,1708804996,1.8598866072997287,4.159438463312267,0.4253515303134918,2,30,26,1.1153846
26,19,15719,00:01:16.0890000,35,63588,163591,501800798,525221574,0,525221574,2741456252,3266677826,1.9263658165804671,4.126783857368205,0.4428551197052002,2,35,30,1.1333333
26,20,16048,00:02:30.1030000,38,125038,313975,990042133,1048624410,0,1048624410,5223947493,6272571903,1.98566254654538,4.153489900587749,0.4545862376689911,2,38,32,1.15625
27,0,4423,00:00:00.0640000,2,2,2,1001,1001,0,1001,7773,8774,1.002997002997003,1.0060119256224525,0,1,2,1,1
27,1,5064,00:00:00.0790000,2,2,2,2006,2006,0,2006,16831,18837,1.0169491525423728,1.0344725621562643,0,1,2,1,1
27,2,5617,00:00:00.1000000,2,2,3,4005,4005,0,4005,32035,36040,1.03645443196005,1.075559133282328,0,1,2,1,1
27,3,6307,00:00:00.1070000,2,2,4,8016,8016,0,8016,71903,79919,1.097305389221557,1.2131125111162924,0,1,2,1,1
27,4,6912,00:00:00.1140000,2,4,7,16018,16028,0,16028,141846,157874,1.1847921088775129,1.4312047549336697,0,1,2,1,1
27,5,7435,00:00:00.1210000,3,5,15,32009,32014,0,32014,261124,293138,1.2909494204754912,1.7044535522058333,0.011376501992344856,1,3,2,1
27,6,7947,00:00:00.1400000,2,14,30,63995,64085,0,64085,495491,559576,1.4265645753574498,1.9577688755215585,0,1,2,1,1
27,7,8398,00:00:00.1530000,3,19,53,127910,128056,0,128056,910273,1038329,1.5486983034946447,1.9866640704297953,0.012918196618556976,1,3,2,1
27,8,8818,00:00:00.1700000,3,37,94,255649,256293,0,256293,1681042,1937335,1.6643522955301997,1.8158561043548405,0.02379366010427475,1,3,2,1
27,9,9200,00:00:00.1950000,3,62,171,510327,512202,0,512202,3087180,3599382,1.7520432977287113,1.606692807735593,0.029084403067827225,1,3,2,1
27,10,9571,00:00:00.2390000,3,140,351,1019165,1025155,0,1025155,5819324,6844479,1.8203656915219812,1.428840677721611,0.031048603355884552,1,3,2,1
27,11,9931,00:00:00.3220000,5,267,681,2038334,2049981,0,2049981,11126112,13176093,1.874672158733554,1.305597995257414,0.03458487614989281,2,5,3,1.3333334
27,12,10279,00:00:00.4960000,7,502,1305,4078229,4102844,0,4102844,21390655,25493499,1.9149091431599354,1.2255987741976568,0.030027709901332855,2,7,5,1.2
27,13,10620,00:00:00.7920000,6,969,2566,8120474,8201607,0,8201607,41523911,49725518,1.9441936517498855,1.167901886083839,0.03712806850671768,2,6,4,1.25
27,14,10955,00:00:01.3460000,10,1943,4955,16246400,16398809,0,16398809,81063373,97462182,1.9721388122907229,1.1467040340637176,0.030674347653985023,2,10,8,1.125
27,15,11286,00:00:02.3170000,12,3866,9659,32447332,32805850,0,32805850,159239005,192044855,1.9984366665339388,1.1429058182485456,0.03693598508834839,2,12,10,1.1
27,16,11612,00:00:04.3250000,13,7804,19096,64683787,65639858,0,65639858,313251548,378891406,2.0233832320299987,1.1573019013739612,0.03707811236381531,2,13,11,1.0909091
27,17,11932,00:00:11.0020000,15,15442,37507,128803091,131161474,0,131161474,615489892,746651366,2.055624821922946,1.1996229862741217,0.03790382668375969,3,15,12,1.1666666
27,18,12246,00:00:27.2660000,16,30645,73780,256333722,262621117,0,262621117,1208653316,1471274433,2.0940616896281794,1.271787506894505,0.04019344598054886,3,16,13,1.1538461
27,19,12551,00:00:59.7850000,18,60524,145047,508964192,524882505,0,524882505,2360394312,2885276817,2.1456389765038715,1.3922848578151479,0.044878359884023666,3,18,15,1.1333333
27,20,12846,00:02:00.2820000,22,119147,282585,1011511496,1049399315,0,1049399315,4586351302,5635750617,2.2152229063741653,1.5890167948379406,0.053278420120477676,3,22,19,1.1052631
28,0,4070,00:00:00.1070000,2,2,2,1003,1003,0,1003,9136,10139,1.0089730807577268,1.018107129014303,0,1,2,1,1
28,1,4694,00:00:00.1340000,2,2,2,2008,2008,0,2008,17856,19864,1.0054780876494025,1.0110161833016205,0,1,2,1,1
28,2,5424,00:00:00.1760000,2,2,3,4015,4015,0,4015,38473,42488,1.0149439601494397,1.0303343527482012,0,1,2,1,1
28,3,6121,00:00:00.1930000,2,4,5,8002,8004,0,8004,78587,86591,1.0467383154211447,1.097824641795087,0,1,2,1,1
28,4,6788,00:00:00.2110000,2,4,9,16002,16027,0,16027,156515,172542,1.079865016872891,1.1722961542318155,0,1,2,1,1
28,5,7403,00:00:00.2290000,4,7,14,32076,32081,0,32081,297909,329990,1.1546639231824416,1.3552961656424047,0.011808721348643303,1,4,3,1
28,6,7957,00:00:00.2620000,2,10,26,63915,64081,0,64081,554286,618367,1.2514746147226785,1.603772766144539,0,1,2,1,1
28,7,8484,00:00:00.2870000,4,21,60,127860,128039,0,128039,1037773,1165812,1.3742843735335524,1.8873710776283708,0.014605035074055195,1,4,3,1
28,8,8952,00:00:00.3180000,4,25,103,255746,256285,0,256285,1896429,2152714,1.5016070632580765,2.0141883631150597,0.02135000005364418,1,4,3,1
28,9,9377,00:00:00.3620000,4,64,202,510957,512530,0,512530,3458207,3970737,1.6117755505844915,1.9246512185384517,0.026696166023612022,1,4,3,1
28,10,9778,00:00:00.4300000,4,131,377,1020006,1024675,0,1024675,6408224,7432899,1.7123075746613254,1.716660972387126,0.031962376087903976,1,4,3,1
28,11,10156,00:00:00.5710000,5,261,722,2038138,2049188,0,2049188,11975012,14024200,1.792171580138342,1.5239193802402422,0.03661653771996498,2,5,3,1.3333334
28,12,10520,00:00:00.7950000,6,515,1350,4071768,4098786,0,4098786,22712374,26811160,1.853262759567834,1.3761924978372937,0.03795936331152916,2,6,4,1.25
28,13,10871,00:00:01.1550000,8,989,2593,8135577,8194345,0,8194345,43410781,51605126,1.9018615397531116,1.2799474634294201,0.039521753787994385,2,8,6,1.1666666
28,14,11214,00:00:01.8230000,9,1935,4929,16241814,16389286,0,16389286,83879483,100268769,1.939478558244787,1.2193529107071883,0.04057068005204201,2,9,7,1.1428572
28,15,11551,00:00:03.2080000,9,3858,9641,32402599,32829758,0,32829758,163478973,196308731,1.9697888431727344,1.1854521961606233,0.04158684238791466,2,9,7,1.1428572
28,16,11881,00:00:06.2530000,11,7701,19084,64565965,65625001,0,65625001,319389822,385014823,2.001625004752891,1.1819767411436308,0.041775401681661606,3,11,8,1.25
28,17,12204,00:00:14.7640000,11,15316,37633,128100824,131096966,0,131096966,624309193,755406159,2.033420995012491,1.2007775996395456,0.042438361793756485,3,11,8,1.25
28,18,12521,00:00:32.7430000,12,30373,74168,254632222,262667922,0,262667922,1222923781,1485591703,2.073990309835964,1.2548222209369215,0.04367115721106529,3,12,9,1.2222222
28,19,12828,00:01:07.6190000,19,60096,144984,507910298,525422730,0,525422730,2382881515,2908304245,2.1348231848608825,1.3740540751465253,0.046296197921037674,3,19,16,1.125
28,20,13123,00:02:12.1810000,26,118702,282257,1011620978,1050156188,0,1050156188,4609992548,5660148736,2.217117281844268,1.5729403291086648,0.052924446761608124,3,26,23,1.0869565
2,0,3278,00:00:00.1130000,1,1,1,1005,1005,0,1005,10808,11813,1,1,0,0,1,1,0
2,1,4137,00:00:00.1460000,1,1,1,2002,2002,0,2002,22842,24844,1,1,0,0,1,1,0
2,2,4769,00:00:00.1880000,1,1,1,4005,4005,0,4005,40530,44535,1,1,0,0,1,1,0
2,3,5453,00:00:00.2060000,1,1,3,8004,8004,0,8004,79352,87356,1,1,0,0,1,1,0
2,4,6143,00:00:00.2240000,1,2,7,16015,16016,0,16016,158255,174271,1,1,0,0,1,1,0
2,5,6809,00:00:00.2430000,1,2,10,32007,32012,0,32012,312017,344029,1,1,0,0,1,1,0
2,6,7507,00:00:00.2720000,1,12,38,64013,64105,0,64105,633090,697195,1,1,0,0,1,1,0
2,7,8232,00:00:00.3240000,2,21,76,127678,128006,0,128006,1305783,1433789,1.0016447626059306,1.003294991076565,0,1,2,1,1
2,8,8928,00:00:00.4010000,3,49,160,255542,256339,0,256339,2597571,2853910,1.0050793998638188,1.0102235058675377,0.004613871686160564,1,3,2,1
2,9,9610,00:00:00.5490000,5,65,302,510913,512516,0,512516,5115213,5627729,1.0150182124941036,1.0306461448550646,0.013087131083011627,1,5,4,1
2,10,10280,00:00:00.8320000,5,166,585,1017989,1024691,0,1024691,10050771,11075462,1.0315347218879576,1.065805775447835,0.02774074487388134,1,5,4,1
2,11,10934,00:00:01.2020000,9,307,1120,2030833,2048568,0,2048568,19678438,21727006,1.069637926899947,1.1472667081904147,0.05099133774638176,2,9,7,1.1428572
2,12,11551,00:00:01.8990000,13,600,2108,4053921,4096559,0,4096559,37804192,41900751,1.142816300564318,1.3233788489640266,0.09388424456119537,2,13,11,1.0909091
2,13,12113,00:00:02.6000000,17,1201,4001,8092201,8196691,0,8196691,70799802,78996493,1.2692776662369114,1.6869749447543132,0.1606789231300354,2,17,15,1.0666667
2,14,12606,00:00:03.6940000,21,2303,7350,16149447,16396285,0,16396285,128569289,144965574,1.4578822420359037,2.396146608805627,0.2431068867444992,2,21,18,1.1111112
2,15,13027,00:00:05.3780000,23,4374,13095,32196746,32798894,0,32798894,227177054,259975948,1.6887828043243873,3.502618360218965,0.3232106864452362,2,23,19,1.1578947
2,16,13388,00:00:07.9840000,23,8126,23114,64098259,65586634,0,65586634,396424820,462011454,1.9297233642492537,4.419602721906131,0.3805944621562958,2,23,19,1.1578947
2,17,13704,00:00:13.1380000,24,15768,41413,127832210,131164206,0,131164206,693047087,824211293,2.1539171309015153,4.245689435898497,0.4061594605445862,2,24,19,1.2105263
2,18,13989,00:00:27.4850000,24,30064,75088,254858135,262485145,0,262485145,1229066999,1491552144,2.343967254566938,3.412682627630849,0.40364739298820496,2,24,19,1.2105263
2,19,14252,00:00:53.0420000,26,58181,138013,509236708,525295408,0,525295408,2220084577,2745379985,2.502137300754053,2.683963164670265,0.38456296920776367,3,26,20,1.25
2,20,14499,00:01:37.9740000,26,112655,257330,1014206293,1049857653,0,1049857653,4082918784,5132776437,2.6253401920076627,2.1823265592128576,0.3556187152862549,3,26,20,1.25
29,0,7052,00:00:00.0740000,1,1,1,1007,1007,0,1007,10667,11674,1,1,0,0,1,1,0
29,1,7885,00:00:00.0900000,1,1,2,2002,2002,0,2002,22226,24228,1,1,0,0,1,1,0
29,2,8677,00:00:00.1150000,1,1,2,4003,4003,0,4003,45208,49211,1,1,0,0,1,1,0
29,3,9388,00:00:00.1220000,1,1,3,8010,8010,0,8010,85765,93775,1,1,0,0,1,1,0
29,4,10049,00:00:00.1300000,1,2,8,16004,16005,0,16005,162615,178620,1,1,0,0,1,1,0
29,5,10773,00:00:00.1410000,1,3,13,32000,32012,0,32012,328091,360103,1,1,0,0,1,1,0
29,6,11441,00:00:00.1510000,1,16,36,63975,64020,0,64020,639402,703422,1,1,0,0,1,1,0
29,7,12127,00:00:00.1710000,1,24,67,127689,128006,0,128006,1274871,1402877,1,1,0,0,1,1,0
29,8,12812,00:00:00.2020000,2,47,136,255387,256259,0,256259,2544823,2801082,1.0016563098356612,1.0033180742734118,0,1,2,1,1
29,9,13510,00:00:00.2620000,4,70,260,509414,512378,0,512378,5128067,5640445,1.005441546561343,1.0109595065322488,0.004733308684080839,1,4,3,1
29,10,14190,00:00:00.3840000,6,149,498,1015024,1024639,0,1024639,10155983,11180622,1.0138696227872444,1.0282683536696928,0.012232406996190548,1,6,5,1
29,11,14860,00:00:00.5960000,12,320,1062,2027222,2048758,0,2048758,20016675,22065433,1.0369466195611532,1.0779234413962369,0.03183095157146454,1,12,11,1
29,12,15507,00:00:01.0010000,19,593,2069,4059651,4097742,0,4097742,39077646,43175388,1.084096145210512,1.1907660552822228,0.07171527296304703,1,19,18,1
29,13,16115,00:00:01.7100000,21,1147,3981,8071319,8194509,0,8194509,74837987,83032496,1.1544933362192722,1.3929445800078981,0.12978634238243103,1,21,20,1
29,14,16673,00:00:03.0010000,26,2252,7628,16069610,16395813,0,16395813,140424898,156820711,1.2574484383877393,1.7815909952162527,0.2090526968240738,2,26,24,1.0416666
29,15,17179,00:00:05.2510000,31,4538,14457,31957058,32801523,0,32801523,259332442,292133965,1.3857042159512931,2.4899295679161435,0.30388033390045166,2,31,27,1.1111112
29,16,17634,00:00:12.0180000,37,8801,26647,63640366,65601933,0,65601933,473166442,538768375,1.5257286075318925,3.7049314545248015,0.395436555147171,2,37,32,1.125
29,17,18047,00:00:27.4930000,40,16926,49278,126250043,131197401,0,131197401,861596039,992793440,1.6599752682856512,5.529668775761988,0.47832542657852173,2,40,35,1.1142857
29,18,18425,00:00:54.0930000,47,33042,91456,251453575,262319239,0,262319239,1572964311,1835283550,1.796034480718757,7.920334735708183,0.5391948819160461,3,47,39,1.1794872
29,19,18774,00:01:38.9760000,49,63829,170243,497942792,524328524,0,524328524,2886341344,3410669868,1.9228635365003939,10.351155668140283,0.590642511844635,3,49,39,1.2307693
29,20,19099,00:02:57.4460000,51,124386,318933,987531917,1050570979,0,1050570979,5334134759,6384705738,2.0526164431807423,12.509651549245197,0.622046947479248,3,51,41,1.2195122
30,0,5101,00:00:00.0570000,1,2,2,1002,1003,0,1003,10849,11852,1,1,0,0,1,1,0
30,1,5790,00:00:00.0720000,1,1,2,2009,2009,0,2009,21192,23201,1,1,0,0,1,1,0
30,2,6354,00:00:00.0940000,1,1,2,4014,4014,0,4014,37690,41704,1,1,0,0,1,1,0
30,3,7029,00:00:00.1020000,1,3,4,7990,8005,0,8005,76812,84817,1,1,0,0,1,1,0
30,4,7763,00:00:00.1110000,2,4,11,16001,16006,0,16006,161617,177623,1.0059371289294419,1.0119446918273964,0,1,2,1,1
30,5,8455,00:00:00.1230000,2,8,19,31990,32026,0,32026,321945,353971,1.0114410753360425,1.0231438285791694,0,1,2,1,1
30,6,9123,00:00:00.1360000,3,11,33,63915,64018,0,64018,629142,693160,1.024000625831182,1.0492198046880947,0.007375121116638184,1,3,2,1
30,7,9792,00:00:00.1650000,5,22,74,127889,128015,0,128015,1247288,1375303,1.045211081484725,1.094911285153911,0.0130531657487154,1,5,4,1
30,8,10438,00:00:00.1980000,5,38,142,255915,256328,0,256328,2438168,2694496,1.0880761190238946,1.1927520934484996,0.019732298329472542,1,5,4,1
30,9,11045,00:00:00.2510000,6,72,266,511402,512514,0,512514,4670284,5182798,1.1598546740137896,1.3735467822029683,0.03372509032487869,1,6,5,1
30,10,11602,00:00:00.3310000,6,144,488,1019838,1024221,0,1024221,8760219,9784440,1.2606874817372955,1.650822073707594,0.05424052104353905,1,6,5,1
30,11,12114,00:00:00.4910000,6,306,922,2034331,2048674,0,2048674,16279739,18328413,1.386132345227989,1.9739774718350558,0.08064190298318863,1,6,5,1
30,12,12577,00:00:00.7410000,8,581,1719,4063187,4099395,0,4099395,29881374,33980769,1.514430421243226,2.1560226788666657,0.10013744235038757,2,8,6,1.1666666
30,13,13001,00:00:01.1620000,10,1107,3169,8107378,8198163,0,8198163,54819197,63017360,1.6327267582688263,2.109869958660536,0.11568893492221832,2,10,8,1.125
30,14,13394,00:00:01.8800000,11,2146,5897,16151179,16396824,0,16396824,101085371,117482195,1.7317703555882824,1.9368544721653533,0.1273297667503357,2,11,9,1.1111112
30,15,13766,00:00:03.1790000,15,4045,11111,32254141,32812075,0,32812075,188788903,221600978,1.8177781265357524,1.7759430240237861,0.1339411735534668,2,15,13,1.0769231
30,16,14119,00:00:06.1680000,20,7999,21084,64355374,65538184,0,65538184,355177510,420715694,1.8934736359390902,1.6716440170993159,0.13961069285869598,2,20,18,1.0555556
30,17,14459,00:00:15.5560000,22,15707,40299,128262194,131187478,0,131187478,675730815,806918293,1.9585265475811213,1.6222295865977976,0.14258985221385956,2,22,20,1.05
30,18,14787,00:00:34.2030000,24,30941,77762,255332764,262672360,0,262672360,1294936582,1557608942,2.0202729525146252,1.6358090721730736,0.14295153319835663,2,24,22,1.0454545
30,19,15102,00:01:08.6440000,26,61112,150667,506299582,524722801,0,524722801,2484013185,3008735986,2.0834619432887465,1.7165218552570929,0.1426072120666504,2,26,24,1.0416666
30,20,15406,00:02:10.6710000,29,120245,291756,1004586897,1049614900,0,1049614900,4777773538,5827388438,2.1535034116615597,1.878707147022271,0.1485762745141983,2,29,26,1.0769231
31,0,4190,00:00:00.0470000,1,1,1,1003,1003,0,1003,8957,9960,1,1,0,0,1,1,0
31,1,4878,00:00:00.0610000,3,3,3,2005,2005,0,2005,18759,20764,1.0064837905236907,1.0130669761941586,0,1,3,2,1
31,2,5619,00:00:00.0930000,1,1,4,4018,4018,0,4018,39976,43994,1,1,0,0,1,1,0
31,3,6411,00:00:00.1030000,4,4,9,8006,8006,0,8006,84903,92909,1.0078690981763678,1.0159032987617627,0,1,4,3,1
31,4,7149,00:00:00.1130000,4,5,15,16019,16027,0,16027,169877,185904,1.0162931518821399,1.03329599741114,0.014578040689229965,1,4,3,1
31,5,7804,00:00:00.1240000,4,8,25,31979,32008,0,32008,320228,352236,1.0347102786203446,1.0726055239030263,0.028661305084824562,1,4,3,1
31,6,8434,00:00:00.1380000,6,11,39,64008,64018,0,64018,610369,674387,1.063288963879515,1.1376162410421256,0.042726047337055206,1,6,5,1
31,7,9071,00:00:00.1580000,6,23,84,128024,128133,0,128133,1194584,1322717,1.1161422858214085,1.2713447775347668,0.07811093330383301,1,6,5,1
31,8,9669,00:00:00.1860000,6,36,146,255836,256158,0,256158,2292841,2548999,1.2040213261620725,1.53980949689697,0.14266085624694824,1,6,5,1
31,9,10217,00:00:00.2300000,7,73,258,511790,512634,0,512634,4310673,4823307,1.316962035209754,1.9831343184487058,0.20293979346752167,1,7,6,1
31,10,10707,00:00:00.3170000,7,154,466,1021699,1024707,0,1024707,7902972,8927679,1.445107609971234,2.6138039498295274,0.28386345505714417,1,7,6,1
31,11,11154,00:00:00.4270000,7,308,870,2038608,2049427,0,2049427,14464485,16513912,1.5664625077503866,3.234058573924594,0.36076024174690247,1,7,6,1
31,12,11565,00:00:00.6200000,10,559,1551,4079288,4099715,0,4099715,26561488,30661203,1.6764050491164144,3.619278269454705,0.4291718900203705,2,10,6,1.5
31,13,11950,00:00:00.9940000,10,1086,2912,8138127,8196327,0,8196327,49249339,57445666,1.7655405230220664,3.677833873080339,0.48507389426231384,2,10,6,1.5
31,14,12317,00:00:01.6060000,10,2075,5491,16224176,16385982,0,16385982,92478182,108864164,1.836125298443508,3.5613686776388094,0.5281460881233215,2,10,6,1.5
31,15,12671,00:00:02.7550000,10,4032,10458,32336752,32793525,0,32793525,175975141,208768666,1.8929222081426111,3.41229402018571,0.5613798499107361,2,10,6,1.5
31,16,13014,00:00:04.9160000,10,7955,20239,64330395,65621681,0,65621681,337904456,403526137,1.9391356138882716,3.299978860406104,0.5857542753219604,2,10,6,1.5
31,17,13347,00:00:08.9510000,12,15749,39363,127924974,131250740,0,131250740,652343935,783594675,1.9821462539441281,3.2696685296417436,0.5950517058372498,2,12,8,1.375
31,18,13671,00:00:18.4790000,14,31293,76817,253639036,262366288,0,262366288,1264136306,1526502594,2.0240034542632466,3.3142390726622644,0.6094719767570496,2,14,8,1.625
31,19,13986,00:00:49.6830000,17,61127,149375,502108097,524319467,0,524319467,2452716467,2977035934,2.0701574665106426,3.4585253589339953,0.5984249711036682,2,17,11,1.4545455
31,20,14292,00:01:52.9840000,28,120186,291053,1001694917,1049284556,0,1049284556,4761092281,5810376837,2.131952674169355,3.7815956962949153,0.5707429647445679,3,28,21,1.2857143
32,0,7605,00:00:00.0760000,1,1,1,1006,1006,0,1006,10855,11861,1,1,0,0,1,1,0
32,1,8334,00:00:00.0910000,1,1,1,2002,2002,0,2002,21227,23229,1,1,0,0,1,1,0
32,2,8947,00:00:00.1140000,1,1,2,4009,4009,0,4009,39290,43299,1,1,0,0,1,1,0
32,3,9607,00:00:00.1240000,3,4,6,8000,8002,0,8002,76558,84560,1.00475,1.0095561381994056,0,1,3,2,1
32,4,10289,00:00:00.1420000,3,4,7,16028,16030,0,16030,154351,170381,1.0081731969054155,1.0165133659255976,0.007462963927537203,1,3,2,1
32,5,10986,00:00:00.1520000,4,7,13,32073,32078,0,32078,314767,346845,1.0196426901131792,1.0402944852945033,0.016018493101000786,1,4,3,1
32,6,11625,00:00:00.1630000,4,11,28,64073,64100,0,64100,607907,672007,1.0426388650445586,1.0901148708346198,0.034780241549015045,1,4,3,1
32,7,12251,00:00:00.1800000,5,29,57,127898,128132,0,128132,1188213,1316345,1.082135764437286,1.1828704091518913,0.05564210191369057,1,5,4,1
32,8,12851,00:00:00.2090000,6,42,124,255428,256054,0,256054,2292131,2548185,1.145493054794306,1.3526730788114718,0.08820126950740814,1,6,5,1
32,9,13426,00:00:00.2580000,6,79,233,509923,512458,0,512458,4401249,4913707,1.2419071114658489,1.6666087330629478,0.14542727172374725,1,6,5,1
32,10,13948,00:00:00.3420000,7,153,453,1017764,1025117,0,1025117,8229916,9255033,1.3641698861425635,2.1679430567593077,0.20043346285820007,1,7,6,1
32,11,14419,00:00:00.4900000,10,281,821,2035128,2050032,0,2050032,15156637,17206669,1.4952676195305652,2.7741839798597776,0.2519207000732422,2,10,7,1.2857143
32,12,14847,00:00:00.7020000,12,552,1584,4068741,4100140,0,4100140,27742747,31842887,1.6168271708619448,3.25693825003554,0.2823296785354614,2,12,9,1.2222222
32,13,15244,00:00:01.0970000,12,1087,2997,8119896,8203118,0,8203118,51111630,59314748,1.7219343696027634,3.435380516212052,0.32809409499168396,2,12,9,1.2222222
32,14,15618,00:00:01.7480000,13,2138,5628,16186314,16390232,0,16390232,95181386,111571618,1.8111520634036877,3.4005118007621915,0.365688681602478,2,13,9,1.3333334
32,15,15975,00:00:02.9780000,14,4059,10617,32312187,32815075,0,32815075,179345688,212160763,1.8866309173068354,3.3029487401164284,0.3784799873828888,2,14,10,1.3
32,16,16317,00:00:05.3460000,15,7932,20326,64361782,65644284,0,65644284,340765004,406409288,1.9534786497987269,3.247067341139346,0.3816870152950287,2,15,11,1.2727273
32,17,16646,00:00:12.8080000,17,15396,38980,128189304,131330728,0,131330728,651447609,782778337,2.0174915841652434,3.282969189608935,0.37746840715408325,2,17,13,1.2307693
32,18,16962,00:00:29.7720000,19,30676,75354,254509571,262345801,0,262345801,1247792273,1510138074,2.082597408488029,3.4179569525004627,0.37499934434890747,2,19,14,1.2857143
32,19,17267,00:01:02.0860000,21,59999,145900,505828807,525106364,0,525106364,2398713452,2923819816,2.1555226272433314,3.6645104297376374,0.38133081793785095,2,21,16,1.25
32,20,17559,00:02:01.7190000,26,118535,282214,1006012269,1049852105,0,1049852105,4602113744,5651965849,2.2374087040085593,4.0371998414675225,0.37024158239364624,2,26,21,1.1904762
33,0,6238,00:00:00.0860000,1,1,2,1004,1004,0,1004,11543,12547,1,1,0,0,1,1,0
33,1,6910,00:00:00.1020000,1,1,2,2006,2006,0,2006,21232,23238,1,1,0,0,1,1,0
33,2,7601,00:00:00.1300000,1,1,3,4006,4006,0,4006,40453,44459,1,1,0,0,1,1,0
33,3,8321,00:00:00.1390000,1,2,4,8017,8018,0,8018,83148,91166,1,1,0,0,1,1,0
33,4,9052,00:00:00.1490000,1,1,5,16001,16001,0,16001,167692,183693,1,1,0,0,1,1,0
33,5,9760,00:00:00.1590000,1,3,11,32014,32016,0,32016,328754,360770,1,1,0,0,1,1,0
33,6,10428,00:00:00.1720000,1,11,28,64053,64079,0,64079,638458,702537,1,1,0,0,1,1,0
33,7,11113,00:00:00.1910000,1,16,52,127869,128036,0,128036,1267460,1395496,1,1,0,0,1,1,0
33,8,11793,00:00:00.2260000,1,47,124,255510,256317,0,256317,2519542,2775859,1,1,0,0,1,1,0
33,9,12482,00:00:00.2880000,2,81,263,509786,512266,0,512266,5060555,5572821,1.0021087279760528,1.0042263991566862,0,1,2,1,1
33,10,13169,00:00:00.4050000,4,175,547,1015847,1024460,0,1024460,10136153,11160613,1.0078249972682893,1.0158084937912195,0.006756709422916174,1,4,3,1
33,11,13849,00:00:00.6680000,8,339,1127,2021914,2049541,0,2049541,20169249,22218790,1.0206710077678873,1.0425399681072798,0.017168084159493446,1,8,7,1
33,12,14507,00:00:01.1240000,17,670,2245,4040654,4098781,0,4098781,39545984,43644765,1.060441948258871,1.1237730717960972,0.04612836241722107,2,17,15,1.0666667
33,13,15127,00:00:01.9060000,22,1189,4209,8025652,8197561,0,8197561,76048677,84246238,1.1342399346495462,1.2858773986513186,0.09214536845684052,2,22,19,1.1052631
33,14,15684,00:00:03.2430000,27,2368,7921,15906999,16385386,0,16385386,141359847,157745233,1.271666013180739,1.6429729457940112,0.1598334014415741,2,27,24,1.0833334
33,15,16164,00:00:05.4670000,37,4508,14343,31765979,32789861,0,32789861,253671027,286460888,1.4982644167837547,2.4212992830128743,0.20029841363430023,3,37,32,1.125
33,16,16564,00:00:11.2440000,38,8478,25184,63049418,65545627,0,65545627,440738146,506283773,1.7734071867245467,3.655517261177473,0.2396843433380127,3,38,33,1.1212121
33,17,16902,00:00:22.8800000,40,16066,44348,125819764,131197256,0,131197256,757227520,888424776,2.0597103170532094,4.627347133885329,0.25513941049575806,3,40,34,1.1470588
33,18,17195,00:00:40.8970000,40,30539,78584,251297025,262629288,0,262629288,1307399925,1570029213,2.3203473419552023,4.435492809106549,0.253305584192276,3,40,33,1.1818181
33,19,17457,00:01:09.4060000,39,58184,140780,501957326,525570558,0,525570558,2293548907,2819119465,2.5420093918501747,3.7592727331080615,0.24049942195415497,3,39,31,1.2258065
33,20,17697,00:01:56.4550000,38,111965,257475,1003174613,1050879271,0,1050879271,4102630762,5153510033,2.731595115635168,3.2326779862309185,0.20030534267425537,3,38,28,1.3214285
34,0,4265,00:00:00.0470000,1,1,1,1002,1002,0,1002,9556,10558,1,1,0,0,1,1,0
34,1,5157,00:00:00.0620000,1,1,2,2001,2001,0,2001,22911,24912,1,1,0,0,1,1,0
34,2,5900,00:00:00.0850000,1,2,4,4005,4006,0,4006,44749,48755,1,1,0,0,1,1,0
34,3,6558,00:00:00.0930000,3,3,8,8014,8014,0,8014,82659,90673,1.0032443224357375,1.0065149373933693,0,1,3,2,1
34,4,7268,00:00:00.1110000,3,3,8,16018,16018,0,16018,163605,179623,1.0283431139967536,1.058513828850283,0.01580994203686714,1,3,2,1
34,5,7938,00:00:00.1200000,3,4,16,32028,32037,0,32037,316329,348366,1.055295366554265,1.1173191951460233,0.024783611297607422,1,3,2,1
34,6,8579,00:00:00.1310000,3,5,24,64042,64045,0,64045,609587,673632,1.108990974672871,1.24346415847498,0.040329936891794205,1,3,2,1
34,7,9178,00:00:00.1450000,3,20,58,128033,128111,0,128111,1158314,1286425,1.1918645974084807,1.4604196953892372,0.07431583851575851,1,3,2,1
34,8,9722,00:00:00.1680000,3,34,121,255971,256252,0,256252,2154140,2410392,1.2972641432037222,1.7557634254759262,0.11702676862478256,1,3,2,1
34,9,10216,00:00:00.2060000,3,67,234,511620,512586,0,512586,3977919,4490505,1.4231421758336265,2.0525156884726163,0.16142809391021729,1,3,2,1
34,10,10668,00:00:00.2710000,3,142,431,1021476,1025183,0,1025183,7306729,8331912,1.54430647416092,2.1599682585384263,0.20859110355377197,1,3,2,1
34,11,11085,00:00:00.3800000,4,276,770,2040452,2050952,0,2050952,13447867,15498819,1.6543104174957313,2.0576727072933627,0.2514762580394745,2,4,2,1.5
34,12,11475,00:00:00.5970000,5,512,1419,4075775,4102609,0,4102609,24939679,29042288,1.7469141451625765,1.8676689418832804,0.28556498885154724,2,5,3,1.3333334
34,13,11845,00:00:00.9540000,6,1019,2689,8121322,8195351,0,8195351,46765051,54960402,1.821776429995018,1.6889778210429458,0.31734535098075867,2,6,3,1.6666666
34,14,12202,00:00:01.5440000,8,1978,5168,16237699,16412395,0,16412395,88889280,105301675,1.8833290973062131,1.565078821418885,0.33713090419769287,2,8,5,1.4
34,15,12546,00:00:02.5950000,11,3902,9934,32394345,32778826,0,32778826,170069604,202848430,1.9355440895625455,1.4952837139354016,0.3492872416973114,2,11,8,1.25
34,16,12881,00:00:04.6000000,11,7624,19363,64469840,65574322,0,65574322,328105156,393679478,1.9787596029399173,1.4622621672740184,0.3577767014503479,2,11,8,1.25
34,17,13207,00:00:08.5350000,12,15322,37814,128100646,131135669,0,131135669,635714516,766850185,2.021228331666649,1.474327795978997,0.3628349006175995,2,12,9,1.2222222
34,18,13524,00:00:20.8710000,16,30433,74336,255128066,262357500,0,262357500,1233781453,1496138953,2.07266108856875,1.5456728701382447,0.36366036534309387,3,16,12,1.25
34,19,13831,00:00:51.6410000,19,60438,145788,506078033,524337855,0,524337855,2391818343,2916156198,2.1310866460785505,1.6744556540038091,0.3623332381248474,3,19,15,1.2
34,20,14128,00:01:51.2390000,22,119433,284458,1005146058,1050761226,0,1050761226,4633087201,5683848427,2.2017892925965192,1.889442005392831,0.3613918423652649,3,22,18,1.1666666
35,0,6508,00:00:00.1040000,2,2,2,1002,1002,0,1002,11741,12743,1.001996007984032,1.0039999291840536,0,1,2,1,1
35,1,7170,00:00:00.1210000,1,1,3,2007,2007,0,2007,21377,23384,1,1,0,0,1,1,0
35,2,7768,00:00:00.1460000,1,1,3,4002,4002,0,4002,38704,42706,1,1,0,0,1,1,0
35,3,8466,00:00:00.1560000,1,1,3,8003,8003,0,8003,78736,86739,1,1,0,0,1,1,0
35,4,9119,00:00:00.1650000,1,3,7,16010,16013,0,16013,154545,170558,1,1,0,0,1,1,0
35,5,9820,00:00:00.1760000,1,3,17,32009,32024,0,32024,314797,346821,1,1,0,0,1,1,0
35,6,10536,00:00:00.1920000,1,9,40,64012,64065,0,64065,644790,708855,1,1,0,0,1,1,0
35,7,11224,00:00:00.2150000,1,19,75,127843,128080,0,128080,1279588,1407668,1,1,0,0,1,1,0
35,8,11907,00:00:00.2530000,2,40,157,255198,256151,0,256151,2535435,2791586,1.0010619205479667,1.002126088021275,0,1,2,1,1
35,9,12594,00:00:00.3220000,4,85,298,509385,512494,0,512494,5069975,5582469,1.0056420978238465,1.0113682242006272,0.005225541535764933,1,4,3,1
35,10,13272,00:00:00.4550000,7,161,573,1016773,1024874,0,1024874,10085777,11110651,1.0162602665491707,1.0332689793093404,0.014863036572933197,1,7,6,1
35,11,13943,00:00:00.7130000,12,316,1089,2031819,2050175,0,2050175,19978254,22028429,1.0405700507771607,1.0860541749568922,0.035473670810461044,1,12,11,1
35,12,14588,00:00:01.1060000,15,630,2134,4042502,4096581,0,4096581,38983997,43080578,1.083502741618928,1.1891170970337408,0.07109898328781128,1,15,14,1
35,13,15196,00:00:01.8450000,20,1240,4094,8059786,8197343,0,8197343,74749632,82946975,1.1572349439550877,1.4016513916072015,0.12878839671611786,1,20,19,1
35,14,15754,00:00:03.1480000,26,2390,7737,16045177,16395287,0,16395287,140371732,156767019,1.2615371584869397,1.806211100695721,0.20499908924102783,1,26,25,1
35,15,16258,00:00:05.5500000,32,4691,14549,31927573,32772922,0,32772922,258758018,291530940,1.3864872535096857,2.5390962728903386,0.2933230400085449,1,32,31,1
35,16,16714,00:00:13.5440000,36,8920,27053,63358679,65565932,0,65565932,473001515,538567447,1.5169442689927295,3.738667159290047,0.38652998208999634,2,36,33,1.060606
35,17,17131,00:00:29.1050000,39,17439,50236,125689860,131299184,0,131299184,865515468,996814652,1.6376934145682078,5.469089137079499,0.46605557203292847,2,39,36,1.0555556
35,18,17516,00:00:55.9020000,46,33474,93146,249852681,262401023,0,262401023,1590877754,1853278777,1.7523541562477771,7.587882606778233,0.5326981544494629,2,46,39,1.1538461
35,19,17877,00:01:40.9090000,48,65052,174307,494072721,525084892,0,525084892,2951871525,3476956417,1.8477414036384332,9.508161559432873,0.5824801325798035,2,48,41,1.1463414
35,20,18217,00:03:00.9160000,55,125725,327864,978582246,1048612604,0,1048612604,5514893380,6563505984,1.94260893120679,11.143524434221705,0.6219442486763,3,55,44,1.2272727
36,0,4218,00:00:00.0550000,1,1,1,1005,1005,0,1005,8596,9601,1,1,0,0,1,1,0
36,1,4745,00:00:00.0690000,1,1,2,2001,2001,0,2001,16649,18650,1,1,0,0,1,1,0
36,2,5369,00:00:00.0930000,1,2,4,4010,4011,0,4011,34715,38726,1,1,0,0,1,1,0
36,3,6079,00:00:00.1010000,1,1,4,8008,8008,0,8008,76010,84018,1,1,0,0,1,1,0
36,4,6748,00:00:00.1090000,1,3,10,16000,16003,0,16003,151599,167602,1,1,0,0,1,1,0
36,5,7442,00:00:00.1200000,1,4,19,31982,32002,0,32002,312935,344937,1,1,0,0,1,1,0
36,6,8138,00:00:00.1340000,2,6,33,64084,64116,0,64116,637031,701147,1.001404406716185,1.0028127539636589,0,1,2,1,1
36,7,8827,00:00:00.1550000,2,20,74,127856,128052,0,128052,1271564,1399616,1.0030894130897259,1.0061979447526512,0,1,2,1,1
36,8,9499,00:00:00.1880000,3,38,143,255304,256006,0,256006,2511764,2767770,1.0065529721430138,1.0132098577131092,0.005159118678420782,1,3,2,1
36,9,10178,00:00:00.2590000,5,73,269,510271,512359,0,512359,5016417,5528776,1.015162531282397,1.0309317015288628,0.012152181938290596,1,5,4,1
36,10,10852,00:00:00.3710000,7,176,570,1017072,1024376,0,1024376,9986301,11010677,1.0353386977519783,1.0717895542813136,0.026534950360655785,2,7,5,1.2
36,11,11502,00:00:00.6150000,9,330,1115,2025306,2049485,0,2049485,19582713,21632198,1.0756349904656384,1.1570064981038797,0.05093900114297867,2,9,7,1.1428572
36,12,12111,00:00:01.0150000,16,620,2064,4055018,4100627,0,4100627,37511416,41612043,1.162905812008726,1.363040417379552,0.09368053823709488,2,16,14,1.0714285
36,13,12659,00:00:01.6790000,18,1161,3889,8061543,8197685,0,8197685,69648307,77845992,1.3085581755254547,1.771314925625283,0.15712034702301025,2,18,16,1.0625
36,14,13130,00:00:02.7020000,20,2239,7045,16048048,16406913,0,16406913,124756172,141163085,1.5295135582844717,2.556891127285617,0.22920219600200653,3,20,17,1.117647
36,15,13525,00:00:04.2340000,23,4288,12421,32003445,32821898,0,32821898,217249635,250071533,1.7983032139196264,3.656317262176985,0.2814146876335144,3,23,19,1.1578947
36,16,13859,00:00:06.5380000,25,7991,21834,63811861,65623486,0,65623486,373824129,439447615,2.075330572164319,4.224933634017536,0.2978704273700714,3,25,21,1.1428572
36,17,14149,00:00:11.0340000,28,15047,38484,127633410,131185023,0,131185023,646018019,777203042,2.3401996389503346,3.8837010727826793,0.29552724957466125,4,28,21,1.2857143
36,18,14408,00:00:23.1180000,27,28792,69292,255014212,262606056,0,262606056,1132904169,1395510225,2.571534005328299,3.3051448308789357,0.2737279236316681,4,27,20,1.3
36,19,14643,00:00:44.8660000,28,55481,126611,509452282,524572140,0,524572140,2016940090,2541512230,2.77729959015082,2.9340122588883006,0.2370358109474182,4,28,21,1.2857143
36,20,14861,00:01:22.2450000,26,108269,235431,1018485949,1051370909,0,1051370909,3659040758,4710411667,2.971187548508831,2.769771847588176,0.20810025930404663,4,26,19,1.3157895
37,0,5118,00:00:00.0610000,1,1,2,1001,1001,0,1001,9865,10866,1,1,0,0,1,1,0
37,1,5727,00:00:00.0750000,1,1,2,2008,2008,0,2008,18441,20449,1,1,0,0,1,1,0
37,2,6496,00:00:00.1000000,1,1,4,4014,4014,0,4014,40603,44617,1,1,0,0,1,1,0
37,3,7276,00:00:00.1090000,1,2,6,8009,8010,0,8010,85239,93249,1,1,0,0,1,1,0
37,4,7964,00:00:00.1180000,1,3,12,16020,16025,0,16025,165703,181728,1,1,0,0,1,1,0
37,5,8627,00:00:00.1290000,2,5,22,32033,32049,0,32049,317191,349240,1.001030187619018,1.0020625360471889,0,1,2,1,1
37,6,9320,00:00:00.1440000,2,6,36,63962,64081,0,64081,634384,698465,1.0043775991995247,1.0087935324425927,0,1,2,1,1
37,7,10018,00:00:00.1630000,4,20,68,127983,128051,0,128051,1279455,1407506,1.015173890282303,1.0309300188297326,0.011748234741389751,1,4,3,1
37,8,10685,00:00:00.2080000,4,42,150,255820,256231,0,256231,2513459,2769690,1.028836682042061,1.0597990140664126,0.022574368864297867,1,4,3,1
37,9,11350,00:00:00.2670000,4,81,279,510673,512518,0,512518,4969955,5482473,1.0594157122072245,1.1279735295129865,0.04512449726462364,1,4,3,1
37,10,11982,00:00:00.3720000,6,163,536,1019677,1024671,0,1024671,9625029,10649700,1.1137644567838638,1.2624981094343546,0.06543242931365967,1,6,5,1
37,11,12571,00:00:00.5740000,7,323,984,2033691,2049533,0,2049533,18281371,20330904,1.1973490564692473,1.5056915891839266,0.1054910272359848,1,7,6,1
37,12,13108,00:00:00.8790000,10,615,1873,4054516,4097237,0,4097237,34063999,38161236,1.3116076000193364,1.9090474215697648,0.14885489642620087,2,10,8,1.125
37,13,13594,00:00:01.4340000,11,1162,3540,8060486,8192105,0,8192105,62600155,70792260,1.4416568678365052,2.434207229818291,0.20968681573867798,2,11,8,1.25
37,14,14033,00:00:02.3150000,14,2196,6535,16067817,16384123,0,16384123,114154542,130538665,1.5765393021341978,2.9333537663798723,0.2518931031227112,2,14,11,1.1818181
37,15,14436,00:00:03.8570000,15,4264,12082,31972304,32819330,0,32819330,208984778,241804108,1.7014005309095022,3.208527466229137,0.29542213678359985,2,15,12,1.1666666
37,16,14808,00:00:06.6360000,20,8205,22304,63694402,65553394,0,65553394,384120276,449673670,1.8203421079296733,3.325792979389258,0.314523845911026,2,20,17,1.117647
37,17,15156,00:00:15.8680000,23,15793,41714,126808544,131221210,0,131221210,711882675,843103885,1.9294084553167017,3.3920468795524505,0.32425981760025024,3,23,19,1.1578947
37,18,15483,00:00:34.9980000,28,31164,79177,252620862,262475438,0,262475438,1328105940,1590581378,2.0384576670473082,3.5541735298606243,0.3339303433895111,3,28,23,1.173913
37,19,15791,00:01:09.1350000,33,60630,150181,503437610,524598037,0,524598037,2488724837,3013322874,2.1502245710247987,3.8813620689350072,0.34745609760284424,3,33,28,1.1428572
37,20,16082,00:02:11.0550000,33,118163,285994,998745129,1049646977,0,1049646977,4681602608,5731249585,2.2616987071183003,4.35683363919464,0.3646942675113678,3,33,27,1.1851852
38,0,3697,00:00:00.0440000,1,1,3,1003,1003,0,1003,11081,12084,1,1,0,0,1,1,0
38,1,4409,00:00:00.0590000,1,1,3,2003,2003,0,2003,21276,23279,1,1,0,0,1,1,0
38,2,5109,00:00:00.0840000,1,1,5,4002,4002,0,4002,41152,45154,1,1,0,0,1,1,0
38,3,5806,00:00:00.0930000,2,3,9,8001,8003,0,8003,80854,88857,1.0022497187851518,1.004509557776164,0,1,2,1,1
38,4,6528,00:00:00.1040000,3,5,16,16011,16019,0,16019,165123,181142,1.0045593654362626,1.009170117542768,0,1,3,2,1
38,5,7196,00:00:00.1240000,3,7,25,32017,32036,0,32036,318994,351030,1.0108379923165818,1.021971718929411,0.00860192347317934,1,3,2,1
38,6,7852,00:00:00.1400000,3,16,52,63867,64040,0,64040,620446,684486,1.0171136893857549,1.034957870404355,0.015568007715046406,1,3,2,1
38,7,8515,00:00:00.1650000,5,28,90,127774,128167,0,128167,1227916,1356083,1.0400942288728536,1.084451318917143,0.028644869104027748,1,5,4,1
38,8,9162,00:00:00.2000000,8,46,161,255549,256147,0,256147,2422916,2679063,1.0833969219210406,1.182844946934859,0.05175508186221123,2,8,6,1.1666666
38,9,9777,00:00:00.2550000,8,74,279,509864,512243,0,512243,4686150,5198393,1.1579617309713963,1.3778682502883068,0.09866552799940109,2,8,6,1.1666666
38,10,10342,00:00:00.3420000,10,151,511,1017732,1024368,0,1024368,8834314,9858682,1.2752895654258685,1.7448148708265714,0.15711447596549988,2,10,7,1.2857143
38,11,10839,00:00:00.5000000,13,305,918,2034199,2048774,0,2048774,16129238,18178012,1.4346713374650168,2.3853373564112386,0.2084333747625351,2,13,10,1.2
38,12,11274,00:00:00.7260000,16,538,1624,4068986,4096072,0,4096072,28870037,32966109,1.6264553380129594,3.334267628204694,0.26736560463905334,2,16,12,1.25
38,13,11657,00:00:01.1030000,16,1006,2942,8131800,8205856,0,8205856,51342213,59548069,1.8256964017806636,4.3285558213738335,0.31956204771995544,2,16,12,1.25
38,14,11996,00:00:01.6800000,17,2041,5390,16228792,16407859,0,16407859,91176301,107584160,2.0219057586048303,4.874897994577017,0.3536876440048218,3,17,12,1.3333334
38,15,12302,00:00:02.6480000,19,3815,9792,32427755,32784642,0,32784642,163105416,195890058,2.203435853021586,4.702673889376212,0.36749523878097534,3,19,14,1.2857143
38,16,12584,00:00:04.6670000,19,7359,17943,64779956,65632680,0,65632680,295788991,361421671,2.3617624871495746,4.078315181168725,0.3672937750816345,3,19,14,1.2857143
38,17,12847,00:00:11.1060000,19,14428,33719,129300621,131338809,0,131338809,543695729,675034538,2.4999790217558195,3.4203313636807122,0.3682993948459625,4,19,13,1.3846154
38,18,13095,00:00:22.9100000,19,28238,63780,257671740,262300943,0,262300943,1011301644,1273602587,2.618119398735771,2.90218736585549,0.35920029878616333,4,19,13,1.3846154
38,19,13332,00:00:44.3920000,17,55358,121704,512827758,524324702,0,524324702,1904396107,2428720809,2.720738088440213,2.527837469752201,0.34975671768188477,4,17,12,1.3333334
38,20,13560,00:01:23.7320000,18,108441,233727,1025202344,1049858095,0,1049858095,3623597112,4673455207,2.814655443277059,2.3012012645457696,0.3232748508453369,4,18,13,1.3076923
3,0,4650,00:00:00.0660000,1,1,3,1002,1002,0,1002,10638,11640,1,1,0,0,1,1,0
3,1,5254,00:00:00.0810000,1,1,3,2004,2004,0,2004,18826,20830,1,1,0,0,1,1,0
3,2,5978,00:00:00.1070000,1,2,5,4000,4001,0,4001,39785,43786,1,1,0,0,1,1,0
3,3,6609,00:00:00.1160000,2,2,8,8023,8023,0,8023,75778,83801,1.0022435497943412,1.0044972241842154,0,1,2,1,1
3,4,7312,00:00:00.1280000,2,2,12,16017,16017,0,16017,156216,172233,1.001748142598489,1.0035024012419862,0,1,2,1,1
3,5,7967,00:00:00.1390000,2,4,15,32003,32012,0,32012,308512,340524,1.0022497890822735,1.0045096774731972,0,1,2,1,1
3,6,8682,00:00:00.1530000,2,8,32,63975,64001,0,64001,642347,706348,1.0073153575615474,1.0147376917204158,0,1,2,1,1
3,7,9352,00:00:00.1720000,2,14,55,127798,128025,0,128025,1260916,1388941,1.01230848683078,1.0249198596777402,0,1,2,1,1
3,8,10034,00:00:00.2030000,4,41,118,255498,256113,0,256113,2521927,2778040,1.0292683308675605,1.0603900088972522,0.008786664344370365,1,4,3,1
3,9,10698,00:00:00.2680000,5,68,247,510459,512460,0,512460,4977910,5490370,1.0575913050803296,1.122460135904302,0.016328150406479836,1,5,4,1
3,10,11332,00:00:00.3640000,7,155,498,1019393,1024979,0,1024979,9642021,10667000,1.1123658883276617,1.2530942102880194,0.03129613772034645,1,7,6,1
3,11,11924,00:00:00.5600000,10,319,1022,2034498,2048534,0,2048534,18359757,20408291,1.1981766509478013,1.4823249649310257,0.05419185012578964,2,10,8,1.125
3,12,12463,00:00:00.8900000,11,597,1906,4051462,4097605,0,4097605,34219755,38317360,1.3118345920559047,1.8162838190803774,0.08197828382253647,2,11,9,1.1111112
3,13,12949,00:00:01.4530000,14,1155,3531,8073638,8193644,0,8193644,62740997,70934641,1.4487989181580845,2.189484410483023,0.11174970865249634,2,14,12,1.0833334
3,14,13387,00:00:02.3000000,19,2174,6506,16161348,16401689,0,16401689,114196143,130597832,1.5926051465508941,2.4391985078407745,0.13643553853034973,2,19,16,1.125
3,15,13785,00:00:03.7770000,21,4102,11816,32213629,32793288,0,32793288,207819469,240612757,1.7292680995363794,2.493749704818672,0.15813857316970825,2,21,18,1.1111112
3,16,14151,00:00:06.2400000,21,8048,22100,64058915,65556849,0,65556849,380045082,445601931,1.8555131007136165,2.471010537547127,0.17431390285491943,2,21,18,1.1111112
3,17,14492,00:00:10.6350000,23,15881,41752,127799573,131224688,0,131224688,701125933,832350621,1.9777617488596773,2.510666415566576,0.18446515500545502,2,23,20,1.1
3,18,14811,00:00:19.9660000,24,30988,78580,254356496,262545748,0,262545748,1302370730,1564916478,2.0936864926775844,2.6476953880434206,0.19188758730888367,2,24,21,1.0952381
3,19,15111,00:00:46.4510000,25,60641,148644,505874174,525244957,0,525244957,2433696339,2958941296,2.2057387792245744,2.9035875093774886,0.19872018694877625,2,25,22,1.0909091
3,20,15394,00:01:39.9800000,28,117387,281546,1006143687,1049510471,0,1049510471,4567813641,5617324112,2.314886689737785,3.27877600278741,0.2059912085533142,2,28,24,1.125
39,0,5610,00:00:00.0610000,1,1,2,1010,1010,0,1010,10094,11104,1,1,0,0,1,1,0
39,1,6174,00:00:00.0740000,1,1,2,2001,2001,0,2001,18202,20203,1,1,0,0,1,1,0
39,2,6779,00:00:00.0960000,1,1,2,4008,4008,0,4008,35728,39736,1,1,0,0,1,1,0
39,3,7524,00:00:00.1030000,2,2,3,8004,8004,0,8004,79823,87827,1.0011244377811095,1.0022514119875752,0,1,2,1,1
39,4,8221,00:00:00.1120000,2,5,7,16050,16058,0,16058,160264,176322,1.001993769470405,1.0039955009758446,0,1,2,1,1
39,5,8917,00:00:00.1230000,2,6,12,31970,32025,0,32025,323131,355156,1.0023459493274944,1.0047028456329006,0,1,2,1,1
39,6,9593,00:00:00.1350000,4,10,30,63941,64006,0,64006,632201,696207,1.0085704008382728,1.0173332554423953,0.006657203193753958,1,4,3,1
39,7,10274,00:00:00.1630000,5,26,76,128003,128085,0,128085,1259181,1387266,1.017749583994125,1.0363305618614496,0.01422189362347126,1,5,4,1
39,8,10957,00:00:00.1970000,5,45,140,255946,256305,0,256305,2523615,2779920,1.0373985137489938,1.0786314191673483,0.03209612891077995,1,5,4,1
39,9,11607,00:00:00.2540000,5,87,297,510440,512486,0,512486,4915366,5427852,1.07400869837787,1.1635837916182261,0.06351185590028763,1,5,4,1
39,10,12224,00:00:00.3690000,6,154,548,1017266,1024319,0,1024319,9447966,10472285,1.1411105846455105,1.3391558345772046,0.118146151304245,2,6,4,1.25
39,11,12796,00:00:00.5410000,7,293,1014,2026251,2048397,0,2048397,17852908,19901305,1.2393933426806452,1.656466230375184,0.17427271604537964,2,7,5,1.2
39,12,13314,00:00:00.8240000,13,573,1854,4054983,4098083,0,4098083,33070383,37168466,1.3708713452066261,2.211321825163258,0.19335198402404785,2,13,11,1.0909091
39,13,13777,00:00:01.3160000,15,1126,3435,8076699,8192844,0,8192844,60247950,68440794,1.5149098660232354,2.967299606357057,0.24224552512168884,2,15,13,1.0769231
39,14,14193,00:00:02.1110000,18,2233,6348,16125971,16387096,0,16387096,109095060,125482156,1.665605376569262,3.8085577592726163,0.2843364477157593,2,18,15,1.1333333
39,15,14573,00:00:03.5150000,21,4292,11773,32236757,32813773,0,32813773,198432320,231246093,1.811882845411528,4.494045272529507,0.3091001808643341,2,21,17,1.1764706
39,16,14921,00:00:05.8450000,21,8166,21478,64188450,65667376,0,65667376,362272054,427939430,1.9490092843806013,4.890783024259274,0.3240485191345215,2,21,17,1.1764706
39,17,15243,00:00:09.9480000,25,15766,39986,128188629,131289692,0,131289692,665622266,796911958,2.085417740133565,5.0842024409766475,0.32320162653923035,3,25,19,1.2631578
39,18,15543,00:00:21.0800000,25,30158,74461,254767160,262199052,0,262199052,1230548079,1492747131,2.2125562336998224,5.009000478424377,0.3202797770500183,3,25,19,1.2631578
39,19,15826,00:00:47.1200000,26,58991,140823,508063319,525389122,0,525389122,2297244369,2822633491,2.3341119082048905,4.708004923086687,0.3062424659729004,3,26,20,1.25
39,20,16092,00:01:35.3030000,26,115359,267789,1008387674,1049073901,0,1049073901,4302785942,5351859843,2.44886687399156,4.246537700751227,0.2959223985671997,3,26,20,1.25
40,0,4972,00:00:00.1860000,1,1,2,1002,1002,0,1002,9060,10062,1,1,0,0,1,1,0
40,1,5890,00:00:00.2360000,1,1,3,2009,2009,0,2009,22408,24417,1,1,0,0,1,1,0
40,2,6662,00:00:00.2980000,1,1,3,4003,4003,0,4003,44637,48640,1,1,0,0,1,1,0
40,3,7366,00:00:00.3210000,1,2,5,8001,8003,0,8003,85112,93115,1,1,0,0,1,1,0
40,4,8024,00:00:00.3460000,2,3,10,16022,16028,0,16028,160170,176198,1.0014355261515415,1.0028751579150241,0,1,2,1,1
40,5,8678,00:00:00.3750000,1,3,15,32018,32047,0,32047,312283,344330,1,1,0,0,1,1,0
40,6,9359,00:00:00.4080000,2,9,38,64013,64027,0,64027,628133,692160,1.0015153172011935,1.0030352502258448,0,1,2,1,1
40,7,10057,00:00:00.4610000,2,15,73,128089,128165,0,128165,1271207,1399372,1.004434416694642,1.0089081397925457,0,1,2,1,1
40,8,10733,00:00:00.5390000,2,36,137,255844,256315,0,256315,2518018,2774333,1.0103422398023796,1.0208983578376232,0,1,2,1,1
40,9,11403,00:00:00.6060000,2,64,259,510659,512399,0,512399,4995087,5507486,1.0230055673159584,1.0470684261840146,0,1,2,1,1
40,10,12067,00:00:00.7520000,5,143,541,1021762,1024937,0,1024937,9898861,10923798,1.0527520107422277,1.1115475964932369,0.013748401775956154,1,5,4,1
40,11,12704,00:00:01.0040000,5,285,1076,2036598,2049096,0,2049096,19269951,21319047,1.1019288048009475,1.2265157179580777,0.027317887172102928,1,5,4,1
40,12,13302,00:00:01.4970000,7,623,2092,4061670,4098771,0,4098771,36869379,40968150,1.1824104370862232,1.4371302426408308,0.04577546939253807,1,7,6,1
40,13,13848,00:00:02.3970000,9,1182,3933,8093245,8202216,0,8202216,68969211,77171427,1.2894709106174347,1.7459048322298731,0.0691494345664978,1,9,8,1
40,14,14343,00:00:03.7850000,10,2292,7280,16072009,16395779,0,16395779,127175137,143570916,1.4156405089121094,2.078374293593195,0.09815369546413422,2,10,8,1.125
40,15,14792,00:00:06.7130000,16,4427,13379,32101804,32791615,0,32791615,232734654,265526269,1.5492430892668836,2.2921460609575095,0.11690463870763779,2,16,14,1.0714285
40,16,15202,00:00:14.8490000,18,8525,24646,63832955,65586457,0,65586457,425634634,491221091,1.6711875707461765,2.2776157626446323,0.13666287064552307,2,18,16,1.0625
40,17,15582,00:00:29.6490000,20,16831,45986,126856821,131164728,0,131164728,783432434,914597162,1.7812730937030181,2.16329100732192,0.15154382586479187,2,20,18,1.0555556
40,18,15939,00:00:55.7680000,26,32487,86282,253309574,262602612,0,262602612,1456370354,1718972966,1.883463003257824,2.088416893358101,0.15723398327827454,2,26,24,1.0416666
40,19,16275,00:01:41.4660000,27,63001,163131,501647305,524701615,0,524701615,2723305706,3248007321,1.976772497561808,2.0699195476845054,0.16187182068824768,3,27,24,1.0833334
40,20,16594,00:03:01.5540000,34,122746,309263,999766336,1050073597,0,1050073597,5128753277,6178826874,2.0762106306808072,2.1811611965247724,0.16272039711475372,3,34,30,1.1
41,0,6715,00:00:00.0650000,1,1,1,1003,1003,0,1003,9312,10315,1,1,0,0,1,1,0
41,1,7375,00:00:00.0780000,1,1,1,2003,2003,0,2003,19266,21269,1,1,0,0,1,1,0
41,2,7941,00:00:00.1010000,1,1,1,4004,4004,0,4004,35591,39595,1,1,0,0,1,1,0
41,3,8665,00:00:00.1080000,1,1,3,8007,8007,0,8007,77691,85698,1,1,0,0,1,1,0
41,4,9330,00:00:00.1150000,1,3,8,15994,16008,0,16008,154342,170350,1,1,0,0,1,1,0
41,5,10041,00:00:00.1250000,3,5,18,32006,32010,0,32010,318930,350940,1.0056551896519403,1.0113851486230492,0.004096006043255329,1,3,2,1
41,6,10728,00:00:00.1490000,2,12,39,63922,64054,0,64054,636022,700076,1.012092863176997,1.024478165610296,0,1,2,1,1
41,7,11410,00:00:00.1680000,5,19,65,127985,128123,0,128123,1262549,1390672,1.0227135992499121,1.0466195776355647,0.01006023958325386,1,5,4,1
41,8,12075,00:00:00.1990000,4,44,135,255205,256200,0,256200,2490197,2746397,1.0468760408299211,1.0987338901763124,0.019864315167069435,1,4,3,1
41,9,12712,00:00:00.2510000,6,80,259,509583,512137,0,512137,4833252,5345389,1.0932978533428312,1.2068837995818416,0.033964063972234726,1,6,5,1
41,10,13316,00:00:00.3600000,10,141,514,1019182,1024324,0,1024324,9264458,10288782,1.1713580106399053,1.4137038676083091,0.05688154324889183,1,10,9,1
41,11,13868,00:00:00.5250000,12,284,975,2034327,2048062,0,2048062,17355708,19403770,1.2783156296898188,1.7363169422246147,0.09119175374507904,2,12,10,1.1
41,12,14371,00:00:00.7970000,13,557,1824,4060005,4098542,0,4098542,32136449,36234991,1.405708121049112,2.1405680056702647,0.13096237182617188,2,13,11,1.0909091
41,13,14826,00:00:01.2790000,15,1077,3293,8099434,8200600,0,8200600,58869426,67070026,1.5396383253447092,2.4595005812670183,0.16559641063213348,2,15,13,1.0769231
41,14,15240,00:00:02.0470000,17,2142,6174,16157617,16411965,0,16411965,107586841,123998806,1.6650207143788591,2.5514314609477724,0.1989092081785202,2,17,13,1.2307693
41,15,15623,00:00:03.4180000,19,4085,11387,32178342,32804574,0,32804574,197768810,230573384,1.7784903274382502,2.4914170070502144,0.21846690773963928,2,19,15,1.2
41,16,15981,00:00:06.0220000,23,8082,21602,64221428,65589865,0,65589865,366407306,431997171,1.884087691105218,2.4266645125947814,0.23149608075618744,2,23,19,1.1578947
41,17,16319,00:00:14.1010000,25,15834,41003,127914871,131091899,0,131091899,684794145,815886044,1.9814681672156789,2.4219491226708048,0.23744429647922516,2,25,21,1.1428572
41,18,16640,00:00:32.0790000,26,30854,77779,254802899,262499838,0,262499838,1289795775,1552295613,2.0748612597221667,2.503775319946959,0.23768910765647888,2,26,22,1.1363636
41,19,16944,00:01:04.1280000,28,60667,148258,506425340,524534668,0,524534668,2435778828,2960313496,2.168864774815573,2.6853388006131733,0.2367285043001175,2,28,23,1.173913
41,20,17234,00:01:58.9600000,29,118781,283808,1005750018,1050336119,0,1050336119,4622897761,5673233880,2.2627547305696396,2.9353607061198064,0.23334982991218567,2,29,24,1.1666666
42,0,3543,00:00:00.0500000,1,1,1,1001,1001,0,1001,9526,10527,1,1,0,0,1,1,0
42,1,4127,00:00:00.0650000,1,1,1,2011,2011,0,2011,17995,20006,1,1,0,0,1,1,0
42,2,4845,00:00:00.0900000,1,1,3,4004,4004,0,4004,38530,42534,1,1,0,0,1,1,0
42,3,5440,00:00:00.0980000,1,2,5,8007,8011,0,8011,72248,80259,1,1,0,0,1,1,0
42,4,6125,00:00:00.1080000,2,3,9,16001,16003,0,16003,151021,167024,1.0023748515717767,1.0047609350966071,0,1,2,1,1
42,5,6838,00:00:00.1190000,2,5,14,31996,32001,0,32001,314493,346494,1.0027815976997125,1.005578613781675,0,1,2,1,1
42,6,7527,00:00:00.1320000,2,7,24,63971,64008,0,64008,634031,698039,1.0041893983211143,1.008413844337245,0,1,2,1,1
42,7,8200,00:00:00.1500000,2,23,64,127972,128112,0,128112,1252273,1380385,1.0089003844591005,1.0179592171432736,0,1,2,1,1
42,8,8887,00:00:00.1830000,2,42,137,255350,256057,0,256057,2516101,2772158,1.017740356373605,1.0361097690531589,0,1,2,1,1
42,9,9554,00:00:00.2410000,3,76,256,509756,512352,0,512352,4975154,5487506,1.0377337392791846,1.0784662085423207,0.010929647833108902,1,3,2,1
42,10,10198,00:00:00.3510000,5,166,525,1017247,1025199,0,1025199,9705095,10730294,1.0818513104486913,1.172963316071894,0.021927958354353905,2,5,3,1.3333334
42,11,10804,00:00:00.5650000,8,328,1051,2027874,2048439,0,2048439,18618128,20666567,1.166346133931398,1.3646676369881996,0.039497993886470795,2,8,6,1.1666666
42,12,11353,00:00:00.8900000,12,626,1955,4055379,4101550,0,4101550,34724508,38826058,1.304638604677886,1.7234911513119906,0.06805504858493805,2,12,10,1.1
42,13,11830,00:00:01.4200000,16,1125,3515,8095050,8193158,0,8193158,62670489,70863647,1.5006470620935015,2.312244848934861,0.09478913992643356,2,16,14,1.0714285
42,14,12239,00:00:02.1900000,16,2133,6227,16126163,16388226,0,16388226,110557974,126946200,1.7327608557596745,3.069066676190979,0.1279897540807724,2,16,14,1.0714285
42,15,12591,00:00:03.4520000,17,4105,11192,32169187,32774440,0,32774440,193018013,225792453,1.9697784404685141,3.74341560279279,0.15837784111499786,2,17,15,1.0666667
42,16,12902,00:00:05.4170000,17,7800,20105,64279298,65666398,0,65666398,339078301,404744699,2.1899216292001196,4.017629023505685,0.18553604185581207,3,17,14,1.1428572
42,17,13182,00:00:08.6920000,18,14912,36534,128192542,131147406,0,131147406,602450270,733597676,2.374962686986892,3.8835260142582464,0.1800108551979065,3,18,15,1.1333333
42,18,13442,00:00:18.1200000,17,28704,67462,255423490,262277809,0,262277809,1091793636,1354071445,2.5247807278805876,3.537545232328923,0.1936490684747696,3,17,14,1.1428572
42,19,13687,00:00:39.1150000,18,55958,126689,509532025,524338652,0,524338652,2014676348,2539015000,2.645519943520724,3.192826832302955,0.1833803802728653,3,18,15,1.1333333
42,20,13922,00:01:18.2820000,17,109648,241591,1016452168,1051127606,0,1051127606,3787964354,4839091960,2.741539918679184,2.8975345197661633,0.18952618539333344,3,17,14,1.1428572
43,0,5232,00:00:00.0600000,2,2,2,1003,1003,0,1003,7336,8339,1.7437686939182453,1.6159099901444787,0,1,2,1,1
43,1,5560,00:00:00.0720000,2,2,2,2004,2004,0,2004,12013,14017,1.8193612774451098,1.4204883718494807,0,1,2,1,1
43,2,5918,00:00:00.0910000,2,2,2,4005,4005,0,4005,22217,26222,1.8439450686641699,1.357595466729325,0,1,2,1,1
43,3,6262,00:00:00.0950000,2,2,2,8024,8024,0,8024,42477,50501,1.886964107676969,1.2508092773950756,0,1,2,1,1
43,4,6616,00:00:00.0990000,2,2,2,16023,16023,0,16023,83334,99357,1.9214878611995256,1.1691748728897802,0,1,2,1,1
43,5,6953,00:00:00.1030000,2,5,7,32025,32036,0,32036,161749,193785,1.9478844652615144,1.1096304433939395,0,1,2,1,1
43,6,7296,00:00:00.1080000,2,11,18,63927,64001,0,64001,321763,385764,1.9638650335538974,1.074874055928098,0,1,2,1,1
43,7,7636,00:00:00.1160000,2,21,46,127968,128166,0,128166,635391,763557,1.9768770317579394,1.047314078026458,0,1,2,1,1
43,8,7966,00:00:00.1290000,2,31,85,255627,256343,0,256343,1244325,1500668,1.9840275088312267,1.0324549626874326,0,1,2,1,1
43,9,8298,00:00:00.1490000,4,62,172,511009,512143,0,512143,2469660,2981803,1.9911782375652876,1.0276466807026137,0.0016116395127028227,2,4,2,1.5
43,10,8630,00:00:00.1950000,4,128,320,1021051,1024415,0,1024415,4920258,5944673,1.9951824149822095,1.0237609658734836,0.0033786857966333628,2,4,2,1.5
43,11,8961,00:00:00.2600000,4,227,593,2041969,2052423,0,2052423,9809120,11861543,1.9992649251776105,1.0218379760727878,0.0048960549756884575,2,4,2,1.5
43,12,9289,00:00:00.4030000,6,488,1198,4077494,4101391,0,4101391,19506461,23607852,2.005768984577292,1.0280959483502892,0.00868384912610054,2,6,4,1.25
43,13,9616,00:00:00.6700000,8,981,2373,8147927,8202729,0,8202729,38824991,47027720,2.014088491465375,1.0402766616867558,0.014713343232870102,2,8,6,1.1666666
43,14,9941,00:00:01.1830000,10,1915,4715,16270023,16392256,0,16392256,77231765,93624021,2.0279145272259296,1.0625702860590964,0.024908864870667458,3,10,7,1.2857143
43,15,10264,00:00:02.0820000,12,3806,9372,32552401,32833665,0,32833665,153568531,186402196,2.0473678423904893,1.0984145017308706,0.038478560745716095,3,12,9,1.2222222
43,16,10581,00:00:03.8580000,11,7530,18459,64697313,65584080,0,65584080,303305218,368889298,2.0758746812251694,1.147807953878389,0.05741054192185402,2,11,9,1.1111112
43,17,10892,00:00:07.5520000,11,14980,36436,128868261,131331525,0,131331525,596983240,728314765,2.119182573589629,1.2330814510180443,0.08484984934329987,2,11,9,1.1111112
43,18,11192,00:00:19.0230000,12,29734,71141,255853760,262318324,0,262318324,1163033479,1425351803,2.1877504907490906,1.376019635738874,0.11949094384908676,2,12,10,1.1
43,19,11479,00:00:45.5310000,18,58538,138228,511301006,524850348,0,524850348,2244619245,2769469593,2.296388088858953,1.6333155130401766,0.15530353784561157,2,18,15,1.1333333
43,20,11748,00:01:34.0060000,20,115570,266376,1016990997,1049543924,0,1049543924,4270352597,5319896521,2.4409379525706854,2.028391957700508,0.1990433931350708,2,20,17,1.117647
44,0,4696,00:00:00.0530000,1,1,1,1001,1001,0,1001,11042,12043,1,1,0,0,1,1,0
44,1,5494,00:00:00.0680000,1,2,2,2000,2001,0,2001,22931,24932,1,1,0,0,1,1,0
44,2,6164,00:00:00.0910000,1,1,3,4018,4018,0,4018,42629,46647,1,1,0,0,1,1,0
44,3,6831,00:00:00.0990000,1,2,7,8005,8006,0,8006,82036,90042,1,1,0,0,1,1,0
44,4,7550,00:00:00.1080000,1,3,12,16012,16017,0,16017,164722,180739,1,1,0,0,1,1,0
44,5,8208,00:00:00.1170000,1,4,18,32031,32051,0,32051,315392,347443,1,1,0,0,1,1,0
44,6,8899,00:00:00.1300000,1,10,37,63932,64017,0,64017,635433,699450,1,1,0,0,1,1,0
44,7,9592,00:00:00.1520000,3,23,75,127933,128105,0,128105,1271107,1399212,1.0030484706838736,1.0061201058962974,0.0025075841695070267,1,3,2,1
44,8,10291,00:00:00.1970000,3,50,142,255244,256212,0,256212,2560061,2816273,1.006131388005203,1.012354631337973,0.00516927195712924,1,3,2,1
44,9,10971,00:00:00.2600000,5,90,286,509224,512102,0,512102,5067686,5579788,1.0148716478406359,1.0303288191577475,0.011764297261834145,1,5,4,1
44,10,11645,00:00:00.3890000,6,172,568,1014175,1024658,0,1024658,10043176,11067834,1.0321502699238296,1.0671270564721835,0.02475006878376007,1,6,5,1
44,11,12293,00:00:00.5900000,12,297,1040,2025415,2050074,0,2050074,19602035,21652109,1.0709242303429174,1.1566962554705176,0.04994748532772064,1,12,11,1
44,12,12912,00:00:00.9870000,18,631,2077,4032965,4100210,0,4100210,37837450,41937660,1.1415276353749662,1.3388155497707945,0.0952163115143776,2,18,15,1.1333333
44,13,13474,00:00:01.6630000,29,1202,3867,8069062,8192239,0,8192239,70823514,79015753,1.2567371523480673,1.7125231934979037,0.16123300790786743,2,29,24,1.1666666
44,14,13978,00:00:02.7810000,33,2379,7265,16105178,16395379,0,16395379,129925036,146320415,1.409527109852496,2.3888861236660794,0.24417273700237274,2,33,27,1.1851852
44,15,14422,00:00:04.5950000,34,4500,13303,32041714,32809323,0,32809323,234133223,266942546,1.5902068160273823,3.542203920752203,0.33212658762931824,2,34,28,1.1785715
44,16,14811,00:00:07.6700000,34,8491,24213,63577362,65549884,0,65549884,416702008,482251892,1.7829125719308707,5.251182956388697,0.4126394987106323,2,34,28,1.1785715
44,17,15158,00:00:17.2020000,35,16000,43623,126680941,131342571,0,131342571,742751222,874093793,1.9760282093262949,7.263016926502428,0.4335933029651642,2,35,29,1.1724138
44,18,15470,00:00:35.2720000,35,30858,79446,251563396,262658179,0,262658179,1330050599,1592708778,2.153586656939549,8.737588095693203,0.461617112159729,2,35,29,1.1724138
44,19,15756,00:01:05.9950000,41,59570,146296,503244016,525367152,0,525367152,2407632250,2932999402,2.3224127199557203,9.232854803653439,0.4746888279914856,3,41,30,1.3333334
44,20,16022,00:01:59.8270000,45,115952,272954,1005569722,1050632971,0,1050632971,4413446574,5464079545,2.468953712192221,8.817404040628912,0.46352070569992065,3,45,31,1.4193548
45,0,6845,00:00:00.1460000,1,1,1,1006,1006,0,1006,8369,9375,1,1,0,0,1,1,0
45,1,7949,00:00:00.1770000,1,1,3,2012,2012,0,2012,23915,25927,1,1,0,0,1,1,0
45,2,8606,00:00:00.2170000,1,1,6,4002,4002,0,4002,42108,46110,1,1,0,0,1,1,0
45,3,9424,00:00:00.2400000,1,1,8,8001,8001,0,8001,88449,96450,1,1,0,0,1,1,0
45,4,10156,00:00:00.2490000,1,2,12,16017,16018,0,16018,171204,187222,1,1,0,0,1,1,0
45,5,10876,00:00:00.2590000,1,4,25,31994,32001,0,32001,338095,370096,1,1,0,0,1,1,0
45,6,11577,00:00:00.2730000,1,15,53,63933,64013,0,64013,659282,723295,1,1,0,0,1,1,0
45,7,12255,00:00:00.2930000,1,25,90,127801,128034,0,128034,1285919,1413953,1,1,0,0,1,1,0
45,8,12942,00:00:00.3230000,1,36,152,255342,256247,0,256247,2556539,2812786,1,1,0,0,1,1,0
45,9,13630,00:00:00.3740000,3,73,292,510328,512280,0,512280,5092744,5605024,1.0035447790440657,1.007120732628409,0.0031704758293926716,1,3,2,1
45,10,14319,00:00:00.4830000,5,141,574,1017964,1024060,0,1024060,10172822,11196882,1.0103481066128075,1.0209855316266871,0.00924832932651043,1,5,4,1
45,11,14999,00:00:00.6860000,8,297,1101,2033190,2048369,0,2048369,20203886,22252255,1.0260069152415663,1.053938257983355,0.022390272468328476,1,8,7,1
45,12,15660,00:00:01.1350000,12,618,2162,4059220,4099241,0,4099241,39684798,43784039,1.057688176546233,1.1253483228322694,0.04689812287688255,1,12,11,1
45,13,16289,00:00:01.9280000,16,1299,4275,8085244,8199942,0,8199942,76751544,84951486,1.113598179597301,1.2689410278161708,0.08828732371330261,1,16,15,1
45,14,16874,00:00:03.3910000,19,2536,8186,16040521,16398720,0,16398720,145556343,161955063,1.1999824693973469,1.5400454080329182,0.15065474808216095,2,19,17,1.0588236
45,15,17405,00:00:06.0010000,23,4725,15124,31804811,32811183,0,32811183,270361100,303172283,1.3169949665791127,2.0456478462126397,0.22811810672283173,2,23,21,1.0476191
45,16,17882,00:00:12.5220000,29,9083,28012,63043423,65626106,0,65626106,494574634,560200740,1.4560224783479794,2.9227827189578526,0.3140404522418976,2,29,25,1.12
45,17,18310,00:00:29.1980000,33,17339,51069,124537024,131217026,0,131217026,897004560,1028221586,1.600815433007296,4.243201107477923,0.3990621864795685,2,33,26,1.2307693
45,18,18698,00:00:56.8720000,38,33513,94329,246204513,262433080,0,262433080,1626905858,1889338938,1.7450924792755524,5.958112421792323,0.44161346554756165,2,38,31,1.1935484
45,19,19053,00:01:42.4100000,45,64663,174052,488091893,524781030,0,524781030,2963071523,3487852553,1.8884877544974916,7.784301552330457,0.48459675908088684,2,45,36,1.2222222
45,20,19381,00:03:00.3410000,55,125297,323640,972829653,1050444455,0,1050444455,5434011250,6484455705,2.037248775146043,9.413166803768586,0.5030200481414795,3,55,44,1.2272727
46,0,4639,00:00:00.1210000,1,1,1,1003,1003,0,1003,8573,9576,1,1,0,0,1,1,0
46,1,5208,00:00:00.1460000,1,1,1,2005,2005,0,2005,16973,18978,1,1,0,0,1,1,0
46,2,5878,00:00:00.1910000,1,1,4,4001,4001,0,4001,36038,40039,1,1,0,0,1,1,0
46,3,6527,00:00:00.2070000,1,1,5,8004,8004,0,8004,73061,81065,1,1,0,0,1,1,0
46,4,7222,00:00:00.2250000,1,3,9,16001,16006,0,16006,152637,168643,1,1,0,0,1,1,0
46,5,7886,00:00:00.2450000,2,4,17,32032,32034,0,32034,303912,335946,1.001123876123876,1.0022503367488023,0,1,2,1,1
46,6,8603,00:00:00.2720000,2,6,33,64033,64082,0,64082,635230,699312,1.0024830946543188,1.004978470789014,0,1,2,1,1
46,7,9301,00:00:00.3030000,3,15,70,127949,128037,0,128037,1280046,1408083,1.0077140110512783,1.0155629702998712,0.004377799108624458,1,3,2,1
46,8,9988,00:00:00.3690000,3,27,130,255817,256193,0,256193,2550074,2806267,1.0163945320287548,1.0333996511651788,0.009896433912217617,1,3,2,1
46,9,10653,00:00:00.4490000,3,68,279,510277,512065,0,512065,5007872,5519937,1.0334582981400298,1.0694385058137816,0.01858687214553356,1,3,2,1
46,10,11306,00:00:00.6360000,4,146,547,1019120,1024748,0,1024748,9817458,10842206,1.06686160609153,1.1441042652913793,0.029205333441495895,1,4,3,1
46,11,11936,00:00:00.9070000,8,281,1071,2038600,2049732,0,2049732,19089462,21139194,1.1321078190915335,1.3069512383637059,0.0460207462310791,1,8,7,1
46,12,12515,00:00:01.3570000,10,582,2009,4068421,4098095,0,4098095,36115616,40213711,1.22421671700151,1.5737422869580089,0.07518785446882248,1,10,9,1
46,13,13042,00:00:02.1530000,12,1175,3805,8109117,8196070,0,8196070,67074946,75271016,1.343006519698754,1.9607840358304758,0.11242997646331787,2,12,10,1.1
46,14,13519,00:00:03.9890000,12,2248,6979,16123797,16391675,0,16391675,123099126,139490801,1.4708261335713915,2.3459054387414087,0.15417520701885223,2,12,10,1.1
46,15,13952,00:00:08.5130000,14,4305,12773,32107378,32770497,0,32770497,224867552,257638049,1.5954475946307418,2.549437676726294,0.18643268942832947,2,14,12,1.0833334
46,16,14352,00:00:17.0180000,15,8320,23823,63810245,65548696,0,65548696,413032773,478581469,1.7055193723202284,2.5170526266361253,0.21839241683483124,2,15,12,1.1666666
46,17,14727,00:00:31.9500000,17,16159,44296,126936838,131230118,0,131230118,766314824,897544942,1.8010901925885376,2.3866541105615324,0.24147368967533112,2,17,13,1.2307693
46,18,15081,00:00:57.4400000,20,32174,84273,252181262,262195707,0,262195707,1433619488,1695815195,1.8859376316389438,2.2816639516029404,0.25578978657722473,2,20,16,1.1875
46,19,15420,00:01:43.1310000,21,63263,161603,500538345,525342059,0,525342059,2712636911,3237978970,1.960643632607208,2.2336305477890406,0.26400235295295715,2,21,17,1.1764706
46,20,15743,00:03:06.6150000,27,123143,309070,994304069,1049711235,0,1049711235,5150811177,6200522412,2.0374583552066303,2.2952992504603964,0.26573315262794495,2,27,23,1.1304348
47,0,5528,00:00:00.0550000,1,1,1,1001,1001,0,1001,9958,10959,1,1,0,0,1,1,0
47,1,6271,00:00:00.0690000,1,1,1,2003,2003,0,2003,21170,23173,1,1,0,0,1,1,0
47,2,7010,00:00:00.0930000,1,1,2,4001,4001,0,4001,42334,46335,1,1,0,0,1,1,0
47,3,7642,00:00:00.0990000,1,3,6,7997,8001,0,8001,79109,87110,1,1,0,0,1,1,0
47,4,8332,00:00:00.1080000,4,6,16,16009,16018,0,16018,158930,174948,1.0048722593541133,1.0098078438157132,0,1,4,3,1
47,5,9048,00:00:00.1290000,5,6,21,32029,32030,0,32030,324994,357024,1.0130818945330795,1.0226938266691799,0.009051092900335789,2,5,3,1.3333334
47,6,9691,00:00:00.1400000,5,9,35,64007,64026,0,64026,622389,686415,1.0417923039667536,1.06607644299458,0.02052953653037548,2,5,3,1.3333334
47,7,10326,00:00:00.1560000,5,27,72,128054,128191,0,128191,1205024,1333215,1.1494681931060333,1.21502959479947,0.050509896129369736,2,5,3,1.3333334
47,8,10867,00:00:00.1800000,5,50,146,255431,256103,0,256103,2190538,2446641,1.375486922104208,1.5676958787156654,0.08612474799156189,2,5,3,1.3333334
47,9,11294,00:00:00.2100000,6,76,222,510856,512046,0,512046,3743286,4255332,1.7281582285418984,2.147872570061445,0.10109848529100418,2,6,4,1.25
47,10,11635,00:00:00.2480000,6,147,377,1020953,1024065,0,1024065,6235622,7259687,2.0787724802219105,2.327695379459503,0.11511800438165665,2,6,4,1.25
47,11,11924,00:00:00.3030000,6,258,647,2041471,2049419,0,2049419,10469692,12519111,2.3685660976815246,1.9959686672139658,0.11049523949623108,2,6,4,1.25
47,12,12181,00:00:00.4120000,6,488,1145,4087561,4105895,0,4105895,18026475,22132370,2.576516900909858,1.6489440989607531,0.12035281211137772,3,6,3,1.6666666
47,13,12420,00:00:00.5860000,6,876,2060,8171931,8212897,0,8212897,32119483,40332380,2.720720108870229,1.4127602962484311,0.1046590730547905,3,6,3,1.6666666
47,14,12647,00:00:00.8800000,6,1648,3774,16291247,16385950,0,16385950,58882319,75268269,2.817076617891804,1.268617475911871,0.08873182535171509,3,6,3,1.6666666
47,15,12869,00:00:01.4130000,6,3314,7158,32620322,32847281,0,32847281,111274128,144121409,2.8812946113775335,1.180283453921869,0.07332449406385422,3,6,3,1.6666666
47,16,13085,00:00:02.4380000,7,6618,13955,65040916,65536703,0,65536703,213214917,278751620,2.9247296117416304,1.128825681280391,0.059992849826812744,3,7,4,1.5
47,17,13299,00:00:05.8170000,7,13140,27336,129966109,131215673,0,131215673,415208949,546424622,2.953732915094042,1.0967327130348368,0.04892442747950554,3,7,4,1.5
47,18,13511,00:00:13.9900000,7,26273,53952,259640892,262858174,0,262858174,816052409,1078910583,2.9741148670834177,1.078455101062596,0.03967449814081192,3,7,4,1.5
47,19,13721,00:00:30.1330000,8,52281,106672,518258814,525895887,0,525895887,1610938863,2136834750,2.9906866706950015,1.0727331396781725,0.032058048993349075,3,8,5,1.4
47,20,13929,00:01:02.1430000,9,104245,211602,1031400655,1050146309,0,1050146309,3184439058,4234585367,3.004563116163621,1.0745911989662225,0.025864489376544952,3,9,6,1.3333334
48,0,5659,00:00:00.1030000,1,1,2,1002,1002,0,1002,12510,13512,1,1,0,0,1,1,0
48,1,6277,00:00:00.1240000,1,1,3,2005,2005,0,2005,20930,22935,1,1,0,0,1,1,0
48,2,6942,00:00:00.1610000,1,1,3,4007,4007,0,4007,40032,44039,1,1,0,0,1,1,0
48,3,7653,00:00:00.1730000,1,2,4,8011,8014,0,8014,80092,88106,1,1,0,0,1,1,0
48,4,8394,00:00:00.1880000,1,4,7,16001,16015,0,16015,165200,181215,1,1,0,0,1,1,0
48,5,9070,00:00:00.2030000,1,6,13,31965,32022,0,32022,322865,354887,1,1,0,0,1,1,0
48,6,9786,00:00:00.2240000,2,12,30,63952,64061,0,64061,653719,717780,1.0010632974731049,1.0021288356488807,0,1,2,1,1
48,7,10481,00:00:00.2630000,3,21,69,127806,128150,0,128150,1296393,1424543,1.0056804844842966,1.0114419419029992,0.005485971458256245,1,3,2,1
48,8,11160,00:00:00.3390000,5,33,131,255312,256006,0,256006,2550355,2806361,1.0135442125712852,1.0275862890972558,0.011829067021608353,1,5,4,1
48,9,11831,00:00:00.4440000,7,89,273,510490,512324,0,512324,5024508,5536832,1.030028012301906,1.062590666856431,0.024804895743727684,1,7,6,1
48,10,12497,00:00:00.6600000,8,166,534,1017530,1024538,0,1024538,9933163,10957701,1.0619107053354693,1.1350669718967092,0.04992588236927986,1,8,7,1
48,11,13130,00:00:01.0030000,12,332,1055,2031751,2048679,0,2048679,19257402,21306081,1.1195466373586134,1.2845083429376263,0.08782913535833359,1,12,11,1
48,12,13716,00:00:01.5810000,15,603,1996,4053940,4100942,0,4100942,36481388,40582330,1.2097014262667922,1.5725354090380095,0.14869174361228943,2,15,13,1.0769231
48,13,14246,00:00:02.6020000,20,1197,3815,8085305,8195453,0,8195453,67629322,75824775,1.3309312388339092,2.101011371319537,0.21889075636863708,2,20,17,1.117647
48,14,14723,00:00:04.3670000,22,2230,6900,16085418,16389672,0,16389672,123616444,140006116,1.465610343480039,2.9448837954034026,0.2955447733402252,2,22,19,1.1052631
48,15,15155,00:00:07.4440000,27,4336,12715,32086000,32791765,0,32791765,225115821,257907586,1.6072670946830394,4.130842402149845,0.3618237376213074,2,27,24,1.0833334
48,16,15548,00:00:14.1230000,29,8410,23577,63803264,65572334,0,65572334,409954808,475527142,1.7401918027265815,5.426587629021796,0.41603177785873413,2,29,25,1.12
48,17,15911,00:00:28.6730000,34,16236,43976,127400745,131316250,0,131316250,751801680,883117930,1.8725091285769169,6.602056527926284,0.43193018436431885,3,34,27,1.2222222
48,18,16247,00:00:54.8740000,35,31573,82424,252869334,262454679,0,262454679,1384857555,1647312234,1.9953347644756323,7.475053234155789,0.4462277591228485,3,35,28,1.2142857
48,19,16561,00:01:41.1430000,38,61283,154944,503664443,525351257,0,525351257,2568472762,3093824019,2.122692202832353,8.204880101086019,0.4463025629520416,3,38,30,1.2333333
48,20,16854,00:03:02.8640000,41,119682,291966,1001911173,1050432449,0,1050432449,4777722606,5828155055,2.2553119087733737,8.79479079641156,0.4379720389842987,3,41,32,1.25
4,0,4925,00:00:00.0560000,1,1,1,1002,1002,0,1002,10657,11659,1,1,0,0,1,1,0
4,1,5668,00:00:00.0710000,1,1,1,2001,2001,0,2001,21078,23079,1,1,0,0,1,1,0
4,2,6450,00:00:00.0960000,2,2,5,4002,4002,0,4002,43671,47673,1.004247876061969,1.0085318959493803,0,1,2,1,1
4,3,7120,00:00:00.1050000,2,3,7,8011,8012,0,8012,80562,88574,1.0162276869304705,1.0329817118183837,0,1,2,1,1
4,4,7770,00:00:00.1130000,2,5,12,15991,16006,0,16006,154151,170157,1.0380213870302044,1.0789250037798768,0,1,2,1,1
4,5,8409,00:00:00.1230000,3,5,16,32037,32039,0,32039,300982,333021,1.0723538408714923,1.1553518654576296,0.010989492759108543,1,3,2,1
4,6,9042,00:00:00.1440000,3,7,29,64011,64041,0,64041,589227,653268,1.1409757697895675,1.3212633743358422,0.023310063406825066,1,3,2,1
4,7,9624,00:00:00.1600000,4,20,61,128049,128157,0,128157,1124247,1252404,1.2383072105209725,1.5764636689918996,0.027050141245126724,1,4,3,1
4,8,10151,00:00:00.1810000,4,32,114,255878,256306,0,256306,2091934,2348240,1.353430150306005,1.8654487140136382,0.045181747525930405,1,4,3,1
4,9,10622,00:00:00.2140000,5,70,219,511567,512399,0,512399,3819583,4331982,1.4846090541414907,2.0603497978386036,0.058537352830171585,1,5,4,1
4,10,11054,00:00:00.2800000,5,151,422,1022130,1025526,0,1025526,6990971,8016497,1.6024380460411103,2.010423455553217,0.07345782220363617,1,5,4,1
4,11,11457,00:00:00.3880000,6,288,792,2039593,2049635,0,2049635,12929362,14978997,1.7033079638927962,1.8219276866231735,0.08438775688409805,2,6,4,1.25
4,12,11837,00:00:00.5760000,7,524,1472,4072386,4099522,0,4099522,24122500,28222022,1.7847993780550273,1.6258659182854607,0.09383171051740646,2,7,5,1.2
4,13,12200,00:00:00.9110000,7,1018,2751,8117965,8203355,0,8203355,45520068,53723423,1.8479437888682693,1.4690557937624988,0.10116156190633774,2,7,5,1.2
4,14,12551,00:00:01.4930000,9,1965,5205,16174515,16395309,0,16395309,86922501,103317810,1.8988469206031835,1.365309959030099,0.10612130910158157,2,9,7,1.1428572
4,15,12893,00:00:02.5950000,12,3973,10057,32276287,32807465,0,32807465,167637105,200444570,1.9416710168675846,1.307353522355459,0.10856042057275772,2,12,10,1.1
4,16,13227,00:00:04.6670000,18,7898,19609,64602795,65651198,0,65651198,325392113,391043311,1.983531780629615,1.295901191891688,0.10855540633201599,2,18,16,1.0625
4,17,13553,00:00:10.4120000,19,15328,38151,128418751,131268576,0,131268576,633435918,764704494,2.0197344233631425,1.306490248837371,0.10833127051591873,2,19,17,1.0588236
4,18,13871,00:00:26.8200000,22,30294,74543,255050672,262198999,0,262198999,1233695692,1495894691,2.0608654150105514,1.3590686335037765,0.10747653990983963,2,22,20,1.05
4,19,14181,00:00:59.3810000,23,60311,146527,504798997,524298094,0,524298094,2402933717,2927231811,2.1070042874906902,1.4489739235314476,0.10755421966314316,2,23,21,1.0476191
4,20,14482,00:02:01.5870000,30,119446,286448,1005101329,1049852194,0,1049852194,4674206640,5724058834,2.1678093512897942,1.6205272734148015,0.10977984964847565,2,30,28,1.0357143
49,0,3527,00:00:00.0420000,1,2,2,1000,1001,0,1001,7822,8823,1,1,0,0,1,1,0
49,1,4127,00:00:00.0560000,2,3,3,2009,2010,0,2010,16021,18031,1.002488800398208,1.0049899718594881,0,1,2,1,1
49,2,4888,00:00:00.0810000,2,3,4,4000,4003,0,4003,37643,41646,1.00225,1.0045101565817833,0,1,2,1,1
49,3,5544,00:00:00.0880000,3,4,5,8005,8006,0,8006,75232,83238,1.012367270455965,1.0251196649339807,0.010010868310928345,1,3,2,1
49,4,6235,00:00:00.1060000,3,4,8,16001,16003,0,16003,155296,171299,1.018436347728267,1.037734443198723,0.01690853014588356,1,3,2,1
49,5,6919,00:00:00.1160000,3,8,16,31946,32007,0,32007,313759,345766,1.0344018030426345,1.0718437383914279,0.03366116061806679,1,3,2,1
49,6,7556,00:00:00.1290000,5,12,32,63936,64002,0,64002,605787,669789,1.069209834834835,1.1513223980201548,0.043463096022605896,1,5,4,1
49,7,8162,00:00:00.1460000,6,17,59,128017,128157,0,128157,1163200,1291357,1.1172109954146714,1.2728785468206272,0.06528681516647339,1,6,5,1
49,8,8757,00:00:00.1710000,7,30,111,255962,256144,0,256144,2255611,2511755,1.202881677749041,1.5288122500403534,0.10505113005638123,1,7,6,1
49,9,9295,00:00:00.2080000,7,63,216,511741,512517,0,512517,4230713,4743230,1.3140006370410031,1.939734947392335,0.16116563975811005,1,7,6,1
49,10,9784,00:00:00.2710000,7,130,406,1021648,1024337,0,1024337,7830602,8854939,1.4419310760653377,2.4984906566776575,0.22785116732120514,1,7,6,1
49,11,10231,00:00:00.3800000,7,265,816,2041890,2050994,0,2050994,14398599,16449593,1.5644642953342247,2.9833269152391555,0.28913065791130066,1,7,6,1
49,12,10642,00:00:00.6050000,8,519,1510,4074434,4097432,0,4097432,26491833,30589265,1.6719379918781356,3.1950449349763153,0.34282979369163513,2,8,6,1.1666666
49,13,11028,00:00:00.9660000,8,965,2784,8134931,8203549,0,8203549,49228267,57431816,1.7595844390075344,3.135484969873191,0.3865303695201874,2,8,6,1.1666666
49,14,11396,00:00:01.5880000,10,1912,5340,16251077,16404265,0,16404265,92626999,109031264,1.832125156997287,2.978131111955715,0.41748830676078796,2,10,7,1.2857143
49,15,11750,00:00:02.6890000,11,3961,10358,32395389,32785456,0,32785456,176107684,208893140,1.8884336594939484,2.820251982946766,0.4386458098888397,2,11,8,1.25
49,16,12094,00:00:04.7790000,11,7789,20182,64497560,65605744,0,65605744,338437586,404043330,1.9332544673007785,2.703758857034126,0.45310884714126587,2,11,8,1.25
49,17,12429,00:00:08.9450000,14,15516,39237,128575629,131316596,0,131316596,654828690,786145286,1.9759653674336681,2.661993780851621,0.4591701328754425,2,14,11,1.1818181
49,18,12755,00:00:22.3790000,16,30787,76499,255500211,262570134,0,262570134,1270722355,1533292489,2.0174933241053177,2.6860891621215335,0.4588640332221985,2,16,13,1.1538461
49,19,13072,00:00:53.9810000,18,60924,149712,506532403,524971197,0,524971197,2467860582,2992831779,2.066003222700049,2.7901573873608227,0.45321357250213623,3,18,14,1.2142857
49,20,13379,00:01:55.5210000,23,120363,291977,1006298457,1050565865,0,1050565865,4786169248,5836735113,2.131622059120379,3.0217699645714173,0.441165030002594,3,23,18,1.2222222
5,0,9878,00:00:00.1180000,1,1,1,1001,1001,0,1001,10664,11665,1,1,0,0,1,1,0
5,1,10557,00:00:00.1340000,1,1,1,2003,2003,0,2003,20022,22025,1,1,0,0,1,1,0
5,2,11276,00:00:00.1610000,1,1,2,4019,4019,0,4019,41877,45896,1,1,0,0,1,1,0
5,3,11970,00:00:00.1690000,1,1,2,8002,8002,0,8002,82374,90376,1,1,0,0,1,1,0
5,4,12686,00:00:00.1780000,1,3,5,15997,16015,0,16015,164134,180149,1,1,0,0,1,1,0
5,5,13375,00:00:00.1890000,2,5,12,31992,32033,0,32033,323332,355365,1.0015628907226806,1.0031306720372934,0,1,2,1,1
5,6,14071,00:00:00.2030000,3,7,26,64014,64045,0,64045,642005,706050,1.0039053956946917,1.0078482476428139,0,1,3,2,1
5,7,14763,00:00:00.2320000,2,25,69,127826,128064,0,128064,1278866,1406930,1.00687653529016,1.0138476206413871,0,1,2,1,1
5,8,15447,00:00:00.2630000,4,37,128,255694,256173,0,256173,2539635,2795808,1.0159722167903822,1.032540589088825,0.008683281019330025,1,4,3,1
5,9,16119,00:00:00.3240000,5,74,269,510515,512166,0,512166,5014227,5526393,1.033581775266153,1.0698935338257245,0.017973272129893303,1,5,4,1
5,10,16769,00:00:00.4310000,6,154,521,1018652,1024780,0,1024780,9802098,10826878,1.0668982145030883,1.1449677208524032,0.03413619473576546,1,6,5,1
5,11,17394,00:00:00.6510000,9,315,1035,2031160,2048724,0,2048724,18997799,21046523,1.1306416038125997,1.3025127560432113,0.05853763222694397,1,9,8,1
5,12,17969,00:00:00.9820000,11,558,1927,4049272,4098348,0,4098348,35894726,39993074,1.2274359440412992,1.5847769549578539,0.10145677626132965,1,11,10,1
5,13,18490,00:00:01.5750000,16,1125,3632,8098187,8202362,0,8202362,66493638,74696000,1.357950489412013,2.044096333278557,0.154791921377182,2,16,14,1.0714285
5,14,18956,00:00:02.5210000,16,2212,6768,16081802,16385905,0,16385905,121206692,137592597,1.504976183639122,2.5989925344887324,0.22130070626735687,2,16,14,1.0714285
5,15,19374,00:00:04.1870000,18,4350,12587,32050958,32797509,0,32797509,219390910,252188419,1.6605817211454335,3.1085181968844506,0.28535035252571106,2,18,15,1.1333333
5,16,19752,00:00:08.4480000,20,8350,23120,63852936,65626253,0,65626253,397150741,462776994,1.814743459877867,3.4306415892432387,0.34172093868255615,2,20,16,1.1875
5,17,20097,00:00:19.6020000,22,16183,42943,127094053,131194095,0,131194095,721769708,852963803,1.962471878994999,3.5825781741528795,0.3831007182598114,2,22,18,1.1666666
5,18,20416,00:00:38.9630000,23,30915,79359,253069373,262703483,0,262703483,1322648331,1585351814,2.1053315487528392,3.608779178356242,0.4225079119205475,3,23,17,1.2941177
5,19,20712,00:01:12.1770000,25,60283,148340,503990909,525155656,0,525155656,2438604320,2963759976,2.242162366067599,3.5276442436768582,0.4386769235134125,3,25,19,1.2631578
5,20,20990,00:02:10.1580000,25,117717,279726,1002524086,1050776825,0,1050776825,4535500549,5586277374,2.3676588374755516,3.3048948938628753,0.44393274188041687,3,25,19,1.2631578
6,0,7162,00:00:00.2180000,1,1,1,1003,1003,0,1003,9864,10867,1,1,0,0,1,1,0
6,1,8094,00:00:00.2480000,1,2,2,2000,2001,0,2001,23524,25525,1,1,0,0,1,1,0
6,2,8846,00:00:00.2920000,2,3,5,4001,4002,0,4002,45281,49283,1.0017495626093476,1.0035052723092042,0,1,2,1,1
6,3,9531,00:00:00.3080000,2,2,6,8021,8021,0,8021,85662,93683,1.001745418277023,1.0034968983961938,0,1,2,1,1
6,4,10193,00:00:00.3220000,2,3,9,16003,16005,0,16005,162076,178081,1.006873711179154,1.0138419411016302,0,1,2,1,1
6,5,10910,00:00:00.3400000,3,6,15,32014,32019,0,32019,330152,362171,1.016867620416068,1.0343532784068128,0.007212502881884575,1,3,2,1
6,6,11582,00:00:00.3750000,3,10,37,64002,64037,0,64037,637395,701432,1.037795693884566,1.078799747492978,0.02030043676495552,1,3,2,1
6,7,12255,00:00:00.4030000,4,14,68,127944,128135,0,128135,1257327,1385462,1.0789642343525292,1.1720377181622603,0.029834996908903122,1,4,3,1
6,8,12875,00:00:00.4400000,4,35,125,255450,256155,0,256155,2402945,2659100,1.1421178312781366,1.3296727892449562,0.05149226263165474,1,4,3,1
6,9,13442,00:00:00.4990000,6,89,264,510902,512448,0,512448,4486453,4998901,1.2364152029156277,1.5939186185568983,0.06526537984609604,1,6,5,1
6,10,13963,00:00:00.6310000,7,156,500,1021025,1024787,0,1024787,8316156,9340943,1.3556925638451556,1.9401734907713717,0.09087850153446198,1,7,6,1
6,11,14436,00:00:00.7890000,7,276,874,2038300,2050503,0,2050503,15264564,17315067,1.4828136191924643,2.2134220988933357,0.12461049854755402,1,7,6,1
6,12,14869,00:00:01.0850000,8,546,1609,4069692,4100523,0,4100523,28003400,32103923,1.5998016557518357,2.2577956376803616,0.14747978746891022,1,8,7,1
6,13,15271,00:00:01.5910000,8,1038,2964,8104357,8194050,0,8194050,51660543,59854593,1.7001958329328286,2.1061127151948815,0.17271098494529724,1,8,7,1
6,14,15651,00:00:02.6020000,10,2074,5626,16190998,16405046,0,16405046,96448811,112853857,1.7835303913940326,1.9092626386806524,0.1906309276819229,2,10,8,1.125
6,15,16014,00:00:05.2550000,10,4072,10627,32180346,32781182,0,32781182,182049226,214830408,1.8466700140514338,1.737674303469723,0.20533829927444458,2,10,8,1.125
6,16,16365,00:00:11.4980000,12,7898,20532,64121842,65653745,0,65653745,347712461,413366206,1.8972548230913266,1.6200852660087108,0.21422314643859863,2,12,10,1.1
6,17,16705,00:00:23.5670000,15,15554,39843,127437366,131232851,0,131232851,668862106,800094957,1.9395036852848953,1.551915490847128,0.22198444604873657,2,15,12,1.1666666
6,18,17037,00:00:46.2510000,20,31069,78031,253641511,262363369,0,262363369,1295761924,1558125293,1.9802862040196567,1.5346376408130116,0.2233974039554596,2,20,17,1.117647
6,19,17361,00:01:28.6530000,26,60792,151364,504546911,524559276,0,524559276,2518910260,3043469536,2.021818534134282,1.5637406690783853,0.22202438116073608,2,26,23,1.0869565
6,20,17677,00:02:48.8750000,31,120975,297119,1001607084,1049699891,0,1049699891,4904640701,5954340592,2.066230736642833,1.6378426704745235,0.21957196295261383,2,31,28,1.0714285
7,0,5714,00:00:00.1240000,1,1,1,1002,1002,0,1002,11698,12700,1,1,0,0,1,1,0
7,1,6403,00:00:00.1450000,1,1,1,2001,2001,0,2001,21824,23825,1,1,0,0,1,1,0
7,2,7092,00:00:00.1790000,1,2,3,4008,4009,0,4009,42232,46241,1,1,0,0,1,1,0
7,3,7776,00:00:00.1910000,1,1,3,8001,8001,0,8001,81764,89765,1,1,0,0,1,1,0
7,4,8455,00:00:00.2010000,1,1,5,16035,16035,0,16035,160036,176071,1,1,0,0,1,1,0
7,5,9175,00:00:00.2150000,1,5,14,32011,32033,0,32033,326627,358660,1,1,0,0,1,1,0
7,6,9868,00:00:00.2330000,2,11,31,63905,64029,0,64029,645834,709863,1.0010640794929975,1.002130388651234,0,1,2,1,1
7,7,10551,00:00:00.2650000,4,26,72,127869,128091,0,128091,1279685,1407776,1.0043638411186449,1.0087784908147879,0.0035388602409511805,1,4,3,1
7,8,11234,00:00:00.3330000,5,45,124,255332,256149,0,256149,2538141,2794290,1.0121214732191812,1.0246460692652994,0.011215160600841045,1,5,4,1
7,9,11924,00:00:00.4590000,6,98,277,509447,512136,0,512136,5081695,5593831,1.0283856809442395,1.0590443596642323,0.025375356897711754,1,6,5,1
7,10,12582,00:00:00.6610000,7,190,516,1015747,1024738,0,1024738,9931417,10956155,1.0563476928802153,1.1220113509327991,0.04860629886388779,1,7,6,1
7,11,13211,00:00:00.9970000,11,360,1052,2022768,2048343,0,2048343,19182507,21230850,1.1125991710369159,1.265356439053326,0.08473117649555206,1,11,10,1
7,12,13798,00:00:01.5890000,16,617,1946,4032507,4097388,0,4097388,36447539,40544927,1.202579437555843,1.5436947853851959,0.13949042558670044,2,16,14,1.0714285
7,13,14328,00:00:02.5790000,23,1205,3701,8053471,8195839,0,8195839,67579065,75774904,1.324842294707462,2.064725950178819,0.20543597638607025,2,23,21,1.0476191
7,14,14806,00:00:04.3950000,27,2309,6960,16020210,16389676,0,16389676,123727556,140117232,1.467384260256264,2.9307748273216134,0.2755292057991028,2,27,25,1.04
7,15,15235,00:00:07.4700000,31,4322,12767,31915577,32820042,0,32820042,224548574,257368616,1.6181004341547702,4.2030515140579325,0.3421300947666168,2,31,27,1.1111112
7,16,15622,00:00:12.8250000,36,8435,23702,63592621,65594599,0,65594599,406577941,472172540,1.7695323487295798,5.748999266921901,0.39009422063827515,2,36,31,1.1290323
7,17,15977,00:00:24.1700000,39,16475,43908,126755822,131285046,0,131285046,740682216,871967262,1.9135691613439263,7.133821504838234,0.4206523001194,2,39,33,1.1515151
7,18,16304,00:00:46.7030000,40,31319,81060,251790520,262340625,0,262340625,1356378113,1618718738,2.049985551481446,7.926474577821602,0.4370572566986084,2,40,34,1.1470588
7,19,16609,00:01:28.1590000,41,60797,151950,501216850,525216931,0,525216931,2505549986,3030766917,2.1834113857105963,7.979034739864544,0.44234293699264526,3,41,34,1.1764706
7,20,16894,00:02:43.0230000,42,118668,285546,995355201,1049466848,0,1049466848,4653726054,5703192902,2.3082698424559696,7.3917306762406705,0.43918904662132263,3,42,34,1.2058823
8,0,3905,00:00:00.0820000,1,1,1,1004,1004,0,1004,8247,9251,1,1,0,0,1,1,0
8,1,4631,00:00:00.0990000,1,1,1,2001,2001,0,2001,18577,20578,1,1,0,0,1,1,0
8,2,5282,00:00:00.1250000,1,2,4,4012,4014,0,4014,37373,41387,1,1,0,0,1,1,0
8,3,5963,00:00:00.1340000,1,1,6,8012,8012,0,8012,76743,84755,1,1,0,0,1,1,0
8,4,6615,00:00:00.1430000,1,1,13,16015,16015,0,16015,151855,167870,1,1,0,0,1,1,0
8,5,7272,00:00:00.1520000,1,3,20,32014,32020,0,32020,303477,335497,1,1,0,0,1,1,0
8,6,7952,00:00:00.1650000,1,4,40,64006,64019,0,64019,620197,684216,1,1,0,0,1,1,0
8,7,8649,00:00:00.1840000,1,18,84,128089,128176,0,128176,1258070,1386246,1,1,0,0,1,1,0
8,8,9353,00:00:00.2210000,1,33,166,255640,256141,0,256141,2564615,2820756,1,1,0,0,1,1,0
8,9,10039,00:00:00.2850000,3,72,304,510953,512207,0,512207,5097851,5610058,1.002456194601069,1.0049274004358226,0.0023405267857015133,1,3,2,1
8,10,10729,00:00:00.4220000,3,156,572,1018334,1024008,0,1024008,10188440,11212448,1.0050543338433167,1.010171760742531,0.0047471607103943825,1,3,2,1
8,11,11409,00:00:00.6810000,5,295,1121,2031887,2050062,0,2050062,20230985,22281047,1.014046548848435,1.0286267985258348,0.012408246286213398,1,5,4,1
8,12,12076,00:00:01.2340000,9,654,2242,4044266,4099664,0,4099664,39927526,44027190,1.034114472193471,1.0715541044310746,0.0273701511323452,1,9,8,1
8,13,12723,00:00:02.2310000,16,1247,4339,8059822,8200807,0,8200807,78053089,86253896,1.075876241435605,1.1694630345823993,0.05873595550656319,1,16,15,1
8,14,13332,00:00:04.0610000,22,2496,8350,16007274,16395442,0,16395442,149753968,166149410,1.144838965085498,1.3608522167574153,0.10930958390235901,1,22,21,1
8,15,13893,00:00:07.2160000,26,4775,15817,31647569,32774562,0,32774562,281579026,314353588,1.2424665540661275,1.7142170172019482,0.17930297553539276,1,26,25,1
8,16,14401,00:00:12.6750000,37,9284,29415,62990121,65545793,0,65545793,520224491,585770284,1.3686577931799813,2.3794720670954765,0.2619699239730835,2,37,35,1.0285715
8,17,14861,00:00:26.2890000,43,18044,54373,124902667,131203608,0,131203608,952594646,1083798254,1.4975071268894522,3.4407477795736305,0.3467811048030853,2,43,41,1.0243902
8,18,15280,00:00:59.2620000,52,34706,100409,248355462,262513696,0,262513696,1741347573,2003861269,1.6256164561422048,4.972304540781438,0.42176494002342224,2,52,47,1.0851064
8,19,15667,00:01:56.7320000,53,67076,186370,488790941,524722310,0,524722310,3199306492,3724028802,1.732642710741237,6.598125810128723,0.48592934012413025,2,53,48,1.0833334
8,20,16029,00:03:35.3300000,59,129763,349208,965351786,1049057918,0,1049057918,5926781193,6975839111,1.8327192052245294,8.057382617845574,0.5283054113388062,2,59,53,1.0943396
