RepeatId,GenerationId,Generations,Time,SubcloneSelect,SubcloneAlive,SubcloneTotal,CellSelectCount,CellAliveCount,CellNecroCount,CellTumorCount,CellLostCount,CellTotalCount,MeanDriversPerCell,ClonalDiversity,TreeBalance,TreeDepth,NodeCount,LeafCount,Branching
0,0,690,00:00:00.0310000,2,2,2,854,854,149,1003,1183,2186,1.0023419203747073,1.0046948213380666,0,1,2,1,1
0,1,822,00:00:00.0630000,2,2,2,1525,1525,476,2001,2407,4408,1.0039344262295082,1.007899844845281,0,1,2,1,1
0,2,983,00:00:00.0920000,5,7,8,2699,2701,1325,4026,4965,8991,1.037791774731382,1.0790097938682843,0.014561950229108334,1,5,4,1
0,3,1152,00:00:00.1110000,7,12,15,4835,4845,3186,8031,9424,17455,1.1644260599793175,1.4017318040105056,0.08409545570611954,1,7,6,1
0,4,1308,00:00:00.1180000,12,16,28,9091,9096,6949,16045,16113,32158,1.4501154988450116,2.3810475800013693,0.18793143332004547,2,12,9,1.2222222
0,5,1447,00:00:00.1250000,13,30,45,17240,17310,14779,32089,25947,58036,1.754814385150812,2.8159534700502524,0.29299625754356384,2,13,10,1.2
0,6,1572,00:00:00.1340000,22,54,80,32855,32994,31177,64171,39804,103975,2.066960888753614,3.18345417938697,0.3476189374923706,3,22,17,1.2352941
0,7,1685,00:00:00.1470000,23,109,154,64146,64883,63256,128139,60095,188234,2.499329654226296,4.8767080902071225,0.3758877217769623,3,23,17,1.2941177
0,8,1778,00:00:00.1660000,29,223,297,130733,133202,123109,256311,87014,343325,3.0346125308835568,6.166983572518133,0.35331857204437256,4,29,22,1.2727273
0,9,1858,00:00:00.1960000,38,421,557,265851,274044,240300,514344,124158,638502,3.549364117494386,4.8576998805838,0.30403193831443787,4,38,31,1.1935484
0,10,1929,00:00:00.2450000,52,804,1029,537867,563747,468488,1032235,176875,1209110,4.047645607557259,5.231210074764658,0.2945212423801422,5,52,39,1.3076923
0,11,1984,00:00:00.3160000,61,1530,1915,1137051,1201606,849101,2050707,241208,2291915,4.87986027011981,9.644479409202637,0.31058862805366516,5,62,44,1.3863636
0,12,2019,00:00:00.3930000,63,3069,3635,2539594,2698993,1407759,4106752,306269,4413021,5.899088200712398,6.593623891457582,0.3360532820224762,6,64,41,1.5365853
0,13,2046,00:00:00.5120000,67,6039,6956,5400301,5821605,2402027,8223632,387074,8610706,6.616449157185868,4.567484147026766,0.2615351676940918,7,68,44,1.5227273
0,14,2069,00:00:00.7310000,77,12661,14154,11713721,12844936,4227974,17072910,496454,17569364,7.523890487062139,6.199087028800498,0.2568213641643524,10,78,47,1.6382979
0,15,2078,00:00:00.9000000,71,27675,29608,27629719,30638430,5773751,36412181,563818,36975999,9.62636398871809,8.536429847225024,0.15717270970344543,10,72,48,1.4791666
0,16,2082,00:00:01.0450000,64,58259,60475,62045206,68067534,7380434,75447968,613058,76061026,11.109453436257429,6.538859867055145,0.11729218810796738,9,65,42,1.5238096
0,17,2085,00:00:01.3180000,51,118489,121124,128022201,140749555,9962103,150711658,672200,151383858,11.938858214131157,4.439053939424407,0.10856131464242935,8,51,34,1.4705882
0,18,2088,00:00:01.8620000,41,245917,249350,265896742,294940662,15389070,310329732,767140,311096872,12.48867125645338,3.4192007132758055,0.0917782187461853,6,42,29,1.4137931
0,19,2091,00:00:02.9370000,45,494269,499462,536164995,596227932,26679283,622907215,920121,623827336,12.828016375817299,3.147922572622181,0.07660473883152008,7,46,31,1.451613
0,20,2094,00:00:05.1950000,37,948520,957564,1005123461,1145913359,49124897,1195038256,1160551,1196198807,13.07901645129344,3.0487710323179904,0.09926333278417587,6,37,23,1.5652174
9,0,1001,00:00:00.0200000,1,1,2,847,847,158,1005,1251,2256,1,1,0,0,1,1,0
9,1,1148,00:00:00.0340000,4,4,6,1524,1524,489,2013,2555,4568,1.010498687664042,1.0212923442154276,0,1,4,3,1
9,2,1310,00:00:00.1030000,5,8,11,2721,2724,1300,4024,5100,9124,1.0426313855200293,1.090484148216159,0.03406910598278046,1,5,4,1
9,3,1481,00:00:00.1070000,7,12,18,4894,4903,3104,8007,9461,17468,1.2141397629750714,1.5837965704557695,0.19211727380752563,2,7,5,1.2
9,4,1620,00:00:00.1100000,11,20,27,9364,9389,6661,16050,15308,31358,1.5305425032037592,3.3186283113531276,0.3667270243167877,2,11,8,1.25
9,5,1741,00:00:00.1140000,14,34,49,17928,18012,14008,32020,23643,55663,1.9220771976796074,6.0163177785298325,0.48130661249160767,2,14,10,1.3
9,6,1842,00:00:00.1190000,14,69,97,35264,35606,28527,64133,34778,98911,2.326054900181488,4.9032986580833775,0.5495213866233826,3,14,8,1.625
9,7,1938,00:00:00.1260000,17,113,166,67896,68919,59630,128549,52220,180769,2.6517026039825615,2.881451196299562,0.5531168580055237,3,17,11,1.4545455
9,8,2034,00:00:00.1400000,25,198,288,128931,131966,124330,256296,80236,336532,2.9247659600871785,2.3987943146869144,0.42408299446105957,4,25,17,1.4117647
9,9,2127,00:00:00.1630000,38,390,525,253950,261289,252985,514274,123493,637767,3.3990234298090174,3.6020088499415523,0.32977917790412903,6,38,25,1.48
9,10,2164,00:00:00.1800000,39,809,992,701023,722316,359409,1081725,148885,1230610,6.1151160518271155,5.038931171156692,0.21011655032634735,8,39,23,1.6521739
9,11,2171,00:00:00.1870000,33,1642,1839,1583298,1641028,424222,2065250,157062,2222312,7.734022906616443,2.155381655583803,0.1195644661784172,8,34,21,1.5714285
9,12,2178,00:00:00.2010000,32,3487,3728,3637548,3803458,581351,4384809,170296,4555105,8.543514477334732,1.6481374970878797,0.06676985323429108,6,33,23,1.3913044
9,13,2185,00:00:00.2260000,39,7073,7411,7685732,8098772,938516,9037288,192110,9229398,8.961520255975618,1.7530480183946857,0.04177183657884598,6,40,32,1.21875
9,14,2192,00:00:00.2770000,45,14104,14614,15214041,16281205,1686290,17967495,227178,18194673,9.297775456238089,2.265025400904294,0.058804187923669815,5,45,35,1.2571429
9,15,2199,00:00:00.3780000,58,28368,29258,30455876,33130355,3199233,36329588,282580,36612168,9.745814994781302,3.69407916962175,0.1314401626586914,7,58,43,1.3255814
9,16,2205,00:00:00.5750000,63,58206,59678,61965112,68700917,5833155,74534072,358074,74892146,10.448510122922073,6.994714006072562,0.3308808207511902,7,63,45,1.3777778
9,17,2209,00:00:00.7990000,62,107771,109925,113814733,128123039,9244079,137367118,435706,137802824,11.151379408850346,10.595564315149549,0.3405500650405884,5,62,45,1.3555555
9,18,2213,00:00:01.3000000,62,225583,228984,235706795,269697649,15987989,285685638,556393,286242031,11.886962461137363,13.301890422285137,0.35007041692733765,4,62,44,1.3863636
9,19,2217,00:00:02.3720000,62,503925,509872,516108169,606610994,30745011,637356005,757642,638113647,12.501353153354176,13.591630197085731,0.365682989358902,4,62,44,1.3863636
9,20,2220,00:00:04.1870000,71,926162,936049,933911843,1117625244,53140260,1170765504,998207,1171763711,12.864775046010418,12.622898566914193,0.40777456760406494,5,71,51,1.372549
10,0,863,00:00:00.0900000,2,2,3,863,863,139,1002,1125,2127,1.0057937427578216,1.0116546311856693,0,1,2,1,1
10,1,1020,00:00:00.1150000,3,4,7,1482,1483,522,2005,2655,4660,1.0256410256410255,1.0527323832438762,0,1,3,2,1
10,2,1162,00:00:00.1790000,6,7,11,2790,2791,1242,4033,4838,8871,1.1304659498207885,1.299029139008144,0.036848023533821106,1,6,5,1
10,3,1300,00:00:00.1900000,7,11,18,5116,5122,2905,8027,8394,16421,1.3616106333072713,1.952148144338026,0.09402551501989365,1,7,6,1
10,4,1422,00:00:00.1990000,7,18,30,9692,9723,6315,16038,13560,29598,1.6327899298390425,2.206115089200179,0.16694875061511993,1,7,6,1
10,5,1547,00:00:00.2100000,9,29,46,17731,17842,14252,32094,22375,54469,1.827928486830974,1.7150384154817953,0.19156600534915924,2,9,7,1.1428572
10,6,1677,00:00:00.2270000,16,61,86,32201,32562,31516,64078,36710,100788,1.9776093910127015,1.5784046530296323,0.19785542786121368,3,16,13,1.1538461
10,7,1794,00:00:00.2500000,26,103,142,63969,64817,63271,128088,57458,185546,2.5498131907642763,2.6659492252207952,0.1648532748222351,3,26,20,1.25
10,8,1872,00:00:00.2750000,29,190,259,139752,142288,116073,258361,80151,338512,3.3234229206022095,2.61136437232673,0.11986926198005676,4,29,20,1.4
10,9,1939,00:00:00.3160000,34,423,535,287217,292914,223984,516898,111490,628388,3.775633057931808,1.9731800465086624,0.0985267162322998,5,34,25,1.32
10,10,2003,00:00:00.3720000,34,750,978,563274,584433,442947,1027380,159261,1186641,4.202590568710788,2.3222538315920542,0.08912701159715652,6,35,25,1.36
10,11,2052,00:00:00.4300000,45,1485,1859,1221650,1279125,798769,2077894,216433,2294327,5.120184177137478,4.883628528366758,0.119380883872509,6,45,32,1.375
10,12,2081,00:00:00.4940000,52,3001,3551,2709804,2858666,1289953,4148619,270691,4419310,6.200000442836456,9.018635346636122,0.18632464110851288,6,52,35,1.4571428
10,13,2099,00:00:00.5680000,55,6220,6993,5978897,6361027,1979254,8340281,323932,8664213,7.372739486898671,15.284472954734374,0.2440258264541626,8,55,35,1.5428572
10,14,2109,00:00:00.6590000,58,12644,13643,12967996,13914647,2827996,16742643,370686,17113329,8.64995046266208,16.938622784188933,0.2623344957828522,8,59,36,1.6111112
10,15,2116,00:00:00.8150000,54,28409,29708,29910318,32671758,4185146,36856904,424217,37281121,9.890641985150408,14.745860817483274,0.4005477726459503,8,54,28,1.8928572
10,16,2120,00:00:01.0030000,61,51584,53201,54792239,60380031,5795919,66175950,472453,66648403,10.572200051908812,11.697089448106524,0.395342081785202,7,61,35,1.7142857
10,17,2125,00:00:01.3960000,77,118124,120582,125917242,140565219,10035409,150600628,569051,151169679,11.313865109910841,9.043945908615152,0.4192933738231659,7,77,45,1.6888889
10,18,2129,00:00:02.0840000,87,236625,240568,247202588,282541790,17345034,299886824,696493,300583317,11.790090979953657,8.96955836952361,0.37178653478622437,7,87,55,1.5636364
10,19,2133,00:00:03.4880000,86,474879,481652,476483933,568579368,32111067,600690435,898588,601589023,12.208637353990277,10.473739519225239,0.3469221591949463,6,87,55,1.5636364
10,20,2137,00:00:06.2780000,91,950700,963202,916026452,1139585639,61873821,1201459460,1219085,1202678545,12.579437252975747,13.937455676095032,0.37297096848487854,7,92,60,1.5166667
11,0,1123,00:00:00.0200000,2,2,4,848,848,154,1002,1371,2373,1.0011792452830188,1.0023612176242818,0,1,2,1,1
11,1,1252,00:00:00.0300000,2,2,4,1553,1553,457,2010,2526,4536,1.003219575016098,1.0064599404508383,0,1,2,1,1
11,2,1414,00:00:00.0480000,4,4,6,2700,2700,1302,4002,5001,9003,1.0133333333333334,1.0270767608279154,0,1,4,3,1
11,3,1595,00:00:00.0840000,7,9,11,4765,4767,3256,8023,9761,17784,1.1078698845750263,1.2435236737645867,0.038415271788835526,1,7,6,1
11,4,1765,00:00:00.0870000,8,18,24,8931,8954,7106,16060,17034,33094,1.3725226738327174,2.040692467337567,0.14496836066246033,2,8,6,1.1666666
11,5,1897,00:00:00.0910000,9,34,43,17556,17659,14382,32041,26218,58259,1.857427660059239,3.3261087349689706,0.16725702583789825,2,9,7,1.1428572
11,6,1998,00:00:00.0950000,14,41,59,35431,35655,28676,64331,37399,101730,2.363184781688352,2.9695696837808656,0.13280563056468964,3,14,11,1.1818181
11,7,2089,00:00:00.1010000,17,96,133,69680,70228,58554,128782,53982,182764,2.72997990815155,2.1233137590219577,0.09216540306806564,4,17,13,1.2307693
11,8,2174,00:00:00.1110000,22,189,253,136555,138197,118178,256375,79005,335380,3.1637948079528395,2.422819868775401,0.082344189286232,4,22,17,1.2352941
11,9,2240,00:00:00.1260000,22,374,477,287110,294189,220266,514455,109490,623945,3.8787433387900108,3.9212655859265224,0.13075070083141327,5,22,15,1.4
11,10,2293,00:00:00.1490000,32,731,915,603923,623112,410448,1033560,149066,1182626,4.480155582748131,3.441124896208289,0.12973015010356903,5,32,25,1.24
11,11,2341,00:00:00.1910000,42,1457,1795,1218453,1270735,785114,2055849,206230,2262079,4.956864154793004,3.4849910215094297,0.19882653653621674,5,42,32,1.28125
11,12,2385,00:00:00.2670000,60,2903,3509,2487637,2637497,1506797,4144294,289415,4433709,5.526032134109599,5.663854948767174,0.4283711612224579,7,60,39,1.5128205
11,13,2414,00:00:00.3540000,72,5927,6880,5345036,5717576,2500090,8217666,374867,8592533,6.689851106709104,12.931774854913325,0.4215141236782074,8,72,43,1.6511627
11,14,2426,00:00:00.4330000,68,13364,14566,13360447,14458480,3452448,17910928,431060,18341988,8.68563476955524,10.344615606322431,0.28707608580589294,9,68,42,1.5952381
11,15,2432,00:00:00.5220000,74,28374,29821,29532211,32248585,4631498,36880083,478098,37358181,9.90800126682015,5.806602350711425,0.1931695193052292,10,74,48,1.5208334
11,16,2436,00:00:00.6680000,63,50923,52717,53080921,59366439,6222105,65588544,526398,66114942,10.586056409985803,5.235650043327597,0.24416854977607727,10,63,40,1.55
11,17,2441,00:00:00.9660000,60,115676,118282,120191647,137170108,10358866,147528974,621872,148150846,11.33987043209417,6.9552520476568045,0.19224688410758972,9,61,41,1.4634147
11,18,2445,00:00:01.5110000,62,239435,243400,247238636,286173273,17580345,303753618,748490,304502108,11.937864108747146,9.976773939320603,0.2876884341239929,8,63,42,1.4761904
11,19,2448,00:00:02.2890000,64,425471,431249,434611148,510743934,27962100,538706034,893915,539599949,12.339308392521952,11.571935804087746,0.275239497423172,7,65,43,1.4883721
11,20,2452,00:00:04.3530000,66,925558,936311,919509713,1114654775,55696960,1170351735,1199235,1171550970,12.808323198212916,11.00847518786584,0.23347783088684082,6,67,49,1.3469387
12,0,757,00:00:00.0210000,1,1,2,845,845,163,1008,1272,2280,1,1,0,0,1,1,0
12,1,893,00:00:00.0300000,1,2,3,1515,1516,499,2015,2566,4581,1,1,0,0,1,1,0
12,2,1051,00:00:00.0480000,3,4,7,2723,2724,1297,4021,5011,9032,1.0040396621373484,1.0081185057412805,0,1,3,2,1
12,3,1235,00:00:00.0610000,5,8,13,4741,4746,3259,8005,9845,17850,1.0379666736975321,1.079844386192925,0.027291875332593918,1,5,4,1
12,4,1429,00:00:00.0650000,7,20,32,8514,8543,7483,16026,18175,34201,1.191566831101715,1.4960270392139694,0.12510359287261963,1,7,6,1
12,5,1597,00:00:00.0710000,18,36,53,16401,16512,15506,32018,29830,61848,1.5970367660508507,3.2235833674509164,0.27154040336608887,3,18,13,1.3076923
12,6,1703,00:00:00.0760000,23,63,89,35278,35599,28856,64455,41406,105861,2.4830772719541923,6.189459070584534,0.27599772810935974,4,23,17,1.2941177
12,7,1764,00:00:00.0810000,24,116,151,77867,78803,50375,129178,52279,181457,3.2990869045937306,3.2141298884673963,0.22015409171581268,4,24,17,1.3529412
12,8,1816,00:00:00.0890000,27,231,289,159247,161611,94926,256537,67489,324026,3.7881153177139915,2.4108580055417272,0.16302764415740967,5,27,19,1.3684211
12,9,1867,00:00:00.1030000,31,436,540,316763,325288,189687,514975,91330,606305,4.181937284341921,2.796294614851141,0.12290295213460922,5,31,23,1.3043479
12,10,1913,00:00:00.1260000,43,808,976,638622,662281,368781,1031062,125419,1156481,4.72115586371907,4.622846881202155,0.11661559343338013,7,43,31,1.3548387
12,11,1946,00:00:00.1570000,45,1614,1887,1387464,1462896,645101,2107997,164067,2272064,5.749724677541183,8.148399732048368,0.13239383697509766,8,45,34,1.2941177
12,12,1965,00:00:00.1910000,53,3207,3587,2986322,3187170,1011803,4198973,199959,4398932,6.801729016495877,6.16725693708464,0.13313981890678406,8,53,41,1.2682927
12,13,1977,00:00:00.2340000,59,6468,7002,6471651,6939974,1512284,8452258,235545,8687803,8.093989771698133,6.260353773680557,0.1041949912905693,9,60,46,1.2826087
12,14,1983,00:00:00.2720000,57,13378,14057,13993051,15060720,2054646,17115366,263601,17378967,9.510989704818485,4.738691294527539,0.09592831134796143,7,57,46,1.2173913
12,15,1987,00:00:00.3250000,51,25941,26773,27622174,29988753,2813271,32802024,292980,33095004,10.383739527525965,3.942176049352548,0.08261547237634659,8,51,39,1.2820513
12,16,1991,00:00:00.4480000,57,52680,53806,56824175,62143453,4376747,66520200,339378,66859578,10.98889298436801,4.266460575302754,0.08472441136837006,8,57,42,1.3333334
12,17,1995,00:00:00.6760000,66,105863,107629,113662319,126347894,7620255,133968149,413777,134381926,11.37406721395505,5.344255230362019,0.07994270324707031,7,66,49,1.3265306
12,18,1999,00:00:01.1610000,76,207061,210094,216840856,248038964,14143802,262182766,531358,262714124,11.70609404438064,7.094064159214382,0.1048712208867073,7,76,58,1.2931035
12,19,2004,00:00:02.4050000,76,463064,469507,457219333,555180490,31518202,586698692,773176,587471868,12.042351835546727,10.489841635524765,0.2524353861808777,6,76,56,1.3392857
12,20,2008,00:00:04.4580000,88,872974,885138,821911122,1046633175,59822192,1106455367,1083515,1107538882,12.341997001228071,15.277620553736782,0.5091747045516968,5,88,67,1.2985075
13,0,1082,00:00:00.0300000,1,1,1,858,858,145,1003,1122,2125,1,1,0,0,1,1,0
13,1,1224,00:00:00.0420000,3,3,3,1500,1500,501,2001,2459,4460,1.0066666666666666,1.013444111572231,0,1,3,2,1
13,2,1377,00:00:00.0710000,5,6,7,2739,2740,1265,4005,4825,8830,1.0704636728733115,1.1548445426444875,0.052057452499866486,1,5,4,1
13,3,1533,00:00:00.0740000,7,9,13,4971,4975,3059,8034,8817,16851,1.2383826191913097,1.6632364887078477,0.16525883972644806,2,7,5,1.2
13,4,1667,00:00:00.0770000,8,17,22,9413,9440,6566,16006,14472,30478,1.5740996494210135,3.301220559646099,0.36856767535209656,2,8,5,1.4
13,5,1783,00:00:00.0800000,9,32,40,18189,18288,13819,32107,22541,54648,1.9478805871680687,4.824838890451777,0.49172067642211914,2,9,5,1.6
13,6,1882,00:00:00.0850000,13,51,63,35839,36110,28234,64344,33413,97757,2.3402717709757526,3.966596385709918,0.38344305753707886,3,13,8,1.5
13,7,1976,00:00:00.0920000,18,110,136,68668,69458,58912,128370,50446,178816,2.6655647463156056,2.545381453679695,0.27934765815734863,3,18,12,1.4166666
13,8,2070,00:00:00.1040000,23,201,265,131014,133686,123264,256950,77896,334846,2.958935686262537,2.2213450265513623,0.2341158241033554,3,23,17,1.2941177
13,9,2164,00:00:00.1260000,33,365,497,252041,258585,256127,514712,121927,636639,3.295900270194135,2.9348441569656005,0.174362450838089,4,33,25,1.28
13,10,2253,00:00:00.1670000,40,712,967,493672,513795,515974,1029769,188095,1217864,3.723032701874929,4.44796266529688,0.15571467578411102,5,40,30,1.3
13,11,2321,00:00:00.2270000,45,1434,1844,1056261,1115472,940428,2055900,267781,2323681,4.58809991091217,6.67939720368649,0.1321675330400467,7,46,30,1.5
13,12,2362,00:00:00.2940000,51,2934,3582,2458876,2611409,1549013,4160422,344173,4504595,5.769881848454334,6.266459937534437,0.1255621463060379,9,52,37,1.3783784
13,13,2379,00:00:00.3430000,49,6234,7058,5836534,6240065,2116224,8356289,392723,8749012,7.815534356520496,7.510119312305613,0.08124639093875885,10,50,35,1.4
13,14,2385,00:00:00.3830000,47,14310,15246,15064348,16091144,2643910,18735054,421350,19156404,9.76794349148068,3.5567806742266,0.05075950175523758,9,47,36,1.2777778
13,15,2389,00:00:00.4450000,45,29253,30363,31932100,34431471,3488147,37919618,453246,38372864,10.595322011392925,3.1054097492465567,0.04778755083680153,10,45,34,1.2941177
13,16,2393,00:00:00.5740000,49,60160,61617,65636398,72020087,5299081,77319168,504552,77823720,11.069856971736932,3.539422929240102,0.051884643733501434,10,49,37,1.2972972
13,17,2397,00:00:00.8380000,55,119114,121316,126735877,142877807,9029390,151907197,586342,152493539,11.384780822560607,4.516031443110519,0.07656235992908478,8,55,42,1.2857143
13,18,2401,00:00:01.3410000,65,225321,228976,231495529,269887557,16296476,286184033,712929,286896962,11.622952653223813,6.062451365499978,0.12757934629917145,7,65,50,1.28
13,19,2406,00:00:02.6240000,93,478943,486361,471643340,572051350,34731190,606782540,965100,607747640,11.924747403408686,9.439881494475923,0.24529249966144562,7,93,68,1.3529412
13,20,2410,00:00:04.6810000,104,865861,879334,806188531,1034331379,63367691,1097699070,1278749,1098977819,12.19969907758462,13.813506894676834,0.2870195508003235,7,104,74,1.3918918
14,0,957,00:00:00.0200000,2,2,2,829,829,178,1007,1364,2371,1.0132689987937273,1.0268900204189282,0,1,2,1,1
14,1,1081,00:00:00.0370000,2,2,2,1546,1546,460,2006,2505,4511,1.0672703751617076,1.1434977451337083,0,1,2,1,1
14,2,1207,00:00:00.0470000,2,4,4,2829,2832,1173,4005,4417,8422,1.2177447861435136,1.5166772951547556,0,1,2,1,1
14,3,1327,00:00:00.0640000,5,11,11,5254,5273,2745,8018,7441,15459,1.457936810049486,2.0407266441530165,0.021992027759552002,2,5,3,1.3333334
14,4,1434,00:00:00.0760000,10,20,26,10025,10056,5947,16003,11954,27957,1.8273316708229426,2.3482344191551388,0.03830748423933983,2,10,8,1.125
14,5,1525,00:00:00.0790000,12,34,48,19428,19504,12529,32033,18208,50241,2.228793493926292,2.84958425898071,0.0735245868563652,3,12,9,1.2222222
14,6,1608,00:00:00.0830000,12,70,89,37948,38374,26156,64530,27371,91901,2.5610572362179824,2.771730478988039,0.10827551782131195,3,12,9,1.2222222
14,7,1691,00:00:00.0900000,22,120,152,71637,72788,55687,128475,42448,170923,2.822926699889722,2.5054380757559707,0.11929544061422348,3,22,18,1.1666666
14,8,1776,00:00:00.1010000,36,200,267,136816,139251,117644,256895,67423,324318,3.105316629633961,2.896647469118352,0.2359468787908554,4,36,29,1.2068965
14,9,1857,00:00:00.1210000,48,373,488,269024,275620,238792,514412,105079,619491,3.569785595337219,4.620441169652561,0.24278588593006134,5,48,38,1.2368422
14,10,1911,00:00:00.1460000,53,749,940,588063,609340,415204,1024544,144676,1169220,4.576004611750782,5.663055744549877,0.16348323225975037,5,53,43,1.2093023
14,11,1947,00:00:00.1780000,58,1506,1807,1318743,1377046,704079,2081125,187485,2268610,5.490403361382771,3.6689475633469257,0.10652264207601547,6,58,44,1.2954545
14,12,1973,00:00:00.2220000,63,3121,3593,2873649,3033043,1171705,4204748,236334,4441082,6.5080735329888935,5.171634926633453,0.09942381829023361,10,63,41,1.5121951
14,13,1982,00:00:00.2540000,46,6844,7399,7019943,7457820,1525617,8983437,262532,9245969,8.884802768341567,7.155715696799248,0.0812879353761673,10,47,27,1.7037038
14,14,1986,00:00:00.2820000,36,14902,15523,16131554,17153340,1918062,19071402,282050,19353452,10.307638433346224,4.5305596129691805,0.09285692870616913,9,36,21,1.6666666
14,15,1989,00:00:00.3260000,33,28960,29693,31770842,33929999,2552049,36482048,305483,36787531,10.970739396834368,3.447990658282433,0.07250050455331802,10,33,19,1.6842105
14,16,1992,00:00:00.4290000,34,54521,55483,60329210,64920449,3804044,68724493,341557,69066050,11.36956378178995,2.8764215924700216,0.08223880082368851,9,34,22,1.5
14,17,1996,00:00:00.6630000,34,118125,119727,128642656,141245508,7319039,148564547,419500,148984047,11.651469074145982,2.5002061897993513,0.07155982404947281,6,34,25,1.32
14,18,2000,00:00:01.1910000,37,233751,236790,246849505,279628540,14677806,294306346,546262,294852608,11.821391503296715,2.3746058601283337,0.09088137745857239,5,37,29,1.2413793
14,19,2004,00:00:02.1640000,36,430839,436788,432375885,514925100,28824713,543749813,742063,544491876,11.938760738240525,2.3860059855353075,0.08503087610006332,5,36,29,1.2068965
14,20,2009,00:00:04.6130000,58,868527,881614,822861891,1034976631,63295311,1098271942,1123026,1099394968,12.120462641524858,2.77451319133786,0.13128019869327545,6,58,46,1.2391304
15,0,908,00:00:00.0180000,1,1,1,836,836,165,1001,1333,2334,1,1,0,0,1,1,0
15,1,1049,00:00:00.0290000,3,3,3,1529,1529,485,2014,2615,4629,1.0045781556572924,1.0092087197663848,0,1,3,2,1
15,2,1212,00:00:00.0580000,5,5,5,2699,2699,1316,4015,5228,9243,1.017784364579474,1.036378359656764,0,1,5,4,1
15,3,1397,00:00:00.0600000,5,6,8,4743,4745,3256,8001,10062,18063,1.0744254691123762,1.1637583635765272,0.05097661912441254,1,5,4,1
15,4,1578,00:00:00.0640000,6,12,18,8623,8645,7389,16034,17870,33904,1.2976922184854458,1.8599267922963008,0.16915267705917358,1,6,5,1
15,5,1735,00:00:00.0680000,10,24,35,16556,16639,15423,32062,28867,60929,1.6297414834501087,2.9356043906251355,0.2795158624649048,2,10,8,1.125
15,6,1878,00:00:00.0730000,18,46,69,31312,31496,32630,64126,44803,108929,1.8923415942769546,2.9136949346214065,0.32482442259788513,4,18,14,1.2142857
15,7,1969,00:00:00.0800000,21,113,142,72611,73484,56264,129748,60321,190069,3.2914847612620677,4.163357277815018,0.25598812103271484,6,21,14,1.4285715
15,8,1997,00:00:00.0830000,24,198,239,174742,176967,79425,256392,68279,324671,4.782015771823603,3.8668435833386,0.13555580377578735,7,24,16,1.4375
15,9,2015,00:00:00.0880000,25,430,484,406286,413967,119097,533064,76574,609638,5.875489187419699,3.5985974671478456,0.09118695557117462,9,25,16,1.5
15,10,2027,00:00:00.0940000,28,807,879,838678,856295,179854,1036149,85495,1121644,6.776466057294933,3.815896604864699,0.0636352151632309,10,28,18,1.5
15,11,2035,00:00:00.1020000,31,1876,1977,1990324,2037558,268528,2306086,94923,2401009,8.246659337876647,5.145659324714291,0.04405377805233002,10,31,20,1.5
15,12,2039,00:00:00.1100000,29,3526,3646,3921995,4031576,366434,4398010,102574,4500584,9.253427401105816,5.166377975761969,0.047221604734659195,9,30,19,1.5263158
15,13,2043,00:00:00.1250000,25,7758,7911,8951760,9284881,578941,9863822,114970,9978792,10.178703070681072,5.724741579944895,0.09100934863090515,8,25,15,1.6
15,14,2046,00:00:00.1500000,23,15172,15388,17433555,18265826,918241,19184067,130099,19314166,10.722449150503154,5.731292196891645,0.10766743868589401,7,23,14,1.5714285
15,15,2049,00:00:00.2020000,27,29632,29937,33839796,35701130,1590252,37291382,153708,37445090,11.120705219381346,4.980601854788968,0.24843300879001617,8,27,15,1.7333333
15,16,2052,00:00:00.2960000,30,55609,56136,62819091,67176793,2901632,70078425,190358,70268783,11.396574585900964,4.139933125054173,0.25875324010849,8,30,18,1.6111112
15,17,2056,00:00:00.5540000,41,119695,120858,133050104,144875552,6518629,151394181,269165,151663346,11.660740190026457,3.5594366132706576,0.4948485195636749,8,41,28,1.4285715
15,18,2060,00:00:01.1260000,41,241498,244079,257934327,290563940,14094274,304658214,397971,305056185,11.875755947753321,3.43734482232573,0.4952680170536041,7,41,28,1.4285715
15,19,2064,00:00:02.1780000,47,466359,471868,478165615,558894962,29025425,587920387,600279,588520666,12.118370309835013,3.8255800318202486,0.49065783619880676,6,47,32,1.4375
15,20,2068,00:00:04.2530000,48,891119,902321,869022392,1067759525,57664434,1125423959,912509,1126336468,12.438821478606963,4.572648624886475,0.4850887358188629,5,48,34,1.382353
16,0,851,00:00:00.0200000,1,1,1,830,830,172,1002,1315,2317,1,1,0,0,1,1,0
16,1,972,00:00:00.0290000,2,2,2,1556,1556,447,2003,2370,4373,1.0173521850899743,1.0353061465552436,0,1,2,1,1
16,2,1122,00:00:00.0490000,7,7,7,2783,2783,1218,4001,4643,8644,1.0984549047790155,1.219789881829409,0.033312153071165085,1,7,6,1
16,3,1270,00:00:00.0600000,10,14,17,5051,5057,2968,8025,8524,16549,1.3298356761037418,1.8804146069045107,0.1184755489230156,2,10,8,1.125
16,4,1383,00:00:00.0630000,13,20,30,9947,9961,6056,16017,13325,29342,1.8017492711370262,3.4504515259416944,0.20866860449314117,3,13,10,1.2
16,5,1461,00:00:00.0660000,14,36,50,20243,20334,11744,32078,18700,50778,2.464901447413921,5.769868389603321,0.2487276792526245,4,14,10,1.3
16,6,1513,00:00:00.0680000,18,63,80,43336,43602,21302,64904,24482,89386,3.3252030644268045,5.385624467204736,0.19799146056175232,5,18,13,1.3076923
16,7,1541,00:00:00.0710000,20,114,131,93798,94504,33828,128332,29442,157774,4.426842789824943,4.10341234092506,0.12362919002771378,6,20,14,1.3571428
16,8,1561,00:00:00.0740000,20,218,243,200826,202946,55775,258721,35207,293928,5.231583559897623,2.5068709638986593,0.06845896691083908,6,20,14,1.3571428
16,9,1580,00:00:00.0780000,20,413,456,418033,424826,102793,527619,44111,571730,5.742850444821342,2.1246652752287325,0.043873053044080734,7,20,12,1.5833334
16,10,1598,00:00:00.0860000,18,795,862,807167,828772,196613,1025385,57630,1083015,6.081091025772857,2.3210077357283683,0.07698213309049606,7,18,10,1.7
16,11,1618,00:00:00.1050000,29,1605,1726,1653726,1705397,409834,2115231,81480,2196711,6.46398254608079,3.2287546975766714,0.08317289501428604,7,29,19,1.4736842
16,12,1635,00:00:00.1330000,37,3146,3388,3293544,3415054,782355,4197409,113988,4311397,7.03358297323491,5.517326156739863,0.11572819948196411,8,37,26,1.3846154
16,13,1648,00:00:00.1760000,37,6377,6780,6705638,7085625,1364565,8450190,153040,8603230,7.867244250286102,8.871470200077836,0.22297227382659912,8,37,25,1.44
16,14,1657,00:00:00.2370000,47,12710,13318,13659732,14558767,2199887,16758654,195705,16954359,8.779728182075607,9.21625670038441,0.18433411419391632,9,47,31,1.483871
16,15,1663,00:00:00.3170000,47,26164,27024,27981458,30306576,3332230,33638806,240069,33878875,9.894420512326413,9.419235238476713,0.14744092524051666,8,47,31,1.483871
16,16,1667,00:00:00.4500000,40,53367,54549,57381748,63119451,4883944,68003395,286625,68290020,10.963538893935402,6.888447635519792,0.1306251585483551,7,40,27,1.4444444
16,17,1671,00:00:00.6980000,39,128597,130334,138742981,154412945,8420046,162832991,365377,163198368,11.880121798738056,3.8344639018275815,0.10009613633155823,8,39,24,1.5833334
16,18,1674,00:00:01.1520000,42,253947,256660,270759773,305655434,14254226,319909660,464299,320373959,12.319465702166918,2.8396948925457854,0.08928468078374863,8,42,27,1.5185186
16,19,1677,00:00:02.0210000,54,482654,487172,509326588,582937016,25691940,608628956,618189,609247145,12.615267866204542,2.4856428273031073,0.0884103998541832,8,54,40,1.325
16,20,1680,00:00:03.5770000,50,877867,886102,890198054,1059727533,47171776,1106899309,851467,1107750776,12.822797206429302,2.3519468887875274,0.0766124501824379,9,50,38,1.2894737
17,0,362,00:00:00.0270000,3,3,3,916,916,105,1021,552,1573,1.99235807860262,1.051793950768028,0,2,3,1,2
17,1,411,00:00:00.0520000,3,4,4,1723,1724,282,2006,1008,3014,2.000580383052815,1.0416749622423271,0,2,3,1,2
17,2,467,00:00:00.0560000,4,5,6,3252,3253,772,4025,1905,5930,2.0292127921279213,1.075139423528559,0,3,4,1,3
17,3,529,00:00:00.0570000,4,10,11,6053,6069,1935,8004,3504,11508,2.1784239220221377,1.3038529619684591,0,3,4,1,3
17,4,583,00:00:00.0580000,6,13,15,11860,11876,4222,16098,5784,21882,2.6419898819561554,2.0987371634939853,0.01662815921008587,3,6,3,1.6666666
17,5,625,00:00:00.0760000,5,27,30,23720,23822,8483,32305,8700,41005,3.1889544688026983,2.2842169774068437,0.018758499994874,2,5,3,1.3333334
17,6,664,00:00:00.0780000,8,62,69,46778,47027,17464,64491,13154,77645,3.5605199025182777,1.721424838723461,0.016300499439239502,3,8,5,1.4
17,7,706,00:00:00.0810000,9,112,127,90121,91075,37897,128972,20892,149864,3.7939326017243484,1.4026303075931141,0.02448660507798195,3,9,6,1.3333334
17,8,752,00:00:00.0870000,15,206,251,171095,173766,83351,257117,34313,291430,3.956153014407201,1.3491254893976845,0.059787627309560776,3,15,12,1.1666666
17,9,804,00:00:00.0990000,23,409,481,321503,329433,186048,515481,58870,574351,4.1329878725859475,1.5749445977800052,0.13497452437877655,4,23,16,1.375
17,10,857,00:00:00.1300000,38,760,904,614730,634844,389889,1024733,98308,1123041,4.46971190604005,2.543680162679,0.26653802394866943,5,38,27,1.3703704
17,11,901,00:00:00.1700000,45,1548,1811,1286092,1344863,738056,2082919,150103,2233022,5.2426459382376995,6.3459309643197015,0.37492433190345764,7,45,29,1.5172414
17,12,928,00:00:00.2140000,51,3070,3506,2763458,2924954,1208858,4133812,200453,4334265,6.312858382504818,11.83647642720111,0.3565027415752411,8,51,31,1.6129032
17,13,944,00:00:00.2700000,59,6382,7014,6193423,6605419,1841164,8446583,247855,8694438,7.557691764311916,9.983903493782284,0.24471141397953033,7,59,39,1.4871795
17,14,954,00:00:00.3310000,63,12633,13514,12811621,13871599,2722570,16594169,295225,16889394,8.526995764236235,8.032928306020443,0.17875051498413086,7,63,39,1.5897436
17,15,963,00:00:00.4620000,78,27414,28772,28374045,31187196,4471051,35658247,364187,36022434,9.352114124017213,8.383775206682015,0.16567687690258026,9,78,50,1.54
17,16,969,00:00:00.6690000,79,51026,52954,52050416,58903523,6851225,65754748,436472,66191220,10.028420368436633,9.691797677066635,0.14520993828773499,10,79,51,1.5294118
17,17,974,00:00:00.9530000,78,103158,105891,106195837,121676023,10676710,132352733,528051,132880784,11.062469445012237,12.80326741859431,0.18024642765522003,8,78,49,1.5714285
17,18,978,00:00:01.4600000,80,236916,240856,251109001,284277621,17290586,301568207,647927,302216134,12.213472921267366,10.32869345612524,0.17259681224822998,8,80,51,1.5490196
17,19,981,00:00:02.2860000,64,497402,502901,526469120,601462488,28289027,629751515,799009,630550524,12.933949252332216,6.4748355432637155,0.20026345551013947,7,64,41,1.5365853
17,20,984,00:00:04.1210000,51,1045124,1053938,1094651440,1265217069,51724052,1316941121,1046658,1317987779,13.369270468415042,4.571013324048757,0.42720934748649597,6,51,34,1.4705882
18,0,728,00:00:00.0170000,3,3,4,839,839,162,1001,1320,2321,1.0595947556615017,1.1265818200209787,0.009691689163446426,1,3,2,1
18,1,834,00:00:00.0370000,3,4,5,1577,1578,426,2004,2303,4307,1.190868738110336,1.4532489769321617,0.0486164353787899,1,3,2,1
18,2,931,00:00:00.0380000,6,6,8,2959,2959,1051,4010,3845,7855,1.4430550861777627,2.085560505059479,0.0827302411198616,2,6,4,1.25
18,3,1025,00:00:00.0560000,6,9,12,5529,5538,2479,8017,6322,14339,1.6860191716404413,2.1812905576818906,0.2429891675710678,2,6,4,1.25
18,4,1120,00:00:00.0610000,8,19,25,10355,10379,5709,16088,10419,26507,1.9329792370835346,2.160195200375106,0.15393085777759552,2,8,6,1.1666666
18,5,1209,00:00:00.0640000,9,37,50,19645,19750,12447,32197,16567,48764,2.2106388393993384,2.51120153464652,0.15211406350135803,3,9,6,1.3333334
18,6,1293,00:00:00.0680000,11,66,89,37493,37860,26277,64137,25944,90081,2.5305523697756915,2.9075315217351316,0.22935178875923157,3,11,8,1.25
18,7,1376,00:00:00.0740000,16,109,148,72733,73570,55353,128923,40898,169821,2.8675016842423657,3.1439914687709805,0.18960586190223694,3,16,12,1.25
18,8,1454,00:00:00.0840000,23,197,268,141347,143466,113595,257061,63653,320714,3.2283882926415135,4.120287354241201,0.180255725979805,4,23,17,1.2941177
18,9,1530,00:00:00.1060000,30,394,508,275203,281489,232733,514222,99206,613428,3.591606922889649,5.888401733220151,0.2185584157705307,5,30,21,1.3809524
18,10,1591,00:00:00.1340000,36,751,957,585764,604689,429185,1033874,143777,1177651,4.5318251036253505,8.885202381893333,0.2880874276161194,7,37,22,1.6363636
18,11,1618,00:00:00.1580000,39,1548,1832,1377931,1433415,643066,2076481,175209,2251690,5.936586810224895,3.8675316667316717,0.2908480763435364,6,39,25,1.52
18,12,1637,00:00:00.1900000,49,3139,3540,3029591,3181055,1012435,4193490,211243,4404733,6.791114708222991,3.2200614333637554,0.230595201253891,7,49,34,1.4117647
18,13,1653,00:00:00.2450000,63,6283,6908,6245613,6613130,1694525,8307655,259527,8567182,7.42965310210543,4.128391769781955,0.1896177977323532,7,63,44,1.4090909
18,14,1667,00:00:00.3320000,68,12704,13688,12670010,13808455,2943159,16751614,326322,17077936,8.078325194692033,6.49221567584064,0.149444580078125,7,69,47,1.4468085
18,15,1678,00:00:00.4890000,81,25892,27420,25850036,28802054,4985839,33787893,409542,34197435,8.893511792401373,11.190970218733217,0.24996453523635864,7,82,53,1.5283018
18,16,1686,00:00:00.7660000,82,55451,57803,55977665,63736030,8133241,71869271,506445,72375716,10.017943763820803,13.967517329525922,0.24093475937843323,7,83,56,1.4642857
18,17,1691,00:00:01.0770000,80,110565,113787,111583217,129632256,12288662,141920918,603541,142524459,10.928134183476715,10.015807658582563,0.34369322657585144,6,80,53,1.490566
18,18,1695,00:00:01.5900000,83,214984,219582,214915043,255344496,18933065,274277561,724583,275002144,11.626339139042956,8.504390315156373,0.3040388524532318,6,83,56,1.4642857
18,19,1699,00:00:02.5860000,79,443053,450086,428035889,530045481,32420846,562466327,915885,563382212,12.186596502892774,8.658631955924118,0.30427229404449463,6,79,53,1.4716982
18,20,1703,00:00:04.7150000,85,928973,941329,864117612,1114856322,60741818,1175598140,1226589,1176824729,12.645312167297893,10.364653571326107,0.25491032004356384,5,85,58,1.4482758
1,0,1069,00:00:00.0210000,2,2,4,839,839,163,1002,1382,2384,1.0011918951132301,1.002386669518861,0,1,2,1,1
1,1,1204,00:00:00.0310000,3,4,6,1540,1541,463,2004,2583,4587,1.0097402597402598,1.019708755213476,0,1,3,2,1
1,2,1359,00:00:00.0580000,4,5,9,2723,2724,1291,4015,5016,9031,1.0190965846492839,1.0390504438298516,0,1,4,3,1
1,3,1528,00:00:00.0610000,5,10,18,4859,4869,3157,8026,9405,17431,1.096521918090142,1.21565735305389,0.04366458207368851,1,5,4,1
1,4,1694,00:00:00.0650000,10,19,30,8955,8971,7049,16020,16379,32399,1.3583472920156336,1.9861709665118956,0.10932161659002304,2,10,8,1.125
1,5,1841,00:00:00.0690000,13,36,53,16978,17040,15070,32110,26720,58830,1.7011426552008482,2.5636529706093243,0.17097988724708557,2,13,11,1.0909091
1,6,1968,00:00:00.0770000,19,74,101,32732,33070,31106,64176,40781,104957,2.0951668092386657,2.9174717362157536,0.17883308231830597,3,19,15,1.2
1,7,2072,00:00:00.0860000,25,114,159,66245,67426,61547,128973,59377,188350,2.6554305985357387,4.171151362326824,0.20159003138542175,3,25,18,1.3333334
1,8,2143,00:00:00.0960000,27,209,273,142194,145395,110850,256245,79828,336073,3.4622979872568465,5.929020122077688,0.23285849392414093,4,27,18,1.4444444
1,9,2195,00:00:00.1080000,34,369,464,307552,315103,198667,513770,103743,617513,4.185126417646447,4.329780225572274,0.2166275829076767,4,34,23,1.4347826
1,10,2241,00:00:00.1290000,41,766,936,642769,662396,376723,1039119,138026,1177145,4.718519405882985,3.342486856011161,0.19541321694850922,5,41,29,1.3793104
1,11,2280,00:00:00.1640000,46,1475,1775,1299562,1354128,699057,2053185,184285,2237470,5.322323213513476,4.475348841360786,0.2282286435365677,5,46,33,1.3636364
1,12,2309,00:00:00.2140000,55,2988,3473,2807580,2966027,1212635,4178662,238437,4417099,6.2554545195506455,8.950147298195297,0.21353010833263397,7,55,37,1.4594594
1,13,2326,00:00:00.2670000,66,6301,6998,6152675,6583268,1883452,8466720,289044,8755764,7.483901067421893,12.366843724004573,0.19039465487003326,8,66,46,1.4130435
1,14,2335,00:00:00.3230000,75,12678,13603,13085022,14059084,2665073,16724157,331408,17055565,8.764118699991487,10.137370141411372,0.1551656424999237,10,76,49,1.5306122
1,15,2341,00:00:00.4070000,76,26121,27309,27721813,29989435,3778880,33768315,375926,34144241,9.896037282987228,11.116388882249371,0.16901864111423492,9,76,47,1.5957447
1,16,2346,00:00:00.5830000,67,58821,60405,63041055,69336700,5841177,75177877,436857,75614734,10.93352539864696,13.57968644362944,0.21389925479888916,10,67,41,1.6097561
1,17,2349,00:00:00.7620000,66,104190,106221,111861847,124031809,8332414,132364223,494091,132858314,11.490302667718334,12.73144660050652,0.19334129989147186,9,66,42,1.5476191
1,18,2353,00:00:01.2900000,59,232848,236069,244847627,278662240,15105380,293767620,614836,294382456,12.074581012786373,9.402298790483187,0.27179116010665894,7,59,37,1.5675676
1,19,2356,00:00:02.0150000,68,421955,427097,440501948,506522562,25317365,531839927,758167,532598094,12.403219413231744,7.956994528310289,0.35140374302864075,7,68,46,1.4565217
1,20,2360,00:00:04.0660000,69,897524,907582,902471806,1081310424,52654987,1133965411,1059864,1135025275,12.73113662788486,7.012726651915627,0.31578779220581055,6,70,51,1.3529412
19,0,952,00:00:00.0180000,1,1,1,855,855,149,1004,1201,2205,1,1,0,0,1,1,0
19,1,1078,00:00:00.0380000,2,2,2,1554,1554,454,2008,2315,4323,1.0064350064350065,1.0129527646335335,0,1,2,1,1
19,2,1243,00:00:00.0560000,4,5,5,2695,2696,1315,4011,4969,8980,1.032282003710575,1.0670582579283459,0.013668767176568508,1,4,3,1
19,3,1415,00:00:00.0670000,6,7,9,4897,4900,3132,8032,9343,17375,1.1505003063099857,1.32777442710214,0.04877925291657448,2,6,4,1.25
19,4,1550,00:00:00.0700000,11,16,21,9559,9573,6502,16075,15002,31077,1.6778951773198034,2.618643962546582,0.07516304403543472,3,11,8,1.25
19,5,1629,00:00:00.0730000,13,35,45,20026,20094,11920,32014,20323,52337,2.4059223010086885,3.4184622620996383,0.07604284584522247,3,13,10,1.2
19,6,1689,00:00:00.0750000,16,56,70,41376,41664,22675,64339,26935,91274,3.0190206883217323,3.40176299897807,0.07320094108581543,4,16,12,1.25
19,7,1741,00:00:00.0790000,18,106,127,83341,84148,44316,128464,36343,164807,3.495362426656748,3.5148451139597117,0.07361993938684464,4,18,13,1.3076923
19,8,1789,00:00:00.0850000,21,200,242,165709,168175,88153,256328,50334,306662,3.941216228448666,3.8760988196849144,0.07968360930681229,6,21,14,1.4285715
19,9,1829,00:00:00.1010000,21,405,485,343487,350840,165101,515941,68704,584645,4.67939106865762,5.230783786701337,0.1373891681432724,6,21,14,1.4285715
19,10,1854,00:00:00.1150000,23,810,929,752241,771002,274547,1045549,87162,1132711,5.700323433580461,3.789066334961762,0.15201973915100098,7,23,14,1.5714285
19,11,1873,00:00:00.1320000,29,1557,1742,1563178,1610583,463589,2074172,109802,2183974,6.3818234391732735,2.4242974957663344,0.10698991268873215,6,29,21,1.3333334
19,12,1892,00:00:00.1630000,35,3184,3489,3223301,3359563,871568,4231131,146187,4377318,6.84441943212874,2.2101276308588433,0.07582496851682663,6,35,27,1.2592592
19,13,1910,00:00:00.2260000,48,6391,6933,6382931,6723259,1668027,8391286,201006,8592292,7.285748349778495,2.7715072189804166,0.0830412209033966,7,48,36,1.3055556
19,14,1923,00:00:00.3030000,53,12997,13866,13233466,14118589,2805547,16924136,262220,17186356,8.367331204085158,5.455231073654155,0.12804639339447021,8,53,39,1.3333334
19,15,1930,00:00:00.4020000,56,27857,29050,29292148,31759188,4142112,35901300,315289,36216589,9.741713035179258,7.52910923636724,0.1592462658882141,8,56,43,1.2790698
19,16,1935,00:00:00.5960000,58,59245,60880,62566788,69419309,6283140,75702449,377890,76080339,10.701918436343576,8.117883828550031,0.19488786160945892,7,58,40,1.425
19,17,1939,00:00:00.8550000,64,115805,118140,121081045,137309132,9849362,147158494,457938,147616432,11.288374955799233,9.830364690061545,0.2225726693868637,7,64,44,1.4318181
19,18,1943,00:00:01.3760000,77,230263,233945,236968761,275554589,16984921,292539510,583274,293122784,11.752495186485783,13.08755144900961,0.24124161899089813,6,77,56,1.3571428
19,19,1947,00:00:02.4140000,77,460210,466696,451367487,552532928,31371014,583903942,781790,584685732,12.13650787390453,17.171343640888,0.30589959025382996,6,77,51,1.4901961
19,20,1951,00:00:04.5450000,92,917716,929737,863466854,1102407913,60238748,1162646661,1095914,1163742575,12.499947633195426,22.810169086020384,0.3989834785461426,6,92,63,1.4444444
20,0,987,00:00:00.0620000,2,2,2,841,841,163,1004,1283,2287,1.0011890606420928,1.0023809337855052,0,1,2,1,1
20,1,1120,00:00:00.0860000,2,3,3,1535,1536,487,2023,2533,4556,1.0156351791530944,1.031759057071944,0,1,2,1,1
20,2,1269,00:00:00.1300000,4,5,6,2744,2746,1277,4023,4822,8845,1.0699708454810495,1.1504513330727355,0.017518343403935432,1,4,3,1
20,3,1426,00:00:00.1590000,5,10,15,4934,4945,3061,8006,8972,16978,1.251114714227807,1.6271123267587873,0.061961207538843155,1,5,4,1
20,4,1567,00:00:00.1690000,9,14,23,9352,9379,6684,16063,15005,31068,1.5724978614200171,2.2671839321274865,0.13828033208847046,2,9,7,1.1428572
20,5,1683,00:00:00.1790000,17,36,47,18208,18270,13864,32134,23045,55179,1.945738137082601,2.6663727575418825,0.14896345138549805,3,17,13,1.2307693
20,6,1773,00:00:00.1920000,21,63,84,36948,37165,27406,64571,33069,97640,2.566769513911443,4.881362181699842,0.2171955108642578,3,21,16,1.25
20,7,1838,00:00:00.2060000,26,117,148,77469,78145,50878,129023,44722,173745,3.2056564561308396,6.236242440579158,0.2619307041168213,4,26,18,1.3888888
20,8,1895,00:00:00.2270000,32,207,262,156384,158769,98708,257477,61412,318889,3.671999693063229,4.948094550960286,0.26323404908180237,5,32,22,1.4090909
20,9,1947,00:00:00.2590000,41,399,491,318376,323747,192614,516361,85697,602058,4.21200404553107,5.903369152169134,0.25319892168045044,6,41,27,1.4814814
20,10,1983,00:00:00.2980000,43,779,929,682923,699670,333428,1033098,112157,1145255,5.1781137844237195,8.587498322344388,0.402498334646225,7,43,27,1.5555556
20,11,2006,00:00:00.3470000,43,1608,1820,1503255,1553116,543357,2096473,139431,2235904,6.194681541055909,6.132688909926603,0.324867308139801,6,43,27,1.5555556
20,12,2023,00:00:00.4260000,46,3090,3431,3104560,3239485,890183,4129668,171627,4301295,6.930378539954132,5.9030748765101215,0.24480628967285156,7,46,30,1.5
20,13,2038,00:00:00.5460000,52,6465,6989,6698741,7102747,1550226,8652973,216972,8869945,7.746568049130426,8.073098270286668,0.20717722177505493,8,53,35,1.4857143
20,14,2048,00:00:00.6290000,54,13610,14382,14261388,15322713,2499293,17822006,265552,18087558,8.788682980927241,11.566919748649545,0.16522683203220367,9,55,37,1.4594594
20,15,2054,00:00:00.7330000,60,27119,28174,28876091,31342815,3690622,35033437,311653,35345090,9.834968486558655,11.92833224205406,0.1628437638282776,11,61,39,1.5384616
20,16,2059,00:00:01,65,60872,62380,65445599,71715105,5827278,77542383,373744,77916127,10.930274410048566,9.205929405705158,0.2697383165359497,8,65,44,1.4545455
20,17,2062,00:00:01.2240000,58,111235,113221,119276943,132371190,8425779,140796969,432504,141229473,11.620800677294353,8.428680777265853,0.2764323353767395,8,59,38,1.5263158
20,18,2065,00:00:01.6950000,59,220948,223732,238132991,264951179,13404652,278355831,522000,278877831,12.297162554851544,7.333841861120764,0.3188711404800415,7,59,38,1.5263158
20,19,2068,00:00:02.6540000,58,458378,462673,496051176,554126687,23617984,577744671,665090,578409761,12.857721895613448,4.870368094986558,0.28121471405029297,8,58,35,1.6285714
20,20,2071,00:00:04.6650000,56,948385,955869,1014927390,1147030624,45050340,1192080964,898070,1192979034,13.252126005782541,3.1799229408742398,0.26825472712516785,8,56,35,1.5714285
21,0,1034,00:00:00.0200000,1,1,1,843,843,160,1003,1296,2299,1,1,0,0,1,1,0
21,1,1175,00:00:00.0310000,2,3,3,1537,1538,473,2011,2523,4534,1.0026024723487312,1.0052184613152895,0,1,2,1,1
21,2,1328,00:00:00.0500000,2,3,6,2711,2713,1292,4005,4947,8952,1.0114348948727407,1.0231312702710984,0,1,2,1,1
21,3,1511,00:00:00.0520000,3,6,10,4777,4780,3242,8022,9729,17751,1.0734770776638058,1.1584676983790454,0.024073027074337006,1,3,2,1
21,4,1687,00:00:00.0640000,4,11,21,8802,8821,7187,16008,17181,33189,1.306521245171552,1.7717785834254065,0.06655886024236679,1,4,3,1
21,5,1842,00:00:00.0680000,10,26,40,16671,16758,15309,32067,27979,60046,1.6288764921120509,2.1843873534896616,0.10586930066347122,2,10,8,1.125
21,6,1981,00:00:00.0740000,19,54,78,31713,31879,32147,64026,43611,107637,1.9489483807902122,2.1819594148417787,0.11952158808708191,2,19,17,1.0588236
21,7,2108,00:00:00.0840000,23,107,155,61363,62141,66278,128419,66481,194900,2.3326597461010707,3.3228246814995424,0.1642274260520935,3,23,20,1.1
21,8,2200,00:00:00.0950000,34,176,254,137270,139255,119551,258806,92281,351087,3.4888977926713776,6.288744012676702,0.2014247328042984,6,34,24,1.375
21,9,2230,00:00:00.1020000,30,350,453,339298,345840,170913,516753,106020,622773,5.019425401859133,2.6485338032442662,0.12966173887252808,5,30,22,1.3181819
21,10,2253,00:00:00.1120000,30,758,890,747938,764003,273475,1037478,123226,1160704,5.728857204741569,2.098985515846667,0.07589372992515564,5,30,23,1.2608696
21,11,2276,00:00:00.1330000,28,1562,1757,1533107,1581968,501688,2083656,150803,2234459,6.1368625934132455,2.2746521761066996,0.05436151102185249,6,29,21,1.3333334
21,12,2300,00:00:00.1730000,29,3102,3468,3015457,3160503,999450,4159953,196943,4356896,6.43073006844402,2.7113096342629994,0.06350326538085938,5,29,23,1.2173913
21,13,2325,00:00:00.2550000,40,6144,6849,5898573,6295062,2043849,8338911,273068,8611979,6.759585750655286,3.4758437170299294,0.07921580970287323,7,40,30,1.3
21,14,2344,00:00:00.3780000,49,12945,14100,12569571,13651516,3621196,17272712,362961,17635673,7.877287060950608,6.082038184503107,0.2825970947742462,7,49,35,1.3714286
21,15,2352,00:00:00.4870000,58,26644,28145,26973865,29582842,5066765,34649607,423333,35072940,9.367200881297508,7.407595946052575,0.20492523908615112,6,58,47,1.2127659
21,16,2357,00:00:00.6520000,65,53539,55487,55395286,61690496,7002850,68693346,483036,69176382,10.457133644909785,7.805930887774705,0.17401546239852905,6,65,53,1.2075472
21,17,2361,00:00:00.8870000,67,106244,108831,110674796,125436873,10183457,135620330,557980,136178310,11.280522297054878,8.943246717018747,0.16810652613639832,6,67,54,1.2222222
21,18,2365,00:00:01.4660000,66,238509,242291,247951663,284985843,16996268,301982111,679901,302662012,12.104162055972981,11.280142467443829,0.2517686188220978,6,66,52,1.25
21,19,2368,00:00:02.2790000,64,468772,474205,486614644,564191372,27730964,591922336,828501,592750837,12.69748371978711,10.444819342282083,0.2657264173030853,7,64,47,1.3404255
21,20,2371,00:00:03.9460000,57,947080,955864,976304966,1144363830,49315421,1193679251,1063221,1194742472,13.20274011594037,7.82381842213193,0.29495230317115784,6,57,41,1.3658537
22,0,1052,00:00:00.0220000,3,3,3,889,889,113,1002,1007,2009,1.2530933633295838,1.6108322122240821,0.01825195737183094,1,3,2,1
22,1,1137,00:00:00.0400000,5,5,5,1640,1640,364,2004,1793,3797,1.5036585365853659,2.0806129651301624,0.0335690975189209,2,5,3,1.3333334
22,2,1210,00:00:00.0560000,5,9,9,3136,3143,890,4033,2890,6923,1.7480867346938775,2.1124859265701974,0.041499774903059006,2,5,3,1.3333334
22,3,1281,00:00:00.0580000,9,13,13,5849,5862,2147,8009,4733,12742,2.0136775517182426,2.200887960281607,0.034623291343450546,3,9,6,1.3333334
22,4,1347,00:00:00.0590000,9,15,18,11333,11365,4779,16144,7579,23723,2.3573634518662314,2.5963919560408386,0.04321061074733734,3,9,6,1.3333334
22,5,1406,00:00:00.0610000,9,34,40,21971,22079,10223,32302,11698,44000,2.74193254744891,2.9016710681737674,0.03786499425768852,3,9,6,1.3333334
22,6,1460,00:00:00.0630000,10,52,64,43043,43400,21073,64473,17761,82234,3.1442046325767254,2.962293153076657,0.07525087147951126,4,10,6,1.5
22,7,1508,00:00:00.0660000,12,88,111,86994,87762,41748,129510,26388,155898,3.7040485550727635,3.0257976401913855,0.044560641050338745,4,12,8,1.375
22,8,1540,00:00:00.0700000,13,190,220,182831,185081,72379,257460,35513,292973,4.584135075561584,3.195533536990064,0.06319261342287064,6,13,7,1.7142857
22,9,1565,00:00:00.0750000,14,381,432,387852,394347,128221,522568,47148,569716,5.288635871414869,2.2032062741850873,0.052693404257297516,4,14,10,1.3
22,10,1588,00:00:00.0850000,13,746,836,770541,790690,240343,1031033,64378,1095411,5.703783445657012,1.8170583957488666,0.0769469290971756,4,13,9,1.3333334
22,11,1613,00:00:00.1060000,25,1502,1677,1557871,1604377,494290,2098667,94366,2193033,6.036314945204063,1.963426522176087,0.06567727029323578,5,25,19,1.2631578
22,12,1638,00:00:00.1470000,30,3091,3415,3026968,3177862,1013795,4191657,142398,4334055,6.361709803341165,2.6298722049056193,0.0837746188044548,5,30,24,1.2083334
22,13,1662,00:00:00.2270000,47,6262,6908,5971461,6381204,2020567,8401771,215619,8617390,6.827194383418061,4.508662354435486,0.13529737293720245,5,47,38,1.2105263
22,14,1681,00:00:00.3410000,62,12156,13290,11826378,12847681,3617130,16464811,306118,16770929,7.533880026496701,9.173750172499702,0.2051715850830078,7,62,46,1.326087
22,15,1694,00:00:00.5050000,72,24986,26735,24339245,27179331,5861108,33040439,402857,33443296,8.571094871677408,11.968352500501863,0.31775450706481934,7,72,50,1.42
22,16,1702,00:00:00.7220000,79,52885,55322,52346620,59655800,8803477,68459277,497375,68956652,9.855636791831067,12.423977008228782,0.2717251777648926,7,79,55,1.4181818
22,17,1707,00:00:00.9930000,82,108849,112096,109049933,126215584,12746270,138961854,591979,139553833,10.957423678563837,12.078500302688038,0.22829307615756989,7,82,59,1.3728814
22,18,1711,00:00:01.4830000,80,220111,224632,221169163,261076453,19349028,280425481,712711,281138192,11.764706009218834,11.462049179609084,0.26181760430336,7,80,54,1.462963
22,19,1715,00:00:02.4850000,78,470754,477642,463489369,563478073,33396775,596874848,909043,597783891,12.341703783501451,11.586711240465261,0.29437682032585144,7,78,52,1.4807693
22,20,1718,00:00:04.0470000,83,832608,843214,805692047,1000145818,53903413,1054049231,1137122,1055186353,12.699164435217517,12.673014499326118,0.2671826183795929,6,83,59,1.3898305
23,0,819,00:00:00.0440000,3,3,5,857,857,150,1007,1321,2328,1.0081680280046674,1.0165032632658142,0,1,3,2,1
23,1,956,00:00:00.0630000,5,5,9,1530,1530,483,2013,2618,4631,1.0235294117647058,1.0484793458228223,0,1,5,4,1
23,2,1100,00:00:00.0810000,7,8,13,2760,2762,1247,4009,4862,8871,1.1065217391304347,1.2432724258934138,0.060170602053403854,1,7,6,1
23,3,1243,00:00:00.0840000,9,14,20,5077,5086,2917,8003,8603,16606,1.3417372464053574,2.0555989986460856,0.19895869493484497,1,9,8,1
23,4,1367,00:00:00.0870000,13,20,29,9673,9689,6395,16084,14009,30093,1.6337227333815776,3.1188778055303636,0.3258242905139923,2,13,11,1.0909091
23,5,1485,00:00:00.0900000,13,35,48,18094,18201,13914,32115,22260,54375,1.8661434729744666,3.256658081498873,0.44297757744789124,2,13,11,1.0909091
23,6,1602,00:00:00.0960000,20,63,88,33708,33960,30319,64279,35320,99599,2.1581820339385307,4.004664505108715,0.5329801440238953,3,20,14,1.3571428
23,7,1707,00:00:00.1050000,27,114,160,65966,66788,61520,128308,54053,182361,2.579510657005124,5.675881123272337,0.5027597546577454,3,27,20,1.3
23,8,1796,00:00:00.1170000,34,191,266,134166,136518,120941,257459,79930,337389,3.1149173412041797,8.056918013337253,0.4748571813106537,4,34,25,1.32
23,9,1870,00:00:00.1340000,44,365,484,274702,281499,232890,514389,114392,628781,3.6712146253030555,10.397789886579123,0.4051752984523773,5,44,31,1.3870968
23,10,1931,00:00:00.1620000,49,713,906,569026,588369,435987,1024356,159574,1183930,4.2940902524664954,12.254492748567898,0.33220037817955017,5,49,33,1.4545455
23,11,1981,00:00:00.2060000,55,1405,1735,1196489,1255490,807903,2063393,218653,2282046,4.959370290909486,11.547291292095796,0.27147170901298523,6,56,36,1.5277778
23,12,2022,00:00:00.2750000,68,2897,3446,2544676,2696392,1481079,4177471,296099,4473570,5.67773461140043,11.244844111584655,0.2757306694984436,7,69,39,1.7435898
23,13,2045,00:00:00.3450000,71,6057,6855,5610494,6038728,2286297,8325025,363624,8688649,7.144449312306546,17.28166280718677,0.22770453989505768,9,72,41,1.7317073
23,14,2054,00:00:00.4020000,60,12861,13870,12815261,13883409,3018206,16901615,405467,17307082,8.848656223232597,15.961530178107491,0.1777033507823944,10,61,36,1.6666666
23,15,2060,00:00:00.4870000,59,27146,28409,28123730,30875339,4152895,35028234,450931,35479165,9.918314569226771,11.9856439840747,0.1721610277891159,10,60,37,1.5945946
23,16,2065,00:00:00.6590000,72,54200,55926,56998534,63156671,6189214,69345885,511698,69857583,10.53854062281672,11.23529317171081,0.16848143935203552,10,73,48,1.5
23,17,2070,00:00:00.9490000,76,110636,113245,114266737,130511453,10396311,140907764,608214,141515978,11.040713799327271,12.739375480209292,0.26161524653434753,9,77,52,1.4615384
23,18,2075,00:00:01.5930000,88,233500,238066,234600676,277396832,19224365,296621197,764350,297385547,11.534165293709554,17.582932845131996,0.3426777124404907,8,88,61,1.4262295
23,19,2079,00:00:02.6520000,102,444350,451728,437121123,530867117,33351586,564218703,961375,565180078,12.019128704974525,24.18843503847129,0.3413299322128296,8,103,72,1.4166666
23,20,2083,00:00:04.6780000,108,890871,903472,848202236,1068181161,61064705,1129245866,1267882,1130513748,12.549465612349552,29.780990457834406,0.3766578137874603,7,109,78,1.3846154
24,0,871,00:00:00.0910000,2,2,2,849,849,154,1003,1364,2367,1.121319199057715,1.2709737030169173,0,1,2,1,1
24,1,974,00:00:00.1140000,3,3,3,1603,1603,406,2009,2289,4298,1.3125389893948847,1.7570973178727902,0.01644904538989067,1,3,2,1
24,2,1063,00:00:00.1750000,5,6,6,2997,2998,1034,4032,3721,7753,1.529195862529196,2.03346530606734,0.055505428463220596,2,5,3,1.3333334
24,3,1152,00:00:00.1800000,5,7,7,5608,5617,2448,8065,6068,14133,1.7209343794579173,1.8339264729957994,0.07205280661582947,2,5,3,1.3333334
24,4,1244,00:00:00.1860000,5,17,19,10455,10494,5611,16105,10023,26128,1.920803443328551,1.6641783430109356,0.06802806258201599,2,5,3,1.3333334
24,5,1336,00:00:00.1930000,9,29,36,19461,19546,12531,32077,16353,48430,2.173475155439083,2.012630707617772,0.07444560527801514,3,9,5,1.6
24,6,1419,00:00:00.2030000,15,50,69,38435,38659,25977,64636,25494,90130,2.628229478340055,3.447697746541487,0.100164994597435,4,15,9,1.5555556
24,7,1481,00:00:00.2140000,17,101,132,78608,79305,49047,128352,36689,165041,3.30662273559943,5.766982692694751,0.15226589143276215,5,17,10,1.6
24,8,1528,00:00:00.2290000,22,203,254,166475,168601,89847,258448,50305,308753,4.009917405015768,6.567727949561986,0.2872885465621948,5,22,14,1.5
24,9,1567,00:00:00.2510000,27,352,426,342874,348795,166812,515607,68523,584130,4.591059689565263,6.381764534019581,0.4551633298397064,6,27,16,1.625
24,10,1602,00:00:00.2830000,32,717,848,691812,708890,315646,1024536,94540,1119076,5.087140726093216,6.422398550683632,0.3860274851322174,5,32,21,1.4761904
24,11,1635,00:00:00.3190000,33,1483,1733,1412399,1474005,614946,2088951,133905,2222856,5.62279993118092,7.056468497471441,0.4113571345806122,6,33,20,1.6
24,12,1660,00:00:00.3740000,49,2920,3325,2888351,3009458,1086632,4096090,180940,4277030,6.3735505137706605,9.92156590861016,0.4298940598964691,7,49,33,1.4545455
24,13,1679,00:00:00.4540000,45,6399,7025,6291661,6695476,1866329,8561805,237972,8799777,7.311726108574509,9.359617641216756,0.3258737325668335,7,45,29,1.5172414
24,14,1692,00:00:00.5660000,52,12350,13294,12417408,13378155,3015980,16394135,300256,16694391,8.0333949726062,6.575102355020896,0.25779709219932556,7,53,38,1.3684211
24,15,1705,00:00:00.8090000,56,26503,28091,26296628,29270703,5455097,34725800,399659,35125459,8.70124774172567,5.931947475799798,0.2833787798881531,7,57,39,1.4358975
24,16,1715,00:00:01.1830000,77,53408,56070,52747363,60257460,9405590,69663050,522482,70185532,9.414387521135417,8.100270588580123,0.2298809438943863,8,78,54,1.425926
24,17,1722,00:00:01.7430000,82,112663,116714,111674873,130017275,15054438,145071713,657698,145729411,10.61591283833383,14.282992096436187,0.19802320003509521,9,83,55,1.4909091
24,18,1726,00:00:02.3800000,84,222692,228021,225901236,262294774,21698825,283993599,779885,284773484,11.702319295853698,19.05001170106526,0.21050724387168884,8,84,55,1.5090909
24,19,1729,00:00:03.3530000,81,421886,428793,431107036,503025190,31428876,534454066,920553,535374619,12.466330837152006,18.263972312429484,0.24488121271133423,8,82,55,1.4727273
24,20,1732,00:00:05.2890000,73,832613,842614,841294299,1000605021,50514262,1051119283,1138131,1052257414,13.016276681080898,15.636440462839246,0.2476845681667328,8,74,49,1.4897959
25,0,938,00:00:00.0200000,4,4,7,854,854,148,1002,1293,2295,1.0468384074941453,1.0986354995952576,0.009997168555855751,1,4,3,1
25,1,1061,00:00:00.0420000,5,5,8,1587,1587,433,2020,2437,4457,1.168241965973535,1.4062040273880385,0.07539855688810349,1,5,4,1
25,2,1177,00:00:00.0440000,7,10,13,2882,2885,1139,4024,4272,8296,1.3521859819569744,1.9757925250694077,0.12562444806098938,1,7,6,1
25,3,1286,00:00:00.0630000,10,12,15,5349,5354,2668,8022,7094,15116,1.5834735464572818,2.4926043914535057,0.19711607694625854,2,10,8,1.125
25,4,1391,00:00:00.0650000,11,22,27,10026,10049,5991,16040,11655,27695,1.8089966088170757,2.2532561625428187,0.2292630672454834,2,11,9,1.1111112
25,5,1497,00:00:00.0690000,13,38,49,18729,18823,13326,32149,19035,51184,2.0178333066367666,2.2758339017417573,0.24484746158123016,3,13,9,1.3333334
25,6,1593,00:00:00.0740000,16,58,77,36173,36541,27725,64266,29607,93873,2.446216791529594,3.502574726097753,0.2051369994878769,3,16,12,1.25
25,7,1665,00:00:00.0790000,20,108,141,75116,76137,52853,128990,42531,171521,3.0924303743543318,3.8718588117280346,0.17049866914749146,4,20,13,1.4615384
25,8,1724,00:00:00.0870000,25,210,267,154962,157532,100848,258380,59723,318103,3.6570126869813246,2.8686608337522985,0.16369007527828217,5,25,17,1.4117647
25,9,1774,00:00:00.1000000,27,418,500,315565,322638,190499,513137,82877,596014,4.227243198707081,3.418287554346856,0.16792209446430206,5,27,18,1.4444444
25,10,1815,00:00:00.1200000,38,820,959,653377,675236,352073,1027309,113304,1140613,4.881674745208356,4.559549558166626,0.1467864066362381,7,39,26,1.4615384
25,11,1849,00:00:00.1510000,48,1563,1816,1358535,1420759,645270,2066029,153631,2219660,5.546984067396129,4.44057481111732,0.17065644264221191,6,48,35,1.3428571
25,12,1876,00:00:00.1970000,61,3119,3557,2913053,3066898,1152942,4219840,204851,4424691,6.343654578203692,5.900681210965609,0.1530950665473938,7,61,45,1.3333334
25,13,1895,00:00:00.2620000,58,6245,6962,5965938,6399574,1926027,8325601,262152,8587753,7.172258243381007,7.028197495143931,0.14931175112724304,7,58,41,1.3902439
25,14,1909,00:00:00.3540000,56,12549,13646,12206434,13398756,3122528,16521284,328301,16849585,8.057210811937377,8.396813758733972,0.21856878697872162,6,56,37,1.4864864
25,15,1919,00:00:00.5050000,62,26657,28213,26645494,29668677,4935900,34604577,403095,35007672,9.246999098609319,10.008654565000633,0.17502278089523315,8,62,43,1.4186046
25,16,1924,00:00:00.6950000,51,56618,58605,59018888,65601228,6879575,72480803,462802,72943605,10.796401365610278,6.16909311424514,0.1576349139213562,8,51,35,1.4285715
25,17,1927,00:00:00.8810000,43,109520,111913,117385521,129870702,9313383,139184085,519593,139703678,11.74572794203469,3.022589472504872,0.13411951065063477,9,43,28,1.5
25,18,1930,00:00:01.2690000,33,222628,225803,239592903,267354524,14283025,281637549,609191,282246740,12.346793531693216,1.9825951191573092,0.180678129196167,7,33,21,1.5238096
25,19,1933,00:00:02.0260000,32,437162,441966,466958265,528060668,24426262,552486930,751712,553238642,12.665393090322537,1.6656828473174285,0.14303824305534363,6,32,22,1.4090909
25,20,1937,00:00:04.1340000,39,982322,992165,1015867463,1185521702,53735746,1239257448,1067003,1240324451,12.89214533687649,1.601203001255787,0.11187371611595154,5,39,30,1.2666667
26,0,816,00:00:00.0180000,2,2,2,859,859,145,1004,1252,2256,1.1338766006984866,1.3019262677077765,0,1,2,1,1
26,1,908,00:00:00.0300000,2,2,2,1625,1625,394,2019,2068,4087,1.3544615384615384,1.8437839978744517,0,1,2,1,1
26,2,999,00:00:00.0480000,2,2,2,2990,2990,1020,4010,3469,7479,1.5752508361204014,1.9557017501533585,0,1,2,1,1
26,3,1085,00:00:00.0490000,2,5,8,5583,5590,2411,8001,5700,13701,1.7451191115887517,1.612469611592212,0,1,2,1,1
26,4,1180,00:00:00.0510000,4,13,20,10283,10309,5747,16056,9785,25841,1.8659924146649811,1.3397645968590717,0,2,4,2,1.5
26,5,1284,00:00:00.0630000,7,30,38,18766,18836,13222,32058,16987,49045,1.9681871469679206,1.2535453943752364,0.032858122140169144,2,7,5,1.2
26,6,1401,00:00:00.0680000,11,54,79,33744,34001,30044,64045,30111,94156,2.1214734471313417,1.4686027482162851,0.10578516125679016,3,11,8,1.25
26,7,1516,00:00:00.0760000,18,91,134,64286,64976,63182,128158,50577,178735,2.4537068724139,2.6392964058323676,0.21737584471702576,3,18,14,1.2142857
26,8,1612,00:00:00.0880000,23,197,260,130165,132437,124605,257042,78425,335467,3.015372796066531,5.215902139452788,0.2885156571865082,4,23,16,1.375
26,9,1690,00:00:00.1060000,28,371,488,269273,276253,238546,514799,114602,629401,3.59402910800563,4.715443365292155,0.2591618299484253,5,28,20,1.35
26,10,1751,00:00:00.1330000,33,740,939,577648,597613,436587,1034200,159619,1193819,4.433128825859347,5.458155592140842,0.20048241317272186,5,33,23,1.3913044
26,11,1783,00:00:00.1610000,41,1550,1841,1353728,1406240,684702,2090942,196993,2287935,5.733931040799924,4.2275761771090625,0.10901712626218796,7,41,29,1.3793104
26,12,1799,00:00:00.1880000,42,3358,3740,3352628,3498762,974608,4473370,226330,4699700,7.714763164896314,4.946048488700775,0.08932160586118698,10,42,29,1.4137931
26,13,1804,00:00:00.2100000,31,7174,7610,7696188,8101144,1203660,9304804,241595,9546399,9.443665227512634,3.0083420155996747,0.07061354070901871,10,31,20,1.5
26,14,1808,00:00:00.2390000,31,15422,15938,17070293,18072948,1633915,19706863,261843,19968706,10.334326950334127,2.156112370759774,0.09063484519720078,10,31,20,1.5
26,15,1811,00:00:00.2820000,27,27080,27722,30062606,32324503,2277562,34602065,285323,34887388,10.739027414988573,2.032776254501602,0.09428293257951736,8,27,18,1.4444444
26,16,1815,00:00:00.4070000,36,55401,56373,60898966,66248681,3965691,70214372,333627,70547999,11.055807794831853,2.2821160979668322,0.08034995943307877,8,36,27,1.2962962
26,17,1819,00:00:00.6330000,40,106818,108498,114515992,127953502,7353324,135306826,409880,135716706,11.296104870662955,2.8264519288349503,0.07577069848775864,7,40,30,1.3
26,18,1824,00:00:01.2490000,49,230568,234094,236275612,275278675,16134578,291413253,563912,291977165,11.587927331238909,4.111513371349788,0.10468597710132599,4,49,38,1.2631578
26,19,1828,00:00:02.1940000,54,415452,421908,405541941,496160774,29874796,526035570,756563,526792133,11.81207869446973,5.791430446986947,0.1284376084804535,5,54,39,1.3589743
26,20,1833,00:00:04.5870000,89,867029,880452,811809218,1035777841,63484281,1099262122,1131862,1100393984,12.191132774252386,9.859396512950129,0.15722760558128357,5,89,68,1.2941177
27,0,1090,00:00:00.0210000,2,2,2,860,860,147,1007,1236,2243,1.0813953488372092,1.1758346050220105,0,1,2,1,1
27,1,1193,00:00:00.0330000,2,2,2,1593,1593,409,2002,2133,4135,1.1958568738229756,1.459841040127187,0,1,2,1,1
27,2,1302,00:00:00.0350000,2,11,11,2890,2900,1106,4006,3814,7820,1.3986159169550172,1.9210173834849538,0,1,2,1,1
27,3,1401,00:00:00.0520000,4,11,16,5473,5487,2558,8045,6336,14381,1.6144710396491868,1.9219816986686757,0.011582490056753159,2,4,2,1.5
27,4,1501,00:00:00.0640000,9,21,29,10214,10257,5825,16082,10564,26646,1.803994517329156,1.5654929624959062,0.016067570075392723,2,9,7,1.1428572
27,5,1609,00:00:00.0670000,13,35,49,18471,18548,13506,32054,18023,50077,1.9615072275458827,1.4508696589077053,0.029233217239379883,2,13,11,1.0909091
27,6,1723,00:00:00.0720000,15,64,96,34011,34302,29843,64145,30678,94823,2.1727088294963393,1.8398259539941024,0.04795664921402931,2,15,13,1.0769231
27,7,1833,00:00:00.0810000,17,113,163,64198,65393,62686,128079,50381,178460,2.468051964235646,3.2413169602717695,0.31728363037109375,3,17,13,1.2307693
27,8,1940,00:00:00.0950000,27,183,278,124012,127035,130158,257193,81409,338602,2.818477244137664,5.812075764647937,0.4112491309642792,3,27,21,1.2380953
27,9,2038,00:00:00.1180000,43,355,511,245865,252573,261206,513779,127099,640878,3.254834970410591,9.368945387854751,0.4295424818992615,4,43,35,1.2
27,10,2123,00:00:00.1570000,50,702,946,504923,524947,507877,1032824,189910,1222734,3.8328715467506926,13.631368004182772,0.437132865190506,4,50,36,1.3611112
27,11,2191,00:00:00.2150000,59,1403,1839,1048020,1105665,948000,2053665,270621,2324286,4.478176943188107,15.66971071820511,0.41298335790634155,5,59,42,1.3809524
27,12,2243,00:00:00.2990000,66,2831,3550,2255345,2421924,1693410,4115334,368150,4483484,5.30371716965697,16.509753489142764,0.3565692603588104,6,66,43,1.5116279
27,13,2267,00:00:00.3690000,74,6465,7435,6124130,6538350,2439735,8978085,436559,9414644,7.88572760539048,12.704845152174402,0.2324649691581726,10,74,41,1.7804878
27,14,2272,00:00:00.4060000,49,14338,15404,14978079,16130670,2884896,19015566,461037,19476603,9.949962274868493,5.104167858049786,0.15240295231342316,8,50,29,1.6896552
27,15,2275,00:00:00.4520000,44,26447,27624,28756034,30940235,3471928,34412163,484043,34896206,10.739553583780017,3.897460012297181,0.11890894174575806,8,45,29,1.5172414
27,16,2279,00:00:00.5740000,41,60130,61586,65492027,71345031,5170813,76515844,533308,77049152,11.31721786531359,3.150993259109185,0.1056201234459877,9,42,24,1.7083334
27,17,2282,00:00:00.7450000,41,105766,107689,113991751,126005412,7743044,133748456,591400,134339856,11.55692402689735,2.864933411934555,0.10230684280395508,8,42,28,1.4642857
27,18,2286,00:00:01.2360000,48,208208,211403,220106118,249126984,14294213,263421197,709354,264130551,11.748738928738002,2.71525778544028,0.08774148672819138,7,49,36,1.3333334
27,19,2291,00:00:02.4060000,52,443727,450401,443138263,530102272,31423943,561526215,949161,562475376,11.920635192362074,2.728010254539108,0.11759316176176071,6,53,43,1.2093023
27,20,2296,00:00:04.8630000,57,882730,897056,812228900,1053616513,66722187,1120338700,1336821,1121675521,12.079781348582893,2.9995392157713536,0.17884886264801025,4,57,46,1.2173913
28,0,923,00:00:00.0370000,1,1,2,848,848,155,1003,1263,2266,1,1,0,0,1,1,0
28,1,1063,00:00:00.0470000,2,3,5,1520,1521,480,2001,2523,4524,1.007236842105263,1.0145784091531798,0,1,2,1,1
28,2,1218,00:00:00.0670000,2,4,8,2704,2707,1296,4003,4992,8995,1.0465976331360947,1.0975173078896616,0,1,2,1,1
28,3,1376,00:00:00.0740000,4,7,12,4947,4954,3050,8004,9015,17019,1.2053769961592884,1.4971668930686288,0.05350061506032944,1,4,3,1
28,4,1520,00:00:00.0870000,6,14,23,9256,9279,6740,16019,15177,31196,1.4736387208297321,2.1622935953779714,0.11018138378858566,1,6,5,1
28,5,1658,00:00:00.0910000,9,27,41,17356,17429,14680,32109,24742,56851,1.7279327033878773,1.9803431082208856,0.1447497308254242,2,9,7,1.1428572
28,6,1797,00:00:00.0970000,14,56,84,31465,31699,32474,64173,40396,104569,1.9037343079612268,1.6396823320447065,0.15404070913791656,2,14,12,1.0833334
28,7,1943,00:00:00.1070000,26,94,145,57428,58102,69994,128096,66800,194896,2.1278296301455737,1.9018823861157639,0.15067481994628906,3,26,22,1.1363636
28,8,2079,00:00:00.1250000,38,204,288,112443,114804,142013,256817,106227,363044,2.5666248677107513,3.6576091558542334,0.17133575677871704,4,38,32,1.15625
28,9,2175,00:00:00.1490000,45,390,535,248883,257082,259270,516352,150475,666827,3.4603890181330184,7.449329273847685,0.18260957300662994,5,45,33,1.3333334
28,10,2235,00:00:00.1780000,46,765,996,556157,579954,447481,1027435,194784,1222219,4.333529920508058,6.405913353325153,0.1621905267238617,5,46,35,1.2857143
28,11,2284,00:00:00.2290000,48,1525,1886,1199835,1265593,814136,2079729,253014,2332743,4.991940558493459,6.449605255261443,0.15699368715286255,6,49,33,1.4545455
28,12,2325,00:00:00.2940000,57,3005,3592,2509782,2656966,1488792,4145758,330673,4476431,5.627889195157189,9.375576515005193,0.20293933153152466,6,57,39,1.4358975
28,13,2355,00:00:00.3790000,67,5924,6851,5272478,5670509,2544503,8215012,419950,8634962,6.505304526638139,14.578351909370905,0.24356135725975037,8,67,46,1.4347826
28,14,2375,00:00:00.5140000,75,12280,13704,11532565,12572751,4102730,16675481,514308,17189789,7.569003339673351,17.691781258159374,0.24314622581005096,9,75,49,1.5102041
28,15,2388,00:00:00.7480000,78,25051,27138,24187389,27052627,6331750,33384377,611913,33996290,8.574225477582553,22.376719893030934,0.311970978975296,9,78,45,1.7111111
28,16,2397,00:00:01.0420000,84,55788,58762,55281129,62875679,9712207,72587886,720196,73308082,9.906830991096438,22.83123298194446,0.3390701115131378,8,84,48,1.7291666
28,17,2402,00:00:01.3750000,79,121978,125827,124040066,141993414,13962595,155956009,819706,156775715,11.244313389836474,6.556429297577946,0.30451998114585876,9,80,43,1.8372093
28,18,2405,00:00:01.7920000,70,220893,225642,225782592,261883613,19143889,281027502,913117,281940619,11.951086981940573,3.5373886239224683,0.2408958226442337,9,71,41,1.7073171
28,19,2409,00:00:02.8770000,62,508018,515171,510932002,609651229,33752415,643403644,1114183,644517827,12.570726340997524,2.491201507118607,0.21613535284996033,8,62,39,1.5641025
28,20,2412,00:00:04.6190000,69,929213,940288,922901195,1117796880,56269275,1174066155,1356182,1175422337,12.883309110895668,2.480902314127681,0.1952175348997116,6,70,53,1.3018868
2,0,704,00:00:00.0190000,2,2,2,850,850,153,1003,1209,2212,1.0670588235294118,1.1430189088322509,0,1,2,1,1
2,1,816,00:00:00.0290000,3,3,3,1558,1558,450,2008,2285,4293,1.227214377406932,1.5426292291767059,0.011371220462024212,1,3,2,1
2,2,913,00:00:00.0400000,4,7,7,2954,2958,1062,4020,3771,7791,1.4563303994583616,2.005550978693055,0.030964601784944534,1,4,3,1
2,3,1012,00:00:00.0580000,5,7,9,5457,5460,2569,8029,6385,14414,1.6441268096023456,1.8938904200850037,0.046469125896692276,1,5,4,1
2,4,1110,00:00:00.0610000,6,18,21,10259,10284,5801,16085,10579,26664,1.802319914221659,1.5398028984085457,0.06444789469242096,2,6,4,1.25
2,5,1222,00:00:00.0640000,9,33,45,18440,18516,13627,32143,18337,50480,1.9196854663774403,1.3368254648345643,0.07167810946702957,2,9,6,1.3333334
2,6,1343,00:00:00.0700000,14,56,79,33236,33504,30708,64212,31874,96086,2.053315681790829,1.4163473668181772,0.08261021971702576,3,14,10,1.3
2,7,1467,00:00:00.0810000,22,125,165,62472,63257,65485,128742,54259,183001,2.3701658342937635,2.257973627194513,0.11623278260231018,3,22,18,1.1666666
2,8,1565,00:00:00.0950000,29,222,290,128360,131241,126005,257246,82595,339841,3.015363041445933,4.1078563397578955,0.139364093542099,5,29,23,1.2173913
2,9,1627,00:00:00.1110000,32,431,531,291898,300283,215610,515893,110755,626648,4.185879999177795,5.050906038272873,0.11713581532239914,7,32,23,1.3478261
2,10,1651,00:00:00.1230000,29,837,973,706591,729365,304985,1034350,128011,1162361,5.891077016265421,7.077941233783825,0.09166261553764343,9,30,20,1.45
2,11,1663,00:00:00.1340000,27,1658,1842,1640585,1697677,419582,2117259,141936,2259195,7.227118984996205,8.062983589747239,0.10045065730810165,9,28,18,1.5
2,12,1671,00:00:00.1490000,31,3244,3482,3402188,3530161,593503,4123664,156829,4280493,8.107881751390575,7.3946082908288995,0.10327434539794922,10,32,20,1.55
2,13,1679,00:00:00.1760000,35,7005,7313,7595331,7939216,980539,8919755,181050,9100805,8.827119450093749,5.637368961158153,0.16442464292049408,9,35,22,1.5454545
2,14,1686,00:00:00.2270000,36,14189,14716,15370661,16337268,1719292,18056560,215891,18272451,9.300442056460682,4.413354393349212,0.20744174718856812,9,36,22,1.5909091
2,15,1692,00:00:00.3060000,45,26417,27234,28653543,30774606,2963200,33737806,262132,33999938,9.74587397446801,4.361863148043421,0.2219751477241516,8,45,29,1.5172414
2,16,1698,00:00:00.4930000,51,56490,57876,61270186,66870155,5442210,72312365,334563,72646928,10.561790590940918,6.312159958682059,0.17393708229064941,9,51,32,1.5625
2,17,1702,00:00:00.7260000,58,116464,118537,126762921,139006069,8893088,147899157,412468,148311625,11.492158499566289,7.665123266171604,0.17177167534828186,8,58,39,1.4615384
2,18,1705,00:00:01.1440000,56,223777,226755,242840365,269226686,14054689,283281375,504074,283785449,12.158580032607018,6.7196417209781565,0.13989509642124176,8,56,39,1.4102564
2,19,1708,00:00:01.8940000,57,446106,450661,480422733,539700213,24276480,563976693,647216,564623909,12.69066445696274,6.22976894970733,0.11596912145614624,8,58,40,1.425
2,20,1711,00:00:03.4220000,50,878795,886679,921512879,1065181218,44767359,1109948577,873442,1110822019,13.05873636520277,6.3613451288235145,0.13486161828041077,7,51,37,1.3513514
29,0,906,00:00:00.0190000,2,2,2,852,852,153,1005,1398,2403,1.0633802816901408,1.1347214876986018,0,1,2,1,1
29,1,1029,00:00:00.0290000,3,3,3,1551,1551,456,2007,2551,4558,1.2462927143778209,1.5860913974364912,0,2,3,1,2
29,2,1126,00:00:00.0300000,3,3,4,2937,2937,1072,4009,4048,8057,1.4831460674157304,2.080165185885377,0,2,3,1,2
29,3,1214,00:00:00.0470000,3,6,8,5616,5621,2410,8031,6275,14306,1.8021723646723646,2.373758959807965,0,2,3,1,2
29,4,1289,00:00:00.0830000,5,9,12,10845,10853,5163,16016,9438,25454,2.188934993084371,2.5842290080809143,0.021658221259713173,2,5,3,1.3333334
29,5,1358,00:00:00.0940000,6,18,25,20999,21036,11000,32036,14219,46255,2.4958331349111864,2.2270414419230873,0.02501201443374157,3,6,3,1.6666666
29,6,1430,00:00:00.0970000,9,43,54,39851,40062,24059,64121,22259,86380,2.7228676821158815,1.7446575907882667,0.028799068182706833,3,9,6,1.3333334
29,7,1508,00:00:00.1020000,11,88,116,74687,75382,53436,128818,36472,165290,2.903021944916786,1.5290543670104573,0.03713258355855942,3,11,8,1.25
29,8,1592,00:00:00.1100000,20,167,228,138943,140543,116523,257066,61204,318270,3.1039275098421655,1.7326471041403955,0.04708901047706604,4,20,16,1.1875
29,9,1679,00:00:00.1290000,31,347,470,263462,268792,246531,515323,101962,617285,3.410161617235123,2.705871970941092,0.08727764338254929,4,31,25,1.2
29,10,1750,00:00:00.1600000,37,698,927,547835,565081,465667,1030748,154438,1185186,4.174871996130221,6.055600470244433,0.17441348731517792,5,37,28,1.2857143
29,11,1796,00:00:00.1990000,44,1481,1846,1231235,1277280,801774,2079054,208871,2287925,5.117253814259666,5.539110992554702,0.383434534072876,5,44,33,1.3030303
29,12,1832,00:00:00.2630000,45,2920,3491,2568098,2713166,1408580,4121746,277006,4398752,5.752248161869212,4.535993096102726,0.3449406325817108,5,45,32,1.375
29,13,1861,00:00:00.3510000,55,6198,7102,5617968,6065848,2451723,8517571,363169,8880740,6.819671632163089,6.854585483284826,0.2865828275680542,6,55,38,1.4210526
29,14,1872,00:00:00.4210000,60,13161,14314,12973770,14050981,3350112,17401093,415146,17816239,8.586622469798678,5.058043887791193,0.16133934259414673,7,60,43,1.3720931
29,15,1878,00:00:00.5100000,54,26388,27789,27232334,30029617,4468456,34498073,460658,34958731,9.779046041371261,4.967275545804512,0.14540791511535645,8,54,36,1.4722222
29,16,1883,00:00:00.6860000,58,56384,58197,58706883,65772056,6493607,72265663,521484,72787147,10.68516190852783,5.69024226875841,0.12584267556667328,7,58,40,1.425
29,17,1887,00:00:00.9220000,59,111222,113759,115506279,131951192,9884107,141835299,599213,142434512,11.32812617918373,5.818982907483653,0.12321987003087997,8,60,43,1.3720931
29,18,1891,00:00:01.4270000,69,228025,231896,235902507,272624438,16828901,289453339,722599,290175938,11.853034389329318,6.386515480095554,0.11607689410448074,8,70,54,1.2777778
29,19,1895,00:00:02.4450000,78,471769,478373,478224399,566905987,31284673,598190660,921700,599112360,12.294155976345323,7.605324340239771,0.2141270488500595,7,78,58,1.3275862
29,20,1899,00:00:04.5960000,76,973367,985631,942269288,1170754581,61370040,1232124621,1244141,1233368762,12.675612082562113,8.988724120181773,0.3091559410095215,6,76,53,1.4150944
30,0,1088,00:00:00.0210000,2,2,2,841,841,160,1001,1303,2304,1.0059453032104637,1.0119613387809263,0,1,2,1,1
30,1,1229,00:00:00.0310000,1,1,3,1511,1511,503,2014,2646,4660,1,1,0,0,1,1,0
30,2,1387,00:00:00.0500000,3,4,6,2694,2695,1309,4004,5122,9126,1.0033407572383073,1.0067089098063433,0,1,3,2,1
30,3,1579,00:00:00.0620000,5,8,15,4735,4741,3283,8024,10083,18107,1.0483632523759239,1.1027402600765612,0.03036518581211567,1,5,4,1
30,4,1772,00:00:00.0660000,8,15,26,8586,8607,7446,16053,18273,34326,1.2259492196599115,1.5942133657595594,0.10317808389663696,1,8,7,1
30,5,1940,00:00:00.0710000,13,30,47,16247,16289,15728,32017,30005,62022,1.5442850987874686,2.7342775188882613,0.22112207114696503,2,13,11,1.0909091
30,6,2096,00:00:00.0770000,18,48,79,30646,30849,33407,64256,47583,111839,1.8256868759381322,2.8239082591912106,0.29193755984306335,2,18,15,1.1333333
30,7,2243,00:00:00.0880000,28,91,139,57912,58550,69653,128203,73758,201961,2.12988672468573,3.3302984121695656,0.30140790343284607,4,28,21,1.2857143
30,8,2351,00:00:00.1010000,39,191,273,127678,129527,128122,257649,104379,362028,3.127860712103886,7.296892464642604,0.20260140299797058,5,39,29,1.3103448
30,9,2398,00:00:00.1130000,37,374,488,307799,314313,199957,514270,125847,640117,4.434777240991687,5.722793134220809,0.12732672691345215,6,37,26,1.3846154
30,10,2430,00:00:00.1270000,34,748,918,682385,700451,327218,1027669,149442,1177111,5.239710720487701,5.590538223860627,0.1053752452135086,6,34,23,1.4347826
30,11,2459,00:00:00.1530000,33,1514,1780,1440802,1496334,592098,2088432,183957,2272389,5.790357037261192,6.283237971743123,0.12103626877069473,7,33,22,1.4545455
30,12,2486,00:00:00.2000000,37,3021,3477,2855593,3020082,1120012,4140094,235559,4375653,6.213628482770479,6.875676689765916,0.15759152173995972,7,38,26,1.4230769
30,13,2511,00:00:00.2920000,57,6147,6912,5859995,6273167,2111515,8384682,310598,8695280,6.893632161802186,8.666639046579428,0.21487195789813995,8,57,43,1.3023256
30,14,2521,00:00:00.4000000,54,14086,15070,14441580,15665246,2951746,18616992,357498,18974490,9.175753345548063,8.331638076266113,0.2302827537059784,8,54,40,1.325
30,15,2525,00:00:00.4740000,60,28088,29238,30442374,32654159,3750209,36404368,388589,36792957,10.446034432137257,7.716996511592544,0.17405374348163605,7,60,43,1.3720931
30,16,2528,00:00:00.5830000,52,51890,53252,56709161,61343501,4937952,66281453,424135,66705588,11.148408631896352,8.457343118674551,0.16195915639400482,7,52,36,1.4166666
30,17,2532,00:00:00.8340000,53,120549,122488,132281781,144653527,8351129,153004656,501173,153505829,11.785064082256346,9.503207625697602,0.14021918177604675,7,53,37,1.4054054
30,18,2535,00:00:01.2490000,55,223922,226745,242622891,269265087,13684187,282949274,594533,283543807,12.103295455332779,9.031923550809118,0.13051077723503113,7,55,38,1.4210526
30,19,2539,00:00:02.2880000,65,487268,492695,517528992,586481270,28323411,614804681,794112,615598793,12.441073262616367,7.920778083566555,0.14863166213035583,7,66,49,1.3265306
30,20,2542,00:00:03.8290000,62,840987,850371,862251986,1011535536,49481720,1061017256,1025612,1062042868,12.655546552722003,7.250201624049807,0.18471366167068481,5,63,48,1.2916666
31,0,957,00:00:00.0200000,4,4,4,838,838,164,1002,1198,2200,1.0083532219570406,1.0168783936565031,0,1,4,3,1
31,1,1094,00:00:00.0450000,5,6,7,1529,1530,478,2008,2443,4451,1.0346631785480707,1.0726565956287804,0.016492759808897972,1,5,4,1
31,2,1239,00:00:00.0630000,7,9,10,2795,2797,1215,4012,4671,8683,1.1001788908765653,1.222971049063952,0.07266320288181305,2,7,5,1.2
31,3,1371,00:00:00.0650000,7,10,15,5157,5160,2872,8032,8152,16184,1.4665503199534613,2.186872239000005,0.22174419462680817,2,7,5,1.2
31,4,1457,00:00:00.0670000,9,19,28,10413,10426,5579,16005,11830,27835,2.1262844521271487,3.239728898577009,0.3128175139427185,3,9,6,1.3333334
31,5,1522,00:00:00.0690000,11,32,44,21075,21148,10893,32041,16255,48296,2.5948754448398574,2.272665984073761,0.253172904253006,3,11,8,1.25
31,6,1584,00:00:00.0720000,14,53,72,41739,41971,22730,64701,23191,87892,2.9530175615132133,2.093045232806675,0.19323410093784332,4,14,10,1.3
31,7,1641,00:00:00.0760000,15,98,122,81211,82077,46073,128150,33514,161664,3.3591385403455196,2.9000058356830736,0.16356512904167175,4,15,11,1.2727273
31,8,1692,00:00:00.0820000,18,197,236,163964,166711,91093,257804,48302,306106,3.8832426630235903,4.167346921493122,0.15230262279510498,5,18,13,1.3076923
31,9,1736,00:00:00.0920000,27,393,467,334618,340768,175853,516621,68779,585400,4.423644274964287,3.7466821479432375,0.13476581871509552,6,27,19,1.3684211
31,10,1772,00:00:00.1080000,32,769,880,698467,716916,325997,1042913,95572,1138485,5.147308319505431,4.24210154929793,0.118116095662117,7,32,21,1.4761904
31,11,1798,00:00:00.1300000,34,1557,1751,1465868,1520718,563730,2084448,126379,2210827,5.966059699781972,4.35940957101514,0.1524064838886261,6,34,24,1.375
31,12,1816,00:00:00.1600000,41,3307,3620,3144929,3277187,917302,4194489,159941,4354430,7.018264323296329,5.121581600712869,0.1299794316291809,8,41,30,1.3333334
31,13,1826,00:00:00.1940000,42,6540,6966,6639487,6997799,1346371,8344170,189586,8533756,8.202352380537834,7.325135534134104,0.11892849951982498,8,42,30,1.3666667
31,14,1833,00:00:00.2430000,53,12987,13573,13669543,14495899,1989953,16485852,222391,16708243,9.117649507375631,9.019157353183283,0.11050651222467422,8,53,38,1.3684211
31,15,1839,00:00:00.3220000,54,26175,27014,27658470,29920160,3137730,33057890,266784,33324674,9.83639199854511,10.489310053246948,0.1352962702512741,8,54,38,1.3947369
31,16,1845,00:00:00.5340000,61,57890,59294,61223038,67682486,5633740,73316226,339652,73655878,10.569440526620062,12.865781482826236,0.17610248923301697,7,61,42,1.4285715
31,17,1849,00:00:00.7720000,64,104948,107039,109384269,123599713,8986069,132585782,416372,133002154,11.049667909743036,14.664038257136884,0.24055016040802002,7,64,44,1.4318181
31,18,1854,00:00:01.4070000,72,234521,238353,236849669,278598216,17571919,296170135,568957,296739092,11.654157506971226,16.265562655501192,0.3387134075164795,8,72,49,1.4489796
31,19,1858,00:00:02.4360000,83,461347,468021,452630059,551053690,32002981,583056671,767899,583824570,12.104335337569792,17.078557513823174,0.32575199007987976,6,83,61,1.3442622
31,20,1862,00:00:04.7050000,97,920940,933110,869775684,1103218743,60818666,1164037409,1081814,1165119223,12.511573634656818,18.29165649381252,0.3241375982761383,6,97,70,1.3714286
32,0,954,00:00:00.0220000,2,2,3,851,851,157,1008,1329,2337,1.1116333725029377,1.2474158270876232,0,1,2,1,1
32,1,1062,00:00:00.0400000,2,3,5,1558,1559,444,2003,2400,4403,1.2984595635430038,1.7204684200144014,0,1,2,1,1
32,2,1155,00:00:00.0570000,4,9,11,2995,3003,1012,4015,3779,7794,1.543906510851419,2.002797014385601,0.024302829056978226,2,4,2,1.5
32,3,1245,00:00:00.0680000,7,11,13,5610,5619,2431,8050,6109,14159,1.7486631016042782,1.6720272458723526,0.034615352749824524,2,7,5,1.2
32,4,1341,00:00:00.0700000,9,19,21,10303,10323,5764,16087,10306,26393,1.8843055420751238,1.4729728401088553,0.038783587515354156,2,9,7,1.1428572
32,5,1438,00:00:00.0730000,12,38,48,19070,19157,12945,32102,17049,49151,2.054378605138962,1.5834136885745875,0.049619097262620926,3,12,9,1.2222222
32,6,1536,00:00:00.0780000,15,67,87,35953,36239,27965,64204,27918,92122,2.3901482491029955,2.4601006843313358,0.1071866825222969,3,15,11,1.2727273
32,7,1616,00:00:00.0840000,17,109,142,72360,73444,54792,128236,42242,170478,2.9545328911000555,4.952354431702058,0.24087439477443695,4,17,11,1.4545455
32,8,1683,00:00:00.0930000,22,221,276,148002,150783,106413,257196,61757,318953,3.486817745706139,5.278996909414446,0.5454994440078735,5,22,15,1.4
32,9,1741,00:00:00.1080000,30,433,541,300791,307705,204476,512181,88463,600644,4.026782716238185,5.771680731054401,0.5254991054534912,5,30,19,1.5263158
32,10,1785,00:00:00.1300000,38,805,989,645589,663504,368933,1032437,120765,1153202,4.849585417347569,9.193932225347206,0.47783491015434265,5,38,25,1.48
32,11,1817,00:00:00.1590000,42,1527,1801,1388217,1441290,643356,2084646,158660,2243306,5.645105916438136,11.449620835225167,0.43007948994636536,6,42,28,1.4642857
32,12,1843,00:00:00.2040000,58,3087,3529,2914236,3055823,1138913,4194736,208009,4402745,6.3159167617173075,14.028880602007888,0.3950437009334564,7,58,38,1.5
32,13,1865,00:00:00.2770000,67,6215,6929,5944639,6334075,2035063,8369138,274545,8643683,6.941870986614999,16.84711300377596,0.4163915812969208,8,67,42,1.5714285
32,14,1883,00:00:00.3940000,72,12464,13657,11779458,12962916,3559925,16522841,360416,16883257,7.608159475588775,18.613345397670862,0.3952164947986603,7,73,48,1.5
32,15,1897,00:00:00.6000000,97,24965,26883,24331012,27176652,6012090,33188742,465325,33654067,8.465181596227891,23.45759646668846,0.39706355333328247,10,98,65,1.4923077
32,16,1906,00:00:00.9030000,103,51889,54617,51460001,58707648,9291136,67998784,571325,68570109,9.724011179090338,30.92615285058612,0.36362355947494507,8,104,68,1.5147059
32,17,1911,00:00:01.2080000,89,108272,111826,108919228,125877845,13157657,139035502,665081,139700583,11.083847004497681,16.220882544193348,0.2968294024467468,8,90,58,1.5344827
32,18,1915,00:00:01.7240000,81,240469,245239,246417765,285353478,19981383,305334861,788345,306123206,12.064619196590797,8.818555895582538,0.23057784140110016,8,82,50,1.62
32,19,1918,00:00:02.5390000,73,461099,467580,468771265,552512877,30674127,583187004,937188,584124192,12.590246501137393,7.389811695993593,0.1919005662202835,9,74,44,1.6590909
32,20,1921,00:00:04.1340000,66,880581,890395,873650975,1059857413,51404121,1111261534,1166365,1112427899,12.96730503620167,7.453349058825655,0.2214914709329605,8,67,39,1.6923077
33,0,992,00:00:00.0360000,3,3,3,836,836,171,1007,1355,2362,1.0023923444976077,1.0047990390304113,0,1,3,2,1
33,1,1131,00:00:00.0550000,3,4,6,1528,1529,486,2015,2637,4652,1.031413612565445,1.0648860719990931,0.005205881781876087,1,3,2,1
33,2,1273,00:00:00.0740000,4,5,8,2755,2756,1247,4003,4829,8832,1.1346642468239565,1.3067551847283227,0.025966009125113487,1,4,3,1
33,3,1407,00:00:00.0760000,4,11,14,5092,5109,2898,8007,8290,16297,1.3823644933228594,1.9255350270855616,0.05011831223964691,1,4,3,1
33,4,1526,00:00:00.0790000,6,10,19,9742,9759,6312,16071,13378,29449,1.6785054403613222,2.008761413175519,0.05638134479522705,2,6,4,1.25
33,5,1640,00:00:00.0820000,10,21,37,18259,18324,13767,32091,21364,53455,1.9634700695547402,1.94129494407407,0.06804640591144562,3,10,6,1.5
33,6,1738,00:00:00.0860000,14,47,71,35982,36116,27984,64100,32191,96291,2.433716858429215,3.0467944803563367,0.09302686899900436,4,14,9,1.4444444
33,7,1807,00:00:00.0910000,14,110,142,77047,77741,51735,129476,44562,174038,3.2541176165197867,5.993577631869178,0.1471152901649475,4,14,9,1.4444444
33,8,1854,00:00:00.0970000,18,200,245,165072,167586,92090,259676,58263,317939,3.992397256954541,4.387200652864215,0.13930188119411469,5,18,11,1.5454545
33,9,1895,00:00:00.1070000,28,397,469,340307,346960,173079,520039,77488,597527,4.501602964382161,2.7350349680557997,0.2641519010066986,6,28,20,1.35
33,10,1934,00:00:00.1240000,35,753,872,672464,691452,335992,1027444,106513,1133957,4.898065918770373,2.517101929340771,0.1867717057466507,6,35,24,1.4166666
33,11,1970,00:00:00.1550000,42,1506,1730,1351124,1400955,647066,2048021,149172,2197193,5.45176682525068,3.727986889724489,0.14443564414978027,6,42,28,1.4642857
33,12,1996,00:00:00.1970000,50,3115,3474,2947092,3083423,1117649,4201072,197440,4398512,6.552257615303493,7.271958563741093,0.17382338643074036,9,50,31,1.5806452
33,13,2007,00:00:00.2370000,48,6699,7186,6753388,7153770,1569271,8723041,230074,8953115,8.244000788937345,5.873281483513043,0.17661026120185852,10,48,29,1.6206896
33,14,2013,00:00:00.2760000,50,13166,13798,13816920,14791978,2127386,16919364,258711,17178075,9.297733865434553,4.492305193591208,0.12012466788291931,8,51,35,1.4285715
33,15,2019,00:00:00.3560000,60,29185,30146,31374454,34015053,3364335,37379388,305291,37684679,10.139783914645973,5.241751358433182,0.1035107970237732,9,61,42,1.4285715
33,16,2023,00:00:00.4830000,62,52086,53419,55500346,61287683,5036128,66323811,354126,66677937,10.620359339741773,6.866690240295637,0.14605124294757843,7,62,46,1.326087
33,17,2028,00:00:00.7600000,68,111909,114159,117454797,132891584,9201140,142092724,449257,142541981,11.192422409107735,10.710689003367104,0.17424732446670532,7,68,49,1.3673469
33,18,2032,00:00:01.2680000,77,214658,218268,221017144,255886321,15969404,271855725,570341,272426066,11.640921321469976,14.901960040832076,0.26559320092201233,7,77,54,1.4074074
33,19,2036,00:00:02.2170000,76,424844,430990,420743392,509345965,29244881,538590846,758761,539349607,12.079240391254915,17.51152327840161,0.2871180474758148,7,76,53,1.4150944
33,20,2040,00:00:04.1400000,79,867703,878871,817548190,1040271607,56067253,1096338860,1058068,1097396928,12.544219688138506,17.48386535824262,0.43280720710754395,7,79,52,1.5
34,0,1114,00:00:00.0200000,3,3,4,835,835,167,1002,1302,2304,1.0023952095808384,1.0048047954079273,0,1,3,2,1
34,1,1249,00:00:00.0410000,2,3,6,1512,1513,489,2002,2546,4548,1.0013227513227514,1.002648991843546,0,1,2,1,1
34,2,1413,00:00:00.0590000,2,3,9,2690,2691,1336,4027,5174,9201,1.0215613382899629,1.0440515274408495,0,1,2,1,1
34,3,1584,00:00:00.0670000,6,6,15,4843,4843,3175,8018,9592,17610,1.1271938880858972,1.2894395009820732,0.029560048133134842,1,6,5,1
34,4,1746,00:00:00.0800000,7,14,24,9024,9032,7030,16062,16464,32526,1.4096852836879432,2.0674692459869166,0.10423194617033005,2,7,5,1.2
34,5,1873,00:00:00.0840000,8,30,47,17711,17781,14310,32091,25308,57399,1.8604821862119587,2.9425690211395095,0.13806647062301636,2,8,6,1.1666666
34,6,1975,00:00:00.0890000,11,56,85,35231,35442,28640,64082,36512,100594,2.3250262552865375,2.8473175087193265,0.12339328229427338,3,11,6,1.6666666
34,7,2070,00:00:00.0960000,16,99,147,68619,69249,59247,128496,53721,182217,2.668211428321602,2.0517927976668537,0.09841044992208481,3,16,11,1.3636364
34,8,2165,00:00:00.1080000,19,178,266,129944,132281,123804,256085,81578,337663,2.9432678692359784,1.818054005756154,0.11860642582178116,3,19,14,1.2857143
34,9,2261,00:00:00.1330000,33,382,536,250119,256679,257874,514553,126556,641109,3.277611856756184,2.5356280732590926,0.16855183243751526,4,33,23,1.3913044
34,10,2346,00:00:00.1800000,44,718,983,502014,523516,505227,1028743,189390,1218133,3.8220965949156795,5.603438993279861,0.3722900450229645,5,44,31,1.3870968
34,11,2407,00:00:00.2340000,52,1424,1843,1094498,1149730,898699,2048429,260643,2309072,4.7294430871504565,13.384773848304349,0.5685086250305176,5,52,36,1.4166666
34,12,2447,00:00:00.3010000,52,3011,3658,2472300,2640454,1515007,4155461,335374,4490835,5.723156979330987,7.895168248495651,0.45867398381233215,7,52,33,1.5454545
34,13,2473,00:00:00.3810000,61,6021,6987,5366608,5799684,2426344,8226028,412234,8638262,6.79316637250196,6.01707499888676,0.3119114637374878,9,62,38,1.6052631
34,14,2485,00:00:00.4590000,60,13445,14641,13169918,14322615,3384184,17706799,468177,18174976,8.673792501973058,7.907056436259062,0.173883318901062,10,61,39,1.5384616
34,15,2491,00:00:00.5410000,54,27448,28916,28115555,31044794,4536720,35581514,514474,36095988,9.83902131755891,6.734561198060615,0.1530870795249939,11,55,36,1.5
34,16,2496,00:00:00.6990000,57,55291,57252,57124151,64204442,6588575,70793017,575854,71368871,10.541798039151601,6.724354304730663,0.12967470288276672,10,58,39,1.4615384
34,17,2501,00:00:00.9860000,71,115409,118270,118404360,135621237,10914811,146536048,674367,147210415,11.114418286623904,8.433710710840689,0.19522719085216522,8,72,51,1.3921568
34,18,2505,00:00:01.4700000,77,210109,214335,212028796,248889460,17692694,266582154,796260,267378414,11.485752199432383,11.409829595134322,0.21148180961608887,7,78,56,1.375
34,19,2510,00:00:02.6740000,85,456121,463858,441274757,543175459,34826307,578001766,1037523,579039289,11.96247227665461,17.541799901374482,0.3075205087661743,6,85,60,1.4
34,20,2514,00:00:04.6430000,101,874028,887250,819942242,1043608019,62658488,1106266507,1345550,1107612057,12.391703621972924,23.774754985777893,0.46534499526023865,7,101,67,1.4925373
35,0,921,00:00:00.0390000,3,3,4,844,844,157,1001,1393,2394,1.0841232227488151,1.1834592481383033,0.025880174711346626,1,3,2,1
35,1,1037,00:00:00.0630000,4,4,5,1569,1569,438,2007,2499,4506,1.254302103250478,1.6385206186416748,0.07439703494310379,1,4,3,1
35,2,1131,00:00:00.0640000,6,8,9,2972,2975,1029,4004,3900,7904,1.4868775235531628,2.2163578852534895,0.15138763189315796,2,6,4,1.25
35,3,1223,00:00:00.0820000,7,14,17,5589,5601,2438,8039,6313,14352,1.7809983896940418,2.3557726248195725,0.20715458691120148,2,7,4,1.5
35,4,1303,00:00:00.0850000,11,28,33,10744,10798,5244,16042,9752,25794,2.108525688756515,2.7433162024784026,0.22566193342208862,3,11,6,1.6666666
35,5,1372,00:00:00.0870000,15,41,50,21039,21130,11015,32145,14394,46539,2.5867199011359854,4.116204194805687,0.24604687094688416,4,15,9,1.5555556
35,6,1424,00:00:00.0900000,17,73,86,42739,43017,21014,64031,20207,84238,3.224665995928777,5.718832648760342,0.28385573625564575,5,17,10,1.6
35,7,1465,00:00:00.0930000,19,112,132,89613,90413,39348,129761,27646,157407,3.8887996161271245,5.416410674894689,0.26844507455825806,6,19,11,1.6363636
35,8,1496,00:00:00.0970000,20,212,242,184902,187017,70276,257293,36595,293888,4.639192653405588,5.202489526017723,0.23935337364673615,7,20,10,1.9
35,9,1517,00:00:00.1020000,22,419,460,404684,410219,117289,527508,46258,573766,5.670486107679078,5.344162170931478,0.13983696699142456,8,22,11,1.9090909
35,10,1530,00:00:00.1090000,20,848,907,857830,877243,183053,1060296,55866,1116162,6.716713101663499,5.233198168284991,0.10419531911611557,8,20,10,1.9
35,11,1539,00:00:00.1170000,22,1717,1798,1871651,1920779,284280,2205059,66579,2271638,7.775784588045528,5.6199033460263195,0.07669508457183838,8,22,11,1.9090909
35,12,1545,00:00:00.1270000,20,3174,3284,3613821,3743476,426812,4170288,77928,4248216,8.513033711409614,4.419217028706328,0.07541564851999283,9,20,9,2.1111112
35,13,1551,00:00:00.1470000,24,6545,6720,7305135,7647888,718825,8366713,95813,8462526,9.094823162063397,3.0574642689205733,0.10292113572359085,9,25,15,1.6
35,14,1557,00:00:00.1850000,31,13194,13507,14569263,15440661,1318956,16759617,124265,16883882,9.509304966215518,2.444242009643748,0.1806681603193283,8,31,22,1.3636364
35,15,1563,00:00:00.2700000,38,26346,26941,28665727,30968490,2534689,33503179,169439,33672618,9.913166828108006,2.491441698166624,0.5105267763137817,9,38,28,1.3214285
35,16,1569,00:00:00.4640000,45,60227,61395,64230579,70994393,5097855,76092248,242897,76335145,10.723162592073162,4.010422501184399,0.2972453236579895,8,45,35,1.2571429
35,17,1573,00:00:00.7230000,52,125761,127643,135035592,150278657,8800564,159079221,324135,159403356,11.604919679250193,7.016591200588852,0.2090303897857666,6,52,41,1.2439024
35,18,1576,00:00:01.1530000,52,240707,243569,257921795,290171903,14389469,304561372,420481,304981853,12.211714446233596,8.7542838568789,0.1773054301738739,6,52,40,1.275
35,19,1579,00:00:01.9410000,57,475643,480206,505905276,575247986,25370502,600618488,570518,601189006,12.70227289742675,8.870527358480215,0.1583767980337143,7,57,45,1.2444445
35,20,1582,00:00:03.5310000,52,925923,933967,958400583,1119843697,47098300,1166941997,805615,1167747612,13.04601877417681,7.902010708238264,0.14782412350177765,6,52,42,1.2142857
36,0,892,00:00:00.0200000,1,1,1,850,850,153,1003,1250,2253,1,1,0,0,1,1,0
36,1,1034,00:00:00.0310000,1,1,1,1493,1493,518,2011,2615,4626,1,1,0,0,1,1,0
36,2,1204,00:00:00.0490000,5,6,8,2646,2647,1357,4004,5313,9317,1.0083144368858654,1.0168143548419983,0,1,5,4,1
36,3,1380,00:00:00.0620000,8,9,12,4844,4848,3156,8004,9838,17842,1.0685383980181669,1.150376832089924,0.047388091683387756,1,8,7,1
36,4,1567,00:00:00.0660000,10,18,22,8706,8724,7308,16032,17809,33841,1.2988743395359523,1.9183773580713772,0.2211409956216812,2,10,8,1.125
36,5,1715,00:00:00.0700000,14,31,41,16901,16971,15068,32039,28085,60124,1.7162889769836105,4.49966379171207,0.4165315330028534,2,14,10,1.3
36,6,1833,00:00:00.0760000,16,68,86,33765,34033,30333,64366,41089,105455,2.180482748408115,5.224955304256221,0.46721333265304565,2,16,11,1.3636364
36,7,1934,00:00:00.0940000,25,112,153,65740,66741,61296,128037,59423,187460,2.563066626102829,2.9232356336118137,0.28436678647994995,3,25,18,1.3333334
36,8,2035,00:00:00.1080000,36,200,275,127144,129096,127428,256524,88987,345511,2.8702494809035426,2.1837714852999226,0.2045087069272995,3,36,28,1.25
36,9,2136,00:00:00.1410000,43,373,521,243114,249985,263649,513634,136233,649867,3.183177439390574,2.7141270470945944,0.17930766940116882,4,43,33,1.2727273
36,10,2227,00:00:00.1920000,63,714,959,490398,509364,517945,1027309,203455,1230764,3.772890590907793,6.212111309858786,0.23748552799224854,6,63,43,1.4418604
36,11,2276,00:00:00.2450000,64,1472,1842,1177257,1232677,831686,2064363,259943,2324306,5.208651127154054,7.439871382633398,0.21200557053089142,7,65,45,1.4222223
36,12,2303,00:00:00.2880000,59,3103,3637,2703204,2870343,1286900,4157243,310611,4467854,6.293204286468946,4.858717479035577,0.16101738810539246,7,60,42,1.4047619
36,13,2323,00:00:00.3430000,63,6189,6978,5750938,6183254,2063089,8246343,370388,8616731,7.105598947510823,5.793141706683249,0.14103811979293823,7,64,47,1.3404255
36,14,2338,00:00:00.4280000,71,12292,13461,12072482,13148371,3308911,16457282,440819,16898101,8.023806952041841,9.771978919198684,0.1395791620016098,10,72,49,1.4489796
36,15,2346,00:00:00.5170000,58,28864,30378,29945722,32853292,4738825,37592117,500236,38092353,10.044408680478634,9.241420241066436,0.11383537203073502,9,59,40,1.45
36,16,2349,00:00:00.6360000,46,54642,56364,58155672,63950333,5938222,69888555,536569,70425124,11.20989747999129,5.094647700638998,0.15475112199783325,7,46,32,1.40625
36,17,2352,00:00:00.8000000,44,114511,116567,125020394,136872820,8399708,145272528,593393,145865921,12.01360317261518,3.378873701535217,0.11221349984407425,7,44,30,1.4333333
36,18,2355,00:00:01.2040000,49,237916,240737,262223267,287254265,13690749,300945014,686336,301631350,12.456963016176593,2.7436314491897353,0.08599457889795303,6,49,38,1.2631578
36,19,2358,00:00:02.0040000,52,468128,472632,510234490,565603687,24595242,590198929,835515,591034444,12.729461877420322,2.5302981698070868,0.11751358956098557,6,52,40,1.275
36,20,2361,00:00:03.5420000,53,862048,870200,917793436,1042405344,45556394,1087961738,1065049,1089026787,12.903407706437333,2.5261520656593466,0.10555239766836166,5,53,43,1.2093023
37,0,1196,00:00:00.0260000,3,3,3,868,868,140,1008,1160,2168,1.0921658986175116,1.2012767843016308,0.00848265178501606,1,3,2,1
37,1,1296,00:00:00.0470000,3,4,4,1604,1605,398,2003,2094,4097,1.2855361596009975,1.6982306509231637,0.039588842540979385,1,3,2,1
37,2,1395,00:00:00.0490000,4,6,7,2980,2983,1037,4020,3628,7648,1.4973154362416108,2.0521432048088384,0.0601998046040535,1,4,3,1
37,3,1490,00:00:00.0670000,6,12,15,5513,5526,2488,8014,6129,14143,1.7077816071104661,1.841786705801999,0.06147211790084839,2,6,4,1.25
37,4,1584,00:00:00.0700000,9,22,28,10289,10322,5728,16050,10229,26279,1.8811351929244824,1.6275656028724979,0.07769041508436203,2,9,6,1.3333334
37,5,1681,00:00:00.0730000,10,30,43,19105,19204,12895,32099,16880,48979,2.0767338393090813,1.7453519492752279,0.0813726931810379,2,10,7,1.2857143
37,6,1779,00:00:00.0780000,17,57,80,35950,36208,28027,64235,27742,91977,2.3435048678720447,2.3459820912719436,0.0975121557712555,3,17,13,1.2307693
37,7,1875,00:00:00.0860000,24,112,149,68823,69617,59307,128924,44980,173904,2.663455530854511,2.9212454713961638,0.12674745917320251,4,24,18,1.2777778
37,8,1962,00:00:00.0980000,27,204,281,134863,137489,119187,256676,70358,327034,3.1372578097773296,3.97790811733138,0.1855708658695221,5,27,18,1.4444444
37,9,2023,00:00:00.1130000,32,399,519,294871,301857,212474,514331,98249,612580,4.089723980995079,7.0519847448666475,0.16554662585258484,6,32,22,1.4090909
37,10,2061,00:00:00.1310000,34,779,965,660029,680413,356099,1036512,126302,1162814,5.039880065875893,4.669485095406477,0.1305191069841385,6,35,25,1.36
37,11,2091,00:00:00.1570000,43,1506,1789,1385068,1434351,618823,2053174,161886,2215060,5.676348742444414,3.7558033637305837,0.1355070322751999,6,43,31,1.3548387
37,12,2119,00:00:00.2070000,51,3051,3507,2852581,2982707,1147962,4130669,214839,4345508,6.190793530490458,4.567610323543979,0.11953286826610565,6,51,37,1.3513514
37,13,2145,00:00:00.2880000,63,6204,6982,5778411,6130612,2185155,8315767,293525,8609292,6.696404080637393,7.246537804648749,0.1415242850780487,7,63,42,1.4761904
37,14,2167,00:00:00.4130000,74,12486,13834,11748998,12797647,3992522,16790169,398643,17188812,7.422856825748034,13.118780708616914,0.14904376864433289,10,75,48,1.5416666
37,15,2177,00:00:00.5300000,68,27172,28973,27425159,30268955,5682053,35951008,472352,36423360,9.495178460041016,14.517587837305445,0.17051462829113007,10,69,44,1.5454545
37,16,2181,00:00:00.6990000,61,56256,58341,59302604,65275212,7251404,72526616,520887,73047503,10.948719334483187,8.099329972619957,0.21797838807106018,8,61,39,1.5384616
37,17,2184,00:00:00.8790000,59,108519,111010,116683087,128399118,9682534,138081652,577797,138659449,11.693805418432236,6.3144493373569714,0.17857179045677185,9,59,38,1.5263158
37,18,2187,00:00:01.2480000,57,209972,213268,226452444,251096355,14501498,265597853,665797,266263650,12.18003394125435,5.445712353244031,0.15922075510025024,7,57,39,1.4358975
37,19,2191,00:00:02.2400000,49,475876,481643,498845076,571147495,28451582,599599077,859644,600458721,12.527162759846506,4.697477593448089,0.17849236726760864,6,49,36,1.3333334
37,20,2195,00:00:04.3920000,53,984769,996311,996657788,1184771179,59015601,1243786780,1184589,1244971369,12.721681406256167,4.401629770695745,0.1734703928232193,7,53,38,1.3684211
38,0,900,00:00:00.0500000,1,1,2,847,847,157,1004,1403,2407,1,1,0,0,1,1,0
38,1,1044,00:00:00.0660000,2,4,5,1497,1499,505,2004,2791,4795,1.0033400133600534,1.006702322476184,0,1,2,1,1
38,2,1198,00:00:00.0860000,6,6,8,2723,2723,1293,4016,5145,9161,1.0264414248990084,1.0547517343447683,0.010532699525356293,1,6,5,1
38,3,1366,00:00:00.0980000,6,9,13,4870,4876,3131,8007,9526,17533,1.1570841889117043,1.389437718733031,0.12159428745508194,1,6,5,1
38,4,1516,00:00:00.1010000,10,25,30,9115,9158,6846,16004,15858,31862,1.4427866154690072,2.584249132975625,0.2864677309989929,2,10,7,1.2857143
38,5,1650,00:00:00.1060000,16,33,45,17551,17611,14456,32067,25163,57230,1.753518318044556,3.9261998845464112,0.36648696660995483,2,16,13,1.1538461
38,6,1773,00:00:00.1120000,18,64,86,32972,33365,30758,64123,38739,102862,2.099205386388451,5.273363796192547,0.423757404088974,3,18,13,1.3076923
38,7,1881,00:00:00.1200000,28,105,149,65433,66250,62562,128812,58165,186977,2.554414439197347,7.6792838529212695,0.40892988443374634,4,28,20,1.35
38,8,1957,00:00:00.1370000,30,197,270,143024,145274,112934,258208,79960,338168,3.4968816422418616,9.130770136160635,0.36200323700904846,5,30,19,1.5263158
38,9,1998,00:00:00.1470000,28,387,487,328472,336820,183981,520801,98881,619682,4.599822815947783,4.901538031275892,0.22719816863536835,7,28,19,1.4210526
38,10,2025,00:00:00.1590000,39,769,906,721376,740759,296342,1037101,118692,1155793,5.561734795723728,4.333935017617508,0.12426114827394485,8,39,28,1.3571428
38,11,2042,00:00:00.1740000,43,1588,1779,1565194,1624486,458957,2083443,138668,2222111,6.639693865424989,4.103700558528123,0.08267012983560562,8,44,33,1.3030303
38,12,2055,00:00:00.1970000,46,3221,3489,3381622,3549060,741887,4290947,163378,4454325,7.479647636548378,3.6625473716494445,0.0606103353202343,9,47,34,1.3529412
38,13,2066,00:00:00.2330000,52,6521,6936,6841159,7274093,1258695,8532788,197026,8729814,8.064266303414378,4.329468259866664,0.06410372257232666,8,52,39,1.3076923
38,14,2076,00:00:00.2980000,57,12740,13418,13389267,14437984,2217915,16655899,245182,16901081,8.592671652600549,6.327531257207683,0.09720398485660553,8,58,42,1.3571428
38,15,2085,00:00:00.4130000,60,25424,26540,26397013,28991314,3936884,32928198,312649,33240847,9.185593385130355,10.445356871692134,0.16349510848522186,7,60,42,1.4047619
38,16,2092,00:00:00.6150000,64,52493,54296,54503709,61024529,6628807,67653336,394871,68048207,10.13059360785887,14.53704514980353,0.2381608486175537,7,64,44,1.4318181
38,17,2097,00:00:00.9100000,72,116447,119116,122746283,138393565,10779002,149172567,490899,149663466,11.277218170427206,7.661274836782942,0.23975783586502075,8,72,51,1.3921568
38,18,2100,00:00:01.3020000,67,212739,216315,221324093,254500761,15820209,270320970,581670,270902640,11.932978796845221,4.623271263513082,0.1846749186515808,7,67,48,1.375
38,19,2104,00:00:02.3340000,66,498334,504274,504630341,599691690,30059523,629751213,778348,630529561,12.562085837799437,3.448961064496736,0.15248823165893555,7,66,49,1.3265306
38,20,2107,00:00:04.1500000,77,931440,941138,930728242,1123046626,52372420,1175419046,1018376,1176437422,12.9268064436794,3.5963939160322336,0.12545090913772583,7,77,61,1.2459016
3,0,705,00:00:00.0310000,2,2,4,860,860,141,1001,1246,2247,1.1651162790697673,1.3806543191034713,0,1,2,1,1
3,1,805,00:00:00.0410000,2,3,5,1586,1587,416,2003,2191,4194,1.3883984867591426,1.9050891198966997,0,1,2,1,1
3,2,893,00:00:00.0580000,2,5,7,2978,2982,1041,4023,3622,7645,1.6087978509066487,1.9095851766240732,0,1,2,1,1
3,3,981,00:00:00.0600000,2,7,13,5592,5603,2406,8009,5843,13852,1.7854077253218885,1.5084887135213239,0,1,2,1,1
3,4,1073,00:00:00.0620000,6,14,22,10378,10394,5692,16086,9819,25905,1.8991135093466949,1.2589275036575105,0,2,6,4,1.25
3,5,1177,00:00:00.0740000,10,26,37,18760,18820,13212,32032,17020,49052,1.9884328358208956,1.2074976224673086,0.03362508863210678,2,10,8,1.125
3,6,1292,00:00:00.0780000,13,52,71,33929,34131,29928,64059,30012,94071,2.126912081110554,1.441120073684275,0.11691851168870926,2,13,11,1.0909091
3,7,1411,00:00:00.0870000,20,111,146,62693,63577,64592,128169,51551,179720,2.376820378670665,2.465509152316463,0.2722056806087494,3,20,15,1.2666667
3,8,1524,00:00:00.1030000,32,206,295,120670,123633,132810,256443,84244,340687,2.739007209745587,5.4534264298210395,0.40313223004341125,4,32,25,1.24
3,9,1625,00:00:00.1300000,46,393,556,243177,252234,263477,515711,131193,646904,3.28440600879195,11.400830194358779,0.45233356952667236,5,46,36,1.25
3,10,1675,00:00:00.1530000,46,759,983,620222,643225,407245,1050470,166481,1216951,5.245339571959717,11.592577843473608,0.21146827936172485,7,46,32,1.40625
3,11,1689,00:00:00.1660000,37,1635,1894,1567422,1628930,529109,2158039,182929,2340968,7.005625160295057,5.074586474022289,0.09779752045869827,8,37,24,1.5
3,12,1698,00:00:00.1820000,35,3180,3485,3267584,3413526,719724,4133250,199932,4333182,7.860309941534785,3.626243913350367,0.07437151670455933,9,35,22,1.5454545
3,13,1707,00:00:00.2140000,42,6843,7240,7182336,7532323,1138043,8670366,227055,8897421,8.583425921594312,3.4643225769621293,0.05831940844655037,10,42,26,1.5769231
3,14,1714,00:00:00.2640000,43,14237,14784,15130862,16129731,1838649,17968380,261081,18229461,9.391176061218456,4.870897224875315,0.09487682580947876,9,43,28,1.5
3,15,1719,00:00:00.3340000,51,28531,29323,31002628,33413308,2887151,36300459,299966,36600425,10.274936144123007,7.373486584361135,0.11916511505842209,10,52,34,1.5
3,16,1723,00:00:00.4810000,55,56681,57826,62064797,67590858,4597746,72188604,349046,72537650,11.004148503055605,9.385433357054584,0.18686072528362274,7,55,41,1.3170732
3,17,1727,00:00:00.7310000,52,121289,123074,130569967,145342285,8193085,153535370,428437,153963807,11.59004509053755,10.833648445466903,0.22504308819770813,7,52,37,1.3783784
3,18,1730,00:00:01.1510000,52,215048,217768,227419258,259233279,13461343,272694622,520991,273215613,11.932317240257639,11.762066222807755,0.2508775293827057,6,52,38,1.3421053
3,19,1734,00:00:02.1250000,57,453451,458756,459054372,545885897,27326230,573212127,713808,573925935,12.26984503918416,12.721132867292775,0.3647964894771576,6,57,41,1.3658537
3,20,1738,00:00:04.2550000,63,916137,926917,872729467,1100940739,56079327,1157020066,1026299,1158046365,12.525198886174426,13.442657471609966,0.41116029024124146,6,63,41,1.5121951
39,0,663,00:00:00.0580000,2,2,2,841,841,163,1004,1234,2238,1.0011890606420928,1.0023809337855052,0,1,2,1,1
39,1,800,00:00:00.0740000,2,2,3,1525,1525,476,2001,2487,4488,1.0026229508196722,1.0052596837241738,0,1,2,1,1
39,2,965,00:00:00.1040000,2,4,5,2683,2685,1320,4005,5051,9056,1.0223630264629147,1.045725175235957,0,1,2,1,1
39,3,1136,00:00:00.1090000,5,9,15,4858,4866,3148,8014,9398,17412,1.1064223960477564,1.237449957423839,0.02695976011455059,1,5,4,1
39,4,1302,00:00:00.1300000,6,12,25,8964,8985,7071,16056,16393,32449,1.3623382418563141,1.9352209293448723,0.09068385511636734,1,6,5,1
39,5,1450,00:00:00.1370000,12,30,51,16881,16925,15147,32072,26802,58874,1.678158876843789,2.242454329029486,0.150722935795784,2,12,10,1.1
39,6,1583,00:00:00.1480000,13,61,92,31814,32232,31790,64022,41634,105656,1.9791601181869618,2.239213525439217,0.17180024087429047,2,13,11,1.0909091
39,7,1703,00:00:00.1630000,28,99,152,63346,64021,64745,128766,63018,191784,2.4343289236889465,3.694999593441455,0.1785513460636139,3,28,23,1.173913
39,8,1800,00:00:00.1810000,33,193,275,129120,130859,125585,256444,91104,347548,2.9906830855018587,6.9163662183905235,0.20930853486061096,3,33,28,1.1428572
39,9,1882,00:00:00.2090000,37,371,502,263072,269497,243480,512977,129492,642469,3.515151745529741,7.477099852137764,0.23899301886558533,5,37,27,1.3333334
39,10,1944,00:00:00.2480000,36,752,955,571915,593452,438860,1032312,174842,1207154,4.452187825113872,9.197822637980222,0.258203387260437,7,36,22,1.5909091
39,11,1977,00:00:00.2890000,42,1573,1873,1347577,1398767,695103,2093870,213532,2307402,5.702485275423965,7.5795964500356625,0.2554582953453064,6,42,28,1.4642857
39,12,1998,00:00:00.3410000,51,3193,3619,2985420,3119634,1088842,4208476,253218,4461694,6.677805467907363,7.08380196903415,0.21289397776126862,7,51,36,1.3888888
39,13,2011,00:00:00.3960000,57,6803,7382,6693975,7063867,1621642,8685509,291690,8977199,8.109296793011627,10.815437695891662,0.18727299571037292,9,57,36,1.5555556
39,14,2016,00:00:00.4440000,43,13546,14231,14335353,15318829,2072166,17390995,315137,17706132,9.815570359516085,6.431139076697918,0.13806290924549103,8,44,27,1.5925926
39,15,2020,00:00:00.5310000,35,31661,32490,34854338,37391742,2915598,40307340,346447,40653787,10.999108661883064,3.0789933803351723,0.10742330551147461,6,36,22,1.5909091
39,16,2023,00:00:00.6840000,31,62657,63709,68994254,74904623,4318342,79222965,385357,79608322,11.526623680864786,2.454678479726542,0.09751440584659576,7,32,19,1.6315789
39,17,2026,00:00:00.9780000,34,120119,121643,131851694,144514043,7110868,151624911,446153,152071064,11.871752091406577,2.4126220140886723,0.07574118673801422,7,35,24,1.4166666
39,18,2029,00:00:01.4660000,39,220593,222972,238492856,265440338,12425031,277865369,538942,278404311,12.10183619923609,2.6392526697412633,0.0608171671628952,7,40,31,1.2580645
39,19,2033,00:00:02.7640000,41,463073,468057,484784660,557459598,26645374,584104972,734559,584839531,12.353967004649034,3.2078592419167458,0.10013319551944733,5,41,34,1.1764706
39,20,2037,00:00:05.5760000,45,918359,929014,919368452,1103302482,55771630,1159074112,1049262,1160123374,12.561668597477608,4.04353082209261,0.10397831350564957,6,45,36,1.2222222
40,0,923,00:00:00.0190000,5,5,5,847,847,158,1005,1278,2283,1.0224321133412042,1.0462691419603467,0,1,5,4,1
40,1,1057,00:00:00.0370000,5,5,5,1534,1534,469,2003,2533,4536,1.061929595827901,1.1347094595750635,0.04549136385321617,1,5,4,1
40,2,1188,00:00:00.0390000,5,6,6,2811,2812,1199,4011,4560,8571,1.214870152970473,1.5806119643701226,0.1797924041748047,1,5,4,1
40,3,1306,00:00:00.0570000,8,15,16,5344,5363,2683,8046,7496,15542,1.4895209580838322,2.8344406385734744,0.3990407884120941,3,8,4,1.75
40,4,1400,00:00:00.0600000,12,21,24,10432,10461,5576,16037,11401,27438,2.0563650306748467,4.914006310909835,0.4812900424003601,4,12,7,1.5714285
40,5,1452,00:00:00.0610000,10,30,36,22113,22259,9918,32177,14915,47092,2.9701985257540815,3.331879100249437,0.6295984387397766,5,10,4,2.25
40,6,1490,00:00:00.0630000,11,55,66,46769,47075,18062,65137,19204,84341,3.645919305522889,2.290564347897047,0.38119152188301086,5,11,5,2
40,7,1521,00:00:00.0660000,14,102,118,96813,97449,33353,130802,24849,155651,4.280107010422154,2.7708525541175995,0.20254221558570862,4,14,8,1.625
40,8,1546,00:00:00.0690000,17,180,213,195261,197098,60772,257870,32150,290020,4.880534259273485,3.207572973856461,0.11573397368192673,5,17,10,1.6
40,9,1570,00:00:00.0740000,24,398,451,404234,408637,117948,526585,43441,570026,5.382674391565281,2.7032823828736845,0.08097527921199799,5,24,17,1.3529412
40,10,1593,00:00:00.0850000,22,768,868,796027,813708,234277,1047985,60881,1108866,5.754405315397594,2.4141607501040125,0.10937003791332245,5,22,15,1.4
40,11,1616,00:00:00.1050000,25,1521,1688,1528791,1580696,467991,2048687,88315,2137002,6.078407709098236,2.703649162318416,0.1069551631808281,6,26,18,1.3888888
40,12,1640,00:00:00.1470000,35,3154,3485,3116824,3262014,966788,4228802,134122,4362924,6.551525527267501,4.180921005344714,0.1935938447713852,7,35,23,1.4782609
40,13,1654,00:00:00.1920000,46,6340,6871,6562571,6928073,1540559,8468632,175188,8643820,7.968686357831404,8.255531213133814,0.18396779894828796,9,46,31,1.451613
40,14,1659,00:00:00.2270000,51,12603,13250,13734227,14442858,1974743,16417601,198027,16615628,9.579238569451343,7.2010176779454875,0.135873481631279,9,51,36,1.3888888
40,15,1663,00:00:00.2810000,50,28263,29059,31666143,33467141,2747906,36215047,227672,36442719,10.775895694022477,5.820087948377885,0.10202281922101974,9,50,35,1.4
40,16,1666,00:00:00.3810000,46,55776,56803,62169236,66452347,3995411,70447758,263811,70711569,11.407593588571686,5.423440346984497,0.08385421335697174,9,46,33,1.3636364
40,17,1669,00:00:00.5680000,39,109163,110600,120231707,130867255,6486257,137353512,320282,137673794,11.852011391637316,4.97149866400704,0.08860733360052109,6,39,29,1.3103448
40,18,1673,00:00:01.1130000,45,252940,255575,276210018,305289926,13803985,319093911,446177,319540088,12.231901313586677,4.247296157638566,0.11615387350320816,7,45,35,1.2571429
40,19,1676,00:00:01.9110000,43,451682,456288,480768240,546179276,24949487,571128763,597338,571726101,12.438063677001626,3.667165831657249,0.10589225590229034,6,43,34,1.2352941
40,20,1680,00:00:03.9660000,46,919684,929772,933691623,1107725062,53861224,1161586286,910017,1162496303,12.635285255204652,3.193569676655903,0.1386251002550125,5,46,36,1.25
41,0,1306,00:00:00.0510000,2,2,2,838,838,165,1003,1366,2369,1.0214797136038185,1.0438813206848665,0,1,2,1,1
41,1,1434,00:00:00.0620000,4,4,4,1564,1564,437,2001,2468,4469,1.10230179028133,1.2259571591130332,0.01457223854959011,1,4,3,1
41,2,1551,00:00:00.0730000,5,6,7,2886,2887,1126,4013,4318,8331,1.3167013167013166,1.7792635343330292,0.0428580678999424,2,5,3,1.3333334
41,3,1658,00:00:00.0910000,7,8,10,5415,5416,2609,8025,7087,15112,1.5988919667590027,2.2479630498229866,0.07217662036418915,2,7,5,1.2
41,4,1752,00:00:00.0930000,7,16,21,10342,10371,5719,16090,11121,27211,1.9476890350029008,2.437909415473094,0.07779306918382645,2,7,5,1.2
41,5,1835,00:00:00.0950000,12,29,40,20127,20199,12091,32290,16817,49107,2.313360162965171,2.6038453951031384,0.07570108026266098,3,12,8,1.375
41,6,1912,00:00:00.0990000,15,58,78,38626,38843,25268,64111,25439,89550,2.6515041681768756,2.462554024996303,0.07769893854856491,3,15,11,1.2727273
41,7,1986,00:00:00.1040000,20,99,130,74999,75910,52574,128484,38848,167332,3.0081201082681104,2.6465361035139647,0.11203654110431671,4,20,14,1.3571428
41,8,2056,00:00:00.1130000,28,187,238,148086,150907,107588,258495,59359,317854,3.4200329538241294,3.949873574795159,0.17341002821922302,5,28,19,1.4210526
41,9,2117,00:00:00.1260000,34,364,448,297919,306526,211137,517663,87910,605573,3.9711767292451974,7.0954190972347595,0.33979853987693787,6,34,24,1.375
41,10,2155,00:00:00.1430000,41,755,885,663895,683962,349395,1033357,115572,1148929,5.205889485536116,10.105359005871241,0.2442411631345749,7,41,28,1.4285715
41,11,2173,00:00:00.1590000,38,1594,1776,1491082,1545916,509019,2054935,136564,2191499,6.509067911758039,5.503383607089973,0.13339745998382568,7,38,25,1.48
41,12,2186,00:00:00.1800000,33,3169,3435,3202872,3365058,777901,4142959,160947,4303906,7.406569791112476,4.2169450124500125,0.08137021213769913,8,33,21,1.5238096
41,13,2197,00:00:00.2170000,38,6459,6881,6652556,7045104,1271509,8316613,193819,8510432,8.09004027925507,4.837109533701688,0.06939756125211716,9,39,28,1.3571428
41,14,2207,00:00:00.2860000,45,13508,14157,14023942,15022157,2226957,17249114,241785,17490899,8.754439586244724,6.895254345162254,0.07035467773675919,10,46,32,1.40625
41,15,2215,00:00:00.4080000,54,27345,28416,28848308,31394670,3833570,35228240,303393,35531633,9.482011665987482,9.870740301313166,0.122465580701828,10,55,37,1.4594594
41,16,2221,00:00:00.6090000,64,55148,56760,57574962,64285588,6312092,70597680,376734,70974414,10.282151640846935,12.07601147124377,0.18084277212619781,9,64,43,1.4651163
41,17,2226,00:00:00.9170000,80,116229,118712,122025725,137680871,10612208,148293079,474691,148767770,11.145712143894249,14.07678064437344,0.2487584948539734,8,80,58,1.362069
41,18,2230,00:00:01.4580000,83,243108,246939,253865218,290441334,17850513,308291847,601633,308893480,11.940191290797465,13.536399934109106,0.25781482458114624,7,83,60,1.3666667
41,19,2233,00:00:02.2630000,75,455564,461226,469715100,547693173,28582257,576275430,750243,577025673,12.524743605219419,8.288299919724226,0.24593818187713623,7,75,51,1.4509804
41,20,2236,00:00:03.8100000,76,880411,889530,902352994,1062141597,49168321,1111309918,977980,1112287898,13.002737662551603,4.7343987719367275,0.25725555419921875,8,76,50,1.5
42,0,749,00:00:00.0310000,3,3,3,840,840,161,1001,1144,2145,1.013095238095238,1.0265632404782123,0,1,3,2,1
42,1,871,00:00:00.0490000,3,3,3,1539,1539,470,2009,2304,4313,1.0077972709551657,1.0157474235564599,0,1,3,2,1
42,2,1027,00:00:00.0670000,3,3,4,2740,2740,1269,4009,4717,8726,1.0591240875912409,1.1273895442852306,0.05533546209335327,1,3,2,1
42,3,1182,00:00:00.0690000,4,5,6,4964,4967,3037,8004,8666,16670,1.241941982272361,1.6571918724477226,0.1622546762228012,1,4,3,1
42,4,1320,00:00:00.0710000,5,18,20,9338,9385,6683,16068,14522,30590,1.537159991432855,2.811671092282098,0.28976553678512573,1,5,4,1
42,5,1448,00:00:00.0750000,11,26,35,17594,17668,14401,32069,23514,55583,1.7879390701375468,3.1208505248039105,0.35597771406173706,2,11,8,1.25
42,6,1575,00:00:00.0800000,16,53,73,32683,32832,31302,64134,37776,101910,2.0608573264388212,3.4740594504672484,0.3463733196258545,3,16,12,1.25
42,7,1679,00:00:00.0870000,17,96,136,66659,67360,60687,128047,56111,184158,2.67312740965211,5.426620755985346,0.3355584144592285,4,17,12,1.3333334
42,8,1754,00:00:00.0950000,23,160,217,143087,144788,113532,258320,77922,336242,3.364519488143577,3.1954715530574704,0.2534472346305847,5,23,16,1.375
42,9,1804,00:00:00.1060000,25,369,459,315090,321006,192569,513575,100570,614145,4.559779745469548,3.706181417920925,0.1807847023010254,8,25,15,1.6
42,10,1818,00:00:00.1170000,25,807,915,815423,834785,249091,1083876,110569,1194445,6.830714855970459,4.821080364282694,0.07676581293344498,9,25,14,1.7142857
42,11,1825,00:00:00.1240000,25,1648,1775,1789431,1848253,324237,2172490,118920,2291410,7.9563146050336675,3.0406393238414666,0.06110280007123947,10,26,15,1.6666666
42,12,1831,00:00:00.1430000,32,3235,3398,3609800,3751451,465417,4216868,130332,4347200,8.582418416532771,2.615041149928722,0.038178909569978714,10,33,22,1.4545455
42,13,1837,00:00:00.1620000,40,6456,6692,7164869,7516028,754620,8270648,148174,8418822,9.051791875050332,2.857036905433239,0.038396380841732025,10,41,31,1.2903225
42,14,1844,00:00:00.2150000,51,14376,14782,15891273,16902304,1485014,18387318,182310,18569628,9.560145433282784,3.984801167320162,0.06788904964923859,8,51,39,1.2820513
42,15,1849,00:00:00.2780000,56,26140,26790,28385652,30783136,2532689,33315825,220818,33536643,9.942166591769674,5.584746773600785,0.12980958819389343,8,56,41,1.3414634
42,16,1855,00:00:00.4540000,68,56245,57504,59701318,66469650,5051069,71520719,293554,71814273,10.48672999145513,9.146868837682735,0.28930532932281494,7,68,49,1.3673469
42,17,1860,00:00:00.7450000,76,114320,116506,118133545,135469258,9433094,144902352,391814,145294166,11.034730600863623,14.315668495917736,0.3060687780380249,7,76,56,1.3392857
42,18,1864,00:00:01.2500000,88,213161,216725,215951123,253805958,16243290,270049248,513563,270562811,11.535670842517453,19.147536706584408,0.31661105155944824,7,88,60,1.45
42,19,1868,00:00:02.1910000,90,417870,424034,406649339,499240237,29324091,528564328,700340,529264668,12.032561277567945,20.887679099346627,0.31093260645866394,7,90,62,1.4354838
42,20,1872,00:00:04.1050000,102,852389,863472,804958872,1020585081,55589785,1076174866,995746,1077170612,12.549824008896692,22.145591433753843,0.3269130289554596,6,102,68,1.4852941
43,0,834,00:00:00.0310000,1,1,1,839,839,164,1003,1304,2307,1,1,0,0,1,1,0
43,1,966,00:00:00.0400000,1,3,3,1549,1551,462,2013,2467,4480,1,1,0,0,1,1,0
43,2,1123,00:00:00.0590000,4,5,6,2718,2720,1282,4002,4866,8868,1.0095658572479764,1.0193751160086444,0,1,4,3,1
43,3,1303,00:00:00.0750000,5,10,15,4808,4820,3188,8008,9525,17533,1.1046173044925125,1.241440372265117,0.08372071385383606,1,5,4,1
43,4,1466,00:00:00.0780000,7,21,32,8972,9013,6994,16007,16449,32456,1.3736067766384308,2.29004849460288,0.2573256492614746,1,7,6,1
43,5,1615,00:00:00.0830000,10,29,53,16986,17074,15073,32147,26898,59045,1.6749087483810197,4.007290311005462,0.4035341143608093,2,10,8,1.125
43,6,1756,00:00:00.1000000,14,55,91,31167,31423,32644,64067,42663,106730,1.8746751371643084,4.2244741714461815,0.49035486578941345,2,14,10,1.3
43,7,1906,00:00:00.1120000,23,100,167,56995,57771,70323,128094,69617,197711,2.06746205807527,4.607116068169047,0.4665987491607666,2,23,19,1.1578947
43,8,2052,00:00:00.1320000,41,198,318,108706,110905,145278,256183,111780,367963,2.450913473037367,6.860122406835733,0.43095773458480835,3,41,32,1.25
43,9,2167,00:00:00.1610000,55,356,559,230602,237268,277531,514799,165310,680109,3.1294698224646793,11.351886645709428,0.45424607396125793,4,55,39,1.3846154
43,10,2250,00:00:00.2010000,64,707,1006,503261,525250,508905,1034155,226738,1260893,3.913710778303902,13.610096143840327,0.4215468466281891,6,64,42,1.5
43,11,2300,00:00:00.2590000,61,1511,1925,1163888,1228193,836184,2064377,284967,2349344,5.17781865609062,15.257822358969996,0.3770754337310791,7,62,37,1.6486486
43,12,2325,00:00:00.3000000,56,3137,3701,2800171,2981716,1259343,4241059,331791,4572850,6.5129133185080486,12.067698463217727,0.3239454925060272,8,57,35,1.6
43,13,2342,00:00:00.3500000,63,6538,7306,6102731,6540508,1953242,8493750,383502,8877252,7.371500234894836,9.855877472885057,0.27963125705718994,9,64,41,1.5365853
43,14,2356,00:00:00.4380000,71,13000,14145,12670890,13800129,3197093,16997222,451141,17448363,8.089743656522943,11.038073423770255,0.26717036962509155,9,72,48,1.4791666
43,15,2367,00:00:00.5730000,79,26430,28163,26584143,29493708,5257110,34750818,535298,35286116,8.979981562693219,16.817842351162767,0.32119297981262207,9,80,50,1.58
43,16,2374,00:00:00.7990000,86,53097,55547,54216623,60939472,7981961,68921433,619635,69541068,10.007034207940247,21.991647111662903,0.3710238039493561,10,87,57,1.5087719
43,17,2379,00:00:01.1210000,81,108884,112203,111557993,127737322,11995265,139732587,714567,140447154,11.025137920865966,19.35159445052702,0.30454587936401367,9,82,52,1.5576923
43,18,2383,00:00:01.6330000,77,229545,234098,235701036,273434729,18737447,292172176,836409,293008585,11.9416800908758,17.00483510823055,0.27033713459968567,9,78,52,1.4807693
43,19,2386,00:00:02.4240000,72,438264,444444,448053052,526124744,28916516,555041260,980444,556021704,12.56879720127428,13.341078738709223,0.23122353851795197,9,73,48,1.5
43,20,2389,00:00:03.9610000,68,863611,873017,876698874,1042749197,48844127,1091593324,1203604,1092796928,13.057877170263138,9.517226036917142,0.19623634219169617,9,69,47,1.4468085
44,0,869,00:00:00.0910000,3,3,4,835,835,171,1006,1405,2411,1.0059880239520957,1.0120653391030454,0,1,3,2,1
44,1,987,00:00:00.1330000,4,4,5,1565,1565,436,2001,2401,4402,1.0600638977635783,1.1292595218286847,0.03319946676492691,1,4,3,1
44,2,1121,00:00:00.1390000,4,4,5,2835,2835,1185,4020,4468,8488,1.219753086419753,1.5620029042776642,0.12146007269620895,1,4,3,1
44,3,1239,00:00:00.1800000,4,12,14,5272,5283,2735,8018,7456,15474,1.4814112291350532,2.3340970257023965,0.2500559985637665,1,4,3,1
44,4,1350,00:00:00.1870000,6,17,19,9873,9911,6182,16093,12259,28352,1.7088017826395219,2.4126784545704596,0.3519760072231293,2,6,4,1.25
44,5,1465,00:00:00.1980000,9,34,41,18263,18383,13799,32182,20213,52395,1.915676504407819,2.209520148529298,0.4077979624271393,2,9,6,1.3333334
44,6,1580,00:00:00.2130000,13,60,76,33983,34289,30013,64302,32956,97258,2.162757849512992,2.6568295466211285,0.3834545314311981,3,13,8,1.5
44,7,1689,00:00:00.2350000,19,103,138,64990,65852,62553,128405,52661,181066,2.52163409755347,3.773672063150095,0.32263004779815674,4,19,13,1.3846154
44,8,1777,00:00:00.2650000,26,202,272,134622,136818,119673,256491,77950,334441,3.1801860022878876,5.869021965537142,0.261858731508255,4,26,18,1.3888888
44,9,1836,00:00:00.3020000,30,391,508,294723,301254,212103,513357,105207,618564,4.046569151372645,5.06942244885999,0.18642178177833557,5,30,21,1.3809524
44,10,1881,00:00:00.3550000,37,766,951,632926,652078,379649,1031727,138660,1170387,4.750293083235639,4.0011244465730265,0.1341138333082199,6,38,26,1.4230769
44,11,1918,00:00:00.4340000,47,1502,1794,1332311,1382499,688090,2070589,182705,2253294,5.416609935668173,5.371331967215811,0.11561925709247589,7,48,34,1.382353
44,12,1948,00:00:00.5640000,50,3038,3512,2786049,2922691,1233304,4155995,239572,4395567,6.114477886067331,7.8340239876559785,0.14072388410568237,7,50,36,1.3611112
44,13,1973,00:00:00.6730000,54,6132,6944,5823903,6223195,2220636,8443831,315404,8759235,6.807274606050273,10.0388445383529,0.18815289437770844,8,54,37,1.4324324
44,14,1990,00:00:00.8150000,65,12254,13478,11907395,12898541,3612753,16511294,395893,16907187,7.779071996855736,13.239647277986693,0.17437458038330078,9,66,46,1.4130435
44,15,2000,00:00:00.9870000,62,25070,26758,25049180,27672742,5341873,33014615,469850,33484465,8.984215650971409,11.839534656060833,0.15863041579723358,9,63,42,1.4761904
44,16,2007,00:00:01.2270000,71,52216,54541,52798880,59319680,7969107,67288787,552571,67841358,9.985912655723,11.811260646497463,0.19626805186271667,8,71,47,1.4893616
44,17,2013,00:00:01.6750000,85,111094,114535,112495950,129533322,12851361,142384683,667577,143052260,10.765055310880081,13.922071761521709,0.1653192639350891,9,85,58,1.4482758
44,18,2018,00:00:02.4860000,96,232129,237432,231324676,274553363,21560265,296113628,823861,296937489,11.485061546136134,17.055185832993644,0.15822942554950714,9,96,63,1.5079365
44,19,2022,00:00:03.7980000,97,457766,465887,446400386,545934930,35735216,581670146,1022008,582692154,12.141448495521686,20.08715552114015,0.31010156869888306,8,97,63,1.5238096
44,20,2026,00:00:06.5570000,97,974604,988178,930803398,1169179919,64983348,1234163267,1339811,1235503078,12.777902211740743,23.407746587961945,0.30985069274902344,6,97,65,1.4769231
45,0,748,00:00:00.0330000,5,5,6,894,894,111,1005,953,1958,1.4932885906040267,2.3655692700992335,0.22893793880939484,1,5,4,1
45,1,816,00:00:00.0510000,5,5,6,1703,1703,329,2032,1582,3614,1.6699941280093953,2.444898118270069,0.31951797008514404,1,5,4,1
45,2,885,00:00:00.0680000,6,6,7,3145,3145,875,4020,2679,6699,1.7875993640699523,2.272505990281056,0.40230417251586914,2,6,4,1.25
45,3,963,00:00:00.0700000,6,14,15,5815,5838,2224,8062,4700,12762,1.877042132416165,2.036465755420529,0.46238407492637634,2,6,4,1.25
45,4,1051,00:00:00.0720000,11,22,26,10488,10525,5484,16009,8620,24629,1.9833142639206713,1.9857191276697734,0.4757450222969055,3,11,7,1.4285715
45,5,1134,00:00:00.0750000,17,35,42,20196,20272,11807,32079,14162,46241,2.366458704693999,2.7373721672286178,0.34456396102905273,4,17,11,1.4545455
45,6,1193,00:00:00.0780000,18,63,74,41895,42210,22406,64616,20640,85256,3.1112304570951186,3.37063396300228,0.20453043282032013,4,18,12,1.4166666
45,7,1237,00:00:00.0810000,21,112,130,87537,88417,41382,129799,28536,158335,3.754663742189017,3.1316041434742514,0.13986288011074066,5,21,13,1.5384616
45,8,1275,00:00:00.0860000,26,202,234,176344,178668,78474,257142,39568,296710,4.260184639114458,3.7264983211842044,0.10707046091556549,6,26,15,1.6666666
45,9,1308,00:00:00.0940000,28,417,476,362679,370448,147220,517668,54822,572490,4.9164798623576225,5.741070541054089,0.11191967129707336,7,29,17,1.6470588
45,10,1331,00:00:00.1050000,28,790,884,776533,798995,252696,1051691,71825,1123516,5.864890481151477,9.056318380524576,0.13011956214904785,7,29,17,1.6470588
45,11,1347,00:00:00.1190000,32,1610,1757,1629919,1686470,416944,2103414,90897,2194311,6.715912263124732,8.634797960580897,0.22454172372817993,7,32,17,1.8235294
45,12,1360,00:00:00.1410000,33,3181,3403,3341110,3476252,700790,4177042,115453,4292495,7.4181065574015825,7.939706362526052,0.2301190346479416,7,33,19,1.6842105
45,13,1371,00:00:00.1780000,38,6624,6989,7103553,7456298,1213008,8669306,148758,8818064,8.224009449918935,9.51359572375702,0.32781657576560974,7,38,24,1.5416666
45,14,1379,00:00:00.2330000,43,13073,13647,14083818,14952531,1990119,16942650,187254,17129904,8.932963277429458,10.089032501078275,0.41051268577575684,8,43,27,1.5555556
45,15,1386,00:00:00.3240000,52,26363,27253,28164129,30425433,3373305,33798738,240178,34038916,9.580180129128083,10.341643282039367,0.33900606632232666,8,52,31,1.6451613
45,16,1392,00:00:00.5200000,71,52587,54042,56278662,61711790,5775916,67487706,311712,67799418,10.244021313086654,12.951718128449942,0.2897312045097351,10,71,46,1.5217391
45,17,1397,00:00:00.7890000,77,111101,113413,117677398,131802640,9867323,141669963,406335,142076298,11.163598765159644,17.734926883282355,0.2621816098690033,9,78,50,1.54
45,18,1401,00:00:01.3330000,84,255331,258992,273732026,305579000,17021145,322600145,532002,323132147,12.243196479318792,8.770950483564386,0.22336092591285706,9,85,53,1.5849056
45,19,1404,00:00:02.2180000,72,531872,537224,570853022,642097005,28799198,670896203,689687,671585890,12.931502540070639,3.9390413675914058,0.22067217528820038,9,73,43,1.6744186
45,20,1406,00:00:03.3420000,63,875185,882612,932996149,1058849538,43320881,1102170419,847399,1103017818,13.265235330569409,2.7784839500171583,0.26357007026672363,8,64,34,1.8529412
46,0,677,00:00:00.0520000,3,3,5,847,847,158,1005,1212,2217,1.0188902007083824,1.0385386551438658,0,1,3,2,1
46,1,804,00:00:00.0970000,3,3,6,1547,1547,464,2011,2402,4413,1.0691661279896574,1.1497139795776035,0.04546565189957619,1,3,2,1
46,2,937,00:00:00.1040000,4,6,10,2828,2830,1187,4017,4462,8479,1.2280763790664782,1.5755589225765938,0.10071539133787155,1,4,3,1
46,3,1052,00:00:00.1480000,5,9,15,5331,5341,2665,8006,7348,15354,1.4905271056087037,2.246102877027169,0.15796078741550446,1,5,4,1
46,4,1166,00:00:00.1560000,9,15,22,9843,9860,6171,16031,12273,28304,1.7284364523011277,2.1211354738988017,0.18879826366901398,2,9,7,1.1428572
46,5,1278,00:00:00.1660000,13,29,44,18361,18414,13742,32156,20164,52320,1.9329557213659387,1.9048720385971836,0.20124082267284393,2,13,10,1.2
46,6,1391,00:00:00.1810000,16,59,83,33859,34225,30093,64318,32937,97255,2.1929176880593046,2.385562890924647,0.212541863322258,3,16,12,1.25
46,7,1490,00:00:00.2020000,29,108,151,67438,68116,60261,128377,50755,179132,2.6696372964797295,4.618094604798305,0.23290960490703583,4,29,21,1.3333334
46,8,1568,00:00:00.2300000,28,210,273,140325,143343,114861,258204,73512,331716,3.3244753251380725,6.0874118725543145,0.24802015721797943,5,28,18,1.5
46,9,1625,00:00:00.2660000,35,402,500,296871,305828,207393,513221,99735,612956,4.060730081415834,6.605263415035718,0.23126429319381714,5,35,21,1.6190476
46,10,1667,00:00:00.3140000,47,784,944,641972,662797,364165,1026962,130618,1157580,4.87728436754251,7.60901358579729,0.2037341445684433,6,48,31,1.516129
46,11,1699,00:00:00.3830000,59,1539,1804,1397056,1449704,639891,2089595,168606,2258201,5.680941923587888,8.117090189303978,0.18694904446601868,7,60,40,1.475
46,12,1724,00:00:00.4870000,61,3071,3497,2911027,3067420,1117717,4185137,216081,4401218,6.381372965623473,9.988449166808493,0.23328135907649994,8,61,36,1.6666666
46,13,1744,00:00:00.6390000,66,6398,7076,6182263,6607718,1938171,8545889,276576,8822465,7.252116255811181,13.46209180700116,0.25502538681030273,9,66,39,1.6666666
46,14,1755,00:00:00.7490000,61,13381,14302,13520463,14632530,2898117,17530647,328868,17859515,8.720694846027092,15.432428138141862,0.3181077539920807,10,62,35,1.7428571
46,15,1760,00:00:00.8480000,54,27541,28656,29310237,31616445,3840543,35456988,366460,35823448,10.26254850822257,12.287504933615919,0.2710809111595154,10,55,32,1.6875
46,16,1763,00:00:01.0030000,47,53161,54470,57987476,62436651,5004074,67440725,401695,67842420,11.282920125718181,6.111716565554373,0.27499866485595703,10,48,27,1.7407408
46,17,1766,00:00:01.2290000,39,111293,112982,122408275,132704188,7404275,140108463,457323,140565786,12.009812906848005,3.276406781946755,0.24148468673229218,8,39,19,2
46,18,1769,00:00:01.7220000,30,228844,231305,249941039,274829094,12512750,287341844,547928,287889772,12.436832792393089,2.2609413378699026,0.1821335405111313,7,31,16,1.875
46,19,1772,00:00:02.7000000,28,440950,445082,475311655,532101357,22873822,554975179,691933,555667112,12.650494930531421,1.8641827896243066,0.1230543777346611,6,29,18,1.5555556
46,20,1776,00:00:05.4460000,37,956442,965721,1002087395,1153555847,51950584,1205506431,1005177,1206511608,12.834954347469862,1.6998314391212965,0.11951147019863129,5,38,29,1.2758621
47,0,744,00:00:00.0210000,5,5,5,867,867,141,1008,1186,2194,1.1337946943483275,1.3113972180575342,0.06107460707426071,1,5,4,1
47,1,832,00:00:00.0390000,6,6,6,1625,1625,382,2007,1982,3989,1.328,1.9506362563896624,0.17139889299869537,1,6,5,1
47,2,921,00:00:00.0400000,7,9,9,3035,3039,971,4010,3325,7335,1.5350906095551895,2.6595664930825533,0.27451738715171814,2,7,5,1.2
47,3,1012,00:00:00.0570000,8,10,11,5587,5590,2434,8024,5700,13724,1.732414533739037,2.819213669488121,0.37843307852745056,2,8,5,1.4
47,4,1106,00:00:00.0590000,10,14,17,10389,10409,5621,16030,9724,25754,1.9058619693907017,2.7006085279214664,0.4241408705711365,2,10,6,1.5
47,5,1202,00:00:00.0620000,11,32,38,19306,19377,12778,32155,16359,48514,2.100227908422252,2.9085197877718287,0.3988747000694275,2,11,7,1.4285715
47,6,1298,00:00:00.0660000,12,54,69,36048,36304,27747,64051,27090,91141,2.3598257878384374,3.349934930849899,0.3404858708381653,3,12,7,1.5714285
47,7,1395,00:00:00.0730000,15,97,127,68122,68974,59454,128428,44703,173131,2.6413199847332725,3.037363557600421,0.3113992512226105,3,15,9,1.5555556
47,8,1489,00:00:00.0840000,22,187,249,130966,133508,123242,256750,72275,329025,2.994563474489562,3.0519227902103583,0.35021063685417175,4,22,13,1.6153846
47,9,1569,00:00:00.1020000,32,361,482,269516,275870,238278,514148,109124,623272,3.603251754997848,4.8296536111992046,0.3140948414802551,5,32,21,1.4761904
47,10,1624,00:00:00.1340000,40,742,939,588081,607044,417619,1024663,149296,1173959,4.560424499346179,6.538631564370351,0.2257007509469986,7,41,28,1.4285715
47,11,1650,00:00:00.1560000,49,1534,1795,1381774,1433844,617922,2051766,178999,2230765,6.112235430685481,10.632749983467928,0.15654493868350983,9,50,32,1.53125
47,12,1663,00:00:00.1790000,43,3375,3708,3407293,3573742,873728,4447470,203322,4650792,7.754572911692654,8.485292549244372,0.1338101625442505,10,44,28,1.5357143
47,13,1669,00:00:00.2000000,48,6770,7172,7216922,7599092,1147536,8746628,221438,8968066,9.034878996890919,5.737469396923623,0.09626905620098114,11,49,31,1.548387
47,14,1674,00:00:00.2390000,48,15101,15596,16423938,17501513,1662533,19164046,246062,19410108,10.056405656183067,3.4351667944236577,0.09469969570636749,9,49,33,1.4545455
47,15,1678,00:00:00.2950000,54,30030,30713,32997235,35552418,2561147,38113565,278268,38391833,10.608225507379634,3.0208950842154736,0.07144877314567566,9,55,41,1.3170732
47,16,1682,00:00:00.4130000,62,59318,60369,64587310,70754473,4389127,75143600,329225,75472825,11.00329812466257,3.3119563328042743,0.06726626306772232,9,63,46,1.3478261
47,17,1686,00:00:00.6870000,62,113540,115318,119731329,135569840,7994335,143564175,408766,143972941,11.295709070430513,4.084064961145658,0.11497048288583755,6,62,45,1.3555555
47,18,1690,00:00:01.1630000,72,209312,212526,214265314,250592479,14823040,265415519,530023,265945542,11.53492441151721,5.558530475866664,0.2652179002761841,6,72,53,1.3396226
47,19,1695,00:00:02.3640000,90,435906,442710,424263969,521464506,31789104,553253610,768632,554022242,11.819342080401835,8.83589655652046,0.2992660403251648,5,90,64,1.390625
47,20,1700,00:00:04.8420000,102,898835,912946,808620666,1072377406,66896279,1139273685,1154988,1140428673,12.138589779747232,14.596032786807136,0.33499476313591003,6,102,69,1.4637681
48,0,996,00:00:00.0370000,2,2,3,848,848,156,1004,1352,2356,1.0872641509433962,1.1894825353988194,0,1,2,1,1
48,1,1112,00:00:00.0530000,4,5,6,1571,1572,441,2013,2421,4434,1.2215149586250795,1.5329208550647582,0.030141782015562057,1,4,3,1
48,2,1212,00:00:00.0690000,6,8,9,2966,2968,1061,4029,3927,7956,1.459204315576534,2.070522224068577,0.07410506159067154,1,6,5,1
48,3,1306,00:00:00.0950000,7,10,14,5498,5506,2506,8012,6426,14438,1.686977082575482,2.0231974651896247,0.15954747796058655,2,7,5,1.2
48,4,1405,00:00:00.0990000,10,24,32,10201,10243,5832,16075,10767,26842,1.850406822860504,1.703113834207195,0.18309332430362701,2,10,7,1.2857143
48,5,1511,00:00:00.1050000,15,39,53,18595,18667,13348,32015,18147,50162,2.0006453347674107,1.6162078560369924,0.19416287541389465,2,15,12,1.1666666
48,6,1621,00:00:00.1130000,18,57,79,34338,34595,29408,64003,30380,94383,2.198293435843672,2.1001102206980873,0.1971435397863388,3,18,14,1.2142857
48,7,1729,00:00:00.1260000,24,104,145,65301,66219,62080,128299,49905,178204,2.527985788885316,3.463023436435514,0.20223098993301392,3,24,19,1.2105263
48,8,1827,00:00:00.1440000,33,205,273,129421,131252,125634,256886,78531,335417,2.962270419792769,5.30220256922852,0.20551151037216187,3,33,27,1.1851852
48,9,1915,00:00:00.1730000,31,387,509,256071,263794,250382,514176,119701,633877,3.3968899250598468,5.293340130536494,0.22790642082691193,4,31,23,1.3043479
48,10,1997,00:00:00.2250000,35,716,953,509044,531067,497328,1028395,180392,1208787,3.851635614995953,4.833285569990757,0.25095856189727783,6,36,26,1.3461539
48,11,2053,00:00:00.2920000,41,1519,1891,1161038,1219765,862531,2082296,245426,2327722,5.04107186844875,6.739906686659802,0.16335080564022064,7,42,32,1.28125
48,12,2081,00:00:00.3520000,47,3030,3550,2642208,2785922,1320710,4106632,297676,4404308,6.181213591057176,4.581695554867342,0.09908377379179001,8,48,37,1.2702702
48,13,2101,00:00:00.4360000,54,6168,6939,5768079,6127184,2077818,8205002,356993,8561995,7.121690080874412,4.977860414351274,0.0765916109085083,10,55,40,1.35
48,14,2115,00:00:00.5590000,53,12910,14031,12720557,13771812,3245814,17017626,422808,17440434,8.274676494118928,6.541542026316305,0.07585018873214722,10,54,41,1.2926829
48,15,2122,00:00:00.6960000,54,26038,27475,26549508,29050544,4503918,33554462,474805,34029267,9.595965017506163,7.9716420480737415,0.08704186975955963,10,54,37,1.4324324
48,16,2127,00:00:00.9140000,45,56784,58656,59608801,66164079,6477771,72641850,534724,73176574,10.816606494064526,8.78707647678173,0.1466502547264099,8,45,30,1.4666667
48,17,2131,00:00:01.2540000,55,123126,125671,131219135,145638080,10022608,155660688,614493,156275181,11.596504846644509,10.168678179535076,0.14334923028945923,9,55,39,1.3846154
48,18,2134,00:00:01.7630000,63,224685,228129,239752680,268263237,15359868,283623105,708410,284331515,12.03441218258749,10.920615301068548,0.19278615713119507,8,63,43,1.4418604
48,19,2138,00:00:03.1530000,60,492765,498782,508374016,591463506,30000127,621463633,908683,622372316,12.431771371257495,11.043269032317214,0.202219620347023,7,60,43,1.3720931
48,20,2141,00:00:05.2460000,70,864539,874384,871150831,1038071421,51459256,1089530677,1142705,1090673382,12.679807281272053,11.548620957659207,0.20612064003944397,6,70,49,1.4081633
4,0,783,00:00:00.0290000,1,1,1,859,859,149,1008,1189,2197,1,1,0,0,1,1,0
4,1,931,00:00:00.0540000,1,1,1,1500,1500,505,2005,2594,4599,1,1,0,0,1,1,0
4,2,1089,00:00:00.0750000,2,3,3,2691,2692,1312,4004,5031,9035,1.001486436269045,1.0029772600891675,0,1,2,1,1
4,3,1275,00:00:00.0780000,4,8,10,4762,4768,3250,8018,9810,17828,1.0228895422091557,1.0471448644940429,0.015072238631546497,1,4,3,1
4,4,1485,00:00:00.1280000,10,17,22,8387,8408,7635,16043,18912,34955,1.1483247883629426,1.3638280693350826,0.08993826061487198,1,10,9,1
4,5,1674,00:00:00.1480000,15,29,37,15720,15791,16239,32030,32064,64094,1.4784351145038168,2.7878295280874967,0.2499811202287674,2,15,12,1.1666666
4,6,1831,00:00:00.1570000,18,57,83,30602,30887,33381,64268,49716,113984,1.8706293706293706,4.503179418460054,0.3603719174861908,2,18,15,1.1333333
4,7,1958,00:00:00.1880000,24,105,148,61068,61969,66441,128410,72295,200705,2.3308770550861335,5.479887267688564,0.3673619031906128,3,24,18,1.2777778
4,8,2063,00:00:00.2140000,30,192,266,125011,127730,129763,257493,102808,360301,2.9137835870443403,5.420017541772288,0.3630916178226471,4,30,23,1.2608696
4,9,2141,00:00:00.2320000,39,385,507,265947,273703,239287,512990,138842,651832,3.6393266327501346,5.473480215403007,0.30702871084213257,5,39,29,1.3103448
4,10,2198,00:00:00.2590000,43,813,1020,579004,600950,427433,1028383,180857,1209240,4.43536314084186,5.631695526259048,0.34060558676719666,6,43,31,1.3548387
4,11,2239,00:00:00.2980000,52,1544,1874,1265465,1318926,739240,2058166,228953,2287119,5.331737345560723,6.484771455181991,0.2138739377260208,8,53,39,1.3333334
4,12,2260,00:00:00.3340000,57,3147,3606,2942103,3074764,1097642,4172406,267363,4439769,6.933677712846899,7.938554569625442,0.13113075494766235,10,58,40,1.425
4,13,2268,00:00:00.3630000,45,6302,6856,6456450,6833493,1417718,8251211,290583,8541794,8.57452268661571,8.842901613871254,0.1292014718055725,9,46,28,1.6071428
4,14,2273,00:00:00.3950000,44,12928,13593,13823938,14649564,1860901,16510465,313529,16823994,9.74356597953492,9.372400537234942,0.11872890591621399,9,45,26,1.6923077
4,15,2278,00:00:00.4650000,39,31019,31879,33830280,36433416,2904217,39337633,352231,39689864,10.673108114978652,9.222293891283675,0.12184878438711166,8,40,24,1.625
4,16,2281,00:00:00.5640000,42,54732,55838,59716360,65009628,4208109,69217737,389440,69607177,11.123416564572924,8.565726922741177,0.18654713034629822,7,42,26,1.5769231
4,17,2285,00:00:00.7910000,54,118142,119878,127879347,141235800,7692040,148927840,467126,149394966,11.61543615013924,7.698042235261302,0.15951435267925262,8,54,38,1.3947369
4,18,2288,00:00:01.1840000,53,208636,211288,221117223,250104621,12794895,262899516,557668,263457184,11.92678028070206,7.019292617623752,0.2129245102405548,7,53,38,1.3684211
4,19,2292,00:00:02.1010000,57,435593,440765,446900686,523645648,26116397,549762045,745305,550507350,12.283718374063985,6.351344103450774,0.20753420889377594,6,57,43,1.3023256
4,20,2296,00:00:04.0510000,71,886609,897039,883057839,1065930721,53763896,1119694617,1049646,1120744263,12.607453002860439,6.233999351374105,0.1981772929430008,6,71,55,1.2727273
49,0,750,00:00:00.0360000,1,1,2,835,835,169,1004,1325,2329,1,1,0,0,1,1,0
49,1,868,00:00:00.0450000,1,1,3,1537,1537,467,2004,2418,4422,1,1,0,0,1,1,0
49,2,1026,00:00:00.0630000,3,4,6,2720,2721,1285,4006,4850,8856,1.0058823529411764,1.0118447590762587,0,1,3,2,1
49,3,1217,00:00:00.0770000,5,12,19,4718,4728,3277,8005,9835,17840,1.046206019499788,1.0974465122611572,0.020899157971143723,1,5,4,1
49,4,1414,00:00:00.0820000,6,21,36,8473,8517,7508,16025,18225,34250,1.2013454502537473,1.5101685207909707,0.10267449915409088,1,6,5,1
49,5,1586,00:00:00.0880000,14,35,65,16276,16389,15724,32113,30215,62328,1.5941263209633816,2.857285037261563,0.2121812254190445,2,14,11,1.1818181
49,6,1712,00:00:00.0950000,23,59,96,32786,33050,31010,64060,44266,108326,2.163728420667358,4.736592182675056,0.2550649344921112,3,23,18,1.2222222
49,7,1797,00:00:00.1030000,25,123,180,70896,71823,56852,128675,59352,188027,2.97256544798014,7.40776579808058,0.3152235150337219,5,25,17,1.4117647
49,8,1839,00:00:00.1090000,25,230,303,163838,167197,88855,256052,71106,327158,4.295194033130287,5.409035485381338,0.38078773021698,6,25,16,1.5
49,9,1864,00:00:00.1160000,30,420,514,374564,382474,140563,523037,82659,605696,5.307699084802597,2.963053101192623,0.2853204309940338,7,30,19,1.5263158
49,10,1885,00:00:00.1260000,33,810,933,795524,812822,242868,1055690,98538,1154228,5.916944051970776,2.926260939462717,0.1875796616077423,7,33,21,1.5238096
49,11,1904,00:00:00.1430000,35,1613,1802,1573327,1622517,437701,2060218,121162,2181380,6.376996644689883,3.9154122946877616,0.13532517850399017,8,35,22,1.5454545
49,12,1923,00:00:00.1750000,41,3272,3611,3248978,3383926,844045,4227971,157169,4385140,6.91376703689591,6.3342729577007955,0.11947964876890182,9,42,25,1.64
49,13,1936,00:00:00.2170000,38,6288,6803,6419413,6815696,1402542,8218238,195598,8413836,7.847763027554077,10.112454715847836,0.17507795989513397,7,38,25,1.48
49,14,1944,00:00:00.2710000,47,14497,15207,15337863,16357776,2155904,18513680,233745,18747425,9.359093375654744,5.750024031915954,0.11637825518846512,8,48,34,1.382353
49,15,1949,00:00:00.3420000,57,29992,30938,32361628,34921292,3240192,38161484,273739,38435223,10.241489828632849,3.864602058677309,0.08582315593957901,8,58,42,1.3571428
49,16,1953,00:00:00.4730000,63,56407,57736,60718026,66634658,4996448,71631106,323912,71955018,10.791431427629087,3.82897230611671,0.09294544905424118,7,63,48,1.2916666
49,17,1957,00:00:00.6970000,64,107698,109693,113183666,128241555,8382591,136624146,400707,137024853,11.217089699144397,4.664719185274355,0.12722666561603546,7,64,49,1.2857143
49,18,1961,00:00:01.1820000,80,210356,213676,218317793,251986668,14968394,266955062,519308,267474370,11.684075576011342,7.115252798257449,0.1379290521144867,8,80,55,1.4363636
49,19,1965,00:00:02.1150000,81,433067,438943,435791728,519607875,28207465,547815340,706978,548522318,12.239050313043116,10.655106885471255,0.15289068222045898,8,81,57,1.4035088
49,20,1969,00:00:04.1760000,79,936187,947014,914458879,1125276899,56249092,1181525991,1014513,1182540504,12.794830053807154,9.314349660377253,0.32213202118873596,6,79,55,1.4181818
5,0,1046,00:00:00.0370000,3,3,3,867,867,143,1010,1197,2207,1.154555940023068,1.2658937341639085,0,2,3,1,2
5,1,1121,00:00:00.0460000,3,4,6,1668,1669,333,2002,1853,3855,1.6774580335731415,2.2374210478073224,0,2,3,1,2
5,2,1172,00:00:00.0640000,3,5,7,3260,3262,759,4021,2652,6673,2.23680981595092,2.3070137307979577,0,2,3,1,2
5,3,1215,00:00:00.0650000,3,8,10,6497,6507,1636,8143,3756,11899,2.586424503617054,1.6640738599636715,0,2,3,1,2
5,4,1260,00:00:00.0660000,4,16,18,12186,12217,3837,16054,5708,21762,2.783686197275562,1.3305585196660612,0,3,4,1,3
5,5,1311,00:00:00.0670000,6,27,33,23124,23246,9080,32326,9262,41588,2.8984604739664417,1.1786740852158044,0.004559718072414398,3,6,3,1.6666666
5,6,1370,00:00:00.0790000,12,55,62,42751,43023,21613,64636,16043,80679,2.979392294917078,1.1576123821561808,0.027295799925923347,3,12,9,1.2222222
5,7,1438,00:00:00.0840000,17,103,120,78260,78973,49473,128446,28440,156886,3.0922182468694097,1.2919966689951694,0.07277050614356995,4,17,13,1.2307693
5,8,1507,00:00:00.0920000,23,189,226,149284,151262,104857,256119,48555,304674,3.4463438814608396,2.021043207512079,0.15342013537883759,5,23,17,1.2941177
5,9,1560,00:00:00.1050000,24,410,479,316883,324247,195652,519899,72860,592759,4.2660130079556176,3.867461910796142,0.1486399620771408,4,24,19,1.2105263
5,10,1597,00:00:00.1220000,27,775,899,666864,689328,343366,1032694,100305,1132999,4.999598118956789,3.4835608115809156,0.11364153772592545,4,27,22,1.1818181
5,11,1631,00:00:00.1520000,38,1576,1821,1369714,1428207,644618,2072825,140887,2213712,5.487180535498651,2.56814874667065,0.08891742676496506,4,38,32,1.15625
5,12,1665,00:00:00.2110000,48,3032,3526,2701931,2865434,1275723,4141157,205721,4346878,5.851347055124649,2.3922927424579403,0.08138922601938248,5,48,40,1.175
5,13,1697,00:00:00.3170000,61,6153,7041,5417017,5861785,2478060,8339845,302089,8641934,6.4307036511053965,3.4727159791830897,0.09894280135631561,6,61,44,1.3636364
5,14,1716,00:00:00.4400000,68,12439,13806,11625006,12743163,3959375,16702538,391345,17093883,7.688617451036154,6.056013878930397,0.16937711834907532,8,68,47,1.4255319
5,15,1727,00:00:00.5880000,66,25929,27825,25158866,28127477,5882588,34010065,474134,34484199,8.881985897138607,6.223413095668544,0.15126535296440125,7,66,45,1.4444444
5,16,1734,00:00:00.8030000,78,50985,53519,51352789,57713027,8478965,66191992,556995,66748987,9.910336651822357,8.252194818018612,0.15040245652198792,7,78,55,1.4
5,17,1740,00:00:01.1650000,76,115686,119283,118242726,135428407,13338923,148767330,672093,149439423,11.008899092871049,13.47867388686424,0.2367105484008789,6,76,51,1.4705882
5,18,1744,00:00:01.6910000,77,227719,232668,230773480,270333021,20323984,290657005,797287,291454292,11.678425389260498,16.734879904209564,0.2520115375518799,7,77,52,1.4615384
5,19,1748,00:00:02.7280000,71,471425,478998,456367749,563046433,34649240,597695673,996268,598691941,12.219573885796212,17.25448857225079,0.2848808169364929,6,71,45,1.5555556
5,20,1752,00:00:04.9830000,95,973206,986516,921791147,1167400328,64604657,1232004985,1318707,1233323692,12.625778140609546,18.89410201707775,0.29367977380752563,6,95,67,1.4029851
6,0,863,00:00:00.0320000,1,1,2,840,840,162,1002,1481,2483,1,1,0,0,1,1,0
6,1,1009,00:00:00.0460000,3,3,4,1502,1502,499,2001,2859,4860,1.0053262316910785,1.010720023956565,0,1,3,2,1
6,2,1164,00:00:00.0740000,6,6,7,2757,2757,1259,4016,5176,9192,1.0391730141458106,1.0821512657385932,0.01989779807627201,1,6,5,1
6,3,1335,00:00:00.0760000,6,8,10,4848,4851,3171,8022,9691,17713,1.1689356435643565,1.4205374552154855,0.10858582705259323,1,6,5,1
6,4,1489,00:00:00.0800000,9,20,27,9134,9167,6894,16061,16234,32295,1.4874096781256843,2.630546670531316,0.25834858417510986,2,9,7,1.1428572
6,5,1624,00:00:00.0840000,15,37,51,17291,17377,14674,32051,25794,57845,1.7793649875657858,3.240617375515876,0.36808109283447266,2,15,12,1.1666666
6,6,1748,00:00:00.0900000,23,59,88,33141,33309,30959,64268,39524,103792,2.080685555656136,3.7798474214580806,0.4600656032562256,3,23,17,1.2941177
6,7,1854,00:00:00.0980000,27,100,149,66144,66787,61660,128447,58431,186878,2.6055424528301887,6.405258136393797,0.4970685541629791,4,27,18,1.4444444
6,8,1924,00:00:00.1070000,29,202,274,145338,147878,109317,257195,78465,335660,3.5691766778130978,7.985884506954819,0.5150834918022156,5,29,19,1.4736842
6,9,1965,00:00:00.1170000,35,430,539,331353,337625,181287,518912,97309,616221,4.600730942529569,6.474476777403154,0.36729517579078674,6,35,24,1.4166666
6,10,1994,00:00:00.1320000,36,820,976,708647,728729,303707,1032436,118842,1151278,5.3838229753318645,6.029333112562301,0.27903079986572266,6,36,24,1.4583334
6,11,2017,00:00:00.1540000,36,1621,1855,1516037,1572201,518937,2091138,145978,2237116,6.239898498519495,7.785419974662691,0.28026190400123596,8,37,23,1.5652174
6,12,2032,00:00:00.1800000,35,3343,3682,3306803,3456868,828253,4285121,174178,4459299,7.339530658463779,11.045517555578098,0.24287842214107513,9,36,21,1.6666666
6,13,2041,00:00:00.2100000,40,6503,6947,6813707,7174469,1231763,8406232,201151,8607383,8.34913887550492,11.02720460415446,0.19947731494903564,10,41,23,1.7391304
6,14,2048,00:00:00.2590000,43,13413,14023,14684928,15675544,1906345,17581889,234587,17816476,9.354799083795303,9.870624485877414,0.19249898195266724,8,44,30,1.4333333
6,15,2053,00:00:00.3240000,51,26239,27087,28830368,31073543,2909197,33982740,272499,34255239,10.066589195115373,9.378464754737921,0.1602436900138855,9,52,35,1.4571428
6,16,2058,00:00:00.4770000,58,55741,57035,60556943,66532391,4994993,71527384,333064,71860448,10.730173829943826,9.558854591616457,0.18045830726623535,8,58,38,1.5
6,17,2062,00:00:00.7050000,65,105613,107596,112635998,126328530,8352683,134681213,409455,135090668,11.180666726102965,10.331405925518293,0.16082845628261566,9,65,45,1.4222223
6,18,2067,00:00:01.3380000,75,239629,243297,246771785,287619476,17199039,304818515,564742,305383257,11.696042438563225,12.308722637630371,0.1897154301404953,8,76,53,1.4150944
6,19,2071,00:00:02.4180000,86,469367,475989,465101495,563127684,32048132,595175816,767551,595943367,12.11457567557378,15.252066093446222,0.2111966609954834,7,87,60,1.4333333
6,20,2075,00:00:04.4930000,98,928571,940937,884581104,1115347778,61337734,1176685512,1085013,1177770525,12.50940572770815,19.624460781588457,0.26462820172309875,6,98,72,1.3472222
7,0,1333,00:00:00.0360000,3,3,3,869,869,135,1004,1153,2157,1.0575373993095512,1.1227673423332039,0.02537238411605358,1,3,2,1
7,1,1448,00:00:00.1010000,5,7,9,1568,1570,433,2003,2222,4225,1.188137755102041,1.4502692619511344,0.04466938227415085,1,5,4,1
7,2,1550,00:00:00.1110000,7,8,11,2934,2936,1086,4022,3833,7855,1.4267211997273348,2.061732635144421,0.08624610304832458,1,7,6,1
7,3,1649,00:00:00.1320000,8,10,14,5458,5462,2557,8019,6455,14474,1.6289849761817516,2.1254997213998177,0.12950478494167328,1,8,7,1
7,4,1752,00:00:00.1690000,10,21,27,10082,10120,5922,16042,10935,26977,1.7997421146597896,1.774991361718278,0.17482660710811615,2,10,8,1.125
7,5,1863,00:00:00.1720000,12,32,42,18261,18365,13646,32011,18767,50778,1.9244838727342424,1.57054710510416,0.19514161348342896,2,12,10,1.1
7,6,1983,00:00:00.1780000,19,56,71,33111,33452,30668,64120,32241,96361,2.0795808039624295,1.722094518583351,0.19031351804733276,2,19,16,1.125
7,7,2105,00:00:00.1870000,28,114,145,61999,62837,65315,128152,54189,182341,2.3469894675720577,2.821745047129356,0.19215728342533112,3,28,24,1.125
7,8,2215,00:00:00.2020000,38,212,282,122725,125385,130718,256103,85986,342089,2.857885516398452,6.301255803733797,0.23813197016716003,5,38,30,1.2333333
7,9,2262,00:00:00.2130000,39,400,505,310732,317106,195358,512464,106757,619221,4.728679376440148,6.327054469120852,0.1439209282398224,7,39,29,1.3103448
7,10,2283,00:00:00.2230000,29,816,961,742231,765226,283304,1048530,122318,1170848,5.95590321611466,3.787340053280651,0.09086910635232925,7,30,20,1.45
7,11,2300,00:00:00.2390000,27,1627,1838,1576141,1639314,454163,2093477,142704,2236181,6.598624107868522,3.296455867474379,0.05833671614527702,8,28,19,1.4210526
7,12,2317,00:00:00.2680000,33,3258,3576,3271836,3436367,826997,4263364,175449,4438813,7.042567231364897,3.4523175326154503,0.07430732250213623,7,33,22,1.4545455
7,13,2333,00:00:00.3230000,46,6336,6915,6424485,6827004,1550659,8377663,224336,8601999,7.433080783907193,3.994474279818571,0.11155757308006287,8,46,31,1.451613
7,14,2348,00:00:00.4130000,58,12385,13390,12536575,13572208,2907117,16479325,296061,16775386,7.918751413364496,5.421294283350286,0.12428534030914307,8,58,41,1.3902439
7,15,2361,00:00:00.5770000,72,25948,27639,26000519,28953195,5309243,34262438,394204,34656642,8.719694903013282,9.619633859191381,0.21031896770000458,6,72,52,1.3653846
7,16,2369,00:00:00.7920000,81,51184,53654,51351019,58515505,8349557,66865062,489738,67354800,9.680581606374744,17.07646083431872,0.2341899275779724,7,81,56,1.4285715
7,17,2375,00:00:01.1210000,88,107819,111346,107479765,125448813,13081732,138530545,602981,139133526,10.691771562768118,24.94629506813362,0.2568577826023102,7,88,61,1.4262295
7,18,2380,00:00:01.7360000,102,232771,238098,231392309,275682471,21649667,297332138,757631,298089769,11.534815446264465,28.84987460763843,0.3027450144290924,8,102,67,1.5074627
7,19,2384,00:00:02.8290000,98,461620,469793,443936979,550141170,35964640,586105810,957102,587062912,12.113622138695503,29.639591293097876,0.4489489793777466,7,98,64,1.515625
7,20,2388,00:00:05.0020000,106,937533,951092,875036780,1123170397,64963895,1188134292,1273332,1189407624,12.586101063089028,31.4095364114889,0.4512379765510559,6,106,72,1.4583334
8,0,717,00:00:00.0210000,2,2,3,893,893,113,1006,929,1935,1.4568868980963046,1.9852398176718953,0,1,2,1,1
8,1,787,00:00:00.0470000,2,3,5,1661,1662,347,2009,1580,3589,1.6616496086694763,1.8107375260960519,0,1,2,1,1
8,2,854,00:00:00.0640000,3,5,7,3168,3171,858,4029,2598,6627,1.7964015151515151,1.485445310470403,0.016443520784378052,1,3,2,1
8,3,930,00:00:00.0750000,6,11,13,5767,5779,2222,8001,4601,12602,1.8885035547078204,1.2826331701172595,0.01951003633439541,2,6,4,1.25
8,4,1019,00:00:00.0770000,8,21,25,10482,10525,5517,16042,8485,24527,1.9647013928639572,1.1948578746780998,0.01385592482984066,2,8,6,1.1666666
8,5,1117,00:00:00.0810000,12,31,44,19077,19166,13011,32177,15293,47470,2.0631126487393194,1.2925608557912407,0.02841082029044628,2,12,10,1.1
8,6,1222,00:00:00.0850000,16,56,77,35011,35285,28880,64165,27009,91174,2.2456085230356173,1.8234702211930707,0.05298718810081482,2,16,14,1.0714285
8,7,1328,00:00:00.0940000,26,118,154,65825,66555,61922,128477,46223,174700,2.5238435244967716,3.3941196761831267,0.11505766212940216,3,26,21,1.1904762
8,8,1431,00:00:00.1080000,35,187,275,126074,127981,128339,256320,76482,332802,2.8716706061519424,6.236350947219215,0.3793462812900543,4,35,28,1.2142857
8,9,1525,00:00:00.1310000,42,372,509,252993,259348,256191,515539,120138,635677,3.34927448585534,10.447759333759036,0.3976041376590729,4,42,32,1.28125
8,10,1597,00:00:00.1630000,48,718,941,540405,559453,473063,1032516,173125,1205641,4.146482730544684,13.216446828867387,0.33762460947036743,5,48,33,1.4242424
8,11,1644,00:00:00.2030000,60,1429,1775,1193432,1246532,808179,2054711,228369,2283080,5.063516815369455,6.864286468089899,0.23222655057907104,6,60,44,1.3409091
8,12,1680,00:00:00.2700000,67,3004,3568,2621879,2765975,1408394,4174369,296271,4470640,5.874576591825939,5.973523133816492,0.17437055706977844,7,67,49,1.3469387
8,13,1705,00:00:00.3350000,65,6067,6955,5531537,5943132,2323900,8267032,370876,8637908,6.822903471494451,9.620567426901555,0.16175417602062225,8,65,45,1.4222223
8,14,1719,00:00:00.4140000,72,12791,14026,12460628,13484581,3456391,16940972,436593,17377565,8.196392429017221,7.673124516431276,0.11422806978225708,10,73,49,1.4693878
8,15,1728,00:00:00.5180000,70,27333,28993,27238592,30205040,5140972,35346012,505619,35851631,9.297814182172118,4.7501894241760665,0.09437746554613113,9,71,48,1.4583334
8,16,1734,00:00:00.7070000,72,51353,53578,51843610,58639004,7471774,66110778,577674,66688452,10.062219992010586,5.289532338081495,0.0989730954170227,9,72,47,1.5106384
8,17,1740,00:00:01.0340000,70,115851,119111,117656263,135643471,12394252,148037723,692954,148730677,11.03112918009303,9.336007928578573,0.1550205796957016,7,70,50,1.38
8,18,1744,00:00:01.5240000,73,225602,230210,228286571,267193807,19341198,286535005,817329,287352334,11.69567635233349,14.914308539563056,0.23007626831531525,7,73,51,1.4117647
8,19,1748,00:00:02.5230000,68,464518,471798,453614407,553753599,33457273,587210872,1014313,588225185,12.220103123841039,18.72930958436205,0.29710590839385986,7,68,48,1.3958334
8,20,1752,00:00:04.7010000,82,959091,971859,909477739,1149412277,62927909,1212340186,1333164,1213673350,12.634209187609374,21.2845409784025,0.3313225507736206,7,82,56,1.4464285
