RepeatId,GenerationId,Generations,Time,SubcloneSelect,SubcloneAlive,SubcloneTotal,CellSelectCount,CellAliveCount,CellNecroCount,CellTumorCount,CellLostCount,CellTotalCount,MeanDriversPerCell,ClonalDiversity,TreeBalance,TreeDepth,NodeCount,LeafCount,Branching
0,0,8088,00:00:00.1220000,1,1,5,1004,1004,0,1004,12923,13927,1,1,0,0,1,1,0
0,1,9471,00:00:00.1520000,3,3,9,2005,2005,0,2005,33184,35189,1.0129675810473815,1.0263263959360571,0,1,3,2,1
0,2,10930,00:00:00.2080000,3,8,30,3995,4003,0,4003,75690,79693,1.0217772215269085,1.0446573100565364,0.007914393208920956,1,3,2,1
0,3,12398,00:00:00.2540000,6,14,78,7985,8004,0,8004,162487,170491,1.0479649342517219,1.1014983157180296,0.022910259664058685,1,6,5,1
0,4,13719,00:00:00.3190000,9,27,140,15927,16002,0,16002,312291,328293,1.127644879763923,1.298884833868292,0.06401456892490387,1,9,8,1
0,5,14857,00:00:00.4130000,12,55,263,31895,32042,0,32042,579710,611752,1.205612164916131,1.525132324961741,0.08790135383605957,1,12,11,1
0,6,15929,00:00:00.5590000,16,99,516,63395,64123,0,64123,1071040,1135163,1.3332439466834924,1.9554253051994048,0.12795796990394592,2,16,14,1.0714285
0,7,16924,00:00:00.7920000,20,177,912,125415,128021,0,128021,1984582,2112603,1.453167483953275,2.4162648933896986,0.18112361431121826,2,20,18,1.0555556
0,8,17820,00:00:01.2050000,26,368,1625,249332,256022,0,256022,3633671,3889693,1.5918975502542794,2.858746925284635,0.22763335704803467,3,26,22,1.1363636
0,9,18630,00:00:01.9170000,30,673,2969,494805,512011,0,512011,6615274,7127285,1.7244005214175282,3.108771711157245,0.26341935992240906,3,30,25,1.16
0,10,19379,00:00:03.0770000,36,1273,5338,978572,1019242,5059,1024301,12116144,13140445,1.8732816798355154,3.279627579015676,0.283568799495697,4,36,30,1.1666666
0,11,20078,00:00:05.0430000,37,2378,9787,1866751,1972443,76278,2048721,22136627,24185348,2.036649772787051,3.498356189036596,0.29406318068504333,4,37,30,1.2
0,12,20751,00:00:08.4760000,44,4423,17734,3455858,3691974,407969,4099943,40250013,44349956,2.265764681303456,4.0411493813144785,0.2843492925167084,4,44,36,1.1944444
0,13,21404,00:00:15.1430000,45,7957,32058,6171503,6701496,1491525,8193021,72160191,80353212,2.5893266194636864,5.05833202970913,0.2709687054157257,4,45,36,1.2222222
0,14,22044,00:00:31.8900000,49,14294,57168,10846574,11925459,4473108,16398567,127206915,143605482,3.0172105957143702,6.206452086315768,0.22595857083797455,5,49,38,1.2631578
0,15,22674,00:01:14.1240000,50,24984,100847,18767197,20864536,11913983,32778519,220489648,253268167,3.5263794587971766,6.06289873477093,0.18767523765563965,6,50,39,1.2564102
0,16,23314,00:02:35.7350000,50,43566,178490,32177133,36050772,29522304,65573076,380896875,446469951,4.0556130031845905,4.900557796449015,0.15320387482643127,7,50,37,1.3243244
0,17,23980,00:05:08.7630000,51,75078,315712,54775786,61666029,69481404,131147433,659517671,790665104,4.588811614679523,4.177238931543427,0.11676019430160522,7,51,40,1.25
0,18,24679,00:09:54.2380000,47,129608,560485,92370653,105065487,157277596,262343083,1142017339,1404360422,5.269165813951754,4.3205097377021024,0.09841872751712799,8,48,38,1.2368422
0,19,25400,00:18:36.2020000,45,222238,989896,157358112,179091861,345227810,524319671,1955632503,2479952174,6.16358690805848,4.843212784710351,0.06890014559030533,8,46,38,1.1842105
0,20,26149,00:34:29.0170000,37,382480,1751907,267001572,304761555,743940253,1048701808,3332254318,4380956126,7.067363513500212,3.7407096326438976,0.07425758242607117,7,38,31,1.1935484
9,0,8228,00:00:00.2250000,2,2,9,1003,1003,0,1003,15020,16023,1.0019940179461615,1.0039959796742546,0,1,2,1,1
9,1,10681,00:00:00.3460000,3,5,16,2007,2009,0,2009,47827,49836,1.075734927752865,1.1630885206478851,0.010128714144229889,1,3,2,1
9,2,12016,00:00:00.4840000,4,5,35,4002,4006,0,4006,85870,89876,1.1376811594202898,1.318926354678864,0.0580749586224556,1,4,3,1
9,3,13083,00:00:00.5790000,5,11,58,8001,8016,0,8016,147178,155194,1.216347956505437,1.528907561106988,0.054650746285915375,1,5,4,1
9,4,14122,00:00:00.7150000,10,23,112,15987,16016,0,16016,264871,280887,1.3151310439732282,1.8296964092398194,0.09641219675540924,2,10,8,1.125
9,5,15057,00:00:00.8900000,12,46,212,31854,32025,0,32025,476167,508192,1.4628304137627928,2.2240068550592103,0.12796686589717865,2,12,10,1.1
9,6,15932,00:00:01.2390000,15,83,370,63544,64052,0,64052,883571,947623,1.5850906458516933,2.4677809694809683,0.1524137556552887,2,15,13,1.0769231
9,7,16741,00:00:01.7500000,19,174,702,126406,128046,0,128046,1630306,1758352,1.7239846209831813,2.5746106404672764,0.17610852420330048,2,19,16,1.125
9,8,17501,00:00:02.2180000,22,327,1300,251540,256273,0,256273,3020174,3276447,1.8706010972409954,2.603196909811977,0.19925710558891296,3,22,17,1.2352941
9,9,18183,00:00:02.9910000,26,647,2476,500384,512235,0,512235,5530534,6042769,2.0103100818571336,2.729251520026997,0.22477470338344574,3,26,21,1.1904762
9,10,18824,00:00:04.4210000,28,1209,4590,988095,1019878,4947,1024825,10247408,11272233,2.150467313365618,2.9731779805454686,0.24887683987617493,3,28,22,1.2272727
9,11,19433,00:00:07.0020000,31,2294,8461,1895536,1975051,74099,2049150,18987438,21036588,2.3018497142760674,3.4666495014725673,0.27376213669776917,3,31,24,1.25
9,12,20036,00:00:12.0460000,34,4156,15783,3509959,3697315,401277,4098592,35261461,39360053,2.470363613933952,4.297547065669894,0.29600805044174194,3,34,27,1.2222222
9,13,20651,00:00:25.1910000,41,7742,29343,6303416,6713397,1483757,8197154,65384217,73581371,2.671820803196235,5.713734890268455,0.31335803866386414,4,41,33,1.2121212
9,14,21289,00:00:54.1140000,47,14182,54688,11031119,11905267,4485446,16390713,120422687,136813400,2.925671819876116,7.909333902841684,0.3565165400505066,5,47,33,1.3939394
9,15,21960,00:01:52.4250000,50,25148,101179,18890506,20742787,12040451,32783238,220006534,252789772,3.2241791193946843,10.844797949320439,0.39313432574272156,5,50,33,1.4848485
9,16,22672,00:03:48.1480000,53,44152,185548,31825800,35642564,29916384,65558948,398681818,464240766,3.591529985106423,13.426171979842584,0.4103277027606964,5,53,35,1.4857143
9,17,23430,00:07:36.7720000,57,76874,338861,53229114,60684207,70398527,131082734,715980076,847062810,4.0242546776187185,14.306349260460067,0.44674578309059143,6,57,37,1.5135136
9,18,24243,00:15:08.4630000,55,133752,615602,87663656,102593320,159673142,262266462,1277782458,1540048920,4.503545346089604,13.443464276345656,0.42376986145973206,6,56,36,1.5277778
9,19,25124,00:30:04.2620000,60,231772,1118748,144354917,172403338,352196777,524600115,2274414075,2799014190,5.013885976603069,12.478482755359806,0.520366907119751,7,61,39,1.5384616
9,20,26087,01:00:12.5840000,63,400417,2038668,234551878,288518410,760430999,1048949409,4046885236,5095834645,5.53085728011097,11.63129439699983,0.4581230878829956,7,64,40,1.575
10,0,7962,00:00:00.2060000,3,3,10,1003,1003,0,1003,16478,17481,1.0099700897308075,1.0201885585053863,0,1,3,2,1
10,1,9449,00:00:00.2880000,2,3,15,2000,2001,0,2001,38834,40835,1.008,1.0161280165569067,0,1,2,1,1
10,2,10751,00:00:00.3620000,3,5,27,4002,4004,0,4004,73270,77274,1.0224887556221889,1.0462647044265012,0.02222222276031971,1,3,2,1
10,3,12242,00:00:00.4050000,6,14,57,7986,8002,0,8002,158111,166113,1.0356874530428248,1.0749125085411264,0.02817094326019287,1,6,5,1
10,4,13528,00:00:00.4740000,10,33,141,15927,16018,0,16018,307750,323768,1.0583286243485905,1.1199414697160577,0.041750114411115646,2,10,8,1.125
10,5,14767,00:00:00.6130000,14,48,260,31723,32001,0,32001,591977,623978,1.1296850865302777,1.2856318635667114,0.08248556405305862,2,14,12,1.0833334
10,6,15910,00:00:00.8040000,19,103,484,63255,64036,0,64036,1121291,1185327,1.2341158801675758,1.5851966749223334,0.1457732915878296,2,19,16,1.125
10,7,16948,00:00:01.0940000,25,196,908,125551,128110,0,128110,2069032,2197142,1.4022508781292065,2.196959130567119,0.2120218724012375,2,25,20,1.2
10,8,17825,00:00:01.5720000,33,342,1594,249388,256032,0,256032,3670674,3926706,1.6132372046770493,3.2313319621502106,0.2732993960380554,3,33,27,1.1851852
10,9,18596,00:00:02.3790000,37,681,2880,494974,512127,0,512127,6491604,7003731,1.848719326671704,4.626097198146505,0.3264710009098053,3,37,31,1.1612903
10,10,19273,00:00:03.6200000,41,1229,5060,977807,1019964,4769,1024733,11436461,12461194,2.0859280001063603,5.401861602967173,0.3471073508262634,3,41,35,1.1428572
10,11,19891,00:00:06.2940000,44,2228,8887,1879239,1974701,73896,2048597,20306214,22354811,2.3061643569551293,5.08219670734994,0.25265684723854065,3,44,38,1.1315789
10,12,20489,00:00:14.3540000,48,4190,16124,3491054,3696498,400147,4096645,36440722,40537367,2.5163761431361418,4.30479260681821,0.24188844859600067,3,48,41,1.1463414
10,13,21097,00:00:30.7030000,44,7791,29756,6238961,6717053,1479781,8196834,66194898,74391732,2.7035290010628374,3.6234818531943493,0.2313539683818817,3,44,37,1.1621622
10,14,21740,00:01:02.4060000,46,14000,55163,10911567,11900074,4499618,16399692,121724494,138124186,2.883517921853021,3.2863074750490395,0.21165794134140015,4,46,37,1.2162162
10,15,22438,00:02:06.0730000,54,25352,103244,18757352,20663327,12122366,32785693,225538995,258324688,3.0647549291605767,3.3194453890032216,0.19593681395053864,4,54,44,1.2045455
10,16,23212,00:04:15.0650000,55,45167,194265,31237112,35343109,30241315,65584424,420217497,485801921,3.247403601203594,3.6715092675208485,0.19120676815509796,4,55,43,1.255814
10,17,24076,00:08:36.3700000,67,79102,364907,51316388,59722584,71399336,131121920,782681117,913803037,3.4631955390157234,4.710487709540804,0.19184324145317078,5,67,52,1.2692307
10,18,25044,00:17:46.0230000,64,138804,684748,80714720,100109145,162067897,262177042,1452626481,1714803523,3.7230340636751262,6.522284515824474,0.32848379015922546,5,65,50,1.28
10,19,26120,00:36:40.4610000,76,241888,1277305,125809530,167197474,357227871,524425345,2671213614,3195638959,4.074661053101462,9.974360501255145,0.3224312961101532,6,77,57,1.3333334
10,20,27299,01:15:11.7760000,94,416415,2352841,195164156,278964102,769937040,1048901142,4840083791,5888984933,4.608950446822828,15.513455181743126,0.318411648273468,5,95,70,1.3428571
11,0,15453,00:00:00.2010000,2,2,12,1001,1001,0,1001,20961,21962,1.025974025974026,1.0532954544349244,0,1,2,1,1
11,1,17122,00:00:00.2280000,2,3,23,2004,2005,0,2005,45496,47501,1.005489021956088,1.0110383587112268,0,1,2,1,1
11,2,18548,00:00:00.2680000,4,7,44,3995,4001,0,4001,86362,90363,1.0365456821026282,1.0762445483138352,0.018594475463032722,1,4,3,1
11,3,19932,00:00:00.3080000,6,10,71,7993,8002,0,8002,165644,173646,1.0688102089328162,1.1446033558043651,0.03509566932916641,2,6,4,1.25
11,4,21145,00:00:00.3480000,7,26,133,15963,16023,0,16023,306101,322124,1.1458372486374742,1.2864880267430088,0.19219496846199036,2,7,5,1.2
11,5,22334,00:00:00.4130000,8,46,242,31832,32039,0,32039,580950,612989,1.3016147273184218,1.6597011103918318,0.2755624055862427,2,8,6,1.1666666
11,6,23311,00:00:00.5110000,9,69,426,63417,64063,0,64063,1027554,1091617,1.5222574388570889,2.31305362205324,0.37959742546081543,2,9,7,1.1428572
11,7,24116,00:00:00.6620000,14,142,707,126245,128102,0,128102,1765756,1893858,1.773876193116559,3.2319903828474534,0.3568546772003174,2,14,11,1.1818181
11,8,24819,00:00:00.9110000,19,311,1279,251564,256022,0,256022,3057073,3313095,2.0426730374775404,4.086002697237971,0.4231484532356262,3,19,13,1.3846154
11,9,25437,00:00:01.4130000,21,611,2294,502307,512666,0,512666,5328209,5840875,2.280989514380648,4.4125890079563925,0.4487754702568054,3,21,15,1.3333334
11,10,25993,00:00:02.1260000,22,1118,4131,992977,1019804,4632,1024436,9415830,10440266,2.4762587653087635,4.191205811134402,0.45144757628440857,3,22,16,1.3125
11,11,26524,00:00:03.2950000,23,2135,7563,1909890,1977031,71483,2048514,17034264,19082778,2.635928770766903,3.8302583893432613,0.4453630745410919,3,23,17,1.2941177
11,12,27056,00:00:05.5100000,26,3985,14102,3550211,3704698,391580,4096278,31389440,35485718,2.769287797260501,3.5509879284457844,0.44194018840789795,3,26,20,1.25
11,13,27615,00:00:10.2740000,30,7490,26696,6397729,6733656,1462214,8195870,58812009,67007879,2.887698588045852,3.396275918538682,0.4210014343261719,3,30,24,1.2083334
11,14,28223,00:00:26.5320000,33,13674,50989,11174278,11929058,4470825,16399883,111381925,127781808,2.996021040464538,3.3897671342058406,0.39860373735427856,3,33,27,1.1851852
11,15,28898,00:01:11.1440000,36,24718,97570,18995477,20694900,12087323,32782223,211850448,244632671,3.110195284909139,3.5825118767002424,0.4001634418964386,4,36,28,1.25
11,16,29664,00:02:52.1720000,44,44121,188246,31649916,35341602,30237366,65578968,404676108,470255076,3.240543892754723,4.148779901531881,0.4764052629470825,3,44,36,1.1944444
11,17,30534,00:06:33.0520000,51,78964,360672,51162578,59618902,71459314,131078216,769851913,900930129,3.393207609671272,5.3149794920279705,0.446140855550766,3,51,40,1.25
11,18,31524,00:14:36.0770000,67,139081,686988,81207343,99810892,162368284,262179176,1455423378,1717602554,3.610256082384077,7.8144706337573835,0.3751299977302551,4,68,53,1.264151
11,19,32636,00:31:48.1490000,83,243004,1295715,124627309,166382834,358111245,524494079,2715290695,3239784774,3.9017119835268206,12.542363508253546,0.38932138681411743,4,84,65,1.2769231
11,20,33867,01:07:34.4870000,97,421656,2413285,187136088,276975789,771618967,1048594756,4982174815,6030769571,4.383182179163647,20.484745141412052,0.5149385929107666,5,98,71,1.3661972
12,0,11281,00:00:00.1250000,2,3,10,1000,1001,0,1001,20517,21518,1.011,1.0222418938112672,0,1,2,1,1
12,1,13309,00:00:00.1630000,2,3,28,2006,2007,0,2007,47743,49750,1.0239282153539382,1.0490001949249523,0,1,2,1,1
12,2,14586,00:00:00.2040000,3,6,44,4005,4013,0,4013,85303,89316,1.0272159800249687,1.0560486618392104,0.00811488926410675,1,3,2,1
12,3,15939,00:00:00.2500000,6,15,79,7980,8002,0,8002,164243,172245,1.0768170426065162,1.1692017274884943,0.04643915221095085,1,6,5,1
12,4,17244,00:00:00.3110000,11,29,147,15941,16018,0,16018,314132,330150,1.1193149739665014,1.2779287972789906,0.06420566141605377,1,11,10,1
12,5,18529,00:00:00.4120000,15,51,275,31812,32023,0,32023,609375,641398,1.1989815164089024,1.518985514427538,0.11049576848745346,1,15,14,1
12,6,19621,00:00:00.5610000,15,103,492,63000,64046,0,64046,1106057,1170103,1.2975396825396825,1.8890450380337191,0.16793414950370789,1,15,14,1
12,7,20591,00:00:00.8150000,25,170,853,125903,128096,0,128096,1995795,2123891,1.4357322700809354,2.4941774820581673,0.22407647967338562,2,25,19,1.2631578
12,8,21478,00:00:01.1900000,30,311,1525,250401,256175,0,256175,3614852,3871027,1.5721382901825471,3.1498444145222857,0.2793380916118622,2,30,24,1.2083334
12,9,22290,00:00:01.8450000,38,659,2818,499574,512311,0,512311,6586593,7098904,1.7197512280462954,3.739562241723181,0.3293878436088562,3,38,30,1.2333333
12,10,23041,00:00:02.9610000,41,1276,5264,983960,1019280,5060,1024340,12090759,13115099,1.8524208301150453,4.166134315009771,0.3707597553730011,3,41,33,1.2121212
12,11,23757,00:00:04.9950000,43,2467,9897,1877273,1971385,76751,2048136,22344188,24392324,1.9827004383486047,4.576708818425847,0.40524232387542725,3,43,34,1.2352941
12,12,24461,00:00:08.7500000,46,4584,18371,3452669,3684883,412585,4097468,41349855,45447323,2.121165394076293,5.093664888177873,0.429779589176178,3,46,37,1.2162162
12,13,25183,00:00:17.7430000,52,8215,34028,6151743,6678616,1519236,8197852,76731105,84928957,2.286852360379814,6.144780685698761,0.461295485496521,4,52,39,1.3076923
12,14,25934,00:00:46.3560000,61,15028,63360,10682348,11806995,4578378,16385373,141509981,157895354,2.484968005161412,8.10179621653835,0.4650229215621948,4,61,46,1.3043479
12,15,26728,00:01:51.5210000,69,26369,117219,18112795,20503974,12264779,32768753,259351087,292119840,2.7451537987373014,11.327014501654963,0.46735984086990356,4,69,51,1.3333334
12,16,27567,00:03:59.3900000,72,46023,214273,30035331,35152409,30390389,65542798,469850847,535393645,3.076642438200531,14.19438812429972,0.4796839654445648,5,72,50,1.42
12,17,28451,00:08:05.1600000,76,80577,389322,49497442,59746984,71384428,131131412,839726089,970857501,3.5188264678405,13.279508480185774,0.5193449854850769,5,76,49,1.5306122
12,18,29381,00:15:56.8920000,79,138993,699405,81883451,100943462,161352745,262296207,1481865765,1744161972,4.044297265878547,10.672846068217066,0.506503164768219,5,80,53,1.490566
12,19,30367,00:30:55.2490000,73,238630,1249334,133899256,169654043,354701440,524355483,2597319327,3121674810,4.608847102182554,8.855694017568538,0.4435783922672272,5,74,50,1.46
12,20,31426,00:59:47.1230000,66,409434,2238780,216767966,283787939,764932101,1048720040,4544625031,5593345071,5.129342704631919,8.075425461660203,0.35120126605033875,5,67,47,1.4042553
13,0,10259,00:00:00.1140000,4,4,10,1003,1003,0,1003,15568,16571,1.1016949152542372,1.160712272261627,0.05802106112241745,2,4,2,1.5
13,1,11281,00:00:00.1460000,5,6,17,2001,2002,0,2002,30448,32450,1.2583708145927037,1.4183823461447431,0.043190136551856995,2,5,3,1.3333334
13,2,12350,00:00:00.1810000,5,6,26,4006,4008,0,4008,59931,63939,1.40863704443335,1.7966220318878103,0.08369665592908859,2,5,3,1.3333334
13,3,13227,00:00:00.2010000,6,15,48,7999,8028,0,8028,108973,117001,1.6707088386048257,2.3253032635144795,0.09671125560998917,3,6,3,1.6666666
13,4,13921,00:00:00.2270000,8,22,89,15919,16010,0,16010,189247,205257,2.0331679125573214,2.760705721352539,0.08204083889722824,3,8,5,1.4
13,5,14520,00:00:00.2580000,10,40,151,31794,32025,0,32025,326292,358317,2.315185255079575,2.4706427971590266,0.09792734682559967,3,10,7,1.2857143
13,6,15058,00:00:00.3030000,10,79,261,63392,64046,0,64046,574515,638561,2.5171630489651693,2.1208257805753887,0.09261426329612732,3,10,7,1.2857143
13,7,15562,00:00:00.3760000,11,129,463,126571,128093,0,128093,1037689,1165782,2.6961547273862103,1.8336837411866995,0.08013778924942017,3,11,8,1.25
13,8,16041,00:00:00.5130000,13,268,878,252737,256461,0,256461,1917814,2174275,2.828109853325789,1.6827353503168676,0.06881025433540344,3,13,10,1.2
13,9,16493,00:00:00.7450000,16,512,1603,503437,512147,0,512147,3586058,4098205,2.9332031614680685,1.604338540305688,0.059481002390384674,3,16,13,1.1538461
13,10,16933,00:00:01.1560000,15,1035,3088,994829,1020026,4178,1024204,6825718,7849922,3.0138053876595876,1.5806642461427245,0.061677493155002594,3,15,12,1.1666666
13,11,17372,00:00:01.9420000,14,1953,6006,1918305,1981049,67509,2048558,13131539,15180097,3.084447467946964,1.6049207578223765,0.06991288810968399,3,14,11,1.1818181
13,12,17829,00:00:03.5530000,15,3729,11737,3570899,3719138,379276,4098414,25495762,29594176,3.15017954862347,1.6809715901258937,0.059191059321165085,3,15,12,1.1666666
13,13,18322,00:00:07.0100000,22,7119,23005,6468181,6765416,1431012,8196428,49690089,57886517,3.227931778656163,1.8294458101724813,0.05362875387072563,4,22,18,1.1666666
13,14,18865,00:00:18.1320000,23,13182,45263,11308430,12000171,4396175,16396346,96648904,113045250,3.306898924076994,2.0250412119185905,0.05317142233252525,4,23,19,1.1578947
13,15,19476,00:00:52.8860000,30,24167,88303,19353807,20844084,11944441,32788525,187611162,220399687,3.4098442750824165,2.3202443157754877,0.05710838362574577,4,30,26,1.1153846
13,16,20171,00:02:15.1910000,35,43598,171652,32256151,35628548,29918328,65546876,362543863,428090739,3.5368803922079852,2.671915152672291,0.06884963065385818,4,36,31,1.1290323
13,17,20965,00:05:17.9470000,44,76670,330606,52687645,60197639,70885890,131083529,695844503,826928032,3.7003541152769306,3.0688096192007994,0.1997578740119934,3,44,39,1.1025641
13,18,21868,00:12:01.5160000,54,135514,633182,84113671,100916400,161317122,262233522,1320872439,1583105961,3.937844122865592,3.5656284325090537,0.22673919796943665,3,54,47,1.1276596
13,19,22883,00:26:21.8620000,71,237220,1198180,132453713,168612137,355884298,524496435,2470839555,2995335990,4.298263831984839,4.736801563816318,0.2571207582950592,3,71,59,1.1864407
13,20,23995,00:55:56.6200000,87,410775,2224780,206162774,281556713,767292122,1048848835,4515762047,5564610882,4.8448678130417475,7.391675127038412,0.29661330580711365,4,87,65,1.323077
14,0,8148,00:00:00.1220000,2,2,11,1005,1005,0,1005,18060,19065,1.6417910447761195,1.8511340188895773,0,1,2,1,1
14,1,8938,00:00:00.1450000,2,3,14,2002,2003,0,2003,30125,32128,1.664835164835165,1.8039429466879506,0,1,2,1,1
14,2,9668,00:00:00.1800000,5,9,28,3996,4003,0,4003,50961,54964,1.7482482482482482,1.635220546936022,0,2,5,3,1.3333334
14,3,10380,00:00:00.2120000,4,10,47,7997,8014,0,8014,91486,99500,1.842315868450669,1.4255997436638173,0.005410896148532629,2,4,2,1.5
14,4,11108,00:00:00.2390000,6,16,68,15986,16024,0,16024,173675,189699,1.9217440260227698,1.3347316969418113,0.02003437653183937,2,6,4,1.25
14,5,11811,00:00:00.2790000,7,36,131,31853,32009,0,32009,336645,368654,1.9655919379650268,1.3227635515818648,0.02740342728793621,2,7,5,1.2
14,6,12472,00:00:00.3480000,7,72,272,63507,64055,0,64055,641001,705056,2.0182657029933706,1.2984050081434013,0.036804959177970886,2,7,5,1.2
14,7,13108,00:00:00.4740000,8,152,547,126357,128017,0,128017,1227131,1355148,2.0631702240477376,1.3434191010598076,0.047810785472393036,2,8,6,1.1666666
14,8,13732,00:00:00.7520000,10,284,1015,251288,256131,0,256131,2374757,2630888,2.1223098596033236,1.4436204844337448,0.0696227177977562,2,10,8,1.125
14,9,14348,00:00:01.1870000,12,563,2017,498645,512705,0,512705,4642606,5155311,2.1829858917666876,1.5749507861013876,0.08943796902894974,3,12,9,1.2222222
14,10,14952,00:00:02.0810000,18,1196,4112,986399,1019997,4836,1024833,9089953,10114786,2.2631480769952117,1.7972131878083595,0.11053241789340973,3,18,15,1.1333333
14,11,15542,00:00:03.7450000,24,2248,7951,1898724,1975727,73630,2049357,17569079,19618436,2.3493477725040606,2.08387985213743,0.13453727960586548,3,24,21,1.0952381
14,12,16144,00:00:07.1340000,33,4186,15130,3532561,3694092,402113,4096205,33859708,37955913,2.4539856495047077,2.4824687995020045,0.1652597039937973,3,33,29,1.1034483
14,13,16777,00:00:18.3160000,36,7912,29350,6319681,6702927,1490948,8193875,64893676,73087551,2.5677121993974064,2.9201979318335045,0.19729182124137878,3,36,32,1.09375
14,14,17459,00:00:48.3110000,37,14314,56061,10927228,11860773,4538213,16398986,123842534,140241520,2.6945593155006926,3.3544850835500943,0.22933954000473022,3,37,33,1.0909091
14,15,18203,00:01:53.0090000,45,25633,106717,18531958,20567642,12203716,32771358,234465843,267237201,2.8546346263033837,3.82612495344918,0.2562449872493744,2,45,41,1.0731708
14,16,19028,00:04:09.2230000,54,46146,203031,30644029,35152549,30434005,65586554,441971870,507558424,3.0369197209675005,4.424926604699879,0.288162499666214,3,54,46,1.1521739
14,17,19943,00:08:54.2660000,68,80841,382682,49826424,59420656,71744061,131164717,825806359,956971076,3.275736825905869,5.633685532808257,0.31779032945632935,3,68,54,1.2407408
14,18,20957,00:18:46.7850000,75,141395,715775,78555964,99679186,162566567,262245753,1527715907,1789961660,3.5755456326651407,8.331905441333532,0.35256919264793396,3,75,60,1.2333333
14,19,22065,00:38:53.1600000,82,245286,1324801,121581002,166753701,357745058,524498759,2781716621,3306215380,4.019377476425141,14.492796626701118,0.39524006843566895,4,82,62,1.3064516
14,20,23251,01:18:23.6810000,95,421468,2408250,192294647,279213253,769661360,1048874613,4961389500,6010264113,4.69522574385547,16.74039787939139,0.38910362124443054,5,95,69,1.3623189
15,0,11311,00:00:00.2820000,1,1,5,1007,1007,0,1007,18139,19146,1,1,0,0,1,1,0
15,1,13466,00:00:00.3960000,2,6,20,1995,2001,0,2001,50062,52063,1.0045112781954888,1.009063295594267,0,1,2,1,1
15,2,14460,00:00:00.4750000,1,1,29,4002,4002,0,4002,79451,83453,1,1,0,0,1,1,0
15,3,15926,00:00:00.6030000,4,12,68,7999,8015,0,8015,164226,172241,1.0076259532441556,1.0154029760015097,0,1,4,3,1
15,4,17129,00:00:00.7540000,6,16,115,15982,16015,0,16015,303169,319184,1.0256538605931673,1.053152011700997,0.02149592526257038,1,6,5,1
15,5,18414,00:00:01.0500000,9,39,245,31863,32021,0,32021,596719,628740,1.0499011392524245,1.1037691990164387,0.038747020065784454,2,9,7,1.1428572
15,6,19675,00:00:01.5160000,13,88,484,63409,64038,0,64038,1170938,1234976,1.1144159346465012,1.2404163471731953,0.07969482243061066,2,13,11,1.0909091
15,7,20872,00:00:02.0530000,16,177,922,125936,128052,0,128052,2275226,2403278,1.2148789861516962,1.488517592265489,0.1353883594274521,2,16,13,1.1538461
15,8,21929,00:00:02.7640000,23,362,1714,249468,256134,0,256134,4210630,4466764,1.4107981785238988,2.088162621873852,0.21961379051208496,2,23,18,1.2222222
15,9,22783,00:00:03.8820000,27,668,3052,494646,512029,0,512029,7321598,7833627,1.6690380595415713,3.1926779016139273,0.3160814940929413,3,27,19,1.3684211
15,10,23522,00:00:05.7320000,32,1282,5440,974047,1019043,4973,1024016,12712238,13736254,1.9552578058348313,4.8517142577550825,0.3797813355922699,3,32,23,1.3478261
15,11,24171,00:00:08.9000000,35,2367,9621,1867304,1975012,74630,2049642,21997130,24046772,2.232232137884351,6.09362812533261,0.422588050365448,3,35,26,1.3076923
15,12,24781,00:00:14.6900000,40,4286,17058,3460978,3699322,400850,4100172,38441478,42541650,2.492832372814852,6.249206199428002,0.4477788209915161,3,40,31,1.2580645
15,13,25384,00:00:28.6940000,49,7827,30371,6260477,6718159,1475730,8193889,67948360,76142249,2.741309328346706,5.937233209129731,0.4576236307621002,3,49,38,1.2631578
15,14,26012,00:00:58.1120000,51,13977,55304,10945148,11912409,4477652,16390061,122147262,138537323,2.958978900970549,5.67597159554162,0.46939849853515625,4,51,38,1.3157895
15,15,26688,00:01:58.1600000,56,24964,102136,18759977,20714925,12080154,32795079,222680712,255475791,3.1732009053102783,5.905220110148595,0.4957653880119324,4,56,42,1.3095238
15,16,27430,00:04:02.1180000,64,44437,189981,31549446,35463357,30113131,65576488,409335471,474911959,3.381440834175028,6.718728505643799,0.5119429230690002,4,64,48,1.3125
15,17,28257,00:08:23.8580000,67,78413,354921,51563345,59994568,71126345,131120913,756281530,887402443,3.6137283180522908,8.065105932860572,0.584035336971283,5,67,50,1.32
15,18,29185,00:17:40.0030000,77,138450,666029,82960790,100619000,161605981,262224981,1398590812,1660815793,3.8728581538338775,10.020632972432818,0.6068739891052246,5,78,58,1.3275862
15,19,30225,00:37:14.5050000,89,240333,1242822,130610920,167932069,356530538,524462607,2577020488,3101483095,4.205507265395573,12.427033589991389,0.5857448577880859,6,90,66,1.3484849
15,20,31374,01:18:05.3190000,93,414737,2298662,199721274,280105587,769041007,1049146594,4690828369,5739974963,4.692424413435296,15.638399429439076,0.5852870941162109,4,94,70,1.3285714
16,0,12638,00:00:00.1360000,2,2,12,1005,1005,0,1005,28899,29904,1.0149253731343284,1.030296049245238,0,1,2,1,1
16,1,13958,00:00:00.1640000,4,7,29,2000,2004,0,2004,47412,49416,1.1325,1.3033331887056419,0.042693961411714554,1,4,3,1
16,2,15131,00:00:00.2160000,7,12,50,3990,4005,0,4005,80656,84661,1.2388471177944862,1.6281164822068976,0.10818034410476685,1,7,6,1
16,3,16028,00:00:00.2430000,9,13,69,7997,8005,0,8005,131141,139146,1.371014130298862,2.0931864873443944,0.16234640777111053,2,9,7,1.1428572
16,4,17056,00:00:00.2850000,8,22,117,15980,16027,0,16027,249296,265323,1.5123279098873592,2.501045925884521,0.21645231544971466,2,8,6,1.1666666
16,5,17845,00:00:00.3350000,11,46,215,31957,32072,0,32072,429555,461627,1.6453985042400725,2.738419121259402,0.24253495037555695,2,11,9,1.1111112
16,6,18645,00:00:00.4340000,13,94,387,63452,64044,0,64044,798624,862668,1.757170774758873,2.7067603298699128,0.26937055587768555,2,13,11,1.0909091
16,7,19398,00:00:00.5600000,15,161,669,126276,128009,0,128009,1491238,1619247,1.8632915201621845,2.6131351548792585,0.2923154830932617,2,15,13,1.0769231
16,8,20099,00:00:00.8190000,15,344,1266,250471,256020,0,256020,2779634,3035654,1.9491198581871754,2.554085732569983,0.3016449213027954,2,15,13,1.0769231
16,9,20768,00:00:01.2870000,21,627,2415,498299,512632,0,512632,5246616,5759248,2.0369617438525864,2.6152137212953606,0.2881837785243988,2,21,18,1.1111112
16,10,21403,00:00:02.1240000,27,1210,4501,984850,1019523,4895,1024418,9908861,10933279,2.1275615575976037,2.8117088429476147,0.28494542837142944,3,27,22,1.1818181
16,11,22026,00:00:03.6550000,32,2326,8589,1888504,1974178,74528,2048706,18869955,20918661,2.218482989710374,3.082614771656708,0.27788764238357544,3,32,26,1.1923077
16,12,22661,00:00:06.5680000,37,4359,16225,3490424,3692784,405415,4098199,36014650,40112849,2.32657035363039,3.5195825978777657,0.2683663070201874,3,37,30,1.2
16,13,23322,00:00:12.8830000,41,7956,30789,6221924,6697538,1502683,8200221,68419494,76619715,2.4560864131416587,4.110004580615707,0.272330641746521,3,41,33,1.2121212
16,14,24027,00:00:41.0940000,52,14316,58065,10834914,11839849,4547756,16387605,129290234,145677839,2.625094301625283,4.943705057559605,0.2658155858516693,4,52,41,1.2439024
16,15,24784,00:01:40.2170000,59,25960,109594,18369035,20565301,12222555,32787856,241719278,274507134,2.851300680737992,5.961968419888941,0.26874634623527527,4,59,47,1.2340425
16,16,25594,00:03:36.4230000,66,45511,203506,30599639,35258131,30325988,65584119,445090634,510674753,3.160778498073131,7.4014250628122005,0.26676759123802185,4,66,53,1.226415
16,17,26450,00:07:28.8280000,75,79755,372669,50579828,59931296,71180062,131111358,803314208,934425566,3.622295196417038,8.640492079004161,0.28010720014572144,5,76,56,1.3392857
16,18,27350,00:14:54.8340000,79,137909,674217,83545441,101335639,160893301,262228940,1424613483,1686842423,4.149654736995164,7.181792518130141,0.2562723457813263,5,80,61,1.295082
16,19,28309,00:29:02.1170000,72,236964,1214131,135710392,170345079,354188946,524534025,2510032910,3034566935,4.6901938504458816,5.096667776480167,0.25127866864204407,5,73,54,1.3333334
16,20,29351,00:56:50.1520000,80,407188,2189871,221553399,284244466,764858309,1049102775,4427977966,5477080741,5.1515261429141965,5.059849622299305,0.3530645966529846,5,80,57,1.3859649
17,0,10499,00:00:00.3740000,3,5,15,1001,1003,0,1003,24694,25697,1.0159840159840159,1.0325382847369589,0,1,3,2,1
17,1,11836,00:00:00.4950000,4,5,22,2004,2005,0,2005,42843,44848,1.120259481037924,1.2706136470573333,0.024280846118927002,1,4,3,1
17,2,13115,00:00:00.6220000,7,9,41,4001,4006,0,4006,78930,82936,1.2144463884028993,1.5155981806651508,0.05790502205491066,2,7,5,1.2
17,3,14118,00:00:00.7220000,7,13,63,7997,8010,0,8010,136077,144087,1.351006627485307,1.9586818989354347,0.12861432135105133,2,7,5,1.2
17,4,15081,00:00:00.8550000,8,25,106,15953,16010,0,16010,246288,262298,1.5360747194884974,2.511095381183809,0.21608521044254303,2,8,5,1.4
17,5,15877,00:00:00.9890000,11,46,190,31824,32005,0,32005,429440,461445,1.66688662644545,2.80475229956859,0.2569735050201416,3,11,7,1.4285715
17,6,16647,00:00:01.2400000,15,83,369,63628,64074,0,64074,784083,848157,1.82240523040171,2.903016064281174,0.2782564163208008,3,15,11,1.2727273
17,7,17373,00:00:01.5930000,17,176,669,126886,128036,0,128036,1453314,1581350,1.948347335403433,2.950615571547993,0.26468196511268616,3,17,13,1.2307693
17,8,18035,00:00:01.9350000,16,317,1236,251658,256071,0,256071,2674276,2930347,2.0800173250999374,3.0742424381154168,0.2898416817188263,3,16,12,1.25
17,9,18664,00:00:02.5520000,17,589,2251,500670,512205,0,512205,4980729,5492934,2.2242495056624123,3.344748040024335,0.2896007299423218,3,17,13,1.2307693
17,10,19242,00:00:03.7110000,21,1079,4125,993008,1019328,4707,1024035,9222413,10246448,2.3736495577074908,3.801365866854218,0.2779511511325836,3,21,17,1.1764706
17,11,19797,00:00:05.8720000,21,2208,7858,1906991,1976311,72090,2048401,17171845,19220246,2.537096923897386,4.3571726282258645,0.2675812542438507,3,21,17,1.1764706
17,12,20343,00:00:09.9980000,21,4039,14502,3537903,3703657,393910,4097567,31923758,36021325,2.716668037535229,4.992796215802843,0.27241596579551697,3,21,17,1.1764706
17,13,20904,00:00:20.0350000,24,7466,27084,6379415,6733750,1459886,8193636,59397606,67591242,2.914952389835118,5.488621318462274,0.2510954737663269,3,24,19,1.2105263
17,14,21496,00:00:45.4540000,24,13598,50828,11176736,11953203,4442732,16395935,110493690,126889625,3.125677299705388,5.506502501570962,0.27269238233566284,4,24,17,1.3529412
17,15,22134,00:01:38.6370000,26,24510,95109,19155437,20801765,11995059,32796824,205346898,238143722,3.332399099012985,5.039132359856439,0.25403934717178345,4,26,19,1.3157895
17,16,22839,00:03:30.4120000,29,43720,179361,32082910,35599470,29945089,65544559,382649339,448193898,3.5281736912268866,4.324195549907162,0.23947155475616455,4,29,21,1.3333334
17,17,23634,00:07:30.4510000,31,77078,338585,52362327,60193366,70882291,131075657,716252455,847328112,3.7189349319788634,3.6701397744497877,0.21199363470077515,4,32,25,1.24
17,18,24540,00:16:14.0180000,44,136306,642154,84217984,100803766,161389516,262193282,1343673411,1605866693,3.9123334512495576,3.4283625765992563,0.21116140484809875,5,45,36,1.2222222
17,19,25576,00:35:17.0020000,59,239014,1216948,131135147,167875169,356569422,524444591,2518324512,3042769103,4.16270878165104,3.7769011843582088,0.24674363434314728,6,60,45,1.3111111
17,20,26735,01:16:01.2260000,74,414705,2277270,199806733,279487592,769107513,1048595105,4650806123,5699401228,4.627354529639399,5.932859563420756,0.33739641308784485,7,75,56,1.3214285
18,0,8551,00:00:00.0970000,2,3,12,1000,1001,0,1001,13458,14459,1.002,1.004007948127135,0,1,2,1,1
18,1,10174,00:00:00.1280000,1,2,17,1999,2001,0,2001,37622,39623,1,1,0,0,1,1,0
18,2,11605,00:00:00.1680000,1,4,31,4002,4009,0,4009,79908,83917,1,1,0,0,1,1,0
18,3,13090,00:00:00.2110000,3,17,82,7975,8010,0,8010,164311,172321,1.016050156739812,1.0326816566607082,0.009154270403087139,1,3,2,1
18,4,14599,00:00:00.2930000,9,25,150,15910,16001,0,16001,334257,350258,1.0940289126335638,1.1893352229462262,0.05332159996032715,2,9,7,1.1428572
18,5,15794,00:00:00.3870000,13,52,257,31785,32002,0,32002,607995,639997,1.1686015416076765,1.3639620393544354,0.08407746255397797,2,13,11,1.0909091
18,6,16883,00:00:00.5370000,17,91,473,63472,64034,0,64034,1111992,1176026,1.3130041593143433,1.730092199152951,0.15783610939979553,2,17,14,1.1428572
18,7,17831,00:00:00.7260000,20,161,850,126462,128058,0,128058,1979257,2107315,1.5238411538644019,2.4450633445471848,0.22174005210399628,2,20,16,1.1875
18,8,18659,00:00:01.0830000,23,312,1523,250984,256119,0,256119,3495604,3751723,1.797293851400886,3.679530056415239,0.23142634332180023,3,23,18,1.2222222
18,9,19352,00:00:01.6020000,27,607,2651,499820,512165,0,512165,6040152,6552317,2.0677763995038214,4.87888777087666,0.2541850507259369,3,27,21,1.2380953
18,10,19956,00:00:02.4420000,28,1207,4658,987825,1020471,4690,1025161,10460303,11485464,2.3009966340191834,5.16797314831351,0.27375417947769165,3,28,21,1.2857143
18,11,20524,00:00:03.7900000,33,2218,8319,1906081,1976271,72459,2048730,18602758,20651488,2.5005820843920064,4.80028308174056,0.27039116621017456,3,33,26,1.2307693
18,12,21080,00:00:06.2160000,34,4126,15066,3535543,3704151,395498,4099649,33610950,37710599,2.6658688637077814,4.259993760330133,0.2722604274749756,3,34,27,1.2222222
18,13,21656,00:00:10.9920000,37,7696,28146,6350060,6728812,1469828,8198640,61857548,70056188,2.814482540322454,3.881277813077854,0.27136296033859253,3,37,30,1.2
18,14,22273,00:00:23.8010000,42,13883,52739,11096836,11914203,4473205,16387408,115164081,131551489,2.9576108901672513,3.7582558926507588,0.26866447925567627,4,42,31,1.3225807
18,15,22954,00:01:05.6330000,44,25016,100160,18823199,20687917,12086545,32774462,216412044,249186506,3.1056809206554106,3.8992037052209585,0.27166372537612915,4,44,32,1.34375
18,16,23713,00:02:45.0610000,49,44667,189949,31341262,35388254,30186928,65575182,407330989,472906171,3.290868568087654,4.5743181417726175,0.28861311078071594,5,49,34,1.4117647
18,17,24558,00:06:18.2880000,57,79128,358501,51184948,59882884,71241318,131124202,761694495,892818697,3.5392420052863978,6.354622992595421,0.3157505691051483,5,57,40,1.4
18,18,25491,00:13:44.2840000,65,138018,668259,82487209,100718650,161582192,262300842,1406867001,1669167843,3.911920853086446,10.832640701261145,0.3777809739112854,6,66,44,1.4772727
18,19,26503,00:28:39.0200000,72,238496,1230708,132746751,169044165,355523793,524567958,2552132259,3076700217,4.440427954428806,19.736397772275385,0.433118999004364,6,73,53,1.3584906
18,20,27576,00:57:35.0500000,75,409988,2229724,213874936,283757479,764833236,1048590715,4523077061,5571667776,5.134545611272562,20.90852916972592,0.46400123834609985,6,76,51,1.4705882
1,0,12223,00:00:00.3290000,2,2,6,1007,1007,0,1007,17558,18565,1.0119165839126116,1.0241170825159467,0,1,2,1,1
1,1,13604,00:00:00.4180000,2,3,11,2006,2008,0,2008,36692,38700,1.0563310069790628,1.1189632442381112,0,1,2,1,1
1,2,14884,00:00:00.5460000,4,7,21,4007,4011,0,4011,72022,76033,1.0935862241078114,1.2053696736511157,0.01746419444680214,1,4,3,1
1,3,16242,00:00:00.6850000,4,11,55,7997,8016,0,8016,148531,156547,1.1996998874577967,1.4738470337645448,0.023348908871412277,1,4,3,1
1,4,17331,00:00:00.9230000,7,21,96,15987,16039,0,16039,275232,291271,1.324388565709639,1.8286856549792165,0.064970463514328,1,7,6,1
1,5,18320,00:00:01.1350000,8,49,218,31820,32021,0,32021,502854,534875,1.4668761785040856,2.1277699499332527,0.09429027140140533,1,8,7,1
1,6,19210,00:00:01.4470000,11,86,384,63282,64035,0,64035,909209,973244,1.5807022534053918,2.1563796023363864,0.10822860896587372,2,11,8,1.25
1,7,20034,00:00:01.7690000,13,165,730,125868,128029,0,128029,1666444,1794473,1.6861791718308068,2.0176567668662417,0.11837649345397949,2,13,10,1.2
1,8,20802,00:00:02.2100000,17,317,1372,250486,256162,0,256162,3084219,3340381,1.778043483468138,1.8461779351054526,0.1263686567544937,2,17,14,1.1428572
1,9,21551,00:00:03.0200000,22,636,2563,498031,512273,0,512273,5834569,6346842,1.8674419865430063,1.7175411575441641,0.1429372876882553,2,22,17,1.2352941
1,10,22254,00:00:04.6150000,24,1254,4897,978478,1019561,5095,1024656,11015446,12040102,1.9385157356629377,1.633914661699366,0.15253478288650513,2,24,19,1.2105263
1,11,22941,00:00:07.7990000,33,2351,9185,1873546,1973078,76293,2049371,20889675,22939046,2.0236861011152114,1.6707529265722647,0.16485269367694855,3,33,25,1.28
1,12,23637,00:00:14.3680000,40,4461,17446,3450224,3685572,412382,4097954,39697959,43795913,2.1304193582793465,1.805198922401403,0.17705558240413666,3,40,31,1.2580645
1,13,24354,00:00:32.6390000,47,8199,32998,6146474,6679471,1516377,8195848,74808989,83004837,2.3036880982495003,2.166064921856117,0.19458329677581787,3,47,35,1.3142858
1,14,25088,00:01:11.2850000,51,14847,61662,10637925,11829464,4560468,16389932,138033741,154423673,2.5849736673270396,2.9911753473565894,0.23430316150188446,3,51,39,1.2820513
1,15,25826,00:02:23.4910000,57,26121,111721,18206651,20633897,12143904,32777801,247304010,280081811,3.033702134456249,4.750834211551885,0.2553948163986206,3,57,44,1.2727273
1,16,26560,00:04:34.2170000,58,44899,198116,30935067,35613770,29926607,65540377,431000349,496540726,3.6044437531038804,5.80677904386926,0.2311825007200241,4,58,43,1.3255814
1,17,27306,00:08:31.6770000,54,77671,349371,52259752,60867537,70270989,131138526,742899863,874038389,4.167189140124507,4.1816382155952745,0.2085760533809662,4,54,39,1.3589743
1,18,28099,00:16:04.4870000,51,134385,621867,87423318,102873135,159436166,262309301,1291361058,1553670359,4.61188850096035,2.927220159374457,0.22171078622341156,5,52,40,1.275
1,19,28980,00:31:14.9090000,54,232081,1125887,143462268,171874665,352441297,524315962,2289342366,2813658328,4.911417411859124,2.5301534348814476,0.19481317698955536,5,55,44,1.2272727
1,20,29986,01:03:25.6830000,61,401497,2076413,226851187,285269460,763506425,1048775885,4143439351,5192215236,5.177198186756677,2.7575279652903144,0.17865827679634094,5,62,49,1.244898
19,0,7379,00:00:00.0890000,3,3,7,1004,1004,0,1004,17487,18491,1.24601593625498,1.610727904984183,0.09147213399410248,1,3,2,1
19,1,8525,00:00:00.1200000,3,3,14,2003,2003,0,2003,33589,35592,1.3574638042935596,1.9375890736658326,0.17538614571094513,1,3,2,1
19,2,9313,00:00:00.1310000,6,8,22,4001,4004,0,4004,56180,60184,1.4786303424143965,2.2503600381536564,0.17925748229026794,2,6,4,1.25
19,3,10235,00:00:00.1640000,7,12,41,7991,8006,0,8006,108981,116987,1.5606307095482417,2.3980527055975327,0.18014706671237946,2,7,4,1.5
19,4,10972,00:00:00.1830000,9,18,72,16010,16040,0,16040,193098,209138,1.6841349156777015,2.4914668065139294,0.1523599624633789,2,9,6,1.3333334
19,5,11855,00:00:00.2230000,10,44,165,31830,32043,0,32043,395358,427401,1.8430725730442978,2.4170208364405292,0.20480574667453766,2,10,7,1.2857143
19,6,12531,00:00:00.2780000,12,79,307,63431,64044,0,64044,706336,770380,1.9660260755781873,2.431490243979682,0.17613118886947632,2,12,9,1.2222222
19,7,13194,00:00:00.3710000,15,143,588,126258,128076,0,128076,1317800,1445876,2.077903974401622,2.484207876693632,0.1787835955619812,2,15,12,1.1666666
19,8,13805,00:00:00.5700000,18,297,1119,251736,256321,0,256321,2445872,2702193,2.1985095496869738,2.650660233404043,0.18223968148231506,3,18,14,1.2142857
19,9,14396,00:00:00.9320000,22,577,2083,499998,512200,0,512200,4620390,5132590,2.311067244268977,2.837538907463999,0.2199717015028,3,22,18,1.1666666
19,10,14951,00:00:01.5770000,25,1134,3951,988754,1019898,4628,1024526,8693457,9717983,2.4192519069455094,3.0375474133634874,0.2225780487060547,3,25,20,1.2
19,11,15496,00:00:02.7440000,28,2153,7478,1899816,1977038,72120,2049158,16524376,18573534,2.5317046492923527,3.1982020242199156,0.2271312028169632,3,28,23,1.173913
19,12,16049,00:00:05.0880000,33,4149,14352,3524418,3702614,395543,4098157,31475699,35573856,2.642187731421188,3.3075815635460417,0.23708176612854004,3,33,24,1.3333334
19,13,16634,00:00:09.6260000,40,7774,27480,6343292,6725420,1474692,8200112,60183222,68383334,2.762133605074463,3.3841726268120436,0.2440091073513031,4,40,29,1.3448275
19,14,17267,00:00:20.7460000,45,14045,52506,11056463,11905546,4493911,16399457,114901784,131301241,2.885750081196853,3.459194144998392,0.2512863278388977,4,45,34,1.2941177
19,15,17964,00:01:04.2370000,52,25490,100690,18789273,20649359,12123493,32772852,218595975,251368827,3.024810326615617,3.6619649938832777,0.25910985469818115,4,52,41,1.2439024
19,16,18745,00:02:50.1050000,56,45436,192307,31036765,35300026,30272368,65572394,415044992,480617386,3.1874572301591355,4.134919117805005,0.27113622426986694,5,56,43,1.2790698
19,17,19619,00:06:37.8750000,66,79326,364394,50265196,59641965,71458476,131100441,781691954,912792395,3.399838488643315,5.353684826010977,0.28855812549591064,5,67,50,1.32
19,18,20594,00:14:38.2050000,86,139534,685905,80552866,100078715,162069433,262148148,1456199398,1718347546,3.70290679663713,8.36506647419801,0.30147585272789,5,87,66,1.3030303
19,19,21664,00:31:05.2000000,92,241985,1275192,125576769,167580148,356974663,524554811,2667281069,3191835880,4.165661771406143,13.539963906170291,0.3156035840511322,6,93,65,1.4153847
19,20,22805,01:03:01.7220000,80,414901,2321716,194397159,281064455,767841971,1048906426,4763229901,5812136327,4.87755508299378,14.790662367257317,0.3122226893901825,6,81,56,1.4285715
20,0,6471,00:00:00.1820000,3,4,9,1000,1001,0,1001,16881,17882,1.019,1.0389113739598828,0,1,3,2,1
20,1,7565,00:00:00.2870000,2,4,19,2005,2008,0,2008,33035,35043,1.0214463840399002,1.0438118281759303,0,1,2,1,1
20,2,8875,00:00:00.3970000,3,7,39,3999,4004,0,4004,70007,74011,1.0722680670167541,1.155627258826393,0.022336121648550034,1,3,2,1
20,3,10107,00:00:00.5450000,5,9,66,8006,8012,0,8012,139493,147505,1.0969273045216088,1.2176309680436654,0.05255013331770897,1,5,4,1
20,4,11252,00:00:00.6920000,6,22,125,15955,16001,0,16001,269605,285606,1.2335318082105924,1.6112719285338848,0.10942353308200836,1,6,5,1
20,5,12286,00:00:00.9320000,10,40,210,31845,32007,0,32007,505491,537498,1.3556916313392997,2.0270583314915536,0.1335715353488922,2,10,8,1.125
20,6,13177,00:00:01.3010000,12,74,366,63562,64001,0,64001,915933,979934,1.4857304678896195,2.4244048781023504,0.18223461508750916,2,12,10,1.1
20,7,14029,00:00:01.7280000,14,139,691,126885,128114,0,128114,1702648,1830762,1.594546242660677,2.64660408498647,0.19985389709472656,2,14,12,1.0833334
20,8,14840,00:00:02.1500000,17,288,1343,251617,256107,0,256107,3187127,3443234,1.7108104778293995,2.740598287190177,0.22352805733680725,2,17,15,1.0666667
20,9,15602,00:00:02.9890000,20,597,2588,498171,512053,0,512053,5988026,6500079,1.8223923110739084,2.684698249743219,0.24298404157161713,2,20,18,1.0555556
20,10,16317,00:00:04.5650000,24,1217,4884,982652,1019431,5176,1024607,11246871,12271478,1.9206209319270708,2.651690455171889,0.25320249795913696,2,24,21,1.0952381
20,11,17009,00:00:07.8040000,27,2360,9320,1875978,1972443,76548,2048991,21189204,23238195,2.015720333607324,2.724072436866045,0.2634757161140442,2,27,22,1.1818181
20,12,17705,00:00:14.3050000,38,4385,17531,3477554,3686174,413012,4099186,39991717,44090903,2.124203391234184,2.9662997439793966,0.2634747624397278,3,38,32,1.15625
20,13,18434,00:00:32.9780000,46,8187,33489,6203963,6673181,1522960,8196141,75727434,83923575,2.2416650453911475,3.45345137986969,0.26608654856681824,3,46,39,1.1538461
20,14,19210,00:01:14.8810000,50,14920,63647,10653330,11785494,4602688,16388182,142740469,159128651,2.3771806561891915,4.301928906468416,0.27885115146636963,3,50,42,1.1666666
20,15,20050,00:02:42.3090000,62,26710,120013,17984154,20424499,12357773,32782272,267602017,300384289,2.5544063957637375,6.027305686938731,0.29562926292419434,4,62,45,1.3555555
20,16,20965,00:05:43.6480000,71,47286,225265,29434439,34887126,30673260,65560386,497613654,563174040,2.7636758084636845,8.996878789348152,0.32129397988319397,4,71,53,1.3207548
20,17,21960,00:11:56.0720000,85,82851,418526,47347230,59026697,72133399,131160096,914622144,1045782240,3.05767378577374,14.199260316689609,0.3547389805316925,4,85,57,1.4736842
20,18,23027,00:24:20.3670000,97,143732,765073,74784449,99330786,162960913,262291699,1652232008,1914523707,3.484349493569178,22.413968849885467,0.39150750637054443,5,98,67,1.4477612
20,19,24135,00:47:48.8580000,109,245475,1371175,120131069,167300459,357068660,524369119,2903362683,3427731802,4.204669268363873,24.930600273471807,0.38329923152923584,5,110,75,1.4533334
20,20,25253,01:30:18.9200000,100,417499,2400282,201436441,282878484,765893008,1048771492,4953047972,6001819464,5.181417576773013,13.422455847148422,0.29698747396469116,6,101,64,1.5625
21,0,10510,00:00:00.1100000,1,1,8,1002,1002,0,1002,25285,26287,1,1,0,0,1,1,0
21,1,11804,00:00:00.1330000,2,2,15,2006,2006,0,2006,43058,45064,1.006480558325025,1.01304513797967,0,1,2,1,1
21,2,13298,00:00:00.1720000,3,6,30,4003,4007,0,4007,84575,88582,1.0079940044966276,1.0161424598826634,0,1,3,2,1
21,3,14898,00:00:00.2230000,4,18,80,7950,8001,0,8001,178006,186007,1.0161006289308177,1.032831668381143,0.010434523224830627,1,4,3,1
21,4,16244,00:00:00.2820000,9,22,142,15933,16003,0,16003,331575,347578,1.0606916462687503,1.1320843214435505,0.045122094452381134,1,9,8,1
21,5,17513,00:00:00.3870000,11,43,273,31801,32020,0,32020,622468,654488,1.1188327411087702,1.2816043252056408,0.08605968952178955,1,11,10,1
21,6,18734,00:00:00.5520000,17,104,520,63395,64112,0,64112,1185807,1249919,1.2094171464626549,1.5563048055506703,0.1332404613494873,2,17,15,1.0666667
21,7,19816,00:00:00.8410000,26,209,948,125483,128036,0,128036,2181803,2309839,1.3480391766215345,2.10667137280234,0.20388931035995483,3,26,23,1.0869565
21,8,20756,00:00:01.2770000,33,346,1685,249557,256098,0,256098,3908935,4165033,1.5159021786605866,3.0248666098432206,0.2700602412223816,3,33,28,1.1428572
21,9,21579,00:00:01.9860000,39,670,2989,495134,512152,0,512152,6922417,7434569,1.7129564925858454,4.484335442446679,0.3219863176345825,3,39,33,1.1515151
21,10,22301,00:00:03.0690000,44,1255,5317,977428,1019669,4854,1024523,12197919,13222442,1.9414555343206865,6.527029811455141,0.3596389889717102,3,44,35,1.2285714
21,11,22963,00:00:04.8370000,47,2342,9427,1876534,1974722,75048,2049770,21669125,23718895,2.205739411063162,8.780044577086795,0.3783527910709381,4,47,36,1.2777778
21,12,23579,00:00:07.7730000,55,4315,16733,3499095,3695727,401132,4096859,38261183,42358042,2.4998863991975067,9.69799251250951,0.35928890109062195,4,55,44,1.2272727
21,13,24178,00:00:13.1820000,51,7746,30124,6272755,6726201,1473525,8199726,67539221,75738947,2.8048399786058917,7.89877226478284,0.33977603912353516,4,51,40,1.25
21,14,24782,00:00:26.4800000,51,13803,54294,11006216,11942001,4445705,16387706,119599572,135987278,3.1139894946637425,5.487096500395631,0.30341997742652893,5,51,39,1.2820513
21,15,25414,00:01:05.1710000,53,24777,98731,19012459,20820500,11953378,32773878,213395969,246169847,3.420645325257506,3.8543421176790598,0.26426467299461365,5,53,40,1.3
21,16,26097,00:02:30.1470000,49,43375,180425,32089596,35724836,29811358,65536194,384982453,450518647,3.710827864582652,2.97125174133195,0.17564846575260162,5,49,36,1.3333334
21,17,26851,00:05:28.1710000,48,76709,333225,53374576,60614587,70496749,131111336,701180170,832291506,3.9802075430069928,2.696057916469224,0.13805760443210602,5,48,36,1.3055556
21,18,27690,00:11:35.7230000,51,133713,617813,87731735,101935306,160233169,262168475,1281635760,1543804235,4.309216966927646,3.051893601054132,0.14141440391540527,6,52,43,1.1860465
21,19,28624,00:24:16.4110000,49,232640,1146183,141490695,170802138,353759145,524561283,2339329232,2863890515,4.72636638755644,4.402676159575654,0.12878794968128204,6,50,41,1.195122
21,20,29643,00:49:52.4610000,53,401533,2106389,226860167,285634636,763116732,1048751368,4213722899,5262474267,5.266852699619145,6.717172783509849,0.21734118461608887,6,54,43,1.2325581
22,0,18090,00:00:00.2850000,1,1,6,1004,1004,0,1004,23717,24721,1,1,0,0,1,1,0
22,1,19554,00:00:00.3290000,1,1,15,2009,2009,0,2009,45081,47090,1,1,0,0,1,1,0
22,2,20866,00:00:00.3880000,3,5,34,4004,4006,0,4006,82249,86255,1.0092407592407593,1.0186729578614577,0,1,3,2,1
22,3,22396,00:00:00.4660000,4,9,72,7989,8004,0,8004,173227,181231,1.0115158342721242,1.0233532789569524,0.007275834679603577,1,4,3,1
22,4,23846,00:00:00.5820000,5,18,153,15973,16020,0,16020,340149,356169,1.0385024729230576,1.0807297747529523,0.02329585701227188,1,5,4,1
22,5,25051,00:00:00.7290000,7,39,255,31811,32009,0,32009,617633,649642,1.0562384080978278,1.1208452907901607,0.0351671427488327,1,7,6,1
22,6,26345,00:00:01.0390000,11,89,516,63422,64015,0,64015,1211225,1275240,1.1104348648733877,1.2504674053688913,0.0671597421169281,2,11,9,1.1111112
22,7,27520,00:00:01.3820000,18,193,1027,126418,128070,0,128070,2289546,2417616,1.224216488158332,1.5217955613200649,0.10640508681535721,3,18,14,1.2142857
22,8,28535,00:00:01.9130000,22,357,1872,250495,256276,0,256276,4147719,4403995,1.4201201620790833,2.0826229872106867,0.1598503440618515,3,22,17,1.2352941
22,9,29391,00:00:02.7450000,28,673,3221,496393,512204,0,512204,7269699,7781903,1.7466966697757624,3.210419539323082,0.20028819143772125,3,28,23,1.173913
22,10,30075,00:00:03.7910000,32,1247,5430,981006,1019207,4961,1024168,12269490,13293658,2.1593089135030774,4.682149667614754,0.21187010407447815,4,32,26,1.1923077
22,11,30643,00:00:05.3730000,31,2285,9109,1888139,1976788,71560,2048348,20367878,22416226,2.600999714533729,4.843719869462114,0.2138681262731552,4,31,24,1.25
22,12,31157,00:00:07.7810000,32,4117,15474,3534569,3713297,384920,4098217,34178617,38276834,2.997504363332559,3.6874492983100917,0.14656245708465576,4,32,25,1.24
22,13,31653,00:00:13.7440000,30,7425,26905,6399446,6772699,1423930,8196629,58433779,66630408,3.3243001034777073,2.6666376334528636,0.12364232540130615,4,30,23,1.2608696
22,14,32165,00:00:28.2620000,27,13251,47872,11275374,12051118,4338921,16390039,102616023,119006062,3.585747310909598,2.0589611105531143,0.1057349443435669,4,27,20,1.3
22,15,32720,00:01:03.2030000,27,23601,87807,19458291,21004117,11765982,32770099,185128879,217898978,3.791988052804843,1.7544271701310337,0.09089731425046921,4,27,20,1.3
22,16,33344,00:02:18.0180000,33,42307,163733,33064616,36018980,29571427,65590407,342180032,407770439,3.9496168351085643,1.6528983185527002,0.07283580303192139,4,33,26,1.2307693
22,17,34060,00:04:59.7980000,34,75663,310532,54476115,60865216,70286371,131151587,643035781,774187368,4.079356686870934,1.6813554013087422,0.0633779987692833,4,34,27,1.2222222
22,18,34891,00:11:00.8710000,36,133179,593216,87560736,101835898,160404116,262240014,1219116750,1481356764,4.221426359412968,1.9019952564316773,0.07134432345628738,4,36,31,1.1290323
22,19,35863,00:24:26.8330000,49,235837,1140658,137658649,169221023,355315029,524536052,2322520250,2847056302,4.3823913236283465,2.527247916281006,0.09227801859378815,4,49,42,1.1428572
22,20,36983,00:53:48.8960000,63,409689,2174594,206720203,280040342,768634326,1048674668,4386304220,5434978888,4.612597797226428,3.9717215033417688,0.12658338248729706,4,64,56,1.125
23,0,6631,00:00:00.1610000,1,1,6,1003,1003,0,1003,18031,19034,1,1,0,0,1,1,0
23,1,7927,00:00:00.2170000,3,5,15,2000,2002,0,2002,36909,38911,1.008,1.0161481510251458,0,1,3,2,1
23,2,9441,00:00:00.3530000,2,7,34,3996,4006,0,4006,81479,85485,1.0167667667667668,1.0340954972456717,0,1,2,1,1
23,3,10706,00:00:00.4380000,5,10,60,7986,8003,0,8003,155870,163873,1.0463310793889307,1.0980931775259377,0.029145242646336555,1,5,4,1
23,4,12026,00:00:00.5970000,7,19,128,16005,16026,0,16026,308619,324645,1.070602936582318,1.154619522575851,0.04254559427499771,1,7,6,1
23,5,13217,00:00:00.8410000,9,38,244,31866,32006,0,32006,579617,611623,1.108893491495638,1.251103125918301,0.061304666101932526,1,9,8,1
23,6,14418,00:00:01.2740000,10,95,480,63318,64040,0,64040,1130390,1194430,1.1995009318045422,1.5213426096045481,0.11457180231809616,1,10,9,1
23,7,15467,00:00:01.6120000,14,164,843,125625,128012,0,128012,2093267,2221279,1.3144915422885572,1.95300653617633,0.17872805893421173,2,14,11,1.1818181
23,8,16415,00:00:02.1890000,20,333,1568,249151,256104,0,256104,3835771,4091875,1.4427234889685372,2.5766035598782837,0.22876958549022675,2,20,17,1.117647
23,9,17292,00:00:03.2660000,29,664,2950,496120,512428,0,512428,7055632,7568060,1.5886680641780215,3.3746450894334785,0.27465754747390747,2,29,25,1.12
23,10,18099,00:00:05.3460000,32,1313,5522,973535,1018769,5303,1024072,12965743,13989815,1.723190229421644,4.047026490398698,0.31698429584503174,2,32,28,1.1071428
23,11,18864,00:00:09.1640000,38,2416,10361,1860881,1971511,78020,2049531,23941891,25991422,1.8578759200615191,4.633633983823675,0.34464263916015625,2,38,32,1.15625
23,12,19612,00:00:16.2560000,47,4475,19356,3428743,3681484,417338,4098822,44126196,48225018,1.9956024700597275,5.201601966505079,0.3634583055973053,2,47,40,1.15
23,13,20380,00:00:31.2860000,52,8340,35923,6076427,6662596,1531030,8193626,81741296,89934922,2.14071163859946,5.9779118621901635,0.3856838047504425,3,52,42,1.2142857
23,14,21187,00:01:09.8880000,60,15061,67172,10462512,11765838,4619134,16384972,151408451,167793423,2.30710349483948,7.37260694219441,0.39105185866355896,4,60,44,1.3409091
23,15,22048,00:02:35.1020000,67,26740,124669,17569440,20403094,12372219,32775313,279245330,312020643,2.51665687694087,9.977885417614596,0.4259623885154724,4,67,47,1.4042553
23,16,22972,00:05:33.7260000,81,47684,230970,29190839,34885729,30688163,65573892,511354300,576928192,2.7816760593965797,15.10599924665481,0.43826615810394287,4,81,57,1.4035088
23,17,23957,00:11:32.7030000,91,83312,422389,47647515,59108204,72018756,131126960,923771834,1054898794,3.155278528166684,23.53858777916609,0.4637967050075531,5,91,63,1.4285715
23,18,24990,00:23:03.8880000,99,143577,760168,77821829,99775769,162490283,262266052,1636944286,1899210338,3.6923478758125823,28.11150770497285,0.4586164057254791,5,99,66,1.4848485
23,19,26054,00:44:24.7810000,102,245470,1346498,128117857,168150492,356248925,524399417,2838796400,3363195817,4.357584797878722,18.617145140942757,0.4024616777896881,5,103,70,1.4571428
23,20,27161,01:24:33.1780000,97,415773,2370037,211596875,282195162,766473159,1048668321,4872214730,5920883051,5.046973930971334,13.056982620464993,0.3007925748825073,6,98,66,1.469697
24,0,5988,00:00:00.0750000,2,2,11,1003,1003,0,1003,20122,21125,1.0169491525423728,1.0344725621562643,0,1,2,1,1
24,1,6965,00:00:00.0990000,3,5,20,2002,2004,0,2004,34394,36398,1.0114885114885115,1.0232806029297397,0,1,3,2,1
24,2,8363,00:00:00.1500000,3,4,32,4001,4002,0,4002,73518,77520,1.0232441889527617,1.0478585134540923,0.02120126411318779,1,3,2,1
24,3,9736,00:00:00.1830000,4,11,62,7985,8004,0,8004,151916,159920,1.0313087038196618,1.0651047817602752,0.01975715532898903,1,4,3,1
24,4,10965,00:00:00.2330000,6,23,117,15932,16006,0,16006,291985,307991,1.0463218679387396,1.0988106301151572,0.04049473628401756,1,6,5,1
24,5,12178,00:00:00.3110000,7,41,230,31767,32019,0,32019,574845,606864,1.0951616457329933,1.2176508301648108,0.07455527782440186,1,7,6,1
24,6,13374,00:00:00.4530000,10,88,448,63423,64040,0,64040,1122117,1186157,1.1837661416205478,1.4558659805676737,0.13036717474460602,2,10,8,1.125
24,7,14485,00:00:00.7040000,13,166,897,126323,128053,0,128053,2144368,2272421,1.324651884454929,1.9577911150624774,0.20116709172725677,2,13,11,1.0909091
24,8,15437,00:00:01.1420000,17,353,1660,250931,256128,0,256128,3888813,4144941,1.485986187437981,2.7358466773993877,0.2762172818183899,2,17,13,1.2307693
24,9,16310,00:00:01.8590000,20,662,3033,497136,512187,0,512187,7081473,7593660,1.6871701103923273,3.975059658307006,0.3548099100589752,3,20,14,1.3571428
24,10,17053,00:00:03.0430000,25,1250,5489,981912,1019450,5152,1024602,12522616,13547218,1.896985676924205,5.24625763353445,0.4141252636909485,3,25,18,1.3333334
24,11,17739,00:00:04.9960000,28,2438,9892,1882455,1972310,75867,2048177,22356754,24404931,2.1036593172213944,5.802120461406508,0.4466206133365631,3,28,21,1.2857143
24,12,18395,00:00:08.3530000,30,4377,17606,3481497,3691811,407430,4099241,40043962,44143203,2.3048642581050625,5.424303731208924,0.4531397223472595,3,30,23,1.2608696
24,13,19053,00:00:15.4320000,35,8069,32034,6252113,6698390,1494822,8193212,72232474,80425686,2.5172105814466246,4.690453154853338,0.43232783675193787,4,35,26,1.3076923
24,14,19739,00:00:38.8190000,37,14594,58945,10885591,11865438,4533066,16398504,131449314,147847818,2.7337811975482085,4.07950231483395,0.2740960717201233,5,37,26,1.3846154
24,15,20467,00:01:32.4180000,37,25857,108573,18465124,20619481,12172553,32792034,239628140,272420174,2.96985576701245,3.823900477670215,0.2528606355190277,5,37,26,1.3846154
24,16,21250,00:03:22.4270000,40,45463,199844,30800554,35333270,30218994,65552264,436258080,501810344,3.2567984004443558,4.1322919834923635,0.335875004529953,5,40,27,1.4444444
24,17,22089,00:07:02.8810000,49,79275,365872,51035395,60043130,71067140,131110270,787446229,918556499,3.660514217632684,5.4416005147558,0.28555604815483093,5,49,36,1.3333334
24,18,22970,00:14:04.2260000,55,137269,661520,84288919,101678405,160502199,262180604,1395256185,1657436789,4.263086515559655,7.4936800531553125,0.24093887209892273,6,56,41,1.3414634
24,19,23882,00:27:04.6320000,47,234891,1178906,138911368,172011361,352542174,524553535,2425053445,2949606980,4.999292203356603,5.990967616990581,0.2017035186290741,5,48,35,1.3428571
24,20,24841,00:51:29.1240000,51,400759,2094679,232590007,289208335,760020750,1049229085,4188863955,5238093040,5.646860335663518,4.035825770660073,0.16609525680541992,6,52,40,1.275
25,0,7453,00:00:00.0790000,2,2,3,1003,1003,0,1003,11311,12314,1.724825523429711,1.6636360879175622,0,1,2,1,1
25,1,8242,00:00:00.0950000,2,3,6,2007,2008,0,2008,22499,24507,1.8016940707523668,1.4661925342354867,0,1,2,1,1
25,2,8870,00:00:00.1190000,2,5,11,4010,4014,0,4014,41099,45113,1.8698254364089775,1.292755157582514,0,1,2,1,1
25,3,9467,00:00:00.1270000,3,7,21,7997,8007,0,8007,75830,83837,1.897086407402776,1.2360454952071525,0,2,3,1,2
25,4,10141,00:00:00.1430000,5,19,61,15960,16007,0,16007,153926,169933,1.9406015037593984,1.1712046942055656,0.006379192229360342,2,5,3,1.3333334
25,5,10870,00:00:00.1830000,7,26,120,31929,32040,0,32040,321858,353898,1.9699959284662845,1.141166633729122,0.016262559220194817,2,7,5,1.2
25,6,11538,00:00:00.2340000,8,72,261,63671,64089,0,64089,629424,693513,1.9969059697507499,1.1451422078613285,0.027739375829696655,2,8,6,1.1666666
25,7,12192,00:00:00.3330000,10,150,521,126617,128079,0,128079,1231430,1359509,2.0243490210635224,1.1503151910832496,0.03831540048122406,2,10,8,1.125
25,8,12854,00:00:00.5690000,14,296,1065,252177,256142,0,256142,2449659,2705801,2.05259797681787,1.1995135521924636,0.05427469685673714,2,14,12,1.0833334
25,9,13503,00:00:00.9670000,17,585,2187,502158,512402,0,512402,4848281,5360683,2.0935223575050084,1.2818407447070193,0.0795150101184845,3,17,14,1.1428572
25,10,14132,00:00:01.7160000,20,1126,4216,991809,1019167,4964,1024131,9478744,10502875,2.143192892986452,1.4052144631414714,0.11022768169641495,3,20,17,1.117647
25,11,14763,00:00:03.1750000,24,2205,8234,1906942,1973982,75199,2049181,18550640,20599821,2.205004137514408,1.588416758474297,0.14735198020935059,3,24,20,1.15
25,12,15408,00:00:06.0590000,30,4327,16136,3532772,3690529,408503,4099032,35985345,40084377,2.2872064769535085,1.8860895655510566,0.2032911479473114,3,30,24,1.2083334
25,13,16087,00:00:12.0170000,35,7842,30992,6311140,6684043,1508178,8192221,69275394,77467615,2.389484784048524,2.375777602593613,0.26093265414237976,3,35,29,1.1724138
25,14,16820,00:00:32.1720000,36,14535,59783,10896867,11819992,4572055,16392047,132566675,148958722,2.520813826579695,3.2093212922704626,0.33461272716522217,3,36,30,1.1666666
25,15,17613,00:01:36.1120000,43,26337,113682,18401988,20493226,12280151,32773377,250423206,283196583,2.698821779472957,4.774975438836118,0.40543243288993835,3,43,35,1.2
25,16,18477,00:03:44.0900000,55,46489,213969,30500837,35036949,30519226,65556175,467488666,533044841,2.9340882350212225,7.5783980178032575,0.47107866406440735,3,55,41,1.3170732
25,17,19418,00:08:13.2090000,60,81722,398092,49084433,59308075,71834451,131142526,861823313,992965839,3.217971327080421,11.193385028018257,0.49384310841560364,3,60,43,1.3720931
25,18,20439,00:17:16.8790000,72,141917,733313,78115323,99694628,162541746,262236374,1567939211,1830175585,3.5925182566293685,13.876971050981522,0.4709721505641937,4,72,51,1.3921568
25,19,21541,00:35:14.6290000,80,244938,1337750,121893630,166922543,357630399,524552942,2814970289,3339523231,4.0466947862656975,14.903047584546343,0.45208388566970825,5,80,54,1.462963
25,20,22721,01:09:51.7500000,95,419180,2414528,194526380,279329850,769382903,1048712753,4983862819,6032575572,4.715948047766067,18.125982330755388,0.4569590985774994,6,95,69,1.3623189
26,0,12874,00:00:00.1410000,2,2,11,1003,1003,0,1003,22850,23853,1.003988035892323,1.0080078627852767,0,1,2,1,1
26,1,14704,00:00:00.1710000,1,3,23,2004,2006,0,2006,51039,53045,1,1,0,0,1,1,0
26,2,15969,00:00:00.2050000,2,5,36,3998,4006,0,4006,86663,90669,1.001750875437719,1.0035079040884838,0,1,2,1,1
26,3,17529,00:00:00.2410000,5,13,76,7989,8017,0,8017,176617,184634,1.0222806358743273,1.0459266480370397,0.015234341844916344,1,5,4,1
26,4,18870,00:00:00.2990000,10,24,134,15957,16019,0,16019,325609,341628,1.0845397004449457,1.1912389756820116,0.07149234414100647,1,10,9,1
26,5,20107,00:00:00.3770000,15,52,256,31858,32034,0,32034,605215,637249,1.1639776508255384,1.4116624579470507,0.12916843593120575,2,15,12,1.1666666
26,6,21239,00:00:00.5030000,19,103,487,63136,64018,0,64018,1122323,1186341,1.2598200709579321,1.7488797893169061,0.18453001976013184,2,19,15,1.2
26,7,22285,00:00:00.7450000,26,188,882,126074,128129,0,128129,2076899,2205028,1.3995827847137396,2.4153312687207094,0.2584753930568695,2,26,21,1.1904762
26,8,23217,00:00:01.1490000,30,320,1580,250700,256011,0,256011,3790070,4046081,1.5617670522536897,3.5696347461859395,0.34251999855041504,2,30,24,1.2083334
26,9,24052,00:00:01.8450000,35,625,2958,497925,512619,0,512619,6852100,7364719,1.7319937741627756,5.32057600914485,0.40561893582344055,2,35,29,1.1724138
26,10,24787,00:00:02.9390000,37,1265,5307,978823,1019248,5067,1024315,12242337,13266652,1.9023316779438162,7.456815936271892,0.4682162404060364,3,37,29,1.2413793
26,11,25475,00:00:04.8220000,39,2355,9606,1875117,1972975,75920,2048895,22106732,24155627,2.0675840494219826,9.5540144300471,0.5049123764038086,3,39,31,1.2258065
26,12,26148,00:00:08.1990000,42,4374,17735,3464094,3687895,409223,4097118,40261614,44358732,2.2385997608609927,11.057693579823795,0.5176529884338379,3,42,34,1.2058823
26,13,26832,00:00:15.2150000,43,8027,32703,6165243,6688512,1506918,8195430,73761750,81957180,2.4080586929014802,11.453208512070356,0.5339699387550354,3,43,33,1.2727273
26,14,27549,00:00:37.5840000,48,14490,60332,10699103,11831464,4556406,16387870,135641449,152029319,2.5958024705435587,11.076949348230428,0.5466552376747131,3,48,38,1.2368422
26,15,28319,00:01:36.4350000,56,26206,112864,18189034,20535961,12249414,32785375,250071103,282856478,2.7998914070972654,10.581511338496517,0.5387095808982849,4,56,42,1.3095238
26,16,29157,00:03:43.6750000,64,46181,209909,30253168,35123257,30455823,65579080,460712022,526291102,3.0307771073759944,10.584150515425954,0.538049042224884,4,64,45,1.4
26,17,30076,00:08:08.7080000,70,81176,390655,49186528,59415164,71725753,131140917,846011863,977152780,3.295055568874469,11.645383662883008,0.5386451482772827,5,70,50,1.38
26,18,31085,00:17:09.2680000,80,140981,721259,78647943,99755812,162453284,262209096,1544083573,1806292669,3.6226607604982117,14.202590249715646,0.5314359664916992,4,81,59,1.3559322
26,19,32186,00:35:18.0750000,94,244411,1324063,124172121,166887842,357705132,524592974,2790307671,3314900645,4.049227990556753,17.60319963767978,0.5170348286628723,5,95,70,1.3428571
26,20,33375,01:11:46.2380000,99,419171,2406885,193740400,278765449,769919269,1048684718,4976799222,6025483940,4.6283590464353335,19.77617683280686,0.47093039751052856,5,100,76,1.3026316
27,0,7695,00:00:00.1000000,1,1,3,1001,1001,0,1001,14945,15946,1,1,0,0,1,1,0
27,1,9370,00:00:00.1360000,4,6,21,2003,2006,0,2006,38525,40531,1.017973040439341,1.0367444448200602,0,1,4,3,1
27,2,10737,00:00:00.2060000,8,12,42,4004,4010,0,4010,77254,81264,1.0926573426573427,1.2006234724596143,0.05525190010666847,2,8,6,1.1666666
27,3,12280,00:00:00.2580000,8,14,70,7990,8006,0,8006,164352,172358,1.2538172715894869,1.685640048782211,0.1629268378019333,2,8,5,1.4
27,4,13274,00:00:00.3080000,9,30,118,15920,16002,0,16002,278087,294089,1.426570351758794,2.324940341240615,0.2294045239686966,2,9,6,1.3333334
27,5,14212,00:00:00.4100000,11,48,203,31802,32049,0,32049,492787,524836,1.5806553046978178,2.9321021658815556,0.2597547173500061,2,11,8,1.25
27,6,15006,00:00:00.5020000,14,84,375,63512,64051,0,64051,856751,920802,1.7612577150774658,3.5382913878558773,0.295608252286911,2,14,11,1.1818181
27,7,15729,00:00:00.6570000,16,173,678,125963,128042,0,128042,1517485,1645527,1.9112596556131562,3.919316975657798,0.3317599594593048,3,16,11,1.3636364
27,8,16401,00:00:00.9820000,20,361,1253,250959,256129,0,256129,2746966,3003095,2.0699516654114816,4.335208332371623,0.3464675545692444,3,20,15,1.2666667
27,9,17018,00:00:01.4790000,22,589,2285,497162,512092,0,512092,5021719,5533811,2.213803548943805,4.584854674336957,0.3457860052585602,3,22,17,1.2352941
27,10,17597,00:00:02.3900000,28,1115,4144,985208,1020156,4707,1024863,9269604,10294467,2.3598133592094257,4.972221485453207,0.32597827911376953,4,28,21,1.2857143
27,11,18153,00:00:04.0010000,32,2203,7678,1895120,1977492,72382,2049874,17254318,19304192,2.4981579002912744,5.213827852588498,0.32025226950645447,4,32,24,1.2916666
27,12,18710,00:00:08.4940000,35,4071,14412,3508208,3702546,395831,4098377,32312543,36410920,2.6453043833204872,5.378749833147318,0.32710278034210205,4,35,25,1.36
27,13,19288,00:00:18.3000000,40,7676,27379,6308500,6730499,1468639,8199138,60632959,68832097,2.819856384243481,5.590989862608679,0.332780122756958,5,40,29,1.3448275
27,14,19895,00:00:42.5490000,43,13936,51902,11006121,11935515,4458868,16394383,113020831,129415214,3.027758917060788,5.9603651042684085,0.3168491721153259,5,43,31,1.3548387
27,15,20543,00:01:33.7150000,50,24674,96834,18869375,20783496,11991163,32774659,209242662,242017321,3.325917207114703,6.8252196980742745,0.2936640977859497,6,50,37,1.3243244
27,16,21226,00:03:12.7850000,57,43715,178753,31945832,35792875,29757289,65550164,380512735,446062899,3.7475430597644164,8.04532381576945,0.2630152106285095,6,57,45,1.2444445
27,17,21939,00:06:22.8080000,58,76007,324189,53747376,61180345,69947489,131127834,678662821,809790655,4.319084935420848,8.250433410207762,0.23348475992679596,6,59,46,1.2608696
27,18,22684,00:12:22.9530000,53,131014,581920,89988415,103997980,158269314,262267294,1193144853,1455412147,4.953623752568594,7.164388652760059,0.2151269018650055,7,54,41,1.2926829
27,19,23476,00:23:48.0610000,50,227220,1045501,150523689,175542704,349043374,524586078,2088564780,2613150858,5.542707194745938,6.5393393496486185,0.18475542962551117,7,51,39,1.2820513
27,20,24345,00:46:34.9450000,51,392136,1895864,248130687,294143872,754902564,1049046436,3689109433,4738155869,6.053955208692104,6.7321719080062215,0.18335166573524475,7,52,38,1.3421053
2,0,5277,00:00:00.0640000,3,3,8,1003,1003,0,1003,13262,14265,1.727816550348953,2.482078994428621,0,2,3,1,2
2,1,6134,00:00:00.0990000,7,8,18,2002,2004,0,2004,25346,27350,1.994005994005994,2.892115861132523,0.02971707656979561,3,7,4,1.5
2,2,6770,00:00:00.1180000,6,6,22,4011,4011,0,4011,42624,46635,2.1717776115681873,2.9048554323777696,0.02144058793783188,3,6,3,1.6666666
2,3,7356,00:00:00.1450000,6,12,37,8004,8017,0,8017,76008,84025,2.304472763618191,2.7751346478507153,0.023512335494160652,3,6,3,1.6666666
2,4,7927,00:00:00.1600000,8,21,69,15945,16015,0,16015,141769,157784,2.479084352461587,2.4796659223591098,0.01471513882279396,3,8,5,1.4
2,5,8444,00:00:00.1830000,11,35,116,31848,32017,0,32017,260707,292724,2.633006782215524,2.2448236279983584,0.018940841779112816,4,11,7,1.4285715
2,6,8924,00:00:00.2170000,11,62,208,63543,64109,0,64109,482429,546538,2.7541979446988654,2.110194011504376,0.019871801137924194,4,11,7,1.4285715
2,7,9388,00:00:00.2710000,14,130,386,127091,128145,0,128145,908087,1036232,2.871532996042206,2.0201032637221985,0.023568347096443176,4,14,9,1.4444444
2,8,9844,00:00:00.3840000,14,270,789,253470,256391,0,256391,1750199,2006590,2.975440880577583,1.9906466203858966,0.02923976629972458,4,14,9,1.4444444
2,9,10276,00:00:00.6140000,14,527,1531,504264,512637,0,512637,3343137,3855774,3.0683530848920406,2.012893984405355,0.034431155771017075,4,14,9,1.4444444
2,10,10697,00:00:01.0130000,17,982,2892,1000294,1020117,4051,1024168,6439347,7463515,3.1638658234479062,2.1267641629557277,0.043890997767448425,4,17,11,1.4545455
2,11,11113,00:00:01.7420000,17,1936,5678,1932742,1984170,66627,2050797,12422403,14473200,3.2628095213949924,2.310836322564946,0.05582457035779953,4,17,11,1.4545455
2,12,11541,00:00:03.0980000,17,3600,11060,3600990,3728759,373035,4101794,24003956,28105750,3.370984923590457,2.575971409004526,0.07137423753738403,4,17,11,1.4545455
2,13,11993,00:00:05.9010000,20,7000,21648,6509971,6791213,1405821,8197034,46188547,54385581,3.498394386088663,2.9861032535831913,0.08998643606901169,4,20,13,1.4615384
2,14,12486,00:00:18.9970000,20,12769,41867,11423748,12071805,4320266,16392071,88791205,105183276,3.6455303460825643,3.5223342559367095,0.29082784056663513,4,20,13,1.4615384
2,15,13031,00:00:39.0380000,25,23249,80859,19677527,21042955,11751026,32793981,169849703,202643684,3.8232199096969857,4.250470383423617,0.3371698260307312,4,25,15,1.6
2,16,13640,00:01:45.9530000,34,41912,155773,33431989,36125322,29479473,65604795,323065230,388670025,4.043842769869301,5.062186850427396,0.3718688488006592,4,34,23,1.4347826
2,17,14326,00:04:09.4800000,41,74500,296929,55778733,61234700,69894721,131129421,610893996,742023417,4.292318938115715,5.618702920749315,0.39946913719177246,4,41,28,1.4285715
2,18,15103,00:09:23.2880000,43,130894,564221,90904199,102935697,159293162,262228859,1149014513,1411243372,4.558271087125469,5.653879021884791,0.4076147973537445,5,43,29,1.4482758
2,19,15987,00:20:30.0500000,50,229054,1070332,146071076,171854567,352811332,524665899,2150792526,2675458425,4.859812171165221,5.704807027422852,0.43003222346305847,4,50,36,1.3611112
2,20,16991,00:44:25.7740000,62,400262,2019916,230899353,285426406,763160482,1048586888,4000780590,5049367478,5.199502715800161,6.6737824301707125,0.4208105206489563,4,62,45,1.3555555
29,0,15203,00:00:00.3150000,1,1,6,1004,1004,0,1004,25051,26055,1,1,0,0,1,1,0
29,1,16716,00:00:00.3620000,5,6,24,2000,2002,0,2002,46882,48884,1.0455,1.0967196663911618,0.03697101026773453,1,5,4,1
29,2,18520,00:00:00.4310000,6,10,47,4000,4006,0,4006,98791,102797,1.1195,1.2801455761462004,0.0844605341553688,1,6,5,1
29,3,19664,00:00:00.4700000,7,13,76,7990,8005,0,8005,162778,170783,1.2423028785982477,1.6628799429316081,0.1480862945318222,1,7,6,1
29,4,20516,00:00:00.5120000,13,29,121,15941,16014,0,16014,260260,276274,1.3787089893984066,2.178085276089854,0.18975599110126495,2,13,10,1.2
29,5,21446,00:00:00.5820000,18,56,211,31737,32008,0,32008,472152,504160,1.5287519299240635,2.807286630784837,0.23885700106620789,2,18,15,1.1333333
29,6,22334,00:00:00.7010000,19,103,395,63319,64034,0,64034,880847,944881,1.6362703138078618,3.2085510765934204,0.2889283001422882,2,19,16,1.125
29,7,23150,00:00:00.8590000,23,181,731,126333,128009,0,128009,1632815,1760824,1.774983575154552,3.534789495361427,0.32871514558792114,2,23,20,1.1
29,8,23898,00:00:01.1600000,24,345,1360,250934,256008,0,256008,3013793,3269801,1.8942112268564641,3.7239452451666,0.36957183480262756,2,24,21,1.0952381
29,9,24596,00:00:01.6830000,27,647,2511,497526,512069,0,512069,5586509,6098578,1.9998351844928708,3.9538367397680756,0.38541650772094727,2,27,24,1.0833334
29,10,25243,00:00:02.5600000,32,1217,4587,982842,1019780,4805,1024585,10342349,11366934,2.1086492030255117,4.306647179542312,0.4094397723674774,3,32,28,1.1071428
29,11,25875,00:00:04.1510000,36,2264,8641,1880935,1975199,75007,2050206,19436935,21487141,2.208717472958927,4.797215361198177,0.41101622581481934,3,36,31,1.1290323
29,12,26510,00:00:07.2550000,39,4337,16302,3462452,3691657,405617,4097274,36603120,40700394,2.3205191003369867,5.553407291499671,0.43327149748802185,3,39,32,1.1875
29,13,27174,00:00:21.2390000,46,8113,31190,6172402,6692776,1502280,8195056,69156465,77351521,2.442233347730754,6.729073123763109,0.442304402589798,3,46,33,1.3636364
29,14,27882,00:00:41.8160000,58,14673,59014,10717155,11832785,4552221,16385006,130297449,146682455,2.5922103394044407,8.44964912601812,0.4461580216884613,3,58,43,1.3255814
29,15,28652,00:01:33.6090000,72,26362,111650,18182912,20539593,12256471,32796064,244779126,277575190,2.77019637998578,10.746427337033264,0.43468227982521057,4,72,52,1.3653846
29,16,29493,00:03:35.3430000,84,46681,209680,29994091,35111693,30451497,65563190,456140946,521704136,2.987396084115368,13.652871290153772,0.43709832429885864,4,84,61,1.3606558
29,17,30412,00:07:51.7500000,93,81341,389807,48369467,59417347,71658080,131075427,841132083,972207510,3.2908542903728915,18.10790840152694,0.46943965554237366,5,93,67,1.3731344
29,18,31406,00:16:26.5400000,114,140905,715899,78635408,100029153,162201974,262231127,1528078330,1790309457,3.7245809546762954,27.108109941834925,0.4894445240497589,5,115,83,1.373494
29,19,32468,00:33:05.4100000,116,243190,1301620,125815175,167889567,356587286,524476853,2729302846,3253779699,4.2748650868227935,34.9442792041079,0.5737447738647461,6,117,79,1.4683545
29,20,33603,01:05:23.1050000,114,416237,2346421,201480553,280758828,768182109,1048940937,4816084942,5865025879,4.847085862425641,31.74986061318739,0.56304931640625,5,115,75,1.52
30,0,6817,00:00:00.1320000,1,1,6,1003,1003,0,1003,16058,17061,1,1,0,0,1,1,0
30,1,8336,00:00:00.1890000,1,2,18,2009,2011,0,2011,38696,40707,1,1,0,0,1,1,0
30,2,9619,00:00:00.2520000,1,4,34,4001,4007,0,4007,76268,80275,1,1,0,0,1,1,0
30,3,10892,00:00:00.3110000,3,12,75,7971,8002,0,8002,148830,156832,1.0089072889223436,1.0180120451983359,0,1,3,2,1
30,4,12167,00:00:00.4130000,7,24,131,15927,16007,0,16007,295009,311016,1.0244239341997865,1.050495229165554,0.018130557611584663,1,7,6,1
30,5,13517,00:00:00.5760000,10,43,248,31834,32019,0,32019,605243,637262,1.0535590877677954,1.115417486644899,0.03954482078552246,1,10,9,1
30,6,14771,00:00:00.8290000,15,82,481,63432,64038,0,64038,1176871,1240909,1.0982784714339766,1.2270893756778323,0.07438350468873978,1,15,14,1
30,7,15953,00:00:01.0970000,21,172,919,126161,128079,0,128079,2257497,2385576,1.1670008956809157,1.4312628521110475,0.11998020112514496,1,21,20,1
30,8,17054,00:00:01.5940000,27,388,1804,250001,256128,0,256128,4289872,4546000,1.27250290998836,1.8321806871896609,0.18829947710037231,2,27,24,1.0833334
30,9,18049,00:00:02.5440000,34,700,3341,494497,512004,0,512004,7947334,8459338,1.4067951878373377,2.560362923682414,0.26778778433799744,2,34,29,1.137931
30,10,18956,00:00:04.1190000,41,1359,6206,973425,1018982,5389,1024371,14589975,15614346,1.5535064334694506,3.7499920451032933,0.3419937491416931,2,41,35,1.1428572
30,11,19804,00:00:06.8540000,48,2559,11465,1853298,1970091,79153,2049244,26734522,28783766,1.7064352305997201,5.493643085464454,0.3980272710323334,2,48,41,1.1463414
30,12,20612,00:00:11.6620000,51,4664,20866,3383991,3676372,420963,4097335,48539688,52637023,1.859125807367691,7.624096624417069,0.44397270679473877,2,51,44,1.1363636
30,13,21429,00:00:21.5900000,59,8632,38371,5984364,6652541,1540503,8193044,88512898,96705942,2.033196175901065,10.184731014782407,0.4795733094215393,2,59,48,1.2083334
30,14,22268,00:00:55.5340000,71,15460,70782,10321799,11757886,4635880,16393766,160871780,177265546,2.2362209339670343,13.147303127021955,0.5034950375556946,3,71,55,1.2727273
30,15,23147,00:02:15.4330000,84,27374,129425,17350088,20394960,12396204,32791164,291363762,324154926,2.47994142738642,16.33061494772762,0.5126084089279175,4,84,65,1.2769231
30,16,24071,00:04:51.5020000,92,47784,234989,28559444,34908480,30667594,65576074,523308039,588884113,2.7963093749304084,18.31488955166852,0.5246095657348633,4,92,70,1.3
30,17,25043,00:09:50.3050000,101,83023,423704,46601914,59206135,71942052,131148187,930120709,1061268896,3.203946709141603,17.446371590777957,0.5369735956192017,4,101,73,1.369863
30,18,26059,00:19:11.1120000,101,142370,756161,75503231,99919436,162298614,262218050,1631543884,1893761934,3.7479338466985603,15.061359004952667,0.5359518527984619,4,101,70,1.4285715
30,19,27111,00:36:23.8810000,94,243389,1335478,123666716,168390546,356025815,524416361,2820074908,3344491269,4.430581750064423,12.795068419424013,0.5222402811050415,5,95,63,1.4920635
30,20,28202,01:07:50.2780000,82,414032,2345536,204251217,283115120,765679205,1048794325,4823636663,5872430988,5.1472930269003,8.003516129845094,0.47710514068603516,5,83,55,1.4909091
31,0,7884,00:00:00.1690000,1,1,6,1006,1006,0,1006,16731,17737,1,1,0,0,1,1,0
31,1,9660,00:00:00.2320000,1,1,16,2003,2003,0,2003,43533,45536,1,1,0,0,1,1,0
31,2,10985,00:00:00.3050000,3,3,28,4006,4006,0,4006,82004,86010,1.008237643534698,1.016640644487668,0,1,3,2,1
31,3,12577,00:00:00.4120000,2,12,68,7965,8002,0,8002,168714,176716,1.0118016321406151,1.0238817997256309,0,1,2,1,1
31,4,13700,00:00:00.5620000,6,14,115,15958,16008,0,16008,296060,312068,1.0417345532021556,1.0883031773339982,0.03146481141448021,1,6,5,1
31,5,15038,00:00:00.7650000,9,50,262,31704,32006,0,32006,598458,630464,1.0929220287660864,1.2123431458962657,0.07223445922136307,1,9,8,1
31,6,16304,00:00:01.0520000,16,105,540,63336,64010,0,64010,1183499,1247509,1.1827080965012,1.4675590261836624,0.12927685678005219,2,16,13,1.1538461
31,7,17386,00:00:01.3130000,19,179,932,125622,128137,0,128137,2179181,2307318,1.3073904252439859,1.9480917629411096,0.20254063606262207,2,19,16,1.125
31,8,18364,00:00:01.7720000,25,353,1712,248724,256119,0,256119,3973602,4229721,1.4458596677441662,2.709853767859297,0.2681819796562195,2,25,22,1.0909091
31,9,19239,00:00:02.5280000,31,664,3106,492063,512017,0,512017,7186011,7698028,1.6010612462225366,3.9148089118303666,0.3051750063896179,2,31,28,1.0714285
31,10,20036,00:00:03.7680000,41,1262,5584,972912,1019067,5179,1024246,13020588,14044834,1.768224669857089,5.609890335565989,0.3403002619743347,3,41,36,1.1111112
31,11,20779,00:00:05.8950000,52,2463,10404,1869670,1971744,76777,2048521,23662616,25711137,1.9405595639872277,7.492693969974357,0.3655845820903778,3,52,43,1.1860465
31,12,21495,00:00:09.7090000,56,4564,18993,3438309,3683712,413561,4097273,42977116,47074389,2.1152386245680654,8.817090026655972,0.36767688393592834,3,56,47,1.1702127
31,13,22214,00:00:17.6610000,57,8282,34515,6099152,6679360,1517552,8196912,78182319,86379231,2.3035961392665736,9.15275191791246,0.3612852096557617,3,57,49,1.1428572
31,14,22957,00:00:44.9980000,63,14820,63591,10573877,11822438,4573021,16395459,142269485,158664944,2.5218743323759107,8.724544926133985,0.3476314842700958,3,63,54,1.1481482
31,15,23743,00:01:49.1140000,67,26458,116920,17862776,20514339,12262293,32776632,259020132,291796764,2.760522776527008,8.057358571058378,0.32997360825538635,3,67,56,1.1785715
31,16,24585,00:03:58.8550000,75,46807,215425,29689294,35128435,30440352,65568787,470519704,536088491,3.034607525527552,7.8080687489080915,0.3024035096168518,4,75,61,1.2131147
31,17,25491,00:08:16.0630000,91,81293,392975,49008865,59533262,71591260,131124522,850051503,981176025,3.3710836396639667,8.412947743654204,0.2833264470100403,5,91,74,1.2162162
31,18,26471,00:16:44.9110000,94,141354,716844,79021759,100153075,162036372,262189447,1527471822,1789661269,3.7771451151827686,9.550261994883819,0.2868887186050415,5,94,74,1.2567568
31,19,27528,00:33:19.6660000,96,242234,1299307,126471931,167930938,356557423,524488361,2723386043,3247874404,4.269268917859726,11.163402652967754,0.29777947068214417,6,97,73,1.3150685
31,20,28658,01:05:24.0220000,85,414856,2339873,200607610,281137370,767650487,1048787857,4800053200,5848841057,4.916478671970619,12.718642329417056,0.3589918613433838,5,86,56,1.5178572
32,0,7006,00:00:00.3320000,3,4,10,1000,1001,0,1001,12745,13746,1.721,1.806482416639343,0,2,3,1,2
32,1,7884,00:00:00.3990000,4,5,14,2000,2001,0,2001,24089,26090,1.863,1.7447819538213178,0.03821085765957832,2,4,2,1.5
32,2,8722,00:00:00.5040000,4,5,22,4005,4007,0,4007,46757,50764,2.034207240948814,1.6846603896062216,0.04802047833800316,2,4,2,1.5
32,3,9371,00:00:00.5480000,6,9,37,8008,8012,0,8012,84350,92362,2.1512237762237763,1.7737028151062404,0.09613706171512604,3,6,3,1.6666666
32,4,10000,00:00:00.5960000,6,13,62,15984,16003,0,16003,155631,171634,2.2781531531531534,1.9093851775340906,0.11971291154623032,3,6,3,1.6666666
32,5,10543,00:00:00.6550000,6,30,117,31924,32015,0,32015,280557,312572,2.3550620223029695,2.069428538043198,0.14105577766895294,3,6,3,1.6666666
32,6,11069,00:00:00.7460000,7,74,222,63552,64007,0,64007,520509,584516,2.4561304128902317,2.2580208113310554,0.11296723783016205,3,7,4,1.5
32,7,11584,00:00:00.9330000,7,144,440,126606,128187,0,128187,995391,1123578,2.5491761843830467,2.4375565754639994,0.12691868841648102,3,7,4,1.5
32,8,12090,00:00:01.2710000,9,267,857,251639,256066,0,256066,1925612,2181678,2.6610104157145753,2.5795322900091198,0.14063459634780884,4,9,5,1.6
32,9,12576,00:00:01.6850000,14,515,1649,502848,512214,0,512214,3715788,4228002,2.7919490581646937,2.708532078922501,0.12527303397655487,4,14,8,1.625
32,10,13038,00:00:02.2370000,17,984,3157,998163,1020774,4287,1025061,7106209,8131270,2.9172509900687564,2.8140015809300807,0.1295684576034546,4,17,11,1.4545455
32,11,13489,00:00:03.2540000,20,1966,6189,1927957,1981200,68199,2049399,13582633,15632032,3.044114573094732,2.9480275827648708,0.13659396767616272,5,20,13,1.4615384
32,12,13946,00:00:05.2480000,20,3817,11930,3588198,3719643,378541,4098184,25924847,30023031,3.1817555775907573,3.135921369780727,0.14254483580589294,4,20,14,1.3571428
32,13,14425,00:00:09.2590000,25,7295,23189,6503842,6773923,1420436,8194359,49422259,57616618,3.3387839064971137,3.45169022831362,0.14410510659217834,4,25,19,1.2631578
32,14,14940,00:00:17.7420000,29,13206,44371,11462299,12039283,4348482,16387765,93891812,110279577,3.519300970948324,3.8941686057759877,0.14613352715969086,4,29,23,1.2173913
32,15,15503,00:00:43.6660000,33,23999,84862,19755975,20996814,11792845,32789659,177581072,210370731,3.7418217020420403,4.527059814832933,0.16290487349033356,5,33,25,1.28
32,16,16122,00:01:51.6470000,37,42229,160164,33488439,36076670,29492118,65568788,333146198,398714986,4.020492743779428,5.453925270800773,0.16051419079303741,5,37,29,1.2413793
32,17,16804,00:04:15.8960000,37,74481,300819,55679036,61368144,69785458,131153602,618970459,750124061,4.362025951742412,6.616633159392341,0.18067236244678497,5,37,29,1.2413793
32,18,17554,00:09:13.6330000,37,130623,560574,91493624,103637062,158567524,262204586,1137756855,1399961441,4.781454738310508,7.5081658173235075,0.17373880743980408,5,37,28,1.2857143
32,19,18379,00:19:19.5440000,44,226728,1038095,150232533,174063827,350327401,524391228,2071015850,2595407078,5.259842060973571,7.05884517126573,0.15977320075035095,5,44,33,1.3030303
32,20,19294,00:40:06.4160000,45,394199,1922879,242192604,291110772,757871074,1048981846,3756065709,4805047555,5.757911715586492,5.627298661233853,0.16089531779289246,6,46,34,1.3235294
33,0,6373,00:00:00.2920000,1,1,4,1002,1002,0,1002,16662,17664,1,1,0,0,1,1,0
33,1,7766,00:00:00.3740000,3,4,14,2002,2003,0,2003,35938,37941,1.0904095904095905,1.197228896984585,0.010762386955320835,1,3,2,1
33,2,9038,00:00:00.5080000,4,9,34,3996,4003,0,4003,73474,77477,1.1456456456456456,1.3328484554023907,0.015072419308125973,1,4,3,1
33,3,10342,00:00:00.6030000,5,10,55,7990,8003,0,8003,148951,156954,1.3082603254067584,1.7809004647443378,0.06987136602401733,1,5,4,1
33,4,11352,00:00:00.7260000,6,16,108,15975,16004,0,16004,264414,280418,1.3957433489827855,2.0051486671578744,0.09869688749313354,2,6,4,1.25
33,5,12248,00:00:00.9200000,6,28,198,31896,32021,0,32021,467134,499155,1.5201279157261098,2.203480461813142,0.13762852549552917,2,6,4,1.25
33,6,13075,00:00:01.1310000,7,92,380,63447,64058,0,64058,846881,910939,1.636326382650086,2.1863727241827142,0.163691908121109,2,7,5,1.2
33,7,13868,00:00:01.5100000,12,156,701,126614,128027,0,128027,1581824,1709851,1.7355742650891686,2.052051174460943,0.17478185892105103,3,12,9,1.2222222
33,8,14621,00:00:01.9130000,15,293,1305,251701,256150,0,256150,2970982,3227132,1.8259561940556455,1.9280064376425043,0.19150105118751526,3,15,11,1.2727273
33,9,15328,00:00:02.5550000,19,609,2485,499179,512045,0,512045,5572435,6084480,1.9122338880441685,1.8698428868269532,0.20469854772090912,3,19,14,1.2857143
33,10,16008,00:00:03.6740000,26,1164,4715,988945,1019857,5067,1024924,10590242,11615166,2.007048925875554,1.883788934510267,0.192403182387352,3,26,20,1.25
33,11,16674,00:00:05.8150000,27,2340,8932,1887138,1972625,75818,2048443,20153750,22202193,2.104999740347553,1.9812540899257582,0.19242317974567413,3,27,21,1.2380953
33,12,17340,00:00:09.8570000,32,4457,17023,3480553,3689177,409601,4098778,38149425,42248203,2.2347928619388933,2.2373602704889533,0.19345150887966156,4,32,25,1.24
33,13,18023,00:00:17.7220000,37,8239,32282,6205212,6689698,1506096,8195794,71595960,79791754,2.4109239136390506,2.7707158548816833,0.1969621777534485,4,37,30,1.2
33,14,18731,00:00:35.9560000,41,14690,60012,10758290,11846039,4544085,16390124,132626758,149016882,2.658264928720085,3.7881570544194094,0.21841001510620117,4,41,33,1.2121212
33,15,19466,00:01:30.0320000,47,26038,110493,18371466,20616334,12171082,32787416,241709300,274496716,2.9789556260779624,5.33940426934591,0.22679869830608368,4,47,37,1.2432432
33,16,20236,00:03:24.8450000,51,45775,201069,30874031,35402696,30150756,65553452,434943505,500496957,3.349198068758822,6.234962314092062,0.2252676784992218,4,51,41,1.2195122
33,17,21055,00:07:11.4300000,59,78625,364232,51523867,60137218,70965464,131102682,778004163,909106845,3.7346029947635726,5.761658234295272,0.17739708721637726,5,59,45,1.2888889
33,18,21945,00:14:41.7770000,57,137270,663061,83830858,101271292,161006121,262277413,1393451041,1655728454,4.098125298920357,4.95106093301914,0.15904849767684937,5,58,44,1.2954545
33,19,22932,00:29:53.4280000,65,236586,1214480,134958705,169227697,355257111,524484808,2512053238,3036538046,4.453589874028504,4.542195228992946,0.1824701726436615,5,66,52,1.25
33,20,24034,01:01:15.7010000,69,410350,2234763,209746901,281231157,767469159,1048700316,4540894435,5589594751,4.808652986963559,4.432156831808808,0.19170548021793365,6,70,55,1.2545455
34,0,5223,00:00:00.2690000,1,1,11,1001,1001,0,1001,12032,13033,1,1,0,0,1,1,0
34,1,6490,00:00:00.3530000,1,2,16,2009,2010,0,2010,29678,31688,1,1,0,0,1,1,0
34,2,8894,00:00:00.5330000,4,4,39,4011,4011,0,4011,97761,101772,1.0172026925953628,1.0352017058306067,0.014101616106927395,1,4,3,1
34,3,10214,00:00:00.6580000,8,19,79,7982,8021,0,8021,174127,182148,1.0395890754196944,1.0775177937873837,0.02561272494494915,2,8,6,1.1666666
34,4,11405,00:00:00.8320000,13,26,129,15946,16006,0,16006,310134,326140,1.0924369747899159,1.211364095872488,0.07228322327136993,1,13,12,1
34,5,12617,00:00:01.0570000,16,47,241,31832,32031,0,32031,585737,617768,1.1688552400100527,1.436231816590938,0.13100172579288483,1,16,15,1
34,6,13719,00:00:01.3870000,18,93,447,63431,64015,0,64015,1092461,1156476,1.2740615787233371,1.8347893139142535,0.20882630348205566,2,18,16,1.0625
34,7,14765,00:00:01.7000000,21,186,877,125897,128079,0,128079,2055600,2183679,1.400494054663733,2.5109576628081394,0.29432350397109985,2,21,19,1.0526316
34,8,15705,00:00:02.2600000,30,342,1614,250329,256270,0,256270,3791333,4047603,1.5597753356582738,3.7361222016697537,0.3846677243709564,3,30,25,1.16
34,9,16535,00:00:03.1560000,35,702,2988,496844,512101,0,512101,6836167,7348268,1.7184488491357448,5.470490283198644,0.43139782547950745,3,35,30,1.1333333
34,10,17280,00:00:04.6220000,36,1272,5393,977256,1019133,5013,1024146,12291128,13315274,1.8712865410905637,7.3260130022314645,0.4674852788448334,3,36,30,1.1666666
34,11,17982,00:00:07.0760000,41,2486,9916,1875920,1972232,76522,2048754,22362385,24411139,2.0424533029127043,9.095135739956739,0.4791138470172882,3,41,34,1.1764706
34,12,18659,00:00:11.4670000,42,4554,18066,3462209,3687858,409322,4097180,40631450,44728630,2.2368161483030056,10.195730286770063,0.4626629948616028,3,42,35,1.1714286
34,13,19338,00:00:19.4730000,48,8215,32959,6220739,6694570,1502112,8196682,73843730,82040412,2.464000338223481,10.297069808052871,0.42128610610961914,3,48,40,1.175
34,14,20033,00:00:37.4200000,44,14728,60260,10783597,11858533,4535405,16393938,133784544,150178482,2.722790085720006,9.269521877448737,0.3894944190979004,3,44,36,1.1944444
34,15,20759,00:01:29.9030000,46,25793,109755,18405774,20635626,12156281,32791907,241600323,274392230,3.005622692096513,7.786449107775266,0.33118748664855957,4,46,37,1.2162162
34,16,21532,00:03:23.4990000,51,45393,200394,30894104,35361380,30183886,65545266,435771487,501316753,3.299250109341252,6.247679640617039,0.2723517417907715,4,51,40,1.25
34,17,22376,00:07:16.3210000,59,79379,368245,51084772,59898088,71211848,131109936,789569191,920679127,3.583002797780912,5.106298679274202,0.21880817413330078,4,59,47,1.2340425
34,18,23315,00:15:17.7470000,63,138059,680931,82207835,100503533,161790070,262293603,1439503884,1701797487,3.8453585719657988,4.494928579921893,0.1874331831932068,4,64,51,1.2352941
34,19,24370,00:32:02.3980000,77,240824,1264703,130500180,167549303,357017892,524567195,2635418096,3159985291,4.161855730773705,4.93077520750193,0.24752037227153778,5,78,61,1.2622951
34,20,25542,01:06:49.5060000,79,417043,2338799,199648277,279120979,769900033,1049021012,4792317425,5841338437,4.620660578002384,7.629058812316999,0.2687300443649292,6,80,60,1.3166667
35,0,12805,00:00:00.1450000,3,3,13,1005,1005,0,1005,22559,23564,1.4228855721393034,1.988563178551608,0.07299062609672546,1,3,2,1
35,1,13815,00:00:00.1780000,3,4,20,2003,2005,0,2005,38182,40187,1.474787818272591,2.001600062783666,0,2,3,1,2
35,2,14508,00:00:00.1910000,5,8,26,4010,4015,0,4015,57571,61586,1.5690773067331671,1.9926905411143794,0.028548382222652435,2,5,3,1.3333334
35,3,15263,00:00:00.2220000,5,7,37,7995,8001,0,8001,101462,109463,1.6868042526579112,1.8085444768912673,0.057694919407367706,2,5,3,1.3333334
35,4,16015,00:00:00.2420000,6,21,71,15953,16008,0,16008,188733,204741,1.7910110950918323,1.6433649649073132,0.04557615518569946,2,6,4,1.25
35,5,16753,00:00:00.2770000,7,37,141,31870,32025,0,32025,359802,391827,1.86055851898337,1.6086839996850872,0.0625973716378212,2,7,5,1.2
35,6,17427,00:00:00.3300000,8,63,265,63445,64036,0,64036,666609,730645,1.9346678225234455,1.5188156104653285,0.06710635125637054,2,8,6,1.1666666
35,7,18092,00:00:00.4360000,12,152,557,126584,128032,0,128032,1283344,1411376,2.0022040700246477,1.527293794532143,0.07083913683891296,3,12,9,1.2222222
35,8,18751,00:00:00.6770000,14,268,1033,251646,256011,0,256011,2499285,2755296,2.080243675639589,1.5789040526980012,0.07342907786369324,3,14,11,1.1818181
35,9,19383,00:00:01.0670000,18,608,2079,501374,512562,0,512562,4817715,5330277,2.1616238576392073,1.6975174611859563,0.0732426643371582,3,18,15,1.1333333
35,10,19981,00:00:01.8030000,21,1120,4033,990245,1019897,4898,1024795,9235609,10260404,2.25337567975602,1.9107857456224702,0.07589129358530045,3,21,18,1.1111112
35,11,20575,00:00:03.1160000,28,2154,7843,1910434,1975714,73753,2049467,17777374,19826841,2.3653939366657,2.2537828181952255,0.08329425007104874,4,28,22,1.2272727
35,12,21170,00:00:05.6340000,33,4118,15048,3549325,3695419,401244,4096663,33844409,37941072,2.4939420875800327,2.749077793656183,0.09390757977962494,4,33,27,1.1851852
35,13,21787,00:00:10.8540000,34,7698,28614,6352793,6710502,1484068,8194570,64060513,72255083,2.6502990102148773,3.4355322588456327,0.11039754748344421,4,34,28,1.1785715
35,14,22438,00:00:24.8370000,38,13906,54213,11110475,11890219,4500730,16390949,120254592,136645541,2.8605914688615925,4.454705252383689,0.12833534181118011,5,38,31,1.1935484
35,15,23131,00:01:08.7700000,40,25414,102161,18970473,20691160,12094530,32785690,223160125,255945815,3.1252719950630645,5.897017282154455,0.14930947124958038,5,40,32,1.21875
35,16,23868,00:02:45.2390000,41,44304,189202,31845793,35547828,30043935,65591763,408194464,473786227,3.4795312837711405,7.783843226263463,0.16480198502540588,5,42,33,1.2424242
35,17,24649,00:05:56.5730000,43,77685,346328,53068741,60535936,70638824,131174760,735205097,866379857,3.9389950102641405,8.959825973941692,0.23429743945598602,4,43,34,1.2352941
35,18,25474,00:12:08.1780000,41,134063,625968,87642866,102456368,159774094,262230462,1304980800,1567211262,4.478428238528849,7.238003520452103,0.20119228959083557,5,41,31,1.2903225
35,19,26356,00:24:07.4400000,48,232050,1130625,145231945,172464611,352120230,524584841,2302333813,2826918654,5.028182924906776,4.863268946332606,0.15240782499313354,5,48,36,1.3055556
35,20,27320,00:47:54.6470000,50,399693,2050370,235704715,288246402,760916068,1049162470,4077414200,5126576670,5.508428267970795,3.4570353382176275,0.12107411026954651,5,50,39,1.2564102
36,0,12606,00:00:00.1360000,3,3,11,1001,1001,0,1001,18473,19474,1.0359640359640359,1.0752179143824918,0.026779966428875923,1,3,2,1
36,1,13970,00:00:00.1720000,2,4,15,2010,2012,0,2012,37221,39233,1.0512437810945274,1.1077088617320012,0,1,2,1,1
36,2,15341,00:00:00.2100000,4,6,30,3999,4001,0,4001,75862,79863,1.048762190547637,1.0998184129777573,0.009580235928297043,2,4,2,1.5
36,3,16449,00:00:00.2340000,3,9,54,8008,8016,0,8016,138641,146657,1.1027722277722278,1.2268382606022314,0.01617075316607952,1,3,2,1
36,4,17696,00:00:00.2750000,6,17,108,16006,16036,0,16036,282203,298239,1.1748094464575785,1.4132644758285455,0.06129460409283638,2,6,4,1.25
36,5,18827,00:00:00.3460000,11,43,224,31850,32029,0,32029,542849,574878,1.2888854003139718,1.7436749703619976,0.07173000276088715,2,11,9,1.1111112
36,6,19782,00:00:00.4690000,13,84,417,63541,64007,0,64007,978779,1042786,1.4447207314961994,2.1923345721499747,0.09927189350128174,2,13,11,1.0909091
36,7,20663,00:00:00.6360000,14,147,782,126209,128098,0,128098,1786506,1914604,1.5773122360528964,2.4754264799722763,0.11644937843084335,2,14,12,1.0833334
36,8,21479,00:00:00.9600000,19,321,1420,251187,256306,0,256306,3285246,3541552,1.7351096991484432,2.701608021485705,0.1307370513677597,2,19,17,1.0588236
36,9,22214,00:00:01.5180000,22,614,2634,498432,512435,0,512435,5988495,6500930,1.8835488090652286,2.821829653384351,0.14297981560230255,3,22,19,1.1052631
36,10,22894,00:00:02.4350000,25,1198,4862,982163,1019254,5060,1024314,10990269,12014583,2.0293983788841565,2.9581135722339496,0.15212073922157288,3,25,22,1.0909091
36,11,23540,00:00:04.0970000,30,2271,8980,1885338,1973936,75136,2049072,20257134,22306206,2.1817090622477244,3.1974379970262152,0.15432746708393097,3,30,27,1.074074
36,12,24180,00:00:07.0930000,35,4242,16733,3491119,3691659,406717,4098376,37549156,41647532,2.3377896886356493,3.5134379233091093,0.15571776032447815,4,35,31,1.0967742
36,13,24836,00:00:13.7850000,41,7942,31208,6251422,6695127,1499634,8194761,69699516,77894277,2.5080813613286703,3.914646254315724,0.1544705182313919,4,41,36,1.1111112
36,14,25524,00:00:35.2120000,43,14318,58121,10856275,11859612,4535645,16395257,129076520,145471777,2.7001064361394675,4.337864569915304,0.16010844707489014,4,43,37,1.1351352
36,15,26261,00:01:29.3350000,51,25506,108226,18504785,20604159,12193950,32798109,238614225,271412334,2.9252035081736967,4.9133650456266755,0.15939950942993164,4,51,44,1.1363636
36,16,27056,00:03:20.9660000,60,45597,201291,30939136,35275135,30280251,65555386,438367997,503923383,3.2038356856506915,5.759772456025963,0.1599009782075882,5,60,51,1.1568627
36,17,27916,00:07:08.4550000,67,80244,371902,50954502,59831365,71282090,131113455,798590107,929703562,3.5495296176184787,7.056508130230926,0.1631031632423401,5,67,53,1.245283
36,18,28844,00:14:42.5560000,72,138435,680875,83198709,100866039,161450775,262316814,1439931387,1702248201,3.9928513193636213,8.138862111132994,0.16445495188236237,6,73,57,1.2631578
36,19,29838,00:29:28.9410000,71,238695,1235609,135079987,169536807,354894904,524431711,2564372731,3088804442,4.561773588266632,7.925201557045138,0.22866924107074738,6,71,55,1.2727273
36,20,30877,00:57:18.1800000,67,407165,2207183,222466603,285969784,762651611,1048621395,4470863916,5519485311,5.405531013569709,8.316010208017547,0.2357589155435562,7,67,49,1.3469387
37,0,7216,00:00:00.0740000,2,2,5,1007,1007,0,1007,15720,16727,1.0019860973187686,1.0039800617089487,0,1,2,1,1
37,1,9354,00:00:00.1080000,2,3,17,2000,2002,0,2002,47277,49279,1.002,1.004007948127135,0,1,2,1,1
37,2,11058,00:00:00.1500000,2,8,33,3992,4002,0,4002,98916,102918,1.0142785571142285,1.0289646431817334,0,1,2,1,1
37,3,12526,00:00:00.1880000,9,19,72,7967,8005,0,8005,181839,189844,1.0571105811472323,1.1175750307100873,0.03584940358996391,2,9,7,1.1428572
37,4,13887,00:00:00.2560000,10,24,137,15947,16029,0,16029,341003,357032,1.1212767291653603,1.2606738207685484,0.07859082520008087,2,10,8,1.125
37,5,15017,00:00:00.3350000,14,41,238,31913,32051,0,32051,601765,633816,1.2590793720427411,1.604993923952923,0.13049061596393585,2,14,12,1.0833334
37,6,16018,00:00:00.4690000,14,91,445,63281,64065,0,64065,1058954,1123019,1.4488076989933787,2.172331088141997,0.17078812420368195,2,14,12,1.0833334
37,7,16844,00:00:00.6220000,20,169,795,126277,128047,0,128047,1816522,1944569,1.7112142353714452,3.181853791304922,0.20126605033874512,3,20,16,1.1875
37,8,17583,00:00:00.9200000,21,316,1374,250985,256101,0,256101,3168659,3424760,1.9852222244357232,4.0057763604797545,0.2179788202047348,3,21,17,1.1764706
37,9,18216,00:00:01.3800000,22,617,2397,498103,512566,0,512566,5491904,6004470,2.2259492514600394,3.9296495761050556,0.23305676877498627,3,22,17,1.2352941
37,10,18784,00:00:02.0670000,25,1173,4278,985412,1020125,4619,1024744,9664748,10689492,2.432182680949694,3.3908815117498,0.22382581233978271,3,25,19,1.2631578
37,11,19322,00:00:03.3010000,29,2178,7749,1899049,1978499,71343,2049842,17374940,19424782,2.6051202470289074,2.8866016086425414,0.2156035155057907,3,29,22,1.2727273
37,12,19858,00:00:05.5400000,30,4156,14474,3522792,3707315,392539,4099854,31843880,35943734,2.75457222566646,2.5178181657758274,0.19619818031787872,3,30,24,1.2083334
37,13,20418,00:00:10.1020000,36,7584,27212,6354762,6731903,1462293,8194196,59294683,67488879,2.890758300625578,2.3441813005328074,0.1869405210018158,4,36,27,1.2962962
37,14,21024,00:00:22.6250000,43,13908,51569,11164553,11931679,4466176,16397855,111662962,128060817,3.0232770626822227,2.3430434816195223,0.17306473851203918,4,43,33,1.2727273
37,15,21693,00:01:03.4920000,47,25021,98252,19055688,20718594,12074324,32792918,211256581,244049499,3.163902924942936,2.5265443891355113,0.1625547856092453,4,47,37,1.2432432
37,16,22441,00:02:41.1110000,47,44450,186509,31566517,35424004,30140619,65564623,399443363,465007986,3.3281439000698114,3.0134578614568452,0.1609831154346466,4,47,37,1.2432432
37,17,23278,00:06:11.7900000,57,78298,352455,51791310,59927422,71206806,131134228,750484133,881618361,3.5730554218458654,4.289764526451202,0.16937758028507233,5,57,42,1.3333334
37,18,24208,00:13:34.6470000,63,137662,661735,83379930,100717889,161593044,262310933,1393784389,1656095322,3.914423698844554,7.073707178115243,0.19565720856189728,5,64,47,1.3404255
37,19,25228,00:28:41.8090000,65,239309,1229345,131739039,168619831,355868052,524487883,2548739466,3073227349,4.339300630544299,10.805834537565142,0.23515039682388306,5,66,47,1.3829787
37,20,26338,00:59:08.0520000,78,410618,2254899,209504355,281589855,767518352,1049108207,4590438886,5639547093,4.871844659267346,12.604398202879649,0.31698712706565857,5,79,57,1.3684211
38,0,9631,00:00:00.1060000,3,4,11,1000,1001,0,1001,16917,17918,1.029,1.0600833730493928,0,1,3,2,1
38,1,10581,00:00:00.1350000,4,5,17,2006,2007,0,2007,30778,32785,1.0159521435692922,1.0325650788036465,0,1,4,3,1
38,2,11763,00:00:00.1670000,4,4,23,4001,4001,0,4001,63924,67925,1.0572356910772307,1.1218295621747651,0.02219325862824917,1,4,3,1
38,3,12992,00:00:00.1910000,6,12,55,7996,8005,0,8005,134684,142689,1.0956728364182091,1.2073318007595675,0.022737368941307068,2,6,4,1.25
38,4,14217,00:00:00.2290000,9,22,117,15958,16004,0,16004,276875,292879,1.1821656849229227,1.4166559057320187,0.04284486919641495,2,9,7,1.1428572
38,5,15412,00:00:00.2980000,13,45,238,31840,32013,0,32013,550319,582332,1.3296168341708543,1.8328888601836433,0.09041950106620789,2,13,11,1.0909091
38,6,16360,00:00:00.3950000,16,81,445,63508,64008,0,64008,987067,1051075,1.5307520312401588,2.506877358347223,0.14466948807239532,2,16,14,1.0714285
38,7,17189,00:00:00.5500000,19,165,791,126116,128083,0,128083,1741174,1869257,1.7232627105204732,3.1088871189608995,0.16871893405914307,2,19,16,1.125
38,8,17934,00:00:00.8670000,25,335,1384,251527,256253,0,256253,3109450,3365703,1.941449625686308,3.8036435406129616,0.19867898523807526,3,25,20,1.2
38,9,18583,00:00:01.3590000,27,614,2474,499253,512007,0,512007,5491009,6003016,2.134629135929078,4.358604552044026,0.22015127539634705,3,27,22,1.1818181
38,10,19187,00:00:02.1390000,30,1166,4400,987583,1019494,4643,1024137,9913270,10937407,2.3058153086879787,4.754134320789828,0.23671965301036835,3,30,24,1.2083334
38,11,19758,00:00:03.5030000,32,2212,8128,1897437,1975831,72972,2048803,18117940,20166743,2.458900611719915,4.974057880805215,0.24910594522953033,3,32,26,1.1923077
38,12,20324,00:00:05.9650000,33,4230,15173,3506363,3701655,397635,4099290,33421819,37521109,2.5974139015270237,5.038105587021306,0.2613646984100342,4,33,25,1.28
38,13,20917,00:00:11.4460000,39,7733,28640,6301284,6720290,1474757,8195047,62491695,70686742,2.7359763502168764,5.077992360810143,0.2721267640590668,4,39,29,1.3103448
38,14,21554,00:00:29.0860000,44,14089,53860,10997080,11901147,4497522,16398669,117545479,133944148,2.878365893491727,5.122621225956361,0.28512123227119446,4,44,33,1.3030303
38,15,22253,00:01:16.7670000,51,25208,101706,18765819,20654588,12120398,32774986,221502202,254277188,3.0408771927300373,5.399816353869244,0.29062917828559875,4,51,39,1.2820513
38,16,23027,00:03:00.7190000,61,45128,192757,31436470,35331724,30224682,65556406,416100152,481656558,3.2515766878405876,6.278501305540133,0.2848035991191864,5,61,47,1.2765957
38,17,23881,00:06:38.5890000,65,79049,362023,51329735,59861184,71265994,131127178,774038817,905165995,3.542096545014308,8.170933199327035,0.3020322322845459,5,65,48,1.3333334
38,18,24810,00:14:03.8300000,66,138304,671710,82394218,100780721,161383652,262164373,1416076779,1678241152,3.9413280795989833,11.302260368687364,0.29535990953445435,5,67,51,1.2941177
38,19,25816,00:28:55.7730000,71,239310,1232553,131571581,169067779,355327019,524394798,2554537343,3078932141,4.431036136899503,12.783465985611212,0.309376984834671,6,72,51,1.3921568
38,20,26906,00:58:26.7430000,78,411184,2245303,208591166,282257210,766446800,1048704010,4559318586,5608022596,4.941875932559867,11.680432238904311,0.31204965710639954,6,79,54,1.4444444
3,0,10894,00:00:00.1200000,1,1,10,1002,1002,0,1002,23082,24084,1,1,0,0,1,1,0
3,1,12357,00:00:00.1470000,3,3,21,2002,2002,0,2002,45497,47499,1.006993006993007,1.0141084176881447,0,1,3,2,1
3,2,13794,00:00:00.1960000,2,3,33,4003,4005,0,4005,85603,89608,1.010242318261304,1.0206944526809194,0,1,2,1,1
3,3,15000,00:00:00.2240000,4,8,59,8002,8009,0,8009,154346,162355,1.0283679080229942,1.058865096362623,0.02270164154469967,1,4,3,1
3,4,16222,00:00:00.2690000,6,23,115,15943,16005,0,16005,295353,311358,1.042651947563194,1.090315156756929,0.03221879154443741,1,6,5,1
3,5,17610,00:00:00.3640000,7,38,256,31835,32006,0,32006,613557,645563,1.0856290246583948,1.193093203614377,0.06887635588645935,1,7,6,1
3,6,18845,00:00:00.5240000,12,96,515,63415,64025,0,64025,1187079,1251104,1.1472364582512025,1.3595752521514959,0.09982946515083313,2,12,10,1.1
3,7,19960,00:00:00.8130000,17,191,992,126069,128013,0,128013,2221372,2349385,1.258017434896763,1.7303467360503695,0.16536958515644073,2,17,13,1.2307693
3,8,20993,00:00:01.3130000,24,366,1807,249036,256068,0,256068,4113433,4369501,1.409274161165454,2.3866746656399354,0.22634463012218475,3,24,18,1.2777778
3,9,21878,00:00:02.1330000,29,658,3138,491625,512140,0,512140,7370160,7882300,1.5888105771675565,3.435553298640936,0.28717678785324097,3,29,22,1.2727273
3,10,22661,00:00:03.3460000,40,1241,5564,968857,1019674,5177,1024851,13096795,14121646,1.8087478337876488,5.092557083859782,0.32533708214759827,3,40,32,1.21875
3,11,23361,00:00:05.4580000,48,2450,10003,1855943,1972630,75454,2048084,23114513,25162597,2.07732349538752,7.388097938978891,0.364342600107193,4,48,37,1.2702702
3,12,24004,00:00:08.8430000,61,4493,17718,3464714,3694047,404106,4098153,40411036,44509189,2.396281193772415,9.764090695992566,0.3725378215312958,5,61,46,1.3043479
3,13,24619,00:00:14.7200000,62,7932,31415,6217833,6720652,1478027,8198679,70452772,78651451,2.750341638316758,9.774458395953038,0.37502118945121765,5,62,46,1.326087
3,14,25223,00:00:28.8170000,67,14067,55430,10967669,11954896,4438099,16392995,122414793,138807788,3.1559495458880096,7.785809871589952,0.3473241925239563,5,67,50,1.32
3,15,25833,00:01:07.2210000,67,24960,98382,18981847,20899139,11878019,32777158,212830669,245607827,3.5951589431734434,6.01260496872729,0.2974589467048645,5,67,50,1.32
3,16,26465,00:02:25.4020000,66,43202,174500,32444822,36068872,29504734,65573606,371339955,436913561,4.056239297598859,5.289095328246078,0.25244900584220886,5,66,49,1.3265306
3,17,27133,00:04:55.9050000,56,75202,312702,54483668,61615580,69564263,131179843,650964422,782144265,4.552655816051152,5.041534161993256,0.20060910284519196,6,56,39,1.4102564
3,18,27853,00:09:49.1900000,50,130032,563988,91018324,104297261,157869119,262166380,1148832820,1410999200,5.032145680907067,4.471982883663866,0.16729533672332764,7,51,36,1.3888888
3,19,28645,00:19:35.0970000,51,226075,1028067,150867265,175125089,349254889,524379978,2045112010,2569491988,5.44577959970309,3.4749677544179565,0.12241383641958237,7,52,38,1.3421053
3,20,29539,00:39:49.4840000,54,392514,1897529,243632786,292091994,757233008,1049325002,3693050702,4742375704,5.818963154655219,2.8280065101324854,0.12824182212352753,5,55,43,1.255814
39,0,5369,00:00:00.1120000,1,1,6,1002,1002,0,1002,13863,14865,1,1,0,0,1,1,0
39,1,6304,00:00:00.1430000,1,3,10,2011,2013,0,2013,26842,28855,1,1,0,0,1,1,0
39,2,7633,00:00:00.2420000,4,5,26,4001,4003,0,4003,64914,68917,1.0167458135466134,1.0342440024760724,0.014393648132681847,1,4,3,1
39,3,8821,00:00:00.3110000,5,11,52,7988,8002,0,8002,132545,140547,1.0530796194291436,1.113983313383387,0.04220820963382721,1,5,4,1
39,4,10052,00:00:00.4000000,8,15,95,15979,16020,0,16020,274520,290540,1.1067651292321172,1.2361388892973733,0.06471453607082367,2,8,6,1.1666666
39,5,11184,00:00:00.5370000,10,35,205,31896,32008,0,32008,532978,564986,1.1848507649862052,1.425395521509014,0.1012057512998581,2,10,7,1.2857143
39,6,12319,00:00:00.7390000,12,74,398,63594,64059,0,64059,1049918,1113977,1.3206906311916218,1.8492571382443252,0.1731547713279724,2,12,9,1.2222222
39,7,13284,00:00:01.0440000,12,137,741,126337,128073,0,128073,1931828,2059901,1.5134600315030435,2.5837224289271097,0.2612611651420593,2,12,9,1.2222222
39,8,14092,00:00:01.3350000,15,301,1407,250779,256057,0,256057,3416551,3672608,1.7465138628035042,3.717296093356317,0.3395560681819916,3,15,10,1.4
39,9,14808,00:00:01.8300000,16,617,2560,497012,512206,0,512206,6045341,6557547,1.9686446202506176,4.650581853143738,0.38662582635879517,3,16,11,1.3636364
39,10,15445,00:00:02.6930000,20,1198,4670,982753,1019392,4832,1024224,10715631,11739855,2.181028193248965,4.811853416470106,0.4110807776451111,3,20,15,1.2666667
39,11,16038,00:00:04.2190000,24,2284,8460,1891069,1975958,73546,2049504,19224331,21273835,2.378082978463504,4.290853597652205,0.3110991418361664,3,24,17,1.3529412
39,12,16622,00:00:06.8370000,27,4102,15428,3509700,3700005,398958,4098963,34986141,39085104,2.548898196427045,3.6507715847894304,0.29225486516952515,3,27,20,1.3
39,13,17227,00:00:11.9430000,30,7671,29007,6296082,6716249,1480083,8196332,64639656,72835988,2.6991205006542165,3.149722196513173,0.269925594329834,3,30,21,1.3809524
39,14,17872,00:00:26.2500000,37,13973,54497,10995651,11884760,4499811,16384571,120372475,136757046,2.8461434434395927,2.8697072292876027,0.23984362185001373,4,37,27,1.3333334
39,15,18580,00:01:11.8960000,42,25421,103388,18661186,20627471,12142699,32770170,225647049,258417219,2.9936381321101457,2.7830827174083685,0.20892386138439178,4,42,31,1.3225807
39,16,19368,00:02:57.9840000,47,45138,196179,30886523,35273526,30294816,65568342,423832044,489400386,3.1653605036733983,2.9770922025184077,0.18516606092453003,4,47,38,1.2105263
39,17,20248,00:06:46.7540000,63,79855,370381,50492404,59618175,71506310,131124485,792925061,924049546,3.389934117614998,3.7328981825518004,0.1856606900691986,5,63,51,1.2156863
39,18,21227,00:14:48.5430000,67,139593,693443,79675631,100034779,162145568,262180347,1470231486,1732411833,3.6910475801565976,5.382320212348663,0.33899539709091187,4,68,56,1.1964285
39,19,22304,00:31:16.0980000,82,242522,1286277,124463553,167297583,357151033,524448616,2689559190,3214007806,4.080214623151567,9.05892690643774,0.32719117403030396,5,83,66,1.2424242
39,20,23478,01:04:21.4890000,93,417831,2360424,190440034,279024062,769744154,1048768216,4849329017,5898097233,4.595110999612613,15.110566226094441,0.31133732199668884,5,94,69,1.3478261
40,0,6090,00:00:00.0680000,3,3,9,1003,1003,0,1003,12760,13763,1.0219341974077767,1.0450728048539968,0,1,3,2,1
40,1,7347,00:00:00.1030000,3,4,19,2010,2011,0,2011,29702,31713,1.009452736318408,1.019127384977519,0,1,3,2,1
40,2,8742,00:00:00.1470000,6,9,41,3997,4001,0,4001,69379,73380,1.0165123842882162,1.03379398573364,0.014418483711779118,1,6,5,1
40,3,10263,00:00:00.1930000,6,10,74,7992,8004,0,8004,156596,164600,1.0188938938938938,1.0387585155890453,0.010749602690339088,1,6,5,1
40,4,11533,00:00:00.2480000,8,25,139,15968,16020,0,16020,300522,316542,1.0485971943887775,1.1036937954614165,0.03288097307085991,1,8,7,1
40,5,12839,00:00:00.3490000,10,49,256,31790,32015,0,32015,600971,632986,1.0877319911921988,1.1976422433373362,0.06087718904018402,1,10,9,1
40,6,14072,00:00:00.5370000,18,88,476,63384,64031,0,64031,1164590,1228621,1.163022213807901,1.4013575299999081,0.11007906496524811,2,18,15,1.1333333
40,7,15203,00:00:00.8070000,22,181,934,125666,128058,0,128058,2207036,2335094,1.2667308579886365,1.7767230239242875,0.17791737616062164,2,22,19,1.1052631
40,8,16239,00:00:01.2620000,29,351,1704,249326,256062,0,256062,4114842,4370904,1.404494517218421,2.428954449351854,0.24188093841075897,2,29,24,1.1666666
40,9,17146,00:00:02.0530000,38,675,3184,494888,512352,0,512352,7445270,7957622,1.5740187678828341,3.55186522703644,0.30852147936820984,2,38,32,1.15625
40,10,17955,00:00:03.3810000,41,1304,5717,973957,1019679,5218,1024897,13382303,14407200,1.7475083602253487,5.144059274752677,0.3717934191226959,2,41,33,1.2121212
40,11,18711,00:00:05.6250000,46,2513,10511,1863046,1971022,77356,2048378,24207420,26255798,1.9163096348667719,6.953376375309594,0.4075888395309448,2,46,37,1.2162162
40,12,19436,00:00:09.5200000,49,4576,19018,3431812,3684597,414708,4099305,43781293,47880598,2.0901133278862596,8.576715443075635,0.4329473078250885,2,49,39,1.2307693
40,13,20170,00:00:16.7340000,54,8396,35104,6117884,6674830,1523061,8197891,79759277,87957168,2.26659103049355,9.682797258996043,0.44664669036865234,3,54,42,1.2619047
40,14,20938,00:00:33.7000000,56,15105,64983,10579232,11798809,4596438,16395247,146075909,162471156,2.4380322692611336,9.789402206057197,0.4568125903606415,3,56,42,1.3095238
40,15,21764,00:01:32.6540000,63,26897,120637,17889776,20445234,12332754,32777988,268887039,301665027,2.6146966848550814,9.226412028876807,0.4517579674720764,3,63,47,1.3191489
40,16,22669,00:03:50.4020000,66,47468,224961,29357941,34897549,30646555,65544104,496466335,562010439,2.791782843354035,8.43493737273827,0.4553418457508087,3,66,49,1.3265306
40,17,23674,00:08:42.2030000,72,83645,420218,46839237,58868635,72214814,131083449,918210361,1049293810,2.9857349085340568,8.277982980720349,0.47752928733825684,4,72,50,1.42
40,18,24792,00:18:54.6200000,81,145589,782002,72225517,98591577,163688837,262280414,1692233038,1954513452,3.2138627543503775,9.573357804939507,0.47568008303642273,4,81,54,1.4814814
40,19,26025,00:40:06.1840000,97,251753,1445255,107510423,164372468,360169014,524541482,3088009153,3612550635,3.539222331959386,14.453244393827555,0.4668193757534027,5,98,67,1.4477612
40,20,27359,01:22:36.6550000,124,432593,2636981,161842619,274158166,774775857,1048934023,5543809878,6592743901,4.127805210566939,30.026332072407854,0.453521728515625,5,125,85,1.4588236
41,0,6589,00:00:00.0690000,3,3,7,1003,1003,0,1003,20792,21795,1.1505483549351945,1.3510276486509563,0.06802411377429962,1,3,2,1
41,1,8115,00:00:00.1140000,6,7,23,2011,2012,0,2012,41208,43220,1.1685728493286922,1.4175359592957055,0.09171292930841446,1,6,5,1
41,2,9070,00:00:00.1490000,5,7,33,4002,4004,0,4004,68868,72872,1.2298850574712643,1.620515314408847,0.1466905027627945,1,5,4,1
41,3,10215,00:00:00.1770000,7,13,65,7992,8005,0,8005,134148,142153,1.357107107107107,2.096291911279801,0.1849316656589508,2,7,5,1.2
41,4,11224,00:00:00.2160000,11,28,124,15965,16033,0,16033,250546,266579,1.4842467898528031,2.6077880981643866,0.22177806496620178,2,11,7,1.4285715
41,5,12072,00:00:00.2700000,12,44,201,31776,32004,0,32004,444457,476461,1.6378084088620342,3.1621489361305772,0.2999594211578369,2,12,8,1.375
41,6,12861,00:00:00.3860000,14,88,363,63380,64028,0,64028,808618,872646,1.7794414641842853,3.453222553363737,0.3531874418258667,2,14,10,1.3
41,7,13604,00:00:00.5360000,17,177,690,125836,128098,0,128098,1490070,1618168,1.905949013001049,3.6505910494811142,0.3837794363498688,2,17,13,1.2307693
41,8,14278,00:00:00.8000000,20,308,1242,250469,256040,0,256040,2731134,2987174,2.028490551724964,3.891333429185212,0.4206153154373169,2,20,16,1.1875
41,9,14913,00:00:01.2170000,26,605,2284,499271,512352,0,512352,5064918,5577270,2.1551101505995742,4.199160531819415,0.3965466618537903,3,26,21,1.1904762
41,10,15513,00:00:01.9740000,30,1169,4317,988241,1020339,4724,1025063,9476047,10501110,2.271948846485827,4.513858714742597,0.42534998059272766,3,30,24,1.2083334
41,11,16095,00:00:03.3120000,34,2184,8078,1898575,1975759,72967,2048726,17826906,19875632,2.3869786550439147,4.810315732195134,0.42200013995170593,3,34,26,1.2692307
41,12,16687,00:00:05.8490000,40,4170,15317,3528264,3698649,400964,4099613,33825547,37925160,2.5094675455124675,5.10346687606454,0.44189637899398804,3,40,31,1.2580645
41,13,17304,00:00:10.8550000,44,7836,29089,6330327,6710057,1485266,8195323,64056697,72252020,2.6324597449705203,5.246896522424347,0.4281642436981201,3,44,35,1.2285714
41,14,17970,00:00:21.2310000,44,14166,55300,10985468,11876486,4523608,16400094,121620506,138020600,2.7596603986284425,5.246297830307513,0.44912612438201904,3,44,35,1.2285714
41,15,18701,00:00:55.6480000,48,25486,105549,18624007,20591688,12194430,32786118,230407494,263193612,2.9004607332890284,5.314028497489631,0.4279979169368744,3,48,38,1.2368422
41,16,19517,00:02:41.6010000,57,45212,200521,30928572,35172055,30408972,65581027,435702235,501283262,3.0661219017806576,5.7089351072009835,0.5040955543518066,3,57,45,1.2444445
41,17,20432,00:06:36.6020000,66,80449,379700,50037632,59362419,71736029,131098448,819619970,950718418,3.25710615162604,6.77210953742072,0.5296201705932617,4,67,51,1.2941177
41,18,21460,00:15:02.7800000,77,141441,717233,78569749,99441444,162702638,262144082,1531494350,1793638432,3.4929347935170316,9.22685253319891,0.5154723525047302,4,78,59,1.3050847
41,19,22604,00:32:42.4420000,98,245897,1340389,121376164,165830084,358720929,524551013,2827156996,3351708009,3.825982076678581,14.797018497960671,0.6374447345733643,4,99,72,1.3611112
41,20,23864,01:09:04.5570000,108,425330,2480785,181288082,276140659,772469185,1048609844,5148642178,6197252022,4.293795319650411,25.269326002864606,0.6301813125610352,5,109,75,1.44
42,0,6428,00:00:00.0720000,2,3,10,1000,1001,0,1001,16679,17680,1.015,1.030449761421177,0,1,2,1,1
42,1,7943,00:00:00.1000000,2,4,16,2000,2002,0,2002,38629,40631,1.002,1.004007948127135,0,1,2,1,1
42,2,9535,00:00:00.1460000,2,6,33,3996,4006,0,4006,88080,92086,1.0045045045045045,1.0090495830251518,0,1,2,1,1
42,3,10894,00:00:00.1790000,4,14,66,7972,8003,0,8003,169657,177660,1.012669342699448,1.0257255178156663,0.006426050327718258,1,4,3,1
42,4,12161,00:00:00.2430000,9,23,120,15952,16011,0,16011,315050,331061,1.0457622868605818,1.0973266629519118,0.03203965723514557,1,9,8,1
42,5,13467,00:00:00.3420000,11,57,253,31752,32008,0,32008,617852,649860,1.093915343915344,1.2134437682638228,0.06321743875741959,1,11,10,1
42,6,14659,00:00:00.4850000,15,90,493,63302,64023,0,64023,1173959,1237982,1.148778869545986,1.368353376907437,0.10147424787282944,1,15,14,1
42,7,15761,00:00:00.7620000,19,184,966,125479,128010,0,128010,2188657,2316667,1.241546394217359,1.6911121429271927,0.1570688933134079,1,19,18,1
42,8,16818,00:00:01.2510000,28,347,1824,250204,256152,0,256152,4129999,4386151,1.374486419082029,2.28112264495448,0.22895757853984833,2,28,23,1.173913
42,9,17751,00:00:02.1080000,34,631,3297,496591,512044,0,512044,7552271,8064315,1.5238637027251802,3.196753543781225,0.29499682784080505,2,34,29,1.137931
42,10,18589,00:00:03.4480000,41,1311,5964,980565,1019311,5272,1024583,13701228,14725811,1.6771290021569198,4.41002784709278,0.35300278663635254,2,41,35,1.1428572
42,11,19369,00:00:05.7740000,44,2509,10874,1868712,1970986,78121,2049107,24870410,26919517,1.8344105458733073,5.763990279632688,0.40510520339012146,3,44,36,1.1944444
42,12,20123,00:00:09.9110000,47,4618,19845,3430381,3682775,416703,4099478,45208924,49308402,1.9914878259878421,7.086993634780938,0.4396318793296814,3,47,37,1.2432432
42,13,20889,00:00:17.5850000,52,8315,36176,6074863,6665989,1529776,8195765,82715102,90910867,2.1639727513196596,8.643636004781966,0.464555948972702,3,52,40,1.275
42,14,21684,00:00:33.4530000,62,15215,67167,10514017,11782605,4611157,16393762,151315673,167709435,2.361989998684613,10.749617267536907,0.47377532720565796,3,62,46,1.326087
42,15,22523,00:01:27.1420000,72,26979,123748,17778117,20440401,12347296,32787697,275928907,308716604,2.5905067448931742,13.480562876853355,0.4713362157344818,3,72,53,1.3396226
42,16,23422,00:03:40.6660000,74,47203,226809,29192512,34936382,30613636,65550018,501769314,567319332,2.8464226374215413,15.919028599291725,0.47278064489364624,3,74,53,1.3773584
42,17,24396,00:08:19.8610000,78,82606,416387,46932460,59112989,72013592,131126581,909931197,1041057778,3.1228534792337754,16.456205100381556,0.45441123843193054,4,78,55,1.4
42,18,25459,00:17:45.9970000,93,143108,762832,74959721,99159838,163002712,262162550,1645550291,1907712841,3.4446170897567776,15.044163820482673,0.43046560883522034,4,93,66,1.3939394
42,19,26627,00:36:51.4950000,100,248548,1397140,115515914,165374284,358995039,524369323,2967755558,3492124881,3.769551397048202,13.190869124632238,0.4302287697792053,4,101,72,1.3888888
42,20,27916,01:15:43.7350000,118,427882,2558031,173886903,275164849,773910066,1049074915,5343233989,6392308904,4.182583595729461,14.811921054872492,0.4729318916797638,6,119,85,1.3882353
43,0,6673,00:00:00.1600000,1,2,9,1003,1004,0,1004,14335,15339,1,1,0,0,1,1,0
43,1,8604,00:00:00.2230000,4,4,19,2006,2006,0,2006,39721,41727,1.014456630109671,1.0294680013568476,0,1,4,3,1
43,2,10006,00:00:00.3070000,3,6,35,4014,4017,0,4017,78642,82659,1.0097159940209268,1.0196643324508476,0,1,3,2,1
43,3,11464,00:00:00.3820000,4,10,74,8006,8020,0,8020,159522,167542,1.0203597302023482,1.041747586206317,0.012678731232881546,1,4,3,1
43,4,12781,00:00:00.4620000,7,21,128,15963,16022,0,16022,309797,325819,1.0293804422727557,1.0612147630346542,0.023920640349388123,1,7,6,1
43,5,14163,00:00:00.6440000,10,49,262,31847,32013,0,32013,626703,658716,1.0877947687380287,1.1957423030941714,0.06343752145767212,2,10,8,1.125
43,6,15401,00:00:00.8470000,11,97,513,63339,64076,0,64076,1194626,1258702,1.1523863654304616,1.359092862207443,0.10012167692184448,2,11,9,1.1111112
43,7,16545,00:00:01.1940000,19,162,920,126264,128083,0,128083,2246578,2374661,1.2721915985554078,1.7094106892501328,0.14898903667926788,2,19,15,1.2
43,8,17526,00:00:01.7490000,23,327,1696,250448,256052,0,256052,4049170,4305222,1.4393566728422666,2.374617006136119,0.21669577062129974,2,23,19,1.1578947
43,9,18401,00:00:02.6840000,28,687,3053,497224,512204,0,512204,7252797,7765001,1.6510767782729716,3.530609686732157,0.2830091714859009,2,28,24,1.125
43,10,19158,00:00:04.0920000,32,1281,5475,980775,1019240,5180,1024420,12805303,13829723,1.881255129871785,4.902958063808571,0.3268151879310608,3,32,26,1.1923077
43,11,19844,00:00:06.4980000,35,2395,9799,1878989,1973526,75606,2049132,22618554,24667686,2.1003805770017814,5.644916023400708,0.3530382215976715,3,35,28,1.2142857
43,12,20500,00:00:10.5780000,36,4490,17772,3464999,3691907,408241,4100148,40331652,44431800,2.317381332577585,5.336507646077324,0.3711746633052826,4,36,28,1.25
43,13,21158,00:00:18.1050000,39,8117,32358,6205703,6697879,1494884,8192763,72537502,80730265,2.5240429649952634,4.578422350005048,0.35891929268836975,4,39,31,1.2258065
43,14,21843,00:00:35.3320000,39,14780,59407,10799413,11869317,4530392,16399709,131652236,148051945,2.73896321957499,3.9402473224984376,0.3617611527442932,4,39,29,1.3103448
43,15,22572,00:01:26.2060000,39,25933,109183,18319963,20619916,12172734,32792650,239987470,272780120,2.9585344140705963,3.683333407633221,0.3411376178264618,4,39,28,1.3571428
43,16,23359,00:03:17.0680000,47,45557,201448,30695108,35307845,30238496,65546341,437687089,503233430,3.2325200158930865,4.069597484672823,0.31770312786102295,5,47,35,1.3142858
43,17,24208,00:06:59.7140000,54,79431,369531,50615794,59950066,71175365,131125431,793173413,924298844,3.6065286459795534,5.343567053735887,0.3292500078678131,5,54,42,1.2619047
43,18,25111,00:14:12.4490000,63,137008,670563,82873020,101283003,160939556,262222559,1416583998,1678806557,4.109601653228035,7.225797075035139,0.3122750520706177,7,63,47,1.3191489
43,19,26059,00:27:48.4380000,66,236090,1203187,136234169,170927051,353368217,524295268,2487544589,3011839857,4.815203768740278,8.047736437907284,0.2881399393081665,7,67,47,1.4042553
43,20,27031,00:52:41.6210000,60,402969,2126703,229196757,289874060,758886602,1048760662,4270323798,5319084460,5.78502067985194,9.627706177666242,0.21477903425693512,7,61,43,1.3953488
44,0,6103,00:00:00.0900000,2,2,9,1002,1002,0,1002,18622,19624,1.0069860279441119,1.0140696432491885,0,1,2,1,1
44,1,7716,00:00:00.1610000,3,3,17,2009,2009,0,2009,42388,44397,1.0184171229467396,1.0376113656887882,0,1,3,2,1
44,2,8884,00:00:00.2490000,2,10,34,3986,4004,0,4004,76464,80468,1.020822880080281,1.0425121662935928,0,1,2,1,1
44,3,10409,00:00:00.3160000,5,12,73,8001,8011,0,8011,162482,170493,1.0431196100487439,1.0912915766436457,0.033498674631118774,1,5,4,1
44,4,11681,00:00:00.3960000,7,24,134,15934,16014,0,16014,308117,324131,1.0964603991464792,1.221260398635669,0.08252076804637909,1,7,6,1
44,5,12839,00:00:00.5360000,10,45,248,31878,32050,0,32050,574611,606661,1.1538051320660017,1.3854951512015774,0.11478672921657562,1,10,9,1
44,6,13975,00:00:00.7090000,10,84,473,63448,64017,0,64017,1097817,1161834,1.2398499558693734,1.687517805176884,0.17366811633110046,1,10,9,1
44,7,15013,00:00:00.9780000,12,168,876,126086,128150,0,128150,2047799,2175949,1.3577558174579256,2.2421801299039243,0.2636730670928955,2,12,9,1.2222222
44,8,15984,00:00:01.5070000,20,316,1698,251295,256118,0,256118,3843668,4099786,1.4941602499054896,3.1528893160487517,0.3114239573478699,2,20,16,1.1875
44,9,16850,00:00:02.3480000,23,628,3028,497363,512162,0,512162,7038109,7550271,1.619133309072046,4.221993785156875,0.37837547063827515,2,23,18,1.2222222
44,10,17650,00:00:03.8460000,30,1218,5560,983094,1018865,5293,1024158,12905503,13929661,1.7436389602621927,5.324867022166744,0.42544227838516235,2,30,23,1.2608696
44,11,18414,00:00:06.5110000,37,2367,10411,1887361,1970239,78088,2048327,23888483,25936810,1.8610271166989252,6.239340267399661,0.45350855588912964,3,37,29,1.2413793
44,12,19172,00:00:11.4810000,40,4537,19332,3468942,3680047,418132,4098179,44340749,48438928,1.9762140733399405,6.9447715502887135,0.49341684579849243,3,40,30,1.3
44,13,19954,00:00:24.7260000,44,8466,36320,6151283,6659116,1536816,8195932,82665881,90861813,2.101619613339201,7.798227639866377,0.5176354646682739,3,44,33,1.3030303
44,14,20780,00:01:06.3050000,47,15071,68322,10550815,11762042,4632814,16394856,153947863,170342719,2.258825976950596,9.220393097241493,0.539887547492981,4,47,34,1.3529412
44,15,21657,00:02:35.7370000,61,27169,126965,17812357,20384729,12404163,32788892,284245668,317034560,2.4731342966009495,12.115859473550486,0.50418621301651,4,61,45,1.3333334
44,16,22588,00:05:33.5090000,68,47676,233886,29227047,34884184,30691042,65575226,517978711,583553937,2.768754195386212,15.70155721312127,0.5004563927650452,4,68,51,1.3137255
44,17,23567,00:11:15.8440000,83,83269,424011,47732333,59145810,71941271,131087081,927653482,1058740563,3.1728302490473284,16.397297127419833,0.4459204375743866,5,83,62,1.3225807
44,18,24590,00:22:00.5110000,86,143084,759314,77055916,99813953,162332240,262146193,1633880030,1896026223,3.7016394172771885,13.198013557297768,0.44880542159080505,5,86,63,1.3492063
44,19,25658,00:41:56.5220000,94,244241,1347303,127128444,167958252,356638305,524596557,2841078875,3365675432,4.317724057096145,12.257720011613147,0.35949942469596863,6,95,70,1.3428571
44,20,26781,01:19:24.2930000,93,415938,2382781,207216078,281400051,767210922,1048610973,4904611123,5953222096,4.9317817558539065,13.851868534613903,0.3016114830970764,5,94,63,1.4761904
45,0,7176,00:00:00.0790000,2,3,6,1000,1001,0,1001,12199,13200,1.185,1.431741719952836,0,1,2,1,1
45,1,8008,00:00:00.0980000,3,4,12,2001,2002,0,2002,24430,26432,1.2553723138430786,1.6247200502641068,0.05355829373002052,1,3,2,1
45,2,8988,00:00:00.1220000,2,6,23,3993,4003,0,4003,51844,55847,1.3365890308039068,1.806990682140602,0,1,2,1,1
45,3,9954,00:00:00.1580000,7,13,41,7990,8005,0,8005,109520,117525,1.4473091364205257,2.029170125647603,0.04262630641460419,2,7,5,1.2
45,4,10798,00:00:00.1850000,8,24,84,15941,16012,0,16012,204093,220105,1.5676557305062417,2.060946061537162,0.035496413707733154,2,8,6,1.1666666
45,5,11627,00:00:00.2310000,10,39,162,31809,32011,0,32011,393838,425849,1.7027570813291835,1.9269324050474064,0.05014842003583908,2,10,8,1.125
45,6,12378,00:00:00.2990000,13,81,311,63466,64028,0,64028,737586,801614,1.8170201367661425,1.748807278106434,0.047041404992341995,2,13,11,1.0909091
45,7,13115,00:00:00.4280000,14,166,605,126693,128159,0,128159,1419352,1547511,1.908763704387772,1.6931402143372363,0.060314204543828964,2,14,12,1.0833334
45,8,13805,00:00:00.6880000,14,294,1139,250824,256112,0,256112,2697674,2953786,1.9897737058654674,1.6792205757837264,0.06166021525859833,2,14,12,1.0833334
45,9,14461,00:00:01.1010000,18,605,2220,498867,512251,0,512251,5118095,5630346,2.0705077706081982,1.7487759181383375,0.06423056870698929,2,18,16,1.0625
45,10,15098,00:00:01.8750000,22,1201,4306,985860,1019220,4887,1024107,9800506,10824613,2.1612906497880022,1.9240098309778115,0.0744490921497345,2,22,20,1.05
45,11,15717,00:00:03.4380000,27,2255,8314,1890982,1974627,74281,2048908,18689907,20738815,2.255992389139611,2.2124420261671887,0.08821113407611847,3,27,23,1.1304348
45,12,16342,00:00:06.2980000,30,4159,15886,3487959,3692279,404996,4097275,35591876,39689151,2.357140665930993,2.656044743151351,0.10717710852622986,3,30,24,1.2083334
45,13,16998,00:00:14.9390000,35,7825,30260,6228865,6695547,1499694,8195241,67752375,75947616,2.4764579100686883,3.3767863733949053,0.1403268426656723,3,35,28,1.2142857
45,14,17702,00:00:41.5830000,41,14361,57782,10798506,11838668,4551874,16390542,128570834,144961376,2.606789772585208,4.4900168481474045,0.16830870509147644,3,41,33,1.2121212
45,15,18472,00:01:41.5410000,48,26231,110213,18195315,20533902,12258756,32792658,243084611,275877269,2.7530598948135827,6.108430076135571,0.19772344827651978,3,48,40,1.175
45,16,19321,00:03:49.7240000,64,45865,208268,30172166,35062740,30494588,65557328,456558818,522116146,2.944737842155581,8.489544158303158,0.2340446561574936,4,64,52,1.2115384
45,17,20263,00:08:14.0030000,77,81411,392203,48741800,59258618,71880307,131138925,851539438,982678363,3.190890139469613,11.84356467555354,0.27697136998176575,5,78,59,1.3050847
45,18,21299,00:17:14.1290000,89,141941,731266,77118002,99464212,162682560,262146772,1568360934,1830507706,3.524340983315413,17.996168493301358,0.5555768013000488,4,89,65,1.3538462
45,19,22413,00:35:29.8490000,100,245265,1340296,121494308,166822827,357549737,524372564,2827710335,3352082899,4.0563728631632685,30.36032630197856,0.5965548157691956,5,100,70,1.4142857
45,20,23574,01:09:55.9940000,103,419793,2404550,195615005,280747370,767911413,1048658783,4958126522,6006785305,4.902364003211308,33.71295720236584,0.5957353711128235,6,103,67,1.5223881
46,0,6924,00:00:00.0750000,1,1,12,1003,1003,0,1003,19692,20695,1,1,0,0,1,1,0
46,1,8683,00:00:00.1110000,3,4,20,2007,2009,0,2009,44380,46389,1.0458395615346288,1.0971248451545348,0.043463438749313354,1,3,2,1
46,2,9755,00:00:00.1800000,6,7,40,4019,4020,0,4020,75110,79130,1.0821099776063698,1.183328117410397,0.05781332775950432,1,6,5,1
46,3,11076,00:00:00.2150000,8,12,70,7987,8001,0,8001,152030,160031,1.1648929510454489,1.4087441817788418,0.11572164297103882,2,8,6,1.1666666
46,4,12306,00:00:00.2650000,9,28,131,15928,16010,0,16010,293027,309037,1.2930060271220492,1.8116595517463474,0.15860402584075928,2,9,7,1.1428572
46,5,13310,00:00:00.3370000,11,49,227,31753,32029,0,32029,521704,553733,1.4461940604037413,2.43138618547437,0.2134249210357666,2,11,8,1.25
46,6,14194,00:00:00.4620000,18,94,399,63262,64022,0,64022,929957,993979,1.6311371755556259,3.374824727329531,0.23775607347488403,2,18,14,1.2142857
46,7,14966,00:00:00.6950000,23,166,715,125820,128008,0,128008,1638955,1766963,1.8294150373549516,4.3375430351469495,0.23082463443279266,2,23,18,1.2222222
46,8,15668,00:00:00.9770000,29,341,1332,250555,256176,0,256176,2930667,3186843,2.0237792101534593,4.879830103407739,0.24751634895801544,3,29,23,1.2173913
46,9,16295,00:00:01.3980000,33,628,2332,499181,512102,0,512102,5239131,5751233,2.1991702408545195,4.6682842712066295,0.24594727158546448,3,33,26,1.2307693
46,10,16883,00:00:02.1530000,36,1204,4323,989865,1020539,4672,1025211,9556409,10581620,2.3495476655907623,4.15799697628406,0.24434028565883636,3,36,29,1.2068965
46,11,17451,00:00:03.5020000,38,2262,8088,1903954,1977535,72832,2050367,17720668,19771035,2.483848874500119,3.5408603094543287,0.2303149700164795,3,38,31,1.1935484
46,12,18019,00:00:05.9870000,37,4109,14974,3520901,3701255,396792,4098047,33055862,37153909,2.609946715343601,2.987339469294831,0.2316710501909256,3,37,29,1.2413793
46,13,18613,00:00:10.8200000,37,7615,28210,6304839,6720762,1477932,8198694,62190604,70389298,2.7262101379591135,2.5882535950905594,0.22737739980220795,4,37,28,1.2857143
46,14,19257,00:00:26.7180000,42,13971,53930,11004191,11892510,4505414,16397924,117869360,134267284,2.845450065343286,2.347165344316398,0.2129625380039215,4,42,33,1.2424242
46,15,19970,00:01:15.6250000,46,25424,102902,18668314,20622746,12156148,32778894,223960364,256739258,2.9689402588792966,2.260481158828059,0.20038186013698578,4,46,37,1.2162162
46,16,20768,00:03:04.2130000,53,45340,195945,30900487,35216540,30334738,65551278,424714065,490265343,3.117021942081366,2.399288360457696,0.17824023962020874,4,53,43,1.2093023
46,17,21664,00:06:58.4170000,67,80567,373279,50376993,59522049,71608257,131130306,800520435,931650741,3.3349162980013514,3.0159737540970455,0.1750432401895523,5,67,51,1.2941177
46,18,22657,00:15:10.8090000,77,140410,701277,80121299,99938566,162277852,262216418,1487382356,1749598774,3.670331206187758,4.744163448258364,0.17093676328659058,6,78,56,1.375
46,19,23728,00:31:34.3770000,84,242792,1290201,126579183,167793318,356823853,524617171,2698669917,3223287088,4.231066509569745,8.899181665833858,0.16216795146465302,7,85,62,1.3548387
46,20,24846,01:02:43.8400000,76,414138,2321160,203005749,282332155,766594040,1048926195,4751050566,5799976761,5.046789783278502,12.09846108020184,0.2101861983537674,6,77,58,1.3103448
47,0,9017,00:00:00.1020000,1,1,7,1011,1011,0,1011,18976,19987,1,1,0,0,1,1,0
47,1,10594,00:00:00.1310000,2,3,15,2001,2003,0,2003,41429,43432,1.00199900049975,1.0040060333360505,0,1,2,1,1
47,2,11638,00:00:00.1800000,2,4,26,3996,4002,0,4002,71823,75825,1.003003003003003,1.0060240381201386,0,1,2,1,1
47,3,13245,00:00:00.2240000,5,20,83,7962,8008,0,8008,164389,172397,1.020723436322532,1.042512381302292,0.011453965678811073,1,5,4,1
47,4,14640,00:00:00.2990000,12,27,147,15916,16002,0,16002,320346,336348,1.0809248554913296,1.1809447694163286,0.0541280172765255,1,12,11,1
47,5,15803,00:00:00.4000000,14,46,254,31860,32019,0,32019,587388,619407,1.1540803515379787,1.3754132258772214,0.09967667609453201,2,14,12,1.0833334
47,6,16948,00:00:00.5440000,16,101,477,63270,64039,0,64039,1120354,1184393,1.2529002686897424,1.7106567376093778,0.1602332442998886,2,16,14,1.0714285
47,7,17982,00:00:00.8060000,21,171,867,125976,128122,0,128122,2070843,2198965,1.3821997840858575,2.2939927335174968,0.23332813382148743,2,21,19,1.0526316
47,8,18896,00:00:01.1930000,26,338,1577,250308,256028,0,256028,3753826,4009854,1.5197876216501272,3.110759539819096,0.3144156336784363,2,26,21,1.1904762
47,9,19741,00:00:01.9040000,29,659,2931,495850,512256,0,512256,6861326,7373582,1.6618493496016942,4.08603123482627,0.38054198026657104,2,29,24,1.1666666
47,10,20502,00:00:03.0800000,35,1297,5412,976341,1019478,5101,1024579,12453581,13478160,1.8086652102083187,5.002042169320901,0.4053678810596466,2,35,29,1.1724138
47,11,21227,00:00:05.1610000,39,2449,9972,1858727,1971659,77074,2048733,22862266,24910999,1.945951180566054,5.587998835143362,0.4309210479259491,3,39,32,1.1875
47,12,21943,00:00:08.9640000,49,4476,18461,3433188,3684257,413400,4097657,42194150,46291807,2.0921172973923943,6.031302008875415,0.43926572799682617,3,49,39,1.2307693
47,13,22678,00:00:16.6500000,56,8269,34391,6096940,6671581,1521478,8193059,78199211,86392270,2.2456596259763093,6.1604713814389465,0.4304593503475189,3,56,46,1.1956521
47,14,23446,00:00:44.2790000,65,14996,64259,10554503,11793128,4594062,16387190,144483295,160870485,2.4237225570924563,5.997525123990028,0.4137619733810425,3,65,53,1.2075472
47,15,24269,00:01:52.4040000,69,26467,119330,17730876,20451683,12327111,32778794,266771597,299550391,2.6282652363030454,5.6063339310423865,0.38717299699783325,4,69,56,1.2142857
47,16,25158,00:04:13.9420000,80,47028,221674,29352368,34950597,30596342,65546939,490231134,555778073,2.8666893928285444,5.457167615664506,0.3555995523929596,4,80,60,1.3166667
47,17,26124,00:08:58.9110000,81,82429,409236,47051399,59138603,71956707,131095310,895037548,1026132858,3.1492571559880718,5.925059424410899,0.3354686200618744,4,81,61,1.3114754
47,18,27172,00:18:27.6500000,91,143191,752229,75034794,99444046,162855094,262299140,1619973113,1882272253,3.5234020499876366,8.301269901176266,0.3308414816856384,4,91,66,1.3636364
47,19,28299,00:37:04.6820000,104,246371,1367669,119754727,166378931,358040893,524419824,2895171389,3419591213,4.016361041013438,13.946175533512212,0.34299686551094055,5,105,74,1.4054054
47,20,29513,01:13:33.3030000,100,422880,2471579,187992545,277871802,771076374,1048948176,5128681992,6177630168,4.557798060556071,17.34036804958502,0.4332514703273773,4,101,73,1.369863
48,0,8497,00:00:00.2070000,2,2,8,1004,1004,0,1004,20932,21936,1.0288844621513944,1.059434616881828,0,1,2,1,1
48,1,9747,00:00:00.2540000,2,2,11,2001,2001,0,2001,39284,41285,1.0144927536231885,1.0294053981801636,0,1,2,1,1
48,2,11274,00:00:00.3240000,4,9,30,3995,4001,0,4001,83255,87256,1.0357947434292867,1.074578292216964,0.018027275800704956,1,4,3,1
48,3,12409,00:00:00.3850000,5,11,58,7983,8005,0,8005,147065,155070,1.0799198296379806,1.1757564165983978,0.040150683373212814,1,5,4,1
48,4,13583,00:00:00.4660000,6,16,122,15997,16040,0,16040,282586,298626,1.1049571794711508,1.240396053279036,0.06830358505249023,1,6,5,1
48,5,14879,00:00:00.6160000,8,41,248,31921,32047,0,32047,583001,615048,1.210081137808966,1.5503672357098635,0.115732342004776,1,8,7,1
48,6,15990,00:00:00.7860000,8,75,459,63519,64029,0,64029,1089349,1153378,1.3247532234449535,1.9908533574011096,0.19290979206562042,1,8,7,1
48,7,16988,00:00:01.0420000,11,142,825,126547,128024,0,128024,2000920,2128944,1.4522667467423171,2.565825955973925,0.2666360139846802,2,11,8,1.25
48,8,17876,00:00:01.4860000,16,313,1535,251290,256276,0,256276,3627685,3883961,1.5823232122249193,3.144078443379035,0.30314192175865173,2,16,12,1.25
48,9,18707,00:00:02.3140000,19,584,2817,498165,512176,0,512176,6686831,7199007,1.7042746881053465,3.503227176314807,0.3558782935142517,2,19,15,1.2
48,10,19464,00:00:03.6830000,23,1248,5306,980149,1019252,5236,1024488,12243461,13267949,1.8173430774300643,3.6567053651404033,0.39570656418800354,2,23,18,1.2222222
48,11,20191,00:00:06.1800000,31,2301,9828,1877322,1971543,77351,2048894,22691668,24740562,1.9278301751111424,3.8077901691784577,0.40857937932014465,3,31,24,1.25
48,12,20922,00:00:10.8710000,38,4376,18622,3450638,3682000,416298,4098298,42444081,46542379,2.042069031871787,4.058703778150399,0.4270225465297699,3,38,29,1.2758621
48,13,21677,00:00:19.9720000,47,8148,34932,6131338,6665293,1529180,8194473,79464713,87659186,2.1750800559355885,4.645745673385038,0.4357101321220398,3,47,36,1.2777778
48,14,22469,00:00:42.7880000,59,14940,65404,10618131,11774838,4613012,16387850,147842281,164230131,2.343909017509767,5.884753310591918,0.4625076353549957,3,59,44,1.3181819
48,15,23315,00:01:50.7060000,68,26900,122492,17864948,20422211,12354800,32777011,273506716,306283727,2.5569221360174126,8.370597387030898,0.48702552914619446,4,68,49,1.3673469
48,16,24220,00:04:14.3010000,81,47168,226595,29579751,34933040,30622298,65555338,500773332,566328670,2.8304909666075284,13.509606086529642,0.5126956105232239,4,81,58,1.3793104
48,17,25187,00:08:59.1350000,97,82291,413844,48337557,59168317,71921227,131089544,905704356,1036793900,3.1777397438600383,21.06732605113719,0.49281713366508484,5,97,65,1.4769231
48,18,26220,00:18:13.9900000,101,142602,752373,77605134,99621252,162537221,262158473,1619575637,1881734110,3.626785065534453,24.474047875703494,0.4877166450023651,5,102,70,1.4428571
48,19,27308,00:35:42.3060000,107,244740,1349333,126312149,167610373,356936300,524546673,2848916237,3373462910,4.2638150507596855,25.411843073782954,0.49594178795814514,6,108,70,1.5285715
48,20,28415,01:07:18.5450000,85,415985,2370568,207148851,283585342,765514296,1049099638,4878630690,5927730328,5.238927514012617,18.180252665233446,0.43941444158554077,7,86,51,1.6666666
4,0,6429,00:00:00.1810000,4,5,11,1005,1006,0,1006,19126,20132,1.046766169154229,1.0986664963821955,0.02203282155096531,1,4,3,1
4,1,7660,00:00:00.2430000,6,8,21,2006,2008,0,2008,36129,38137,1.0862412761714855,1.1898350003943408,0.02955836057662964,1,6,5,1
4,2,8618,00:00:00.3010000,6,11,36,3997,4009,0,4009,63052,67061,1.1393545158869152,1.3291561836299297,0.07058732211589813,1,6,5,1
4,3,9828,00:00:00.3630000,9,14,65,7987,8007,0,8007,131983,139990,1.2706898710404406,1.764843856009477,0.15473301708698273,2,9,7,1.1428572
4,4,10750,00:00:00.4270000,14,29,114,15942,16001,0,16001,239226,255227,1.4117425668046668,2.3529235359909864,0.18978559970855713,2,14,12,1.0833334
4,5,11777,00:00:00.5250000,15,48,211,31740,32017,0,32017,473223,505240,1.5678323881537493,2.9322142812257384,0.23998060822486877,2,15,12,1.1666666
4,6,12611,00:00:00.6970000,20,105,402,63203,64014,0,64014,856334,920348,1.7050456465674098,3.429924711570842,0.26702767610549927,3,20,16,1.1875
4,7,13379,00:00:00.9060000,23,187,712,125942,128039,0,128039,1562049,1690088,1.831970272029982,3.6688227164839278,0.2881007194519043,3,23,19,1.1578947
4,8,14077,00:00:01.2250000,28,320,1262,250713,256172,0,256172,2848201,3104373,1.9722471511249915,3.9366508113346077,0.28244948387145996,3,28,24,1.125
4,9,14726,00:00:01.7860000,29,643,2316,496609,512320,0,512320,5233950,5746270,2.1295244347162456,4.234883841889024,0.2778695225715637,3,29,25,1.12
4,10,15325,00:00:02.7720000,33,1193,4325,982594,1020374,4690,1025064,9624382,10649446,2.3179736493404195,4.759927850702575,0.26080387830734253,3,33,27,1.1851852
4,11,15883,00:00:04.3850000,36,2176,7919,1888000,1976308,71752,2048060,17620014,19668074,2.5437145127118646,5.225299126508351,0.21789933741092682,4,36,28,1.25
4,12,16420,00:00:07.2720000,37,4287,14712,3506022,3707486,390652,4098138,32090107,36188245,2.7978649306821235,5.206226319088808,0.19706358015537262,4,37,28,1.2857143
4,13,16959,00:00:12.5940000,40,7726,27028,6338333,6747344,1447665,8195009,58484743,66679752,3.0608115730113896,4.525452955502278,0.17018167674541473,4,40,31,1.2580645
4,14,17517,00:00:23.2710000,40,13751,49588,11136989,11990894,4398253,16389147,106622252,123011399,3.325526405745754,3.573152298257343,0.14596326649188995,4,40,31,1.2580645
4,15,18113,00:00:55.5950000,41,24163,91748,19194117,20910470,11883662,32794132,195216128,228010260,3.5836052786382413,2.8490272519872373,0.12791340053081512,5,41,31,1.2903225
4,16,18766,00:02:14.4850000,41,42585,170221,32387988,35878244,29697472,65575716,359394454,424970170,3.814358057684843,2.4457965110345046,0.11104603111743927,5,41,31,1.2903225
4,17,19500,00:05:05.5330000,43,75574,319856,53646325,60762338,70376699,131139037,667391161,798530198,4.033333280518283,2.3735149232805437,0.09574983268976212,5,44,33,1.3030303
4,18,20332,00:11:14.3990000,46,132604,602139,86616815,101910330,160250597,262160927,1243555073,1505716000,4.257532166242779,2.6962084779088054,0.08945523947477341,5,47,34,1.3529412
4,19,21282,00:24:30.1180000,59,233028,1138916,137992157,170122181,354515932,524638113,2320848204,2845486317,4.55455602451377,3.875457405075234,0.09809277206659317,6,60,46,1.2826087
4,20,22347,00:52:44.9800000,72,406127,2133096,215236890,283014553,765987507,1049002060,4281714817,5330716877,4.962784023686646,7.062566630578584,0.13961930572986603,5,73,57,1.2631578
49,0,6753,00:00:00.1290000,2,2,5,1003,1003,0,1003,15565,16568,1.0199401794616152,1.0406749605886532,0,1,2,1,1
49,1,7729,00:00:00.1620000,4,6,15,2002,2004,0,2004,28829,30833,1.06993006993007,1.1520795353320021,0.04138382151722908,1,4,3,1
49,2,8946,00:00:00.2320000,4,7,26,3996,4002,0,4002,63504,67506,1.1308808808808808,1.3097244502031544,0.10313544422388077,1,4,3,1
49,3,10062,00:00:00.2670000,7,11,54,7998,8003,0,8003,124744,132747,1.1797949487371844,1.4562344294173295,0.10567166656255722,1,7,6,1
49,4,11176,00:00:00.3220000,9,30,114,15922,16004,0,16004,250468,266472,1.2895992965707825,1.8480122606616105,0.15268424153327942,1,9,8,1
49,5,12169,00:00:00.4130000,15,37,199,31876,32017,0,32017,478628,510645,1.4283787175304303,2.4955917283359934,0.20952337980270386,2,15,13,1.0769231
49,6,13044,00:00:00.5380000,15,81,381,63448,64002,0,64002,878117,942119,1.5523105535241457,3.083649675514207,0.2651629149913788,2,15,12,1.1666666
49,7,13894,00:00:00.7490000,19,179,734,126207,128064,0,128064,1663672,1791736,1.6662229511833733,3.521881430263101,0.2998615801334381,2,19,16,1.125
49,8,14677,00:00:01.1250000,20,348,1365,249413,256014,0,256014,3106446,3362460,1.7672134171033587,3.69571791228244,0.3448143005371094,2,20,17,1.117647
49,9,15405,00:00:01.7950000,30,634,2489,497315,512046,0,512046,5786850,6298896,1.8637443069282045,3.755859819775877,0.340833455324173,2,30,26,1.1153846
49,10,16102,00:00:03.0210000,35,1231,4782,982907,1020069,5070,1025139,10916180,11941319,1.9536426131872089,3.792417037588381,0.3530324101448059,3,35,29,1.1724138
49,11,16783,00:00:05.2040000,39,2393,9092,1880006,1973368,76242,2049610,20706359,22755969,2.040145616556543,3.93696017480477,0.35429564118385315,3,39,32,1.1875
49,12,17473,00:00:09.4260000,42,4354,17369,3458270,3686232,413684,4099916,39388301,43488217,2.1394558550951777,4.254526865845378,0.3616458773612976,3,42,33,1.2424242
49,13,18196,00:00:17.8370000,48,8058,32997,6142697,6674545,1519432,8193977,74822178,83016155,2.265714229433749,4.935268531104353,0.3622196316719055,3,48,39,1.2051282
49,14,18959,00:00:38.9160000,59,14715,62643,10652987,11800369,4595263,16395632,140706087,157101719,2.4391924067869417,6.28462893665089,0.35919615626335144,4,59,47,1.2340425
49,15,19771,00:01:42.1340000,63,26172,116725,17908481,20477152,12313212,32790364,261332293,294122657,2.667382119119986,8.61071349411122,0.3793554902076721,4,63,48,1.2916666
49,16,20636,00:03:59.1080000,70,46726,216717,29593684,35057862,30503257,65561119,478514712,544075831,2.9681460071007044,11.920141353678032,0.37775492668151855,4,70,53,1.3018868
49,17,21557,00:08:33.0870000,83,81513,396879,48712478,59465781,71661003,131126784,864130199,995256983,3.339908493261213,14.288942262714412,0.3731382489204407,4,83,60,1.3666667
49,18,22542,00:17:29.7290000,81,141162,721021,77691610,100116665,162107936,262224601,1544868130,1807092731,3.755627293603518,13.535877627979955,0.3890126645565033,5,82,58,1.3965517
49,19,23603,00:34:58.4160000,88,242628,1306616,124201115,167797877,356811445,524609322,2745788311,3270397633,4.218536596873546,13.143958304940483,0.38703659176826477,5,89,62,1.4193548
49,20,24750,01:09:25.3260000,93,416815,2361414,195601544,280109897,768743290,1048853187,4855518854,5904372041,4.763036037179748,14.320417492483742,0.5271682143211365,6,94,68,1.367647
5,0,11152,00:00:00.2070000,3,3,16,1005,1005,0,1005,18595,19600,1.1213930348258707,1.27302893813363,0.028319470584392548,1,3,2,1
5,1,12366,00:00:00.2650000,2,4,28,2006,2008,0,2008,35475,37483,1.1859421734795612,1.4341757008306681,0,1,2,1,1
5,2,13367,00:00:00.3160000,2,4,33,4006,4008,0,4008,64108,68116,1.2636045931103346,1.6346130278650775,0,1,2,1,1
5,3,14350,00:00:00.3530000,5,13,62,7986,8003,0,8003,120660,128663,1.4035812672176309,1.9485613373955544,0.029681095853447914,1,5,4,1
5,4,15253,00:00:00.4040000,7,22,108,15947,16014,0,16014,224563,240577,1.5327647833448297,2.0735652066359203,0.05901535227894783,2,7,5,1.2
5,5,16053,00:00:00.4790000,8,47,197,31844,32027,0,32027,407956,439983,1.6617573169199849,1.969857687872223,0.09792820364236832,2,8,6,1.1666666
5,6,16857,00:00:00.6380000,8,63,332,63536,64021,0,64021,775451,839472,1.7586879879123647,1.792861674738587,0.12348421663045883,2,8,6,1.1666666
5,7,17599,00:00:00.8320000,9,132,616,126454,128051,0,128051,1457084,1585135,1.8444572730004587,1.6237499248208145,0.14010068774223328,2,9,7,1.1428572
5,8,18309,00:00:01.1980000,14,284,1180,252174,256073,0,256073,2769619,3025692,1.915427442956054,1.5454997546772595,0.1336822509765625,3,14,11,1.1818181
5,9,18992,00:00:01.8570000,17,564,2301,501672,512027,0,512027,5283898,5795925,1.9904220287359071,1.5249000700144197,0.13773711025714874,3,17,13,1.2307693
5,10,19651,00:00:03.1940000,19,1134,4394,989900,1019637,5106,1024743,10127521,11152264,2.074790382866956,1.5836401219316856,0.13955655694007874,3,19,15,1.2
5,11,20294,00:00:05.8790000,24,2212,8401,1900835,1974295,75185,2049480,19355345,21404825,2.1875591516359916,1.7490690396085893,0.1375432163476944,3,24,19,1.2105263
5,12,20934,00:00:11.3180000,30,4173,16076,3526194,3691202,405697,4096899,36614632,40711531,2.3512566239974317,2.100742446644011,0.14367413520812988,3,30,24,1.2083334
5,13,21579,00:00:25.4110000,34,7844,30343,6319322,6703420,1492625,8196045,68171422,76367467,2.5783973343975823,2.751265197483908,0.1534806340932846,4,34,27,1.2222222
5,14,22235,00:00:56.0350000,39,14241,56441,11081551,11896627,4497124,16393751,124680163,141073914,2.878707772946224,3.7695806941644605,0.16666822135448456,4,39,31,1.2258065
5,15,22908,00:01:55.6270000,39,25130,102547,18942771,20747443,12031455,32778898,224458616,257237514,3.249053689135555,4.629309732562861,0.17997236549854279,5,39,29,1.3103448
5,16,23609,00:03:50.8880000,40,43915,185691,31981346,35704315,29839917,65544232,400228599,465772831,3.664118702195961,4.786193012886829,0.184102863073349,5,40,28,1.3928572
5,17,24349,00:07:34.7950000,40,76793,335685,53358394,60844953,70254390,131099343,709952977,841052320,4.128990032945894,4.905814507816452,0.18584159016609192,5,41,28,1.4285715
5,18,25142,00:14:54.5110000,37,132819,607412,87894554,102927895,159313897,262241792,1258013785,1520255577,4.59753840949008,5.518591662933844,0.27022573351860046,4,37,27,1.3333334
5,19,26002,00:29:25.8960000,42,229190,1101841,144117169,173042233,351615761,524657994,2230899639,2755557633,5.098372942643635,5.669281712848398,0.2747598886489868,5,42,29,1.4137931
5,20,26949,00:58:56.9660000,53,398731,2010728,234167610,289135584,759765646,1048901230,3974743515,5023644745,5.56193789568079,4.678127321107994,0.26253291964530945,5,53,37,1.4054054
6,0,6695,00:00:00.1270000,4,5,14,1002,1003,0,1003,15490,16493,1.06187624750499,1.1335634830999177,0.03507861867547035,1,4,3,1
6,1,7936,00:00:00.1850000,4,6,19,2001,2003,0,2003,32867,34870,1.0889555222388805,1.1959456716435635,0.033771175891160965,1,4,3,1
6,2,9013,00:00:00.2410000,2,4,26,4002,4005,0,4005,63427,67432,1.1441779110444779,1.3276356270573968,0,1,2,1,1
6,3,10188,00:00:00.2880000,5,14,57,7974,8004,0,8004,129613,137617,1.301103586656634,1.7451862492764898,0.03974486142396927,1,5,4,1
6,4,11185,00:00:00.3550000,6,25,104,15937,16025,0,16025,247110,263135,1.4071657150028236,2.0074664525585852,0.07479587197303772,1,6,5,1
6,5,12161,00:00:00.4870000,7,53,207,31768,32019,0,32019,469908,501927,1.5446046335935533,2.139271646866782,0.10727490484714508,2,7,5,1.2
6,6,12973,00:00:00.6580000,12,77,361,63297,64086,0,64086,844256,908342,1.6687520735579886,2.088970728003053,0.1475256085395813,2,12,9,1.2222222
6,7,13749,00:00:00.8890000,20,139,663,126670,128155,0,128155,1555194,1683349,1.7815741691008131,1.941043680077219,0.13479742407798767,2,20,17,1.117647
6,8,14480,00:00:01.3040000,21,312,1267,251381,256246,0,256246,2903395,3159641,1.8658092695947586,1.800392772398455,0.15053117275238037,2,21,18,1.1111112
6,9,15184,00:00:02.0670000,27,597,2430,500864,512418,0,512418,5511964,6024382,1.9508309640940455,1.7583867130538275,0.16144737601280212,3,27,22,1.1818181
6,10,15858,00:00:03.5860000,31,1229,4634,989780,1019655,4937,1024592,10475586,11500178,2.028450766837075,1.797525385044433,0.15785980224609375,3,31,26,1.1538461
6,11,16527,00:00:06.5320000,33,2304,8877,1894379,1973277,76117,2049394,20100562,22149956,2.115794674666474,1.9257609706492753,0.19746939837932587,3,33,27,1.1851852
6,12,17195,00:00:12.7550000,36,4514,17022,3495515,3686605,409801,4096406,38137415,42233821,2.2161209435519518,2.1819161565546623,0.20767037570476532,3,36,28,1.25
6,13,17895,00:00:29.1330000,42,8265,32454,6242258,6683431,1514638,8198069,72441555,80639624,2.3425460786785806,2.702915046995334,0.22489133477210999,3,42,33,1.2424242
6,14,18635,00:01:06.3700000,50,14831,61354,10837155,11815425,4576250,16391675,136353056,152744731,2.509416262847583,3.7325533089118186,0.24549849331378937,3,50,38,1.2894737
6,15,19425,00:02:23.6020000,58,26692,114984,18330949,20512130,12280235,32792365,253751626,286543991,2.723814517186208,5.836859314639329,0.27233901619911194,3,58,42,1.3571428
6,16,20274,00:05:01.5450000,73,46611,213265,30549357,35100644,30476302,65576946,467064618,532641564,2.9991195886708844,9.72179835520669,0.29680150747299194,5,73,51,1.4117647
6,17,21189,00:10:20.4920000,83,81460,392371,49685193,59467885,71644807,131112692,850398889,981511581,3.3228718866000984,12.849811159641181,0.3119145929813385,5,83,57,1.4385965
6,18,22180,00:21:01.7890000,90,141021,718690,79215500,100016104,162204514,262220618,1535578755,1797799373,3.703834767185715,12.221434146324404,0.31447118520736694,5,91,62,1.451613
6,19,23252,00:42:19.9300000,104,243613,1309202,125675908,167543673,356966580,524510253,2748767055,3273277308,4.1646536025027165,12.518208378135853,0.3073365092277527,7,105,69,1.5072464
6,20,24401,01:24:01.8630000,115,416656,2363535,200805361,280483530,768463042,1048946572,4860664209,5909610781,4.827087016865053,15.549489446427668,0.279527485370636,7,116,78,1.4743589
7,0,9559,00:00:00.1730000,1,1,7,1006,1006,0,1006,19323,20329,1,1,0,0,1,1,0
7,1,10741,00:00:00.2090000,2,5,21,2001,2006,0,2006,36041,38047,1.0089955022488755,1.0181527566474187,0,1,2,1,1
7,2,11842,00:00:00.2630000,3,7,27,3996,4001,0,4001,68172,72173,1.0082582582582582,1.0166788382643783,0,1,3,2,1
7,3,13182,00:00:00.3200000,5,11,51,7986,8006,0,8006,143364,151370,1.012396694214876,1.0251912104104306,0.0077935862354934216,1,5,4,1
7,4,14587,00:00:00.4020000,8,27,116,15904,16008,0,16008,301637,317645,1.0477867203219315,1.101949957631988,0.03398480266332626,1,8,7,1
7,5,15963,00:00:00.5680000,11,40,244,31851,32017,0,32017,616219,648236,1.1210009104894665,1.2685012214152385,0.08052241057157516,2,11,9,1.1111112
7,6,17155,00:00:00.8340000,15,100,505,63315,64014,0,64014,1172644,1236658,1.2284292821606255,1.5787679775681838,0.12868410348892212,2,15,13,1.0769231
7,7,18161,00:00:01.2040000,18,184,888,125253,128103,0,128103,2094866,2222969,1.389826990171892,2.1511464661165065,0.19173361361026764,3,18,15,1.1333333
7,8,19061,00:00:01.8130000,27,336,1577,248991,256016,0,256016,3736598,3992614,1.598881084055247,3.1154507945198073,0.2078312188386917,3,27,21,1.2380953
7,9,19840,00:00:02.7840000,34,648,2786,495586,512076,0,512076,6578512,7090588,1.8509683485812756,4.45377336154441,0.22919441759586334,4,34,26,1.2692307
7,10,20507,00:00:04.3440000,37,1249,5039,981497,1019626,4883,1024509,11457546,12482055,2.131925008430999,5.735251366072393,0.220679372549057,4,37,29,1.2413793
7,11,21105,00:00:07.1480000,38,2323,8916,1888776,1975272,73004,2048276,20010602,22058878,2.4161843437231307,6.1816329204792195,0.2095244824886322,4,38,29,1.2758621
7,12,21667,00:00:12.0560000,39,4176,15676,3516251,3703496,394665,4098161,35156611,39254772,2.7139797471795957,5.761949933935783,0.1876610815525055,4,39,30,1.2666667
7,13,22220,00:00:22.9960000,36,7608,28018,6332968,6741220,1454652,8195872,62216156,70412028,3.0026475737758345,4.993073552470233,0.16810797154903412,4,36,27,1.2962962
7,14,22786,00:00:47.0060000,36,13928,51017,11166601,11991592,4409350,16400942,111014468,127415410,3.2862255040723674,4.288704974263671,0.1439918577671051,4,36,27,1.2962962
7,15,23387,00:01:35.6060000,34,24375,93303,19195232,20900905,11890709,32791614,200318535,233110149,3.5595007656067925,3.7282350624578666,0.11693272739648819,5,34,25,1.32
7,16,24040,00:03:14.9120000,37,43286,172121,32488771,35866216,29673091,65539307,364401902,429941209,3.8270145398851807,3.4107262167934027,0.09771089255809784,5,37,27,1.3333334
7,17,24766,00:06:42.6230000,40,75746,319790,54102178,60864003,70253552,131117555,668841231,799958786,4.104523426025474,3.3196326859646232,0.07579971849918365,5,40,30,1.3
7,18,25581,00:14:01.3520000,40,133330,597938,88125473,102306090,159949882,262255972,1233118171,1495374143,4.388232072240906,3.4113041817586978,0.08936953544616699,6,41,31,1.2903225
7,19,26505,00:29:41.6500000,42,232201,1122101,140398357,170704329,353699116,524403445,2280642755,2805046200,4.67369722139982,3.6819269835272737,0.14795948565006256,5,42,32,1.28125
7,20,27547,01:03:15.4450000,62,403846,2099374,221588220,283779355,764888732,1048668087,4199666244,5248334331,5.02877333461138,4.469121295745872,0.16980424523353577,5,62,47,1.2978723
8,0,9760,00:00:00.1930000,4,5,12,1003,1004,0,1004,15199,16203,1.1056829511465602,1.2346350559985002,0.020954914391040802,1,4,3,1
8,1,11027,00:00:00.2460000,3,4,19,2007,2009,0,2009,33028,35037,1.1076233183856503,1.2417652149037057,0.05924858897924423,1,3,2,1
8,2,11937,00:00:00.2970000,5,12,39,3991,4003,0,4003,59151,63154,1.2099724379854673,1.5347188485612442,0.10035210102796555,1,5,4,1
8,3,12781,00:00:00.3310000,8,13,56,8012,8020,0,8020,107919,115939,1.3020469296055917,1.8632253165124626,0.14539673924446106,2,8,6,1.1666666
8,4,13774,00:00:00.3920000,11,27,112,15961,16002,0,16002,221351,237353,1.4286072301234258,2.3721747303417096,0.1932392567396164,2,11,8,1.25
8,5,14625,00:00:00.4840000,12,39,198,31785,32004,0,32004,416185,448189,1.550322479156835,2.8341416958000387,0.23313376307487488,2,12,9,1.2222222
8,6,15482,00:00:00.6820000,18,74,379,63539,64055,0,64055,807516,871571,1.6981853664678386,3.2668873535268212,0.26190540194511414,2,18,15,1.1333333
8,7,16241,00:00:00.9260000,20,158,679,126793,128173,0,128173,1504750,1632923,1.8277901776911976,3.438193198972609,0.2756888270378113,2,20,16,1.1875
8,8,16963,00:00:01.3430000,22,309,1290,251334,256007,0,256007,2829226,3085233,1.9512879276182291,3.522377283572845,0.28076907992362976,2,22,18,1.1666666
8,9,17619,00:00:02.0550000,25,619,2408,499969,512500,0,512500,5238931,5751431,2.076916768839668,3.756274652551121,0.28610759973526,3,25,20,1.2
8,10,18242,00:00:03.4270000,28,1187,4441,986902,1020290,4717,1025007,9814632,10839639,2.196995243702009,4.063919941449959,0.29566872119903564,3,28,22,1.2272727
8,11,18842,00:00:05.9070000,32,2221,8321,1892652,1975773,73887,2049660,18424489,20474149,2.3244415772154627,4.551733398271647,0.30307143926620483,3,32,25,1.24
8,12,19446,00:00:11.0260000,37,4228,15621,3511029,3697831,402847,4100678,34754720,38855398,2.4651713215698305,5.185677884437835,0.3112941384315491,3,37,29,1.2413793
8,13,20070,00:00:24.3290000,41,7943,29762,6286153,6708443,1488946,8197389,65354026,73551415,2.612981580308338,5.8866347808012565,0.3090587556362152,3,41,32,1.25
8,14,20734,00:00:54.6200000,46,14290,55796,10946283,11880514,4516418,16396932,122688778,139085710,2.7813751937529845,6.685683243962482,0.31801435351371765,4,46,35,1.2857143
8,15,21451,00:01:58.2310000,55,25510,104850,18643243,20621741,12154183,32775924,229278771,262054695,2.97353164360943,7.667880666440952,0.3161923289299011,4,55,42,1.2857143
8,16,22238,00:04:11.7610000,63,45412,197054,31028303,35299795,30269698,65569493,427086827,492656320,3.1956218810935293,9.132303222638246,0.3241290748119354,4,63,45,1.3777778
8,17,23106,00:08:52.3500000,73,79610,368296,50729810,59729877,71396237,131126114,790989510,922115624,3.465184080129612,11.822251423282765,0.3471010625362396,4,74,53,1.3773584
8,18,24066,00:18:39.1800000,79,139442,686449,80888504,100309326,161984803,262294129,1455174520,1717468649,3.776928251757506,16.482888408833308,0.4160643517971039,5,80,55,1.4363636
8,19,25120,00:38:46.4830000,102,241243,1267916,129883241,167788081,356574681,524362762,2648532577,3172895339,4.216417051065118,25.036847812967878,0.42716163396835327,6,103,69,1.4782609
8,20,26255,01:18:55.4870000,98,414858,2310767,203771509,281309861,767580155,1048890016,4733522254,5782412270,4.898702374530681,33.5588511400172,0.3922671377658844,7,99,68,1.4411764
