RepeatId,GenerationId,Generations,Time,SubcloneSelect,SubcloneAlive,SubcloneTotal,CellSelectCount,CellAliveCount,CellNecroCount,CellTumorCount,CellLostCount,CellTotalCount,MeanDriversPerCell,ClonalDiversity,TreeBalance,TreeDepth,NodeCount,LeafCount,Branching
0,0,2652,00:00:00.0360000,1,2,4,1006,1007,0,1007,6315,7322,1,1,0,0,1,1,0
0,1,3013,00:00:00.0470000,1,1,5,2002,2002,0,2002,11582,13584,1,1,0,0,1,1,0
0,2,3356,00:00:00.0680000,1,2,7,4001,4002,0,4002,21361,25363,1,1,0,0,1,1,0
0,3,3660,00:00:00.0720000,3,5,10,8014,8018,0,8018,39251,47269,1.0061142999750436,1.012320221716802,0,1,3,2,1
0,4,3998,00:00:00.0870000,4,4,12,16027,16027,0,16027,78457,94484,1.011418231733949,1.0231809667357614,0.010135022923350334,1,4,3,1
0,5,4331,00:00:00.0930000,4,11,21,32036,32048,0,32048,154824,186872,1.0222874266450244,1.0458925643071595,0.01894395612180233,1,4,3,1
0,6,4671,00:00:00.1010000,4,17,43,63887,64028,0,64028,312292,376320,1.0456117833048977,1.096749006802881,0.03793172538280487,1,4,3,1
0,7,4994,00:00:00.1130000,5,35,80,127048,127725,427,128152,608375,736527,1.0888719224230212,1.1997206599646038,0.06331559270620346,1,5,4,1
0,8,5301,00:00:00.1310000,9,64,131,247954,249102,7369,256471,1157722,1414193,1.1842277196576785,1.4523004560052506,0.10968968272209167,2,9,6,1.3333334
0,9,5588,00:00:00.1620000,12,121,281,468983,471542,40975,512517,2122270,2634787,1.3340590170645845,1.964951229945063,0.1660287082195282,2,12,9,1.2222222
0,10,5859,00:00:00.2150000,13,217,512,867091,873745,152047,1025792,3767842,4793634,1.5455182904677824,2.925820138467459,0.24532055854797363,2,13,10,1.2
0,11,6117,00:00:00.3040000,16,360,870,1572691,1587286,461801,2049087,6533987,8583074,1.8114480212578312,4.3879493352615295,0.2769574522972107,2,16,12,1.25
0,12,6366,00:00:00.4680000,19,699,1560,2831350,2858892,1239543,4098435,11129809,15228244,2.106453458597489,5.595814250032008,0.3090328872203827,3,19,14,1.2857143
0,13,6616,00:00:00.7350000,20,1246,2763,5025611,5087384,3104831,8192215,18946205,27138420,2.38662582519817,5.35012561493589,0.321748286485672,3,20,15,1.2666667
0,14,6879,00:00:01.2190000,20,2265,4952,8816100,8959164,7429244,16388408,32668637,49057045,2.6317343269699753,4.342922749439328,0.28708750009536743,3,20,14,1.3571428
0,15,7167,00:00:02.0970000,21,4029,9140,15275246,15596068,17226111,32822179,57518049,90340228,2.842689603820456,3.6339061689457917,0.29047685861587524,3,21,15,1.3333334
0,16,7488,00:00:04.2080000,23,7118,16991,26098241,26890846,38758176,65649022,102880986,168530008,3.035288010406525,3.5011625484070055,0.2572689652442932,3,23,17,1.2941177
0,17,7847,00:00:12.3210000,30,12834,31670,44195635,46180804,84910050,131090854,185314290,316405144,3.2649752628285578,3.983877083984641,0.32930514216423035,4,30,22,1.3181819
0,18,8245,00:00:30.7260000,40,23174,59802,74607003,79735285,182457815,262193100,332986465,595179565,3.560800505550397,4.646197913103036,0.3042890131473541,4,41,29,1.3793104
0,19,8678,00:01:08.8870000,61,41839,112301,126968612,138859446,385974999,524834445,591919314,1116753759,3.9473147583908377,5.223037232844936,0.2573489248752594,5,62,48,1.2708334
0,20,9141,00:02:24.0740000,66,75677,209643,213195761,243645310,805973439,1049618749,1036303759,2085922508,4.403426543738831,7.484418547041854,0.43389058113098145,4,67,50,1.32
9,0,3306,00:00:00.0890000,1,1,2,1003,1003,0,1003,5430,6433,1,1,0,0,1,1,0
9,1,3681,00:00:00.1090000,1,1,2,2002,2002,0,2002,10659,12661,1,1,0,0,1,1,0
9,2,3985,00:00:00.1420000,1,1,3,4009,4009,0,4009,19204,23213,1,1,0,0,1,1,0
9,3,4339,00:00:00.1510000,1,3,5,8009,8011,0,8011,39522,47533,1,1,0,0,1,1,0
9,4,4695,00:00:00.1610000,2,3,7,16030,16041,0,16041,80198,96239,1.0018714909544604,1.0037499379070554,0,1,2,1,1
9,5,5036,00:00:00.1730000,2,9,17,31981,32010,0,32010,158863,190873,1.0027516337825584,1.0055184398412704,0,1,2,1,1
9,6,5377,00:00:00.1870000,3,22,44,64054,64133,0,64133,314780,378913,1.0114590814000688,1.0232195031794262,0.007175912614911795,1,3,2,1
9,7,5720,00:00:00.2230000,3,37,86,127307,127750,460,128210,631171,759381,1.0255759698995341,1.0526919091663018,0.01849341206252575,1,3,2,1
9,8,6054,00:00:00.2550000,6,62,155,247300,248562,7721,256283,1231702,1487985,1.0572341285887585,1.1225496392980152,0.02652120776474476,1,6,5,1
9,9,6396,00:00:00.3070000,8,110,267,465315,468877,43895,512772,2388378,2901150,1.1178706897478052,1.2716860288981346,0.05169712007045746,1,8,7,1
9,10,6742,00:00:00.4010000,12,238,559,852408,861616,163975,1025591,4500864,5526455,1.2313152856378635,1.610407388002124,0.09399999678134918,1,12,11,1
9,11,7085,00:00:00.6120000,17,423,1021,1530651,1550299,500185,2050484,8190080,10240564,1.393617486938564,2.2089201250040187,0.15491081774234772,2,17,15,1.0666667
9,12,7431,00:00:00.9110000,22,716,1847,2712778,2753925,1349278,4103203,14592902,18696105,1.5805631717744688,2.8280104525214336,0.22132684290409088,2,22,20,1.05
9,13,7788,00:00:01.4480000,25,1374,3386,4708214,4817167,3377975,8195142,25778000,33973142,1.7576475920593244,2.8934734047518065,0.2907884120941162,2,25,20,1.2
9,14,8172,00:00:02.4480000,30,2417,6188,8056330,8352261,8058996,16411257,45847541,62258798,1.918020984741191,2.7172352668838005,0.34688717126846313,3,30,24,1.2083334
9,15,8588,00:00:04.6930000,40,4287,11382,13638995,14368276,18433247,32801523,81734440,114535963,2.113835953455515,2.978295110411516,0.38722941279411316,3,40,34,1.1470588
9,16,9023,00:00:11.0060000,58,7557,20754,23414622,24982818,40574619,65557437,142890391,208447828,2.4630357047831053,4.561404887521445,0.3931630253791809,3,58,51,1.117647
9,17,9449,00:00:24.2840000,62,13470,37083,40900250,44487061,86727649,131214710,240074324,371289034,3.0292896498187663,6.410612420143443,0.3735872507095337,4,62,52,1.1730769
9,18,9861,00:00:47.5110000,52,23661,65585,72299008,79631531,182902509,262534040,392469670,655003710,3.6147097896557585,4.384596541164411,0.36620011925697327,4,53,40,1.3
9,19,10281,00:01:28.9290000,51,42274,117315,127780024,140806565,383679023,524485588,643383225,1167868813,4.095937953494202,3.9941788287543676,0.2973952293395996,4,52,39,1.3076923
9,20,10721,00:02:44.8550000,55,75356,211889,224489441,250195242,799114710,1049309952,1064380625,2113690577,4.638169302582031,6.361236944935722,0.23116324841976166,5,56,40,1.375
10,0,2991,00:00:00.0380000,3,3,3,1007,1007,0,1007,5769,6776,1.0297914597815292,1.061479101121772,0,1,3,2,1
10,1,3326,00:00:00.0590000,2,4,5,2009,2011,0,2011,10527,12538,1.081134892981583,1.1752318735884368,0,1,2,1,1
10,2,3650,00:00:00.0790000,2,4,6,3997,4002,0,4002,19802,23804,1.1453590192644483,1.3306004261207849,0,1,2,1,1
10,3,3932,00:00:00.0820000,3,3,6,8023,8023,0,8023,35900,43923,1.2568864514520752,1.621397205518087,0.02268625795841217,1,3,2,1
10,4,4189,00:00:00.0860000,3,5,8,16018,16028,0,16028,65675,81703,1.3796978399300786,1.9068690101605665,0.044815197587013245,1,3,2,1
10,5,4416,00:00:00.0890000,4,7,12,32102,32122,0,32122,118084,150206,1.51629181982431,2.0407893785881144,0.06415054202079773,2,4,2,1.5
10,6,4621,00:00:00.0930000,5,10,22,64079,64095,0,64095,212740,276835,1.6344512242700417,1.9515697757510069,0.08100403845310211,2,5,3,1.3333334
10,7,4813,00:00:00.0980000,5,22,40,127836,127915,312,128227,389106,517333,1.7436324665978284,1.7436733952542605,0.09444663673639297,2,5,3,1.3333334
10,8,4998,00:00:00.1050000,5,42,79,250748,250991,5767,256758,720900,977658,1.8330754382886403,1.5545889472815098,0.10352825373411179,2,5,3,1.3333334
10,9,5184,00:00:00.1170000,5,89,159,477675,478673,34696,513369,1349967,1863336,1.9031747527084315,1.445698411026537,0.10933728516101837,2,5,3,1.3333334
10,10,5379,00:00:00.1420000,5,192,340,884934,887959,137158,1025117,2546669,3571786,1.969760456712026,1.3946206877974276,0.10961006581783295,2,5,3,1.3333334
10,11,5592,00:00:00.2000000,6,349,658,1606431,1614646,438977,2053623,4843412,6897035,2.040457386591768,1.4176931313662444,0.10790029913187027,2,6,4,1.25
10,12,5827,00:00:00.3260000,8,668,1325,2850324,2870402,1229445,4099847,9211079,13310926,2.1315759190884966,1.554038956830161,0.10238558799028397,3,8,5,1.4
10,13,6089,00:00:00.5760000,10,1234,2584,4992177,5047357,3160617,8207974,17437300,25645274,2.258418120992104,1.865694524334797,0.09944062680006027,3,10,7,1.2857143
10,14,6377,00:00:01.1000000,13,2304,5006,8655394,8800287,7611627,16411914,32518392,48930306,2.4360041842116025,2.3912431579726423,0.10095453262329102,3,13,10,1.2
10,15,6690,00:00:02.0590000,16,4101,9396,14902654,15290516,17514647,32805163,59507894,92313057,2.666480413488765,2.9396935046476957,0.11325562745332718,3,16,12,1.25
10,16,7029,00:00:04.0720000,22,7329,17464,25650477,26578251,39087514,65665765,107328370,172994135,2.945508225831434,3.372821658000058,0.12319161742925644,3,22,18,1.1666666
10,17,7393,00:00:09.0890000,26,13123,32325,43843664,46165944,85024320,131190264,190812201,322002465,3.2663404910684473,4.108490872444843,0.14745579659938812,4,27,21,1.2380953
10,18,7785,00:00:26.0660000,34,23272,59933,74907904,80305362,181920105,262225467,336222054,598447521,3.62841014747923,5.219302701126097,0.28328797221183777,3,34,27,1.2222222
10,19,8202,00:01:01.5000000,47,41927,111109,129663535,141532017,383064933,524596950,585226714,1109823664,4.112503025619346,6.719501323534735,0.36602163314819336,4,47,36,1.2777778
10,20,8620,00:02:06.7020000,50,75525,203534,232593765,257861911,790947332,1048809243,983843779,2032653022,4.866267752276163,6.040796250309824,0.48521938920021057,4,50,36,1.3611112
11,0,3616,00:00:00.0430000,1,1,1,1007,1007,0,1007,4920,5927,1,1,0,0,1,1,0
11,1,3960,00:00:00.0540000,1,1,2,2004,2004,0,2004,9982,11986,1,1,0,0,1,1,0
11,2,4330,00:00:00.0740000,1,1,5,4006,4006,0,4006,20536,24542,1,1,0,0,1,1,0
11,3,4662,00:00:00.0780000,1,2,8,8002,8003,0,8003,39511,47514,1,1,0,0,1,1,0
11,4,5018,00:00:00.0830000,2,10,20,15998,16012,0,16012,80622,96634,1.0013751718964872,1.0027541791283352,0,1,2,1,1
11,5,5352,00:00:00.0910000,2,10,30,31983,32033,0,32033,157485,189518,1.0036581934152518,1.007343114577706,0,1,2,1,1
11,6,5702,00:00:00.1000000,4,18,48,63830,64031,0,64031,319228,383259,1.013551621494595,1.0275518837287476,0.008566572330892086,1,4,3,1
11,7,6034,00:00:00.1220000,7,35,83,127314,127657,463,128120,624855,752975,1.032203842468228,1.0672129130675618,0.023684142157435417,1,7,6,1
11,8,6369,00:00:00.1420000,8,66,147,247713,248769,7659,256428,1226245,1482673,1.0718694618368838,1.1583841770654304,0.05136916786432266,1,8,7,1
11,9,6704,00:00:00.1770000,9,113,265,465786,468820,43310,512130,2356424,2868554,1.145274868716535,1.3553114869820926,0.10134914517402649,1,9,8,1
11,10,7040,00:00:00.2360000,11,200,479,853284,862122,162584,1024706,4404640,5429346,1.269508159065446,1.7901248937665946,0.17327290773391724,1,11,10,1
11,11,7371,00:00:00.3470000,16,411,934,1534923,1554421,494817,2049238,7955202,10004440,1.4369463484487495,2.6164787269421286,0.25411128997802734,2,16,14,1.0714285
11,12,7705,00:00:00.5860000,20,758,1783,2716763,2761413,1339205,4100618,14133253,18233871,1.6191997608919144,3.67308626153994,0.3436804413795471,2,20,17,1.117647
11,13,8055,00:00:01.0030000,26,1307,3267,4734283,4835491,3369776,8205267,25107666,33312933,1.7908931510853914,4.238123927609722,0.41361361742019653,2,26,22,1.1363636
11,14,8430,00:00:01.7610000,31,2418,6130,8097422,8370931,8024625,16395556,44717859,61113415,1.9473223700086275,4.345459399721411,0.47162219882011414,2,31,25,1.2
11,15,8840,00:00:03.2770000,46,4249,11321,13805830,14410346,18386443,32796789,80086383,112883172,2.1415702641565195,5.062708042486517,0.4819728434085846,3,46,37,1.2162162
11,16,9275,00:00:06.3670000,58,7700,20792,23406697,24939343,40663016,65602359,141325716,206928075,2.4379916568322306,7.491660104653026,0.49833035469055176,3,58,47,1.2127659
11,17,9718,00:00:16.0250000,67,13613,37464,40213363,43750689,87418778,131169467,242589145,373758612,2.886782112702188,11.647202447629253,0.5264164805412292,4,67,50,1.32
11,18,10161,00:00:39.0600000,70,24004,66842,70306547,77406724,184760794,262167518,406441820,668609338,3.399483095080747,11.493206343330314,0.5013166666030884,4,71,53,1.3207548
11,19,10615,00:01:21.4140000,74,42545,119896,122947098,136662640,387793127,524455767,677473508,1201929275,3.8802020442971332,9.347664306271538,0.4554899334907532,5,75,54,1.3703704
11,20,11091,00:02:42.0060000,70,75896,218448,211921337,241158804,807854242,1049013046,1134339823,2183352869,4.372105159944324,10.914689415144968,0.4048096537590027,5,71,52,1.3461539
12,0,3208,00:00:00.1500000,1,1,2,1001,1001,0,1001,4724,5725,1,1,0,0,1,1,0
12,1,3583,00:00:00.1850000,1,1,3,2005,2005,0,2005,10280,12285,1,1,0,0,1,1,0
12,2,3908,00:00:00.2370000,2,2,4,4022,4022,0,4022,19587,23609,1.0012431626056688,1.002489439134948,0,1,2,1,1
12,3,4248,00:00:00.2540000,2,3,5,8008,8009,0,8009,39329,47338,1.003121878121878,1.0062631971389642,0,1,2,1,1
12,4,4592,00:00:00.2710000,2,3,6,16020,16021,0,16021,78420,94441,1.0061173533083645,1.0123095258107075,0,1,2,1,1
12,5,4935,00:00:00.2880000,2,6,13,32053,32060,0,32060,158312,190372,1.0179702367953078,1.036585957370917,0,1,2,1,1
12,6,5264,00:00:00.3080000,2,9,24,64115,64141,0,64141,309175,373316,1.0441706308976058,1.0922266913831589,0,1,2,1,1
12,7,5589,00:00:00.3390000,2,36,71,127541,127788,445,128233,608274,736507,1.0950831497322429,1.2078530820278937,0,1,2,1,1
12,8,5896,00:00:00.3890000,3,64,135,248223,249071,7418,256489,1157921,1414410,1.176595238958517,1.4110484358000723,0.011739633977413177,1,3,2,1
12,9,6189,00:00:00.4920000,3,119,252,468080,471362,41541,512903,2145273,2658176,1.3010681934712014,1.7309546548321595,0.020157774910330772,1,3,2,1
12,10,6476,00:00:00.7080000,3,208,466,859862,869809,155630,1025439,3897338,4922777,1.4521237128748568,1.9946669676953532,0.030415723100304604,1,3,2,1
12,11,6764,00:00:00.8820000,8,410,884,1552328,1571566,478706,2050272,6996451,9046723,1.6112683659638942,1.9617469446734292,0.03423807770013809,2,8,6,1.1666666
12,12,7064,00:00:01.1260000,12,713,1653,2747829,2790312,1308464,4098776,12553535,16652311,1.7543133142564549,1.7017717778851449,0.043243423104286194,2,12,10,1.1
12,13,7390,00:00:01.6090000,16,1322,3066,4783451,4883307,3323102,8206409,22772806,30979215,1.8780374252814547,1.4791835173795556,0.04971153661608696,2,16,14,1.0714285
12,14,7752,00:00:02.5590000,21,2416,5786,8170507,8415934,7986996,16402930,41734200,58137130,1.995607004559203,1.4199959051842674,0.05287332832813263,2,21,19,1.0526316
12,15,8156,00:00:04.7680000,26,4191,10752,13747262,14442956,18365391,32808347,76611935,109420282,2.1474575082660095,1.6375564280505999,0.060852400958538055,3,26,23,1.0869565
12,16,8593,00:00:11.4550000,43,7655,20255,23232354,24856378,40700808,65557186,138171329,203728515,2.409500561157083,2.6443803754373127,0.10306281596422195,3,43,37,1.1351352
12,17,9047,00:00:26.4180000,56,13522,37311,39726016,43423310,87801309,131224619,241991479,373216098,2.8143272408690567,5.888202904507283,0.1992662101984024,3,56,45,1.2222222
12,18,9504,00:00:54.6910000,64,23928,67320,68906499,76561771,185610358,262172129,411073560,673245689,3.30832342824441,10.26730317025085,0.28076738119125366,3,65,51,1.254902
12,19,9971,00:01:46.7960000,66,42354,121691,120242659,135406863,389269158,524676021,689796472,1214472493,3.8239507245095106,9.82057650934399,0.550114631652832,3,66,49,1.3265306
12,20,10453,00:03:20.3470000,69,75786,220630,211569098,240574936,808510961,1049085897,1152242673,2201328570,4.3733854364686096,11.312127110372174,0.4939538240432739,4,69,49,1.3877552
13,0,2032,00:00:00.0280000,1,1,1,1007,1007,0,1007,4326,5333,1,1,0,0,1,1,0
13,1,2337,00:00:00.0390000,1,1,1,2008,2008,0,2008,8645,10653,1,1,0,0,1,1,0
13,2,2695,00:00:00.0580000,1,1,1,4005,4005,0,4005,19074,23079,1,1,0,0,1,1,0
13,3,3053,00:00:00.0620000,1,2,4,8031,8032,0,8032,39579,47611,1,1,0,0,1,1,0
13,4,3408,00:00:00.0670000,2,7,10,15999,16036,0,16036,80120,96156,1.0013125820363773,1.002628553274338,0,1,2,1,1
13,5,3753,00:00:00.0730000,6,13,18,32017,32037,0,32037,160576,192613,1.0090889215104475,1.0184080447827932,0.0064641134813427925,1,6,5,1
13,6,4097,00:00:00.0910000,6,20,41,63943,64077,0,64077,319970,384047,1.0201585787341851,1.0414574086397999,0.017823142930865288,1,6,5,1
13,7,4424,00:00:00.1030000,8,33,70,127312,127673,450,128123,621145,749268,1.0435936910896066,1.092694785154042,0.0365506187081337,1,8,7,1
13,8,4756,00:00:00.1230000,10,64,141,247539,248372,7652,256024,1218509,1474533,1.0949587741729585,1.2178266861708673,0.07571905851364136,1,10,9,1
13,9,5081,00:00:00.1570000,11,132,286,466617,469767,43154,512921,2314893,2827814,1.181532177353161,1.4769264097579178,0.14073114097118378,1,11,10,1
13,10,5401,00:00:00.2210000,13,235,552,855067,863843,160270,1024113,4266078,5290191,1.3165646668623627,2.046581991699876,0.2315278798341751,1,13,12,1
13,11,5721,00:00:00.3420000,18,443,1018,1541640,1560506,491553,2052059,7706017,9758076,1.489127811940531,3.1899996040684506,0.33159172534942627,2,18,16,1.0625
13,12,6044,00:00:00.5720000,20,744,1776,2715741,2767317,1329380,4096697,13687926,17784623,1.6625005845550074,4.806664771770625,0.43292152881622314,2,20,17,1.117647
13,13,6384,00:00:00.9920000,23,1362,3270,4717293,4854446,3347490,8201936,24341142,32543078,1.8240314943337206,6.047245080683809,0.508670449256897,2,23,19,1.1578947
13,14,6751,00:00:01.7170000,32,2393,5982,8105780,8408074,7993626,16401700,43533844,59935544,1.9865587272292118,6.752209622437722,0.545627236366272,2,32,25,1.24
13,15,7152,00:00:03.1820000,40,4291,11090,13741100,14484966,18333930,32818896,78130676,110949572,2.1746186258742024,7.974682991110203,0.5517439842224121,2,40,29,1.3448275
13,16,7582,00:00:06.2060000,57,7578,20431,23251232,24930820,40612458,65543278,138722023,204265301,2.428218384298948,10.177935406032637,0.5254826545715332,3,57,42,1.3333334
13,17,8041,00:00:12.2880000,75,13731,37701,39346362,43105779,88134324,131240103,243884217,375124320,2.7395054973570363,10.851586388023023,0.49761679768562317,3,75,57,1.2982457
13,18,8526,00:00:28.1860000,92,24249,68905,66438924,74785752,187512465,262298217,423659777,685957994,3.1117225348201005,12.081825437206552,0.4916844964027405,4,93,67,1.3731344
13,19,9027,00:01:10.5830000,98,43121,124971,113735496,132299500,392597178,524896678,722461828,1247358506,3.6545976024934204,20.45749752689115,0.497316837310791,5,99,71,1.3802817
13,20,9521,00:02:31.5930000,94,76609,224812,203666755,240036803,809602344,1049639147,1195631232,2245270379,4.389530205850238,22.03389528929362,0.4845814108848572,6,95,65,1.4461539
14,0,2418,00:00:00.0700000,1,1,2,1006,1006,0,1006,4607,5613,1,1,0,0,1,1,0
14,1,2728,00:00:00.0890000,1,1,2,2006,2006,0,2006,9221,11227,1,1,0,0,1,1,0
14,2,3065,00:00:00.1230000,1,3,5,4007,4010,0,4010,19045,23055,1,1,0,0,1,1,0
14,3,3437,00:00:00.1330000,2,5,9,8006,8012,0,8012,40617,48629,1.0022483137646765,1.0045066837694367,0,1,2,1,1
14,4,3789,00:00:00.1450000,3,6,12,16015,16026,0,16026,81685,97711,1.0054948485794568,1.0110651939293522,0,1,3,2,1
14,5,4127,00:00:00.1710000,4,8,19,31965,32013,0,32013,160104,192117,1.013327076489911,1.0271217653230105,0.010517563670873642,1,4,3,1
14,6,4459,00:00:00.1850000,6,21,36,63879,64014,0,64014,313130,377144,1.036036882230467,1.0756564011370353,0.027702728286385536,1,6,5,1
14,7,4787,00:00:00.2050000,7,38,74,127408,127841,441,128282,615024,743306,1.0750188371216878,1.1663679849294668,0.05629497766494751,1,7,6,1
14,8,5100,00:00:00.2320000,9,52,124,247993,248963,7413,256376,1175373,1431749,1.1469799550793773,1.3620874485086798,0.10153933614492416,1,9,8,1
14,9,5404,00:00:00.2740000,12,119,247,468703,470843,41930,512773,2198950,2711723,1.2590510408510294,1.7583753262555013,0.16242651641368866,1,12,11,1
14,10,5703,00:00:00.3450000,13,202,476,860947,867317,157334,1024651,4024608,5049259,1.4111449369124929,2.5142686405768706,0.2559341490268707,2,13,11,1.0909091
14,11,5999,00:00:00.4940000,14,386,878,1549417,1567180,481224,2048404,7203559,9251963,1.5797974334862726,3.611328255306968,0.3594161570072174,2,14,11,1.1818181
14,12,6304,00:00:00.7600000,19,692,1633,2748834,2786816,1310869,4097685,12848622,16946307,1.7454655319309933,4.5381759655944185,0.42223280668258667,2,19,14,1.2857143
14,13,6628,00:00:01.2260000,23,1325,3145,4794808,4884579,3311523,8196102,22997044,31193146,1.9004850663467652,4.891398845957858,0.4792884588241577,2,23,17,1.2941177
14,14,6980,00:00:02.1170000,27,2380,5819,8230094,8469153,7921207,16390360,41392701,57783061,2.064597075075935,5.258293215817659,0.4984726905822754,3,27,20,1.3
14,15,7359,00:00:04.0280000,38,4127,10665,14158824,14674065,18126303,32800368,74039564,106839932,2.3068985814076086,6.456576937438289,0.48219627141952515,3,38,27,1.3703704
14,16,7749,00:00:09.7190000,46,7461,19294,24426217,25676940,39859671,65536611,128849593,194386204,2.6950330867853993,8.416828531603917,0.433734655380249,4,46,31,1.451613
14,17,8131,00:00:21.2650000,52,13230,34401,43239358,45923610,85152851,131076461,215962953,347039414,3.2823342798012867,11.170395251252957,0.37621042132377625,4,52,33,1.5454545
14,18,8498,00:00:40.8770000,44,23340,60833,77207705,83107646,179186237,262293883,351531885,613825768,3.937663190480795,13.078173987893225,0.357098788022995,4,45,27,1.6296296
14,19,8868,00:01:15.5860000,45,41415,109188,137992559,148578329,376389425,524967754,572638323,1097606077,4.47597663581266,10.41989121246762,0.32593467831611633,5,46,29,1.5517242
14,20,9265,00:02:21.2780000,45,74435,199324,238289335,259775723,790422460,1050198183,952696252,2002894435,4.861203767260503,8.11200416734838,0.3804384469985962,5,46,29,1.5517242
15,0,2750,00:00:00.0450000,1,1,3,1011,1011,0,1011,5969,6980,1,1,0,0,1,1,0
15,1,3081,00:00:00.0590000,2,3,5,2004,2005,0,2005,10676,12681,1.001996007984032,1.0039999291840536,0,1,2,1,1
15,2,3445,00:00:00.0860000,1,2,5,4013,4014,0,4014,21191,25205,1,1,0,0,1,1,0
15,3,3785,00:00:00.0910000,1,2,6,8013,8014,0,8014,40764,48778,1,1,0,0,1,1,0
15,4,4131,00:00:00.0970000,1,3,10,16015,16022,0,16022,81054,97076,1,1,0,0,1,1,0
15,5,4472,00:00:00.1040000,1,12,23,31987,32016,0,32016,159450,191466,1,1,0,0,1,1,0
15,6,4814,00:00:00.1140000,1,22,53,63940,64042,0,64042,318148,382190,1,1,0,0,1,1,0
15,7,5160,00:00:00.1310000,1,27,84,127247,127712,478,128190,636474,764664,1,1,0,0,1,1,0
15,8,5516,00:00:00.1570000,4,59,152,247375,248472,7852,256324,1275892,1532216,1.004422435573522,1.0088968499882278,0.003562751691788435,1,4,3,1
15,9,5886,00:00:00.2210000,5,123,305,462611,467091,44969,512060,2529051,3041111,1.012059808348699,1.0245171626165925,0.011085188016295433,1,5,4,1
15,10,6288,00:00:00.3250000,14,232,613,846189,853614,171793,1025407,4994013,6019420,1.0444782430402664,1.0949159939066013,0.03842843323945999,1,14,13,1
15,11,6719,00:00:00.5680000,22,447,1178,1508605,1523266,526678,2049944,9636414,11686358,1.118366968159326,1.2837436511813636,0.09843394160270691,1,22,21,1
15,12,7163,00:00:00.9960000,25,816,2240,2631048,2684093,1414067,4098160,17844397,21942557,1.2732173643354283,1.8321420069418812,0.21928077936172485,2,25,22,1.0909091
15,13,7599,00:00:01.7130000,35,1475,4036,4601084,4715640,3487855,8203495,31449050,39652545,1.536825887117036,3.5901493621082365,0.38451671600341797,2,35,30,1.1333333
15,14,8016,00:00:02.9110000,40,2534,7025,7996962,8267693,8120462,16388155,53147419,69535574,1.8686436174137129,8.027188954720692,0.5394270420074463,3,40,32,1.21875
15,15,8422,00:00:05.2130000,43,4424,12166,13892011,14513442,18257308,32770750,88018007,120788757,2.233397526103312,10.487076670592685,0.5036610960960388,3,43,34,1.2352941
15,16,8827,00:00:12.6560000,48,7738,21058,24073881,25458199,40161518,65619717,144950440,210570157,2.617131529394866,7.0965883319802066,0.43886682391166687,4,48,36,1.3055556
15,17,9234,00:00:26.7040000,54,13604,37115,42017525,44884569,86196321,131080890,237934817,369015707,3.0968163879238486,6.0876942133642284,0.3401869833469391,5,54,39,1.3589743
15,18,9610,00:00:48.5770000,56,23670,63679,78320959,83782513,178469719,262252232,375982043,638234275,4.0822359823249865,7.3853176320698655,0.18617354333400726,6,56,40,1.375
15,19,9922,00:01:19.3140000,40,42132,108220,153124385,162761626,362488385,525250011,560591915,1085841926,5.261221241802865,3.432307008950122,0.10721945017576218,6,41,30,1.3333334
15,20,10220,00:02:09.7260000,33,75034,188830,286054663,300224825,750679943,1050904768,845496393,1896401161,5.938207048210223,2.497433325373394,0.06268230825662613,5,34,25,1.32
16,0,2291,00:00:00.0470000,1,1,1,1002,1002,0,1002,4185,5187,1,1,0,0,1,1,0
16,1,2684,00:00:00.0580000,1,1,2,2006,2006,0,2006,9889,11895,1,1,0,0,1,1,0
16,2,2998,00:00:00.0790000,1,1,3,4004,4004,0,4004,18962,22966,1,1,0,0,1,1,0
16,3,3340,00:00:00.0830000,1,1,5,8001,8001,0,8001,38474,46475,1,1,0,0,1,1,0
16,4,3708,00:00:00.0870000,1,4,9,16032,16036,0,16036,80941,96977,1,1,0,0,1,1,0
16,5,4044,00:00:00.0930000,2,10,17,31983,32025,0,32025,158422,190447,1.0016883969608854,1.0033825431230323,0,1,2,1,1
16,6,4380,00:00:00.1010000,3,18,38,63873,64030,0,64030,313290,377320,1.005996273855933,1.0120813472352992,0.0049009560607373714,1,3,2,1
16,7,4714,00:00:00.1220000,5,27,65,127207,127777,457,128234,617948,746182,1.0172867845322977,1.0353714923458843,0.013870388269424438,1,5,4,1
16,8,5061,00:00:00.1410000,10,61,132,247539,248395,7797,256192,1243025,1499217,1.0450959242785984,1.0960256296683282,0.03316754847764969,1,10,9,1
16,9,5408,00:00:00.1760000,12,107,255,466310,468628,43857,512485,2413273,2925758,1.0972464669425919,1.2235830607295108,0.07136233150959015,1,12,11,1
16,10,5761,00:00:00.2430000,16,202,514,855214,859553,165620,1025173,4571711,5596884,1.2003919486818504,1.5421361623868888,0.1407012790441513,1,16,15,1
16,11,6116,00:00:00.3770000,18,414,1010,1530787,1545237,503340,2048577,8385780,10434357,1.3583574984632087,2.2547708513501634,0.24982209503650665,2,18,15,1.1333333
16,12,6469,00:00:00.6320000,21,751,1829,2705817,2745439,1351107,4096546,14905551,19002097,1.5587894525017767,3.703609063884175,0.36783626675605774,2,21,18,1.1111112
16,13,6828,00:00:01.0630000,24,1356,3392,4715790,4819931,3374939,8194870,26134125,34328995,1.7666516108647756,5.536141777957102,0.4863259494304657,2,24,18,1.2777778
16,14,7202,00:00:01.8200000,28,2385,6056,8127433,8396990,7998925,16395915,45653329,62049244,1.9850059668286408,6.950138247343562,0.5720241069793701,3,28,20,1.35
16,15,7594,00:00:03.2420000,39,4228,11051,13993329,14582403,18216897,32799300,79422274,112221574,2.2577649678643303,8.765273962039945,0.5542325377464294,3,39,28,1.3571428
16,16,7995,00:00:06.2930000,44,7497,19935,24074901,25513676,40098335,65612011,135820860,201432871,2.6318600437858497,10.50327923970843,0.5103946328163147,3,44,30,1.4333333
16,17,8397,00:00:16.4200000,54,13377,35737,42063693,45036592,86143088,131179680,227711554,358891234,3.103125966614486,8.106271246486687,0.41404035687446594,4,54,39,1.3589743
16,18,8805,00:00:37.5750000,54,23645,64134,73005789,79431230,182733479,262164709,378800937,640965646,3.580763013190639,4.563459173302009,0.3647346794605255,4,55,39,1.3846154
16,19,9235,00:01:17.6030000,50,41950,115907,126444738,139463082,385613372,525076454,635891409,1160967863,4.0196304728789904,3.557326595850469,0.36952656507492065,5,51,38,1.3157895
16,20,9695,00:02:34.5690000,51,75259,212281,216371314,243943459,805862231,1049805690,1077587542,2127393232,4.431969895972439,3.928519369664582,0.3950512707233429,4,52,43,1.1860465
17,0,3377,00:00:00.0630000,1,1,1,1004,1004,0,1004,5462,6466,1,1,0,0,1,1,0
17,1,3699,00:00:00.0770000,1,1,1,2005,2005,0,2005,10149,12154,1,1,0,0,1,1,0
17,2,4080,00:00:00.1040000,1,3,4,4008,4014,0,4014,21185,25199,1,1,0,0,1,1,0
17,3,4421,00:00:00.1110000,2,2,5,8007,8007,0,8007,40854,48861,1.0071187710753091,1.0143388660543677,0,1,2,1,1
17,4,4748,00:00:00.1180000,2,4,7,16047,16051,0,16051,78445,94496,1.00934754159656,1.0188698389352508,0,1,2,1,1
17,5,5088,00:00:00.1260000,2,8,21,32003,32045,0,32045,156789,188834,1.0199043839640034,1.0406004647070644,0,1,2,1,1
17,6,5423,00:00:00.1370000,2,16,41,63818,64070,0,64070,310826,374896,1.0462565420414303,1.0967723349300431,0,1,2,1,1
17,7,5748,00:00:00.1530000,4,33,89,127278,127746,435,128181,609559,737740,1.0982730715441789,1.216189827794422,0.013085996732115746,1,4,3,1
17,8,6052,00:00:00.1900000,7,61,152,248134,249042,7399,256441,1154442,1410883,1.1895266267420024,1.4511252297309951,0.030602971091866493,1,7,6,1
17,9,6343,00:00:00.2320000,9,118,275,469038,471178,41291,512469,2133390,2645859,1.3208418081264204,1.8075973077540042,0.05177688971161842,2,9,7,1.1428572
17,10,6625,00:00:00.2940000,11,214,483,865311,870590,155105,1025695,3855880,4881575,1.4793513545996757,2.1303203498450687,0.07543350011110306,2,11,9,1.1111112
17,11,6906,00:00:00.4280000,11,401,893,1559195,1574489,476147,2050636,6879786,8930422,1.6443100446063514,2.1477617860171745,0.0963444635272026,2,11,9,1.1111112
17,12,7197,00:00:00.6560000,13,747,1685,2761594,2801618,1297750,4099368,12269689,16369057,1.8087532055762,1.9689486211087994,0.1114816665649414,2,13,11,1.0909091
17,13,7507,00:00:01.0830000,16,1366,3113,4818620,4919856,3281188,8201044,21981155,30182199,1.9748953019744242,1.8968905136385419,0.11801094561815262,2,16,14,1.0714285
17,14,7841,00:00:01.8490000,22,2313,5640,8323572,8557616,7838356,16395972,39436715,55832687,2.16409024875378,2.144217328233683,0.11845909059047699,3,22,19,1.1052631
17,15,8200,00:00:03.3870000,29,4232,10458,14264995,14838390,17964631,32803021,70360835,103163856,2.3947342428090583,2.8354755826447287,0.12435203790664673,3,29,25,1.12
17,16,8583,00:00:06.3310000,41,7365,19147,24394132,25693340,39888322,65581662,124345515,189927177,2.6732500258668765,3.733857619831356,0.14473988115787506,3,41,35,1.1428572
17,17,8993,00:00:13.3220000,55,13155,35017,41584361,44571325,86712256,131283581,218340882,349624463,2.994706231027573,4.526796938356495,0.17126864194869995,4,55,46,1.173913
17,18,9427,00:00:33.0120000,56,23535,64230,70097485,77687818,184748545,262436363,379256762,641693125,3.3884048907032827,6.575731590454931,0.20353113114833832,4,57,43,1.3023256
17,19,9880,00:01:14.4850000,69,42218,117212,121124397,136942016,387853428,524795444,649775615,1174571059,3.875856859786885,12.121552341564136,0.3922007381916046,4,69,49,1.3877552
17,20,10349,00:02:35.7260000,79,75163,214163,210863474,243209010,806383821,1049592831,1099544619,2149137450,4.434115256016317,16.121638458371798,0.43211618065834045,5,79,52,1.5
18,0,3295,00:00:00.0410000,1,1,1,1001,1001,0,1001,5396,6397,1,1,0,0,1,1,0
18,1,3657,00:00:00.0520000,1,2,2,2014,2016,0,2016,10602,12618,1,1,0,0,1,1,0
18,2,3964,00:00:00.0720000,1,2,5,4005,4008,0,4008,19401,23409,1,1,0,0,1,1,0
18,3,4280,00:00:00.0760000,2,3,6,8005,8006,0,8006,37607,45613,1.0042473454091192,1.0085308138996665,0,1,2,1,1
18,4,4614,00:00:00.0810000,2,3,8,16029,16032,0,16032,76068,92100,1.0137251232141744,1.0278268142257292,0,1,2,1,1
18,5,4943,00:00:00.0860000,3,7,15,32024,32054,0,32054,151928,183982,1.0292593055208594,1.0603120359246332,0.007742098532617092,1,3,2,1
18,6,5269,00:00:00.1020000,3,15,28,64077,64189,0,64189,301374,365563,1.0659987202896515,1.1412272271392887,0.020679296925663948,1,3,2,1
18,7,5575,00:00:00.1110000,3,31,59,127333,127748,429,128177,582766,710943,1.1276574022445085,1.2898379361120402,0.04439660906791687,1,3,2,1
18,8,5873,00:00:00.1260000,5,55,127,248572,249316,7300,256616,1117586,1374202,1.227044880356597,1.556065757791167,0.045925553888082504,1,5,4,1
18,9,6151,00:00:00.1520000,6,118,252,469505,471866,40508,512374,2051284,2563658,1.3588034206238486,1.9111625386785602,0.06685160100460052,1,6,5,1
18,10,6426,00:00:00.2010000,8,199,470,866654,872555,153749,1026304,3729156,4755460,1.5111220856304823,2.1547911395235215,0.09042090177536011,2,8,6,1.1666666
18,11,6701,00:00:00.2880000,10,350,816,1562217,1576633,472094,2048727,6687064,8735791,1.6639929023944817,2.0705658567280376,0.1153092309832573,2,10,8,1.125
18,12,6993,00:00:00.4720000,12,660,1524,2764202,2798505,1298992,4097497,12099433,16196930,1.8010329925237012,1.824522384802929,0.13363298773765564,2,12,10,1.1
18,13,7311,00:00:00.8160000,15,1254,2979,4815855,4897290,3306581,8203871,22080051,30283922,1.9245498462889767,1.6652091281362789,0.13609308004379272,2,15,13,1.0769231
18,14,7662,00:00:01.4860000,16,2299,5657,8211361,8461051,7924876,16385927,40443452,56829379,2.0519213562769925,1.7010342417179447,0.14528527855873108,2,16,14,1.0714285
18,15,8050,00:00:02.8310000,30,4206,10715,14014928,14573044,18225885,32798929,73912268,106711197,2.2377410715203103,2.203841661362161,0.14811302721500397,3,30,25,1.16
18,16,8465,00:00:06.2030000,41,7473,19746,23802781,25179856,40380104,65559960,132368722,197928682,2.513956499452732,3.8144991222855626,0.17486901581287384,3,41,35,1.1428572
18,17,8899,00:00:17.3840000,49,13453,36251,40415269,43954216,87314427,131268643,231691196,362959839,2.8901296438234767,7.692978435462586,0.23302753269672394,4,49,38,1.2631578
18,18,9343,00:00:40.2260000,69,24010,66070,70393428,77317830,185061885,262379715,396092361,658472076,3.36943558140115,13.390300755266905,0.2795660197734833,5,70,52,1.3269231
18,19,9794,00:01:22.6200000,76,42498,119313,122937009,137552061,386857938,524409999,665052251,1189462250,3.9325239399634326,16.42494175705043,0.28432393074035645,6,77,56,1.3571428
18,20,10239,00:02:35.8850000,74,75745,214348,223584179,251546707,797522101,1049068808,1089693278,2138762086,4.725682683478244,14.889093110665273,0.3740178942680359,5,74,52,1.4038461
1,0,2016,00:00:00.0280000,1,1,1,1003,1003,0,1003,5138,6141,1,1,0,0,1,1,0
1,1,2382,00:00:00.0480000,3,3,4,2008,2008,0,2008,10415,12423,1.0079681274900398,1.0160831929906222,0,1,3,2,1
1,2,2724,00:00:00.0780000,3,3,5,4006,4006,0,4006,20501,24507,1.0391912131802297,1.0816977324336243,0.014884763397276402,1,3,2,1
1,3,3060,00:00:00.0820000,3,3,6,8007,8007,0,8007,39934,47941,1.0568252778818534,1.1208551307461578,0.02744969166815281,1,3,2,1
1,4,3377,00:00:00.0940000,3,5,10,16009,16015,0,16015,76492,92507,1.108813792241864,1.2442628605661747,0.055056698620319366,1,3,2,1
1,5,3672,00:00:00.0980000,4,10,20,31986,32008,0,32008,144000,176008,1.2085287313199524,1.5156086467571952,0.08116023242473602,1,4,3,1
1,6,3934,00:00:00.1040000,4,15,33,63970,64050,0,64050,263717,327767,1.3267781772705955,1.8715352130324816,0.12808279693126678,1,4,3,1
1,7,4167,00:00:00.1120000,5,29,61,127749,127909,352,128261,476939,605200,1.4661562908515917,2.223608591544413,0.14932355284690857,1,5,4,1
1,8,4383,00:00:00.1220000,5,61,116,249498,250041,6213,256254,864201,1120455,1.5920808984440757,2.3223595983416394,0.1921856552362442,1,5,4,1
1,9,4597,00:00:00.1400000,5,109,213,474475,476607,36884,513491,1586524,2100015,1.7032088097370779,2.1707002276020897,0.22882184386253357,1,5,4,1
1,10,4814,00:00:00.1730000,7,193,388,877751,882012,142342,1024354,2913594,3937948,1.7987880389768853,1.955076553132718,0.26312676072120667,2,7,4,1.5
1,11,5050,00:00:00.2430000,8,385,752,1585100,1597267,453143,2050410,5458753,7509163,1.8736590751372153,1.7612255223271545,0.2866278290748596,2,8,5,1.4
1,12,5312,00:00:00.3850000,9,671,1425,2796786,2832953,1269726,4102679,10330013,14432692,1.9345670351610742,1.6312593829481776,0.3022036552429199,2,9,6,1.3333334
1,13,5610,00:00:00.7020000,15,1232,2763,4853782,4937919,3266691,8204610,19692876,27897486,1.9980654260945383,1.6064117562183071,0.31167349219322205,2,15,12,1.1666666
1,14,5952,00:00:01.3250000,23,2290,5370,8293980,8502346,7905797,16408143,37615693,54023836,2.0814432877822227,1.7463073849685573,0.31915339827537537,2,23,20,1.1
1,15,6338,00:00:02.6080000,33,4135,10346,14026033,14554610,18213906,32768516,70939144,103707660,2.2239455019106256,2.264080446023265,0.33665478229522705,3,33,28,1.1428572
1,16,6760,00:00:05.3270000,50,7555,19679,23720987,25071556,40504293,65575849,130403621,195979470,2.4751694354033416,3.877275299802386,0.3727026581764221,4,50,41,1.195122
1,17,7202,00:00:10.6350000,58,13510,36425,40188020,43723786,87498701,131222487,231547291,362769778,2.8583786411970533,8.017921123780917,0.4867614507675171,4,59,50,1.16
1,18,7645,00:00:24.2060000,68,24064,65951,70088032,77720930,184582762,262303692,395263698,657567390,3.42370520547645,12.352210120111177,0.4620160460472107,4,69,55,1.2363636
1,19,8075,00:00:57.7890000,73,42510,117773,127062622,140937564,383825246,524762810,651367829,1176130639,4.1343761503678085,6.545881251658125,0.3409516513347626,5,74,58,1.2586207
1,20,8500,00:02:02.7040000,59,75766,211023,227152913,254111436,794758609,1048870045,1057468724,2106338769,4.773402386435608,3.372692401988016,0.23358912765979767,5,60,46,1.2826087
19,0,2096,00:00:00.0680000,1,1,2,1011,1011,0,1011,4340,5351,1,1,0,0,1,1,0
19,1,2448,00:00:00.0900000,1,1,2,2004,2004,0,2004,9405,11409,1,1,0,0,1,1,0
19,2,2756,00:00:00.1300000,2,3,5,4000,4004,0,4004,18190,22194,1.00125,1.002503182425676,0,1,2,1,1
19,3,3082,00:00:00.1350000,2,4,6,7998,8002,0,8002,36627,44629,1.0025006251562891,1.0050138130524533,0,1,2,1,1
19,4,3422,00:00:00.1410000,3,6,10,16033,16038,0,16038,74879,90917,1.012349529096239,1.0250735468549461,0.009115083143115044,1,3,2,1
19,5,3757,00:00:00.1580000,3,11,17,32001,32041,0,32041,151415,183456,1.0249367207274773,1.0514325556981943,0.02246260643005371,1,3,2,1
19,6,4094,00:00:00.1680000,3,22,38,63924,64098,0,64098,307255,371353,1.0526249921782116,1.1123209198549624,0.04936119541525841,1,3,2,1
19,7,4410,00:00:00.1820000,3,36,70,126980,127605,409,128014,595923,723937,1.1006142699637738,1.227859988948799,0.09375227987766266,1,3,2,1
19,8,4708,00:00:00.2040000,6,59,131,247217,248912,7253,256165,1128884,1385049,1.1894165854289955,1.479519579420921,0.089298315346241,1,6,5,1
19,9,5000,00:00:00.2390000,11,115,247,468834,471884,41236,513120,2111892,2625012,1.3215381137033577,1.9465326600435553,0.12522070109844208,2,11,9,1.1111112
19,10,5280,00:00:00.3010000,14,220,480,865643,871771,154483,1026254,3818847,4845101,1.4781278194359568,2.5778614313109234,0.17635802924633026,2,14,11,1.1818181
19,11,5562,00:00:00.4170000,16,393,895,1557742,1571950,476854,2048804,6857778,8906582,1.638745055342926,3.0463685716261253,0.2236623615026474,2,16,13,1.1538461
19,12,5856,00:00:00.6610000,18,711,1658,2762098,2799133,1302107,4101240,12302459,16403699,1.7905943235902564,3.09141717106114,0.25956833362579346,2,18,15,1.1333333
19,13,6172,00:00:01.0890000,20,1307,3127,4805749,4901450,3298193,8199643,22211308,30410951,1.9361094389240887,3.0210547842823843,0.28102898597717285,2,20,17,1.117647
19,14,6517,00:00:01.8810000,25,2366,5763,8261696,8502817,7899421,16402238,40257296,56659534,2.0968223715808474,3.2490533521587857,0.2810136079788208,2,25,22,1.0909091
19,15,6892,00:00:03.4590000,34,4142,10598,14127065,14679197,18116952,32796149,72593302,105389451,2.3031590779825817,4.0635655865462565,0.27191075682640076,3,34,29,1.137931
19,16,7296,00:00:06.5640000,42,7548,19711,23929169,25343329,40255057,65598386,129544609,195142995,2.557606994208616,4.968640569740374,0.2848401963710785,3,42,31,1.3225807
19,17,7730,00:00:12.8180000,54,13275,36323,40505444,43730668,87411811,131142479,229023095,360165574,2.8537135403329983,5.1772209099116315,0.3116908669471741,4,54,41,1.2926829
19,18,8191,00:00:28.8930000,62,23767,66422,68878172,76254344,186146180,262400524,399797689,662198213,3.266995979510025,6.559288489950487,0.3318276107311249,5,63,50,1.24
19,19,8652,00:01:10.4220000,70,42524,120114,122483807,137122279,387359525,524481804,674248136,1198729940,3.933766869280933,10.525936373296293,0.330454558134079,5,71,55,1.2727273
19,20,9095,00:02:29.7810000,63,75511,214787,222928463,251093587,797613531,1048707118,1097118684,2145825802,4.700347568448449,7.051566377770291,0.2988237738609314,5,64,45,1.4
20,0,2769,00:00:00.0560000,1,1,1,1002,1002,0,1002,4108,5110,1,1,0,0,1,1,0
20,1,3182,00:00:00.0690000,1,2,2,2005,2006,0,2006,10186,12192,1,1,0,0,1,1,0
20,2,3495,00:00:00.0890000,1,3,3,4021,4027,0,4027,19233,23260,1,1,0,0,1,1,0
20,3,3812,00:00:00.0940000,2,6,7,7988,8001,0,8001,37449,45450,1.00200300450676,1.004014052280129,0,1,2,1,1
20,4,4139,00:00:00.1000000,4,8,13,16020,16027,0,16027,74760,90787,1.0109862671660423,1.0222892434268478,0.005090292077511549,1,4,3,1
20,5,4488,00:00:00.1160000,4,9,19,31951,32005,0,32005,154851,186856,1.0274169822540766,1.0568300336713357,0.02400077134370804,1,4,3,1
20,6,4822,00:00:00.1250000,7,19,41,63961,64043,0,64043,307989,372032,1.068651209330686,1.146244195305075,0.048874326050281525,2,7,5,1.2
20,7,5131,00:00:00.1360000,7,25,63,127144,127605,396,128001,590617,718618,1.1510727993456238,1.3365184261380387,0.1023850217461586,2,7,5,1.2
20,8,5412,00:00:00.1510000,9,60,133,248243,249101,7018,256119,1091484,1347603,1.309672377468851,1.7809073601595529,0.17097195982933044,2,9,7,1.1428572
20,9,5661,00:00:00.1760000,11,111,250,472919,474660,38652,513312,1926168,2439480,1.5565540822001231,2.6633143589658035,0.24944959580898285,2,11,9,1.1111112
20,10,5881,00:00:00.2140000,13,198,439,880337,883986,141585,1025571,3262469,4288040,1.8653004474422863,3.736433180111005,0.3145086467266083,3,13,10,1.2
20,11,6086,00:00:00.2760000,14,363,755,1612929,1621943,429096,2051039,5460897,7511936,2.1841947165684292,3.624079443289416,0.34681788086891174,3,14,10,1.3
20,12,6289,00:00:00.3840000,13,647,1331,2910008,2937367,1171499,4108866,9222431,13331297,2.466372601037523,2.6591907787002396,0.3545759916305542,3,13,9,1.3333334
20,13,6500,00:00:00.5970000,14,1197,2405,5167765,5225575,2966832,8192407,15831054,24023461,2.690263779409474,1.9983245532002587,0.31634172797203064,3,14,9,1.4444444
20,14,6733,00:00:00.9840000,13,2176,4514,9030081,9186652,7225231,16411883,28020298,44432181,2.869942030420325,1.6767459179446325,0.2786409854888916,3,13,8,1.5
20,15,6995,00:00:01.7200000,15,3861,8375,15567851,15952115,16890610,32842725,50660051,83502776,3.026204515960488,1.6252877914580162,0.18793435394763947,4,15,9,1.5555556
20,16,7292,00:00:03.2540000,20,6837,15693,26540396,27435615,38141329,65576944,92645727,158222671,3.2023774249638173,1.854882979160979,0.15568237006664276,4,20,14,1.3571428
20,17,7629,00:00:06.5450000,29,12438,29979,45205454,47237498,84064666,131302164,170053279,301355443,3.430273811651134,2.4529349160871607,0.10338999330997467,4,30,24,1.2083334
20,18,8002,00:00:15.8530000,35,22629,56794,76255768,81578769,180668056,262246825,308548217,570795042,3.731340834440222,3.2046063871244055,0.09711112827062607,4,36,31,1.1290323
20,19,8406,00:00:44.7790000,48,41294,107296,130627403,143102271,381550257,524652528,549963136,1074615664,4.176396379862195,4.222148551890129,0.20013488829135895,3,48,42,1.1190476
20,20,8821,00:01:43.0820000,60,75077,199210,232836580,257669131,791439909,1049109040,946171649,1995280689,4.8455434236321455,6.198081141593574,0.19286029040813446,4,60,50,1.18
21,0,3271,00:00:00.0400000,1,1,1,1001,1001,0,1001,5463,6464,1,1,0,0,1,1,0
21,1,3687,00:00:00.0510000,1,1,2,2013,2013,0,2013,11518,13531,1,1,0,0,1,1,0
21,2,4069,00:00:00.0720000,2,3,4,4001,4003,0,4003,22812,26815,1.0032491877030743,1.0065194504065846,0,1,2,1,1
21,3,4385,00:00:00.0770000,2,3,5,8001,8004,0,8004,40985,48989,1.010498687664042,1.0212178012606241,0,1,2,1,1
21,4,4713,00:00:00.0810000,2,4,7,16016,16030,0,16030,78497,94527,1.0237262737262738,1.0485771135774593,0,1,2,1,1
21,5,5022,00:00:00.0860000,3,10,19,32012,32056,0,32056,150155,182211,1.0562913907284768,1.1191101190945723,0.01104168500751257,1,3,2,1
21,6,5335,00:00:00.1030000,3,21,40,63917,64077,0,64077,293898,357975,1.1147894926232458,1.2561676222100258,0.020789694041013718,1,3,2,1
21,7,5629,00:00:00.1130000,3,34,72,127291,127922,417,128339,563399,691738,1.2111304019922855,1.503904403481657,0.03270638734102249,1,3,2,1
21,8,5895,00:00:00.1280000,4,62,125,247636,249160,6878,256038,1039794,1295832,1.3394579140351162,1.8296514726858297,0.052304740995168686,2,4,2,1.5
21,9,6149,00:00:00.1530000,7,116,241,471064,474096,39182,513278,1894692,2407970,1.4890481972725575,2.0837542625519703,0.04633957892656326,2,7,5,1.2
21,10,6398,00:00:00.1940000,9,211,446,869768,876803,148988,1025791,3417960,4443751,1.6444431158653803,2.0767086228834253,0.057786110788583755,2,9,7,1.1428572
21,11,6650,00:00:00.2750000,13,374,851,1574519,1589822,461411,2051233,6132190,8183423,1.8002666211077796,1.9240016082373297,0.06335839629173279,3,13,10,1.2
21,12,6913,00:00:00.4510000,15,701,1569,2799533,2833656,1263751,4097407,11003086,15100493,1.9625680425985335,1.8555285021789938,0.0665586069226265,3,15,12,1.1666666
21,13,7194,00:00:00.7580000,17,1292,2905,4919775,4996165,3204003,8200168,19803476,28003644,2.1613994542433344,2.0368990035094687,0.06727238744497299,3,17,14,1.1428572
21,14,7488,00:00:01.3120000,19,2314,5305,8615336,8792794,7618992,16411786,35143411,51555197,2.441139730359907,2.6206358605689464,0.0689471885561943,3,19,16,1.125
21,15,7787,00:00:02.2700000,17,4024,9534,15065276,15523311,17287904,32811215,60846204,93657419,2.827475912157202,3.3859093871571924,0.06995763629674911,4,17,13,1.2307693
21,16,8091,00:00:04.6240000,18,7081,16996,26497505,27474772,38163998,65638770,103645488,169284258,3.2481252857580363,3.1306028591333424,0.06714341789484024,4,18,13,1.3076923
21,17,8410,00:00:12.1250000,22,12736,30983,46297112,48197136,83037382,131234518,176804422,308038940,3.6170159598723997,2.2815247475635707,0.0528191402554512,4,22,16,1.3125
21,18,8760,00:00:27.6100000,26,22777,57049,79517638,83535182,179018571,262553753,306898371,569452124,3.9106143343945905,1.9049083334206505,0.0589689239859581,4,26,20,1.25
21,19,9152,00:00:59.3760000,36,41030,106765,134684097,143841336,381049452,524890788,541828020,1066718808,4.193401987170022,2.201946931753943,0.054998043924570084,4,36,30,1.1666666
21,20,9587,00:02:06.7480000,36,74421,200812,224446973,249734881,800441653,1050176534,958903903,2009080437,4.565207992357286,3.7433427974490874,0.08326800912618637,5,37,31,1.1612903
22,0,1983,00:00:00.0300000,2,2,2,1003,1003,0,1003,4231,5234,1.0099700897308075,1.0201389016677793,0,1,2,1,1
22,1,2314,00:00:00.0420000,2,2,3,2002,2002,0,2002,8934,10936,1.008991008991009,1.0181436556265635,0,1,2,1,1
22,2,2659,00:00:00.0640000,2,2,3,4007,4007,0,4007,18859,22866,1.0087347142500624,1.0176219723069473,0,1,2,1,1
22,3,2973,00:00:00.0680000,2,2,3,8011,8011,0,8011,37168,45179,1.0195980526775683,1.0399636890257533,0,1,2,1,1
22,4,3302,00:00:00.0720000,2,3,5,16025,16026,0,16026,75906,91932,1.048424336973479,1.1015143398826182,0,1,2,1,1
22,5,3618,00:00:00.0760000,2,9,17,32038,32051,0,32051,148281,180332,1.0932954616393034,1.2036342407977727,0,1,2,1,1
22,6,3917,00:00:00.0820000,2,17,32,64073,64165,0,64165,286019,350184,1.1795920278432412,1.417791029336982,0,1,2,1,1
22,7,4192,00:00:00.0920000,3,37,71,127590,127884,402,128286,537545,665831,1.2934320871541656,1.710575288643006,0.011797089129686356,1,3,2,1
22,8,4442,00:00:00.1160000,4,63,133,249227,250009,6690,256699,983612,1240311,1.4318031352943301,1.97464138173765,0.015089428052306175,2,4,2,1.5
22,9,4678,00:00:00.1390000,4,121,247,472322,474905,38403,513308,1780864,2294172,1.5723298935895427,2.006088925433301,0.021218320354819298,2,4,2,1.5
22,10,4912,00:00:00.1770000,7,187,427,874641,879126,146361,1025487,3211809,4237296,1.7088668379369365,1.8395232313067036,0.021938743069767952,2,7,5,1.2
22,11,5157,00:00:00.2550000,7,372,813,1579036,1591886,457328,2049214,5848359,7897573,1.833830894292467,1.6384588049195477,0.024778928607702255,2,7,5,1.2
22,12,5421,00:00:00.4240000,8,710,1529,2798572,2831796,1268172,4099968,10748306,14848274,1.9544492691272548,1.5406706528627927,0.02725718729197979,2,8,6,1.1666666
22,13,5709,00:00:00.7330000,12,1262,2845,4899667,4969694,3230456,8200150,19780163,27980313,2.088612552648986,1.6288668984123804,0.03209991380572319,2,12,10,1.1
22,14,6025,00:00:01.3280000,14,2273,5288,8455374,8633093,7753158,16386251,36299511,52685762,2.2560448538408826,1.9634211067465515,0.046405550092458725,3,14,11,1.1818181
22,15,6371,00:00:02.4650000,16,4105,9939,14469285,14951711,17862142,32813853,66132746,98946599,2.4639165653313206,2.527281049948475,0.07104708254337311,3,16,13,1.1538461
22,16,6746,00:00:05.5760000,23,7257,18457,24621939,25808665,39799844,65608509,119038454,184646963,2.7055895963352032,2.8889223492732126,0.10424712300300598,3,23,19,1.1578947
22,17,7155,00:00:16.1230000,34,12854,34160,41749589,44486888,86717712,131204600,212868236,344072836,2.9779006447225145,3.078033691982774,0.2642728090286255,4,34,28,1.1785715
22,18,7598,00:00:38.3870000,47,23372,63764,70903025,77031835,185435778,262467613,377188813,639656426,3.322357938889067,4.190276781943314,0.2813023030757904,3,47,38,1.2105263
22,19,8065,00:01:21.8160000,57,41796,117484,121278247,135197738,389352870,524550608,656046125,1180596733,3.783492912789216,7.3620378964432485,0.2979004383087158,4,57,46,1.2173913
22,20,8546,00:02:43.3460000,66,75555,216154,211011137,241051232,808068408,1049119640,1117256757,2166376397,4.365886384470787,10.259416562660013,0.3144681453704834,4,66,50,1.3
23,0,2080,00:00:00.1030000,1,1,1,1002,1002,0,1002,3907,4909,1,1,0,0,1,1,0
23,1,2382,00:00:00.1330000,2,2,2,2001,2001,0,2001,8266,10267,1.0024987506246876,1.0050099791186529,0,1,2,1,1
23,2,2736,00:00:00.1880000,2,3,4,4004,4005,0,4005,18665,22670,1.00999000999001,1.0201796345306704,0,1,2,1,1
23,3,3073,00:00:00.2040000,2,4,5,8004,8011,0,8011,38067,46078,1.0213643178410794,1.0436406626993324,0,1,2,1,1
23,4,3415,00:00:00.2200000,3,6,9,15995,16005,0,16005,77387,93392,1.0515786183182245,1.1086163223968044,0.009030734188854694,1,3,2,1
23,5,3739,00:00:00.2590000,4,8,19,32085,32111,0,32111,151430,183541,1.1081190587501948,1.2283766696581295,0.014362473972141743,2,4,2,1.5
23,6,4031,00:00:00.2790000,5,16,32,64044,64117,0,64117,286380,350497,1.2250171756917119,1.497071807343349,0.02536318451166153,2,5,3,1.3333334
23,7,4284,00:00:00.3040000,5,32,63,127548,127919,363,128282,518069,646351,1.4089362436102486,1.9653750082877615,0.042804986238479614,2,5,3,1.3333334
23,8,4499,00:00:00.3350000,5,61,115,249146,250276,6196,256472,902616,1159088,1.652228010885184,2.5805587526866725,0.04697420075535774,2,5,3,1.3333334
23,9,4688,00:00:00.3800000,6,109,203,476423,479041,34396,513437,1536577,2050014,1.9340103227593965,3.04467975242967,0.043789420276880264,2,6,4,1.25
23,10,4865,00:00:00.4540000,6,200,364,889151,896141,130722,1026863,2617068,3643931,2.208675466821721,2.8874131002722074,0.0446847528219223,2,6,4,1.25
23,11,5039,00:00:00.6320000,9,356,674,1635884,1647281,406196,2053477,4489102,6542579,2.443165896848432,2.3813889388024263,0.040916018187999725,3,9,6,1.3333334
23,12,5222,00:00:00.7910000,10,660,1251,2950562,2975724,1133950,4109674,7884263,11993937,2.6290354176594155,1.9021709990679783,0.037966758012771606,3,10,7,1.2857143
23,13,5423,00:00:01.0260000,10,1222,2333,5210237,5275059,2933604,8208663,14198577,22407240,2.7705398046192524,1.5693705264407507,0.03792602941393852,3,10,7,1.2857143
23,14,5652,00:00:01.5000000,13,2199,4351,9056271,9201164,7205064,16406228,26200195,42606423,2.8757979967693106,1.3794822832512756,0.03355722874403,3,13,10,1.2
23,15,5918,00:00:02.4710000,18,3953,8408,15507022,15846097,16958068,32804165,49202728,82006893,2.962884749889437,1.3010217703439795,0.029509488493204117,3,18,15,1.1333333
23,16,6230,00:00:04.9400000,21,7069,15974,26046290,26992762,38559321,65552083,93343840,158895923,3.053268469329029,1.34353457083734,0.044662635773420334,3,21,18,1.1111112
23,17,6595,00:00:13.5240000,31,12941,30874,43469537,45904608,85330650,131235258,177267955,308503213,3.190939162752067,1.6485474097841972,0.05507197231054306,3,31,27,1.1111112
23,18,7008,00:00:33.1440000,55,23205,59246,72906131,78533243,183662749,262195992,330657437,592853429,3.439733388128908,2.7073281289124957,0.09583745896816254,3,55,48,1.125
23,19,7460,00:01:14.6350000,71,41795,112334,121844647,136664357,388238092,524902449,600878150,1125780599,3.825602999202747,5.632700142735815,0.1750274896621704,3,71,61,1.1475409
23,20,7936,00:02:38.2060000,93,75633,210784,209308877,241630568,808256201,1049886769,1057799159,2107685928,4.357885609409676,12.412630813000492,0.46012768149375916,3,93,75,1.2266667
24,0,2731,00:00:00.0380000,1,1,1,1001,1001,0,1001,5133,6134,1,1,0,0,1,1,0
24,1,3104,00:00:00.0490000,1,1,1,2005,2005,0,2005,10706,12711,1,1,0,0,1,1,0
24,2,3384,00:00:00.0690000,1,1,1,4004,4004,0,4004,18761,22765,1,1,0,0,1,1,0
24,3,3720,00:00:00.0720000,1,2,3,8005,8006,0,8006,37747,45753,1,1,0,0,1,1,0
24,4,4082,00:00:00.0770000,2,4,10,16012,16021,0,16021,79593,95614,1.0014988758431176,1.0030022492612847,0,1,2,1,1
24,5,4427,00:00:00.0830000,3,11,21,32062,32087,0,32087,160028,192115,1.0055205539267669,1.0111132055030003,0,1,3,2,1
24,6,4761,00:00:00.1010000,4,26,45,63863,64058,0,64058,314788,378846,1.0129026196702315,1.0262032140641029,0.007564315106719732,1,4,3,1
24,7,5100,00:00:00.1150000,5,42,78,126889,127658,446,128104,624224,752328,1.031555138743311,1.0656090331912034,0.01974484510719776,1,5,4,1
24,8,5434,00:00:00.1360000,9,63,138,246848,248649,7668,256317,1225236,1481553,1.0719268537723619,1.1551900724633013,0.040858156979084015,2,9,7,1.1428572
24,9,5769,00:00:00.1720000,15,130,275,465252,468847,43233,512080,2354853,2866933,1.156100349917894,1.3728656930178078,0.0800342932343483,2,15,13,1.0769231
24,10,6095,00:00:00.2350000,19,229,511,854639,863211,161377,1024588,4343454,5368042,1.301212558752877,1.834839063472918,0.13276849687099457,2,19,17,1.0588236
24,11,6409,00:00:00.3450000,25,402,913,1546843,1562610,486698,2049308,7708797,9758105,1.5380442617641221,2.8117128645414375,0.18712720274925232,3,25,22,1.0909091
24,12,6703,00:00:00.5430000,28,750,1704,2775811,2810367,1291773,4102140,13122263,17224403,1.874871524033877,4.332230469553233,0.21689356863498688,3,28,24,1.125
24,13,6975,00:00:00.8550000,29,1278,2962,4966172,5045842,3157454,8203296,21594357,29797653,2.3050486370588854,5.360112508859586,0.2037557065486908,3,29,25,1.12
24,14,7230,00:00:01.3250000,28,2232,5143,8862421,9051311,7333059,16384370,34843849,51228219,2.7731681895951454,4.9925028147804165,0.1759069859981537,3,28,24,1.125
24,15,7482,00:00:02.0820000,27,3869,8954,15799370,16169426,16612895,32782321,56484643,89266964,3.219324251536612,3.9852662230893108,0.13932524621486664,4,27,21,1.2380953
24,16,7746,00:00:03.5990000,23,6934,15875,27768575,28507609,37053086,65560695,93697575,159258270,3.564939144338519,3.0429508831075736,0.12141161412000656,4,23,17,1.2941177
24,17,8037,00:00:08.5750000,22,12455,29061,48011998,49568546,81622115,131190661,160508154,291698815,3.8266284398328936,2.524668289868501,0.11498240381479263,5,22,15,1.4
24,18,8366,00:00:21.3540000,21,22240,54219,81506768,85493074,177160545,262653619,282855239,545508858,4.071002263272174,2.542288415987827,0.11108413338661194,5,22,16,1.3125
24,19,8732,00:00:49,34,40796,102412,139515002,148544759,376355162,524899921,502017443,1026917364,4.429695947680236,3.6789666261290384,0.1756187081336975,5,34,24,1.375
24,20,9119,00:01:44.7930000,41,74340,191731,243710794,265099357,784310059,1049409416,871482667,1920892083,5.016212613873803,5.700866865536081,0.31384819746017456,4,41,33,1.2121212
25,0,2531,00:00:00.0500000,1,1,2,1003,1003,0,1003,5037,6040,1,1,0,0,1,1,0
25,1,2887,00:00:00.0620000,1,1,2,2011,2011,0,2011,10031,12042,1,1,0,0,1,1,0
25,2,3221,00:00:00.0830000,1,1,3,4008,4008,0,4008,20123,24131,1,1,0,0,1,1,0
25,3,3626,00:00:00.0870000,1,2,4,8002,8007,0,8007,44102,52109,1,1,0,0,1,1,0
25,4,3983,00:00:00.0920000,1,7,14,15989,16023,0,16023,85551,101574,1,1,0,0,1,1,0
25,5,4328,00:00:00.0990000,2,13,29,31976,32075,0,32075,164456,196531,1.0024080560420314,1.0048276522188968,0,1,2,1,1
25,6,4664,00:00:00.1090000,5,20,45,64004,64136,0,64136,319656,383792,1.012436722704831,1.0252880505349493,0.00977246556431055,1,5,4,1
25,7,5000,00:00:00.1330000,7,38,87,127364,127781,464,128245,629084,757329,1.03121761251217,1.0614715085988238,0.02450121007859707,1,7,6,1
25,8,5335,00:00:00.1540000,8,61,142,247026,248621,7559,256180,1228698,1484878,1.0828050488612535,1.156048031677564,0.060661431401968,2,8,6,1.1666666
25,9,5655,00:00:00.1890000,11,132,283,464984,470175,42542,512717,2305413,2818130,1.2358210174973763,1.4476722688127381,0.13670077919960022,2,11,8,1.25
25,10,5931,00:00:00.2420000,16,227,499,864382,873816,151429,1025245,3972878,4998123,1.588214469991277,2.31780790515497,0.2184346318244934,3,16,12,1.25
25,11,6156,00:00:00.3180000,18,382,843,1594938,1612657,437520,2050177,6364915,8415092,2.1178233887461455,4.16951492995358,0.2888391315937042,3,18,14,1.2142857
25,12,6347,00:00:00.4320000,13,684,1400,2914055,2961150,1137410,4098560,9875815,13974375,2.6576444164574795,5.4523651313163395,0.33295300602912903,2,13,10,1.2
25,13,6529,00:00:00.6210000,12,1190,2392,5313222,5394029,2827275,8221304,15559039,23780343,3.0961868335258718,5.101693470404918,0.33447858691215515,2,12,9,1.2222222
25,14,6716,00:00:00.9270000,12,2102,4184,9495193,9632789,6771864,16404653,25336969,41741622,3.411332765958522,4.23782428976846,0.30726179480552673,2,12,9,1.2222222
25,15,6922,00:00:01.4670000,13,3649,7543,16681440,16949981,15824185,32774166,43113051,75887217,3.628121792842824,3.464742186239914,0.26525184512138367,2,13,10,1.2
25,16,7159,00:00:02.5920000,14,6725,14152,28753646,29406892,36266107,65672999,76645308,142318307,3.7792585677656323,2.8880358044846335,0.25491753220558167,3,14,10,1.3
25,17,7436,00:00:06.3570000,19,12098,26932,48629518,50166303,80985140,131151443,140416099,271567542,3.894874549239826,2.5504348767985228,0.29418429732322693,3,19,14,1.2857143
25,18,7766,00:00:18.2270000,26,22399,52374,80932012,84832304,177482215,262314519,263335313,525649832,3.9922968182231773,2.4639964857546994,0.25945279002189636,3,27,23,1.1304348
25,19,8157,00:00:47.0120000,45,40832,101866,133913361,143409000,381537249,524946249,498017060,1022963309,4.137084805152489,2.886323062848122,0.23700468242168427,4,46,41,1.097561
25,20,8602,00:01:49.6540000,66,74249,196642,220316241,246891118,802863949,1049755067,925105063,1974860130,4.460673323670224,4.9842609123850155,0.27069732546806335,4,67,56,1.1785715
26,0,3320,00:00:00.2000000,1,1,2,1005,1005,0,1005,5431,6436,1,1,0,0,1,1,0
26,1,3688,00:00:00.2110000,2,2,4,2004,2004,0,2004,10706,12710,1.001497005988024,1.002998542768329,0,1,2,1,1
26,2,4018,00:00:00.2510000,2,2,4,4007,4007,0,4007,20431,24438,1.0057399550786124,1.0115457433940902,0,1,2,1,1
26,3,4346,00:00:00.2550000,2,2,5,8013,8013,0,8013,39363,47376,1.0098589791588668,1.019912291352957,0,1,2,1,1
26,4,4678,00:00:00.2590000,2,10,17,15988,16008,0,16008,77254,93262,1.0261446084563424,1.0536543618900083,0,1,2,1,1
26,5,5019,00:00:00.2650000,3,16,28,31947,32015,0,32015,156242,188257,1.0543713024697154,1.1147692607693993,0.008046268485486507,1,3,2,1
26,6,5336,00:00:00.3140000,3,18,45,63972,64126,0,64126,301289,365415,1.1103295191646345,1.2452750938263757,0.02002054825425148,1,3,2,1
26,7,5632,00:00:00.3230000,3,32,72,127180,127808,424,128232,572908,701140,1.2069665041673219,1.4936839925018472,0.037078265100717545,1,3,2,1
26,8,5899,00:00:00.3370000,6,82,150,248347,249628,6964,256592,1051031,1307623,1.3318018739908273,1.8257545253945844,0.0433158278465271,1,6,5,1
26,9,6156,00:00:00.3620000,8,130,262,470257,473022,39436,512458,1917954,2430412,1.4707064434979171,2.0788363126129674,0.060859810560941696,1,8,7,1
26,10,6408,00:00:00.4010000,9,228,480,868541,875817,149467,1025284,3455565,4480849,1.6100748266345515,2.044060993558988,0.07608231157064438,1,9,8,1
26,11,6669,00:00:00.4750000,10,394,840,1565640,1584282,466508,2050790,6266477,8317267,1.7333927339618302,1.8048413288800944,0.09141895174980164,2,10,8,1.125
26,12,6950,00:00:00.6260000,14,741,1601,2769047,2808661,1290809,4099470,11487863,15587333,1.840817075333138,1.5624445803815366,0.1019018366932869,2,14,12,1.0833334
26,13,7263,00:00:00.9710000,16,1272,2941,4792424,4896356,3297396,8193752,21317721,29511473,1.9260918900331023,1.407947054884751,0.10685669630765915,2,16,14,1.0714285
26,14,7618,00:00:01.6570000,24,2367,5713,8192202,8434405,7949982,16384387,39899735,56284122,2.014143694210665,1.401427377989905,0.1094687432050705,2,24,21,1.0952381
26,15,8022,00:00:03.0890000,32,4242,10829,13737265,14413209,18357059,32770268,74778402,107548670,2.1354413706076136,1.6249018572237262,0.1140078753232956,3,32,28,1.1071428
26,16,8467,00:00:06.0120000,53,7696,20398,23133868,24745451,40859334,65604785,137501991,203106776,2.356438101920526,2.587250759547984,0.14423175156116486,3,53,46,1.1304348
26,17,8936,00:00:12.6540000,76,13748,37638,39090748,42946679,88306354,131253033,244860181,376113214,2.7067603566961678,6.027908321473179,0.22123971581459045,4,76,63,1.1904762
26,18,9413,00:00:34.5500000,95,24304,68354,67222981,75633935,186754197,262388132,421348457,683736589,3.212043586701399,14.984529925380064,0.29849427938461304,4,96,74,1.2837838
26,19,9885,00:01:17.8800000,93,42900,122506,118594723,135706004,389217804,524923808,702623230,1227547038,3.8596769689322517,16.916410771201708,0.30786508321762085,4,94,66,1.4090909
26,20,10355,00:02:35.9580000,84,76239,219863,211701120,243312730,806283928,1049596658,1153109754,2202706412,4.46568251504763,8.623094973953645,0.2480233907699585,5,85,61,1.3770492
27,0,2994,00:00:00.0590000,1,1,1,1001,1001,0,1001,5523,6524,1,1,0,0,1,1,0
27,1,3342,00:00:00.0690000,1,1,1,2016,2016,0,2016,10543,12559,1,1,0,0,1,1,0
27,2,3682,00:00:00.0880000,1,1,1,4009,4009,0,4009,20203,24212,1,1,0,0,1,1,0
27,3,3978,00:00:00.0910000,1,2,2,8009,8010,0,8010,37262,45272,1,1,0,0,1,1,0
27,4,4319,00:00:00.0940000,1,3,7,16000,16002,0,16002,76680,92682,1,1,0,0,1,1,0
27,5,4672,00:00:00.0990000,1,3,10,32010,32023,0,32023,157747,189770,1,1,0,0,1,1,0
27,6,5019,00:00:00.1040000,1,17,32,63952,64051,0,64051,318078,382129,1,1,0,0,1,1,0
27,7,5372,00:00:00.1160000,1,41,76,127034,127537,482,128019,643144,771163,1,1,0,0,1,1,0
27,8,5728,00:00:00.1460000,4,75,164,247062,248480,7965,256445,1284890,1541335,1.0071237179331505,1.0105485017878626,0.0038737335707992315,2,4,2,1.5
27,9,6093,00:00:00.1980000,8,124,319,463794,467617,44642,512259,2516976,3029235,1.0391466901253574,1.0546511231137572,0.016272269189357758,2,8,6,1.1666666
27,10,6462,00:00:00.2720000,12,217,588,848083,858490,165905,1024395,4762860,5787255,1.1805648739569123,1.247726290920768,0.0459253154695034,2,12,10,1.1
27,11,6784,00:00:00.3870000,19,384,992,1546765,1565892,483806,2049698,8189412,10239110,1.593407531202219,1.9130422474690312,0.08540917187929153,3,19,16,1.125
27,12,7042,00:00:00.5590000,20,684,1678,2819485,2860443,1240001,4100444,12917231,17017675,2.1467228944293018,2.3844891515752344,0.09513603895902634,3,20,17,1.117647
27,13,7272,00:00:00.8100000,17,1205,2831,5083006,5184150,3032412,8216562,20091513,28308075,2.6026089680004314,1.9806562797686245,0.08101142197847366,3,17,14,1.1428572
27,14,7503,00:00:01.2250000,15,2194,4901,8999772,9213149,7196258,16409407,32161704,48571111,2.926016792425408,1.7430876453344986,0.05924517661333084,4,15,11,1.2727273
27,15,7753,00:00:01.9330000,15,3909,8737,15727611,16154646,16669618,32824264,53727107,86551371,3.1649860872067603,1.837805203613782,0.04348677769303322,4,15,11,1.2727273
27,16,8031,00:00:03.3970000,16,6957,15994,27161878,28070427,37619519,65689946,93010182,158700128,3.399119383424077,2.2141519941588714,0.040580518543720245,4,16,11,1.3636364
27,17,8340,00:00:06.3660000,19,12581,29562,46577016,48631771,82669652,131301423,163999876,295301299,3.668615761044031,2.717780562666046,0.12553413212299347,5,19,13,1.3846154
27,18,8679,00:00:13.8990000,26,22637,55129,80268852,84702250,177669477,262371727,289846867,552218594,4.021336757127161,3.2672921030160973,0.14700880646705627,3,26,21,1.1904762
27,19,9044,00:00:35.6190000,39,41129,103197,140380066,149234849,375739953,524974802,508134790,1033109592,4.482091054152945,4.214946615856638,0.16302527487277985,3,39,33,1.1515151
27,20,9428,00:01:26.1060000,47,74836,192565,245645775,265432751,784556748,1049989499,875051403,1925040902,5.016613169919165,4.830271637737464,0.1743059605360031,4,47,37,1.2432432
28,0,3878,00:00:00.0770000,1,1,1,1004,1004,0,1004,4577,5581,1,1,0,0,1,1,0
28,1,4222,00:00:00.0910000,1,1,1,2001,2001,0,2001,9553,11554,1,1,0,0,1,1,0
28,2,4560,00:00:00.1160000,1,1,1,4009,4009,0,4009,19126,23135,1,1,0,0,1,1,0
28,3,4916,00:00:00.1210000,1,2,2,8013,8016,0,8016,39657,47673,1,1,0,0,1,1,0
28,4,5258,00:00:00.1270000,2,5,7,16004,16008,0,16008,79237,95245,1.0016870782304423,1.0033797918769405,0,1,2,1,1
28,5,5592,00:00:00.1340000,2,9,16,32040,32078,0,32078,156041,188119,1.0044943820224719,1.0090291349998357,0,1,2,1,1
28,6,5929,00:00:00.1430000,3,13,38,63946,64059,0,64059,312149,376208,1.0125105557814407,1.0253693786807447,0.0067063081078231335,1,3,2,1
28,7,6272,00:00:00.1700000,4,32,83,127280,127616,471,128087,627863,755950,1.0274984286612194,1.056720597121157,0.012386859394609928,1,4,3,1
28,8,6608,00:00:00.1970000,6,71,161,247586,248391,7680,256071,1230217,1486288,1.0625075731261058,1.1345235771326614,0.029278285801410675,1,6,5,1
28,9,6952,00:00:00.2500000,8,140,315,466448,469331,43630,512961,2388225,2901186,1.130053082015573,1.3032967009036582,0.057433269917964935,1,8,7,1
28,10,7290,00:00:00.3420000,10,265,572,852268,861147,163082,1024229,4451526,5475755,1.2512859804662384,1.6596936214159366,0.10548018664121628,2,10,8,1.125
28,11,7624,00:00:00.5170000,13,440,1026,1527979,1554789,495919,2050708,8040012,10090720,1.4294437292659128,2.27704446869686,0.15878203511238098,2,13,11,1.0909091
28,12,7953,00:00:00.8110000,25,784,1867,2715906,2769113,1332412,4101525,14123873,18225398,1.6652295771650418,2.9911639885433012,0.2017158716917038,3,25,20,1.2
28,13,8277,00:00:01.2920000,31,1329,3276,4780985,4903957,3298143,8202100,24237014,32439114,1.9481418577970857,3.5395394884303335,0.22817477583885193,3,31,24,1.25
28,14,8598,00:00:02.0420000,34,2323,5753,8394228,8666539,7748000,16414539,40955176,57369715,2.30832066986982,4.389400937291181,0.233754962682724,3,34,26,1.2692307
28,15,8911,00:00:03.3920000,37,4110,10134,14820383,15365250,17416193,32781443,67826355,100607798,2.751312634767941,5.756743605230405,0.2254105657339096,3,37,29,1.2413793
28,16,9222,00:00:06.3690000,38,7328,17849,26238519,27282885,38255676,65538561,111529772,177068333,3.2075531016060777,6.244096056113357,0.21749798953533173,4,38,28,1.3214285
28,17,9547,00:00:15.0520000,38,12885,31791,45996794,47947748,83317857,131265605,186038493,317304098,3.582758680963721,5.188104911741112,0.2091643065214157,4,38,27,1.3703704
28,18,9903,00:00:33.2130000,35,22887,57919,78325646,82776572,179427509,262204081,318329866,580533947,3.8528509040321226,4.260538579909403,0.2030254304409027,4,36,28,1.25
28,19,10307,00:01:10.9580000,41,41234,108522,131266693,141770818,382618117,524388935,560368781,1084757716,4.0871858408134045,4.393436921568398,0.20724061131477356,5,42,32,1.28125
28,20,10760,00:02:30.2550000,50,74865,204732,218700718,245131106,804470139,1049601245,995205422,2044806667,4.438791266336858,6.683645254087478,0.3189428448677063,4,51,38,1.3157895
2,0,2418,00:00:00.0350000,1,1,1,1007,1007,0,1007,5410,6417,1,1,0,0,1,1,0
2,1,2764,00:00:00.0500000,1,1,1,2003,2003,0,2003,10303,12306,1,1,0,0,1,1,0
2,2,3141,00:00:00.0700000,2,2,2,4020,4020,0,4020,21202,25222,1.0017412935323382,1.0034886443181583,0,1,2,1,1
2,3,3493,00:00:00.0750000,2,4,5,8002,8006,0,8006,41715,49721,1.00224943764059,1.0045089589719771,0,1,2,1,1
2,4,3849,00:00:00.0800000,3,7,10,15990,16003,0,16003,82491,98494,1.0069418386491558,1.0140017946791744,0,1,3,2,1
2,5,4202,00:00:00.0960000,4,12,21,31971,32011,0,32011,164436,196447,1.0190797910606486,1.039085428747539,0.013450783677399158,1,4,3,1
2,6,4549,00:00:00.1040000,5,19,41,63982,64062,0,64062,325206,389268,1.0430902441311618,1.0910545867632497,0.02842509001493454,1,5,4,1
2,7,4871,00:00:00.1170000,5,35,79,127230,127685,431,128116,620629,748745,1.0893735754146034,1.2005525176837866,0.05995224416255951,1,5,4,1
2,8,5180,00:00:00.1350000,8,60,139,248024,249044,7400,256444,1175117,1431561,1.174462955197884,1.4324778392291613,0.09911579638719559,2,8,6,1.1666666
2,9,5478,00:00:00.1660000,11,122,275,469349,471287,41514,512801,2177535,2690336,1.3127054707690866,1.9022296119326216,0.15352272987365723,2,11,8,1.25
2,10,5758,00:00:00.2180000,11,218,476,862971,870107,154195,1024302,3884539,4908841,1.4938311947910186,2.6729074612829145,0.2329438477754593,2,11,8,1.25
2,11,6030,00:00:00.3070000,13,372,861,1564060,1581007,469294,2050301,6803538,8853839,1.717139368054934,3.6634133063792276,0.30448609590530396,2,13,10,1.2
2,12,6298,00:00:00.4790000,16,701,1549,2799680,2836491,1267868,4104359,11755692,15860051,1.9687067807749457,4.507019602021156,0.36054864525794983,3,16,12,1.25
2,13,6569,00:00:00.7650000,19,1209,2733,4953334,5030129,3172127,8202256,20227878,28430134,2.2381034672808253,4.8133226135157345,0.3848356604576111,3,19,13,1.3846154
2,14,6851,00:00:01.2700000,22,2192,5085,8686528,8847077,7550772,16397849,34955400,51353249,2.507788612435256,4.385260686621622,0.3813246190547943,3,22,16,1.3125
2,15,7151,00:00:02.1800000,24,3960,9362,15096665,15468761,17362339,32831100,60815364,93646464,2.771360893283384,3.764639863078438,0.38445237278938293,3,24,18,1.2777778
2,16,7475,00:00:04.0030000,27,7125,17232,25970147,26845870,38739236,65585106,106526866,172111972,3.037747110172307,3.6622070279651036,0.3954508304595947,4,27,20,1.3
2,17,7829,00:00:08.0200000,32,12916,32052,44521790,46585354,84691558,131276912,187744806,319021718,3.3354927778061034,4.372774147290711,0.45082932710647583,4,32,22,1.4090909
2,18,8212,00:00:22.4160000,38,23004,59446,75870615,80875838,181271619,262147457,329850939,591998396,3.678292287468607,5.540384460839575,0.49961844086647034,4,39,29,1.3103448
2,19,8626,00:00:55.7010000,53,41667,110958,130469073,141623562,383412457,525036019,577387225,1102423244,4.095177544489797,6.723996870955011,0.6614018678665161,5,54,41,1.2926829
2,20,9064,00:02:00.0620000,59,74997,205519,225036409,250162403,799993428,1050155831,996955678,2047111509,4.610758270676102,8.144070512891258,0.5254297256469727,4,60,47,1.2553191
29,0,2287,00:00:00.0680000,1,1,1,1006,1006,0,1006,4636,5642,1,1,0,0,1,1,0
29,1,2660,00:00:00.0870000,1,1,1,2001,2001,0,2001,10262,12263,1,1,0,0,1,1,0
29,2,3003,00:00:00.1220000,1,2,2,3998,4001,0,4001,20384,24385,1,1,0,0,1,1,0
29,3,3353,00:00:00.1310000,2,3,4,8012,8015,0,8015,40613,48628,1.0017473789316027,1.0035008460648835,0,1,2,1,1
29,4,3681,00:00:00.1410000,2,3,7,16014,16015,0,16015,78630,94645,1.0083676782815036,1.0168753304169575,0,1,2,1,1
29,5,4024,00:00:00.1520000,2,12,18,32009,32046,0,32046,158262,190308,1.0179949389234277,1.036637081586461,0,1,2,1,1
29,6,4357,00:00:00.1670000,4,23,42,63887,64069,0,64069,312728,376797,1.0416516662231754,1.0869685203342148,0.009179061278700829,1,4,3,1
29,7,4684,00:00:00.2020000,6,41,77,127333,127800,430,128230,611196,739426,1.09368349131804,1.1980595464951662,0.02259135991334915,2,6,4,1.25
29,8,4983,00:00:00.2310000,8,75,140,247314,248820,7257,256077,1146810,1402887,1.19667305530621,1.4400483830557442,0.04075133427977562,2,8,6,1.1666666
29,9,5266,00:00:00.2800000,11,145,279,468974,472473,40488,512961,2095603,2608564,1.3754771053405945,1.9113888806234125,0.05892864242196083,2,11,9,1.1111112
29,10,5522,00:00:00.3760000,12,250,499,865673,875314,149183,1024497,3652591,4677088,1.6362598810405315,2.6664608325994408,0.08124794065952301,2,12,10,1.1
29,11,5759,00:00:00.4690000,15,407,855,1584177,1603302,449413,2052715,6192181,8244896,1.9656282094740676,3.3142707618010645,0.08864284306764603,3,15,12,1.1666666
29,12,5984,00:00:00.6630000,15,683,1455,2858035,2901155,1207587,4108742,10353137,14461879,2.282434959683839,3.0445892803650247,0.0897107794880867,3,15,12,1.1666666
29,13,6212,00:00:00.9530000,15,1178,2548,5068741,5166288,3035947,8202235,17492182,25694417,2.5496074863560794,2.369513080884596,0.08370333164930344,3,15,12,1.1666666
29,14,6457,00:00:01.4860000,20,2142,4660,8906826,9079845,7311062,16390907,30303484,46694391,2.764822732587344,1.9112215108944879,0.07514654099941254,3,20,17,1.117647
29,15,6730,00:00:02.6110000,20,3894,8581,15374351,15788038,17034764,32822802,53871483,86694285,2.944827134491726,1.7186237041334473,0.0704277828335762,4,20,15,1.2666667
29,16,7038,00:00:05.9270000,23,6998,16170,26236732,27163995,38418388,65582383,97395085,162977468,3.1220275451988457,1.838347025872234,0.06547169387340546,4,23,18,1.2222222
29,17,7384,00:00:14.9630000,29,12521,30430,44594530,46782221,84293053,131075274,176775681,307850955,3.3707592388573215,2.427987149657486,0.10672187060117722,5,29,22,1.2727273
29,18,7760,00:00:33.9590000,37,22956,57291,76661106,81724882,180494953,262219835,316095923,578315758,3.766752856396306,3.7682682556862885,0.12522226572036743,4,37,30,1.2
29,19,8147,00:01:10.0920000,46,41282,106341,135706884,146502503,377940013,524442516,546836528,1071279044,4.383692731460845,5.316599588644915,0.1311354637145996,4,46,37,1.2162162
29,20,8530,00:02:13.8790000,49,74531,195183,247291682,267777571,781576607,1049354178,911894480,1961248658,5.1270008467167125,5.789984864296249,0.12780213356018066,5,50,38,1.2894737
30,0,3359,00:00:00.0400000,1,1,1,1004,1004,0,1004,3851,4855,1,1,0,0,1,1,0
30,1,3704,00:00:00.0510000,1,1,2,2001,2001,0,2001,8796,10797,1,1,0,0,1,1,0
30,2,4058,00:00:00.0700000,1,2,3,4001,4004,0,4004,18870,22874,1,1,0,0,1,1,0
30,3,4393,00:00:00.0740000,2,3,4,8022,8024,0,8024,37766,45790,1.00112191473448,1.0022463939946435,0,1,2,1,1
30,4,4742,00:00:00.0790000,1,6,11,16015,16037,0,16037,78234,94271,1,1,0,0,1,1,0
30,5,5088,00:00:00.0840000,3,9,21,31997,32025,0,32025,158072,190097,1.0037190986654998,1.0074715755216979,0,1,3,2,1
30,6,5437,00:00:00.1010000,3,16,44,63993,64132,0,64132,320528,384660,1.007032019127092,1.0141816340596261,0.005324775353074074,1,3,2,1
30,7,5779,00:00:00.1120000,4,30,80,127174,127619,477,128096,637240,765336,1.0182269960841053,1.0372856736141438,0.013098176568746567,1,4,3,1
30,8,6123,00:00:00.1330000,8,64,162,247926,248626,7778,256404,1254485,1510889,1.0440373337205457,1.0932431950255876,0.027247419580817223,1,8,7,1
30,9,6474,00:00:00.1720000,10,114,327,466526,468148,44224,512372,2441194,2953566,1.0962690182326387,1.2185923745697016,0.05737446993589401,1,10,9,1
30,10,6827,00:00:00.2620000,11,224,587,853075,858949,165379,1024328,4596898,5621226,1.1927802362043196,1.499553131815339,0.11237934231758118,1,11,10,1
30,11,7186,00:00:00.3740000,13,423,1082,1527988,1546126,505096,2051222,8457180,10508402,1.3471264172231718,2.1028008452885385,0.19121140241622925,1,13,12,1
30,12,7543,00:00:00.6170000,17,756,1913,2695531,2744071,1356932,4101003,15061199,19162202,1.5386764240515134,3.0217814036244426,0.2773573100566864,2,17,15,1.0666667
30,13,7908,00:00:01.0510000,21,1340,3410,4676346,4805713,3390422,8196135,26495234,34691369,1.7338355630656928,3.616174139058582,0.36384525895118713,2,21,18,1.1111112
30,14,8293,00:00:01.8180000,29,2394,6220,8037237,8346675,8054222,16400897,46611237,63012134,1.9230221778952146,3.748686988023115,0.419669508934021,2,29,26,1.0769231
30,15,8705,00:00:03.3220000,38,4199,11346,13647398,14410764,18395322,32806086,82129540,114935626,2.137726253751814,4.341294035037251,0.43849512934684753,3,38,32,1.15625
30,16,9138,00:00:06.1730000,60,7493,20690,23454908,24979447,40628030,65607477,143085643,208693120,2.4534707192200456,6.883364084984405,0.43001657724380493,3,60,46,1.2826087
30,17,9579,00:00:11.7110000,67,13341,37439,40239176,43840303,87427563,131267866,243931258,375199124,2.8829707149072834,11.648941693993265,0.43558478355407715,4,67,49,1.3469387
30,18,10021,00:00:29.5850000,82,23816,67044,70751879,77421553,184745488,262167041,407453729,669620770,3.394336368084302,11.989104909634738,0.40527835488319397,4,82,57,1.4210526
30,19,10474,00:01:08.6150000,69,42491,120639,122131973,137061607,387685496,524747103,677823539,1202570642,3.909828649046716,9.401278573886408,0.40295469760894775,5,70,49,1.4081633
30,20,10939,00:02:24.7060000,78,75943,218043,218664296,244800981,804824162,1049625143,1123262495,2172887638,4.501188296419458,12.306977855010288,0.3704618513584137,5,79,53,1.4716982
31,0,3214,00:00:00.0830000,1,1,2,1008,1008,0,1008,5918,6926,1,1,0,0,1,1,0
31,1,3499,00:00:00.0960000,1,1,2,2002,2002,0,2002,10096,12098,1,1,0,0,1,1,0
31,2,3879,00:00:00.1220000,1,1,2,4005,4005,0,4005,21275,25280,1,1,0,0,1,1,0
31,3,4216,00:00:00.1280000,1,3,6,8010,8018,0,8018,40356,48374,1,1,0,0,1,1,0
31,4,4551,00:00:00.1340000,2,8,13,16001,16026,0,16026,79387,95413,1.0010624335979001,1.002127163234,0,1,2,1,1
31,5,4907,00:00:00.1430000,3,11,19,32016,32058,0,32058,161046,193104,1.004091704147926,1.0082253472222273,0,1,3,2,1
31,6,5239,00:00:00.1650000,4,22,38,63799,64063,0,64063,312447,376510,1.0096709979780247,1.0195773783673914,0.006289671175181866,1,4,3,1
31,7,5581,00:00:00.1810000,7,39,81,127010,127555,467,128022,627434,755456,1.0249350444846863,1.0516040170865344,0.020541854202747345,1,7,6,1
31,8,5924,00:00:00.2090000,11,63,150,247700,248628,7730,256358,1244358,1500716,1.0623576907549455,1.1362886287959966,0.04943963512778282,1,11,10,1
31,9,6263,00:00:00.2570000,12,128,290,466170,469509,43573,513082,2386770,2899852,1.128036982216788,1.3090171396196089,0.1000097319483757,1,12,11,1
31,10,6607,00:00:00.3490000,16,238,557,852732,860781,164081,1024862,4489943,5514805,1.2439113343934554,1.7117801147037508,0.17717254161834717,1,16,15,1
31,11,6947,00:00:00.4960000,20,415,1013,1532621,1551761,498772,2050533,8148045,10198578,1.4103950030699044,2.606887624978156,0.2843013405799866,2,20,18,1.0555556
31,12,7287,00:00:00.8070000,21,781,1857,2701273,2755767,1343499,4099266,14436871,18536137,1.594492300482032,4.191105159323586,0.40378764271736145,2,21,19,1.0526316
31,13,7642,00:00:01.3850000,27,1335,3356,4692221,4828320,3376691,8205011,25561936,33766947,1.7683425397056107,5.8333307520396955,0.4836573898792267,2,27,23,1.1304348
31,14,8020,00:00:02.3980000,38,2473,6253,8076385,8366175,8031677,16397852,45316385,61714237,1.9461668803555057,6.735937983298034,0.5260528326034546,3,38,30,1.2333333
31,15,8425,00:00:04.5720000,44,4338,11389,13773856,14490669,18318306,32808975,80206011,113014986,2.194685642132457,8.012701261925839,0.5065005421638489,3,44,34,1.2647059
31,16,8828,00:00:10.3100000,50,7669,20414,24074508,25627106,40007761,65634867,136739053,202373920,2.692363681949388,10.362248858673201,0.4290822148323059,4,50,37,1.3243244
31,17,9202,00:00:22.5120000,47,13435,35451,43328803,46394646,84910560,131305206,222033503,353338709,3.377313077400269,7.3441611658442865,0.3423532545566559,4,47,35,1.3142858
31,18,9562,00:00:43.3200000,41,23532,61762,77977307,83339975,178962680,262302655,355243503,617546158,3.963391695483918,5.203771194556078,0.2838577628135681,5,42,30,1.3666667
31,19,9937,00:01:20.6650000,38,41724,110316,137799036,147200820,377296653,524497473,579463606,1103961079,4.414741457262444,4.668391226620226,0.24450400471687317,5,39,30,1.2666667
31,20,10343,00:02:33.7410000,31,74823,202117,236801115,257261857,792262761,1049524618,967989000,2017513618,4.796399045671723,4.138900818979201,0.47997066378593445,4,31,23,1.3043479
32,0,2888,00:00:00.0340000,1,2,2,1000,1001,0,1001,5103,6104,1,1,0,0,1,1,0
32,1,3283,00:00:00.0450000,1,1,2,2004,2004,0,2004,10788,12792,1,1,0,0,1,1,0
32,2,3630,00:00:00.0640000,1,1,2,4019,4019,0,4019,20884,24903,1,1,0,0,1,1,0
32,3,3967,00:00:00.0670000,1,4,7,8014,8027,0,8027,40216,48243,1,1,0,0,1,1,0
32,4,4305,00:00:00.0720000,2,7,16,15990,16008,0,16008,78611,94619,1.0015634771732334,1.003131867887132,0,1,2,1,1
32,5,4639,00:00:00.0800000,2,21,36,31925,32061,0,32061,155701,187762,1.0050117462803445,1.0100737070763037,0,1,2,1,1
32,6,4973,00:00:00.0890000,6,26,51,63825,64125,0,64125,309857,373982,1.0130043086564826,1.0264621640575267,0.009807740338146687,1,6,5,1
32,7,5308,00:00:00.1220000,12,39,94,127323,127583,467,128050,619610,747660,1.037660124250921,1.0794677318954904,0.03141108900308609,1,12,11,1
32,8,5643,00:00:00.1460000,13,86,189,247562,248528,7640,256168,1224755,1480923,1.0799920827913816,1.1795949588457424,0.06483147293329239,1,13,12,1
32,9,5973,00:00:00.1860000,15,132,306,466400,469298,43291,512589,2337042,2849631,1.163246140651801,1.4116927033306093,0.1295647770166397,2,15,13,1.0769231
32,10,6298,00:00:00.2560000,18,252,566,854836,862748,161344,1024092,4319954,5344046,1.300475178864718,1.936992983696769,0.22238825261592865,2,18,16,1.0625
32,11,6616,00:00:00.3720000,21,423,991,1540569,1559929,489101,2049030,7730927,9779957,1.500174286253975,3.111951460157564,0.3421739637851715,2,21,17,1.1764706
32,12,6927,00:00:00.5840000,27,725,1720,2747293,2785006,1315557,4100563,13479848,17580411,1.754508528941034,5.390111365860461,0.39998599886894226,3,27,21,1.2380953
32,13,7234,00:00:00.9440000,28,1283,3055,4848767,4934087,3258466,8192553,23067027,31259580,2.0425244190945864,7.665595232849635,0.4250674843788147,3,28,22,1.2272727
32,14,7543,00:00:01.5160000,28,2349,5505,8521288,8718058,7690091,16408149,39174326,55582475,2.364056935993714,7.020612211743176,0.3995102047920227,3,28,21,1.2857143
32,15,7857,00:00:02.5310000,31,4114,9834,14925630,15341319,17480845,32822164,66179600,99001764,2.707627483731005,5.2464018876741365,0.31437715888023376,3,31,23,1.3043479
32,16,8183,00:00:04.4250000,32,7120,17526,25959022,26897471,38737518,65634989,112108417,177743406,3.064611948786052,4.255100561162279,0.24338385462760925,4,32,23,1.3478261
32,17,8528,00:00:08.3400000,37,12898,32080,44902878,46918532,84169537,131088069,191190202,322278271,3.404814141311833,3.496730001457256,0.18105919659137726,4,37,28,1.2857143
32,18,8905,00:00:20.6490000,42,23069,59539,76543538,81374704,181109252,262483956,331174636,593658592,3.7179424996006847,2.700170956140767,0.15437719225883484,4,43,32,1.3125
32,19,9322,00:00:52.8470000,49,41597,110902,128114122,140179169,384159123,524338292,580875192,1105213484,4.006007495411006,2.5078170355347016,0.13248470425605774,5,50,40,1.225
32,20,9781,00:02:03.0890000,74,75150,206810,216902635,244137231,804676489,1048813720,1021271335,2070085055,4.418776392458303,3.9530804072722145,0.22430311143398285,4,75,56,1.3214285
33,0,2598,00:00:00.0570000,1,1,1,1013,1013,0,1013,5197,6210,1,1,0,0,1,1,0
33,1,2983,00:00:00.0690000,2,2,2,2011,2011,0,2011,10764,12775,1.0024863252113376,1.0049850601207289,0,1,2,1,1
33,2,3308,00:00:00.0910000,2,2,3,4011,4011,0,4011,20014,24025,1.0024931438544005,1.0049987175293482,0,1,2,1,1
33,3,3661,00:00:00.0960000,2,3,5,8004,8010,0,8010,40284,48294,1.0078710644677662,1.0158660757321474,0,1,2,1,1
33,4,4020,00:00:00.1020000,3,7,12,16024,16036,0,16036,81739,97775,1.0154143784323515,1.0313651595285802,0.007149895187467337,1,3,2,1
33,5,4361,00:00:00.1180000,4,12,21,32052,32086,0,32086,160062,192148,1.0452389866466991,1.095141391072803,0.01871993951499462,1,4,3,1
33,6,4683,00:00:00.1270000,4,18,41,63911,64045,0,64045,308337,372382,1.0895776939806918,1.1972982837810666,0.03442182019352913,1,4,3,1
33,7,4991,00:00:00.1390000,5,31,73,127317,127659,433,128092,592582,720674,1.171933049003668,1.411928396032969,0.06205325201153755,1,5,4,1
33,8,5269,00:00:00.1550000,7,57,125,248389,249184,7043,256227,1088306,1344533,1.283756527060377,1.7436781949819808,0.08739877492189407,1,7,6,1
33,9,5537,00:00:00.1800000,10,127,253,470791,472667,40083,512750,1991734,2504484,1.4316480136621133,2.16507680135052,0.13477106392383575,2,10,7,1.2857143
33,10,5796,00:00:00.2270000,11,214,477,867974,874183,151061,1025244,3573945,4599189,1.5869104374094154,2.3818503101809116,0.18227878212928772,3,11,7,1.4285715
33,11,6055,00:00:00.3160000,14,398,867,1570445,1585496,464518,2050014,6357284,8407298,1.75693832003031,2.3583575111263833,0.23817990720272064,3,14,10,1.3
33,12,6321,00:00:00.4870000,17,713,1564,2799514,2832772,1264655,4097427,11274078,15371505,1.9741569429550987,2.387395413077747,0.3102055490016937,3,17,13,1.2307693
33,13,6586,00:00:00.7670000,18,1237,2768,4978028,5059098,3140821,8199919,19536678,27736597,2.3279093649131744,2.888827511286652,0.38181984424591064,3,18,14,1.2142857
33,14,6837,00:00:01.2220000,18,2250,4990,8926884,9118543,7305696,16424239,32578468,49002707,2.8385143124969474,3.314741804936813,0.37779560685157776,3,18,14,1.2142857
33,15,7078,00:00:01.9140000,21,3859,8710,16040772,16392293,16458419,32850712,53297264,86147976,3.3386613811355215,2.3684417253120977,0.3155229091644287,4,21,16,1.25
33,16,7328,00:00:03.2120000,21,7068,15668,28251132,28937162,36627360,65564522,88568070,154132592,3.687658958232187,1.6375986939174507,0.23029980063438416,4,21,16,1.25
33,17,7608,00:00:05.8960000,22,12540,28795,48568434,50181150,81047834,131228984,152908603,284137587,3.9056787583474484,1.3669685934199274,0.154113307595253,5,22,16,1.3125
33,18,7931,00:00:12.0010000,26,22445,53961,81883984,85811727,176645888,262457615,273135167,535592782,4.090777788730944,1.4211400798651153,0.10167095810174942,5,27,17,1.5294118
33,19,8298,00:00:34.0590000,36,41093,102393,139341861,148399464,376604735,525004199,492923743,1017927942,4.427594303480704,2.1468522720127114,0.09272199124097824,5,37,25,1.44
33,20,8675,00:01:25.9610000,36,74574,190164,248057392,270607437,778226583,1048834020,851864581,1900698601,5.203119119304455,5.910887532644089,0.3224242925643921,3,36,26,1.3461539
34,0,2084,00:00:00.0560000,1,1,3,1005,1005,0,1005,4245,5250,1,1,0,0,1,1,0
34,1,2519,00:00:00.0770000,1,3,6,2007,2009,0,2009,10633,12642,1,1,0,0,1,1,0
34,2,2866,00:00:00.1280000,3,3,7,4021,4021,0,4021,20405,24426,1.0087043024123352,1.0175939302071035,0,1,3,2,1
34,3,3207,00:00:00.1590000,3,3,8,8015,8015,0,8015,39799,47814,1.0180910792264504,1.0369904769082494,0.012535512447357178,1,3,2,1
34,4,3535,00:00:00.1690000,3,4,9,16011,16016,0,16016,77223,93239,1.0430329148710262,1.0907500182725154,0.039140261709690094,1,3,2,1
34,5,3863,00:00:00.1800000,4,9,21,31995,32014,0,32014,151382,183396,1.0841068917018284,1.186855617760564,0.05462189391255379,1,4,3,1
34,6,4157,00:00:00.1930000,4,17,32,64015,64128,0,64128,285899,350027,1.1578692493946732,1.3813343701252137,0.14896443486213684,2,4,2,1.5
34,7,4433,00:00:00.2120000,5,28,68,127598,127777,397,128174,538073,666247,1.2626295082995032,1.711638071381531,0.16213984787464142,2,5,3,1.3333334
34,8,4687,00:00:00.2380000,5,56,128,249061,249747,6746,256493,991790,1248283,1.402058130337548,2.233493544937523,0.24025635421276093,2,5,3,1.3333334
34,9,4925,00:00:00.2810000,7,111,240,473411,474999,38229,513228,1793540,2306768,1.5710809423524168,2.87381413589146,0.3092630207538605,2,7,5,1.2
34,10,5157,00:00:00.3210000,7,201,447,876665,880909,145764,1026673,3211258,4237931,1.747756554670256,3.354230555824314,0.3679654598236084,2,7,5,1.2
34,11,5390,00:00:00.4120000,8,375,818,1592735,1602144,450504,2052648,5720789,7773437,1.9357011681164789,3.6234880556521647,0.3208622634410858,2,8,6,1.1666666
34,12,5631,00:00:00.5270000,9,643,1464,2847264,2870607,1236032,4106639,10190159,14296798,2.136160187464176,3.7053683876865784,0.32101970911026,3,9,6,1.3333334
34,13,5884,00:00:00.7840000,10,1145,2642,5027299,5080557,3125397,8205954,18119769,26325723,2.3467983503666683,3.4585027097041765,0.35686182975769043,3,10,6,1.5
34,14,6156,00:00:01.2520000,11,2153,4925,8767962,8900233,7501302,16401535,32333849,48735384,2.552861314864275,2.8359503430531476,0.3061797618865967,3,11,7,1.4285715
34,15,6455,00:00:02.1450000,14,3899,9057,15104661,15442579,17360439,32803018,58123199,90926217,2.7462736171305004,2.2403547129330628,0.25029581785202026,3,14,10,1.3
34,16,6789,00:00:04.0820000,18,7106,17059,25653616,26548067,38995925,65543992,105289088,170833080,2.9364852112856137,1.9724088320884958,0.25354352593421936,4,18,13,1.3076923
34,17,7164,00:00:09.6240000,28,12908,32344,43510777,45675601,85580311,131255912,191386266,322642178,3.174990600604535,2.2262137433502183,0.1760280281305313,4,29,24,1.1666666
34,18,7570,00:00:25.8500000,41,23168,60522,74252902,79390032,182793218,262183250,341906219,604089469,3.54817142365695,3.5072137214513104,0.13064967095851898,4,42,34,1.2058823
34,19,7992,00:00:59.9440000,49,41591,111347,129248245,141014831,383274009,524288840,593623323,1117912163,4.0944725013480845,5.3975513307407965,0.12027493864297867,5,50,42,1.1666666
34,20,8425,00:02:08.6030000,52,75233,205422,225719869,251769032,797661624,1049430656,1007751550,2057182206,4.663969922825004,4.495710921343908,0.1536206156015396,5,53,43,1.2093023
35,0,2244,00:00:00.0310000,2,2,2,1003,1003,0,1003,4270,5273,1.2811565304087738,1.678458058201874,0,1,2,1,1
35,1,2519,00:00:00.0420000,2,3,3,2007,2009,0,2009,8272,10281,1.3726955655206776,1.878241710566777,0,1,2,1,1
35,2,2737,00:00:00.0450000,3,4,4,4005,4006,0,4006,14537,18543,1.4978776529338327,2.0059306397589545,0.014695746824145317,1,3,2,1
35,3,2929,00:00:00.0720000,3,4,5,8014,8015,0,8015,25378,33393,1.5995757424507113,1.9403545617051088,0.03278767690062523,1,3,2,1
35,4,3123,00:00:00.0750000,3,10,13,15986,16002,0,16002,47793,63795,1.7141874139872388,1.7140234369484435,0.04915884509682655,1,3,2,1
35,5,3306,00:00:00.0780000,3,14,19,31948,32031,0,32031,89812,121843,1.791661449856016,1.5149123313020594,0.0535767562687397,1,3,2,1
35,6,3478,00:00:00.0830000,5,25,37,63907,64049,0,64049,169340,233389,1.854851581203937,1.3668877925004261,0.06380318850278854,2,5,3,1.3333334
35,7,3646,00:00:00.0880000,5,35,57,127521,127885,290,128175,323877,452052,1.9060625308772672,1.2469615471653297,0.06116044893860817,2,5,3,1.3333334
35,8,3816,00:00:00.0970000,5,62,101,250189,251192,5579,256771,631517,888288,1.9380428396132523,1.1808161107433566,0.055900461971759796,2,5,3,1.3333334
35,9,3992,00:00:00.1110000,6,108,185,476348,478653,33835,512488,1227405,1739893,1.9667532980090185,1.1456732552042408,0.057051077485084534,2,6,4,1.25
35,10,4183,00:00:00.1380000,6,186,343,882254,889838,135813,1025651,2399197,3424848,1.992194991465043,1.1320563134394233,0.058109644800424576,2,6,4,1.25
35,11,4396,00:00:00.1960000,11,392,685,1599429,1613023,438954,2051977,4698879,6750856,2.0257379352256337,1.1564519469386614,0.06547416746616364,2,11,8,1.25
35,12,4637,00:00:00.3250000,16,695,1313,2839415,2862407,1239026,4101433,9179223,13280656,2.0732432560932446,1.2389755813679948,0.07023587077856064,2,16,13,1.1538461
35,13,4912,00:00:00.5750000,16,1229,2582,4927661,4998551,3200377,8198928,17818268,26017196,2.1444819357500444,1.4161602095625274,0.08245526999235153,2,16,13,1.1538461
35,14,5224,00:00:01.1360000,19,2218,4968,8463938,8660886,7753812,16414698,34156463,50571161,2.264002760889789,1.8409030685672714,0.10717720538377762,2,19,16,1.125
35,15,5569,00:00:02.2000000,24,4056,9634,14382087,14923281,17853741,32777022,63917672,96694694,2.4449190858044454,2.808547175796143,0.15860526263713837,3,24,17,1.3529412
35,16,5948,00:00:04.4200000,32,7362,18221,24404407,25741460,39862438,65603898,117370078,182973976,2.678020982030008,4.590825667351371,0.22372086346149445,3,33,25,1.28
35,17,6361,00:00:08.9730000,41,13131,34198,41012245,44356778,86833459,131190237,212103371,343293608,2.9449861620596485,6.5503426974931225,0.28727543354034424,3,42,33,1.2424242
35,18,6808,00:00:21.5860000,61,23464,63906,69568018,76842971,185660581,262503552,377920373,640423925,3.2915953132371834,9.8130558555548,0.328008770942688,4,62,46,1.326087
35,19,7275,00:00:58.3540000,78,42266,118080,119583249,135453462,388845576,524299038,656550208,1180849246,3.809475572954202,16.59545153364185,0.3506682813167572,5,79,55,1.4181818
35,20,7734,00:02:08.0030000,85,75546,213880,218418579,248740818,800362567,1049103385,1094497132,2143600517,4.642838945490988,14.67274119313608,0.29938557744026184,6,86,60,1.4166666
36,0,2087,00:00:00.1040000,1,1,1,1005,1005,0,1005,4212,5217,1,1,0,0,1,1,0
36,1,2445,00:00:00.1360000,1,1,2,2008,2008,0,2008,9456,11464,1,1,0,0,1,1,0
36,2,2759,00:00:00.1860000,1,2,3,4014,4015,0,4015,18316,22331,1,1,0,0,1,1,0
36,3,3137,00:00:00.2030000,2,3,5,8015,8016,0,8016,40441,48457,1.0019962570180911,1.0040005278067978,0,1,2,1,1
36,4,3489,00:00:00.2220000,2,4,8,16014,16019,0,16019,81506,97525,1.0038716123392033,1.007773217433868,0,1,2,1,1
36,5,3826,00:00:00.2390000,4,8,15,32031,32037,0,32037,159314,191351,1.0148918235459399,1.0303114427550746,0.008907594718039036,1,4,3,1
36,6,4173,00:00:00.2830000,4,12,27,64049,64080,0,64080,319001,383081,1.0282127745944512,1.058335744824836,0.01682586595416069,1,4,3,1
36,7,4506,00:00:00.3170000,4,37,77,127404,127583,442,128025,624036,752061,1.0566779692945276,1.1211849637833804,0.034380827099084854,1,4,3,1
36,8,4827,00:00:00.3710000,4,63,142,247436,248588,7577,256165,1199973,1456138,1.1137385020773047,1.260142885941555,0.07115732878446579,1,4,3,1
36,9,5140,00:00:00.4620000,5,123,261,466177,469904,42124,512028,2250596,2762624,1.2152594400839167,1.544028610578151,0.13294489681720734,2,5,3,1.3333334
36,10,5449,00:00:00.6080000,9,232,499,858001,866927,158980,1025907,4136800,5162707,1.3725170483484286,2.0745580638558376,0.14842373132705688,2,9,7,1.1428572
36,11,5747,00:00:00.8270000,13,408,926,1544986,1566975,481600,2048575,7335350,9383925,1.5762550599164005,2.7525779382521445,0.2074269950389862,2,13,10,1.2
36,12,6044,00:00:01.1070000,19,756,1710,2762074,2802004,1300507,4102511,12823593,16926104,1.8153521592832054,3.3285368456657816,0.21861115097999573,2,19,16,1.125
36,13,6343,00:00:01.5310000,22,1291,3047,4872530,4959573,3248274,8207847,22175366,30383213,2.0730501402762016,3.7526631187504047,0.23750999569892883,2,22,19,1.1052631
36,14,6651,00:00:02.2540000,22,2308,5481,8482070,8706872,7705599,16412471,38256737,54669208,2.334790917783041,4.043055838650408,0.26839450001716614,3,22,18,1.1666666
36,15,6977,00:00:03.7200000,26,4163,9978,14654726,15143541,17643757,32787298,66340435,99127733,2.5799467693902978,3.8268032196327852,0.2812070846557617,3,26,21,1.1904762
36,16,7334,00:00:07.7090000,30,7393,18370,24898385,26106261,39468694,65574955,116727458,182302413,2.795870615704593,3.2687242599870814,0.3221449553966522,3,30,25,1.16
36,17,7732,00:00:18.8390000,42,13248,34062,42018346,44810496,86433888,131244384,208107689,339352073,3.0226279016313495,3.210575345848935,0.36441248655319214,4,42,30,1.3666667
36,18,8165,00:00:41.8380000,59,23518,63341,71650781,77798114,184711442,262509556,368677427,631186983,3.39308459177856,4.831513700509342,0.36464524269104004,4,60,46,1.2826087
36,19,8606,00:01:25.7690000,68,42417,116427,125333969,139294360,385796122,525090482,631646380,1156736862,4.015953320683557,10.768798414767529,0.4605571925640106,5,69,48,1.4166666
36,20,9046,00:02:45.1810000,68,75183,210919,221482843,249781327,798920752,1048702079,1052581821,2101283900,4.617934157545558,9.92909945235726,0.32748037576675415,5,69,47,1.4468085
37,0,3021,00:00:00.0710000,1,1,1,1003,1003,0,1003,5917,6920,1,1,0,0,1,1,0
37,1,3402,00:00:00.0900000,1,2,2,2003,2005,0,2005,11723,13728,1,1,0,0,1,1,0
37,2,3773,00:00:00.1240000,2,2,2,4004,4004,0,4004,22435,26439,1.0014985014985014,1.0030015319118513,0,1,2,1,1
37,3,4132,00:00:00.1330000,2,5,6,7999,8007,0,8007,42736,50743,1.0027503437929741,1.0055158026886395,0,1,2,1,1
37,4,4482,00:00:00.1430000,2,6,9,15977,16004,0,16004,83071,99075,1.0084496463666521,1.017042121009474,0,1,2,1,1
37,5,4814,00:00:00.1530000,3,10,19,32019,32064,0,32064,159344,191408,1.017270995346513,1.035176068035807,0.005539529025554657,1,3,2,1
37,6,5145,00:00:00.1830000,4,19,40,63913,64043,0,64043,312849,376892,1.0394911833273357,1.0825192894608031,0.016697006300091743,1,4,3,1
37,7,5466,00:00:00.2050000,5,30,68,127493,127775,438,128213,609072,737285,1.081290737530688,1.1782524192833435,0.034666962921619415,1,5,4,1
37,8,5781,00:00:00.2400000,7,66,136,248059,248977,7488,256465,1174532,1430997,1.158696116649668,1.3763474036573438,0.06317915767431259,2,7,5,1.2
37,9,6081,00:00:00.3000000,8,128,259,468450,471154,41669,512823,2182896,2695719,1.2806361404632298,1.7310456616656256,0.10821960121393204,2,8,5,1.4
37,10,6371,00:00:00.4550000,8,250,505,861431,869537,155945,1025482,3951206,4976688,1.450589774456689,2.2546878454878505,0.17256422340869904,2,8,5,1.4
37,11,6654,00:00:00.6210000,10,426,919,1553820,1574364,474810,2049174,6991934,9041108,1.6530608435983576,2.7188088584125536,0.21040119230747223,2,10,7,1.2857143
37,12,6936,00:00:00.9180000,14,719,1620,2769624,2817644,1286047,4103691,12211436,16315127,1.8876926976369355,3.0100139840591638,0.24308596551418304,3,14,10,1.3
37,13,7221,00:00:01.4500000,18,1296,2959,4885527,4991279,3211516,8202795,21125842,29328637,2.1511929009910293,3.426241468636135,0.26591652631759644,3,18,14,1.2142857
37,14,7513,00:00:02.1160000,23,2296,5308,8587206,8806037,7606197,16412234,36360755,52772989,2.4548853259139234,4.165185133765884,0.2819223999977112,3,23,19,1.1578947
37,15,7814,00:00:03.0790000,23,4029,9519,14969454,15474612,17329722,32804334,62264316,95068650,2.7878225885860632,4.873338752088813,0.28362852334976196,3,23,19,1.1578947
37,16,8128,00:00:04.8960000,28,7143,17115,26124733,27141678,38416129,65557807,106483014,172040821,3.141011929193688,5.141545368994371,0.24848340451717377,4,28,22,1.2272727
37,17,8463,00:00:09.0970000,35,12824,31333,45338302,47415187,83754987,131170174,183285758,314455932,3.4853571931299943,4.575731135305446,0.23393085598945618,4,35,27,1.2592592
37,18,8828,00:00:23.0990000,39,22917,57913,77615929,82301239,180096508,262397747,318801779,581199526,3.804004420278214,3.831126818046388,0.2755466103553772,4,40,32,1.21875
37,19,9231,00:00:55.0590000,47,41254,108267,131455728,142622535,382370331,524992866,560113247,1085106113,4.13504600575488,4.130656618192198,0.2161119282245636,5,48,37,1.2702702
37,20,9665,00:02:00.3630000,61,74412,202577,225419480,250829773,798170380,1049000153,975612933,2024613086,4.621280592076603,7.395555893239848,0.2914115786552429,4,62,47,1.2978723
38,0,2738,00:00:00.0420000,1,1,3,1001,1001,0,1001,4732,5733,1,1,0,0,1,1,0
38,1,3065,00:00:00.0620000,1,1,4,2002,2002,0,2002,9281,11283,1,1,0,0,1,1,0
38,2,3453,00:00:00.0840000,1,1,4,4006,4006,0,4006,20646,24652,1,1,0,0,1,1,0
38,3,3822,00:00:00.0890000,1,4,8,8013,8019,0,8019,42284,50303,1,1,0,0,1,1,0
38,4,4152,00:00:00.0950000,2,6,14,16016,16029,0,16029,79860,95889,1.0016858141858143,1.0033772800803449,0,1,2,1,1
38,5,4499,00:00:00.1020000,3,11,24,31979,32032,0,32032,160045,192077,1.0061290221707997,1.0076030081005096,0,2,3,1,2
38,6,4839,00:00:00.1120000,4,19,45,63921,64106,0,64106,317456,381562,1.0286760219646125,1.0369863007872104,0.00935433804988861,2,4,2,1.5
38,7,5153,00:00:00.1330000,6,31,73,127231,127681,424,128105,604481,732586,1.1292530908347809,1.158844741381698,0.03137180209159851,2,6,3,1.6666666
38,8,5422,00:00:00.1500000,8,70,144,248559,249746,6755,256501,1081686,1338187,1.4166857768175765,1.5659766221498699,0.06037900969386101,2,8,5,1.4
38,9,5630,00:00:00.1700000,9,111,234,474957,477835,35527,513362,1775134,2288496,1.848005187838057,2.181344689286054,0.10043060034513474,3,9,5,1.6
38,10,5806,00:00:00.1990000,10,193,394,891179,897839,129834,1027673,2845802,3873475,2.2618116001386928,2.2410620733994833,0.07873056828975677,3,10,6,1.5
38,11,5970,00:00:00.2450000,10,347,676,1639027,1655399,395768,2051167,4605783,6656950,2.576245540799511,1.8841892240690528,0.0983334481716156,3,10,5,1.8
38,12,6139,00:00:00.3270000,13,603,1183,2970924,2999002,1097281,4096283,7734192,11830475,2.8023779807224956,1.6320089752185836,0.12101999670267105,3,13,8,1.5
38,13,6325,00:00:00.5020000,14,1095,2150,5294575,5354286,2857696,8211982,13571138,21783120,2.954761241459418,1.536378540018572,0.12250474840402603,3,14,9,1.4444444
38,14,6535,00:00:00.8310000,17,2009,4085,9249842,9370016,7025800,16395816,24571289,40967105,3.074071319272264,1.5930428694014822,0.12090431153774261,3,17,12,1.3333334
38,15,6778,00:00:01.4670000,18,3728,7930,15938781,16238611,16578150,32816761,45569900,78386661,3.196160860733327,1.8162352688291419,0.17327001690864563,4,18,13,1.3076923
38,16,7058,00:00:02.8360000,25,6749,15234,27353787,27923995,37680960,65604955,85156413,150761368,3.3490895794428757,2.312856007552957,0.17323660850524902,4,25,19,1.2631578
38,17,7378,00:00:05.8710000,28,12293,29165,46409755,47925271,83238820,131164091,158679812,289843903,3.5499025366542014,2.9544343952341916,0.20448513329029083,3,29,23,1.2173913
38,18,7740,00:00:13.6870000,35,22374,55721,78385509,82329432,179938479,262267911,293176906,555444817,3.79558032850179,3.365199807793179,0.28226912021636963,3,36,29,1.2068965
38,19,8146,00:00:42.1200000,47,40988,106175,131934956,141996687,382880355,524877042,536309930,1061186972,4.094760102849468,3.903402530045691,0.2784786820411682,4,48,38,1.2368422
38,20,8593,00:01:46.2550000,66,74588,201524,222396241,246406294,802901297,1049307591,965190675,2014498266,4.471335650857516,5.758727684049186,0.2578229308128357,4,67,53,1.245283
3,0,4337,00:00:00.0640000,1,2,3,1000,1001,0,1001,5418,6419,1,1,0,0,1,1,0
3,1,4679,00:00:00.0780000,1,1,3,2003,2003,0,2003,10351,12354,1,1,0,0,1,1,0
3,2,5028,00:00:00.1050000,1,1,3,4001,4001,0,4001,20550,24551,1,1,0,0,1,1,0
3,3,5381,00:00:00.1100000,1,3,8,8030,8036,0,8036,41094,49130,1,1,0,0,1,1,0
3,4,5739,00:00:00.1150000,1,3,10,15999,16010,0,16010,82041,98051,1,1,0,0,1,1,0
3,5,6087,00:00:00.1220000,1,12,23,31937,32009,0,32009,162480,194489,1,1,0,0,1,1,0
3,6,6421,00:00:00.1330000,3,24,47,63888,64015,0,64015,316500,380515,1.004210493363386,1.008465322853016,0.0036904108710587025,1,3,2,1
3,7,6777,00:00:00.1640000,3,37,84,126829,127681,480,128161,644625,772786,1.0078925166957085,1.015940959762655,0.006877779960632324,1,3,2,1
3,8,7121,00:00:00.1920000,8,65,145,246957,248546,7793,256339,1264056,1520395,1.0285312827739241,1.0593812986335964,0.024152081459760666,1,8,7,1
3,9,7477,00:00:00.2410000,13,121,270,464893,468400,44115,512515,2464390,2976905,1.071620781556186,1.1588765259081864,0.05644450709223747,1,13,12,1
3,10,7841,00:00:00.3280000,17,226,533,849406,859049,166564,1025613,4690583,5716196,1.163256440383044,1.4001614415859538,0.11833442002534866,2,17,15,1.0666667
3,11,8204,00:00:00.5100000,22,444,1057,1521270,1544044,504874,2048918,8589288,10638206,1.3431829984157972,2.0642766878521295,0.2197941094636917,2,22,20,1.05
3,12,8550,00:00:00.8240000,28,761,1913,2712219,2760165,1342188,4102353,14965474,19067827,1.625411885987083,3.802239275235593,0.3254373371601105,2,28,25,1.08
3,13,8875,00:00:01.3070000,31,1361,3393,4795216,4908919,3294335,8203254,25097891,33301145,1.9729995478827231,6.913532794535577,0.3900945782661438,2,31,28,1.0714285
3,14,9189,00:00:02.0750000,35,2342,5877,8437430,8679507,7708543,16388050,41451322,57839372,2.3363848944524577,7.252781020425431,0.4146118760108948,4,35,27,1.2592592
3,15,9508,00:00:03.4920000,39,4134,10267,14814436,15278098,17544829,32822927,68896399,101719326,2.673895381504905,5.344604220727388,0.35409557819366455,4,39,29,1.3103448
3,16,9839,00:00:06.7820000,38,7322,18198,25797212,26831892,38820272,65652164,115505471,181157635,3.0534633354953242,4.804548929154773,0.30503830313682556,4,38,29,1.2758621
3,17,10169,00:00:15.9560000,36,12907,32188,45873356,48124494,83108814,131233308,190857155,322090463,3.6559418717915473,5.168847314380663,0.2601703703403473,5,36,28,1.25
3,18,10486,00:00:31.7350000,31,23039,57143,83602692,87758171,174659214,262417385,308021642,570439027,4.361809605365339,3.132368365656897,0.19861620664596558,5,32,25,1.24
3,19,10808,00:01:00.8610000,26,40879,102561,149586076,157348549,367898344,525246893,499996764,1025243657,4.884707444294481,2.234978161155787,0.13602904975414276,6,27,19,1.3684211
3,20,11156,00:01:57.8260000,26,74141,188181,260042876,275841189,772860415,1048701604,833125938,1881827542,5.279051151549331,2.6260629984055615,0.11532935500144958,5,27,20,1.3
39,0,3339,00:00:00.1170000,1,1,2,1005,1005,0,1005,5811,6816,1,1,0,0,1,1,0
39,1,3758,00:00:00.1440000,1,1,2,2003,2003,0,2003,11677,13680,1,1,0,0,1,1,0
39,2,4077,00:00:00.1860000,1,1,2,4012,4012,0,4012,20949,24961,1,1,0,0,1,1,0
39,3,4431,00:00:00.1970000,1,1,2,8014,8014,0,8014,41482,49496,1,1,0,0,1,1,0
39,4,4785,00:00:00.2090000,1,4,10,16025,16044,0,16044,82727,98771,1,1,0,0,1,1,0
39,5,5120,00:00:00.2250000,3,7,23,32039,32081,0,32081,160194,192275,1.0028715003589375,1.005763617162673,0,1,3,2,1
39,6,5461,00:00:00.2640000,4,20,42,64024,64094,0,64094,318099,382193,1.0095901536923653,1.0194278313693266,0.008133044466376305,1,4,3,1
39,7,5804,00:00:00.2960000,5,33,77,127484,127720,467,128187,632967,761154,1.0230460293056383,1.0475541370000307,0.020105542615056038,1,5,4,1
39,8,6143,00:00:00.3360000,6,60,153,248260,248925,7717,256642,1239847,1496489,1.0521348586159671,1.1120114536767105,0.04190566763281822,1,6,5,1
39,9,6487,00:00:00.3840000,8,136,312,466884,468830,44016,512846,2402793,2915639,1.1105542276025737,1.2583867245720508,0.07870567589998245,1,8,7,1
39,10,6834,00:00:00.4760000,9,248,591,853232,860710,164117,1024827,4518690,5543517,1.221377069777036,1.6044087212882425,0.15073077380657196,1,9,8,1
39,11,7179,00:00:00.6620000,13,432,1068,1531185,1549308,499285,2048593,8226859,10275452,1.398496589242972,2.383380742473055,0.2534720301628113,2,13,10,1.2
39,12,7516,00:00:00.9680000,15,801,1900,2705544,2759640,1336691,4096331,14448321,18544652,1.6301930406602148,3.8607268889520077,0.3972947895526886,2,15,11,1.2727273
39,13,7850,00:00:01.4510000,19,1329,3319,4736560,4880367,3319343,8199710,24875965,33075675,1.8941246389784991,5.72190324069069,0.5044959783554077,2,19,15,1.2
39,14,8186,00:00:02.2460000,30,2353,5914,8295728,8578102,7830274,16408376,42385168,58793544,2.1886363680197807,7.234551351068376,0.5684748291969299,2,30,24,1.2083334
39,15,8531,00:00:03.7280000,37,4130,10505,14397581,14994389,17812558,32806947,72073739,104880686,2.496370605589925,7.3253628888227995,0.5978519320487976,3,37,29,1.2413793
39,16,8889,00:00:06.4000000,48,7319,18870,25177574,26263412,39351507,65614919,122461490,188076409,2.883129446864102,6.895036025136808,0.5787081122398376,3,48,38,1.2368422
39,17,9240,00:00:11.0910000,48,12914,33325,44922531,47253946,83868399,131122345,202487819,333610164,3.518003604917096,6.165218569534008,0.4409911334514618,3,48,38,1.2368422
39,18,9568,00:00:20.0010000,42,23103,58474,82115079,86860259,175616941,262477200,323600855,586078055,4.289913683210364,2.7371985366579024,0.3031114339828491,4,43,33,1.2727273
39,19,9898,00:00:43.9930000,36,41463,104474,146530436,155109163,369323433,524432596,520445525,1044878121,4.7912511432095926,1.6744030341190685,0.1611156165599823,4,37,28,1.2857143
39,20,10264,00:01:38.8220000,34,73633,191468,251566158,269193626,781110751,1050304377,871178948,1921483325,5.094490873450474,1.6359394744732196,0.09041453897953033,5,35,26,1.3076923
40,0,2698,00:00:00.0380000,1,1,1,1001,1001,0,1001,5314,6315,1,1,0,0,1,1,0
40,1,3047,00:00:00.0490000,1,1,1,2001,2001,0,2001,10366,12367,1,1,0,0,1,1,0
40,2,3389,00:00:00.0700000,1,1,1,4001,4001,0,4001,20115,24116,1,1,0,0,1,1,0
40,3,3735,00:00:00.0750000,1,2,3,8014,8015,0,8015,39992,48007,1,1,0,0,1,1,0
40,4,4082,00:00:00.0790000,1,4,7,15991,16002,0,16002,79931,95933,1,1,0,0,1,1,0
40,5,4409,00:00:00.0840000,1,8,15,32000,32025,0,32025,154534,186559,1,1,0,0,1,1,0
40,6,4760,00:00:00.0910000,1,15,30,64083,64161,0,64161,315424,379585,1,1,0,0,1,1,0
40,7,5113,00:00:00.1020000,2,26,63,127298,127652,475,128127,639406,767533,1.0014061493503432,1.0028162207093578,0,1,2,1,1
40,8,5466,00:00:00.1220000,4,57,142,247584,248605,7898,256503,1274111,1530614,1.0059858472276075,1.0120658248648235,0.0050182766281068325,1,4,3,1
40,9,5838,00:00:00.1740000,6,133,316,464026,467707,45094,512801,2533483,3046284,1.0160896156680876,1.0328920575524614,0.013998397625982761,1,6,5,1
40,10,6236,00:00:00.2570000,14,232,575,844589,853125,170955,1024080,4973027,5997107,1.0501818044042723,1.105146536737602,0.039190873503685,1,14,13,1
40,11,6661,00:00:00.4410000,21,438,1126,1503519,1524054,524231,2048285,9548896,11597181,1.140050109110693,1.3194311542843673,0.1034998819231987,2,21,19,1.0526316
40,12,7084,00:00:00.7680000,30,826,2155,2651057,2701057,1397801,4098858,17355486,21454344,1.3641453201496612,2.0317583352312085,0.2267637997865677,2,30,27,1.074074
40,13,7466,00:00:01.2950000,37,1479,3821,4691872,4817425,3388643,8206068,29224898,37430966,1.773901547186283,4.03344298409453,0.36354804039001465,3,37,32,1.125
40,14,7801,00:00:01.9960000,41,2459,6409,8320378,8615815,7769385,16385200,46597639,62982839,2.261274187302548,4.564799609413415,0.4031086266040802,3,41,33,1.2121212
40,15,8119,00:00:03.1610000,42,4251,10784,14703555,15338461,17488206,32826667,73902275,106728942,2.7194677069593034,3.2405112167744474,0.3441735804080963,4,42,33,1.2424242
40,16,8437,00:00:05.2600000,43,7331,18492,25889838,27131216,38499107,65630323,118658857,184289180,3.1511333906376704,3.216637228286452,0.25731679797172546,4,43,33,1.2727273
40,17,8762,00:00:09.4510000,41,12794,32287,45748859,48158128,83140794,131298922,193058136,324357058,3.640949427831632,4.6727628088169615,0.211069256067276,3,41,31,1.2903225
40,18,9094,00:00:22.6920000,39,22804,57590,81324115,85676371,176556061,262232432,316054198,578286630,4.156526720272333,5.201990494515818,0.2022429257631302,4,39,29,1.3103448
40,19,9445,00:00:50.9860000,34,41006,104725,142340919,151170606,373395717,524566323,525791711,1050358034,4.588497781161578,3.2894675778029088,0.191737100481987,4,35,26,1.3076923
40,20,9831,00:01:48.2710000,34,73853,194162,242494309,262201386,786586090,1048787476,895278881,1944066357,4.913063943286191,2.505780310176814,0.17996028065681458,4,35,26,1.3076923
41,0,2515,00:00:00.0710000,1,1,1,1002,1002,0,1002,4584,5586,1,1,0,0,1,1,0
41,1,2823,00:00:00.0880000,1,1,1,2006,2006,0,2006,8900,10906,1,1,0,0,1,1,0
41,2,3214,00:00:00.1220000,1,1,3,4008,4008,0,4008,20401,24409,1,1,0,0,1,1,0
41,3,3564,00:00:00.1310000,1,3,7,8015,8018,0,8018,40701,48719,1,1,0,0,1,1,0
41,4,3904,00:00:00.1410000,1,5,13,16024,16040,0,16040,79792,95832,1,1,0,0,1,1,0
41,5,4243,00:00:00.1530000,2,10,23,31971,32015,0,32015,157957,189972,1.0016264739920553,1.0032582740722351,0,1,2,1,1
41,6,4586,00:00:00.1690000,4,16,42,64005,64071,0,64071,316265,380336,1.00957737676744,1.0193949351050247,0.007393206935375929,1,4,3,1
41,7,4930,00:00:00.2040000,4,32,78,127289,127758,468,128226,631877,760103,1.0222721523462357,1.0458512268335671,0.019742798060178757,1,4,3,1
41,8,5275,00:00:00.2360000,7,83,158,247121,248488,7803,256291,1252771,1509062,1.0521121232108968,1.1117589219979218,0.036143023520708084,1,7,6,1
41,9,5616,00:00:00.2950000,10,128,298,465368,468835,43723,512558,2403948,2916506,1.1132802427326332,1.2649561547478458,0.07273492217063904,1,10,9,1
41,10,5963,00:00:00.3960000,15,239,572,852494,860051,164060,1024111,4521727,5545838,1.2258162520791935,1.6200472349842991,0.13329088687896729,2,15,13,1.0769231
41,11,6309,00:00:00.6050000,18,415,1036,1529458,1550342,500137,2050479,8239726,10290205,1.3949150614139127,2.371821548957766,0.21957100927829742,2,18,16,1.0625
41,12,6651,00:00:00.8950000,23,711,1817,2706453,2757338,1345992,4103330,14566425,18669755,1.6059211078115896,3.6733771998301368,0.29631268978118896,2,23,21,1.0476191
41,13,6994,00:00:01.3990000,28,1298,3283,4726746,4850512,3342932,8193444,25291433,33484877,1.8387882488291099,5.039016004201952,0.35796570777893066,2,28,24,1.125
41,14,7348,00:00:02.2530000,35,2302,5918,8224267,8492200,7918794,16410994,43769539,60180533,2.095536416801643,6.184468483144353,0.37852925062179565,2,35,29,1.1724138
41,15,7714,00:00:03.9280000,46,4119,10636,14287397,14797993,18016689,32814682,75284806,108099488,2.386240684709748,7.2055356505892085,0.3720783591270447,3,46,37,1.2162162
41,16,8095,00:00:07.4100000,46,7409,19266,24602337,25823820,39824136,65647956,128945596,194593552,2.730207175033819,7.284009255795218,0.38389092683792114,3,46,37,1.2162162
41,17,8477,00:00:17.2790000,51,13240,34833,43472545,45990007,85315137,131305144,216183153,347488297,3.29249637903647,7.7826432630513445,0.38512861728668213,4,51,38,1.3157895
41,18,8830,00:00:35.1470000,42,23615,60914,79447501,84783365,177464306,262247671,346308005,608555676,4.131859276479949,4.65886617878964,0.3555145859718323,4,43,31,1.3548387
41,19,9166,00:01:05.1630000,36,41507,106779,146281157,155512711,369753976,525266687,546341334,1071608021,4.837055588779626,2.775447057752385,0.25343868136405945,4,37,26,1.3846154
41,20,9515,00:02:00.3140000,33,74474,192705,259544088,276118325,772848631,1048966956,880201713,1929168669,5.315022918187218,2.644186720211452,0.12375583499670029,4,34,27,1.2222222
42,0,2303,00:00:00.0320000,1,1,1,1001,1001,0,1001,4771,5772,1,1,0,0,1,1,0
42,1,2668,00:00:00.0430000,1,1,1,2001,2001,0,2001,10200,12201,1,1,0,0,1,1,0
42,2,3012,00:00:00.0630000,1,2,2,4021,4022,0,4022,20170,24192,1,1,0,0,1,1,0
42,3,3327,00:00:00.0660000,1,3,4,8012,8017,0,8017,38205,46222,1,1,0,0,1,1,0
42,4,3676,00:00:00.0710000,1,11,14,16012,16060,0,16060,78588,94648,1,1,0,0,1,1,0
42,5,4031,00:00:00.0770000,3,9,17,31951,32030,0,32030,160443,192473,1.0028481111702294,1.0057164982041638,0,1,3,2,1
42,6,4374,00:00:00.0950000,7,15,35,64027,64054,0,64054,318135,382189,1.0110734533868524,1.0224970460255547,0.009625770151615143,1,7,6,1
42,7,4713,00:00:00.1060000,7,35,68,127453,127589,476,128065,632020,760085,1.022117957207755,1.0456512343161166,0.021425947546958923,1,7,6,1
42,8,5053,00:00:00.1240000,7,54,124,248215,248898,7627,256525,1241729,1498254,1.0493040307797676,1.1058757524906218,0.04812310263514519,1,7,6,1
42,9,5399,00:00:00.1580000,8,116,276,466500,468850,43957,512807,2409104,2921911,1.1051618435155413,1.2458252920352955,0.09723380953073502,1,8,7,1
42,10,5748,00:00:00.2270000,10,245,549,853334,859899,164851,1024750,4540889,5565639,1.2120705374448926,1.5909805171700775,0.1790529191493988,1,10,9,1
42,11,6097,00:00:00.3560000,14,420,1008,1534266,1549374,502006,2051380,8289639,10341019,1.378294246238918,2.4024886320342627,0.29362577199935913,2,14,11,1.1818181
42,12,6443,00:00:00.6050000,16,757,1870,2711354,2754906,1348418,4103324,14691550,18794874,1.5985267877230342,4.165645266268857,0.44036710262298584,3,16,11,1.3636364
42,13,6781,00:00:01.0390000,19,1416,3387,4765650,4880323,3326531,8206854,25242775,33449629,1.9063047013523864,7.228997149169058,0.5379291772842407,4,19,13,1.3846154
42,14,7093,00:00:01.6540000,24,2400,5779,8536779,8766010,7656747,16422757,41426148,57848905,2.4519110779370066,8.79613822982622,0.5878371000289917,4,24,15,1.5333333
42,15,7364,00:00:02.5570000,26,4076,9704,15603055,16025810,16828870,32854680,64617465,97472145,3.1613626946774205,4.600641989519504,0.4687376320362091,4,26,17,1.4705882
42,16,7616,00:00:03.9870000,26,7123,16440,28294373,29072888,36567355,65640243,100040736,165680979,3.7627507773365396,2.897284133599221,0.3072403371334076,5,26,16,1.5625
42,17,7875,00:00:06.6120000,24,12628,28844,50160011,51694570,79385407,131079977,159391487,290471464,4.198692540159132,2.6029515396342964,0.17639268934726715,5,24,16,1.4375
42,18,8159,00:00:15.3320000,27,22591,52617,87658937,90675903,171854687,262530590,264892016,527422606,4.537228132255357,2.684914532987597,0.10937923192977905,5,28,20,1.35
42,19,8475,00:00:37.8230000,27,40601,97754,150609148,157557247,367350521,524907768,453552273,978460041,4.871521655510594,2.804894748550634,0.10577619075775146,5,28,22,1.2272727
42,20,8827,00:01:26.6510000,31,74155,184402,258550646,274979556,774688928,1049668484,790546945,1840215429,5.242105088377927,3.4203024461736753,0.1110474169254303,4,32,26,1.1923077
43,0,2212,00:00:00.0360000,1,1,1,1002,1002,0,1002,4750,5752,1,1,0,0,1,1,0
43,1,2548,00:00:00.0470000,1,2,2,2004,2005,0,2005,9685,11690,1,1,0,0,1,1,0
43,2,2888,00:00:00.0680000,1,2,3,4012,4014,0,4014,19612,23626,1,1,0,0,1,1,0
43,3,3264,00:00:00.0730000,1,6,8,7990,8007,0,8007,41080,49087,1,1,0,0,1,1,0
43,4,3613,00:00:00.0790000,2,7,13,15977,16013,0,16013,81298,97311,1.003004318708143,1.006026676451836,0,1,2,1,1
43,5,3967,00:00:00.0870000,4,11,20,31970,32036,0,32036,162642,194678,1.0112918360963403,1.0229191591488864,0.010177851654589176,1,4,3,1
43,6,4316,00:00:00.1050000,7,27,47,63875,64027,0,64027,323942,387969,1.0332994129158513,1.0697404734851061,0.02731509692966938,1,7,6,1
43,7,4640,00:00:00.1190000,8,38,82,127266,127709,451,128160,622559,750719,1.0656970439866107,1.1441458905187454,0.05369705334305763,1,8,7,1
43,8,4961,00:00:00.1410000,10,73,165,247882,248896,7474,256370,1199448,1455818,1.1373435747654126,1.3271143188492813,0.10474124550819397,2,10,8,1.125
43,9,5268,00:00:00.1760000,12,119,288,467499,470435,42211,512646,2234103,2746749,1.2614379923807324,1.7258091201722512,0.1758296638727188,2,12,10,1.1
43,10,5560,00:00:00.2320000,14,229,509,862638,869736,156154,1025890,4011272,5037162,1.4519763794314648,2.5966163715665647,0.2586245834827423,2,14,12,1.0833334
43,11,5836,00:00:00.3270000,16,406,894,1563751,1580778,471677,2052455,6972756,9025211,1.7036011487762437,4.240554605034186,0.33453530073165894,2,16,13,1.1538461
43,12,6102,00:00:00.5010000,19,732,1621,2797622,2837340,1262494,4099834,11884381,15984215,1.997190471050056,5.873932994773706,0.38655751943588257,3,19,14,1.2857143
43,13,6366,00:00:00.7920000,20,1266,2880,4970536,5060537,3149951,8210488,20133478,28343966,2.3021567492922292,5.199066914488787,0.36552339792251587,3,20,15,1.2666667
43,14,6637,00:00:01.2850000,23,2241,5151,8740452,8924045,7491325,16415370,34293253,50708623,2.5849222671779444,3.7021977242414836,0.30309638381004333,3,23,18,1.2222222
43,15,6925,00:00:02.1480000,28,4006,9230,15245358,15617569,17214737,32832306,59119132,91951438,2.8631532299864655,2.9778823125593727,0.26669177412986755,5,28,20,1.35
43,16,7230,00:00:03.8250000,29,7110,16770,26549770,27404803,38152714,65557517,102064161,167621678,3.2404152277025373,3.262994473391451,0.24190238118171692,5,29,22,1.2727273
43,17,7523,00:00:06.6980000,28,12853,30155,48618391,50582221,80812583,131394804,168705271,300100075,4.094413737385921,4.640110416297551,0.2939119338989258,6,28,20,1.35
43,18,7777,00:00:11.2000000,22,22827,52502,92562538,96176846,166524622,262701468,262294230,524995698,5.119326546556016,2.5357071442138324,0.30595773458480835,6,23,15,1.4666667
43,19,8027,00:00:22.1740000,19,41356,93938,169621447,175457796,349373603,524831399,411182199,936013598,5.7139963792432455,1.5923929655348363,0.22939710319042206,5,19,13,1.3846154
43,20,8306,00:00:53.5330000,16,74710,173116,294466524,306235853,742463280,1048699133,678764743,1727463876,6.005466505931248,1.4456536453134239,0.16815438866615295,5,17,11,1.4545455
44,0,2688,00:00:00.0390000,2,2,3,1002,1002,0,1002,5537,6539,1.0029940119760479,1.00600592951527,0,1,2,1,1
44,1,2982,00:00:00.0580000,2,2,4,2013,2013,0,2013,9786,11799,1.00347739692002,1.00697897310243,0,1,2,1,1
44,2,3287,00:00:00.0770000,3,4,7,4003,4004,0,4004,18583,22587,1.0087434424181863,1.0176721176195553,0,1,3,2,1
44,3,3607,00:00:00.0900000,3,4,10,8008,8009,0,8009,36775,44784,1.0161088911088911,1.0328711861154067,0.015206175856292248,1,3,2,1
44,4,3932,00:00:00.0950000,3,5,11,16029,16035,0,16035,74101,90136,1.0365587372886642,1.0765568083590042,0.03583497181534767,1,3,2,1
44,5,4261,00:00:00.1000000,4,10,18,32003,32034,0,32034,150399,182433,1.0656188482329783,1.1425491708755942,0.04424266517162323,1,4,3,1
44,6,4570,00:00:00.1070000,3,14,28,63896,64107,0,64107,291751,355858,1.1351414799048454,1.3200224992968739,0.13018077611923218,1,3,2,1
44,7,4853,00:00:00.1160000,6,29,66,127287,127645,396,128041,550276,678317,1.2474015413985717,1.6745429548735555,0.11770959198474884,1,6,5,1
44,8,5114,00:00:00.1290000,8,56,123,249262,249929,6814,256743,1016368,1273111,1.3823687525575499,2.1973308281801076,0.16866329312324524,2,8,6,1.1666666
44,9,5360,00:00:00.1500000,9,98,218,472458,473919,38958,512877,1847627,2360504,1.5233163582794662,2.7610074813449335,0.21755382418632507,2,9,7,1.1428572
44,10,5606,00:00:00.1890000,9,195,411,871317,875692,148360,1024052,3351536,4375588,1.6619427831661726,3.0777811931972927,0.27407708764076233,2,9,7,1.1428572
44,11,5859,00:00:00.2830000,9,382,804,1577865,1590504,461794,2052298,6071429,8123727,1.7869329758883048,3.0384538871019195,0.3218119442462921,2,9,7,1.1428572
44,12,6130,00:00:00.4280000,10,678,1494,2784749,2820188,1276943,4097131,11100776,15197907,1.9004391419118922,2.8908235693523032,0.3597284257411957,2,10,7,1.2857143
44,13,6429,00:00:00.7360000,15,1305,2858,4863267,4943209,3261950,8205159,20483403,28688562,2.0218145538791106,2.899100837416084,0.35058456659317017,3,15,11,1.2727273
44,14,6758,00:00:01.3410000,18,2269,5377,8348667,8564545,7823734,16388279,37696285,54084564,2.173573338114935,3.174384632669742,0.33582180738449097,3,18,14,1.2142857
44,15,7117,00:00:02.5280000,26,4248,10261,14348814,14846331,17971007,32817338,68635263,101452601,2.403224475555959,3.6268821410449124,0.28998368978500366,3,26,22,1.1363636
44,16,7495,00:00:04.8180000,31,7439,18847,24616515,25859407,39790474,65649881,121883428,187533309,2.7318447391923675,3.70672944270461,0.2445070743560791,3,31,27,1.1111112
44,17,7886,00:00:09.3530000,37,13158,34201,42433948,45290334,85928232,131218566,211434900,342653466,3.134496158594529,3.7217684380955522,0.22570009529590607,4,37,32,1.125
44,18,8295,00:00:24.1970000,49,23415,62645,73588662,79312338,183244636,262556974,363115743,625672717,3.544072876335216,3.6721307122855817,0.30033326148986816,4,50,43,1.1395348
44,19,8734,00:00:56.8700000,56,42007,115134,125323494,137837103,387100350,524937453,625862866,1150800319,3.903239651138357,3.4939622496780487,0.2716696560382843,4,57,48,1.1666666
44,20,9212,00:02:10.6330000,64,75117,213290,209728408,239459150,809209822,1048668972,1085571544,2134240516,4.282575772949175,4.714664735378753,0.28323373198509216,5,65,50,1.28
45,0,3113,00:00:00.0380000,1,1,1,1004,1004,0,1004,5516,6520,1,1,0,0,1,1,0
45,1,3493,00:00:00.0490000,1,1,1,2005,2005,0,2005,11076,13081,1,1,0,0,1,1,0
45,2,3850,00:00:00.0710000,1,1,1,4005,4005,0,4005,21744,25749,1,1,0,0,1,1,0
45,3,4193,00:00:00.0750000,2,4,5,8007,8009,0,8009,41567,49576,1.0012489072061945,1.0025009116894863,0,1,2,1,1
45,4,4553,00:00:00.0810000,2,5,12,15998,16010,0,16010,82794,98804,1.0033754219277409,1.0067736082689185,0,1,2,1,1
45,5,4891,00:00:00.0870000,3,6,23,32051,32064,0,32064,160715,192779,1.0094848834669745,1.019171920204675,0.003811803413555026,1,3,2,1
45,6,5233,00:00:00.1040000,3,15,46,63999,64079,0,64079,318271,382350,1.019078423100361,1.0389439088104104,0.007754981052130461,1,3,2,1
45,7,5570,00:00:00.1170000,3,41,96,127310,127726,462,128188,629416,757604,1.0422197784934413,1.0883474990917643,0.018798671662807465,1,3,2,1
45,8,5895,00:00:00.1390000,4,68,162,247231,248737,7599,256336,1213763,1470099,1.0920434735126259,1.203233317730179,0.033994197845458984,1,4,3,1
45,9,6219,00:00:00.1770000,8,144,322,465959,469525,42795,512320,2305416,2817736,1.1825868799615418,1.4435179916266816,0.05435273051261902,1,8,7,1
45,10,6542,00:00:00.2480000,11,244,582,854346,863598,161102,1024700,4278983,5303683,1.3181895859522956,1.8542682580313146,0.0892556756734848,2,11,9,1.1111112
45,11,6861,00:00:00.3750000,15,457,1048,1536461,1558221,490178,2048399,7706253,9754652,1.4940372713658205,2.3349591263208302,0.12900350987911224,2,15,13,1.0769231
45,12,7181,00:00:00.6180000,17,786,1845,2714457,2773353,1325601,4098954,13626040,17724994,1.6769136516069327,2.4666795125928793,0.16735151410102844,2,17,14,1.1428572
45,13,7514,00:00:01.0210000,23,1349,3260,4737403,4871737,3327316,8199053,24049604,32248657,1.8701974478422039,2.363930246681541,0.1940944343805313,3,23,18,1.2222222
45,14,7864,00:00:01.7230000,29,2419,5838,8195943,8503858,7902620,16406478,42317180,58723658,2.1058358995420052,2.559250481211008,0.2070181518793106,3,29,23,1.2173913
45,15,8219,00:00:03.0360000,37,4287,10573,14347860,14965537,17862854,32828391,72814748,105643139,2.4943756769302183,3.7858380469734954,0.22904585301876068,3,37,29,1.2413793
45,16,8561,00:00:07.0690000,38,7342,18502,25462596,26724340,38936504,65660844,120841170,186502014,3.0436040378600833,5.8077638992848515,0.2562374770641327,4,38,28,1.3214285
45,17,8896,00:00:15.8880000,38,12966,32657,45420492,47659545,83624558,131284103,197520581,328804684,3.5629073987133384,5.052295297342111,0.29701244831085205,5,38,26,1.4230769
45,18,9245,00:00:32.2720000,33,22932,58750,79606042,83896477,178491473,262387950,326987843,589375793,3.9852595108295925,4.363629601920924,0.44801223278045654,5,34,22,1.5
45,19,9617,00:01:03.8120000,30,41216,107157,138972822,148020143,376471578,524491721,549295993,1073787714,4.446828351805363,5.464419489582144,0.5791780948638916,5,31,20,1.5
45,20,10001,00:02:03.5890000,34,75214,197270,248622933,266911106,783216423,1050127529,915718396,1965845925,5.084156536758417,5.685935638255521,0.41940075159072876,5,35,23,1.4782609
46,0,2754,00:00:00.0350000,1,1,1,1001,1001,0,1001,4511,5512,1,1,0,0,1,1,0
46,1,3037,00:00:00.0450000,1,1,2,2009,2009,0,2009,8512,10521,1,1,0,0,1,1,0
46,2,3361,00:00:00.0650000,1,1,3,4009,4009,0,4009,17884,21893,1,1,0,0,1,1,0
46,3,3679,00:00:00.0680000,2,4,11,8016,8018,0,8018,36294,44312,1.001122754491018,1.0022480666589044,0,1,2,1,1
46,4,4011,00:00:00.0740000,1,4,16,16027,16042,0,16042,74474,90516,1,1,0,0,1,1,0
46,5,4358,00:00:00.0790000,2,6,26,32058,32063,0,32063,154908,186971,1.0010605777029136,1.002123459917612,0,1,2,1,1
46,6,4697,00:00:00.0870000,2,14,52,63987,64026,0,64026,311097,375123,1.0023911106943597,1.0047936343942776,0,1,2,1,1
46,7,5044,00:00:00.0990000,2,30,89,127402,127667,479,128146,631056,759202,1.0065148113844367,1.0131144526472233,0,1,2,1,1
46,8,5389,00:00:00.1190000,4,51,161,247829,248443,7905,256348,1252275,1508623,1.019759592299529,1.0404207579887739,0.009905390441417694,1,4,3,1
46,9,5755,00:00:00.1650000,5,117,308,465790,467529,44816,512345,2490826,3003171,1.0482878550419716,1.1022652777546877,0.025750741362571716,1,5,4,1
46,10,6138,00:00:00.2470000,6,242,607,847269,854893,169264,1024157,4837419,5861576,1.1082430727431312,1.2459436710649054,0.05179004371166229,1,6,5,1
46,11,6532,00:00:00.4080000,9,444,1121,1510278,1533444,516574,2050018,9079028,11129046,1.2292339556028757,1.5977692430676542,0.09701643884181976,1,9,8,1
46,12,6925,00:00:00.7080000,17,769,2070,2659594,2715077,1381126,4096203,16340703,20436906,1.421003732148591,2.271953069854208,0.15616223216056824,2,17,14,1.1428572
46,13,7318,00:00:01.2230000,24,1346,3709,4637669,4766921,3428124,8195045,28616343,36811388,1.649868932000106,2.8763264855183746,0.21752431988716125,2,24,21,1.0952381
46,14,7719,00:00:02.0810000,29,2481,6681,8008096,8296941,8092858,16389799,49526278,65916077,1.881994296771667,3.00220685128995,0.26089924573898315,2,29,25,1.12
46,15,8138,00:00:03.6880000,36,4311,11747,13731168,14372759,18417318,32790077,85600691,118390768,2.1323577134880294,3.4467094307695167,0.2822147607803345,3,36,31,1.1290323
46,16,8576,00:00:06.6800000,40,7620,21241,23358402,24877786,40701170,65578956,147275281,212854237,2.4274159251133702,5.060663275414374,0.30809709429740906,3,40,33,1.1818181
46,17,9033,00:00:12.3510000,46,13515,38087,39717873,43154428,87943045,131097473,251877574,382975047,2.7686789269908787,7.678086514109419,0.36320188641548157,4,46,34,1.3235294
46,18,9510,00:00:26.5910000,57,24011,68705,67790550,75368503,186860354,262228857,428477513,690706370,3.1803816608657107,10.263029963856866,0.4085499942302704,4,57,41,1.3658537
46,19,9992,00:01:06.1520000,63,42647,123836,118546273,134597314,390148349,524745663,715646943,1240392606,3.7919393720627554,13.391388291864025,0.44972410798072815,5,64,42,1.5
46,20,10461,00:02:24.8760000,66,76089,220968,216413392,244888519,803757389,1048645908,1163999832,2212645740,4.528389943631584,12.63691423844785,0.36123165488243103,5,67,45,1.4666667
47,0,2595,00:00:00.0340000,1,1,1,1001,1001,0,1001,3595,4596,1,1,0,0,1,1,0
47,1,2997,00:00:00.0460000,1,1,1,2001,2001,0,2001,9504,11505,1,1,0,0,1,1,0
47,2,3336,00:00:00.0660000,1,2,2,4010,4011,0,4011,19442,23453,1,1,0,0,1,1,0
47,3,3667,00:00:00.0690000,1,1,2,8019,8019,0,8019,38279,46298,1,1,0,0,1,1,0
47,4,4013,00:00:00.0730000,1,5,8,16005,16022,0,16022,77951,93973,1,1,0,0,1,1,0
47,5,4357,00:00:00.0790000,2,13,20,32003,32021,0,32021,157588,189609,1.002562259788145,1.0051376994970938,0,1,2,1,1
47,6,4703,00:00:00.0880000,2,17,44,63987,64092,0,64092,317208,381300,1.0046259396439903,1.009294629100469,0,1,2,1,1
47,7,5048,00:00:00.1000000,3,31,84,127281,127628,471,128099,634732,762831,1.0127277441252034,1.0258162506669277,0.006656991317868233,1,3,2,1
47,8,5389,00:00:00.1300000,5,61,157,247629,248453,7752,256205,1246174,1502379,1.030969716794075,1.0642413963644668,0.016092337667942047,1,5,4,1
47,9,5742,00:00:00.1680000,8,130,319,466523,468083,44207,512290,2436089,2948379,1.0726287878625491,1.1587011341025226,0.03624981269240379,1,8,7,1
47,10,6108,00:00:00.2470000,9,228,608,852578,858067,166938,1025005,4672171,5697176,1.156773925670144,1.3789441685519868,0.0739176794886589,1,9,8,1
47,11,6479,00:00:00.3970000,11,434,1120,1524698,1541586,508364,2049950,8655488,10705438,1.299419294837404,1.8457322690336222,0.13368520140647888,1,11,10,1
47,12,6850,00:00:00.6760000,14,741,1969,2681446,2733311,1368198,4101509,15511841,19613350,1.489262882787869,2.5256948259793246,0.21371068060398102,2,14,11,1.1818181
47,13,7226,00:00:01.1420000,21,1312,3552,4670746,4792057,3409013,8201070,27280949,35482019,1.6965936490659095,2.8774522200717034,0.290128618478775,2,21,14,1.4285715
47,14,7619,00:00:01.9550000,26,2409,6434,8016480,8319167,8080979,16400146,47802160,64202306,1.8924137526695008,2.7996061509311585,0.3602185547351837,2,26,19,1.3157895
47,15,8039,00:00:03.5640000,36,4288,11756,13649454,14334634,18438112,32772746,84003835,116776581,2.1103369409501656,3.1287879417333286,0.4164124131202698,3,36,27,1.2962962
47,16,8482,00:00:06.5900000,46,7624,21177,23304221,24852106,40760307,65612413,146346299,211958712,2.4160689173004326,4.998153022495846,0.45554980635643005,3,46,37,1.2162162
47,17,8931,00:00:12.8090000,57,13626,38124,40162477,43558216,87518355,131076571,248932485,380009056,2.847498549454507,10.106667806307687,0.46880805492401123,3,57,44,1.2727273
47,18,9366,00:00:31.6310000,56,24212,67685,70894855,78936075,183365815,262301890,409199931,671501821,3.574952977899454,9.414495315358216,0.48142358660697937,4,56,40,1.375
47,19,9724,00:01:01.6670000,50,43057,115202,142923539,155913821,368374429,524288250,620104753,1144393003,5.033504865842987,4.072839470093612,0.3267028331756592,7,51,36,1.3888888
47,20,10011,00:01:42.6020000,34,77279,194951,295326206,311851077,737638911,1049489988,892152951,1941642939,6.362438604584924,3.06333620921481,0.1363559514284134,6,35,27,1.2592592
48,0,3496,00:00:00.0600000,1,1,1,1002,1002,0,1002,6699,7701,1,1,0,0,1,1,0
48,1,3839,00:00:00.0720000,1,2,2,2010,2011,0,2011,11468,13479,1,1,0,0,1,1,0
48,2,4216,00:00:00.0930000,1,1,2,4002,4002,0,4002,22224,26226,1,1,0,0,1,1,0
48,3,4579,00:00:00.0970000,1,2,4,8026,8027,0,8027,43443,51470,1,1,0,0,1,1,0
48,4,4921,00:00:00.1020000,1,2,9,16041,16045,0,16045,82883,98928,1,1,0,0,1,1,0
48,5,5260,00:00:00.1070000,1,7,18,32007,32041,0,32041,161524,193565,1,1,0,0,1,1,0
48,6,5612,00:00:00.1160000,2,19,42,63919,64052,0,64052,323921,387973,1.0013923872401007,1.0027886062830733,0,1,2,1,1
48,7,5955,00:00:00.1310000,3,36,78,127072,127596,479,128075,640540,768615,1.0047925585494837,1.0096416328035063,0.003047075355425477,1,3,2,1
48,8,6308,00:00:00.1610000,6,63,147,246853,248301,7887,256188,1277308,1533496,1.0172572340623771,1.035331631692284,0.014590627513825893,1,6,5,1
48,9,6675,00:00:00.2000000,11,112,289,465113,468178,44776,512954,2518821,3031775,1.0462726262220148,1.0988093461016126,0.03696998953819275,1,11,10,1
48,10,7056,00:00:00.2780000,17,218,580,850182,855445,168773,1024218,4848359,5872577,1.1133039749136067,1.2679275959219052,0.08627516031265259,1,17,16,1
48,11,7447,00:00:00.4470000,19,430,1104,1519025,1535444,515187,2050631,9054021,11104652,1.2397373315119895,1.68630254383378,0.17949451506137848,2,19,17,1.0588236
48,12,7837,00:00:00.7330000,23,774,2023,2673252,2717526,1378714,4096240,16262418,20358658,1.4452315008087528,2.7829259475519508,0.3175724744796753,2,23,19,1.1578947
48,13,8220,00:00:01.2120000,24,1302,3603,4656334,4787131,3409299,8196430,28225359,36421789,1.7001422148840697,5.100831721682449,0.4662855863571167,2,24,20,1.15
48,14,8599,00:00:01.9900000,32,2373,6350,8093021,8387179,7998122,16385301,47962348,64347649,1.9903199312098658,7.708153175731849,0.4896293580532074,2,32,26,1.1923077
48,15,8984,00:00:03.4030000,37,4279,11287,13981239,14655615,18150922,32806537,81071425,113877962,2.2949251493376233,6.941219193043907,0.4661402702331543,3,37,29,1.2413793
48,16,9383,00:00:06.0560000,52,7548,20136,24162783,25446081,40134498,65580579,137270625,202851204,2.606369307707643,4.53246548430207,0.39740675687789917,3,52,41,1.2439024
48,17,9809,00:00:12.5620000,66,13304,36515,41295302,44021931,87249758,131271689,234951932,366223621,2.9002912728426105,3.486758780637284,0.32994627952575684,4,66,50,1.3
48,18,10266,00:00:33.3280000,80,23557,66378,69953430,76149174,186092394,262241568,404438154,666679722,3.2511678412338036,4.268489453323945,0.3032958507537842,4,80,60,1.3166667
48,19,10742,00:01:16.2970000,76,42627,121055,120078643,134992479,389632801,524625280,688214812,1212840092,3.8039773983788274,9.54778955405824,0.3163450062274933,5,77,57,1.3333334
48,20,11181,00:02:27.7600000,68,76682,215130,229262591,258364774,790791425,1049156199,1104877678,2154033877,5.000132481273406,11.155178300291103,0.4042651653289795,6,69,47,1.4468085
4,0,2935,00:00:00.0390000,3,3,3,1003,1003,0,1003,4219,5222,1.156530408773679,1.3666649904835073,0.0695083886384964,1,3,2,1
4,1,3214,00:00:00.0590000,3,4,4,2003,2005,0,2005,8245,10250,1.293060409385921,1.7383800914099097,0.10137298703193665,1,3,2,1
4,2,3459,00:00:00.0620000,3,4,4,4000,4002,0,4002,15316,19318,1.40225,2.021265188021983,0.16459360718727112,1,3,2,1
4,3,3691,00:00:00.0820000,3,5,9,7998,8001,0,8001,28643,36644,1.5303825956489123,2.151132247933079,0.19542750716209412,1,3,2,1
4,4,3903,00:00:00.0850000,4,6,11,16022,16031,0,16031,53424,69455,1.6462988390962427,2.049148508274768,0.15561358630657196,1,4,3,1
4,5,4086,00:00:00.0880000,3,9,16,32076,32127,0,32127,95019,127146,1.7482229704451926,1.8075426834787212,0.26533499360084534,1,3,2,1
4,6,4266,00:00:00.0920000,3,15,30,63932,64076,0,64076,178222,242298,1.8187449164737535,1.610217420878606,0.2859267592430115,1,3,2,1
4,7,4439,00:00:00.0970000,4,22,44,127559,127846,283,128129,337593,465722,1.8730783402190359,1.4731301272859425,0.3112594783306122,2,4,2,1.5
4,8,4611,00:00:00.1030000,5,46,78,250463,251020,5566,256586,646462,903048,1.915276907167925,1.3700893325972758,0.3194389343261719,2,5,3,1.3333334
4,9,4790,00:00:00.1160000,5,92,169,477085,478655,34093,512748,1252321,1765069,1.9444249976419297,1.3046992968986446,0.325492799282074,2,5,3,1.3333334
4,10,4984,00:00:00.1410000,6,174,332,885214,888453,136887,1025340,2443940,3469280,1.9714600085403078,1.2679950183293773,0.3275022506713867,2,6,4,1.25
4,11,5201,00:00:00.1970000,6,332,652,1598562,1609263,441735,2050998,4787562,6838560,1.9961409066398426,1.2540315746069195,0.3276677131652832,2,6,4,1.25
4,12,5449,00:00:00.3310000,8,655,1321,2825787,2852978,1252219,4105197,9404496,13509693,2.026412818800568,1.280982546977234,0.3215993046760559,2,8,6,1.1666666
4,13,5735,00:00:00.6000000,13,1230,2603,4915700,4971520,3237868,8209388,18408190,26617578,2.0777641027727487,1.385714452600714,0.3074195683002472,2,13,10,1.2
4,14,6062,00:00:01.1970000,16,2277,5156,8416536,8574874,7838677,16413551,35549014,51962565,2.167923359443838,1.6485302173569745,0.28345078229904175,3,16,12,1.25
4,15,6429,00:00:02.3970000,21,4157,9937,14289991,14736742,18073834,32810576,67227428,100038004,2.3319934211295164,2.3364331157131484,0.2586212456226349,3,21,16,1.25
4,16,6826,00:00:05.1650000,27,7384,18657,24182739,25450456,40096949,65547405,123162488,188709893,2.597638298953646,3.947673331370848,0.2496161311864853,4,28,20,1.35
4,17,7243,00:00:15.6040000,40,13277,34877,41543262,44492437,86720920,131213357,218562162,349775519,2.9940770419039313,6.616215759581454,0.25583600997924805,4,41,31,1.2903225
4,18,7660,00:00:36.1670000,53,23643,63530,73795122,79479030,182929222,262408252,372653022,635061274,3.5961106345213443,9.08078285170365,0.2433430403470993,5,54,41,1.2926829
4,19,8057,00:01:11.7150000,55,42189,113533,135584582,145933227,378623821,524557048,608847006,1133404054,4.3998348794555415,8.544431907260684,0.21194729208946228,5,56,41,1.3414634
4,20,8439,00:02:12.1850000,44,75254,202313,248390561,267599854,781438498,1049038352,973078853,2022117205,5.138446565205833,5.251070359986114,0.17013703286647797,6,45,31,1.4193548
49,0,1916,00:00:00.0360000,2,2,2,1003,1003,0,1003,2398,3401,1.8574277168494517,1.3236107160608468,0,1,2,1,1
49,1,2101,00:00:00.0490000,2,2,2,2002,2002,0,2002,5183,7185,1.9230769230769231,1.1655172292819065,0,1,2,1,1
49,2,2272,00:00:00.0720000,2,3,3,4029,4030,0,4030,10164,14194,1.9518490940680069,1.1009151391468803,0,1,2,1,1
49,3,2434,00:00:00.0740000,2,4,6,8002,8007,0,8007,19726,27733,1.968507873031742,1.0649635439486838,0,1,2,1,1
49,4,2590,00:00:00.0770000,2,6,9,16016,16036,0,16036,37750,53786,1.9797077922077921,1.0414072879275005,0,1,2,1,1
49,5,2752,00:00:00.0800000,3,7,14,32107,32136,0,32136,75097,107233,1.9873236365901517,1.03070344876582,0,2,3,1,2
49,6,2910,00:00:00.0840000,3,8,19,63942,64038,0,64038,148082,212120,1.9937443307997873,1.0187764056858617,0,2,3,1,2
49,7,3069,00:00:00.0880000,4,26,44,127834,127994,274,128268,293649,421917,1.9973246554124882,1.0187415837571971,0.002241204958409071,2,4,2,1.5
49,8,3231,00:00:00.1090000,5,55,87,250862,251105,5377,256482,585474,841956,2.001817732458483,1.020662078908841,0.005842599086463451,2,5,3,1.3333334
49,9,3402,00:00:00.1260000,5,104,176,477889,478840,33342,512182,1164195,1676377,2.0065098799093515,1.0250935763284026,0.009127337485551834,2,5,3,1.3333334
49,10,3591,00:00:00.1600000,5,190,353,886192,889609,135012,1024621,2321208,3345829,2.01375435571524,1.0353403310141427,0.015212665311992168,2,5,3,1.3333334
49,11,3804,00:00:00.2320000,5,320,647,1602359,1613698,440308,2054006,4627372,6681378,2.0244645550716163,1.0554789023856317,0.025051111355423927,2,5,3,1.3333334
49,12,4047,00:00:00.3730000,5,612,1262,2817563,2854089,1242242,4096331,9147798,13244129,2.046856095143214,1.0998489180280284,0.039361514151096344,1,5,4,1
49,13,4329,00:00:00.7170000,11,1225,2557,4892089,4979673,3221863,8201536,18008826,26210362,2.0943273926537316,1.2121277508873285,0.06072137877345085,2,11,9,1.1111112
49,14,4650,00:00:01.4420000,18,2253,5032,8394032,8604086,7795385,16399471,34816925,51216396,2.205352207377813,1.5041256358454127,0.1138581782579422,2,18,14,1.2142857
49,15,5003,00:00:02.8810000,23,4064,9726,14315485,14915784,17915081,32830865,65228102,98058967,2.430721278391895,2.3330062212176386,0.20014336705207825,2,23,19,1.1578947
49,16,5368,00:00:08.0040000,37,7429,18254,24906642,26152795,39486632,65639427,116585789,182225216,2.834290467578889,4.993560115640197,0.2696678936481476,2,37,33,1.0909091
49,17,5736,00:00:18.9200000,40,12965,33101,43343219,46185417,84963181,131148598,200786079,331934677,3.2948631941711573,9.00929078299591,0.33204570412635803,3,40,35,1.1142857
49,18,6122,00:00:39.8050000,45,23263,60601,74950901,80766665,181567103,262333768,343968045,606301813,3.674021757256794,8.404222050543604,0.36901623010635376,3,45,36,1.2222222
49,19,6548,00:01:22.3990000,50,41596,112315,125993560,139139344,385947371,525086715,599203273,1124289988,3.9501202124934003,7.367419931252898,0.40005478262901306,3,50,41,1.195122
49,20,7023,00:02:49.5610000,73,75132,210440,210383423,239752434,809320185,1049072619,1056461294,2105533913,4.281086518874636,9.765404431169268,0.5017525553703308,4,73,56,1.2857143
5,0,2107,00:00:00.0650000,1,1,2,1001,1001,0,1001,4840,5841,1,1,0,0,1,1,0
5,1,2440,00:00:00.0840000,2,2,3,2020,2020,0,2020,9549,11569,1.0153465346534654,1.0311638569588006,0,1,2,1,1
5,2,2766,00:00:00.1180000,2,2,4,4006,4006,0,4006,18783,22789,1.0429355966050924,1.089543343653231,0,1,2,1,1
5,3,3096,00:00:00.1270000,2,3,6,8006,8010,0,8010,37465,45475,1.067324506620035,1.1436202428229691,0,1,2,1,1
5,4,3400,00:00:00.1360000,2,7,13,15990,16004,0,16004,72397,88401,1.1252032520325204,1.2804995712514653,0,1,2,1,1
5,5,3689,00:00:00.1460000,2,5,20,32104,32117,0,32117,138846,170963,1.213960877149265,1.506848453466564,0,1,2,1,1
5,6,3956,00:00:00.1570000,2,13,34,63999,64091,0,64091,261237,325328,1.3426459788434195,1.8197681912905221,0,1,2,1,1
5,7,4189,00:00:00.1690000,2,26,57,127478,127767,378,128145,476670,604815,1.4731090854892608,1.9942315941372368,0,1,2,1,1
5,8,4408,00:00:00.1850000,2,53,103,249520,250414,6297,256711,868651,1125362,1.5982887143315165,1.925590029332907,0,1,2,1,1
5,9,4619,00:00:00.2110000,3,111,213,474813,476879,36461,513340,1580172,2093512,1.7108124672239386,1.7088501525108046,0,2,3,1,2
5,10,4837,00:00:00.2600000,4,190,393,877061,881439,142593,1024032,2915770,3939802,1.8024983439008233,1.493096417163735,0.005256815813481808,2,4,2,1.5
5,11,5073,00:00:00.3660000,5,374,729,1584401,1595647,453348,2048995,5464045,7513040,1.8789258527355133,1.3318676651487418,0.011985075660049915,3,5,2,2
5,12,5334,00:00:00.5980000,6,699,1435,2805670,2833943,1265769,4099712,10311534,14411246,1.9496733400578115,1.2442845476372077,0.022441530600190163,3,6,3,1.6666666
5,13,5628,00:00:00.9770000,6,1240,2770,4867089,4953596,3251379,8204975,19540762,27745737,2.040607229495906,1.2548671876707103,0.05116245895624161,3,6,3,1.6666666
5,14,5949,00:00:01.6870000,11,2170,5153,8425536,8629245,7762156,16391401,36293462,52684863,2.256347726720294,1.5455782055813636,0.08400613814592361,3,11,8,1.25
5,15,6269,00:00:03.0720000,14,4084,9658,14859369,15358429,17461737,32820166,63717100,96537266,2.745763026680339,2.435017839433738,0.13510476052761078,4,14,10,1.3
5,16,6568,00:00:06.2270000,17,7116,17058,26737234,27687935,37869414,65557349,105662843,171220192,3.348783909360258,2.5023288191168724,0.14794307947158813,4,17,12,1.3333334
5,17,6868,00:00:14.0030000,18,12611,30480,47437440,49311200,81901346,131212546,174359070,305571616,3.8104101106636445,1.9447405523087418,0.11869600415229797,4,18,13,1.3076923
5,18,7192,00:00:29.3090000,20,22553,55484,82166124,86136042,176497080,262633122,294739128,557372250,4.143502205361421,1.9759014999020847,0.10789785534143448,4,20,14,1.3571428
5,19,7552,00:01:01.3050000,26,40595,103344,140107781,149321652,375817694,525139346,510515395,1035654741,4.458116405397927,2.6369200085890316,0.10112819820642471,4,26,20,1.25
5,20,7947,00:02:05.2800000,44,73971,194138,240759750,260879607,789273792,1050153399,888474391,1938627790,4.874540873214896,3.8843176024904786,0.12040062248706818,5,44,37,1.1621622
6,0,3325,00:00:00.0590000,2,2,3,1002,1002,0,1002,5734,6736,1.001996007984032,1.0039999291840536,0,1,2,1,1
6,1,3663,00:00:00.0700000,1,1,3,2003,2003,0,2003,10614,12617,1,1,0,0,1,1,0
6,2,4038,00:00:00.0910000,1,2,5,4001,4002,0,4002,21537,25539,1,1,0,0,1,1,0
6,3,4380,00:00:00.0960000,2,6,10,8000,8010,0,8010,40917,48927,1.0035,1.0070244685552594,0,1,2,1,1
6,4,4741,00:00:00.1020000,3,6,13,16003,16027,0,16027,83000,99027,1.0096856839342623,1.0195808992783986,0.003579213982447982,1,3,2,1
6,5,5085,00:00:00.1180000,4,9,21,32038,32058,0,32058,162193,194251,1.0295274361695486,1.061049287047156,0.013225028291344643,1,4,3,1
6,6,5404,00:00:00.1250000,5,16,34,64022,64059,0,64059,309645,373704,1.0616663022086157,1.132190720904744,0.02545154094696045,1,5,4,1
6,7,5715,00:00:00.1360000,5,30,69,127588,127798,429,128227,594458,722685,1.1179264507633946,1.26791584898955,0.04352783411741257,1,5,4,1
6,8,6009,00:00:00.1510000,5,59,128,247914,248848,7199,256047,1119714,1375761,1.2084513177956873,1.515352486541421,0.07630399614572525,1,5,4,1
6,9,6297,00:00:00.1800000,6,130,264,468646,471369,41184,512553,2091154,2603707,1.3380867435121606,1.9055591139258858,0.11238918453454971,1,6,5,1
6,10,6575,00:00:00.2330000,7,222,483,862961,871585,154422,1026007,3788142,4814149,1.4903778965677477,2.2718943490696244,0.15316671133041382,1,7,6,1
6,11,6856,00:00:00.3280000,12,389,886,1557305,1574281,475386,2049667,6813923,8863590,1.647663110309156,2.3215237516867853,0.18484368920326233,2,12,10,1.1
6,12,7149,00:00:00.5230000,16,720,1651,2758202,2798489,1302227,4100716,12246210,16346926,1.789272866889372,2.1130103674481475,0.20647090673446655,2,16,14,1.0714285
6,13,7467,00:00:00.8830000,20,1286,3036,4791125,4900735,3307150,8207885,22224007,30431892,1.9202404445719952,1.9338085235175497,0.22323159873485565,3,20,16,1.1875
6,14,7815,00:00:01.5460000,30,2363,5763,8247408,8490349,7920522,16410871,40438924,56849795,2.0813136684883298,2.0611978842905025,0.22070056200027466,3,30,23,1.2608696
6,15,8187,00:00:02.8360000,39,4176,10602,14156386,14742936,18050726,32793662,72462080,105255742,2.3525183616779026,2.9406186861320456,0.2399066835641861,3,39,31,1.2258065
6,16,8560,00:00:05.2940000,50,7432,19158,24846160,26082936,39538746,65621682,124828227,190449909,2.8250686625216934,6.166947333957731,0.2777407765388489,4,50,40,1.225
6,17,8924,00:00:12.6970000,52,13243,34069,43769675,46526865,84792345,131319210,208065422,339384632,3.3532166734160125,8.213380248400751,0.29600241780281067,4,52,39,1.3076923
6,18,9298,00:00:29.9860000,50,23233,60858,75653387,81734883,180656999,262391882,346821702,609213584,3.7666435211948937,5.962581154721205,0.29935941100120544,4,51,35,1.4285715
6,19,9707,00:01:05.7790000,55,41693,111614,127991845,141564544,383310554,524875098,591768297,1116643395,4.079027753682276,5.671421881077496,0.34922856092453003,5,56,40,1.375
6,20,10158,00:02:18.2940000,76,74556,207140,216739283,245413990,803753383,1049167373,1024614670,2073782043,4.449233432224651,8.518437483699524,0.36911070346832275,5,77,59,1.2881356
7,0,2037,00:00:00.0700000,1,1,2,1003,1003,0,1003,4306,5309,1,1,0,0,1,1,0
7,1,2380,00:00:00.0890000,1,1,2,2008,2008,0,2008,9260,11268,1,1,0,0,1,1,0
7,2,2694,00:00:00.1200000,1,1,2,4002,4002,0,4002,18186,22188,1,1,0,0,1,1,0
7,3,3046,00:00:00.1280000,1,1,4,8016,8016,0,8016,38508,46524,1,1,0,0,1,1,0
7,4,3410,00:00:00.1380000,2,5,10,16019,16026,0,16026,81345,97371,1.0010612397777638,1.0021247739885804,0,1,2,1,1
7,5,3766,00:00:00.1500000,2,9,19,31980,32004,0,32004,163591,195595,1.0025015634771732,1.0050156099127032,0,1,2,1,1
7,6,4115,00:00:00.1630000,2,13,34,63898,64127,0,64127,325194,389321,1.0050549312967543,1.010161004045168,0,1,2,1,1
7,7,4460,00:00:00.1790000,6,29,70,127368,127590,466,128056,642767,770823,1.017233528044721,1.035242270625627,0.012180646881461143,1,6,5,1
7,8,4800,00:00:00.2200000,7,59,138,247737,248579,7742,256321,1252335,1508656,1.0408659182923827,1.0862084665894889,0.028425617143511772,1,7,6,1
7,9,5153,00:00:00.2680000,8,127,290,464569,467927,44107,512034,2443956,2955990,1.0903224278847705,1.2038042335069377,0.06190304458141327,1,8,7,1
7,10,5510,00:00:00.3620000,12,224,537,849855,858868,165192,1024060,4620401,5644461,1.1872119361538145,1.4846157506311186,0.11425044387578964,1,12,11,1
7,11,5872,00:00:00.5640000,16,431,1040,1520900,1544608,505028,2049636,8509615,10559251,1.3420829771845617,2.1075085545046557,0.19553522765636444,1,16,15,1
7,12,6230,00:00:00.8560000,24,743,1892,2698549,2744402,1358945,4103347,15131811,19235158,1.5383834053041097,3.182463421457775,0.28661543130874634,2,24,21,1.0952381
7,13,6595,00:00:01.3880000,30,1349,3431,4702436,4814049,3392275,8206324,26557566,34763890,1.736320494314011,4.071660712777847,0.3763030767440796,2,30,24,1.2083334
7,14,6980,00:00:02.4210000,36,2430,6255,8061769,8341063,8060074,16401137,46690075,63091212,1.9209642449442548,4.359249720789015,0.4363405406475067,2,36,29,1.2068965
7,15,7393,00:00:04.5240000,48,4335,11481,13758424,14391070,18388579,32779649,82292188,115071837,2.1340379537656347,5.096923479724454,0.4630114734172821,3,48,38,1.2368422
7,16,7830,00:00:10.0870000,59,7789,21053,23333882,24892008,40672005,65564013,143811073,209375086,2.4244558192245935,7.454505981260274,0.475423127412796,3,59,47,1.2340425
7,17,8280,00:00:24.1540000,73,13708,37934,40176348,43529097,87691084,131220181,246735899,377956080,2.8381502967865573,11.85101349650773,0.47356274724006653,4,73,56,1.2857143
7,18,8730,00:00:50.4080000,74,24131,67831,70311423,77368876,185100509,262469385,413091565,675560950,3.4072535980391123,16.483309112604754,0.4724005162715912,5,74,55,1.3272728
7,19,9151,00:01:32.4070000,61,42824,118810,130418048,143876881,380899462,524776343,662966761,1187743104,4.34352181072362,12.150137946404424,0.42569753527641296,6,62,41,1.4878049
7,20,9518,00:02:37.2180000,46,76294,206044,255002405,276543379,773081204,1049624583,1011616968,2061241551,5.444534415273456,3.9610891083648387,0.2442597597837448,6,47,31,1.483871
8,0,3315,00:00:00.0610000,1,1,1,1004,1004,0,1004,4910,5914,1,1,0,0,1,1,0
8,1,3663,00:00:00.0720000,2,3,4,2002,2003,0,2003,10121,12124,1.003996003996004,1.0080239645142173,0,1,2,1,1
8,2,4017,00:00:00.0930000,2,3,6,4004,4005,0,4005,20361,24366,1.0064935064935066,1.0130713417713142,0,1,2,1,1
8,3,4351,00:00:00.0970000,2,2,8,8030,8030,0,8030,39423,47453,1.0186799501867996,1.0380573314415669,0,1,2,1,1
8,4,4679,00:00:00.1020000,2,2,12,16054,16054,0,16054,77042,93096,1.0438519995016817,1.0915337857778598,0,1,2,1,1
8,5,4999,00:00:00.1070000,2,6,24,32027,32043,0,32043,150389,182432,1.0905485996190714,1.1971733161941258,0,1,2,1,1
8,6,5296,00:00:00.1130000,3,10,35,63990,64047,0,64047,287142,351189,1.1655571182997344,1.382827571545927,0.013478563167154789,1,3,2,1
8,7,5572,00:00:00.1300000,4,32,71,127373,127595,408,128003,540604,668607,1.2813940160002513,1.6814503176714335,0.018368903547525406,2,4,2,1.5
8,8,5823,00:00:00.1440000,5,54,124,249154,249721,6768,256489,991511,1248000,1.4186848294629024,1.9655459603111625,0.028139222413301468,2,5,3,1.3333334
8,9,6062,00:00:00.1650000,5,103,221,472346,474537,38431,512968,1797617,2310585,1.5626129997925249,2.0342979602141544,0.03594350442290306,2,5,3,1.3333334
8,10,6297,00:00:00.2030000,6,207,432,875030,880825,146480,1027305,3233466,4260771,1.7030136109619098,1.8970535237588684,0.04340222105383873,2,6,4,1.25
8,11,6540,00:00:00.2800000,8,380,789,1578463,1592218,456346,2048564,5849471,7898035,1.8386506367269932,1.7327706563048912,0.04781753569841385,2,8,6,1.1666666
8,12,6801,00:00:00.4240000,12,677,1483,2817636,2840638,1264450,4105088,10691433,14796521,1.9806216984734721,1.6976581108641353,0.053558774292469025,2,12,10,1.1
8,13,7082,00:00:00.7200000,13,1190,2726,4919671,4983958,3208529,8192487,19502209,27694696,2.1353547828706434,1.8674529581437536,0.06515811383724213,3,13,10,1.2
8,14,7388,00:00:01.2730000,14,2264,5208,8520150,8706214,7704699,16410913,35488062,51898975,2.322475895377429,2.3895963537623555,0.09069965779781342,3,14,10,1.3
8,15,7718,00:00:02.2960000,20,4016,9653,14630108,15085566,17682834,32768400,63922803,96691203,2.549895598856823,3.37022036155365,0.12826238572597504,3,20,15,1.2666667
8,16,8076,00:00:04.3710000,29,7217,17943,25173111,26144746,39421598,65566344,114377675,179944019,2.8206551427036572,4.4933139117782765,0.16768962144851685,4,29,22,1.2727273
8,17,8461,00:00:08.7380000,33,13012,33449,43042792,45476939,85812855,131289794,202627467,333917261,3.1583479528930187,5.792708052699348,0.37641745805740356,4,33,25,1.28
8,18,8860,00:00:23.3070000,38,23482,61249,74778834,80220645,181952810,262173455,350309034,612482489,3.6477463529319003,7.9662164428488,0.3404836058616638,3,38,29,1.2758621
8,19,9265,00:00:55.7480000,44,41955,111682,132590234,143787607,381311977,525099584,591977682,1117077266,4.232428226953728,5.231965605209295,0.26866790652275085,4,44,32,1.34375
8,20,9683,00:01:59.2170000,49,75128,204525,231581515,254538049,794805109,1049343158,992026950,2041370108,4.732531078743483,2.9006268670482536,0.2032204568386078,4,49,38,1.2631578
