RepeatId,GenerationId,Generations,Time,SubcloneSelect,SubcloneAlive,SubcloneTotal,CellSelectCount,CellAliveCount,CellNecroCount,CellTumorCount,CellLostCount,CellTotalCount,MeanDriversPerCell,ClonalDiversity,TreeBalance,TreeDepth,NodeCount,LeafCount,Branching
0,0,4277,00:00:00.2480000,2,2,3,1001,1001,0,1001,5345,6346,1.002997002997003,1.0060119256224525,0,1,2,1,1
0,1,4581,00:00:00.2770000,3,4,7,2004,2005,0,2005,9615,11620,1.0104790419161678,1.0212316492013442,0,1,3,2,1
0,2,4942,00:00:00.3510000,5,12,17,4008,4023,0,4023,20189,24212,1.0439121756487026,1.0926999503817927,0.023995624855160713,1,5,4,1
0,3,5274,00:00:00.3730000,7,18,38,7995,8028,1,8029,39048,47077,1.1288305190744214,1.3049465059287193,0.0775713250041008,1,7,6,1
0,4,5579,00:00:00.4000000,11,27,69,15536,15598,404,16002,73574,89576,1.232363542739444,1.6382668088185028,0.13026976585388184,1,11,10,1
0,5,5857,00:00:00.4380000,15,58,132,29443,29627,2392,32019,131884,163903,1.3749617905784057,2.2386692033281252,0.20923443138599396,2,15,12,1.1666666
0,6,6131,00:00:00.4770000,19,118,257,54139,54666,9359,64025,237646,301671,1.5614067492934853,3.2120877088745927,0.2884754538536072,3,19,14,1.2857143
0,7,6389,00:00:00.5310000,21,190,458,98165,99791,28553,128344,412052,540396,1.765751540773188,4.278858156458203,0.34618422389030457,3,21,15,1.3333334
0,8,6644,00:00:00.6180000,27,340,805,175383,179236,76835,256071,708695,964766,2.0564535901427163,5.589951682224598,0.36432725191116333,3,27,18,1.4444444
0,9,6888,00:00:00.7980000,29,633,1430,312726,323203,189603,512806,1188863,1701669,2.486141222667767,6.639978570876219,0.34807825088500977,3,29,19,1.4736842
0,10,7118,00:00:01.0750000,35,1101,2418,560073,582820,442528,1025348,1942919,2968267,3.009893353187888,4.889709937874481,0.2415226250886917,4,35,24,1.4166666
0,11,7343,00:00:01.5170000,35,1927,4175,997352,1048605,1004406,2053011,3164189,5217200,3.4680203178015385,2.9926003012008313,0.19259552657604218,4,35,24,1.4166666
0,12,7580,00:00:02.2880000,38,3448,7524,1735795,1852181,2246322,4098503,5281833,9380336,3.8097741956855504,2.2795395586622504,0.1388176679611206,4,38,27,1.3703704
0,13,7842,00:00:04.0310000,42,6210,13933,2958974,3237309,4962077,8199386,9103479,17302865,4.098437160988911,2.3040185463757887,0.10735250264406204,5,42,33,1.2424242
0,14,8134,00:00:09.1450000,58,11382,26219,5025184,5645443,10745056,16390499,16016029,32406528,4.394410433528404,3.2735633398727426,0.10316210240125656,6,59,45,1.2888889
0,15,8450,00:00:21.5020000,76,20357,48649,8476713,9911754,22881876,32793630,27799440,60593070,4.831844371751173,6.805499603931802,0.13688483834266663,6,77,61,1.2459016
0,16,8776,00:00:45.5330000,85,37434,90852,14787217,18009631,47604886,65614517,47087313,112701830,5.566441812546607,16.21749843984347,0.21244175732135773,6,86,62,1.3709677
0,17,9097,00:01:29.4870000,80,68471,167593,27218516,33850731,97392755,131243486,77568001,208811487,6.539035412511101,12.230241469401792,0.32152268290519714,6,81,53,1.509434
0,18,9415,00:02:50.0200000,88,127212,311422,51175366,63629493,199074243,262703736,126078325,388782061,7.386698279793446,8.158299991302139,0.29581502079963684,7,89,57,1.5438596
0,19,9741,00:05:25.7990000,83,236768,584577,91439811,118137092,406778063,524915155,205751289,730666444,8.1702311480062,8.706595412873467,0.5102109909057617,7,83,53,1.5471698
0,20,10067,00:10:18.1780000,86,448864,1103952,172604912,228885018,820086172,1048971190,331184583,1380155773,9.383547642027708,19.133017512670154,0.473520427942276,8,87,52,1.6538461
9,0,3632,00:00:00.0470000,2,2,10,1011,1011,0,1011,5306,6317,1.281899109792285,1.6802881276736523,0,1,2,1,1
9,1,3843,00:00:00.0590000,2,4,12,1999,2001,0,2001,8300,10301,1.3946973486743373,1.9150584810531337,0,1,2,1,1
9,2,4075,00:00:00.0620000,2,6,17,4007,4011,0,4011,14974,18985,1.522335912153731,1.9960169273783788,0,1,2,1,1
9,3,4275,00:00:00.0840000,3,13,32,7987,8010,1,8011,26193,34204,1.650056341555027,1.8435628013808376,0,2,3,1,2
9,4,4473,00:00:00.0900000,6,20,53,15639,15675,348,16023,48306,64329,1.7685913421574269,1.593960446993132,0.01892170123755932,2,6,4,1.25
9,5,4660,00:00:00.1080000,7,45,107,29786,29955,2094,32049,87535,119584,1.8508023903847446,1.3937567346604978,0.028660666197538376,2,7,5,1.2
9,6,4863,00:00:00.1230000,10,91,189,55147,55494,8549,64043,165990,230033,1.9118356392913485,1.2948861487843624,0.029742421582341194,2,10,8,1.125
9,7,5084,00:00:00.1550000,10,179,367,99631,100945,27271,128216,315831,444047,1.9644287420581947,1.2582849614207998,0.0322812981903553,2,10,8,1.125
9,8,5330,00:00:00.2220000,12,347,698,175406,179530,76907,256437,603798,860235,2.022889752916092,1.2763538551393308,0.035121794790029526,2,12,10,1.1
9,9,5610,00:00:00.3660000,17,613,1321,302090,313657,199349,513006,1159865,1672871,2.106077658975802,1.4105498404846464,0.03813183307647705,2,17,15,1.0666667
9,10,5922,00:00:00.6730000,31,1137,2527,516851,545003,479090,1024093,2192534,3216627,2.248323017658861,1.847584637857832,0.05830834060907364,3,31,27,1.1111112
9,11,6261,00:00:01.2570000,48,2124,4900,874014,945656,1102456,2048112,4033454,6081566,2.4690840192491197,3.014698619191596,0.10318977385759354,3,48,42,1.1190476
9,12,6620,00:00:02.3440000,65,3673,8944,1465396,1650689,2449263,4099952,7228088,11328040,2.7886769173656814,6.095590468193891,0.17080914974212646,4,65,51,1.254902
9,13,6988,00:00:04.5820000,94,6590,16531,2512834,2917835,5279970,8197805,12565864,20763669,3.2775762346418427,13.723729347628012,0.42798036336898804,4,94,72,1.2916666
9,14,7351,00:00:12.4680000,106,11827,29996,4441372,5283557,11130720,16414277,21100291,37514568,3.9864496826656266,27.051254565305985,0.46865323185920715,5,106,73,1.4383562
9,15,7689,00:00:26.9090000,95,20885,53027,8151977,9807201,22981221,32788422,33790077,66578499,4.925023340963794,25.848754277938255,0.4513106048107147,6,95,64,1.46875
9,16,8002,00:00:50.7330000,79,37875,94329,15366193,18466445,47175848,65642293,52282789,117925082,5.839986000436152,16.905209643228755,0.3841295540332794,6,79,46,1.6956521
9,17,8309,00:01:32.2750000,75,69245,170135,28775828,34528684,96761325,131290009,81497949,212787958,6.66284626110498,13.409116204080837,0.2898772060871124,8,76,42,1.7857143
9,18,8620,00:02:48.0130000,65,126882,312162,52155373,64211300,197991501,262202801,128951791,391154592,7.444548138884943,9.73218176478664,0.36285850405693054,6,66,41,1.5853659
9,19,8934,00:05:08.7570000,68,237527,583155,96249944,121766884,402809167,524576051,205559270,730135321,8.404437263880382,9.818358948225693,0.2953747510910034,6,69,49,1.3877552
9,20,9245,00:09:29.1200000,88,451691,1099032,183378726,233448900,816335543,1049784443,325364289,1375148732,9.4160328663206,10.378069935927948,0.2362188696861267,7,89,64,1.375
10,0,3462,00:00:00.0430000,2,2,3,1008,1008,0,1008,4927,5935,1.003968253968254,1.0079679703762907,0,1,2,1,1
10,1,3825,00:00:00.0550000,3,5,8,2008,2010,0,2010,10277,12287,1.0059760956175299,1.0120398405447906,0,1,3,2,1
10,2,4203,00:00:00.0880000,5,9,16,3988,4003,0,4003,21190,25193,1.016800401203611,1.0343712035698562,0.013527733273804188,1,5,4,1
10,3,4553,00:00:00.0960000,7,18,37,7973,8002,6,8008,41865,49873,1.0459049291358333,1.097950292944759,0.039232708513736725,1,7,6,1
10,4,4882,00:00:00.1080000,10,42,78,15434,15568,448,16016,78985,95001,1.0887650641440973,1.2019260554569884,0.073113352060318,1,10,9,1
10,5,5224,00:00:00.1290000,17,73,146,29142,29448,2565,32013,151117,183130,1.1777846407247272,1.4530813490931693,0.13077209889888763,2,17,14,1.1428572
10,6,5547,00:00:00.1630000,21,119,261,53606,54305,9742,64047,275114,339161,1.3429466850725664,2.1081464728530515,0.23289823532104492,2,21,17,1.1764706
10,7,5848,00:00:00.2180000,23,220,473,96630,98705,29461,128166,477472,605638,1.5653834212977336,3.4827769510919686,0.3281724154949188,2,23,18,1.2222222
10,8,6142,00:00:00.3120000,28,363,844,171074,176585,79847,256432,821056,1077488,1.8492523703192771,6.327079330188935,0.38408005237579346,2,28,23,1.173913
10,9,6425,00:00:00.4900000,40,636,1485,303687,314777,198022,512799,1379856,1892655,2.175200123811688,9.053838343270446,0.3872484266757965,3,40,32,1.21875
10,10,6710,00:00:00.7870000,41,1153,2644,527039,556366,467818,1024184,2322558,3346742,2.4906278283011316,8.149374933905309,0.3889886736869812,4,41,29,1.3793104
10,11,7003,00:00:01.2850000,55,2030,4705,919467,978599,1071868,2050467,3914218,5964685,2.82147918304844,6.949586566861419,0.35468026995658875,4,55,40,1.35
10,12,7308,00:00:02.1520000,63,3594,8549,1593082,1726053,2374332,4100385,6631031,10731416,3.220313831930811,7.702272072278522,0.34122249484062195,4,63,46,1.3478261
10,13,7619,00:00:04.0350000,64,6385,15459,2776599,3077011,5117045,8194056,11142366,19336422,3.7445335102404056,10.683391654440763,0.3642669916152954,5,64,47,1.3404255
10,14,7933,00:00:10.2850000,68,11427,27835,4890700,5535472,10858219,16393691,18544916,34938607,4.3217907457010245,9.684388484319486,0.4136205315589905,5,69,50,1.36
10,15,8253,00:00:23.2010000,67,20668,50897,8417674,9876400,22907356,32783756,30507380,63291136,4.841658039976364,7.42255693205716,0.3359726667404175,6,68,52,1.2884616
10,16,8586,00:00:48.1280000,86,36981,93115,14727410,17710997,47851279,65562276,50237188,115799464,5.417271672344289,9.711559314335172,0.3424223065376282,6,87,66,1.3030303
10,17,8928,00:01:34.5290000,89,67965,171562,26137784,32659613,98569471,131229084,82724986,213954070,6.2375404510191075,19.527029263593835,0.3972921073436737,7,90,63,1.4126984
10,18,9263,00:02:57.3710000,88,126193,317387,48938238,61887376,200269958,262157334,133655886,395813220,7.238489706147573,20.934778688118055,0.46056994795799255,6,89,60,1.4666667
10,19,9595,00:05:29.4100000,85,236116,592345,90809023,117347657,407296303,524643960,214612326,739256286,8.136489740672577,12.598374308165345,0.4509224593639374,7,86,53,1.6037736
10,20,9933,00:10:16.7970000,91,443830,1117263,163351555,220696234,829471441,1050167675,345132345,1395300020,8.9896850813572,10.798006427181937,0.40115752816200256,7,92,59,1.5423728
11,0,4052,00:00:00.0680000,1,2,6,1004,1005,0,1005,4663,5668,1,1,0,0,1,1,0
11,1,4408,00:00:00.0810000,3,3,9,2003,2003,0,2003,9700,11703,1.0049925112331504,1.0100475312492259,0,1,3,2,1
11,2,4724,00:00:00.1140000,3,8,20,3993,4003,0,4003,18688,22691,1.0147758577510644,1.0300965356163545,0,1,3,2,1
11,3,5061,00:00:00.1220000,7,18,45,7978,8002,4,8006,38046,46052,1.0416144397092002,1.0881063848396904,0.03040148876607418,1,7,6,1
11,4,5386,00:00:00.1330000,9,24,77,15504,15560,442,16002,74841,90843,1.0958462332301342,1.2192332111061372,0.06975562870502472,1,9,8,1
11,5,5705,00:00:00.1520000,11,73,159,29170,29480,2542,32022,141856,173878,1.1787452862529997,1.4621047493818429,0.12174078822135925,1,11,10,1
11,6,6027,00:00:00.1880000,17,113,282,53307,54358,9710,64068,265031,329099,1.322321646312867,2.01617776653055,0.20444512367248535,2,17,14,1.1428572
11,7,6338,00:00:00.2450000,25,203,490,95847,98440,29818,128258,476571,604829,1.5214456373178087,3.127850946327953,0.2846018075942993,2,25,21,1.1428572
11,8,6643,00:00:00.3440000,37,365,844,171544,176106,80202,256308,830950,1087258,1.7660716784032084,4.920741414725167,0.3458956778049469,3,37,31,1.1612903
11,9,6947,00:00:00.5290000,42,669,1536,300199,311576,200935,512511,1429462,1941973,2.050896238828244,7.2092524671549585,0.38730233907699585,4,42,34,1.2058823
11,10,7250,00:00:00.8500000,46,1163,2733,523701,551053,474194,1025247,2427474,3452721,2.394765333654127,10.26005038415667,0.41538187861442566,4,46,35,1.2857143
11,11,7546,00:00:01.3640000,53,2044,4890,925087,981078,1068421,2049499,4030826,6080325,2.8849254178255666,14.50206929499616,0.4032129943370819,4,53,40,1.3
11,12,7826,00:00:02.1660000,51,3625,8595,1661364,1783633,2320331,4103964,6518877,10622841,3.551954899708914,10.894522534769479,0.327444463968277,4,51,37,1.3513514
11,13,8091,00:00:03.6160000,50,6404,14921,2983760,3250074,4946784,8196858,10363918,18560776,4.1982790170791215,4.767130993964651,0.2531478703022003,5,50,36,1.3611112
11,14,8365,00:00:08.5660000,59,11511,26846,5302935,5816947,10597263,16414210,16851547,33265757,4.682272364266203,2.9468760087466737,0.19954171776771545,5,60,47,1.2553191
11,15,8659,00:00:19.7320000,60,20413,48642,8941513,10125181,22666125,32791306,27744545,60535851,4.989160782968162,2.6075164862773557,0.14842589199543,5,61,50,1.2
11,16,8991,00:00:43.1890000,69,36960,90863,14557033,17602951,48005219,65608170,47483796,113091966,5.284565955164077,3.3014491977378655,0.211316779255867,5,70,55,1.2545455
11,17,9353,00:01:30.8520000,102,67906,171397,24383550,31435740,99675897,131111637,81889863,213001500,5.871329728443971,7.886296410805004,0.3425666391849518,6,103,75,1.36
11,18,9710,00:02:57.4280000,103,126643,319842,45094825,60423182,202231640,262654822,135994889,398649711,7.107814300199635,17.28217023713084,0.40629076957702637,6,104,68,1.5147059
11,19,10043,00:05:25.5400000,103,238900,595722,89779398,117874594,407322105,525196699,217131803,742328502,8.261012888502549,8.777532379756755,0.2880059480667114,6,104,65,1.5846153
11,20,10375,00:10:01.3520000,86,445730,1118267,166330369,222839203,827083722,1049922925,345302506,1395225431,9.13694622417389,7.928470716399516,0.2894507646560669,6,87,62,1.3870968
12,0,2485,00:00:00.0500000,1,3,4,999,1001,0,1001,4192,5193,1,1,0,0,1,1,0
12,1,2857,00:00:00.0640000,3,5,9,2005,2008,0,2008,9508,11516,1.0079800498753118,1.0161156944452998,0,1,3,2,1
12,2,3156,00:00:00.0960000,4,10,16,3995,4006,0,4006,18031,22037,1.0310387984981226,1.0646273615479112,0.020585140213370323,1,4,3,1
12,3,3504,00:00:00.1050000,6,18,33,7986,8018,5,8023,38032,46055,1.0796393688955672,1.176666360288058,0.046537574380636215,1,6,5,1
12,4,3815,00:00:00.1160000,14,31,68,15546,15596,425,16021,73332,89353,1.1831339251254342,1.4643257908168879,0.09665021300315857,2,14,12,1.0833334
12,5,4108,00:00:00.1330000,17,56,127,29393,29551,2455,32006,134925,166931,1.3177627326234138,1.970728451040204,0.17035749554634094,2,17,14,1.1428572
12,6,4395,00:00:00.1600000,21,99,226,54254,54767,9360,64127,245139,309266,1.493991226453349,2.819962921398531,0.25452518463134766,3,21,15,1.3333334
12,7,4668,00:00:00.2020000,26,184,406,97959,99199,28861,128060,430118,558178,1.7288559499382394,4.0733593530770795,0.337800532579422,3,26,19,1.3157895
12,8,4931,00:00:00.2810000,28,342,757,175145,178954,77279,256233,735154,991387,2.0213594450312597,5.488353391989257,0.3952264189720154,3,28,21,1.2857143
12,9,5184,00:00:00.4260000,33,633,1373,311427,320774,191800,512574,1233356,1745930,2.4157731988555904,6.886259118597955,0.39722925424575806,3,33,24,1.3333334
12,10,5424,00:00:00.6640000,38,1117,2387,556112,577624,447578,1025202,2019894,3045096,2.891381592197255,5.814026127420545,0.3571995496749878,4,38,25,1.48
12,11,5661,00:00:01.0350000,37,2006,4248,975735,1032466,1016390,2048856,3306834,5355690,3.330536467381,3.4951112175928656,0.2925446331501007,4,37,26,1.3846154
12,12,5909,00:00:01.6710000,42,3469,7616,1701875,1830187,2270425,4100612,5521483,9622095,3.7148991553433715,2.4527173749244855,0.17088928818702698,5,42,31,1.3225807
12,13,6176,00:00:02.9050000,56,6158,13877,2964424,3223134,4973501,8196635,9408238,17604873,4.072775014640281,2.413813508363376,0.12480171024799347,5,56,43,1.2790698
12,14,6465,00:00:05.3860000,59,11183,25762,5091636,5692063,10703823,16395886,16241847,32637733,4.49897184323467,3.4903217859861098,0.14285893738269806,6,60,47,1.2553191
12,15,6765,00:00:10.7870000,72,20454,48057,8825602,10153674,22661142,32814816,27386062,60200878,5.04181165205501,7.015169034001272,0.21336312592029572,5,73,58,1.2413793
12,16,7077,00:00:28.3410000,83,37321,89330,15352673,18323673,47351677,65675350,45917665,111593015,5.646430820222641,10.388364074513161,0.24630948901176453,5,84,64,1.296875
12,17,7403,00:01:07.2080000,95,68345,166840,26712442,33197655,97930321,131127976,76965490,208093466,6.301297612550735,13.529170200435232,0.4453428387641907,5,95,70,1.3428571
12,18,7740,00:02:23.4610000,102,126221,312745,47967630,61525257,200948412,262473669,128289033,390762702,7.144080309992384,23.24171070519982,0.4543229937553406,6,102,69,1.4637681
12,19,8079,00:04:47.0890000,95,235186,588613,86654352,115873411,409092992,524966403,210984389,735950792,8.050533353477734,17.48619146440685,0.38268300890922546,7,96,63,1.5079365
12,20,8423,00:09:26.1040000,95,442601,1115093,158092880,218424095,832109302,1050533397,343888733,1394422130,8.97612728036835,13.051869873518745,0.33651185035705566,7,96,67,1.4179105
13,0,2017,00:00:00.0340000,4,4,5,1002,1002,0,1002,3929,4931,1.0169660678642714,1.034690813240893,0,1,4,3,1
13,1,2323,00:00:00.0560000,3,6,12,2006,2009,0,2009,8395,10404,1.0483549351944168,1.102687668476541,0.039238717406988144,1,3,2,1
13,2,2635,00:00:00.0790000,6,9,20,4000,4006,0,4006,17184,21190,1.117,1.2686935295804076,0.076184943318367,2,6,4,1.25
13,3,2905,00:00:00.0850000,7,18,38,7985,8014,0,8014,32756,40770,1.2097683155917345,1.5261211269331094,0.10640641301870346,2,7,5,1.2
13,4,3159,00:00:00.0940000,8,32,62,15613,15690,358,16048,60563,76611,1.3795554986229424,2.0546291968000645,0.17993150651454926,3,8,5,1.4
13,5,3392,00:00:00.1070000,11,63,119,29576,29811,2229,32040,109235,141275,1.665066269948607,3.085539806009367,0.22164255380630493,4,11,7,1.4285715
13,6,3588,00:00:00.1250000,11,107,204,55312,56067,8135,64202,183626,247828,2.1697823257159388,4.860186644491513,0.26191696524620056,4,11,7,1.4285715
13,7,3745,00:00:00.1470000,13,187,344,103176,104767,23525,128292,289117,417409,2.784077692486625,5.637985935034767,0.13057483732700348,4,13,9,1.3333334
13,8,3881,00:00:00.1800000,12,306,570,190759,194357,61804,256161,447089,703250,3.3881704139778464,4.538580955060263,0.09630421549081802,4,12,8,1.375
13,9,4014,00:00:00.2360000,13,534,968,350535,358193,156232,514425,709796,1224221,3.871382315603292,3.4365320381658973,0.07592365145683289,4,13,9,1.3333334
13,10,4151,00:00:00.3400000,11,1005,1777,632006,649137,376543,1025680,1162201,2187881,4.228271567042085,2.7001647267025013,0.06492041796445847,5,11,6,1.6666666
13,11,4303,00:00:00.5540000,15,1749,3202,1129724,1163572,893179,2056751,1993006,4049757,4.486355959508694,2.2116041597668827,0.039376188069581985,5,15,10,1.4
13,12,4476,00:00:00.9510000,17,3237,6036,1966525,2045495,2061904,4107399,3545231,7652630,4.675494082200837,1.8563425788070764,0.03022410348057747,5,17,12,1.3333334
13,13,4678,00:00:01.7490000,20,6053,11773,3351904,3549101,4655930,8205031,6501945,14706976,4.825519764289192,1.6294168087318883,0.02668687142431736,6,21,15,1.3333334
13,14,4913,00:00:03.5420000,28,10973,22643,5596251,6078832,10310867,16389699,11959377,28349076,4.97389609579699,1.5755103581673355,0.040724486112594604,4,28,23,1.173913
13,15,5186,00:00:07.9610000,45,19954,43820,9343307,10495266,22348317,32843583,22091381,54934964,5.211957928814712,1.8862706262907347,0.06045548617839813,5,45,35,1.2571429
13,16,5486,00:00:23.4430000,64,36523,83923,15956199,18633521,46941740,65575261,39926232,105501493,5.760181857847223,3.528713280513819,0.12419987469911575,5,64,50,1.26
13,17,5789,00:00:57.7580000,65,68756,160091,28908355,34929613,96267721,131197334,68712604,199909938,6.733801421768897,6.887126437216167,0.381411612033844,5,65,48,1.3333334
13,18,6086,00:02:03.5460000,66,128254,301081,54204296,66013512,196153301,262166813,114019409,376186222,7.661279024821206,4.9777097708165075,0.2589973509311676,5,66,47,1.3829787
13,19,6394,00:04:12.2410000,70,238883,571154,97293854,122042482,402583796,524626278,189395749,714022027,8.344368052271832,5.157935595441738,0.21516810357570648,5,70,53,1.3018868
13,20,6719,00:08:28.6630000,89,447052,1090665,170458049,224724705,823940973,1048665678,314673039,1363338717,9.077624547961358,8.83689228255082,0.27377644181251526,5,89,65,1.3538462
14,0,2691,00:00:00.0780000,3,4,11,1000,1001,0,1001,4257,5258,1.396,1.9296748474281458,0,2,3,1,2
14,1,2904,00:00:00.0970000,5,7,17,2011,2013,0,2013,7347,9360,1.5350571854798607,2.114326541939254,0.01954936981201172,2,5,3,1.3333334
14,2,3088,00:00:00.1420000,5,7,20,3999,4003,0,4003,12594,16597,1.6701675418854713,2.123161278935136,0.025133822113275528,2,5,3,1.3333334
14,3,3268,00:00:00.1490000,5,13,30,7995,8022,0,8022,22887,30909,1.8416510318949344,2.111725224397118,0.03090979903936386,2,5,3,1.3333334
14,4,3436,00:00:00.1580000,7,27,49,15723,15800,285,16085,41543,57628,1.9802200597850284,2.1714045207179393,0.035737477242946625,2,7,5,1.2
14,5,3601,00:00:00.1690000,8,48,87,29928,30121,1972,32093,76489,108582,2.1212242715851377,2.292115471346307,0.04640001431107521,3,8,5,1.4
14,6,3769,00:00:00.1870000,11,85,161,55927,56398,7797,64195,141116,205311,2.287821624617805,2.563093996396031,0.05641207471489906,3,11,8,1.25
14,7,3942,00:00:00.2190000,11,153,299,101990,103375,24864,128239,258658,386897,2.4461221688400823,2.981202093744129,0.21599970757961273,3,11,7,1.4285715
14,8,4127,00:00:00.2760000,16,296,578,183537,186386,70309,256695,475217,731912,2.599170739414941,3.343836789559113,0.23437801003456116,3,16,12,1.25
14,9,4330,00:00:00.3920000,19,549,1096,324206,330942,182110,513052,877984,1391036,2.7550816456203773,3.5507552464903793,0.2668053209781647,4,19,14,1.2857143
14,10,4555,00:00:00.6670000,22,1022,2114,565255,582064,444829,1026893,1620446,2647339,2.9221625637986395,3.7151099727956334,0.28714701533317566,4,22,17,1.2352941
14,11,4805,00:00:01.1440000,26,1897,4047,974611,1016121,1036589,2052710,2982066,5034776,3.132269182268618,4.1826057453285586,0.3056262135505676,4,26,21,1.1904762
14,12,5080,00:00:02.0990000,28,3384,7608,1658619,1774712,2329751,4104463,5441450,9545913,3.424526669476233,5.339070886631175,0.30039864778518677,4,28,23,1.173913
14,13,5368,00:00:04.3510000,46,6196,14196,2900721,3158218,5045812,8204030,9622027,17826057,3.9239654554850327,7.768564420464471,0.27630871534347534,5,46,37,1.2162162
14,14,5649,00:00:10.0140000,50,11368,25963,5241732,5834442,10577514,16411956,16234766,32646722,4.778762821143851,10.487146398444557,0.28804275393486023,6,50,37,1.3243244
14,15,5900,00:00:20.0650000,55,20399,46294,9977724,11089582,21735350,32824932,25474756,58299688,5.834503239416123,8.417793213785815,0.2500181198120117,7,55,39,1.3846154
14,16,6143,00:00:37.7970000,47,37809,84222,18515994,20803334,44884875,65688209,39942359,105630568,6.651971155315778,5.377080560112566,0.22637642920017242,7,48,31,1.516129
14,17,6399,00:01:11.9760000,51,69879,156773,33001903,37677168,93480138,131157306,64447438,195604744,7.187852742916068,5.277693958495637,0.18935705721378326,7,52,36,1.4166666
14,18,6681,00:02:22,65,128882,296420,57323888,67516008,194988405,262504413,107671789,370176202,7.692901622444032,7.306464000211591,0.20284219086170197,7,66,49,1.3265306
14,19,6987,00:04:41.3530000,71,240349,566647,97984527,122735338,402624162,525359500,182669425,708028925,8.350667080323815,10.490950831022868,0.22771327197551727,8,72,53,1.3396226
14,20,7300,00:09:10.1950000,83,455087,1082574,176432781,233362862,816917812,1050280674,303075158,1353355832,9.406802973875926,16.450098231997412,0.4052976369857788,7,84,57,1.4561404
15,0,3945,00:00:00.1050000,2,2,3,1002,1002,0,1002,4386,5388,1.0119760479041917,1.024238894780773,0,1,2,1,1
15,1,4315,00:00:00.1270000,4,6,11,2010,2012,0,2012,9701,11713,1.0383084577114428,1.0799062388138243,0.010286086238920689,1,4,3,1
15,2,4611,00:00:00.1750000,3,6,15,4001,4004,0,4004,18260,22264,1.0577355661084729,1.1223687471938983,0.012218539603054523,1,3,2,1
15,3,4904,00:00:00.1860000,5,16,34,7979,8007,4,8011,34829,42840,1.1124201027697707,1.2528598551447223,0.03138413652777672,1,5,4,1
15,4,5208,00:00:00.2020000,7,30,63,15527,15623,434,16057,69039,85096,1.215302376505442,1.511354303386002,0.03801383450627327,2,7,5,1.2
15,5,5486,00:00:00.2240000,9,61,110,29336,29641,2417,32058,127346,159404,1.3705004090537223,1.910102031204983,0.060154952108860016,3,9,6,1.3333334
15,6,5747,00:00:00.2580000,11,114,223,54204,55007,9107,64114,227055,291169,1.6389196369271641,2.5567660342302583,0.09105799347162247,3,11,7,1.4285715
15,7,5975,00:00:00.3140000,15,202,395,99406,101224,27079,128303,380473,508776,2.060328350401384,3.625240980509248,0.12382591515779495,3,15,11,1.2727273
15,8,6174,00:00:00.3840000,16,337,675,181273,185550,71138,256688,611808,868496,2.5973862627087323,4.8876440322520995,0.15031522512435913,3,16,12,1.25
15,9,6356,00:00:00.5130000,16,606,1183,329144,338577,174827,513404,970507,1483911,3.096504873246968,4.712519608675368,0.17555266618728638,4,16,11,1.3636364
15,10,6538,00:00:00.7470000,15,1070,2095,588219,609489,415763,1025252,1568577,2593829,3.4754181690832837,3.6569119902316847,0.23882436752319336,4,15,10,1.4
15,11,6735,00:00:01.1130000,21,1937,3797,1037479,1079725,969784,2049509,2642438,4691947,3.739065561808962,2.944808634862696,0.20360948145389557,4,21,15,1.3333334
15,12,6959,00:00:01.8260000,25,3431,7068,1782385,1884892,2218940,4103832,4646573,8750405,3.9210237967666917,2.663344570439799,0.20043905079364777,4,25,19,1.2631578
15,13,7217,00:00:03.6010000,33,6256,13428,2992961,3252852,4954894,8207746,8414926,16622672,4.079910162544717,2.7947674215632774,0.2965993583202362,5,33,26,1.2307693
15,14,7513,00:00:08.8140000,57,11185,25543,4983262,5606005,10784836,16390841,15427654,31818495,4.310978230725175,3.7481699007616087,0.3334798514842987,4,57,44,1.2727273
15,15,7837,00:00:21.6640000,83,20484,48506,8311679,9814604,22980291,32794895,27554043,60348938,4.736133457512014,7.144363397608403,0.34295761585235596,5,84,60,1.3833333
15,16,8170,00:00:46.8720000,103,37047,90236,14466086,17775646,47766597,65542243,47247347,112789590,5.454517897930373,15.966865470784477,0.4730534553527832,5,104,72,1.4305556
15,17,8500,00:01:33.1010000,104,68336,167049,26637631,33426767,97771885,131198652,78549274,209747926,6.470679243210479,21.425985611751987,0.5646719932556152,6,105,70,1.4857143
15,18,8814,00:02:55.2790000,87,127871,310425,52018179,64705300,197934600,262639900,126313808,388953708,7.6187206976238055,14.466458790310137,0.6147307753562927,6,88,59,1.4745762
15,19,9118,00:05:21.5540000,68,239269,579716,99452920,124038512,401149549,525188061,200574165,725762226,8.584774705458623,7.589936399746215,0.350581556558609,5,69,52,1.3076923
15,20,9427,00:09:56.8210000,79,451463,1096226,183610566,233616395,817156910,1050773305,319787976,1370561281,9.381770284396378,7.794566895168501,0.2504291832447052,6,80,56,1.4107143
16,0,2487,00:00:00.0660000,1,2,6,1000,1001,0,1001,4456,5457,1,1,0,0,1,1,0
16,1,2848,00:00:00.0780000,3,4,9,2004,2006,0,2006,9610,11616,1.0119760479041917,1.024271809611579,0,1,3,2,1
16,2,3172,00:00:00.1100000,2,6,20,3999,4006,0,4006,19024,23030,1.0255063765941486,1.0523121234412802,0,1,2,1,1
16,3,3493,00:00:00.1170000,5,13,33,7989,8002,4,8006,37359,45365,1.0555764175741644,1.1184549403280817,0.02323037199676037,1,5,4,1
16,4,3825,00:00:00.1280000,6,31,72,15479,15574,440,16014,74564,90578,1.1211318560630532,1.2778163693726177,0.04940712824463844,1,6,5,1
16,5,4147,00:00:00.1460000,11,63,137,29170,29494,2551,32045,142792,174837,1.2236201576962633,1.5746629554763738,0.08095370978116989,1,11,10,1
16,6,4457,00:00:00.1790000,18,123,268,53615,54433,9662,64095,261173,325268,1.366408654294507,2.032505088448645,0.11683622747659683,2,18,15,1.1333333
16,7,4765,00:00:00.2380000,25,241,514,96361,98601,29750,128351,470229,598580,1.562582372536607,2.650711184347822,0.171764075756073,2,25,22,1.0909091
16,8,5065,00:00:00.3460000,33,381,903,170320,175556,80498,256054,820544,1076598,1.7826385627054955,3.071094421558913,0.22331705689430237,2,33,29,1.1034483
16,9,5374,00:00:00.5430000,39,654,1622,297696,311091,201821,512912,1431913,1944825,2.031481780070945,3.5238311015715578,0.2648262083530426,3,39,32,1.1875
16,10,5686,00:00:00.8790000,49,1167,2852,516558,547636,477617,1025253,2462464,3487717,2.309593501600982,4.609207307502581,0.2983529269695282,3,49,40,1.2
16,11,6005,00:00:01.4440000,65,2054,5084,894372,958859,1089370,2048229,4195041,6243270,2.6386962024750327,7.254567948848995,0.3368155360221863,3,65,52,1.2307693
16,12,6335,00:00:02.4480000,74,3718,9164,1540470,1688092,2411299,4099391,7133552,11232943,3.023931008068966,11.337100079937837,0.38031747937202454,4,74,58,1.2586207
16,13,6677,00:00:05.0940000,83,6608,16481,2651948,2983900,5221042,8204942,12100652,20305594,3.4619113949443956,14.544952144896717,0.4101760685443878,4,83,66,1.2424242
16,14,7026,00:00:13.1380000,81,11679,29526,4551382,5315706,11069452,16385158,20323083,36708241,4.0053821015243285,16.140323023191545,0.433700829744339,5,82,61,1.3278688
16,15,7370,00:00:27.8960000,90,20944,53098,8266613,9768153,23063703,32831856,33265814,66097670,4.848352039704774,19.058580733090626,0.3920133709907532,7,91,62,1.451613
16,16,7664,00:00:50.3470000,73,38093,93189,16496046,19392656,46295164,65687820,50552053,116239873,6.329446826227327,6.810170470495089,0.2786799371242523,7,74,51,1.4313725
16,17,7920,00:01:24.3360000,53,70320,165106,33085118,38192866,93076667,131269533,74919969,206189502,7.475387423433098,2.4998354485734886,0.1701807826757431,6,54,37,1.4324324
16,18,8183,00:02:26.4340000,48,129535,302267,60290253,70226250,192152270,262378520,115258403,377636923,8.024103315671939,2.099836671261903,0.11003942042589188,6,49,33,1.4545455
16,19,8475,00:04:31.8270000,58,239826,569335,102093806,125484009,399832914,525316923,186801397,712118320,8.447387905197695,2.9167733952634145,0.08819667249917984,6,59,43,1.3488373
16,20,8793,00:08:50.7100000,84,449870,1087780,172951529,227973947,822489880,1050463827,309535704,1359999531,9.116563843734507,7.10528044197521,0.1628158837556839,5,85,60,1.4
17,0,2412,00:00:00.0360000,3,3,8,1004,1004,0,1004,4736,5740,1.0209163346613546,1.0429312696519653,0,1,3,2,1
17,1,2702,00:00:00.0570000,3,8,17,2000,2006,0,2006,8984,10990,1.0495,1.1053014969441737,0.03908262029290199,1,3,2,1
17,2,3057,00:00:00.0810000,4,8,25,3999,4010,0,4010,18851,22861,1.1382845711427858,1.3264493285668073,0.08129048347473145,1,4,3,1
17,3,3340,00:00:00.0880000,5,13,40,8004,8027,2,8029,35095,43124,1.228135932033983,1.5974333064066562,0.1138356477022171,1,5,4,1
17,4,3597,00:00:00.0960000,6,32,75,15537,15622,404,16026,63954,79980,1.3545729548818948,2.0448159989203742,0.16360659897327423,1,6,5,1
17,5,3835,00:00:00.1100000,8,57,128,29468,29709,2306,32015,114026,146041,1.489853400298629,2.5206069150277925,0.1997343897819519,1,8,7,1
17,6,4084,00:00:00.1330000,11,102,226,54407,54991,9047,64038,209558,273596,1.6248460676015954,2.7593162035678875,0.2322491854429245,2,11,9,1.1111112
17,7,4342,00:00:00.1740000,14,194,426,97791,99577,28567,128144,384752,512896,1.7525641418944484,2.6164331825046236,0.2686599791049957,2,14,11,1.1818181
17,8,4618,00:00:00.2620000,20,360,819,172909,177540,79143,256683,707423,964106,1.8668953033098334,2.4512553103094725,0.30976277589797974,2,20,15,1.2666667
17,9,4919,00:00:00.4540000,31,650,1511,299063,310043,202316,512359,1304200,1816559,1.9838495567823502,2.4204771143536212,0.32012274861335754,2,31,25,1.2
17,10,5255,00:00:00.8060000,43,1142,2745,509215,539058,485583,1024641,2414885,3439526,2.1382421963217895,2.781471585305573,0.347342312335968,3,43,35,1.2
17,11,5610,00:00:01.4340000,61,2146,5155,864742,937427,1110717,2048144,4344945,6393089,2.417459774129162,4.3373401404963134,0.3927069306373596,3,61,50,1.2
17,12,5970,00:00:02.5520000,78,3789,9433,1484254,1657446,2446409,4103855,7539386,11643241,2.864883638514702,8.520893088396335,0.4540146291255951,4,78,59,1.3050847
17,13,6321,00:00:04.7560000,93,6690,16905,2595317,2965379,5229198,8194577,12622653,20817230,3.439627220875138,8.909827553748183,0.44396910071372986,5,93,67,1.3731344
17,14,6668,00:00:11.6780000,93,11650,29883,4544397,5342804,11041717,16384521,20790112,37174633,4.067180530222162,7.852814659728061,0.3827536702156067,5,94,64,1.453125
17,15,7009,00:00:26.1070000,91,20748,53116,8124478,9727762,23068210,32795972,33623375,66419347,4.81249564587411,10.094908874053523,0.3500775098800659,5,92,65,1.4
17,16,7335,00:00:50.8310000,87,37572,94756,14875828,18036431,47535600,65572031,52881970,118454001,5.6391130631518465,8.839946243257275,0.25485771894454956,6,88,62,1.4032258
17,17,7659,00:01:34.6490000,87,68420,171782,27325962,33540599,97705550,131246149,83685651,214931800,6.435415594883723,8.840054168103881,0.23151527345180511,6,88,66,1.3181819
17,18,7991,00:02:55.9120000,81,125698,317086,48572968,61807245,200762582,262569827,134344907,396914734,7.150789612032767,12.355471382444662,0.21245600283145905,7,82,62,1.3064516
17,19,8332,00:05:29.6020000,95,234803,593710,88065084,115264357,409259534,524523891,217519457,742043348,8.017785505093029,19.821797198980743,0.2752828896045685,6,96,72,1.3194444
17,20,8669,00:10:11.4130000,92,445147,1117426,165369238,222545265,826083683,1048628948,347395250,1396024198,9.145596075129765,14.771728122664689,0.2773450016975403,7,93,65,1.4153847
18,0,2523,00:00:00.0380000,2,3,6,1000,1001,0,1001,5827,6828,1.003,1.0060180420147287,0,1,2,1,1
18,1,2851,00:00:00.0510000,3,3,11,2004,2004,0,2004,10663,12667,1.0114770459081837,1.02325710887155,0,1,3,2,1
18,2,3185,00:00:00.0830000,3,4,14,3999,4002,0,4002,20202,24204,1.021255313828457,1.0436176290841137,0.010282129049301147,1,3,2,1
18,3,3519,00:00:00.0890000,3,17,35,7964,8003,7,8010,39824,47834,1.053741838272225,1.1150053017824426,0.053521424531936646,1,3,2,1
18,4,3832,00:00:00.0990000,10,29,72,15529,15603,421,16024,74308,90332,1.101551935089188,1.2298715324969807,0.054497357457876205,2,10,8,1.125
18,5,4146,00:00:00.1160000,15,52,131,29319,29431,2598,32029,140957,172986,1.2012346942255876,1.5085907737480977,0.0968146026134491,2,15,12,1.1666666
18,6,4454,00:00:00.1450000,16,100,241,53897,54536,9521,64057,258238,322295,1.3648069465832977,2.10125780014561,0.17012950778007507,2,16,13,1.1538461
18,7,4752,00:00:00.1970000,23,212,477,97251,98665,29500,128165,459548,587713,1.621854788125572,3.2703387461561464,0.24370059370994568,3,23,18,1.2222222
18,8,5026,00:00:00.2880000,26,356,840,174091,178216,78045,256261,777336,1033597,1.9837785985490346,5.0805413111459625,0.322879821062088,3,26,20,1.25
18,9,5274,00:00:00.4410000,26,609,1453,311754,322643,190687,513330,1264098,1777428,2.478733231971362,7.051999050823905,0.372152715921402,3,26,20,1.25
18,10,5504,00:00:00.6630000,30,1072,2452,560542,582906,443136,1026042,2018453,3044495,3.003691070428264,6.373616759867195,0.3816068172454834,4,30,23,1.2608696
18,11,5732,00:00:01.0160000,30,1887,4224,991941,1042998,1008047,2051045,3256845,5307890,3.430760498860315,4.3905290159708645,0.353954941034317,4,30,21,1.3809524
18,12,5974,00:00:01.6350000,33,3419,7634,1732747,1842309,2258733,4101042,5417092,9518134,3.76600450036849,3.393939138404913,0.28563961386680603,4,33,23,1.3913044
18,13,6241,00:00:03.0610000,41,6262,14132,2978477,3219486,4982685,8202171,9309057,17511228,4.0449209444961305,3.324622002622076,0.289407342672348,4,41,31,1.2903225
18,14,6536,00:00:08.1290000,49,11307,26426,5051606,5644004,10758820,16402824,16286950,32689774,4.403980239155627,4.472135077550902,0.2822205424308777,5,50,36,1.3611112
18,15,6843,00:00:19.7920000,58,20632,48676,8650800,10060443,22724697,32785140,27707857,60492997,4.97797822166736,7.82254570168574,0.40750953555107117,6,59,41,1.4146341
18,16,7152,00:00:41.7380000,70,37194,89281,15514163,18486121,47090581,65576702,46000956,111577658,5.76346593754365,10.46729995488829,0.3838225305080414,6,71,49,1.4285715
18,17,7458,00:01:21.5940000,73,68517,164813,28764673,34773772,96576512,131350284,75091209,206441493,6.718406811021283,11.748794646796162,0.2975061237812042,7,74,53,1.3773584
18,18,7754,00:02:31.9750000,71,128323,305858,54730698,66583436,195841587,262425023,120199981,382625004,7.7495201139221725,10.413390633997853,0.31572988629341125,6,72,49,1.4489796
18,19,8045,00:04:38.1400000,72,241673,573244,103480187,127527055,397808938,525335993,191133714,716469707,8.730659541618339,9.61212891692425,0.3902883231639862,5,73,53,1.3584906
18,20,8341,00:08:36.3510000,82,455528,1084932,188953385,239900773,810979961,1050880734,305502005,1356382739,9.544839183484328,7.410803074326738,0.33102354407310486,5,83,57,1.4385965
1,0,2674,00:00:00.0490000,3,6,11,1009,1012,0,1012,5920,6932,1.00396432111001,1.0079680237292423,0,1,3,2,1
1,1,3006,00:00:00.0700000,5,7,15,1998,2001,0,2001,10545,12546,1.013013013013013,1.0264896652384194,0,1,5,4,1
1,2,3338,00:00:00.0920000,5,9,22,4000,4006,0,4006,20193,24199,1.026,1.0538446590677373,0.016475509852170944,1,5,4,1
1,3,3669,00:00:00.0990000,6,12,35,7982,8003,4,8007,39332,47339,1.0615134051616135,1.1338806350658792,0.050624407827854156,1,6,5,1
1,4,3966,00:00:00.1080000,9,37,72,15520,15604,405,16009,72245,88254,1.1227448453608246,1.2933303850713467,0.09503196179866791,1,9,8,1
1,5,4282,00:00:00.1260000,10,54,125,29278,29500,2506,32006,138884,170890,1.2230343602705103,1.6237131709844832,0.1645468771457672,1,10,9,1
1,6,4589,00:00:00.1530000,12,100,232,53872,54521,9624,64145,256422,320567,1.3657373032373032,2.287945726166513,0.25893092155456543,2,12,10,1.1
1,7,4889,00:00:00.2010000,17,192,443,96709,98422,29671,128093,459406,587499,1.5433413642990828,3.5180582619117753,0.3426133096218109,2,17,15,1.0666667
1,8,5199,00:00:00.2980000,23,349,822,170639,175326,80716,256042,820588,1076630,1.7464647589355307,5.0537843840658025,0.42945411801338196,3,23,18,1.2222222
1,9,5509,00:00:00.4900000,32,674,1557,298965,310246,202204,512450,1431333,1943783,2.012248925459502,6.666860091089921,0.46288782358169556,3,32,23,1.3478261
1,10,5812,00:00:00.8040000,40,1179,2785,527128,553834,472480,1026314,2425944,3452258,2.4406538829278657,8.480446789363706,0.4702741801738739,4,40,27,1.4444444
1,11,6090,00:00:01.2930000,47,2019,4802,940942,997277,1051129,2048406,3927518,5975924,3.032904259773716,6.26525539322975,0.41052016615867615,4,47,33,1.3939394
1,12,6358,00:00:02.0350000,47,3527,8391,1679776,1801462,2304339,4105801,6311687,10417488,3.602015983083459,3.78435938710355,0.34697356820106506,5,47,31,1.483871
1,13,6629,00:00:03.3850000,49,6243,14683,2955106,3212129,4982478,8194607,10253443,18448050,4.082255594215571,3.473239697535184,0.30455079674720764,5,49,34,1.4117647
1,14,6914,00:00:05.9890000,50,11307,26708,5141674,5729134,10660691,16389825,16987347,33377172,4.5694888474065065,4.890291140054404,0.34670743346214294,5,51,34,1.4705882
1,15,7208,00:00:13.0650000,58,20430,48633,8988856,10247567,22593886,32841453,27891733,60733186,5.124034248629637,7.613121002217671,0.43396833539009094,5,59,43,1.3488373
1,16,7514,00:00:32.6070000,64,37047,89294,15638081,18439919,47143763,65583682,46066190,111649872,5.690016185489767,7.685415987532947,0.38911545276641846,5,65,49,1.3061224
1,17,7839,00:01:11.0680000,77,68043,166762,26884354,33242388,97951676,131194064,77031046,208225110,6.277004015049051,8.829390135842452,0.38367652893066406,5,78,54,1.425926
1,18,8184,00:02:27.2300000,96,125556,313607,46196818,60266510,202218405,262484915,129646261,392131176,6.912923937748267,15.232945609075552,0.3967065215110779,5,97,66,1.4545455
1,19,8546,00:04:58.7890000,103,232853,593659,78109552,110657863,414071440,524729303,217964526,742693829,7.669026830418897,23.673470858925544,0.3881077468395233,6,104,69,1.4927536
1,20,8918,00:09:58.2570000,123,437780,1129545,139735147,207566456,841525923,1049092379,362013121,1411105500,8.574197470876815,34.48853085116345,0.5073021650314331,6,124,79,1.556962
19,0,2858,00:00:00.0600000,3,3,7,1006,1006,0,1006,5923,6929,1.0457256461232605,1.0965278517328059,0.03450396656990051,1,3,2,1
19,1,3127,00:00:00.0810000,3,5,11,2002,2005,0,2005,9680,11685,1.1048951048951048,1.2331402056485272,0.03509107232093811,1,3,2,1
19,2,3450,00:00:00.1050000,7,12,28,3992,4003,0,4003,19161,23164,1.188627254509018,1.443291386908885,0.0424223393201828,2,7,5,1.2
19,3,3697,00:00:00.1110000,7,15,37,7992,8021,0,8021,33183,41204,1.3464714714714714,1.860746819983233,0.06855110824108124,2,7,5,1.2
19,4,3927,00:00:00.1200000,9,31,68,15604,15676,347,16023,58661,74684,1.5431940528069725,2.366072163158757,0.08656429499387741,2,9,7,1.1428572
19,5,4136,00:00:00.1310000,12,51,112,29702,29872,2140,32012,102938,134950,1.7488047942899467,2.7943118057962857,0.10147910565137863,2,12,10,1.1
19,6,4340,00:00:00.1490000,13,94,212,55250,55738,8404,64142,181131,245273,1.9891764705882353,3.121502043714822,0.11601278930902481,3,13,10,1.2
19,7,4536,00:00:00.1790000,13,192,379,100986,102391,25954,128345,313224,441569,2.2258926979977423,3.250168943125955,0.127816304564476,3,13,10,1.2
19,8,4736,00:00:00.2350000,14,341,677,181209,184897,71806,256703,546030,802733,2.453023856430972,3.0794624581137486,0.12763680517673492,3,14,11,1.1818181
19,9,4948,00:00:00.3460000,16,623,1274,319514,329419,183894,513313,965475,1478788,2.6690285871667596,2.8143194898984154,0.12382592260837555,4,16,12,1.25
19,10,5177,00:00:00.5630000,26,1103,2288,558075,580458,445531,1025989,1720254,2746243,2.913348564261076,2.6898773877185773,0.11902312934398651,4,26,20,1.25
19,11,5421,00:00:00.9550000,31,1992,4251,968594,1023314,1026725,2050039,3045431,5095470,3.2044695713580715,3.00286823401064,0.12354603409767151,4,31,23,1.3043479
19,12,5680,00:00:01.6350000,41,3546,7716,1682321,1808662,2287367,4096029,5354512,9450541,3.6144297075290623,4.167497768753126,0.13008928298950195,5,41,29,1.3793104
19,13,5947,00:00:03.0930000,44,6371,14278,2941547,3244533,4965797,8210330,9232398,17442728,4.131005895877237,6.247798843371542,0.2159356325864792,4,44,33,1.3030303
19,14,6222,00:00:07.9560000,61,11408,25992,5196142,5811493,10588203,16399696,15736956,32136652,4.676935310851782,8.153826231241062,0.2380111813545227,6,61,45,1.3333334
19,15,6503,00:00:18.2020000,70,20496,47387,9146087,10434876,22370869,32805745,26120788,58926533,5.2743860844533845,10.748039481071803,0.23943069577217102,7,70,52,1.3269231
19,16,6783,00:00:37.3050000,70,37238,86736,16845334,19547765,46090858,65638623,42705663,108344286,6.239091786485207,11.777208102127506,0.24627484381198883,7,71,53,1.3207548
19,17,7043,00:01:09.6040000,69,69936,159478,32813997,38007170,93165692,131172862,67416146,198589008,7.410333462272213,5.494588666001535,0.1450919508934021,9,70,52,1.3269231
19,18,7295,00:02:06.2390000,58,130776,294873,62468465,72895713,189685711,262581424,105949597,368531021,8.39587774407455,5.025506074585195,0.09845844656229019,8,59,44,1.3181819
19,19,7548,00:03:50.3710000,55,247256,553539,117416847,138318232,386349844,524668076,167397566,692065642,9.310585260392829,7.031200050370378,0.09494489431381226,8,56,43,1.2790698
19,20,7804,00:07:05.1730000,53,470508,1051726,218616912,264080864,784726236,1048807100,266370540,1315177640,10.275838609411883,5.340686333594035,0.12390182912349701,8,54,38,1.3947369
20,0,2302,00:00:00.0470000,1,2,5,1001,1002,0,1002,5658,6660,1,1,0,0,1,1,0
20,1,2686,00:00:00.0590000,4,7,11,2006,2010,0,2010,11147,13157,1.0084745762711864,1.0171375262751388,0,1,4,3,1
20,2,3012,00:00:00.0910000,5,7,17,4006,4010,0,4010,20422,24432,1.0152271592611084,1.0310900026008316,0,1,5,4,1
20,3,3334,00:00:00.0980000,8,20,38,7975,8003,10,8013,39402,47415,1.0275862068965518,1.0573491539685405,0.023582376539707184,1,8,7,1
20,4,3694,00:00:00.1110000,12,34,77,15495,15583,438,16021,79657,95678,1.0711197160374315,1.1573235262495387,0.05347098410129547,1,12,11,1
20,5,4023,00:00:00.1310000,15,69,147,29105,29488,2514,32002,148972,180974,1.1624806734238105,1.3996383069570764,0.11384835094213486,2,15,13,1.0769231
20,6,4350,00:00:00.1670000,23,126,280,53585,54463,9698,64161,274675,338836,1.3233927405057386,1.9482360011170061,0.19384168088436127,2,23,19,1.1578947
20,7,4659,00:00:00.2270000,33,211,493,96499,98547,29558,128105,483422,611527,1.582026756753956,3.324049037367058,0.291250079870224,3,33,27,1.1851852
20,8,4941,00:00:00.3220000,40,352,845,172536,177486,78675,256161,812106,1068267,1.918005517689062,5.656104846741696,0.2927205264568329,4,40,31,1.2580645
20,9,5207,00:00:00.4890000,44,650,1497,306998,318708,194154,512862,1335246,1848108,2.3071029778695626,6.5234038121312405,0.28598904609680176,4,44,33,1.3030303
20,10,5463,00:00:00.7430000,42,1125,2567,543297,570655,454858,1025513,2175348,3200861,2.790784782540673,5.834192827002055,0.24478432536125183,4,42,31,1.3225807
20,11,5703,00:00:01.1390000,37,2082,4495,973186,1036117,1017848,2053965,3475210,5529175,3.403703916825766,5.742056074736199,0.20360685884952545,5,37,27,1.3333334
20,12,5931,00:00:01.7530000,40,3690,7848,1765234,1881755,2214547,4096302,5506601,9602903,4.0309658662817505,4.2711964067643295,0.15052096545696259,5,40,30,1.3
20,13,6163,00:00:02.8610000,37,6330,13796,3145952,3394934,4800523,8195457,8880870,17076327,4.546465426045915,2.7380466511029176,0.16462743282318115,6,37,26,1.3846154
20,14,6412,00:00:05.1320000,41,11490,25179,5481835,5991372,10401459,16392831,14706631,31099462,4.909317774066531,2.299792510740055,0.14028111100196838,6,42,29,1.4137931
20,15,6685,00:00:11.3980000,52,20528,46449,9342517,10521454,22322861,32844315,24815702,57660017,5.267013268480004,2.7090530875126886,0.12230142205953598,6,53,36,1.4444444
20,16,6980,00:00:29.7330000,69,37181,86731,16101384,18794481,46803974,65598455,42351237,107949692,5.81932137013812,5.237298200729877,0.1321045458316803,6,70,51,1.3529412
20,17,7282,00:01:05.9260000,81,68992,162313,28903636,34908173,96339493,131247666,71075466,202323132,6.68525551594962,13.766084825690795,0.21432209014892578,6,82,60,1.35
20,18,7581,00:02:12.6420000,92,128037,303436,53456935,65871519,196381246,262252765,116678942,378931707,7.623722478664368,17.78952391290053,0.3099398612976074,6,93,63,1.4603175
20,19,7885,00:04:19.0700000,91,240723,573385,97557225,123671411,401230144,524901555,191013717,715915272,8.49224605353422,18.034502289289062,0.3398670554161072,5,92,64,1.421875
20,20,8195,00:08:18.9830000,91,452833,1088599,176618406,233053952,816005885,1049059837,310399651,1359459488,9.39375633364056,21.819929473438794,0.44686898589134216,5,91,62,1.451613
21,0,2817,00:00:00.0430000,2,2,5,1005,1005,0,1005,4865,5870,1.118407960199005,1.2638630594925084,0,1,2,1,1
21,1,3142,00:00:00.0560000,4,4,8,2002,2002,0,2002,9433,11435,1.2692307692307692,1.6290911189057868,0.016766555607318878,2,4,2,1.5
21,2,3409,00:00:00.0700000,4,8,14,4006,4011,0,4011,17048,21059,1.4777833250124812,2.146128507072232,0.05128155276179314,2,4,2,1.5
21,3,3627,00:00:00.0910000,5,17,28,7980,8004,0,8004,29456,37460,1.700501253132832,2.550245119928685,0.07441878318786621,3,5,2,2
21,4,3806,00:00:00.0970000,5,40,63,15592,15706,326,16032,49605,65637,1.9373396613648024,2.7056270956216406,0.060974735766649246,3,5,2,2
21,5,3967,00:00:00.1060000,7,55,102,29918,30212,1928,32140,83437,115577,2.155926198275286,2.8536533692198867,0.03931049257516861,3,7,4,1.5
21,6,4120,00:00:00.1190000,12,96,199,56091,56565,7485,64050,142121,206171,2.388921573871031,2.878295488123616,0.05683336406946182,4,12,8,1.375
21,7,4278,00:00:00.1410000,13,162,342,103163,104523,23902,128425,248742,377167,2.6302841134903017,2.864953111455961,0.04922613129019737,4,13,9,1.3333334
21,8,4442,00:00:00.1810000,16,319,616,186553,189859,67042,256901,440322,697223,2.877879208589516,2.855933833381922,0.04390576481819153,4,16,12,1.25
21,9,4616,00:00:00.2580000,21,566,1101,333794,340887,172434,513321,784346,1297667,3.1302150428108355,2.9532330484130487,0.043250586837530136,4,21,17,1.1764706
21,10,4802,00:00:00.4170000,22,1012,1958,588923,607388,419151,1026539,1396574,2423113,3.4068036059043374,3.130070728142075,0.04113362357020378,5,22,17,1.2352941
21,11,5003,00:00:00.6940000,26,1816,3586,1035884,1078552,976027,2054579,2492412,4546991,3.7158320815844244,3.356288875173937,0.043518830090761185,6,26,18,1.3888888
21,12,5219,00:00:01.1890000,28,3390,6757,1810603,1908468,2191188,4099656,4421068,8520724,4.095803994580811,3.6840099147641676,0.11389970034360886,5,28,21,1.2857143
21,13,5447,00:00:02.1510000,33,6248,12842,3205891,3420028,4776494,8196522,7735360,15931882,4.604592295870321,4.431281975557937,0.11221244931221008,6,33,24,1.3333334
21,14,5676,00:00:03.9440000,32,11294,23592,5748613,6240487,10169904,16410391,13042391,29452782,5.3028539231985174,5.640856511229897,0.11570072919130325,6,32,22,1.4090909
21,15,5902,00:00:07.1980000,32,20457,43394,10479932,11537978,21267592,32805570,21401112,54206682,6.072201040999121,5.488377693838648,0.11888124793767929,6,32,21,1.4761904
21,16,6134,00:00:16.5190000,36,37456,80494,18941138,21225714,44371028,65596742,35227870,100824612,6.761357897292127,4.709440033904475,0.11680435389280319,6,36,26,1.3461539
21,17,6377,00:00:41.5550000,44,69668,151254,34126418,38955485,92144843,131100328,58459622,189559950,7.459487339104855,5.607462435934698,0.2096663862466812,6,44,29,1.4827586
21,18,6633,00:01:33.3660000,54,131006,288171,61475868,71991840,190812403,262804243,97691959,360496202,8.177538786438932,7.350425629629293,0.21456502377986908,6,54,38,1.3947369
21,19,6903,00:03:17.1910000,65,244618,550381,108187104,132029722,393098831,525128553,163490725,688619278,8.851877207102245,7.8357432603463035,0.248686745762825,6,65,47,1.3617021
21,20,7193,00:06:50.7870000,79,459792,1059844,186550749,241516685,807763350,1049280035,275597887,1324877922,9.5206466257608,10.847698830600342,0.497826486825943,6,79,54,1.4444444
22,0,2845,00:00:00.0370000,1,1,3,1004,1004,0,1004,4994,5998,1,1,0,0,1,1,0
22,1,3132,00:00:00.0480000,2,6,9,2000,2006,0,2006,8981,10987,1.009,1.0181619801447137,0,1,2,1,1
22,2,3486,00:00:00.0700000,5,7,18,4006,4008,0,4008,18844,22852,1.0242136794807788,1.0498450058115776,0.01134991180151701,1,5,4,1
22,3,3832,00:00:00.0870000,7,18,40,7976,7997,5,8002,39031,47033,1.049899699097292,1.1060947633422726,0.025972383096814156,1,7,6,1
22,4,4161,00:00:00.0980000,7,31,75,15498,15576,433,16009,75887,91896,1.1048522389985804,1.23824260336568,0.05528181791305542,1,7,6,1
22,5,4473,00:00:00.1160000,10,56,146,29289,29504,2537,32041,141535,173576,1.2064597630509748,1.5292520766709805,0.09583048522472382,1,10,9,1
22,6,4791,00:00:00.1470000,14,98,265,53589,54321,9716,64037,262726,326763,1.351359420776652,2.024208913407393,0.1466621607542038,2,14,12,1.0833334
22,7,5103,00:00:00.2020000,21,188,483,96189,98205,29957,128162,474715,602877,1.5439499319048955,2.724472512935077,0.19845330715179443,2,21,18,1.1111112
22,8,5405,00:00:00.3000000,32,360,879,171325,175853,80520,256373,826559,1082932,1.7722807529549103,3.320931644594732,0.24002410471439362,2,32,27,1.1481482
22,9,5712,00:00:00.4900000,39,638,1536,299269,310665,201495,512160,1432211,1944371,2.0123200197815345,3.8017284551488135,0.26729026436805725,3,39,32,1.1875
22,10,6028,00:00:00.8200000,47,1180,2841,515390,545813,479261,1025074,2476342,3501416,2.2825452569898523,4.760975792917824,0.2899866998195648,3,47,37,1.2432432
22,11,6353,00:00:01.3900000,61,2051,5106,886025,955509,1094025,2049534,4240870,6290404,2.5923004429897576,6.255194621955807,0.3126269578933716,4,61,47,1.2765957
22,12,6693,00:00:02.4120000,73,3647,9066,1517355,1672920,2425135,4098055,7267221,11365276,2.940841134737751,8.066889154604581,0.3308020830154419,4,73,56,1.2857143
22,13,7047,00:00:04.3480000,81,6509,16494,2601014,2951921,5255856,8207777,12409502,20617279,3.3778453326279676,11.328498932994538,0.3463306427001953,4,81,60,1.3333334
22,14,7407,00:00:07.9810000,87,11773,30122,4488386,5260465,11131076,16391541,20886711,37278252,3.930791157445015,14.19141998629064,0.33956602215766907,5,88,61,1.4262295
22,15,7769,00:00:16.8060000,87,21010,54370,7850168,9502500,23286353,32788853,34643718,67432571,4.585520590132593,10.254037918812463,0.31013014912605286,7,88,61,1.4262295
22,16,8113,00:00:39.7980000,89,37678,96562,14249735,17652965,47894015,65546980,54887790,120434770,5.514108016745575,9.877298076616997,0.30255457758903503,7,90,61,1.4590164
22,17,8422,00:01:18.7280000,79,69329,172172,28778331,35151142,96049835,131200977,84063532,215264509,6.956864836949718,9.13638574424449,0.17632628977298737,7,80,57,1.3859649
22,18,8691,00:02:19.5790000,65,130534,309990,60123280,70759097,191512614,262271711,124983155,387254866,8.3162237156722,10.429416895012688,0.12157462537288666,8,66,46,1.4130435
22,19,8951,00:04:05.8800000,55,245661,570005,115447881,135939830,388892596,524832426,188188631,713021057,9.183498742605765,10.407434260697672,0.17947593331336975,6,56,40,1.375
22,20,9224,00:07:33.2760000,62,462197,1074767,205957307,251460025,798035754,1049495779,293932928,1343428707,9.838572267795286,9.641032352829617,0.22414273023605347,6,63,46,1.3478261
23,0,3427,00:00:00.2000000,2,3,7,1004,1005,0,1005,4956,5961,1.0079681274900398,1.0160632211905116,0,1,2,1,1
23,1,3851,00:00:00.2400000,3,5,11,2000,2003,0,2003,11023,13026,1.0385,1.0803785676647257,0.015368124470114708,1,3,2,1
23,2,4156,00:00:00.3180000,4,11,18,3986,4001,0,4001,19979,23980,1.094079277471149,1.2063513726072428,0.014757213182747364,1,4,3,1
23,3,4446,00:00:00.3400000,6,17,37,7969,8005,1,8006,36441,44447,1.1783159744008032,1.422593866053887,0.035817235708236694,1,6,5,1
23,4,4716,00:00:00.3660000,11,31,59,15553,15635,416,16051,66788,82839,1.2811033241175336,1.7053353749643414,0.0584271140396595,2,11,9,1.1111112
23,5,4981,00:00:00.4070000,12,63,126,29404,29683,2339,32022,122525,154547,1.446843966807237,2.1398029725007826,0.0775328129529953,2,12,10,1.1
23,6,5226,00:00:00.5010000,17,116,246,54429,55178,8943,64121,215911,280032,1.6467691855444708,2.5691879683808088,0.10058320313692093,2,17,15,1.0666667
23,7,5470,00:00:00.6090000,24,194,436,98887,100311,27911,128222,380989,509211,1.8860214183866433,3.0086272926185322,0.12529383599758148,3,24,21,1.0952381
23,8,5712,00:00:00.7810000,26,342,749,176597,180384,75750,256134,662709,918843,2.1401212931136997,3.5869161417622015,0.1547934114933014,3,26,21,1.1904762
23,9,5957,00:00:00.9950000,29,624,1312,312265,322145,190777,512922,1145817,1658739,2.4010503898931996,4.487115409375502,0.18711437284946442,3,29,23,1.2173913
23,10,6213,00:00:01.2950000,33,1151,2428,539830,566762,457367,1024129,1988810,3012939,2.6723950132449104,5.734015861608867,0.2171357423067093,4,33,26,1.2307693
23,11,6483,00:00:01.8420000,40,1985,4375,934793,997986,1052500,2050486,3455626,5506112,2.994403038961567,7.38841357015793,0.24294471740722656,5,40,31,1.2580645
23,12,6761,00:00:02.8570000,51,3551,8004,1633287,1781116,2323548,4104664,5930895,10035559,3.4797748344289765,10.423607792883542,0.265982449054718,5,51,37,1.3513514
23,13,7025,00:00:04.9510000,68,6220,14149,3002025,3279668,4929898,8209566,9751142,17960708,4.312618982187024,10.83142807618681,0.24150094389915466,6,68,48,1.3958334
23,14,7269,00:00:09.9590000,60,11363,25266,5555023,6116942,10314092,16431034,15433439,31864473,5.175867138623908,4.887692529320103,0.2481643557548523,5,60,43,1.3720931
23,15,7510,00:00:19.4600000,51,20288,45415,9976973,11137245,21655374,32792619,24364166,57156785,5.797421823232357,3.233819410452766,0.19385385513305664,6,51,34,1.4705882
23,16,7772,00:00:38.3620000,49,37035,84079,17404147,19863649,45744828,65608477,40001400,105609877,6.223142047697023,3.412941934412059,0.20631906390190125,5,50,33,1.4848485
23,17,8063,00:01:17.1990000,55,68073,158772,29279464,35091723,96075962,131167685,67815832,198983517,6.614752852033083,5.069096150070129,0.21792712807655334,6,56,39,1.4102564
23,18,8380,00:02:35.2090000,84,126493,301690,50225982,63404737,199030888,262435625,116250886,378686511,7.255442770636122,9.853334002974877,0.277416467666626,5,85,62,1.3548387
23,19,8695,00:05:00.0690000,88,239512,572164,92976768,122312721,401975805,524288526,192940217,717228743,8.48841158901114,8.559337010235886,0.23736950755119324,6,89,63,1.3968254
23,20,8994,00:09:25.5410000,90,458003,1084564,183353816,240656238,809528689,1050184927,307974544,1358159471,9.686967202253374,4.0272113214421,0.16679835319519043,8,91,64,1.40625
24,0,2720,00:00:00.0360000,4,4,5,1003,1003,0,1003,5696,6699,1.0199401794616152,1.0409570893217566,0,1,4,3,1
24,1,3100,00:00:00.0580000,5,7,11,2002,2005,0,2005,11077,13082,1.0564435564435564,1.1217971945629994,0.04388222470879555,1,5,4,1
24,2,3425,00:00:00.0820000,10,14,22,4005,4017,0,4017,20284,24301,1.1690387016229713,1.4258033518516973,0.10980779677629471,2,10,8,1.125
24,3,3683,00:00:00.0880000,13,24,39,7962,8002,0,8002,35453,43455,1.3031901532278323,1.9309112034265434,0.19108866155147552,2,13,10,1.2
24,4,3929,00:00:00.0980000,17,33,64,15646,15709,346,16055,63185,79240,1.4845327879330181,2.8558277067680766,0.2696496844291687,2,17,12,1.3333334
24,5,4155,00:00:00.1100000,18,55,105,29720,29924,2198,32122,111168,143290,1.6508748317631226,3.945835353424593,0.3328965902328491,2,18,13,1.3076923
24,6,4371,00:00:00.1280000,19,111,197,54951,55631,8547,64178,194139,258317,1.8305035395170242,5.154696546201443,0.39204996824264526,2,19,14,1.2857143
24,7,4587,00:00:00.1610000,27,208,388,100270,101571,26858,128429,340238,468667,2.030986336890396,6.368718296416085,0.4252813756465912,3,27,18,1.4444444
24,8,4813,00:00:00.2270000,30,354,703,178147,181589,74805,256394,605079,861473,2.259712484633477,7.443963129961965,0.44402623176574707,3,30,20,1.45
24,9,5046,00:00:00.3480000,30,616,1281,313960,323630,189149,512779,1065971,1578750,2.5055739584660466,8.100164144159274,0.4640660881996155,3,30,21,1.3809524
24,10,5291,00:00:00.5960000,38,1101,2346,550283,572141,453467,1025608,1873646,2899254,2.787289449247024,8.5209095279558,0.44978687167167664,4,38,25,1.48
24,11,5548,00:00:01.0210000,42,1953,4309,956361,1010500,1039496,2049996,3270677,5320673,3.11834547832879,9.317720203074286,0.44888412952423096,4,42,27,1.5185186
24,12,5817,00:00:01.7540000,51,3499,7962,1676532,1792267,2310233,4102500,5668310,9770810,3.532866059222252,11.262574254559949,0.4170895218849182,5,51,35,1.4285715
24,13,6093,00:00:03.2640000,54,6312,14483,2950273,3207044,5003135,8210179,9676791,17886970,4.05956126771997,13.620520213599256,0.39472898840904236,6,55,37,1.4594594
24,14,6371,00:00:08.4250000,52,11279,26248,5277036,5827078,10596864,16423942,16238110,32662052,4.738406560046208,14.292076229604422,0.34624969959259033,6,53,36,1.4444444
24,15,6640,00:00:18.6810000,47,20350,47240,9543792,10692659,22154516,32847175,26174718,59021893,5.493902109350246,9.822350702688317,0.2535327076911926,5,48,33,1.4242424
24,16,6912,00:00:37.7580000,46,37338,86459,17115905,19627678,46042674,65670352,42363140,108033492,6.168636247981045,4.838378356894945,0.20827442407608032,6,47,33,1.3939394
24,17,7195,00:01:14.0250000,59,68979,160474,30710868,36043838,95209208,131253046,69334850,200587896,6.929904358287756,3.5043155628957203,0.1683157980442047,7,60,43,1.3720931
24,18,7439,00:02:09.6720000,55,133685,294880,66514577,77195951,185323386,262519337,106155871,368675208,9.14607867084534,4.116552663658534,0.09758402407169342,7,56,43,1.2790698
24,19,7631,00:03:28.9250000,33,262877,543467,144537554,164505539,361254227,525759766,152634570,678394336,10.755225316736714,2.780917218364502,0.06609059870243073,6,34,25,1.32
24,20,7825,00:05:57.4800000,26,502067,1023498,273210393,313335580,737890967,1051226547,228092151,1279318698,11.461411257513912,3.2043459904400926,0.11219142377376556,5,26,17,1.4705882
25,0,3706,00:00:00.0460000,2,2,7,1002,1002,0,1002,5249,6251,1.001996007984032,1.0039999291840536,0,1,2,1,1
25,1,4070,00:00:00.0580000,1,2,8,2002,2003,0,2003,10226,12229,1,1,0,0,1,1,0
25,2,4432,00:00:00.0800000,2,5,12,4000,4005,0,4005,20489,24494,1.0035,1.0070244685552594,0,1,2,1,1
25,3,4784,00:00:00.0870000,4,15,30,7963,7994,8,8002,40759,48761,1.0140650508602285,1.0286362970910992,0.007356776390224695,1,4,3,1
25,4,5107,00:00:00.1050000,6,25,62,15507,15572,452,16024,76751,92775,1.0309537628167924,1.0645446705957053,0.023524073883891106,1,6,5,1
25,5,5465,00:00:00.1240000,10,55,135,29146,29387,2633,32020,152234,184254,1.0723255335208948,1.1600177834569632,0.05110874027013779,1,10,9,1
25,6,5829,00:00:00.1590000,16,118,265,53225,53969,10085,64054,291692,355746,1.176120244246125,1.4308948300154187,0.11069784313440323,2,16,13,1.1538461
25,7,6188,00:00:00.2270000,27,206,491,95341,97383,30664,128047,534227,662274,1.3743300363956745,2.137782580692967,0.19713234901428223,3,27,22,1.1818181
25,8,6520,00:00:00.3390000,37,387,947,170054,174939,81288,256227,919667,1175894,1.7260811271713692,4.115838288961088,0.29607364535331726,3,37,29,1.2413793
25,9,6810,00:00:00.5260000,44,643,1593,302809,314783,198387,513170,1489740,2002910,2.199875168835801,8.31080849185798,0.34181222319602966,4,44,34,1.2647059
25,10,7071,00:00:00.8060000,53,1145,2711,546032,569795,456898,1026693,2346499,3373192,2.7652701673162015,12.31640927130919,0.3389372229576111,4,53,38,1.3684211
25,11,7314,00:00:01.2220000,49,1922,4569,969966,1027538,1021592,2049130,3662699,5711829,3.312401671811177,11.640158360673105,0.3195483684539795,4,49,34,1.4117647
25,12,7558,00:00:01.8680000,53,3430,7903,1732773,1848638,2256857,4105495,5835918,9941413,3.81010149627216,10.310208825526386,0.2792685627937317,6,53,36,1.4444444
25,13,7811,00:00:03.3020000,54,6213,13996,3045064,3293877,4915038,8208915,9520345,17729260,4.287657336594568,9.961212133637016,0.2567844092845917,6,54,38,1.3947369
25,14,8074,00:00:08.1650000,55,11275,25589,5380309,5921908,10486966,16408874,15709768,32118642,4.859687241011622,10.332057151305158,0.24388566613197327,7,56,39,1.4102564
25,15,8331,00:00:17.6610000,61,20464,46262,9815308,10898206,21873104,32771310,25180639,57951949,5.654938489958746,6.763301763704491,0.2296247035264969,6,62,48,1.2708334
25,16,8586,00:00:34.8510000,56,37518,84757,18009657,20299362,45281691,65581053,40338658,105919711,6.472666469994404,3.3842787640993164,0.20252011716365814,6,56,42,1.3095238
25,17,8851,00:01:07.5580000,60,68949,157420,32548760,37207423,94137076,131344499,65663038,197007537,7.121736895660542,3.081960126745763,0.12969470024108887,7,61,42,1.4285715
25,18,9129,00:02:10.8140000,63,128868,296933,58055038,68611644,193926983,262538627,108195231,370733858,7.890052487778925,5.394426870419191,0.15013855695724487,7,64,49,1.2857143
25,19,9406,00:04:07.7240000,67,243337,559558,108626360,131570289,393147306,524717595,175516462,700234057,8.951354533098597,9.352050761364232,0.1715896874666214,6,68,49,1.3673469
25,20,9682,00:07:45.6890000,84,463596,1065716,206551538,251959032,799048499,1051007531,282165390,1333172921,9.91900009478506,8.343373732366187,0.3258652091026306,5,84,61,1.3606558
26,0,2796,00:00:00.0400000,2,3,6,1003,1004,0,1004,4422,5426,1.0279162512462612,1.0573885709049755,0,1,2,1,1
26,1,3092,00:00:00.0530000,3,5,11,1998,2001,0,2001,8635,10636,1.0595595595595595,1.1264495274608701,0.012482430785894394,1,3,2,1
26,2,3388,00:00:00.0840000,5,13,23,4000,4016,0,4016,17126,21142,1.1195,1.2718363854153465,0.04217250645160675,1,5,4,1
26,3,3658,00:00:00.0900000,6,18,39,7979,8018,2,8020,32653,40673,1.2308559969921042,1.5774134179201085,0.08185668289661407,2,6,4,1.25
26,4,3915,00:00:00.0990000,8,32,72,15518,15605,408,16013,61786,77799,1.3681531125144992,1.9870078387382373,0.10849381238222122,2,8,6,1.1666666
26,5,4163,00:00:00.1130000,9,59,125,29415,29736,2290,32026,113923,145949,1.5128675845656978,2.3344968022347037,0.1449243277311325,2,9,7,1.1428572
26,6,4402,00:00:00.1360000,13,109,230,54525,55248,8873,64121,205200,269321,1.665382851902797,2.4744591069808064,0.16920889914035797,2,13,10,1.2
26,7,4649,00:00:00.1750000,17,188,404,98535,100370,27964,128334,372110,500444,1.8340183691074237,2.444179437489408,0.18614543974399567,2,17,13,1.2307693
26,8,4906,00:00:00.2510000,21,380,767,173819,178967,77508,256475,672905,929380,2.01027505623666,2.5160850807529407,0.19686032831668854,3,21,16,1.25
26,9,5176,00:00:00.4040000,31,663,1427,305136,316547,196198,512745,1206926,1719671,2.227102013528394,2.8946535011383823,0.20165809988975525,3,31,25,1.2
26,10,5458,00:00:00.6940000,34,1133,2590,529195,558189,467000,1025189,2138888,3164077,2.502191063785561,3.6690799990245577,0.22313202917575836,3,34,27,1.2222222
26,11,5749,00:00:01.1970000,45,2036,4704,915453,981300,1069953,2051253,3719011,5770264,2.8397536520170887,4.737658925196181,0.2186247557401657,4,45,34,1.2941177
26,12,6049,00:00:02.0310000,57,3596,8551,1589814,1736781,2367332,4104113,6392763,10496876,3.246221256071465,5.8098488447193555,0.2237020879983902,4,57,43,1.3023256
26,13,6359,00:00:03.6300000,70,6364,15334,2763711,3077713,5125494,8203207,10892381,19095588,3.7069230465848273,6.795167136903514,0.20746073126792908,6,70,51,1.3529412
26,14,6674,00:00:06.6710000,70,11477,27891,4868026,5558475,10861955,16420430,18316511,34736941,4.36497278362934,9.32001080829261,0.19976334273815155,6,71,52,1.3461539
26,15,6970,00:00:14.5140000,73,20716,49993,8964550,10315688,22462629,32778317,29300904,62079221,5.266573670736401,11.097044870563211,0.1887398362159729,7,74,51,1.4313725
26,16,7247,00:00:32.8080000,65,38286,89994,17010738,19702340,45999624,65701964,45698764,111400728,6.324081588935178,8.596598547009915,0.19568106532096863,8,66,46,1.4130435
26,17,7502,00:01:03.4220000,60,70280,161378,33594727,38495807,92722315,131218122,69934787,201152909,7.544562424930556,5.596092968580375,0.14442527294158936,8,61,43,1.3953488
26,18,7740,00:01:55.1580000,52,132395,295285,66072629,75536547,186872669,262409216,106283912,368693128,8.681686542244293,3.402843868450219,0.10937683284282684,8,53,37,1.4054054
26,19,7975,00:03:28.7660000,48,251228,551848,124605459,144738663,380195713,524934376,163315955,688250331,9.609507204656259,3.6318096101879154,0.07885590940713882,7,49,36,1.3333334
26,20,8219,00:06:30.9510000,56,476047,1046737,228644218,271361209,778889557,1050250766,257967716,1308218482,10.389746138255724,3.752779966838599,0.07961609214544296,5,56,44,1.25
27,0,2558,00:00:00.1800000,3,4,7,1002,1003,0,1003,4748,5751,1.0259481037924152,1.0533934105747853,0,1,3,2,1
27,1,2868,00:00:00.2340000,3,6,11,1998,2002,0,2002,9262,11264,1.059059059059059,1.1262334264018412,0.032376449555158615,1,3,2,1
27,2,3190,00:00:00.2930000,6,9,19,3998,4001,0,4001,18661,22662,1.1398199099549775,1.3345076808552068,0.08092920482158661,1,6,5,1
27,3,3469,00:00:00.3140000,7,21,40,7969,8009,1,8010,35144,43154,1.2775756054712009,1.7690973581548055,0.1418801248073578,2,7,5,1.2
27,4,3728,00:00:00.3400000,11,26,61,15612,15664,372,16036,64309,80345,1.4050730207532667,2.2570376612276917,0.16324728727340698,2,11,9,1.1111112
27,5,3963,00:00:00.3740000,12,57,116,29578,29747,2269,32016,113942,145958,1.552606667117452,2.8094012884899144,0.20416344702243805,2,12,10,1.1
27,6,4200,00:00:00.4310000,13,104,210,54678,55257,8863,64120,204800,268920,1.7178755623834083,3.239518786182418,0.2512163519859314,2,13,10,1.2
27,7,4443,00:00:00.5350000,17,194,402,98481,100250,27926,128176,369318,497494,1.8870543556625137,3.501853818760019,0.267964631319046,3,17,13,1.2307693
27,8,4690,00:00:00.7080000,24,353,757,175944,180029,76349,256378,657729,914107,2.0892954576456146,3.8842159208765277,0.2799929082393646,3,24,19,1.2105263
27,9,4946,00:00:00.9180000,29,591,1348,309528,318966,193716,512682,1163389,1676071,2.3165270993254246,4.598864652374732,0.2740090787410736,3,29,24,1.1666666
27,10,5217,00:00:01.2340000,37,1093,2469,540705,561995,464465,1026460,2058398,3084858,2.5867950176158905,5.604797338027261,0.25525200366973877,3,37,32,1.125
27,11,5500,00:00:01.8170000,39,1941,4541,931928,986458,1064494,2050952,3598187,5649139,2.890121339845997,6.415603318836931,0.2809090316295624,3,39,32,1.1875
27,12,5800,00:00:02.9290000,44,3570,8315,1600015,1733755,2370252,4104007,6274663,10378670,3.224428520982616,7.07086780677266,0.2567030191421509,4,44,35,1.2285714
27,13,6118,00:00:05.6820000,49,6338,15364,2737189,3046542,5157629,8204171,10897241,19101412,3.6210689141305186,7.547966016525443,0.2751552164554596,4,50,40,1.225
27,14,6448,00:00:13.0450000,50,11559,28227,4716115,5441127,10964927,16406054,18676241,35082295,4.192377624379389,8.83127732949209,0.39398500323295593,5,51,36,1.3888888
27,15,6765,00:00:26.7650000,56,20653,50795,8586310,10042577,22764164,32806741,30506217,63312958,5.046258986689276,9.232930467084236,0.49516141414642334,6,57,39,1.4358975
27,16,7064,00:00:50.1660000,55,37944,91399,15992518,18827209,46746038,65573247,48199309,113772556,5.952798114718395,7.751892423225767,0.4067457616329193,6,56,41,1.3414634
27,17,7359,00:01:32.3950000,65,69095,166079,30013478,35234665,95886595,131121260,76261167,207382427,6.797467391150069,10.198987183806773,0.47493284940719604,7,66,46,1.4130435
27,18,7660,00:02:50.6750000,66,127426,307524,54437763,65468291,197027002,262495293,122247976,384743269,7.546834428152384,10.470281214166562,0.3918217420578003,6,67,43,1.5348837
27,19,7971,00:05:16.7640000,72,237479,577780,97363763,121691452,402649486,524340938,198272413,722613351,8.362733237826891,11.684963952562669,0.41931354999542236,6,73,48,1.5
27,20,8281,00:09:47.3940000,71,452345,1093129,182496861,235219258,814278321,1049497579,317518108,1367015687,9.5141844987679,9.542572606049166,0.35031858086586,6,72,47,1.5106384
28,0,2471,00:00:00.0330000,2,3,5,1003,1004,0,1004,4791,5795,1.003988035892323,1.0080078627852767,0,1,2,1,1
28,1,2772,00:00:00.0450000,7,9,13,2003,2005,0,2005,9100,11105,1.0244633050424363,1.050632938188417,0.01835661567747593,1,7,6,1
28,2,3141,00:00:00.0770000,10,13,21,4001,4006,0,4006,19669,23675,1.087228192951762,1.198391014229665,0.07561313360929489,1,10,9,1
28,3,3436,00:00:00.0850000,14,31,43,7987,8019,1,8020,36489,44509,1.181294603731063,1.473599838414843,0.14839495718479156,2,14,12,1.0833334
28,4,3713,00:00:00.0960000,16,39,74,15548,15646,370,16016,68020,84036,1.3254437869822486,2.085919329739986,0.250896692276001,2,16,14,1.0714285
28,5,3968,00:00:00.1100000,21,64,120,29543,29743,2306,32049,121994,154043,1.4887113698676506,3.2014397058259627,0.3481881618499756,2,21,18,1.1111112
28,6,4217,00:00:00.1350000,24,120,233,54331,55075,9013,64088,217590,281678,1.6783236089893432,5.1114744898103694,0.4511740207672119,3,24,18,1.2777778
28,7,4458,00:00:00.1730000,28,185,398,98608,100481,27839,128320,381346,509666,1.898983855265293,7.746656834974861,0.46289658546447754,3,28,21,1.2857143
28,8,4691,00:00:00.2390000,34,354,725,176727,181247,74938,256185,652579,908764,2.1757456415827803,9.607644597409736,0.4455687999725342,3,34,26,1.2692307
28,9,4925,00:00:00.3590000,42,614,1328,315078,324483,188007,512490,1113601,1626091,2.529932270739309,9.387516939768016,0.3940211534500122,4,42,31,1.3225807
28,10,5158,00:00:00.5790000,44,1044,2317,557325,580501,446061,1026562,1878977,2905539,2.938866908895169,7.735231195737133,0.33154118061065674,4,44,32,1.34375
28,11,5393,00:00:00.9550000,42,1859,4089,976907,1034440,1017925,2052365,3157190,5209555,3.3494703180548404,6.129269537312732,0.28356409072875977,4,42,30,1.3666667
28,12,5640,00:00:01.5720000,44,3372,7480,1702415,1829060,2267162,4096222,5361249,9457471,3.7071889051729454,5.173277380663744,0.24770347774028778,4,44,32,1.34375
28,13,5909,00:00:02.8300000,49,6175,13926,2928361,3216135,4984366,8200501,9276808,17477309,4.056131740587994,5.20806210452483,0.2530713677406311,6,49,33,1.4545455
28,14,6199,00:00:06.2880000,61,11177,25879,5087037,5689228,10702823,16392051,16126222,32518273,4.5121220860001605,7.122354378804814,0.24257153272628784,7,62,44,1.3863636
28,15,6484,00:00:16.2580000,58,20503,47446,9197122,10493052,22301435,32794487,26660087,59454574,5.3918132215708345,9.34129655442426,0.2891046702861786,6,59,42,1.3809524
28,16,6748,00:00:33.3980000,53,37876,86515,17585333,20153374,45540655,65694029,42307441,108001470,6.470359418272034,5.257142215838995,0.21421955525875092,7,54,36,1.4722222
28,17,7007,00:01:04.3230000,50,69621,158729,32646197,37678962,93625618,131304580,67051559,198356139,7.252198471999663,4.268476623165752,0.2074020951986313,7,51,38,1.3157895
28,18,7283,00:02:05.0380000,62,128400,297331,57993630,68198861,193970886,262169747,109345539,371515286,7.785326819514488,5.035924062982464,0.17709724605083466,7,63,49,1.2653061
28,19,7584,00:04:09.6140000,63,239726,566213,98329874,123644829,401041103,524685932,183080989,707766921,8.389630520628959,7.253190038770173,0.197243332862854,6,64,50,1.26
28,20,7900,00:08:20.2590000,78,451650,1083711,171063213,229618776,819418513,1049037289,304747814,1353785103,9.209369719952589,8.905798124670902,0.23458550870418549,5,79,58,1.3448275
2,0,3047,00:00:00.0870000,6,7,9,1003,1004,0,1004,4309,5313,1.0239282153539382,1.0494882694789152,0,1,6,5,1
2,1,3362,00:00:00.1230000,5,9,16,1997,2001,0,2001,8870,10871,1.0220330495743615,1.0453926642016362,0,1,5,4,1
2,2,3682,00:00:00.1600000,8,15,27,3996,4005,0,4005,18222,22227,1.0435435435435436,1.0926661242743423,0.035620734095573425,1,8,7,1
2,3,4010,00:00:00.1740000,9,18,37,7988,8011,4,8015,37003,45018,1.0748622934401602,1.1669535961991069,0.06421763449907303,1,9,8,1
2,4,4322,00:00:00.1910000,9,34,71,15523,15620,421,16041,72164,88205,1.154158345680603,1.3894931215917015,0.13695234060287476,1,9,8,1
2,5,4633,00:00:00.2180000,14,64,138,29317,29520,2484,32004,138373,170377,1.2624756966947506,1.7994454927195092,0.20327815413475037,1,14,13,1
2,6,4928,00:00:00.2610000,18,112,255,53922,54584,9461,64045,250791,314836,1.4084789139868699,2.620410559171071,0.3002762794494629,2,18,15,1.1333333
2,7,5231,00:00:00.3400000,23,209,496,96340,98581,29628,128209,455945,584154,1.587523354785136,4.212350007062258,0.40371841192245483,2,23,18,1.2222222
2,8,5532,00:00:00.4730000,32,346,870,170598,176133,80082,256215,806420,1062635,1.782904840619468,6.473090588866805,0.47750717401504517,3,32,25,1.24
2,9,5838,00:00:00.7430000,45,659,1570,298365,310829,201842,512671,1410778,1923449,2.0065188611264726,8.776716076886107,0.5017414689064026,3,45,37,1.1891892
2,10,6150,00:00:01.1570000,51,1217,2817,518994,549062,476280,1025342,2439203,3464545,2.3349865316362037,12.220258282472386,0.4801385998725891,3,51,43,1.1627907
2,11,6454,00:00:01.8110000,54,2088,5029,901115,973987,1074476,2048463,4084956,6133419,2.804826243043341,13.451057228120357,0.4600657820701599,3,54,44,1.2045455
2,12,6751,00:00:03.0430000,60,3546,8746,1591935,1745349,2356130,4101479,6724553,10826032,3.3233046575394094,8.10460969203252,0.4141675531864166,4,60,47,1.2553191
2,13,7056,00:00:05.8010000,57,6347,15482,2744240,3090041,5118627,8208668,11158637,19367305,3.7343993236743143,5.207448908896483,0.39235779643058777,4,57,44,1.2727273
2,14,7385,00:00:13.6260000,69,11469,28221,4678040,5397183,11002036,16399219,18940256,35339475,4.074995083411001,5.078016261446355,0.4482256770133972,5,70,56,1.2321428
2,15,7747,00:00:31.0570000,85,20687,52237,7825664,9439962,23386031,32825993,32803501,65629494,4.442089514704439,7.702274330614441,0.42441192269325256,4,86,69,1.231884
2,16,8123,00:01:03.4930000,105,37176,96102,13006810,16643695,48919357,65563052,55000874,120563926,4.931111394723226,18.18034286956683,0.4940279424190521,5,106,83,1.2650602
2,17,8516,00:02:04.1520000,117,67472,177789,22007573,30161474,100925489,131086963,92233998,223320961,5.633592263899341,34.84596738524384,0.5957747101783752,4,118,87,1.3448275
2,18,8918,00:03:57.5310000,123,124288,331814,38303194,55431715,206785052,262216767,153240890,415457657,6.414779430665756,23.75413102777957,0.6129624843597412,5,124,82,1.5
2,19,9329,00:07:28.8230000,129,229857,621944,67653316,102890797,421779096,524669893,253161106,777830999,7.255207948713113,22.386344731927142,0.5239846706390381,5,130,85,1.517647
2,20,9730,00:13:49.6160000,122,433973,1166153,131225940,201492956,847220469,1048713425,408270775,1456984200,8.593059405785167,37.69796128529599,0.5337933897972107,6,123,79,1.5443038
29,0,2784,00:00:00.0400000,2,2,4,1009,1009,0,1009,4542,5551,1.157581764122894,1.3614694144170798,0,1,2,1,1
29,1,3066,00:00:00.0520000,4,5,8,2000,2001,0,2001,8547,10548,1.229,1.5331439459527183,0,2,4,2,1.5
29,2,3320,00:00:00.0650000,6,9,14,4001,4005,0,4005,15938,19943,1.398400399900025,1.9513745590062006,0.027759293094277382,2,6,4,1.25
29,3,3538,00:00:00.0870000,6,12,21,8011,8019,0,8019,28257,36276,1.5792035950567969,2.2910627815857523,0.05283588543534279,2,6,4,1.25
29,4,3739,00:00:00.0930000,7,35,58,15643,15731,329,16060,50711,66771,1.7629610688486863,2.464422596744186,0.08259430527687073,2,7,5,1.2
29,5,3919,00:00:00.1020000,9,50,100,29727,30020,2008,32028,88460,120488,1.947219699263296,2.586820778248891,0.10514594614505768,3,9,6,1.3333334
29,6,4100,00:00:00.1170000,13,90,180,55583,56166,8033,64199,157753,221952,2.1576921001025493,2.911670895246601,0.10177905112504959,3,13,9,1.3333334
29,7,4280,00:00:00.1400000,14,163,323,101525,102995,25137,128132,279367,407499,2.357892144791923,3.339599433243525,0.1287030428647995,3,14,10,1.3
29,8,4470,00:00:00.1850000,18,291,604,182227,185859,70638,256497,501391,757888,2.5557409165491394,3.7865596551264136,0.14461855590343475,3,18,13,1.3076923
29,9,4675,00:00:00.2810000,20,555,1110,321841,331250,182175,513425,907896,1421321,2.7615282080281878,4.2001488356776555,0.16698013246059418,3,20,16,1.1875
29,10,4895,00:00:00.4720000,30,949,2018,566011,584265,441100,1025365,1632842,2658207,2.976973945736037,4.695832432094847,0.1866452991962433,3,30,24,1.2083334
29,11,5138,00:00:00.8270000,34,1835,3863,975580,1021939,1026883,2048822,2955320,5004142,3.193438774882634,5.4748567754179,0.21534428000450134,4,34,27,1.2222222
29,12,5409,00:00:01.5080000,40,3327,7409,1663460,1778363,2319879,4098242,5375502,9473744,3.4301960972911885,6.750874866936917,0.2416430562734604,4,40,29,1.3448275
29,13,5712,00:00:03.2680000,50,6202,14185,2799352,3082510,5121888,8204398,9792109,17996507,3.680847210354396,8.077368545560297,0.4272380769252777,4,50,37,1.3243244
29,14,6048,00:00:09.6820000,70,11354,26956,4692058,5358392,11049576,16407968,17736520,34144488,3.9845172416879757,9.677207405119567,0.4489128291606903,4,70,53,1.3018868
29,15,6413,00:00:24.4600000,94,20686,51262,7815030,9434445,23376786,32811231,31703072,64514303,4.43124057105347,14.623822899173476,0.4712996780872345,5,94,67,1.3880597
29,16,6779,00:00:52.3490000,113,37515,94881,13386530,16960325,48610603,65570928,53281971,118852899,5.114860983391513,21.462333413366153,0.4607744812965393,5,114,78,1.448718
29,17,7147,00:01:43.7200000,123,68216,174907,24233991,31411719,99749107,131160826,88160866,219321692,5.990895474047176,18.942919630854156,0.4033633768558502,6,124,85,1.4470588
29,18,7507,00:03:14.5600000,103,125826,323652,44988776,59577070,202834030,262411100,142795633,405206733,7.02690093191244,14.801983882467557,0.4428457021713257,5,104,68,1.5147059
29,19,7859,00:05:57.2480000,89,234856,602490,85692977,113589378,411657032,525246410,228557042,753803452,7.9812663644536475,10.216672348576225,0.352213978767395,5,90,63,1.4126984
29,20,8216,00:10:59.6060000,91,436220,1130320,154719508,211477582,837295562,1048773144,366742967,1415516111,8.701983049222209,11.404588717533915,0.4121672511100769,6,92,61,1.4918033
30,0,2367,00:00:00.0480000,4,4,6,1002,1002,0,1002,3570,4572,1.0239520958083832,1.0493045150434133,0,1,4,3,1
30,1,2673,00:00:00.0710000,6,8,13,1998,2002,0,2002,8147,10149,1.078078078078078,1.1741402675487866,0.06524059176445007,1,6,5,1
30,2,2952,00:00:00.0950000,8,10,17,4004,4009,0,4009,16051,20060,1.1166333666333665,1.2760824244159352,0.09131796658039093,1,8,7,1
30,3,3262,00:00:00.1010000,8,14,28,7984,7999,2,8001,33829,41830,1.2012775551102204,1.5431343307033176,0.1575898677110672,1,8,7,1
30,4,3540,00:00:00.1100000,8,37,63,15546,15691,362,16053,65222,81275,1.3263862086710407,2.07271770360258,0.2651473879814148,2,8,6,1.1666666
30,5,3794,00:00:00.1240000,12,57,114,29440,29716,2367,32083,118787,150870,1.4681046195652174,2.930688938045446,0.32113707065582275,2,12,9,1.2222222
30,6,4044,00:00:00.1460000,17,110,219,54249,54941,9113,64054,215012,279066,1.6181865103504212,4.07100353473703,0.3729029893875122,2,17,13,1.2307693
30,7,4301,00:00:00.1890000,21,197,417,97684,99707,28297,128004,389584,517588,1.781315261455305,5.2412907156069855,0.42064744234085083,2,21,16,1.25
30,8,4570,00:00:00.2730000,28,337,770,173517,178136,78173,256309,704119,960428,1.9496994530795253,6.0945865738907985,0.4492024779319763,2,28,23,1.173913
30,9,4853,00:00:00.4410000,34,632,1456,302618,314163,198061,512224,1263508,1775732,2.1343343753511026,7.082643677957345,0.46537259221076965,3,34,28,1.1785715
30,10,5155,00:00:00.7540000,39,1132,2693,519586,550553,474081,1024634,2260235,3284869,2.349174150188804,8.387836944699682,0.4581967890262604,3,39,31,1.2258065
30,11,5473,00:00:01.3140000,49,2053,4880,888654,958858,1089477,2048335,3988588,6036923,2.6302025310188215,9.655497304379393,0.4737074673175812,4,49,38,1.2631578
30,12,5806,00:00:02.3140000,57,3646,8875,1522157,1684306,2414309,4098615,6950435,11049050,3.0002384773712567,10.765229257389723,0.5144944787025452,4,57,42,1.3333334
30,13,6144,00:00:04.4720000,62,6519,16179,2634627,3006533,5197849,8204382,11850521,20054903,3.549404147152519,13.13129839169186,0.45983099937438965,5,62,44,1.3863636
30,14,6473,00:00:11.6680000,72,11722,28997,4719079,5455207,10935585,16390792,19593756,35984548,4.231875541816528,10.67855624198559,0.3669126033782959,6,73,51,1.4117647
30,15,6796,00:00:25.5310000,76,20737,51670,8415571,9888269,22886380,32774649,31669885,64444534,4.903990947257173,8.3432916551551,0.3064019978046417,6,77,53,1.4339622
30,16,7118,00:00:50.2130000,79,37457,92988,15220165,18101176,47481606,65582782,50722456,116305238,5.629527866485022,11.22309530530393,0.29546043276786804,6,80,58,1.362069
30,17,7439,00:01:34.4490000,81,69142,170282,27912113,33757886,97400750,131158636,81216402,212375038,6.488714845773231,13.51692869521012,0.298711359500885,7,82,60,1.35
30,18,7757,00:02:54.7750000,68,127569,314687,51163364,63611194,198551245,262162439,129649214,391811653,7.415973722916265,13.093196225785116,0.3435673117637634,6,69,49,1.3877552
30,19,8074,00:05:20.0690000,68,238593,587141,95732893,120979914,403566061,524545975,206970029,731516004,8.364672767175227,12.661981018973963,0.35201334953308105,7,69,46,1.4782609
30,20,8389,00:09:42.0950000,68,449953,1103149,176336032,231155062,817527506,1048682568,328283955,1376966523,9.348012821338749,8.292408257629152,0.35444700717926025,7,69,48,1.4166666
31,0,2314,00:00:00.0360000,3,3,6,1003,1003,0,1003,3065,4068,1.5962113659022932,2.4061503267799376,0.3990553915500641,1,3,2,1
31,1,2486,00:00:00.0560000,3,4,9,2002,2003,0,2003,5528,7531,1.6778221778221778,2.408670576535355,0.49149471521377563,1,3,2,1
31,2,2684,00:00:00.0880000,3,9,18,3993,4004,0,4004,11233,15237,1.7638367142499374,2.199770440021894,0.5467324256896973,1,3,2,1
31,3,2848,00:00:00.0910000,5,16,30,7988,8019,0,8019,20637,28656,1.8355032548823236,2.082873891446492,0.6259446740150452,2,5,2,2
31,4,3026,00:00:00.0970000,7,31,56,15670,15745,320,16065,40592,56657,1.9021059349074665,1.9195137997689586,0.6518609523773193,2,7,4,1.5
31,5,3200,00:00:00.1050000,10,46,102,29898,30035,1989,32024,77162,109186,1.9546123486520837,1.808058259574766,0.6471184492111206,2,10,7,1.2857143
31,6,3390,00:00:00.1200000,11,80,180,55447,55882,8187,64069,149983,214052,2.004977726477537,1.7914830363153182,0.6497389078140259,2,11,8,1.25
31,7,3602,00:00:00.1480000,15,171,340,100437,101345,26941,128286,294375,422661,2.064358752252656,1.8994469109765315,0.6485064625740051,2,15,12,1.1666666
31,8,3834,00:00:00.2070000,15,319,651,177642,180796,75452,256248,565887,822135,2.138689048760991,2.1069162254084364,0.6306678056716919,2,15,12,1.1666666
31,9,4096,00:00:00.3480000,17,607,1275,307385,317151,195145,512296,1086280,1598576,2.2527091432568276,2.621221039500176,0.6168277263641357,3,17,13,1.2307693
31,10,4385,00:00:00.5930000,26,1088,2424,528681,554878,470289,1025167,2042126,3067293,2.4268623234048508,3.805989774820492,0.6064572334289551,3,26,21,1.1904762
31,11,4695,00:00:01.1190000,41,1967,4551,899205,963467,1086123,2049590,3727778,5777368,2.6657236114123033,6.168189364058093,0.6196598410606384,3,41,32,1.25
31,12,5025,00:00:02.1460000,55,3605,8554,1523166,1686440,2414397,4100837,6667061,10767898,2.9773727879955305,9.79727408554355,0.639717698097229,4,56,42,1.3095238
31,13,5369,00:00:04.1230000,73,6471,15764,2602336,2974622,5219578,8194200,11656228,19850428,3.429689709553263,15.771222743035388,0.6622164845466614,5,74,55,1.3272728
31,14,5705,00:00:09.4820000,83,11562,28557,4640697,5466201,10927734,16393935,19535097,35929032,4.273533910962081,22.12817605556853,0.6391662955284119,7,84,56,1.4821428
31,15,5982,00:00:20.2570000,81,21170,50042,9348303,10830102,22015906,32846008,29756836,62602844,5.779238114126168,5.784616986989993,0.42964985966682434,8,82,51,1.5882353
31,16,6220,00:00:36.9950000,63,38487,87610,18475965,21113051,44591101,65704152,43889492,109593644,6.871984710947439,3.1662986242553885,0.2334754765033722,6,64,37,1.7027028
31,17,6463,00:01:07.4440000,55,70445,158964,34009363,38867997,92463578,131331575,67171517,198503092,7.467982096577345,3.537102927227652,0.1786685436964035,6,56,37,1.4864864
31,18,6729,00:02:07.8060000,49,129599,296954,58802510,69728691,192696856,262425547,107999431,370424978,7.935458231289787,5.209675130679272,0.18172644078731537,5,50,35,1.4
31,19,7019,00:04:08.7390000,73,241469,563514,103222955,126678740,398338678,525017418,178868520,703885938,8.571113944567854,9.625530671684812,0.4033302068710327,4,73,49,1.4693878
31,20,7317,00:08:00.7140000,82,458904,1075417,185298790,240270095,809153585,1049423680,293595152,1343018832,9.593337484826533,16.283134826183293,0.4067549705505371,6,82,54,1.5
32,0,2182,00:00:00.0380000,2,2,2,1009,1009,0,1009,3922,4931,1.0118929633300298,1.024068752760792,0,1,2,1,1
32,1,2469,00:00:00.0510000,3,4,5,2001,2002,0,2002,7898,9900,1.0359820089955023,1.0751463842352895,0.023677922785282135,1,3,2,1
32,2,2816,00:00:00.0830000,5,8,12,4006,4012,0,4012,18038,22050,1.0868696954568149,1.1880838231552575,0.060201920568943024,2,5,3,1.3333334
32,3,3096,00:00:00.0900000,10,17,29,7994,8013,0,8013,33970,41983,1.1758819114335752,1.4032835733933544,0.07993996143341064,2,10,8,1.125
32,4,3354,00:00:00.0990000,10,32,67,15565,15649,357,16006,62658,78664,1.339865081914552,1.850963146321419,0.147297203540802,2,10,8,1.125
32,5,3591,00:00:00.1130000,14,63,127,29503,29766,2245,32011,112492,144503,1.6221401213435922,2.8919487930252883,0.22098632156848907,3,14,11,1.1818181
32,6,3798,00:00:00.1310000,19,98,203,55158,55761,8368,64129,191291,255420,1.959117444432358,4.327579035900539,0.2418896108865738,3,19,15,1.2
32,7,3987,00:00:00.1590000,23,188,369,101491,102849,25435,128284,318505,446789,2.330797804731454,5.210221310944342,0.28037795424461365,4,23,18,1.2222222
32,8,4170,00:00:00.2070000,21,321,630,182924,186674,69436,256110,531872,787982,2.686908224180534,5.043004090161109,0.3119574785232544,4,21,16,1.25
32,9,4353,00:00:00.2930000,22,573,1131,328599,337118,174991,512109,892533,1404642,3.0298935784953698,4.9419332627427295,0.34689125418663025,4,22,17,1.2352941
32,10,4545,00:00:00.4650000,25,1039,2073,586411,604152,422797,1026949,1523791,2550740,3.3506926029695894,5.130514147080719,0.3381436765193939,4,25,20,1.2
32,11,4749,00:00:00.7560000,25,1808,3725,1025276,1069680,978924,2048604,2635032,4683636,3.6622792301780205,5.328566173274938,0.3305371105670929,4,25,19,1.2631578
32,12,4971,00:00:01.3030000,36,3338,6924,1798525,1891608,2207871,4099479,4616478,8715957,4.0008256765961,5.346896051120043,0.3055710196495056,6,36,27,1.2962962
32,13,5212,00:00:02.3420000,41,6103,13054,3117466,3339542,4855025,8194567,8124614,16319181,4.371831801854455,4.933395349330753,0.3693335950374603,6,42,31,1.3225807
32,14,5470,00:00:04.4070000,48,11017,24368,5435383,5957079,10463877,16420956,14181193,30602149,4.864757460513822,4.857215652804447,0.42284253239631653,6,48,35,1.3428571
32,15,5730,00:00:08.8400000,60,20115,45028,9741594,10824258,21986536,32810794,23783225,56594019,5.567296173500969,5.3790759212975345,0.2765170633792877,6,61,45,1.3333334
32,16,5993,00:00:22.6520000,60,37040,83544,17569288,19990469,45641493,65631962,39423284,105055246,6.342436187510843,3.9195552645927725,0.17794694006443024,6,61,45,1.3333334
32,17,6267,00:00:52.6400000,58,68837,156869,31228595,36413466,94799048,131212514,65597919,196810433,6.957222154887211,3.218878658069858,0.11721089482307434,6,59,45,1.2888889
32,18,6564,00:01:55.4020000,67,127836,298723,53939440,65464380,196938840,262403220,111089682,373492902,7.472112965948479,4.337041806664283,0.1527361422777176,6,67,49,1.3469387
32,19,6886,00:04:04.5370000,82,237561,571754,91793362,118427011,406154117,524581128,189885710,714466838,8.082463686208595,8.917338893107212,0.2043064534664154,6,83,59,1.3898305
32,20,7226,00:08:23.0210000,94,446443,1097874,157292912,219088920,830765319,1049854239,321095609,1370949848,8.887137380990188,17.301040156295155,0.3146499991416931,5,95,67,1.4029851
33,0,2634,00:00:00.0760000,5,5,7,1005,1005,0,1005,3590,4595,1.1472636815920398,1.3384463252460033,0.021923739463090897,1,5,4,1
33,1,2947,00:00:00.1110000,4,4,9,2001,2001,0,2001,7997,9998,1.311344327836082,1.7507234265465104,0.01364750973880291,2,4,2,1.5
33,2,3158,00:00:00.1170000,4,7,13,3995,4003,0,4003,14056,18059,1.4793491864831039,2.1008576327278288,0,3,4,1,3
33,3,3365,00:00:00.1500000,6,13,23,8041,8049,0,8049,25996,34045,1.7036438253948514,2.489932960176614,0.016845064237713814,3,6,3,1.6666666
33,4,3545,00:00:00.1590000,6,24,44,15636,15691,320,16011,46013,62024,1.9276029675108723,2.632878938832647,0.025204971432685852,3,6,3,1.6666666
33,5,3711,00:00:00.1690000,7,41,75,29969,30135,1960,32095,81210,113305,2.157929860856218,2.730195753406877,0.023703861981630325,3,7,4,1.5
33,6,3866,00:00:00.1840000,7,89,144,56082,56645,7520,64165,140190,204355,2.373310509610927,2.7218957105713257,0.02069004438817501,3,7,4,1.5
33,7,4025,00:00:00.2110000,11,150,281,103124,104286,24002,128288,248119,376407,2.6076664985842286,2.6774822672112593,0.019761603325605392,4,11,7,1.4285715
33,8,4191,00:00:00.2610000,10,283,550,186032,189172,67153,256325,441884,698209,2.8338189128752043,2.622152427675426,0.02994624339044094,4,10,6,1.5
33,9,4369,00:00:00.3620000,11,548,1023,330612,339036,173580,512616,793766,1306382,3.066131900838445,2.667922926919371,0.041396088898181915,4,11,7,1.4285715
33,10,4560,00:00:00.5860000,17,1020,1925,583284,602086,422456,1024542,1423200,2447742,3.3274596937340988,2.8242107254090403,0.056650932878255844,4,17,12,1.3333334
33,11,4768,00:00:00.9660000,23,1902,3739,1024360,1066421,984953,2051374,2556487,4607861,3.6069116326291537,3.0414320466636515,0.08315391093492508,5,23,17,1.2941177
33,12,4995,00:00:01.6970000,26,3450,7027,1773813,1876165,2220117,4096282,4582294,8678576,3.9166248076882964,3.267401581867021,0.11803319305181503,4,26,20,1.25
33,13,5244,00:00:03.5330000,33,6221,13255,3065852,3306396,4895329,8201725,8207685,16409410,4.266958744257714,3.5666117671230886,0.2969384789466858,5,33,26,1.2307693
33,14,5514,00:00:08.9170000,41,11231,24859,5260869,5835242,10548788,16384030,14598389,30982419,4.678933461373017,4.024306858509366,0.25078198313713074,5,41,33,1.2121212
33,15,5797,00:00:20.2020000,48,20260,46384,9046004,10396141,22421835,32817976,25045523,57863499,5.201982554949124,5.174404605132195,0.26528200507164,5,48,40,1.175
33,16,6090,00:00:41.9260000,67,37361,86492,16066316,18901164,46646848,65548012,42430714,107978726,5.894335888824793,8.026800037461578,0.24165435135364532,6,67,51,1.2941177
33,17,6389,00:01:22.7820000,76,68768,161870,28920095,34984675,96191415,131176090,70887715,202063805,6.708607941986359,10.069765710992131,0.28402402997016907,6,77,58,1.3103448
33,18,6687,00:02:37.5360000,83,128663,302678,53897555,66511999,195997416,262509415,116289900,378799315,7.74325301027106,14.71532255018959,0.2580205500125885,6,84,58,1.4310344
33,19,6958,00:04:40.6740000,76,246700,564868,110834034,135619008,389079576,524698584,181831982,706530566,9.362573828179888,12.582812022664266,0.24315409362316132,8,77,52,1.4615384
33,20,7193,00:07:59.0210000,70,482861,1058773,239423711,283914500,767137365,1051051865,272369771,1323421636,10.989873062321719,6.773860028991399,0.26414188742637634,9,71,46,1.5217391
34,0,2257,00:00:00.0320000,2,2,5,1007,1007,0,1007,4682,5689,1.012909632571996,1.0261525062727501,0,1,2,1,1
34,1,2610,00:00:00.0440000,4,4,8,2006,2006,0,2006,9813,11819,1.0279162512462612,1.0576803918625148,0.010252422653138638,1,4,3,1
34,2,2971,00:00:00.0750000,7,12,23,3991,4001,0,4001,20004,24005,1.0681533450263092,1.1470525158110478,0.02257796749472618,1,7,6,1
34,3,3271,00:00:00.0810000,6,12,36,7981,8004,4,8008,37044,45052,1.1447187069289562,1.340922015154742,0.06013299897313118,1,6,5,1
34,4,3549,00:00:00.0900000,10,29,67,15576,15618,415,16033,68376,84409,1.250256805341551,1.65086254574031,0.09298992156982422,2,10,8,1.125
34,5,3823,00:00:00.1040000,12,49,119,29433,29667,2410,32077,126439,158516,1.4028811198314817,2.1490766298533823,0.1404227912425995,2,12,10,1.1
34,6,4076,00:00:00.1250000,17,100,216,54362,55042,9089,64131,223248,287379,1.587138074390199,2.71640346236025,0.17851945757865906,2,17,14,1.1428572
34,7,4329,00:00:00.1640000,23,197,421,98404,100025,28153,128178,393910,522088,1.8075891223933986,3.2033399140446615,0.19061002135276794,3,23,19,1.1578947
34,8,4584,00:00:00.2410000,24,363,771,174610,179308,76855,256163,691717,947880,2.044837065460168,3.5395242914303964,0.20298825204372406,3,24,20,1.15
34,9,4843,00:00:00.3830000,34,646,1410,308247,318617,193621,512238,1202880,1715118,2.3138846444572048,3.954514408091245,0.1980869323015213,3,34,29,1.137931
34,10,5110,00:00:00.6470000,36,1178,2545,535485,563396,461713,1025109,2082086,3107195,2.611733288514151,4.258247927083823,0.1973753422498703,4,36,30,1.1666666
34,11,5386,00:00:01.1140000,44,2018,4531,931481,993437,1055975,2049412,3580376,5629788,2.9532153634910427,4.511670256276518,0.18383362889289856,4,44,34,1.2647059
34,12,5674,00:00:01.8910000,53,3515,8218,1618626,1757015,2346176,4103191,6147853,10251044,3.3570966980636663,4.9558419553611355,0.1616111546754837,5,53,40,1.3
34,13,5968,00:00:03.3320000,53,6221,14934,2816708,3136669,5065539,8202208,10413827,18616035,3.8862338588167464,5.829660944867758,0.15921372175216675,5,53,38,1.3684211
34,14,6261,00:00:06.7190000,57,11525,27278,5046307,5703350,10698420,16401770,17317819,33719589,4.57430394147641,7.67121591867558,0.16686290502548218,6,58,38,1.5
34,15,6546,00:00:15.7540000,58,20430,48760,9049832,10390013,22384806,32774819,27869154,60643973,5.272255330264694,7.300998713036857,0.15007665753364563,6,59,42,1.3809524
34,16,6839,00:00:35.2440000,66,37496,89349,16164158,18878857,46739064,65617921,45278988,110896909,5.887184102011376,6.372187428013081,0.17485782504081726,6,67,50,1.32
34,17,7149,00:01:14.2860000,79,68222,165509,28221651,34001133,97075882,131077015,74842758,205919773,6.448685337367399,8.150140976608661,0.17986014485359192,7,80,60,1.3166667
34,18,7481,00:02:30.1990000,90,125704,310705,48174034,61551709,200807687,262359396,125523036,387882432,7.050036623464002,14.479206129644481,0.26734259724617004,6,91,64,1.40625
34,19,7834,00:05:01.3660000,108,233736,589896,81653939,112119955,412681851,524801806,211737747,736539553,7.721016116564812,26.060487583520718,0.35109391808509827,6,109,73,1.479452
34,20,8203,00:10:00.9740000,126,436968,1122971,140077988,207818166,840813525,1048631691,354645057,1403276748,8.575618997325975,39.759898709650514,0.5218793153762817,7,127,83,1.5180722
35,0,2994,00:00:00.0390000,2,2,3,1004,1004,0,1004,4454,5458,1.0179282868525896,1.036499024859031,0,1,2,1,1
35,1,3310,00:00:00.0510000,3,3,6,2009,2009,0,2009,9223,11232,1.028372324539572,1.058441858438745,0.005218810867518187,1,3,2,1
35,2,3603,00:00:00.0840000,3,9,15,3992,4002,0,4002,17858,21860,1.0501002004008015,1.1056697283587553,0.020977826789021492,1,3,2,1
35,3,3916,00:00:00.0900000,5,16,33,7977,8012,3,8015,35624,43639,1.1042998621035478,1.2360026293714594,0.054861050099134445,1,5,4,1
35,4,4225,00:00:00.1010000,6,39,70,15492,15615,411,16026,70336,86362,1.1911309062742061,1.479653502151195,0.09503144770860672,1,6,5,1
35,5,4516,00:00:00.1180000,10,72,144,29158,29539,2477,32016,132343,164359,1.3167569792166816,1.8927318462020102,0.12487124651670456,2,10,8,1.125
35,6,4796,00:00:00.1470000,19,123,252,53723,54525,9483,64008,240280,304288,1.4820467955996501,2.497676802581338,0.16252245008945465,2,19,16,1.125
35,7,5074,00:00:00.1950000,28,230,466,97349,99145,28964,128109,429308,557417,1.682821600632775,3.070263504474605,0.2116338312625885,2,28,24,1.125
35,8,5352,00:00:00.2880000,33,368,827,172989,177369,78912,256281,753611,1009892,1.8900854967656904,3.416756259547742,0.2535264790058136,2,33,27,1.1851852
35,9,5637,00:00:00.4530000,38,658,1501,303565,314224,198227,512451,1315325,1827776,2.1369558414178185,3.9960793945739854,0.27735480666160583,3,38,30,1.2333333
35,10,5930,00:00:00.7900000,42,1120,2653,527039,554365,471226,1025591,2283399,3308990,2.438172507157914,5.438338917853959,0.3076319992542267,4,42,32,1.28125
35,11,6226,00:00:01.3130000,52,1987,4705,914344,977185,1071173,2048358,3887899,5936257,2.8131578486871462,8.042478904733553,0.32752156257629395,4,52,40,1.275
35,12,6528,00:00:02.1840000,59,3496,8521,1595223,1735515,2369357,4104872,6578927,10683799,3.2730151207699487,10.076595151117068,0.34716135263442993,4,59,42,1.3809524
35,13,6835,00:00:04.1870000,67,6360,15388,2799789,3089618,5117007,8206625,11040011,19246636,3.754539359930338,10.105014271685317,0.32119473814964294,5,67,47,1.4042553
35,14,7153,00:00:10.7550000,73,11550,28014,4885158,5498697,10909789,16408486,18551556,34960042,4.25100211702467,10.03828528709402,0.27797573804855347,6,74,52,1.4038461
35,15,7484,00:00:24.1200000,73,20501,50866,8361513,9760837,23057128,32817965,30980014,63797979,4.748973541032586,10.578093704407438,0.2491736114025116,6,74,52,1.4038461
35,16,7824,00:00:49.4160000,76,37418,93533,14434897,17597213,48071322,65668535,51101718,116770253,5.391988941798476,13.196085292888872,0.33529776334762573,6,77,51,1.4901961
35,17,8167,00:01:36.0960000,89,68233,171799,26111392,32499768,98582254,131082022,83676092,214758114,6.2056005669862415,11.805105443722693,0.33929869532585144,7,90,60,1.4833333
35,18,8510,00:03:01.8220000,96,125858,318201,47940255,60911109,201305961,262217070,135824055,398041125,7.0886699288520685,9.371745529683176,0.37879446148872375,7,97,62,1.548387
35,19,8852,00:05:35.8220000,88,235821,595322,86988130,115784181,409098506,524882687,219142445,744025132,8.059565690169451,12.519936336759143,0.4388236701488495,6,89,58,1.5172414
35,20,9180,00:10:12.9330000,84,447914,1116258,168838562,228401255,821015622,1049416877,345409471,1394826348,9.407358468262718,17.460820593744085,0.4970735013484955,6,85,50,1.68
36,0,3208,00:00:00.0570000,5,5,6,1007,1007,0,1007,4336,5343,1.2353525322740815,1.6182295086492062,0.12507815659046173,1,5,4,1
36,1,3504,00:00:00.0780000,5,9,12,2002,2008,0,2008,8680,10688,1.372127872127872,2.0823050931039995,0.1959414929151535,1,5,4,1
36,2,3740,00:00:00.0820000,7,11,16,3995,4003,0,4003,15576,19579,1.4851063829787234,2.499174550837258,0.24198555946350098,2,7,5,1.2
36,3,3948,00:00:00.1030000,8,19,27,7991,8021,0,8021,27271,35292,1.614316105618821,2.7969393968461436,0.2881048321723938,2,8,6,1.1666666
36,4,4138,00:00:00.1090000,11,39,54,15579,15692,322,16014,48598,64612,1.7365042685666603,2.819425399482203,0.3190360367298126,2,11,9,1.1111112
36,5,4331,00:00:00.1190000,12,69,115,29679,30004,2071,32075,89473,121548,1.839752013207992,2.7488026640640597,0.35950276255607605,2,12,10,1.1
36,6,4531,00:00:00.1370000,16,108,189,55162,55810,8413,64223,167003,231226,1.9445451578985533,2.6469945467863973,0.36711350083351135,2,16,13,1.1538461
36,7,4744,00:00:00.1680000,20,187,358,99811,101394,26906,128300,312388,440688,2.045786536554087,2.756614200346165,0.36048123240470886,2,20,17,1.117647
36,8,4976,00:00:00.2330000,25,344,691,176575,181058,75553,256611,584419,841030,2.1706866770494124,3.1157025678779258,0.3481006920337677,3,25,19,1.2631578
36,9,5225,00:00:00.3590000,34,588,1255,309639,320304,192614,512918,1077259,1590177,2.338471574963102,3.8767180408503186,0.32526895403862,3,34,28,1.1785715
36,10,5494,00:00:00.6140000,46,1103,2385,538553,561405,464029,1025434,1966432,2991866,2.569216028877381,5.221712479989493,0.307199090719223,3,46,38,1.1842105
36,11,5781,00:00:01.0890000,57,1979,4428,927001,984136,1067722,2051858,3526707,5578565,2.8489602492338197,6.877760575332737,0.2971303462982178,4,57,44,1.2727273
36,12,6083,00:00:01.9150000,71,3515,8254,1585873,1727359,2370072,4097431,6220011,10317442,3.1936844879760233,9.565756386518096,0.30727046728134155,5,71,48,1.4583334
36,13,6399,00:00:03.4920000,88,6216,15116,2735653,3054484,5138036,8192520,10806760,18999280,3.6515087988132997,16.014700001476456,0.31418532133102417,6,89,56,1.5714285
36,14,6716,00:00:06.5590000,91,11414,27695,4848102,5565632,10850130,16415762,18262479,34678241,4.400987231704283,28.235550802346435,0.30413293838500977,7,92,59,1.5423728
36,15,6997,00:00:13.7900000,79,20515,49149,9231049,10651522,22193538,32845060,28658742,61503802,5.584575924144699,14.43045225920935,0.3032633066177368,6,79,50,1.56
36,16,7250,00:00:30.2290000,71,37983,87531,17992595,20469246,45164975,65634221,43672428,109306649,6.616968591801238,7.0288121095337965,0.21411669254302979,8,72,44,1.6136364
36,17,7503,00:00:59.6350000,63,69870,159460,33345862,38191500,93020989,131212489,67834414,199046903,7.390666164215518,6.872996876698249,0.2142437994480133,9,64,36,1.75
36,18,7759,00:01:54.4670000,52,130563,295141,62239613,72457568,189966867,262424435,106926613,369351048,8.370561381864633,10.693614049285165,0.40927863121032715,6,53,34,1.5294118
36,19,8002,00:03:30.4050000,57,249773,552442,122606228,143158016,382088359,525246375,165805349,691051724,9.581249347300693,8.255741787573813,0.5281487107276917,7,58,36,1.5833334
36,20,8242,00:06:29.0620000,65,477098,1046213,229511530,274388484,775497333,1049885817,258839478,1308725295,10.481581500502394,4.796187870631108,0.29328057169914246,6,66,45,1.4444444
37,0,2576,00:00:00.0330000,2,2,3,1003,1003,0,1003,4275,5278,1.0019940179461615,1.0039959796742546,0,1,2,1,1
37,1,2929,00:00:00.0460000,4,6,7,2015,2017,0,2017,9341,11358,1.0054590570719604,1.010997375097092,0,1,4,3,1
37,2,3239,00:00:00.0780000,4,13,20,4003,4018,0,4018,18369,22387,1.0317262053459906,1.065911195087204,0.019313994795084,1,4,3,1
37,3,3569,00:00:00.0850000,6,20,39,7968,7998,5,8003,36978,44981,1.0573544176706828,1.1230186280615375,0.029801631346344948,1,6,5,1
37,4,3876,00:00:00.0960000,10,28,71,15521,15608,426,16034,71442,87476,1.1255073771019908,1.2919979015405745,0.053638849407434464,1,10,9,1
37,5,4191,00:00:00.1130000,14,66,133,29212,29478,2551,32029,138108,170137,1.2249760372449678,1.5852774817823125,0.09218473732471466,2,14,12,1.0833334
37,6,4497,00:00:00.1430000,15,109,250,53598,54408,9637,64045,255905,319950,1.3944363595656555,2.176878526502708,0.14880433678627014,2,15,13,1.0769231
37,7,4794,00:00:00.1950000,24,193,449,97049,98812,29354,128166,456577,584743,1.5920926542262157,2.810048467356327,0.1961033195257187,2,24,21,1.0952381
37,8,5089,00:00:00.2800000,30,332,787,171478,176040,80288,256328,800876,1057204,1.8071472725364186,3.2251956640349935,0.2300884872674942,3,30,26,1.1153846
37,9,5389,00:00:00.4480000,38,644,1472,300885,312008,200531,512539,1393152,1905691,2.067095401897735,3.748586123913812,0.2488735318183899,3,38,32,1.15625
37,10,5687,00:00:00.7790000,42,1188,2770,526267,553451,470911,1024362,2373107,3397469,2.4256945618858867,5.05305219851934,0.2535459101200104,4,42,34,1.2058823
37,11,5977,00:00:01.2770000,47,1994,4775,922834,984507,1064209,2048716,3943185,5991901,2.911757694233199,7.352604751000753,0.24710121750831604,4,47,37,1.2432432
37,12,6260,00:00:02.0760000,52,3549,8415,1643691,1773285,2331787,4105072,6460594,10565666,3.471288703290339,8.233076001482218,0.22855423390865326,5,52,40,1.275
37,13,6541,00:00:03.6220000,50,6263,14903,2899095,3179200,5018436,8197636,10541826,18739462,4.003834300014315,8.189479556676513,0.22607074677944183,5,50,37,1.3243244
37,14,6834,00:00:08.9280000,53,11268,26883,5080392,5668739,10736169,16404908,17462894,33867802,4.475097984564971,9.262211050693763,0.22952796518802643,5,54,39,1.3589743
37,15,7142,00:00:20.8750000,56,20492,49022,8613999,9986839,22811164,32798003,28926419,61724422,4.89813186651171,10.394523810821587,0.24991388618946075,6,57,39,1.4358975
37,16,7475,00:00:44.6030000,74,37064,91105,14604855,17625923,47959143,65585066,48693401,114278467,5.326586946600976,10.499920121852913,0.3429054617881775,5,75,55,1.3454546
37,17,7838,00:01:32.9190000,99,67379,171219,24266130,31293030,99982915,131275945,83262500,214538445,5.811276870271445,10.11949175205652,0.40903645753860474,5,100,75,1.32
37,18,8214,00:03:04.3130000,118,125389,321864,42765296,58221369,204133692,262355061,140286247,402641308,6.816454912413093,16.26428100813649,0.3963399827480316,6,119,84,1.4047619
37,19,8535,00:05:25.3160000,84,241730,594154,95407985,124670036,400579014,525249050,217804214,743053264,8.940308780234695,4.020069347291844,0.3336944282054901,6,85,54,1.5555556
37,20,8811,00:09:08.0790000,63,464162,1099354,205583898,253447014,797219190,1050666204,324177259,1374843463,10.150461141660035,2.727650991154476,0.23705235123634338,7,64,45,1.4
38,0,2750,00:00:00.0810000,1,1,5,1002,1002,0,1002,4643,5645,1,1,0,0,1,1,0
38,1,3073,00:00:00.1030000,4,6,11,1999,2001,0,2001,9229,11230,1.0060030015007504,1.012102207697443,0,1,4,3,1
38,2,3437,00:00:00.1600000,3,8,20,4023,4030,0,4030,19571,23601,1.0029828486204324,1.0059878813023058,0,1,3,2,1
38,3,3785,00:00:00.1760000,6,12,37,8015,8024,9,8033,39901,47934,1.010480349344978,1.0212697009553577,0,1,6,5,1
38,4,4119,00:00:00.1970000,9,26,67,15559,15596,457,16053,77376,93429,1.0417764637830196,1.0887170685041694,0.036943841725587845,1,9,8,1
38,5,4475,00:00:00.2380000,9,57,140,29129,29423,2614,32037,153391,185428,1.0919702015173882,1.2106948320755588,0.0836481973528862,1,9,8,1
38,6,4831,00:00:00.3150000,18,108,275,53225,54108,10033,64141,289262,353403,1.1994363550962894,1.5272614720895488,0.15654142200946808,2,18,14,1.2142857
38,7,5182,00:00:00.4320000,28,199,502,95342,97449,30680,128129,527039,655168,1.392156657087118,2.3651060138878743,0.26209524273872375,3,28,22,1.2272727
38,8,5513,00:00:00.6210000,37,368,917,169576,174406,81729,256135,912123,1168258,1.6975338491295937,4.515586423955247,0.38102006912231445,3,37,29,1.2413793
38,9,5808,00:00:00.9170000,42,652,1586,303012,314763,198200,512963,1489254,2002217,2.1893093342837906,9.116924002354207,0.4254341721534729,4,42,31,1.3225807
38,10,6065,00:00:01.3580000,49,1157,2698,547300,571734,454347,1026081,2330772,3356853,2.8177069249040745,7.728022122839281,0.3771307170391083,4,49,37,1.2972972
38,11,6301,00:00:02.0040000,46,2068,4623,979306,1033999,1014356,2048355,3610161,5658516,3.3995431458604357,4.098102561760066,0.30756404995918274,5,46,32,1.40625
38,12,6539,00:00:02.6550000,46,3593,7992,1743776,1859694,2245631,4105325,5735664,9840989,3.882834148422733,3.1440615768807345,0.250404417514801,5,46,29,1.5517242
38,13,6788,00:00:03.8580000,52,6356,14164,3073215,3311956,4897724,8209680,9362631,17572311,4.303192584963955,3.6712413413364837,0.18919263780117035,6,52,33,1.5454545
38,14,7052,00:00:06.1460000,54,11265,25638,5330502,5886180,10499623,16385803,15592651,31978454,4.784981414508427,6.132705581515773,0.1700771450996399,5,55,37,1.4594594
38,15,7325,00:00:11.3650000,58,20429,46813,9324169,10572948,22257683,32830631,25675382,58506013,5.354798910229962,10.932987219499122,0.18106834590435028,6,59,43,1.3488373
38,16,7607,00:00:27.2360000,65,37573,86358,16554599,19265887,46316274,65582161,42430789,108012950,6.041712819501095,13.355883972759866,0.2590670585632324,5,66,48,1.3541666
38,17,7896,00:01:00.2440000,73,68937,160715,29900539,35533329,95558514,131091843,69945774,201037617,6.815776096879056,13.473032931583937,0.3690008223056793,5,73,48,1.5
38,18,8195,00:02:05.0870000,83,128487,303017,53740414,65559380,196710948,262270328,115629779,377900107,7.533958912188507,12.803032295489661,0.3362986445426941,5,83,54,1.5185186
38,19,8509,00:04:13.0090000,89,239283,574144,94080277,120732739,403899766,524632505,192429654,717062159,8.26351659232466,14.668840090736198,0.41789939999580383,6,90,60,1.4833333
38,20,8835,00:08:22.8960000,107,449605,1094532,168233591,225899713,824426886,1050326599,318091392,1368417991,9.136839711160894,15.154865974961497,0.43177172541618347,6,108,73,1.4657534
3,0,2673,00:00:00.1300000,2,2,6,1002,1002,0,1002,5292,6294,1.0149700598802396,1.0303881271236222,0,1,2,1,1
3,1,3014,00:00:00.1650000,5,7,15,2003,2005,0,2005,10238,12243,1.0219670494258613,1.0451328706063416,0,1,5,4,1
3,2,3356,00:00:00.2460000,5,12,26,3988,4001,0,4001,20105,24106,1.0441323971915748,1.092540475415006,0.011595377698540688,1,5,4,1
3,3,3719,00:00:00.2770000,7,17,45,7966,7999,6,8005,41458,49463,1.0805925182023601,1.1756326280554072,0.02118433453142643,1,7,6,1
3,4,4040,00:00:00.3110000,14,33,80,15574,15633,419,16052,77382,93434,1.161294465134198,1.3842468765241704,0.059291355311870575,2,14,12,1.0833334
3,5,4336,00:00:00.3580000,15,51,129,29426,29580,2464,32044,139374,171418,1.3033711683545164,1.7984106365252317,0.10061811655759811,2,15,13,1.0769231
3,6,4622,00:00:00.4280000,18,94,233,54344,54674,9417,64091,249526,313617,1.5098262917709406,2.4848409566209964,0.15038558840751648,2,18,16,1.0625
3,7,4891,00:00:00.5460000,20,173,424,98460,99665,28706,128371,431379,559750,1.7599431241113141,3.182931315865352,0.16063357889652252,3,20,17,1.117647
3,8,5147,00:00:00.6990000,23,355,783,175985,179282,77132,256414,728974,985388,2.0460550615109243,3.5797229909483876,0.16029688715934753,3,23,20,1.1
3,9,5401,00:00:00.9060000,27,607,1387,311559,319885,193342,513227,1230639,1743866,2.353345594253416,3.452095475851008,0.14142094552516937,3,27,24,1.0833334
3,10,5662,00:00:01.2180000,30,1128,2500,541296,565203,458880,1024083,2090726,3114809,2.6656727557565545,3.0278591892588085,0.11314190179109573,4,30,25,1.16
3,11,5931,00:00:01.7710000,37,1967,4423,942768,999036,1049550,2048586,3550668,5599254,3.000422161125537,2.986597462513125,0.09015846997499466,4,37,32,1.125
3,12,6215,00:00:02.8070000,43,3551,8122,1623424,1761466,2341248,4102714,6084906,10187620,3.3650444985413546,3.673042097098507,0.08636800944805145,4,43,37,1.1351352
3,13,6513,00:00:05.4560000,49,6339,14801,2788624,3110346,5084673,8195019,10414361,18609380,3.7901014980865115,5.3594420784558965,0.10417293757200241,4,49,42,1.1428572
3,14,6829,00:00:12.6410000,56,11272,27134,4767173,5497735,10900700,16398435,17879851,34278286,4.220122072347699,7.53808701945477,0.20038795471191406,4,56,45,1.2222222
3,15,7165,00:00:27.4810000,74,20415,50246,8080401,9681359,23142765,32824124,30539358,63363482,4.642186322188713,8.789853202698245,0.23828953504562378,5,74,59,1.2372881
3,16,7520,00:00:56.2970000,94,36719,92893,13541080,17104032,48476930,65580962,51563424,117144386,5.123172080808916,10.85769563164727,0.2796536982059479,5,95,73,1.2876712
3,17,7893,00:01:52.0170000,113,67264,173734,23301473,31062441,100045892,131108333,86942074,218050407,5.845009454981666,20.679804704311902,0.34567832946777344,7,114,77,1.4675325
3,18,8260,00:03:32.8250000,106,125577,323959,42541239,59133767,203261174,262394941,142572821,404967762,6.9656379307617255,27.94583573870056,0.4693589210510254,6,107,70,1.5142857
3,19,8607,00:06:27.9570000,104,236200,602338,85596634,115285165,409681474,524966639,226984560,751951199,8.147056366725822,23.802330449448323,0.4240393340587616,6,105,67,1.5522388
3,20,8942,00:11:35.3020000,100,445179,1125671,167237252,223532705,826361721,1049894426,356211106,1406105532,9.195288666905386,23.78844583121686,0.4626557230949402,6,101,66,1.5151515
39,0,2527,00:00:00.0350000,1,2,6,1000,1001,0,1001,5356,6357,1,1,0,0,1,1,0
39,1,2847,00:00:00.0470000,4,6,11,1999,2001,0,2001,9966,11967,1.007503751875938,1.0151572307710763,0,1,4,3,1
39,2,3197,00:00:00.0780000,6,10,20,3995,4002,0,4002,20170,24172,1.0322903629536921,1.0675533650816869,0.028581803664565086,1,6,5,1
39,3,3554,00:00:00.0870000,9,22,47,7968,8002,4,8006,40586,48592,1.0715361445783131,1.158259873065043,0.05306140333414078,1,9,8,1
39,4,3880,00:00:00.1010000,10,46,95,15473,15602,450,16052,78079,94131,1.1263491242810055,1.3024891487977523,0.08643470704555511,1,10,9,1
39,5,4195,00:00:00.1220000,14,73,166,29111,29546,2501,32047,144173,176220,1.2296382810621416,1.6394555373019475,0.13969409465789795,2,14,12,1.0833334
39,6,4498,00:00:00.1560000,23,118,288,53638,54450,9614,64064,260566,324630,1.3854170550728961,2.348269303219488,0.20609943568706512,2,23,20,1.1
39,7,4793,00:00:00.2110000,31,209,496,96950,98866,29368,128234,460078,588312,1.5769675090252708,3.567699604558862,0.2782024145126343,2,31,26,1.1538461
39,8,5088,00:00:00.3090000,37,378,853,170883,176418,79818,256236,803974,1060210,1.7977739154860344,5.222677195697885,0.3504656255245209,2,37,30,1.2
39,9,5390,00:00:00.4890000,46,670,1519,298593,312066,201090,513156,1399579,1912735,2.0450546395930247,6.983931756448291,0.3971326947212219,3,46,37,1.2162162
39,10,5699,00:00:00.8240000,58,1168,2710,518731,548195,476571,1024766,2421041,3445807,2.3455181972930093,9.378971629414899,0.4272013008594513,3,58,45,1.2666667
39,11,6012,00:00:01.3620000,65,2042,4857,894824,963962,1085128,2049090,4119076,6168166,2.6875463778351945,12.185018306093076,0.43465137481689453,4,65,50,1.28
39,12,6335,00:00:02.3130000,72,3670,8915,1543337,1700506,2403865,4104371,6994912,11099283,3.0799592052805056,14.769415652855793,0.42943039536476135,5,72,55,1.290909
39,13,6666,00:00:04.0640000,80,6496,16066,2656590,3012825,5187456,8200281,11800011,20000292,3.5475869441652645,16.487570386413132,0.4332255423069,5,80,57,1.3859649
39,14,6997,00:00:07.2800000,86,11641,28916,4684781,5444677,10940620,16385297,19582679,35967976,4.219266813112502,16.619147436847868,0.4328100383281708,6,87,60,1.4333333
39,15,7311,00:00:13.7690000,87,20647,51144,8597484,10068769,22711561,32780330,31284355,64064685,5.07927947292487,8.224129966258184,0.35394975543022156,6,88,56,1.5535715
39,16,7610,00:00:33.2620000,76,37827,91551,15907179,18854082,46753571,65607653,48981406,114589059,5.9801986889064365,5.234928898654445,0.2780613303184509,7,77,53,1.4339622
39,17,7901,00:01:09.4770000,65,69205,166018,29812202,35598698,95568149,131166847,76653038,207819885,6.910232830167996,4.9194482344389625,0.2054797261953354,7,66,45,1.4444444
39,18,8191,00:02:15.2810000,63,128811,306557,55435011,67039979,195315695,262355674,120922335,383278009,7.765348039707253,3.8609698023147976,0.18342453241348267,7,64,45,1.4
39,19,8483,00:04:16.8890000,69,241264,573344,104138949,127505598,397870171,525375769,192094950,717470719,8.728207627676365,5.02801565881512,0.14931021630764008,7,70,53,1.3018868
39,20,8770,00:07:59.4830000,71,459366,1081933,197570889,246441454,804202652,1050644106,302783483,1353427589,9.800600957968054,6.877256693915225,0.10723298788070679,7,72,53,1.3396226
40,0,1906,00:00:00.0290000,2,2,5,1002,1002,0,1002,4459,5461,1.028942115768463,1.059556533321071,0,1,2,1,1
40,1,2301,00:00:00.0430000,3,4,10,2005,2006,0,2006,10257,12263,1.0418952618453865,1.0876847180648144,0.01754418946802616,1,3,2,1
40,2,2608,00:00:00.0750000,4,7,18,4000,4007,0,4007,19093,23100,1.09575,1.211094465277384,0.024289051070809364,1,4,3,1
40,3,2934,00:00:00.0830000,7,16,34,8004,8021,0,8021,38062,46083,1.2066466766616692,1.5008810754359376,0.04807903617620468,2,7,5,1.2
40,4,3209,00:00:00.0920000,9,28,65,15561,15622,399,16021,68430,84451,1.3476640318745583,1.9033461847349935,0.07769222557544708,1,9,8,1
40,5,3458,00:00:00.1060000,9,55,119,29379,29670,2334,32004,121369,153373,1.492937131965009,2.21430931827362,0.11958224326372147,1,9,8,1
40,6,3706,00:00:00.1270000,16,96,214,54465,55089,9005,64094,216442,280536,1.6486367391903056,2.304954988569277,0.15199777483940125,2,16,13,1.1538461
40,7,3958,00:00:00.1660000,21,186,397,98240,100056,28239,128295,387955,516250,1.8495521172638436,2.2750330685907274,0.2048947662115097,3,21,16,1.25
40,8,4203,00:00:00.2370000,26,336,696,175540,180145,75975,256120,674075,930195,2.1457730431810416,2.5475139448117075,0.2554418742656708,3,26,21,1.1904762
40,9,4434,00:00:00.3480000,31,604,1248,314008,325400,186747,512147,1128652,1640799,2.6011471045323686,3.5748655028924112,0.28174471855163574,3,31,24,1.25
40,10,4652,00:00:00.5520000,30,1124,2281,561132,589104,437084,1026188,1843664,2869852,3.1168548576805457,4.442576439764223,0.3166581690311432,3,30,24,1.2083334
40,11,4869,00:00:00.8960000,35,1921,3980,998842,1056219,994028,2050247,3022517,5072764,3.543664563564608,3.8896945494283512,0.306856632232666,4,35,27,1.2592592
40,12,5102,00:00:01.4810000,40,3467,7246,1742440,1864298,2238903,4103201,5105116,9208317,3.852691053924382,3.3495293931032655,0.2781948745250702,4,40,31,1.2580645
40,13,5361,00:00:02.7410000,45,6310,13687,2968657,3256783,4952541,8209324,8884620,17093944,4.1265195002319235,3.5172706532091342,0.3033299148082733,5,46,36,1.25
40,14,5642,00:00:06.6280000,57,11407,25642,5129530,5775204,10634036,16409240,15527600,31936840,4.618410653607641,5.406967545762283,0.4384424090385437,6,58,45,1.2666667
40,15,5909,00:00:16.0630000,63,20724,46644,9543238,10852537,22001918,32854455,25362109,58216564,5.67984692407336,9.005662366400143,0.2866787612438202,7,64,49,1.2857143
40,16,6146,00:00:31.6510000,52,38393,83994,18701542,21213794,44365749,65579543,39399055,104978598,6.92461675085402,6.720105160977366,0.1490769237279892,7,53,38,1.3684211
40,17,6373,00:00:58.7830000,49,71063,154041,35982478,40684949,90643960,131328909,61077447,192406356,7.858680716764421,5.376902671157218,0.09329306334257126,8,50,34,1.4411764
40,18,6606,00:01:49.2970000,44,132571,287607,65975125,75999464,186855810,262855274,96838812,359694086,8.61365009918511,5.4327033020282505,0.07378099113702774,8,45,30,1.4666667
40,19,6850,00:03:26.8610000,54,250682,545890,119940270,141060943,384495914,525556857,156158593,681715450,9.363948530380997,7.541686403056373,0.1603250950574875,6,54,39,1.3589743
40,20,7105,00:06:39.9440000,60,472941,1044254,214218737,263550425,785517497,1049067922,254904204,1303972126,10.180065425369397,12.89332740756434,0.28624528646469116,6,60,42,1.4047619
41,0,3156,00:00:00.0410000,2,3,6,1000,1001,0,1001,5259,6260,1.003,1.0060180420147287,0,1,2,1,1
41,1,3474,00:00:00.0540000,2,2,10,2006,2006,0,2006,9894,11900,1.0019940179461615,1.0039959796742546,0,1,2,1,1
41,2,3828,00:00:00.0770000,2,7,19,3999,4008,0,4008,19883,23891,1.0050012503125783,1.010052516239116,0,1,2,1,1
41,3,4162,00:00:00.0850000,4,14,39,8006,8027,8,8035,39491,47526,1.0178616037971522,1.0364787084652267,0.008207473903894424,1,4,3,1
41,4,4511,00:00:00.1070000,7,30,74,15482,15567,451,16018,78576,94594,1.0516083193385868,1.110196842061375,0.03137287497520447,1,7,6,1
41,5,4849,00:00:00.1250000,12,55,138,29203,29447,2635,32082,150397,182479,1.1160839639763038,1.2554065412997877,0.057458993047475815,2,12,10,1.1
41,6,5186,00:00:00.1580000,18,119,260,53437,54159,9950,64109,280357,344466,1.2578176170069428,1.6314630965638222,0.10746532678604126,2,18,16,1.0625
41,7,5508,00:00:00.2160000,23,207,475,96275,98250,29899,128149,497600,625749,1.5153882108543235,2.5527106526922743,0.17855191230773926,2,23,20,1.1
41,8,5803,00:00:00.3140000,29,383,862,171750,176685,79655,256340,840633,1096973,1.8785327510917031,4.351912090237822,0.23985296487808228,3,29,23,1.2173913
41,9,6076,00:00:00.4870000,31,617,1472,303906,316541,195745,512286,1378440,1890726,2.263824998519279,5.951728520232187,0.29268524050712585,3,31,23,1.3043479
41,10,6347,00:00:00.7590000,35,1149,2582,536247,563351,463267,1026618,2273414,3300032,2.6182356264930156,5.852903233887335,0.3009290397167206,4,35,26,1.3076923
41,11,6623,00:00:01.2350000,36,2007,4537,927077,991697,1056829,2048526,3771100,5819626,2.9323324815522334,5.5788667438851895,0.3023601770401001,4,36,27,1.2962962
41,12,6916,00:00:02.0610000,47,3571,8248,1608813,1746201,2353456,4099657,6382118,10481775,3.305634651137205,6.6046934963693005,0.2850099205970764,4,47,38,1.2105263
41,13,7217,00:00:03.9110000,59,6389,15084,2804562,3108477,5086353,8194830,10749333,18944163,3.802624438325842,7.677932099075883,0.24760955572128296,5,59,46,1.2608696
41,14,7522,00:00:09.8610000,68,11575,27470,4952075,5600681,10787706,16388387,17938552,34326939,4.408733914571164,5.466316221574301,0.20536965131759644,6,69,52,1.3076923
41,15,7826,00:00:22.2690000,68,20759,49744,8722801,10140474,22658758,32799232,29237883,62037115,5.081310464379504,4.840372161647714,0.1655169278383255,7,69,48,1.4166666
41,16,8124,00:00:44.1920000,72,37397,89661,16054607,18856389,46695494,65551883,46870427,112422310,5.9579904385077755,8.047021949253379,0.17202654480934143,7,73,51,1.4117647
41,17,8415,00:01:22.9330000,63,69126,164345,29925610,35686918,95679024,131365942,74552450,205918392,6.895318758748777,10.21465465178028,0.19517427682876587,7,64,41,1.5365853
41,18,8709,00:02:33.4510000,64,127905,305299,54319980,66261260,196394170,262655430,119534029,382189459,7.619311825961645,9.19217853480272,0.268720805644989,6,64,40,1.575
41,19,9018,00:04:48.2200000,77,237448,574250,95891450,121781368,402907230,524688598,195176122,719864720,8.316552893923285,11.483735146862552,0.2929125130176544,7,78,50,1.54
41,20,9337,00:09:04.7290000,92,448027,1090498,170240372,229122801,819797666,1048920467,318028092,1366948559,9.249076588014034,20.52948738092083,0.4744125306606293,5,93,58,1.5862069
42,0,2659,00:00:00.0380000,3,4,8,1002,1003,0,1003,4678,5681,1.0349301397205588,1.072637736428264,0.016904937103390694,1,3,2,1
42,1,2955,00:00:00.0590000,4,5,12,2005,2007,0,2007,8890,10897,1.0807980049875312,1.1781056641788865,0.04923674091696739,1,4,3,1
42,2,3271,00:00:00.0820000,7,10,22,4000,4006,0,4006,18138,22144,1.2005,1.4861542629407651,0.09724345803260803,2,7,5,1.2
42,3,3527,00:00:00.0880000,10,20,41,7978,8013,0,8013,33069,41082,1.3554775632990725,1.9960597544503162,0.1658085733652115,3,10,7,1.2857143
42,4,3757,00:00:00.0960000,12,33,66,15625,15694,347,16041,58699,74740,1.545088,2.765101035780862,0.22464023530483246,3,12,8,1.375
42,5,3959,00:00:00.1070000,16,60,119,29751,29977,2101,32078,101200,133278,1.8188968438035695,3.8471614508239247,0.2601155638694763,3,16,12,1.25
42,6,4139,00:00:00.1230000,16,108,207,55590,56241,7938,64179,169976,234155,2.16085626911315,4.809069135732397,0.31263676285743713,3,16,12,1.25
42,7,4311,00:00:00.1470000,16,171,337,101817,103633,24509,128142,286323,414465,2.5371401632340373,4.92122962208253,0.2770230174064636,3,16,12,1.25
42,8,4475,00:00:00.1870000,19,306,582,186568,190041,66772,256813,477186,733999,2.9062486600060033,4.176587128466868,0.24490943551063538,4,19,14,1.2857143
42,9,4641,00:00:00.2630000,20,582,1074,335199,342478,169675,512153,804546,1316699,3.2405317438297847,3.1840776537198208,0.18272782862186432,4,20,15,1.2666667
42,10,4819,00:00:00.4050000,20,1020,1971,594684,613460,413390,1026850,1391934,2418784,3.515963099730277,2.4339536830219126,0.13931483030319214,4,20,15,1.2666667
42,11,5015,00:00:00.7000000,24,1897,3689,1038929,1083334,970925,2054259,2463101,4517360,3.7414722276498202,2.0151003653876125,0.10282596200704575,4,24,19,1.2105263
42,12,5237,00:00:01.2610000,24,3371,6918,1773210,1889098,2216591,4105689,4452948,8558637,3.941634662561118,1.8628798908707465,0.09914130717515945,4,24,19,1.2105263
42,13,5490,00:00:02.3610000,37,6101,13202,3017091,3278181,4931632,8209813,8148501,16358314,4.170886459838301,2.114618235548593,0.0692853331565857,5,38,28,1.3214285
42,14,5774,00:00:04.7570000,45,11159,25105,5051569,5720220,10693325,16413545,14874348,31287893,4.469390599237584,3.0874413179247924,0.07697547972202301,4,46,36,1.25
42,15,6078,00:00:12.1890000,70,20139,47148,8588548,10063177,22750045,32813222,26177248,58990470,4.941433290004317,6.096958379422304,0.18769387900829315,4,70,57,1.2105263
42,16,6396,00:00:32.1500000,87,36947,88443,14933659,18176734,47457312,65634046,45035895,110669941,5.592733435255218,10.763596956482202,0.2464606761932373,5,87,68,1.2647059
42,17,6715,00:01:11.1370000,93,68620,165138,27144283,33914435,97230751,131145186,75329164,206474350,6.53968089707877,13.905921048399167,0.39955615997314453,4,93,69,1.3333334
42,18,7024,00:02:21.5430000,73,127926,307612,51119118,65185873,197470786,262656659,122376234,385032893,7.629529836567212,10.496207149901299,0.3293914496898651,6,73,50,1.44
42,19,7321,00:04:26.2770000,76,241120,575580,100963856,126762110,398581932,525344042,194699797,720043839,8.781508374640525,9.677290784337263,0.28397616744041443,6,77,56,1.3571428
42,20,7601,00:08:03.6820000,72,462091,1081371,200287847,251091584,798126633,1049218217,302519503,1351737720,10.004786121646212,4.9483442958229595,0.21395230293273926,7,73,50,1.44
43,0,2615,00:00:00.0340000,3,3,4,1002,1002,0,1002,4300,5302,1.06187624750499,1.1317949456217349,0.013524462468922138,1,3,2,1
43,1,2964,00:00:00.0550000,5,7,10,2006,2008,0,2008,9088,11096,1.1360917248255233,1.3118505110449972,0.03298824653029442,1,5,4,1
43,2,3223,00:00:00.0740000,4,9,18,3998,4004,0,4004,16525,20529,1.2466233116558278,1.6134501208878769,0.07115298509597778,1,4,3,1
43,3,3473,00:00:00.0800000,6,16,34,7992,8015,1,8016,31099,39115,1.3724974974974975,1.9834691065707373,0.12062480300664902,2,6,4,1.25
43,4,3692,00:00:00.0860000,8,30,63,15630,15712,366,16078,55631,71709,1.5010876519513756,2.274018031821187,0.15714357793331146,3,8,5,1.4
43,5,3910,00:00:00.0980000,13,67,125,29675,29945,2168,32113,101707,133820,1.6820219039595619,2.4822542712220197,0.19650225341320038,4,13,8,1.5
43,6,4119,00:00:00.1160000,18,96,195,54999,55613,8467,64080,182364,246444,1.9649084528809615,2.8071535629384217,0.19200241565704346,4,18,13,1.3076923
43,7,4303,00:00:00.1420000,22,178,356,101745,103385,24994,128379,305726,434105,2.4190869330188214,3.4785349879125786,0.17096416652202606,4,22,17,1.2352941
43,8,4463,00:00:00.1800000,25,291,608,187715,191215,65691,256906,491533,748439,3.0660362784007673,4.414216734252854,0.13757826387882233,5,25,19,1.2631578
43,9,4606,00:00:00.2450000,26,548,1041,345799,353224,160099,513323,772388,1285711,3.7041749686956873,4.221100855275132,0.11079473048448563,5,26,20,1.25
43,10,4747,00:00:00.3480000,25,1008,1834,631661,647766,380565,1028331,1236852,2265183,4.215688478471838,3.448400058018757,0.08336623758077621,5,25,19,1.2631578
43,11,4895,00:00:00.5530000,21,1803,3290,1132061,1170743,885872,2056615,2044604,4101219,4.590702267810657,2.9114926131521464,0.07023418694734573,5,21,15,1.3333334
43,12,5059,00:00:00.9310000,21,3275,6079,1994143,2080312,2024293,4104605,3514036,7618641,4.87166918320301,2.6937823965429586,0.05875254422426224,5,21,16,1.25
43,13,5246,00:00:01.6420000,21,5847,11393,3450035,3653049,4552449,8205498,6239848,14445346,5.108606434427477,2.740030416885301,0.07891898602247238,4,21,17,1.1764706
43,14,5459,00:00:03.1860000,31,10906,21961,5906564,6348636,10076825,16425461,11160534,27585995,5.333758340720595,3.0314040355023537,0.13738679885864258,4,31,26,1.1538461
43,15,5704,00:00:06.6470000,39,20118,42326,9888004,10996369,21804111,32800480,20273086,53073566,5.562695059589378,3.3344798014022885,0.14620013535022736,3,39,34,1.117647
43,16,5985,00:00:16.2370000,67,37150,82183,16628438,19126292,46476366,65602658,37044554,102647212,5.883477389758437,3.873264664288702,0.17181283235549927,4,67,54,1.2222222
43,17,6297,00:00:47.4760000,89,68629,158765,27857743,33944502,97308861,131253363,66819342,198072705,6.387626449134806,5.810998545797415,0.21817447245121002,6,89,66,1.3333334
43,18,6621,00:01:55.9860000,93,127483,303417,48784099,63210482,199479735,262690217,116177887,378868104,7.319653930679339,15.484633014056431,0.291007399559021,6,94,67,1.3880597
43,19,6932,00:04:03.6680000,95,241554,574843,95212969,123539914,401894627,525434541,192001737,717436278,8.599794551097341,19.03953688237691,0.30456429719924927,7,96,61,1.5573771
43,20,7231,00:07:55.5780000,87,457000,1086690,185739076,239466360,810757768,1050224128,307173937,1357398065,9.659638136672974,9.755514066049106,0.4149334728717804,7,88,50,1.74
44,0,2172,00:00:00.0320000,3,3,7,1001,1001,0,1001,4026,5027,1.004995004995005,1.0100520918850222,0,1,3,2,1
44,1,2551,00:00:00.0540000,2,4,8,2006,2009,0,2009,9501,11510,1.006480558325025,1.01304513797967,0,1,2,1,1
44,2,2876,00:00:00.0750000,6,11,19,4000,4009,0,4009,18797,22806,1.02625,1.054402569368196,0.015765514224767685,1,6,5,1
44,3,3204,00:00:00.0820000,6,15,29,7985,8006,6,8012,37380,45392,1.038321853475266,1.0808061805091067,0.030621668323874474,1,6,5,1
44,4,3545,00:00:00.0930000,10,25,63,15534,15587,450,16037,76371,92408,1.0972061284923393,1.2229391672232335,0.06581907719373703,1,10,9,1
44,5,3895,00:00:00.1110000,12,59,138,29152,29452,2596,32048,150636,182684,1.1892151481888036,1.4893758416766807,0.11837057769298553,2,12,10,1.1
44,6,4195,00:00:00.1400000,19,108,253,53796,54473,9634,64107,265602,329709,1.3503606216075545,2.0967182362334644,0.18636386096477509,2,19,15,1.2
44,7,4506,00:00:00.1960000,25,210,483,96816,98576,29674,128250,475220,603470,1.5791191538588663,3.390879013186219,0.26378366351127625,2,25,21,1.1428572
44,8,4797,00:00:00.2960000,32,367,850,172452,177210,79167,256377,812836,1069213,1.867911070906687,5.735544325557203,0.331621915102005,3,32,26,1.1923077
44,9,5078,00:00:00.4780000,34,673,1540,301588,315019,197087,512106,1366105,1878211,2.1783525869729563,8.623591205393058,0.37483057379722595,3,34,28,1.1785715
44,10,5362,00:00:00.7730000,44,1134,2678,527515,558879,466733,1025612,2302225,3327837,2.5043704918343552,10.644695456381303,0.4091521203517914,3,44,33,1.3030303
44,11,5653,00:00:01.2820000,55,2008,4765,908633,979354,1071733,2051087,3885923,5937010,2.8223529191653838,11.459345951064902,0.44187524914741516,4,55,38,1.4210526
44,12,5961,00:00:02.1490000,64,3579,8579,1562599,1717824,2383422,4101246,6633024,10734270,3.164854834797667,12.614312953663084,0.48719316720962524,4,64,46,1.3695652
44,13,6289,00:00:03.8760000,77,6444,15680,2681642,3014879,5191324,8206203,11401691,19607894,3.5257614551084746,14.55265539981476,0.5416623950004578,5,77,54,1.4074074
44,14,6637,00:00:08.3640000,88,11499,28666,4556747,5313716,11099402,16413118,19621344,36034462,3.962359990581,15.69575100209144,0.5606338977813721,5,89,63,1.3968254
44,15,6996,00:00:22.0980000,92,20902,52627,7793918,9512450,23275385,32787835,33260759,66048594,4.561105467109097,15.73344693771272,0.4480911195278168,6,93,65,1.4153847
44,16,7343,00:00:47.9680000,98,37612,95265,14168679,17580755,48079162,65659917,53711829,119371746,5.45604067958629,15.329518566134244,0.34397876262664795,5,99,71,1.3802817
44,17,7669,00:01:31.7950000,76,68772,172442,27256814,33834354,97527566,131361920,84614669,215976589,6.632722298358128,11.92970831511121,0.34682217240333557,5,77,56,1.3571428
44,18,7977,00:02:46.2360000,64,127821,314834,53111585,64769406,197384778,262154184,131537994,393692178,7.5834868607291614,10.004503580144545,0.45033779740333557,6,65,45,1.4222223
44,19,8293,00:05:06.2560000,75,237346,587151,97435873,120464313,404875931,525340244,208856876,734197120,8.256256235318999,10.21362977352089,0.342014878988266,5,76,55,1.3636364
44,20,8627,00:09:45.6320000,93,442792,1109903,167118523,220001885,829105710,1049107595,337879736,1386987331,8.883756919034044,12.272396996409533,0.2960952818393707,5,94,70,1.3285714
45,0,2151,00:00:00.1100000,1,1,1,1002,1002,0,1002,4415,5417,1,1,0,0,1,1,0
45,1,2474,00:00:00.1310000,2,2,9,2010,2010,0,2010,9010,11020,1.0059701492537314,1.0120115200402822,0,1,2,1,1
45,2,2834,00:00:00.1700000,2,9,18,4008,4024,0,4024,19466,23490,1.0107285429141717,1.021687224882461,0,1,2,1,1
45,3,3193,00:00:00.1840000,4,15,37,7980,8008,9,8017,40500,48517,1.0215538847117795,1.0441576320916655,0.007666687481105328,1,4,3,1
45,4,3532,00:00:00.2200000,10,30,87,15493,15568,461,16029,78674,94703,1.0582843864971276,1.1218804591389626,0.03106418251991272,2,10,8,1.125
45,5,3864,00:00:00.2500000,11,57,152,29194,29461,2576,32037,148755,180792,1.156607522093581,1.3351963758714556,0.0830661728978157,2,11,9,1.1111112
45,6,4189,00:00:00.2980000,18,96,267,53707,54400,9699,64099,273403,337502,1.3684063529893682,1.8878507082978742,0.15255798399448395,3,18,13,1.3076923
45,7,4470,00:00:00.3680000,22,194,467,97624,99455,28874,128329,462241,590570,1.7257334262066706,3.1595536533252755,0.2265351116657257,3,22,15,1.4
45,8,4717,00:00:00.4730000,27,346,804,176604,180386,75760,256146,748397,1004543,2.2021075400330683,5.292599886555127,0.23675143718719482,3,27,20,1.3
45,9,4939,00:00:00.6720000,29,595,1345,317950,326936,185342,512278,1185172,1697450,2.662557005818525,6.17371118547869,0.2514767050743103,4,29,20,1.4
45,10,5158,00:00:00.9240000,29,1066,2328,565270,586947,439609,1026556,1906746,2933302,3.0773807207175334,5.994017256137791,0.2657753825187683,4,29,19,1.4736842
45,11,5383,00:00:01.3700000,30,1858,4025,989694,1044013,1005594,2049607,3131891,5181498,3.424728249337674,5.647275304484367,0.2631533741950989,4,30,20,1.45
45,12,5624,00:00:02.2100000,46,3343,7318,1739508,1848643,2257204,4105847,5284936,9390783,3.7850587637423914,5.613739961140661,0.2541888654232025,5,46,33,1.3636364
45,13,5883,00:00:04.2530000,47,6253,13707,2996403,3257755,4941378,8199133,9057087,17256220,4.161082804949801,6.010905030297157,0.28297799825668335,6,47,34,1.3529412
45,14,6162,00:00:10.0890000,56,11214,25372,5205339,5779543,10624459,16404002,15659575,32063577,4.622208659224692,7.569432342805249,0.2981395125389099,6,57,44,1.2727273
45,15,6448,00:00:21.0970000,60,20180,46900,9063471,10348340,22436211,32784551,26238926,59023477,5.205766311824686,10.420497409418443,0.3085210621356964,6,61,45,1.3333334
45,16,6742,00:00:41.9990000,72,37190,87151,16198880,18891526,46691438,65582964,43684933,109267897,5.903689205673479,9.899930353040183,0.24439002573490143,6,73,56,1.2857143
45,17,7046,00:01:22.1170000,71,68535,162646,28617649,34464444,96612404,131076848,72643629,203720477,6.59009207919211,6.13960893661109,0.23435838520526886,6,72,55,1.290909
45,18,7369,00:02:41.0610000,79,126500,306838,50028121,62557588,199884210,262441798,121988327,384430125,7.18793646077573,6.117853182461199,0.2209799587726593,7,80,57,1.3859649
45,19,7711,00:05:17.0080000,87,235356,582726,85281665,114454810,409840260,524295070,205475351,729770421,7.893043410913706,11.376146423254953,0.19745689630508423,7,88,63,1.3809524
45,20,8054,00:10:07.5620000,99,446363,1108163,159022790,221796602,828853343,1050649945,337673453,1388323398,9.121790838910574,20.508602528275276,0.3106934130191803,7,100,62,1.5967742
46,0,3060,00:00:00.0830000,1,1,3,1003,1003,0,1003,5115,6118,1,1,0,0,1,1,0
46,1,3386,00:00:00.1020000,1,2,6,1999,2001,0,2001,9538,11539,1,1,0,0,1,1,0
46,2,3679,00:00:00.1360000,5,8,17,4011,4014,0,4014,17846,21860,1.0054849164796809,1.0110529165663538,0,1,5,4,1
46,3,4012,00:00:00.1640000,6,16,35,7972,8014,5,8019,37154,45173,1.0129202207727044,1.026308379840339,0.009182962588965893,1,6,5,1
46,4,4364,00:00:00.1830000,11,37,70,15470,15549,467,16016,76788,92804,1.0312217194570135,1.06532636166118,0.027839964255690575,1,11,10,1
46,5,4725,00:00:00.2150000,14,66,138,29177,29422,2622,32044,153393,185437,1.075573225485828,1.1690762570740427,0.06450429558753967,1,14,13,1
46,6,5093,00:00:00.2720000,20,122,280,53173,53905,10117,64022,294804,358826,1.173603144453012,1.4561838362963158,0.14049410820007324,1,20,19,1
46,7,5455,00:00:00.3640000,27,213,522,95232,97237,31031,128268,539708,667976,1.3321887600806452,2.1462058572188325,0.2530560791492462,2,27,24,1.0833334
46,8,5810,00:00:00.5520000,40,396,988,168052,172776,83468,256244,954391,1210635,1.5630876157379858,3.979722851441964,0.37922346591949463,2,40,33,1.1818181
46,9,6154,00:00:00.8790000,56,689,1752,295170,306316,206085,512401,1630433,2142834,1.853348917572924,8.124314926221812,0.47157496213912964,3,56,45,1.2222222
46,10,6477,00:00:01.3390000,63,1169,2986,518777,548286,476424,1024710,2688301,3713011,2.3744768946965653,15.960519016634953,0.5049060583114624,3,63,48,1.2916666
46,11,6742,00:00:01.9020000,60,2037,4942,955619,1019447,1033505,2052952,4112789,6165741,3.3304632913326335,8.91484965094583,0.3609779179096222,4,60,42,1.4047619
46,12,6963,00:00:02.7740000,49,3539,8121,1780734,1907777,2190586,4098363,6075387,10173750,4.2121748672176755,3.182518426589648,0.22049008309841156,4,49,36,1.3333334
46,13,7180,00:00:04.6150000,45,6321,14097,3239270,3475447,4725444,8200891,9232365,17433256,4.75710700250365,2.121191657054618,0.13228830695152283,4,45,32,1.375
46,14,7413,00:00:09.4390000,45,11139,24849,5658142,6132511,10266941,16399452,14644381,31043833,5.120156581436097,2.0659909377342762,0.08667368441820145,5,46,35,1.2857143
46,15,7674,00:00:19.7500000,46,20217,45575,9664977,10732348,22117881,32850229,24331163,57181392,5.4188856321127306,2.6089934337795726,0.08445563167333603,5,47,36,1.2777778
46,16,7964,00:00:41.0710000,60,36859,85387,16440314,18866437,46729100,65595537,41612945,107208482,5.820128739633562,4.2307354992316615,0.09924370795488358,5,61,48,1.25
46,17,8276,00:01:23.7050000,71,68175,161751,28116553,34026773,97100019,131126792,71336479,202463271,6.4401211272235255,8.77704237737803,0.19330088794231415,5,72,57,1.245614
46,18,8599,00:02:46.2950000,87,126586,306018,49809191,63041258,199655441,262696699,120607437,383304136,7.246060671814566,17.689138145919692,0.3562321960926056,4,87,64,1.34375
46,19,8930,00:05:22.4730000,99,236889,580683,87367010,117041547,407962364,525003911,201489106,726493017,8.049473170708257,18.37548510571488,0.3567501902580261,5,99,65,1.5076923
46,20,9273,00:10:26.4200000,126,444112,1106000,156960681,218372592,831876577,1050249169,333977477,1384226646,8.917383016451108,22.045619849405906,0.35455000400543213,6,126,85,1.4705882
47,0,1866,00:00:00.0600000,4,5,8,1005,1006,0,1006,3726,4732,1.6,2.142248217537958,0.014965037815272808,2,4,2,1.5
47,1,2046,00:00:00.0910000,6,7,11,2004,2005,0,2005,6304,8309,1.8083832335329342,2.3484210605893185,0.02475832775235176,2,6,4,1.25
47,2,2206,00:00:00.1220000,6,14,18,3997,4011,0,4011,10959,14970,1.9709782336752564,2.461213894272449,0.11514197289943695,2,6,4,1.25
47,3,2361,00:00:00.1290000,11,20,28,7987,8004,0,8004,19841,27845,2.151245774383373,2.6826700310305567,0.14496193826198578,3,11,8,1.25
47,4,2502,00:00:00.1360000,11,24,36,15735,15794,251,16045,35730,51775,2.344518589132507,2.9596063873527596,0.1888951063156128,3,11,8,1.25
47,5,2635,00:00:00.1450000,13,41,69,30245,30351,1755,32106,64166,96272,2.5043478260869567,3.225946149498563,0.2179880291223526,3,13,10,1.2
47,6,2775,00:00:00.1590000,14,90,148,56563,56914,7180,64094,118377,182471,2.6545798490179093,3.362927820825438,0.24757833778858185,3,14,11,1.1818181
47,7,2920,00:00:00.1840000,14,159,269,103924,105068,23197,128265,216754,345019,2.7971498402678883,3.4011383897000678,0.27705055475234985,3,14,11,1.1818181
47,8,3078,00:00:00.2300000,16,281,501,187358,190287,66240,256527,401856,658383,2.941032675412846,3.4318317542547034,0.2846667766571045,4,16,11,1.3636364
47,9,3252,00:00:00.3260000,19,536,969,333040,340534,173063,513597,746828,1260425,3.099297381695892,3.705729454036502,0.2853662371635437,4,19,14,1.2857143
47,10,3444,00:00:00.5500000,21,963,1858,581864,602271,424217,1026488,1379542,2406030,3.2702848088213052,4.169408740176343,0.2869422435760498,4,21,14,1.4285715
47,11,3660,00:00:00.9500000,35,1822,3609,1012969,1053232,996215,2049447,2557500,4606947,3.4854679659495997,4.963286551930934,0.271522581577301,4,35,26,1.3076923
47,12,3902,00:00:01.6860000,41,3333,6941,1740706,1839056,2258570,4097626,4719287,8816913,3.7295896032988916,5.794465519026753,0.26847878098487854,5,41,29,1.3793104
47,13,4168,00:00:03.3500000,48,6121,13269,2987117,3228363,4966021,8194384,8589691,16784075,4.086019061188431,7.057955771122494,0.2575596272945404,5,48,36,1.3055556
47,14,4442,00:00:08.1670000,50,11204,24844,5267461,5866782,10528491,16395273,15038633,31433906,4.791077333083244,9.507953044923955,0.23139704763889313,6,50,35,1.4
47,15,4690,00:00:17.4810000,62,20807,45672,10062871,11178115,21645433,32823548,24156706,56980254,5.9103547089096145,6.2713628937933885,0.15049567818641663,7,63,44,1.4090909
47,16,4923,00:00:33.8500000,54,38368,83209,18959658,21288027,44389152,65677179,38012004,103689183,6.848926441605645,3.963278161136931,0.0878017470240593,7,55,38,1.4210526
47,17,5163,00:01:04.5640000,52,70401,154260,34147087,39102639,92071312,131173951,60990986,192164937,7.4935584695701865,4.0731628360043155,0.07951054722070694,6,53,38,1.3684211
47,18,5424,00:02:06.3740000,55,129918,290847,59077453,70513778,191676133,262189911,101015511,363205422,7.998761168664465,5.558448915504886,0.13434843719005585,7,56,38,1.4473684
47,19,5709,00:04:16.1800000,83,242313,556505,103092902,127573441,396853497,524426938,170583083,695010021,8.614684762681334,10.488429293616429,0.27319565415382385,6,84,58,1.4310344
47,20,6012,00:08:40.1870000,104,456356,1070116,182009529,235927193,813364381,1049291574,287415571,1336707145,9.409384093291072,25.495112336432214,0.35414955019950867,6,105,73,1.4246576
48,0,2308,00:00:00.0620000,1,1,3,1001,1001,0,1001,4800,5801,1,1,0,0,1,1,0
48,1,2652,00:00:00.0730000,1,1,6,2009,2009,0,2009,9731,11740,1,1,0,0,1,1,0
48,2,3005,00:00:00.0970000,3,3,12,4006,4006,0,4006,19872,23878,1.0062406390414378,1.0125719956008896,0,1,3,2,1
48,3,3359,00:00:00.1140000,3,17,33,7973,8011,8,8019,40101,48120,1.00689828170074,1.0139102961751885,0,1,3,2,1
48,4,3703,00:00:00.1250000,7,32,68,15473,15546,461,16007,78608,94615,1.0248174238996963,1.0513316860971964,0.01857047714293003,1,7,6,1
48,5,4059,00:00:00.1450000,10,66,143,29107,29419,2640,32059,153705,185764,1.0562751228226888,1.1218125592229296,0.04299629479646683,1,10,9,1
48,6,4429,00:00:00.1840000,23,125,277,53183,54019,10094,64113,295193,359306,1.1387097380741966,1.323010090167449,0.09784410148859024,2,23,20,1.1
48,7,4802,00:00:00.2580000,34,214,530,94963,97214,30966,128180,548182,676362,1.3347408990870129,1.919685473282563,0.2077426314353943,3,34,27,1.2222222
48,8,5142,00:00:00.3780000,43,361,921,168728,174243,81979,256222,943038,1199260,1.6870051206675833,3.729721525294047,0.34250956773757935,3,43,36,1.1666666
48,9,5436,00:00:00.5690000,52,686,1629,301604,314092,197927,512019,1518132,2030151,2.173598493388682,8.320323753312946,0.4042859375476837,4,52,40,1.275
48,10,5705,00:00:00.8650000,54,1207,2785,536106,566131,459247,1025378,2401092,3426470,2.699477342167407,11.053403582144943,0.39440932869911194,4,54,40,1.325
48,11,5959,00:00:01.3150000,54,1999,4673,951735,1017311,1035263,2052574,3778430,5831004,3.207897156246224,7.66609484261806,0.3272952437400818,4,54,40,1.325
48,12,6215,00:00:02.0270000,52,3497,8145,1678904,1817324,2286180,4103504,6063109,10166613,3.6877165102948113,5.399638479351006,0.27578005194664,5,52,36,1.4166666
48,13,6481,00:00:03.6730000,53,6270,14473,2955872,3238779,4969994,8208773,9932564,18141337,4.139292229162833,5.04485498589798,0.22442442178726196,5,53,39,1.3333334
48,14,6763,00:00:08.9010000,58,11231,26233,5178014,5745261,10657304,16402565,16606024,33008589,4.58663302184969,6.05172776048231,0.21379749476909637,5,59,42,1.3809524
48,15,7057,00:00:20.4410000,66,20339,48043,8963345,10204283,22571994,32776277,27499561,60275838,5.086039977262953,8.135784428853519,0.18582768738269806,6,67,49,1.3469387
48,16,7361,00:00:42.3140000,72,37194,88741,15867604,18640423,46925317,65565740,45511633,111077373,5.831084516603767,10.667456454378062,0.1818854957818985,7,73,53,1.3584906
48,17,7645,00:01:19.5200000,70,69818,163149,31276757,36819987,94530534,131350521,72386397,203736918,7.259386163341679,9.011854307612973,0.20306357741355896,7,71,45,1.5555556
48,18,7885,00:02:15.4310000,55,133276,297924,65524657,75907495,186680461,262587956,108918760,371506716,8.832471004006935,5.69331021008022,0.18151234090328217,7,55,37,1.4594594
48,19,8108,00:03:47.6850000,41,253134,550857,129151339,149278454,375063947,524342401,162983997,687326398,9.941666605562641,5.920051319595531,0.17869514226913452,7,41,30,1.3333334
48,20,8336,00:06:47.1110000,36,482920,1042208,241952978,283806279,765186947,1048993226,251404972,1300398198,10.778237517704783,6.986626115005912,0.1592138111591339,8,37,26,1.3846154
4,0,3526,00:00:00.0440000,2,3,5,1001,1002,0,1002,5818,6820,1.002997002997003,1.0060119256224525,0,1,2,1,1
4,1,3855,00:00:00.0560000,3,3,8,2007,2007,0,2007,10610,12617,1.0338814150473343,1.0701986750515735,0.009492851793766022,1,3,2,1
4,2,4176,00:00:00.0890000,3,6,20,4005,4008,0,4008,19940,23948,1.0484394506866417,1.1018779189464079,0.015530455857515335,1,3,2,1
4,3,4489,00:00:00.0950000,4,9,26,7988,8000,3,8003,38132,46135,1.093515272909364,1.2048506253549676,0.012386130169034004,1,4,3,1
4,4,4802,00:00:00.1030000,5,30,65,15519,15583,435,16018,73472,89490,1.1932469875636316,1.46132493627325,0.03706001490354538,1,5,4,1
4,5,5089,00:00:00.1190000,7,54,128,29320,29589,2449,32038,133641,165679,1.311630286493861,1.783928076560467,0.05881008505821228,2,7,5,1.2
4,6,5368,00:00:00.1460000,13,107,246,53908,54700,9409,64109,241073,305182,1.47176671366031,2.153392912428509,0.09321355074644089,2,13,10,1.2
4,7,5644,00:00:00.1960000,22,214,451,97114,99078,28968,128046,428059,556105,1.6599872315011224,2.301154883781774,0.12781088054180145,3,22,18,1.1666666
4,8,5928,00:00:00.2880000,30,350,793,172246,177074,79236,256310,759697,1016007,1.877645925014224,2.3129325378238823,0.18877461552619934,3,30,26,1.1153846
4,9,6219,00:00:00.4700000,36,643,1475,300479,313091,199803,512894,1334680,1847574,2.1095850292366523,2.579436652754051,0.2649548351764679,3,36,32,1.09375
4,10,6516,00:00:00.7730000,48,1125,2685,526581,553780,472578,1026358,2314792,3341150,2.430319362073451,3.7636634180225474,0.3758732080459595,5,48,40,1.175
4,11,6800,00:00:01.2690000,52,2030,4789,930966,993347,1056931,2050278,3849058,5899336,3.009340835218472,7.034147639441373,0.4493344724178314,5,52,43,1.1860465
4,12,7042,00:00:01.9400000,50,3595,8178,1743230,1875425,2226046,4101471,5984471,10085942,4.077272075400263,6.9448215428459195,0.29223284125328064,6,50,38,1.2894737
4,13,7248,00:00:03.1820000,39,6343,13865,3299931,3571706,4643419,8215125,8973114,17188239,5.080348043640912,2.926949501409566,0.22001738846302032,6,39,29,1.3103448
4,14,7449,00:00:06.5420000,34,11343,24224,6002226,6518304,9896059,16414363,13609600,30023963,5.661219021076514,1.8989175285767292,0.16004231572151184,6,35,25,1.36
4,15,7671,00:00:14.4720000,36,20295,43471,10473395,11524776,21270536,32795312,21868529,54663841,5.974864215471679,1.7179145643025333,0.07372232526540756,6,37,30,1.2
4,16,7927,00:00:31.1790000,52,36895,81804,17780025,20009544,45572224,65581768,37186520,102768288,6.225059976012407,2.0600669569578547,0.061919912695884705,5,53,41,1.2682927
4,17,8221,00:01:07.5280000,75,68112,157054,29638718,34832085,96372843,131204928,65303026,196507954,6.534733519850622,3.4384552232928387,0.154169961810112,5,75,59,1.2542373
4,18,8548,00:02:24.5100000,96,126793,302124,48515280,61823094,200392484,262215578,115294812,377510390,7.027351939430217,8.052805899536132,0.22129417955875397,4,96,76,1.25
4,19,8897,00:04:59.5280000,114,235862,580146,80681492,113273043,411080890,524353933,200411937,724765870,7.79388575263333,16.189748650691666,0.29225730895996094,5,115,82,1.3902439
4,20,9226,00:09:25.7930000,97,455533,1100861,165715129,234493621,814360292,1048853913,326387776,1375241689,9.895507096397939,15.654795562980658,0.5659778714179993,5,97,66,1.4545455
49,0,2619,00:00:00.0360000,2,2,3,1001,1001,0,1001,4638,5639,1.011988011988012,1.0242633065708067,0,1,2,1,1
49,1,2939,00:00:00.0480000,3,4,7,2007,2009,0,2009,9233,11242,1.0398604882909817,1.0834842980602144,0.027072304859757423,1,3,2,1
49,2,3239,00:00:00.0780000,5,10,16,3991,4001,0,4001,17812,21813,1.0904535204209471,1.201318976679012,0.04795166477560997,1,5,4,1
49,3,3572,00:00:00.0860000,9,20,36,7987,8015,1,8016,36616,44632,1.1671466132465256,1.3994178509854895,0.07967106252908707,2,9,7,1.1428572
49,4,3845,00:00:00.0950000,12,39,72,15564,15623,398,16021,67576,83597,1.3069262400411206,1.8078816822171575,0.11366818845272064,2,12,10,1.1
49,5,4107,00:00:00.1100000,13,51,122,29461,29685,2348,32033,122830,154863,1.4939750857065273,2.45654571985724,0.15402859449386597,2,13,11,1.0909091
49,6,4344,00:00:00.1300000,16,96,212,54588,55144,8858,64002,213883,277885,1.7614860408881072,3.4741650310774967,0.1901683360338211,3,16,13,1.1538461
49,7,4562,00:00:00.1620000,18,165,383,100152,101374,26797,128171,360777,488948,2.051641504912533,4.182031705654172,0.20441903173923492,3,18,14,1.2142857
49,8,4778,00:00:00.2180000,20,306,673,179625,182777,73320,256097,612006,868103,2.339562978427279,4.127914656196289,0.20570696890354156,3,20,16,1.1875
49,9,4998,00:00:00.3240000,23,558,1189,318894,327474,185453,512927,1045481,1558408,2.6299773592479005,3.7172520851821798,0.20475180447101593,4,23,18,1.2222222
49,10,5226,00:00:00.5320000,31,1074,2243,561714,581260,445079,1026339,1796951,2823290,2.949862385484428,3.5583461695043535,0.20171433687210083,5,31,23,1.3043479
49,11,5463,00:00:00.9030000,34,1897,4062,984916,1031880,1018994,2050874,3083998,5134872,3.3085126041205544,4.004599616346241,0.2085706889629364,5,34,26,1.2692307
49,12,5708,00:00:01.5200000,39,3441,7385,1733920,1843650,2258517,4102167,5266058,9368225,3.793288617698625,5.3183963146043824,0.196938157081604,6,39,30,1.2666667
49,13,5952,00:00:02.6820000,42,6201,13519,3097910,3350192,4849703,8199895,8806444,17006339,4.444863472470149,6.839267594992604,0.1678926646709442,6,43,32,1.3125
49,14,6192,00:00:05.7040000,42,11235,24603,5570816,6129488,10287293,16416781,14389557,30806338,5.158208779467856,5.613597897557749,0.20677638053894043,5,42,30,1.3666667
49,15,6435,00:00:13.9100000,44,20608,45158,9987975,11130455,21697875,32828330,23392794,56221124,5.764696046996513,4.331892963400616,0.1922983080148697,6,45,32,1.375
49,16,6696,00:00:31.0110000,48,37559,83842,17466367,19946890,45738392,65685282,38975101,104660383,6.2429776610098715,4.3295397045492985,0.1712614744901657,5,49,37,1.2972972
49,17,6983,00:01:05.3460000,64,68903,158032,29781102,35401273,95915095,131316368,66421665,197738033,6.681338554899681,5.3832727262697375,0.13389460742473602,6,65,46,1.3913044
49,18,7299,00:02:15.7710000,89,127257,301785,50218478,63215880,199396912,262612792,114797120,377409912,7.189259997087128,8.385045681168405,0.17449861764907837,7,90,61,1.4590164
49,19,7635,00:04:37.8150000,111,237328,577328,84631189,115688485,408619516,524308001,196844768,721152769,7.936526308285708,18.73578238523446,0.25262880325317383,6,112,75,1.48
49,20,7978,00:09:21.3250000,126,445528,1102231,151718111,219402812,829880272,1049283084,329104462,1378387546,8.982964255335343,35.743743210998524,0.3712524175643921,7,127,83,1.5180722
5,0,1924,00:00:00.0320000,3,3,6,1002,1002,0,1002,4922,5924,1.0059880239520957,1.012066073639845,0,1,3,2,1
5,1,2309,00:00:00.0550000,1,4,10,2007,2010,0,2010,10308,12318,1,1,0,0,1,1,0
5,2,2699,00:00:00.0780000,3,5,16,3996,4002,0,4002,21845,25847,1.0085085085085086,1.01718626712118,0,1,3,2,1
5,3,3034,00:00:00.0850000,3,14,32,7967,7996,5,8001,41226,49227,1.0194552529182879,1.0397665917078913,0.0114055210724473,1,3,2,1
5,4,3363,00:00:00.0960000,9,28,61,15502,15591,445,16036,77685,93721,1.0478647916397885,1.1018015594116217,0.028668362647294998,1,9,8,1
5,5,3708,00:00:00.1150000,16,65,143,29088,29412,2649,32061,151121,183182,1.1131394389438944,1.2640908511096651,0.0689263641834259,1,16,15,1
5,6,4055,00:00:00.1510000,25,122,282,53436,54108,9989,64097,284659,348756,1.232895426304364,1.634921424350605,0.13727514445781708,2,25,23,1.0434783
5,7,4395,00:00:00.2170000,31,217,516,95770,97854,30407,128261,515472,643733,1.4284640284013783,2.4894969907546587,0.24074074625968933,2,31,27,1.1111112
5,8,4717,00:00:00.3280000,35,374,914,168954,174892,81385,256277,889787,1146064,1.6890632953348248,3.9834803383845556,0.35553234815597534,3,35,29,1.1724138
5,9,5026,00:00:00.5300000,46,663,1582,297126,310867,201663,512530,1498651,2011181,2.040592206673263,5.991484490941757,0.41571107506752014,3,46,37,1.2162162
5,10,5320,00:00:00.8370000,56,1163,2773,527863,556675,468689,1025364,2466562,3491926,2.5238253107340354,7.250740140072803,0.39970529079437256,4,56,45,1.2222222
5,11,5594,00:00:01.3050000,56,1993,4776,936393,1000578,1051630,2052208,3949125,6001333,3.054850901277562,6.003540403708928,0.32324495911598206,4,56,44,1.25
5,12,5863,00:00:02.0380000,51,3492,8300,1649714,1792665,2309866,4102531,6348650,10451181,3.5716954575156663,4.401114607458947,0.25655508041381836,4,51,39,1.2820513
5,13,6139,00:00:03.3890000,53,6239,14875,2912081,3194881,5010899,8205780,10363190,18568970,4.048773711994961,4.0798031307661144,0.19914114475250244,4,53,40,1.3
5,14,6431,00:00:05.9860000,52,11204,26947,5073297,5675567,10733692,16409259,17267137,33676396,4.482414887202543,4.9612367602577985,0.18262599408626556,4,53,39,1.3333334
5,15,6737,00:00:11.0430000,64,20419,49069,8733817,10050033,22776420,32826453,28654800,61481253,4.954381686724144,7.286128349116563,0.21280275285243988,5,65,40,1.6
5,16,7056,00:00:24.0980000,81,36994,90360,15222823,18141348,47502821,65644169,47579482,113223651,5.576077380654035,12.314826395642463,0.2638442814350128,6,82,51,1.5882353
5,17,7379,00:01:00.1480000,90,68351,167126,27350260,33582615,97502363,131084978,78272192,209357170,6.440390219325154,16.817887203061986,0.36853519082069397,6,91,57,1.5789474
5,18,7699,00:02:12.9580000,94,127903,312394,50899811,63699996,198904965,262604961,126996241,389601202,7.410446455292339,16.52260797004136,0.37520354986190796,7,95,59,1.5932204
5,19,8015,00:04:28.7340000,98,238667,583430,94723337,120989560,403557795,524547355,204123961,728671316,8.35940944521412,18.343272062501416,0.438018798828125,7,99,62,1.5806452
5,20,8325,00:08:36.5850000,93,454832,1101579,182521278,236866697,813700981,1050567678,323340189,1373907867,9.643191589969033,22.32196560092339,0.4266221821308136,8,94,58,1.6034483
6,0,1697,00:00:00.0280000,2,2,4,1006,1006,0,1006,4794,5800,1.0019880715705765,1.003984011220178,0,1,2,1,1
6,1,2057,00:00:00.0410000,2,4,12,1999,2001,0,2001,10073,12074,1.006503251625813,1.0130910249853706,0,1,2,1,1
6,2,2381,00:00:00.0630000,2,7,18,3990,4001,0,4001,19182,23183,1.0343358395989974,1.0710236510694613,0,1,2,1,1
6,3,2689,00:00:00.0700000,3,22,42,7958,8000,6,8006,36620,44626,1.0591857250565468,1.1255065544080207,0.008501267060637474,1,3,2,1
6,4,3010,00:00:00.0910000,10,34,75,15495,15570,431,16001,72815,88816,1.1461116489190062,1.3208335515465675,0.030329545959830284,2,10,8,1.125
6,5,3305,00:00:00.1090000,13,69,143,29318,29598,2478,32076,134653,166729,1.2742683675557678,1.6441639457037165,0.060978490859270096,2,13,10,1.2
6,6,3601,00:00:00.1400000,16,117,267,53879,54668,9469,64137,248576,312713,1.506709478646597,2.3173379684693995,0.09252950549125671,2,16,13,1.1538461
6,7,3864,00:00:00.1860000,19,208,470,97826,99932,28091,128023,425980,554003,1.82114161879255,3.3653955131357804,0.13280239701271057,2,19,16,1.125
6,8,4108,00:00:00.2680000,23,362,806,175568,180577,75487,256064,709451,965515,2.1485863027430967,4.306026775798908,0.1597926765680313,3,23,19,1.1578947
6,9,4350,00:00:00.4150000,26,651,1430,311217,322735,190070,512805,1186900,1699705,2.455347876240694,4.584014032634173,0.18971005082130432,3,26,20,1.25
6,10,4602,00:00:00.6630000,33,1130,2479,544627,569404,456689,1026093,2018604,3044697,2.706949894147738,4.328680020480419,0.20936433970928192,3,33,27,1.1851852
6,11,4875,00:00:01.1150000,40,2007,4543,931670,992548,1057218,2049766,3506572,5556338,2.920850730408836,4.1699960122503885,0.23168237507343292,3,40,32,1.21875
6,12,5178,00:00:01.9540000,55,3533,8315,1580054,1722878,2378049,4100927,6213437,10314364,3.153892208747296,4.802141813237866,0.275287926197052,4,55,43,1.255814
6,13,5508,00:00:03.6960000,73,6363,15375,2666806,3005078,5196565,8201643,11012133,19213776,3.482314049090935,7.380942829353191,0.3210326135158539,5,73,53,1.3584906
6,14,5853,00:00:09.2280000,89,11571,28571,4553098,5343268,11056917,16400185,19140112,35540297,4.009658698319254,15.873686809724836,0.355445921421051,5,90,64,1.390625
6,15,6197,00:00:23.0960000,108,20936,52070,8062129,9692722,23132317,32825039,32109394,64934433,4.727261000165093,31.34283785717971,0.37739619612693787,7,109,73,1.479452
6,16,6533,00:00:48.2010000,106,37405,93977,14398235,17727990,47931193,65659183,51979079,117638262,5.477891561014249,26.998156663066876,0.5442667603492737,6,107,69,1.5362319
6,17,6868,00:01:33.4800000,103,68260,171563,26397582,33011497,98063165,131074662,83766986,214841648,6.357177979407356,21.14558905672572,0.5558484792709351,6,104,67,1.5373135
6,18,7189,00:02:51.6570000,93,127669,315639,50869960,63748981,198431326,262180307,132530479,394710786,7.49902602636212,10.795087567706636,0.3192632496356964,7,94,58,1.6034483
6,19,7492,00:05:08.2040000,79,242045,584959,101956183,126415364,398149275,524564639,206097650,730662289,8.889754287878745,9.385560676753364,0.2335648238658905,9,80,56,1.4107143
6,20,7722,00:08:13.5680000,55,488273,1075305,251498633,295715224,753949368,1049664592,293702427,1343367019,11.56608071901528,3.454180577072865,0.18229353427886963,8,56,42,1.3095238
7,0,3667,00:00:00.0450000,2,3,5,1000,1001,0,1001,4479,5480,1.002,1.004007948127135,0,1,2,1,1
7,1,4062,00:00:00.0580000,2,6,9,1999,2004,0,2004,10044,12048,1.016008004002001,1.0325282815623629,0,1,2,1,1
7,2,4347,00:00:00.0810000,3,8,19,3994,4006,0,4006,17966,21972,1.0332999499248874,1.0689040280068047,0.0069518727250397205,1,3,2,1
7,3,4708,00:00:00.0990000,6,11,37,7993,8002,6,8008,38927,46935,1.0689353184036032,1.150315106353484,0.0408175066113472,1,6,5,1
7,4,5021,00:00:00.1090000,6,21,70,15540,15585,422,16007,73902,89909,1.1356499356499357,1.3187711552889056,0.06794101744890213,1,6,5,1
7,5,5341,00:00:00.1260000,7,52,136,29238,29464,2547,32011,141600,173611,1.2432108899377523,1.6381668343996014,0.12080703675746918,2,7,5,1.2
7,6,5628,00:00:00.1540000,11,102,248,53839,54528,9490,64018,251258,315276,1.3916491762477015,2.152113563147505,0.16526244580745697,2,11,8,1.25
7,7,5918,00:00:00.2020000,19,185,451,97326,98955,29272,128227,446919,575146,1.5976820171382775,2.7867409879832192,0.23748035728931427,3,19,13,1.3846154
7,8,6210,00:00:00.2950000,24,315,801,173135,176714,79698,256412,787055,1043467,1.8557079735466544,3.3091365343442813,0.3074553310871124,3,24,18,1.2777778
7,9,6490,00:00:00.4650000,27,587,1469,306359,316227,196996,513223,1338578,1851801,2.2365590695882935,4.1576205216731426,0.3649716377258301,4,27,20,1.3
7,10,6749,00:00:00.7140000,29,1139,2575,545631,570433,456020,1026453,2187796,3214249,2.7826131579767277,4.6274010589909125,0.3107418119907379,4,29,22,1.2727273
7,11,6990,00:00:01.1030000,32,1846,4336,976069,1028761,1019653,2048414,3493102,5541516,3.329748204276542,3.2347162937909233,0.24476243555545807,4,32,24,1.2916666
7,12,7234,00:00:01.7290000,40,3345,7644,1733763,1840942,2258532,4099474,5666724,9766198,3.7796642332314163,2.4191131257417617,0.1795767843723297,5,40,28,1.3928572
7,13,7495,00:00:03.2640000,46,6192,13951,3023316,3248562,4950037,8198599,9464146,17662745,4.14744042633982,2.523002410301051,0.12371467053890228,5,46,33,1.3636364
7,14,7780,00:00:07.9480000,47,11138,25870,5167629,5722887,10694435,16417322,16207657,32624979,4.520433645681607,3.6998648082893264,0.12500400841236115,5,48,36,1.3055556
7,15,8081,00:00:19.2120000,55,20281,48013,8825312,10108669,22704734,32813403,27389496,60202899,4.995298976398795,7.409158447566043,0.13503970205783844,6,56,42,1.3095238
7,16,8397,00:00:41.2910000,67,36949,89035,15241616,18186992,47397169,65584161,46135120,111719281,5.588264197182241,14.005935479579518,0.4189119040966034,5,67,45,1.4666667
7,17,8718,00:01:22.8730000,89,68436,165862,27560898,33820535,97314408,131134943,76620265,207755208,6.472157075578597,21.061719516573365,0.4072405695915222,6,89,59,1.4915254
7,18,9020,00:02:34.7300000,89,129920,309101,53432695,66444224,195934013,262378237,122478335,384856572,7.801318368837657,11.146515930909414,0.32519596815109253,7,89,59,1.4915254
7,19,9300,00:04:36.6550000,77,242953,572270,105747732,130815962,393599470,524415432,190480808,714896240,9.00308420799039,7.051736664102353,0.2085578590631485,8,78,48,1.6041666
7,20,9577,00:08:16.9670000,77,461129,1076818,202762816,251201972,798561230,1049763202,297466168,1347229370,9.94901406380152,8.792820347632121,0.19467799365520477,8,78,50,1.54
8,0,2508,00:00:00.0390000,2,3,6,1003,1004,0,1004,4347,5351,1.0159521435692922,1.0324130167066856,0,1,2,1,1
8,1,2890,00:00:00.0540000,4,8,18,1997,2003,0,2003,9605,11608,1.0681021532298447,1.1473119323207255,0.03350917249917984,1,4,3,1
8,2,3176,00:00:00.0880000,7,13,26,4007,4019,0,4019,17807,21826,1.1422510606438732,1.3342538725873763,0.05608666315674782,1,7,6,1
8,3,3477,00:00:00.0970000,9,18,47,8002,8027,2,8029,35119,43148,1.2513121719570108,1.6524057867214812,0.10449448972940445,2,9,7,1.1428572
8,4,3731,00:00:00.1070000,9,36,85,15525,15651,389,16040,63680,79720,1.3989694041867955,2.1336267355245395,0.17267568409442902,2,9,7,1.1428572
8,5,3973,00:00:00.1220000,14,54,135,29593,29841,2254,32095,114981,147076,1.6017301388841956,2.751510779674577,0.25202858448028564,3,14,9,1.4444444
8,6,4192,00:00:00.1440000,17,105,225,54861,55400,8695,64095,199094,263189,1.832412825139899,3.231305272425904,0.3151402771472931,3,17,12,1.3333334
8,7,4401,00:00:00.1770000,19,178,385,100613,101890,26319,128209,339591,467800,2.1599395704332442,3.822357198064343,0.37996307015419006,3,19,14,1.2857143
8,8,4599,00:00:00.2320000,19,302,648,181922,185549,71311,256860,570167,827027,2.5761755037873373,4.299894323887562,0.3444056510925293,3,19,14,1.2857143
8,9,4786,00:00:00.3220000,22,551,1113,329697,337384,176134,513518,938873,1452391,3.030955695684219,3.565954567950712,0.30777305364608765,4,22,16,1.3125
8,10,4974,00:00:00.4860000,21,960,1964,587105,605577,420914,1026491,1558016,2584507,3.4090307525911037,2.44659812996532,0.25850388407707214,4,21,15,1.3333334
8,11,5175,00:00:00.7810000,24,1757,3607,1033559,1075403,977187,2052590,2653866,4706456,3.6871596106269697,1.8317162372041889,0.1697474718093872,4,24,18,1.2777778
8,12,5400,00:00:01.3390000,30,3292,6838,1783183,1879977,2224466,4104443,4667662,8772105,3.9050293772428293,1.615999596218638,0.10516439378261566,5,30,23,1.2608696
8,13,5657,00:00:02.6040000,33,5956,13007,3010104,3261518,4949366,8210884,8417757,16628641,4.1344611348976645,1.7223886022091663,0.07200708240270615,5,34,26,1.2692307
8,14,5932,00:00:07.0600000,46,11060,24593,5276429,5844353,10541370,16385723,14897854,31283577,4.76351202678933,2.886976424169915,0.08249478042125702,5,47,36,1.2777778
8,15,6166,00:00:15.4120000,42,20498,44729,10445494,11596977,21215159,32812136,23465135,56277271,6.30717541937222,3.492942284681051,0.1304355412721634,5,42,32,1.28125
8,16,6370,00:00:28.6700000,39,38579,80826,20768061,22760837,42962178,65723015,35608170,101331185,7.414684933754769,1.7637970297280618,0.13642027974128723,5,39,30,1.2666667
8,17,6584,00:00:54.5120000,32,71277,150172,37483914,41541723,89787987,131329710,56169500,187499210,7.91005461702852,1.4160715585063883,0.07921720296144485,4,32,25,1.24
8,18,6828,00:01:48.6430000,40,130980,284748,63924208,73066869,189342062,262408931,93719313,356128244,8.23158051484971,1.6151522808940153,0.07011209428310394,6,40,30,1.3
8,19,7102,00:03:42.8690000,56,244931,547726,108667253,130700444,393708457,524408901,160462264,684871165,8.779809681947146,2.8451422164111806,0.10204339772462845,6,57,43,1.3023256
8,20,7376,00:07:19.4740000,57,468748,1051125,203824497,256753980,791858415,1048612395,265667976,1314280371,10.161072052099803,7.156437122237221,0.16785286366939545,6,57,44,1.2727273
